method,policy,epoch,elapsed_s,elapsed_min,replan_epoch,traffic_state,traffic_change,center_bins,affected_edges,peak_tt_multiplier,speed_multiplier,recovery_progress,network_speed_kmh,sim_hour,remaining_bins_before,served_bins_epoch,remaining_bins_after,epoch_energy_kwh,epoch_energy_per_served_bin_kwh,cumulative_energy_kwh,epoch_operating_s,cumulative_operating_s,oracle_runtime_s,solver_runtime_s,planning_runtime_s,cumulative_planning_runtime_s,compute_wait_aux_energy_kwh,cumulative_compute_wait_aux_energy_kwh,latency_adjusted_energy_kwh,latency_adjusted_time_s,planned_remaining_energy_kwh,planned_remaining_makespan_s,incumbent_plan_energy_kwh,candidate_plan_energy_kwh,candidate_energy_improvement_kwh,replan_attempted,replan_accepted,acceptance_reason,candidate_next_choice_changes,candidate_reassigned_bins,next_choice_changes,reassigned_bins,traversed_edges,disrupted_edges_traversed,disrupted_edge_share,min_battery_kwh,max_payload_kg,returned_to_depot,converged,rounds,replanned,active_planning_vehicles,vehicles_still_requiring_first_service
proposed,adaptive,0,0.0,0.0,0,normal,initial,29 31 45 49,0,1.0,1.0,0.0,34.78037077224997,18.0,84,0,84,18.947812200580838,18.947812200580838,18.947812200580838,60.0,60.0,10.709383900044486,1128.8861950000282,1139.5955789000727,1139.5955789000727,0.0,0.0,18.947812200580838,60.0,124.98723160038621,2771.5048752969888,,,,False,False,initial_plan,0,0,0,0,123,0,0.0,177.2717760608753,0.0,False,,,True,10,10
proposed,adaptive,1,60.0,1.0,0,normal,normal,29 31 45 49,0,1.0,1.0,0.0,34.78037077224997,18.016666666666666,84,0,84,3.6431287464134887,3.6431287464134887,22.590940946994326,60.0,120.0,0.0,0.0,0.0,1139.5955789000727,0.0,0.0,22.590940946994326,120.0,105.50890338066785,2707.1370397431347,,,,False,False,not_attempted,0,0,0,0,83,0,0.0,176.43141531177028,0.0,False,,,False,9,10
proposed,adaptive,2,120.0,2.0,0,normal,normal,29 31 45 49,0,1.0,1.0,0.0,34.78037077224997,18.033333333333335,84,3,81,2.150613593169741,0.716871197723247,24.741554540164067,60.0,180.0,0.0,0.0,0.0,1139.5955789000727,0.0,0.0,24.741554540164067,180.0,101.10086336244001,2575.1489099165824,,,,False,False,not_attempted,0,0,0,0,49,0,0.0,176.33808197843695,215.0,False,,,False,8,7
proposed,adaptive,3,180.0,3.0,0,normal,normal,29 31 45 49,0,1.0,1.0,0.0,34.78037077224997,18.05,81,3,78,3.271356097706687,1.0904520325688958,28.012910637870753,60.0,240.0,0.0,0.0,0.0,1139.5955789000727,0.0,0.0,28.012910637870753,240.0,99.24169389457438,2575.1489099165824,,,,False,False,not_attempted,0,0,0,0,57,0,0.0,176.08417388140913,215.0,False,,,False,8,4
proposed,adaptive,4,240.0,4.0,0,normal,normal,29 31 45 49,0,1.0,1.0,0.0,34.78037077224997,18.066666666666666,78,1,77,3.7024315460081656,3.7024315460081656,31.715342183878917,60.0,300.0,0.0,0.0,0.0,1139.5955789000727,0.0,0.0,31.715342183878917,300.0,96.4371557706104,2523.292639918653,,,,False,False,not_attempted,0,0,0,0,61,0,0.0,174.23595111138894,249.0,False,,,False,7,3
proposed,adaptive,5,300.0,5.0,1,normal,normal,29 31 45 49,0,1.0,1.0,0.0,34.78037077224997,18.083333333333332,77,2,75,2.7189758189326834,1.3594879094663417,34.4343180028116,60.0,360.0,9.862229399965145,138.3546538000228,148.21688319998793,1287.8124621000607,0.0,0.0,34.4343180028116,360.0,92.79090225860935,2353.701123446594,92.79090225860935,96.66345094303185,-3.8725486844224974,True,False,incumbent_not_worse,8,51,0,0,41,0,0.0,174.1426177780556,402.0,False,True,21.0,True,7,3
proposed,adaptive,6,360.0,6.0,1,normal,normal,29 31 45 49,0,1.0,1.0,0.0,34.78037077224997,18.1,75,3,72,4.611279417259635,1.5370931390865452,39.04559742007124,60.0,420.0,0.0,0.0,0.0,1287.8124621000607,0.0,0.0,39.04559742007124,420.0,90.05551392370413,2353.701123446594,,,,False,False,not_attempted,0,0,0,0,41,0,0.0,173.80269504982573,402.0,False,,,False,7,2
proposed,adaptive,7,420.0,7.0,1,normal,normal,29 31 45 49,0,1.0,1.0,0.0,34.78037077224997,18.116666666666667,72,1,71,5.190400002822974,5.190400002822974,44.235997422894215,60.0,480.0,0.0,0.0,0.0,1287.8124621000607,0.0,0.0,44.235997422894215,480.0,85.29960763845678,2350.428994697508,,,,False,False,not_attempted,0,0,0,0,51,0,0.0,171.7315048732715,402.0,False,,,False,7,1
proposed,adaptive,8,480.0,8.0,1,normal,normal,29 31 45 49,0,1.0,1.0,0.0,34.78037077224997,18.133333333333333,71,2,69,2.495136967710586,1.247568483855293,46.7311343906048,60.0,540.0,0.0,0.0,0.0,1287.8124621000607,0.0,0.0,46.7311343906048,540.0,79.97940923294234,2176.3863390623183,,,,False,False,not_attempted,0,0,0,0,19,0,0.0,171.63817153993816,422.0,False,,,False,7,0
proposed,adaptive,9,540.0,9.0,1,normal,normal,29 31 45 49,0,1.0,1.0,0.0,34.78037077224997,18.15,69,4,65,2.2682353970901716,0.5670588492725429,48.999369787694974,60.0,600.0,0.0,0.0,0.0,1287.8124621000607,0.0,0.0,48.999369787694974,600.0,77.62879857543831,2176.3863390623183,,,,False,False,not_attempted,0,0,0,0,19,0,0.0,171.54640459197284,574.0,False,,,False,7,0
proposed,adaptive,10,600.0,10.0,2,degrading,degrading,29 31 45 49,0,1.0,1.0,0.0,34.78037077224997,18.166666666666668,65,1,64,2.264359248722955,2.264359248722955,51.26372903641793,60.0,660.0,6.360001862049103e-05,73.51432139996905,73.51438499998767,1361.3268471000483,0.0,0.0,51.26372903641793,660.0,75.37762181306357,2157.509480549697,75.37762181306357,80.01441057614328,-4.636788763079707,True,False,incumbent_not_worse,4,25,0,0,29,0,0.0,171.29011539682318,574.0,False,True,22.0,True,7,0
proposed,adaptive,11,660.0,11.0,2,degrading,degrading,29 31 45 49,3677,1.06951871657754,0.935,0.0,34.56371404486458,18.183333333333334,64,2,62,3.190203074621302,1.595101537310651,54.45393211103923,60.0,720.0,0.0,0.0,0.0,1361.3268471000483,0.0,0.0,54.45393211103923,720.0,76.3722260367944,2026.4326636589192,,,,False,False,not_attempted,0,0,0,0,40,6,0.15,171.19678206348985,700.0,False,,,False,7,0
proposed,adaptive,12,720.0,12.0,2,degrading,degrading,29 31 45 49,3677,1.1494252873563218,0.87,0.0,34.317993984953176,18.2,62,3,59,3.56647158190237,1.1888238606341233,58.0204036929416,60.0,780.0,0.0,0.0,0.0,1361.3268471000483,0.0,0.0,58.0204036929416,780.0,76.9920271727176,2040.2630432010062,,,,False,False,not_attempted,0,0,0,0,40,0,0.0,169.9712503230566,791.0,False,,,False,7,0
proposed,adaptive,13,780.0,13.0,2,degrading,degrading,29 31 45 49,3677,1.2422360248447206,0.8049999999999999,0.0,34.03694211724979,18.216666666666665,59,1,58,3.7047672110624488,3.7047672110624488,61.725170904004045,60.0,840.0,0.0,0.0,0.0,1361.3268471000483,0.0,0.0,61.725170904004045,840.0,77.50044386416941,2112.733530820777,,,,False,False,not_attempted,0,0,0,0,38,6,0.15789473684210525,168.5742888930247,791.0,False,,,False,7,0
proposed,adaptive,14,840.0,14.0,2,degrading,degrading,29 31 45 49,3677,1.3513513513513513,0.74,0.0,33.712347650969065,18.233333333333334,58,2,56,2.3661537528340952,1.1830768764170476,64.09132465683814,60.0,900.0,0.0,0.0,0.0,1361.3268471000483,0.0,0.0,64.09132465683814,900.0,78.37994857149161,2071.2411626873163,,,,False,False,not_attempted,0,0,0,0,47,5,0.10638297872340426,168.15686244557824,848.0,False,,,False,7,0
proposed,adaptive,15,900.0,15.0,3,degrading,degrading,29 31 45 49,3677,1.4814814814814814,0.675,0.0,33.33324201699034,18.25,56,1,55,1.65993283848747,1.65993283848747,65.7512574953256,60.0,960.0,9.792522999923676,98.74372040003072,108.5362433999544,1469.8630905000027,0.0,0.0,65.7512574953256,960.0,80.90890212277277,1958.8387771007122,80.90890212277277,86.42734245141568,-5.51844032864291,True,False,incumbent_not_worse,3,19,0,0,30,0,0.0,168.0635291122449,848.0,False,False,32.0,True,7,0
proposed,adaptive,16,960.0,16.0,3,degrading,degrading,29 31 45 49,3677,1.639344262295082,0.61,0.0,32.884634908397665,18.266666666666666,55,3,52,2.9049886066090185,0.9683295355363395,68.65624610193463,60.0,1020.0,0.0,0.0,0.0,1469.8630905000027,0.0,0.0,68.65624610193463,1020.0,85.14234871680931,1987.5456922934325,,,,False,False,not_attempted,0,0,0,0,30,6,0.2,167.08289017604287,907.0,False,,,False,7,0
proposed,adaptive,17,1020.0,17.0,3,degrading,degrading,29 31 45 49,3677,1.8348623853211008,0.545,0.0,32.34548500261859,18.283333333333335,52,4,48,3.866945630700671,0.9667364076751678,72.5231917326353,60.0,1080.0,0.0,0.0,0.0,1469.8630905000027,0.0,0.0,72.5231917326353,1080.0,89.24095696126032,2092.3532538438,,,,False,False,not_attempted,0,0,0,0,43,0,0.0,166.46306654949578,930.0,False,,,False,7,0
proposed,adaptive,18,1080.0,18.0,3,degrading,degrading,29 31 45 49,3677,2.0833333333333335,0.48,0.0,31.685304056537916,18.3,48,1,47,2.410213676075646,2.410213676075646,74.93340540871094,60.0,1140.0,0.0,0.0,0.0,1469.8630905000027,0.0,0.0,74.93340540871094,1140.0,93.24524538596113,2001.891367072669,,,,False,False,not_attempted,0,0,0,0,26,1,0.038461538461538464,166.36973321616244,930.0,False,,,False,7,0
proposed,adaptive,19,1140.0,19.0,3,degrading,degrading,29 31 45 49,3677,2.409638554216868,0.4149999999999999,0.0,30.85818486053072,18.316666666666666,47,2,45,4.111828520067711,2.0559142600338554,79.04523392877866,60.0,1200.0,0.0,0.0,0.0,1469.8630905000027,0.0,0.0,79.04523392877866,1200.0,101.17713273867489,2062.6357286205193,,,,False,False,not_attempted,0,0,0,0,14,7,0.5,165.7503132487021,988.0,False,,,False,7,0
proposed,adaptive,20,1200.0,20.0,4,disrupted,holding,29 31 45 49,3677,2.857142857142857,0.35,0.0,29.791643086372574,18.333333333333332,45,4,41,1.0472335516730975,0.2618083879182744,80.09246748045176,60.0,1260.0,9.999794799950905,105.12574859999586,115.12554339994676,1584.9886338999495,0.0,0.0,80.09246748045176,1260.0,110.30857849706035,2184.7782920018003,110.30857849706035,115.90948429903146,-5.600905801971109,True,False,incumbent_not_worse,3,10,0,0,31,0,0.0,165.65697991536877,1072.0,False,True,21.0,True,7,0
proposed,adaptive,21,1260.0,21.0,4,disrupted,disrupted,29 31 45 49,3677,2.857142857142857,0.35,0.0,29.791643086372574,18.35,41,3,38,1.6867637778239581,0.562254592607986,81.77923125827571,60.0,1320.0,0.0,0.0,0.0,1584.9886338999495,0.0,0.0,81.77923125827571,1320.0,109.3958800678739,2184.7782920018003,,,,False,False,not_attempted,0,0,0,0,14,1,0.07142857142857142,165.32368468334354,1171.0,False,,,False,6,0
proposed,adaptive,22,1320.0,22.0,4,disrupted,disrupted,29 31 45 49,3677,2.857142857142857,0.35,0.0,29.791643086372574,18.366666666666667,38,2,36,2.966732634993016,1.483366317496508,84.74596389326874,60.0,1380.0,0.0,0.0,0.0,1584.9886338999495,0.0,0.0,84.74596389326874,1380.0,106.18323483922032,2149.374173008665,,,,False,False,not_attempted,0,0,0,0,33,1,0.030303030303030304,165.03699232660028,1215.0,False,,,False,6,0
proposed,adaptive,23,1380.0,23.0,4,disrupted,disrupted,29 31 45 49,3677,2.857142857142857,0.35,0.0,29.791643086372574,18.383333333333333,36,1,35,1.5683871589263374,1.5683871589263374,86.31435105219508,60.0,1440.0,0.0,0.0,0.0,1584.9886338999495,0.0,0.0,86.31435105219508,1440.0,104.8919345580211,2018.215871109304,,,,False,False,not_attempted,0,0,0,0,25,0,0.0,164.89295286830708,1215.0,False,,,False,6,0
proposed,adaptive,24,1440.0,24.0,4,disrupted,disrupted,29 31 45 49,3677,2.857142857142857,0.35,0.0,29.791643086372574,18.4,35,2,33,0.8277649967206668,0.4138824983603334,87.14211604891574,60.0,1500.0,0.0,0.0,0.0,1584.9886338999495,0.0,0.0,87.14211604891574,1500.0,103.16875368803612,2018.215871109304,,,,False,False,not_attempted,0,0,0,0,6,0,0.0,164.71876669802194,1215.0,False,,,False,6,0
proposed,adaptive,25,1500.0,25.0,5,disrupted,disrupted,29 31 45 49,3677,2.857142857142857,0.35,0.0,29.791643086372574,18.416666666666668,33,3,30,2.0527725171794575,0.6842575057264858,89.1948885660952,60.0,1560.0,6.130000110715628e-05,29.970064399996772,29.97012569999788,1614.9587595999474,0.0,0.0,89.1948885660952,1560.0,102.36635992082849,1873.1438049875053,102.36635992082849,111.74075237937085,-9.37439245854236,True,False,incumbent_not_worse,7,19,0,0,53,1,0.018867924528301886,164.38447289814326,1215.0,False,True,21.0,True,6,0
proposed,adaptive,26,1560.0,26.0,5,disrupted,disrupted,29 31 45 49,3677,2.857142857142857,0.35,0.0,29.791643086372574,18.433333333333334,30,2,28,2.549001349167785,1.2745006745838925,91.74388991526298,60.0,1620.0,0.0,0.0,0.0,1614.9587595999474,0.0,0.0,91.74388991526298,1620.0,100.3257237092574,1873.1438049875053,,,,False,False,not_attempted,0,0,0,0,53,0,0.0,163.36430970429188,1373.0,False,,,False,6,0
proposed,adaptive,27,1620.0,27.0,5,disrupted,disrupted,29 31 45 49,3677,2.857142857142857,0.35,0.0,29.791643086372574,18.45,28,0,28,5.820080666976499,5.820080666976499,97.56397058223948,60.0,1680.0,0.0,0.0,0.0,1614.9587595999474,0.0,0.0,97.56397058223948,1680.0,97.9077810691832,1852.2401459263358,,,,False,False,not_attempted,0,0,0,0,47,6,0.1276595744680851,160.11751420047977,1373.0,False,,,False,6,0
proposed,adaptive,28,1680.0,28.0,5,disrupted,disrupted,29 31 45 49,3677,2.857142857142857,0.35,0.0,29.791643086372574,18.466666666666665,28,2,26,3.7128899325512994,1.8564449662756497,101.27686051479078,60.0,1740.0,0.0,0.0,0.0,1614.9587595999474,0.0,0.0,101.27686051479078,1740.0,91.6155051885104,1785.696754508959,,,,False,False,not_attempted,0,0,0,0,27,3,0.1111111111111111,160.02418086714644,1419.0,False,,,False,6,0
proposed,adaptive,29,1740.0,29.0,5,disrupted,disrupted,29 31 45 49,3677,2.857142857142857,0.35,0.0,29.791643086372574,18.483333333333334,26,2,24,3.542167262499234,1.771083631249617,104.81902777729002,60.0,1800.0,0.0,0.0,0.0,1614.9587595999474,0.0,0.0,104.81902777729002,1800.0,87.80380358523628,1735.0778109801702,,,,False,False,not_attempted,0,0,0,0,17,4,0.23529411764705882,159.10861229122062,1419.0,False,,,False,6,0
proposed,adaptive,30,1800.0,30.0,6,recovering,recovering,29 31 45 49,3677,2.857142857142857,0.35,0.0,29.791643086372574,18.5,24,2,22,2.9255237530759213,1.4627618765379606,107.74455153036594,60.0,1860.0,6.610003765672445e-05,48.90202629996929,48.90209240000695,1663.8608519999543,0.0,0.0,107.74455153036594,1860.0,84.44332135971382,1674.4576398724787,84.44332135971382,86.50142369996702,-2.0581023402531997,True,False,incumbent_not_worse,3,3,0,0,36,0,0.0,158.54714220033418,1587.0,False,True,21.0,True,6,0
proposed,adaptive,31,1860.0,31.0,6,recovering,recovering,29 31 45 49,3677,2.6595744680851063,0.376,0.04,30.2532796494895,18.516666666666666,22,1,21,3.288810071930361,3.288810071930361,111.0333616022963,60.0,1920.0,0.0,0.0,0.0,1663.8608519999543,0.0,0.0,111.0333616022963,1920.0,76.69022903347353,1581.7638322387627,,,,False,False,not_attempted,0,0,0,0,16,7,0.4375,157.97522470748063,1669.0,False,,,False,6,0
proposed,adaptive,32,1920.0,32.0,6,recovering,recovering,29 31 45 49,3677,2.4875621890547266,0.40199999999999997,0.08,30.667011726301546,18.533333333333335,21,3,18,3.876349464326898,1.292116488108966,114.90971106662319,60.0,1980.0,0.0,0.0,0.0,1663.8608519999543,0.0,0.0,114.90971106662319,1980.0,69.02098273053551,1479.4472001974593,,,,False,False,not_attempted,0,0,0,0,14,6,0.42857142857142855,156.7434556714424,1762.0,False,,,False,6,0
proposed,adaptive,33,1980.0,33.0,6,recovering,recovering,29 31 45 49,3677,2.336448598130841,0.428,0.12,31.039928153428818,18.55,18,1,17,5.604800327005425,5.604800327005425,120.51451139362861,60.0,2040.0,0.0,0.0,0.0,1663.8608519999543,0.0,0.0,120.51451139362861,2040.0,61.82714550325851,1411.9734656332482,,,,False,False,not_attempted,0,0,0,0,26,10,0.38461538461538464,155.4689847006116,1762.0,False,,,False,6,0
proposed,adaptive,34,2040.0,34.0,6,recovering,recovering,29 31 45 49,3677,2.2026431718061676,0.45399999999999996,0.16,31.377784853971832,18.566666666666666,17,1,16,1.7636033922799021,1.7636033922799021,122.27811478590851,60.0,2100.0,0.0,0.0,0.0,1663.8608519999543,0.0,0.0,122.27811478590851,2100.0,53.77447457797077,1263.6506874124614,,,,False,False,not_attempted,0,0,0,0,5,4,0.8,155.37565136727827,1762.0,False,,,False,5,0
proposed,adaptive,35,2100.0,35.0,7,recovering,recovering,29 31 45 49,3677,2.0833333333333335,0.48,0.2,31.685304056537916,18.583333333333332,16,4,12,6.6034288765042355,1.6508572191260589,128.88154366241275,60.0,2160.0,10.386446799966507,23.69827119994443,34.084717999910936,1697.9455699998653,0.0,0.0,128.88154366241275,2160.0,50.16151740122644,1247.9653160432906,50.161667294506884,50.16151740122644,0.00014989328044379135,True,True,lower_residual_energy,2,1,2,1,20,18,0.9,153.89704546674417,1929.0,False,False,32.0,True,5,0
proposed,adaptive,36,2160.0,36.0,7,recovering,recovering,29 31 45 49,3677,1.976284584980237,0.506,0.24,31.96639637345568,18.6,12,0,12,3.0974699691551972,3.0974699691551972,131.97901363156794,60.0,2220.0,0.0,0.0,0.0,1697.9455699998653,0.0,0.0,131.97901363156794,2220.0,41.953758221774905,1189.427090763171,,,,False,False,not_attempted,0,0,0,0,9,9,1.0,153.77620908471644,1929.0,False,,,False,4,0
proposed,adaptive,37,2220.0,37.0,7,recovering,recovering,29 31 45 49,3677,1.8796992481203008,0.532,0.28,32.22432798433814,18.616666666666667,12,2,10,0.8472144768374645,0.42360723841873227,132.8262281084054,60.0,2280.0,0.0,0.0,0.0,1697.9455699998653,0.0,0.0,132.8262281084054,2280.0,37.67852291034794,1058.9023450031707,,,,False,False,not_attempted,0,0,0,0,3,2,0.6666666666666666,153.6828757513831,1929.0,False,,,False,4,0
proposed,adaptive,38,2280.0,38.0,7,recovering,recovering,29 31 45 49,3677,1.7921146953405016,0.558,0.32,32.46184812933902,18.633333333333333,10,2,8,5.523654442706909,2.7618272213534545,138.3498825511123,60.0,2340.0,0.0,0.0,0.0,1697.9455699998653,0.0,0.0,138.3498825511123,2340.0,36.02071023569089,1049.3583999233133,,,,False,False,not_attempted,0,0,0,0,21,20,0.9523809523809523,151.7069516865584,1929.0,False,,,False,4,0
proposed,adaptive,39,2340.0,39.0,7,recovering,recovering,29 31 45 49,3677,1.7123287671232879,0.584,0.36,32.68128748683469,18.65,8,0,8,1.2532477102683655,1.2532477102683655,139.60313026138067,60.0,2400.0,0.0,0.0,0.0,1697.9455699998653,0.0,0.0,139.60313026138067,2400.0,29.71217810972509,759.7719052345255,,,,False,False,not_attempted,0,0,0,0,8,0,0.0,150.92209193886822,1929.0,False,,,False,3,0
proposed,adaptive,40,2400.0,40.0,8,recovering,recovering,29 31 45 49,3677,1.639344262295082,0.61,0.4,32.884634908397665,18.666666666666668,8,2,6,1.2269915170585948,0.6134957585292974,140.83012177843926,60.0,2460.0,10.701827400014736,10.904592100065202,21.606419500079937,1719.5519894999452,0.0,0.0,140.83012177843926,2460.0,28.105201082892517,754.2260177336295,28.105201082892517,28.105201082892517,0.0,True,False,incumbent_not_worse,0,0,0,0,9,7,0.7777777777777778,150.1441166129377,1966.0,False,True,23.0,True,2,0
proposed,adaptive,41,2460.0,41.0,8,recovering,recovering,29 31 45 49,3677,1.572327044025157,0.636,0.44,33.073597869454325,18.683333333333334,6,1,5,2.4036382152098996,2.4036382152098996,143.23375999364916,60.0,2520.0,0.0,0.0,0.0,1719.5519894999452,0.0,0.0,143.23375999364916,2520.0,26.337652695295244,735.1529806709846,,,,False,False,not_attempted,0,0,0,0,6,6,1.0,149.5339917777717,1976.0,False,,,False,2,0
proposed,adaptive,42,2520.0,42.0,8,recovering,recovering,29 31 45 49,3677,1.5105740181268883,0.6619999999999999,0.48,33.249650529638785,18.7,5,0,5,4.244352690358761,4.244352690358761,147.47811268400793,60.0,2580.0,0.0,0.0,0.0,1719.5519894999452,0.0,0.0,147.47811268400793,2580.0,23.65900794225366,676.6138142025486,,,,False,False,not_attempted,0,0,0,0,8,8,1.0,145.38297242074628,1976.0,False,,,False,1,0
proposed,adaptive,43,2580.0,43.0,8,recovering,recovering,29 31 45 49,3677,1.4534883720930234,0.688,0.52,33.41407226782236,18.716666666666665,5,1,4,0.1021544748543311,0.1021544748543311,147.58026715886226,60.0,2640.0,0.0,0.0,0.0,1719.5519894999452,0.0,0.0,147.58026715886226,2640.0,19.411732644093096,509.65685232888626,,,,False,False,not_attempted,0,0,0,0,0,0,0.0,145.28963908741295,1976.0,False,,,False,1,0
proposed,adaptive,44,2640.0,44.0,8,recovering,recovering,29 31 45 49,3677,1.400560224089636,0.714,0.56,33.567978823908035,18.733333333333334,4,1,3,0.48163518750671397,0.48163518750671397,148.06190234636898,60.0,2700.0,0.0,0.0,0.0,1719.5519894999452,0.0,0.0,148.06190234636898,2700.0,19.352735624919077,509.65685232888626,,,,False,False,not_attempted,0,0,0,0,4,0,0.0,144.80800389990625,1976.0,False,,,False,1,0
proposed,adaptive,45,2700.0,45.0,9,recovering,recovering,29 31 45 49,3677,1.3513513513513513,0.74,0.6,33.712347650969065,18.75,3,0,3,1.009012898014999,1.009012898014999,149.07091524438397,60.0,2760.0,10.770659200032242,5.461421300075017,16.23208050010726,1735.7840700000525,0.0,0.0,149.07091524438397,2760.0,18.777058952649476,496.7045365741072,18.777058952649476,18.777058952649476,0.0,True,False,incumbent_not_worse,0,0,0,0,3,0,0.0,143.79899100189127,1976.0,False,True,22.0,True,1,0
proposed,adaptive,46,2760.0,46.0,9,recovering,recovering,29 31 45 49,3677,1.3054830287206267,0.766,0.64,33.84803869575654,18.766666666666666,3,0,3,0.09333333333333332,0.09333333333333332,149.1642485777173,60.0,2820.0,0.0,0.0,0.0,1735.7840700000525,0.0,0.0,149.1642485777173,2820.0,17.703665664188804,351.7498966281673,,,,False,False,not_attempted,0,0,0,0,0,0,0.0,143.70565766855793,1976.0,False,,,False,1,0
proposed,adaptive,47,2820.0,47.0,9,recovering,recovering,29 31 45 49,3677,1.2626262626262625,0.792,0.68,33.975811541291115,18.783333333333335,3,1,2,0.9629912977700142,0.9629912977700142,150.1272398754873,60.0,2880.0,0.0,0.0,0.0,1735.7840700000525,0.0,0.0,150.1272398754873,2880.0,17.65623311141686,351.7498966281673,,,,False,False,not_attempted,0,0,0,0,4,0,0.0,142.74266637078793,1976.0,False,,,False,1,0
proposed,adaptive,48,2880.0,48.0,9,recovering,recovering,29 31 45 49,3677,1.2224938875305624,0.818,0.72,34.096339633486544,18.8,2,0,2,0.09333333333333332,0.09333333333333332,150.22057320882064,60.0,2940.0,0.0,0.0,0.0,1735.7840700000525,0.0,0.0,150.22057320882064,2940.0,16.505091868856752,199.94920782218168,,,,False,False,not_attempted,0,0,0,0,0,0,0.0,142.6493330374546,1976.0,False,,,False,1,0
proposed,adaptive,49,2940.0,49.0,9,recovering,recovering,29 31 45 49,3677,1.1848341232227486,0.8440000000000001,0.76,34.21022215452844,18.816666666666666,2,1,1,0.10468969816877917,0.10468969816877917,150.32526290698942,60.0,3000.0,0.0,0.0,0.0,1735.7840700000525,0.0,0.0,150.32526290698942,3000.0,16.46364557851479,199.94920782218168,,,,False,False,not_attempted,0,0,0,0,1,0,0.0,142.5446433392858,1976.0,False,,,False,1,0
proposed,adaptive,50,3000.0,50.0,10,recovering,recovering,29 31 45 49,3677,1.1494252873563218,0.87,0.8,34.317993984953176,18.833333333333332,1,0,1,1.8620037810571464,1.8620037810571464,152.18726668804658,60.0,3060.0,10.67092009994667,5.455732599948533,16.126652699895203,1751.9107226999477,0.0,0.0,152.18726668804658,3060.0,15.595263796417461,182.05226568257135,15.595263796417461,15.595263796417461,0.0,True,False,incumbent_not_worse,0,0,0,0,3,0,0.0,140.6826395582287,1976.0,False,True,18.0,True,1,0
proposed,adaptive,51,3060.0,51.0,10,recovering,recovering,29 31 45 49,3677,1.1160714285714286,0.896,0.84,34.42013410399542,18.85,1,0,1,0.09333333333333332,0.09333333333333332,152.2806000213799,60.0,3120.0,0.0,0.0,0.0,1751.9107226999477,0.0,0.0,152.2806000213799,3120.0,14.372300012454568,84.32946501783844,,,,False,False,not_attempted,0,0,0,0,0,0,0.0,140.58930622489535,1976.0,False,,,False,0,0
proposed,adaptive,52,3120.0,52.0,10,recovering,recovering,29 31 45 49,3677,1.0845986984815619,0.922,0.88,34.517072706564896,18.866666666666667,1,1,0,14.302634890278387,14.302634890278387,166.5832349116583,105.57209864174287,3225.5720986417427,0.0,0.0,0.0,1751.9107226999477,0.0,0.0,166.5832349116583,3225.5720986417427,14.324479449572078,83.92567943343316,,,,False,False,not_attempted,0,0,0,0,148,7,0.0472972972972973,137.87078964969865,1976.0,True,,,False,0,0
proposed,static_live,0,0.0,0.0,0,normal,initial,29 31 45 49,0,1.0,1.0,0.0,34.78037077224997,18.0,84,0,84,18.947812200580838,18.947812200580838,18.947812200580838,60.0,60.0,10.709383900044486,1128.8861950000282,1139.5955789000727,1139.5955789000727,0.0,0.0,18.947812200580838,60.0,124.98723160038621,2771.5048752969888,,,,False,False,initial_plan,0,0,0,0,123,0,0.0,177.2717760608753,0.0,False,,,True,10,10
proposed,static_live,1,60.0,1.0,0,normal,normal,29 31 45 49,0,1.0,1.0,0.0,34.78037077224997,18.016666666666666,84,0,84,3.6431287464134887,3.6431287464134887,22.590940946994326,60.0,120.0,0.0,0.0,0.0,1139.5955789000727,0.0,0.0,22.590940946994326,120.0,105.50890338066785,2707.1370397431347,,,,False,False,not_attempted,0,0,0,0,83,0,0.0,176.43141531177028,0.0,False,,,False,9,10
proposed,static_live,2,120.0,2.0,0,normal,normal,29 31 45 49,0,1.0,1.0,0.0,34.78037077224997,18.033333333333335,84,3,81,2.150613593169741,0.716871197723247,24.741554540164067,60.0,180.0,0.0,0.0,0.0,1139.5955789000727,0.0,0.0,24.741554540164067,180.0,101.10086336244001,2575.1489099165824,,,,False,False,not_attempted,0,0,0,0,49,0,0.0,176.33808197843695,215.0,False,,,False,8,7
proposed,static_live,3,180.0,3.0,0,normal,normal,29 31 45 49,0,1.0,1.0,0.0,34.78037077224997,18.05,81,3,78,3.271356097706687,1.0904520325688958,28.012910637870753,60.0,240.0,0.0,0.0,0.0,1139.5955789000727,0.0,0.0,28.012910637870753,240.0,99.24169389457438,2575.1489099165824,,,,False,False,not_attempted,0,0,0,0,57,0,0.0,176.08417388140913,215.0,False,,,False,8,4
proposed,static_live,4,240.0,4.0,0,normal,normal,29 31 45 49,0,1.0,1.0,0.0,34.78037077224997,18.066666666666666,78,1,77,3.7024315460081656,3.7024315460081656,31.715342183878917,60.0,300.0,0.0,0.0,0.0,1139.5955789000727,0.0,0.0,31.715342183878917,300.0,96.4371557706104,2523.292639918653,,,,False,False,not_attempted,0,0,0,0,61,0,0.0,174.23595111138894,249.0,False,,,False,7,3
proposed,static_live,5,300.0,5.0,1,normal,normal,29 31 45 49,0,1.0,1.0,0.0,34.78037077224997,18.083333333333332,77,2,75,2.7189758189326834,1.3594879094663417,34.4343180028116,60.0,360.0,0.0,0.0,0.0,1139.5955789000727,0.0,0.0,34.4343180028116,360.0,92.79090225860935,2353.701123446594,,,,False,False,not_attempted,0,0,0,0,41,0,0.0,174.1426177780556,402.0,False,,,False,7,3
proposed,static_live,6,360.0,6.0,1,normal,normal,29 31 45 49,0,1.0,1.0,0.0,34.78037077224997,18.1,75,3,72,4.611279417259635,1.5370931390865452,39.04559742007124,60.0,420.0,0.0,0.0,0.0,1139.5955789000727,0.0,0.0,39.04559742007124,420.0,90.05551392370413,2353.701123446594,,,,False,False,not_attempted,0,0,0,0,41,0,0.0,173.80269504982573,402.0,False,,,False,7,2
proposed,static_live,7,420.0,7.0,1,normal,normal,29 31 45 49,0,1.0,1.0,0.0,34.78037077224997,18.116666666666667,72,1,71,5.190400002822974,5.190400002822974,44.235997422894215,60.0,480.0,0.0,0.0,0.0,1139.5955789000727,0.0,0.0,44.235997422894215,480.0,85.29960763845678,2350.428994697508,,,,False,False,not_attempted,0,0,0,0,51,0,0.0,171.7315048732715,402.0,False,,,False,7,1
proposed,static_live,8,480.0,8.0,1,normal,normal,29 31 45 49,0,1.0,1.0,0.0,34.78037077224997,18.133333333333333,71,2,69,2.495136967710586,1.247568483855293,46.7311343906048,60.0,540.0,0.0,0.0,0.0,1139.5955789000727,0.0,0.0,46.7311343906048,540.0,79.97940923294234,2176.3863390623183,,,,False,False,not_attempted,0,0,0,0,19,0,0.0,171.63817153993816,422.0,False,,,False,7,0
proposed,static_live,9,540.0,9.0,1,normal,normal,29 31 45 49,0,1.0,1.0,0.0,34.78037077224997,18.15,69,4,65,2.2682353970901716,0.5670588492725429,48.999369787694974,60.0,600.0,0.0,0.0,0.0,1139.5955789000727,0.0,0.0,48.999369787694974,600.0,77.62879857543831,2176.3863390623183,,,,False,False,not_attempted,0,0,0,0,19,0,0.0,171.54640459197284,574.0,False,,,False,7,0
proposed,static_live,10,600.0,10.0,2,degrading,degrading,29 31 45 49,0,1.0,1.0,0.0,34.78037077224997,18.166666666666668,65,1,64,2.264359248722955,2.264359248722955,51.26372903641793,60.0,660.0,0.0,0.0,0.0,1139.5955789000727,0.0,0.0,51.26372903641793,660.0,75.37762181306358,2157.509480549697,,,,False,False,not_attempted,0,0,0,0,29,0,0.0,171.29011539682318,574.0,False,,,False,7,0
proposed,static_live,11,660.0,11.0,2,degrading,degrading,29 31 45 49,3677,1.06951871657754,0.935,0.0,34.56371404486458,18.183333333333334,64,2,62,3.190203074621302,1.595101537310651,54.45393211103923,60.0,720.0,0.0,0.0,0.0,1139.5955789000727,0.0,0.0,54.45393211103923,720.0,76.3722260367944,2026.4326636589192,,,,False,False,not_attempted,0,0,0,0,40,6,0.15,171.19678206348985,700.0,False,,,False,7,0
proposed,static_live,12,720.0,12.0,2,degrading,degrading,29 31 45 49,3677,1.1494252873563218,0.87,0.0,34.317993984953176,18.2,62,3,59,3.56647158190237,1.1888238606341233,58.0204036929416,60.0,780.0,0.0,0.0,0.0,1139.5955789000727,0.0,0.0,58.0204036929416,780.0,76.9920271727176,2040.2630432010062,,,,False,False,not_attempted,0,0,0,0,40,0,0.0,169.9712503230566,791.0,False,,,False,7,0
proposed,static_live,13,780.0,13.0,2,degrading,degrading,29 31 45 49,3677,1.2422360248447206,0.8049999999999999,0.0,34.03694211724979,18.216666666666665,59,1,58,3.7047672110624488,3.7047672110624488,61.725170904004045,60.0,840.0,0.0,0.0,0.0,1139.5955789000727,0.0,0.0,61.725170904004045,840.0,77.50044386416941,2112.733530820777,,,,False,False,not_attempted,0,0,0,0,38,6,0.15789473684210525,168.5742888930247,791.0,False,,,False,7,0
proposed,static_live,14,840.0,14.0,2,degrading,degrading,29 31 45 49,3677,1.3513513513513513,0.74,0.0,33.712347650969065,18.233333333333334,58,2,56,2.3661537528340952,1.1830768764170476,64.09132465683814,60.0,900.0,0.0,0.0,0.0,1139.5955789000727,0.0,0.0,64.09132465683814,900.0,78.37994857149161,2071.2411626873163,,,,False,False,not_attempted,0,0,0,0,47,5,0.10638297872340426,168.15686244557824,848.0,False,,,False,7,0
proposed,static_live,15,900.0,15.0,3,degrading,degrading,29 31 45 49,3677,1.4814814814814814,0.675,0.0,33.33324201699034,18.25,56,1,55,1.65993283848747,1.65993283848747,65.7512574953256,60.0,960.0,0.0,0.0,0.0,1139.5955789000727,0.0,0.0,65.7512574953256,960.0,80.90890212277277,1958.8387771007122,,,,False,False,not_attempted,0,0,0,0,30,0,0.0,168.0635291122449,848.0,False,,,False,7,0
proposed,static_live,16,960.0,16.0,3,degrading,degrading,29 31 45 49,3677,1.639344262295082,0.61,0.0,32.884634908397665,18.266666666666666,55,3,52,2.9049886066090185,0.9683295355363395,68.65624610193463,60.0,1020.0,0.0,0.0,0.0,1139.5955789000727,0.0,0.0,68.65624610193463,1020.0,85.14234871680931,1987.5456922934325,,,,False,False,not_attempted,0,0,0,0,30,6,0.2,167.08289017604287,907.0,False,,,False,7,0
proposed,static_live,17,1020.0,17.0,3,degrading,degrading,29 31 45 49,3677,1.8348623853211008,0.545,0.0,32.34548500261859,18.283333333333335,52,4,48,3.866945630700671,0.9667364076751678,72.5231917326353,60.0,1080.0,0.0,0.0,0.0,1139.5955789000727,0.0,0.0,72.5231917326353,1080.0,89.24095696126032,2092.3532538438,,,,False,False,not_attempted,0,0,0,0,43,0,0.0,166.46306654949578,930.0,False,,,False,7,0
proposed,static_live,18,1080.0,18.0,3,degrading,degrading,29 31 45 49,3677,2.0833333333333335,0.48,0.0,31.685304056537916,18.3,48,1,47,2.410213676075646,2.410213676075646,74.93340540871094,60.0,1140.0,0.0,0.0,0.0,1139.5955789000727,0.0,0.0,74.93340540871094,1140.0,93.24524538596113,2001.891367072669,,,,False,False,not_attempted,0,0,0,0,26,1,0.038461538461538464,166.36973321616244,930.0,False,,,False,7,0
proposed,static_live,19,1140.0,19.0,3,degrading,degrading,29 31 45 49,3677,2.409638554216868,0.4149999999999999,0.0,30.85818486053072,18.316666666666666,47,2,45,4.111828520067711,2.0559142600338554,79.04523392877866,60.0,1200.0,0.0,0.0,0.0,1139.5955789000727,0.0,0.0,79.04523392877866,1200.0,101.17713273867489,2062.6357286205193,,,,False,False,not_attempted,0,0,0,0,14,7,0.5,165.7503132487021,988.0,False,,,False,7,0
proposed,static_live,20,1200.0,20.0,4,disrupted,holding,29 31 45 49,3677,2.857142857142857,0.35,0.0,29.791643086372574,18.333333333333332,45,4,41,1.0472335516730975,0.2618083879182744,80.09246748045176,60.0,1260.0,0.0,0.0,0.0,1139.5955789000727,0.0,0.0,80.09246748045176,1260.0,110.30857849706035,2184.7782920018003,,,,False,False,not_attempted,0,0,0,0,31,0,0.0,165.65697991536877,1072.0,False,,,False,7,0
proposed,static_live,21,1260.0,21.0,4,disrupted,disrupted,29 31 45 49,3677,2.857142857142857,0.35,0.0,29.791643086372574,18.35,41,3,38,1.6867637778239581,0.562254592607986,81.77923125827571,60.0,1320.0,0.0,0.0,0.0,1139.5955789000727,0.0,0.0,81.77923125827571,1320.0,109.3958800678739,2184.7782920018003,,,,False,False,not_attempted,0,0,0,0,14,1,0.07142857142857142,165.32368468334354,1171.0,False,,,False,6,0
proposed,static_live,22,1320.0,22.0,4,disrupted,disrupted,29 31 45 49,3677,2.857142857142857,0.35,0.0,29.791643086372574,18.366666666666667,38,2,36,2.966732634993016,1.483366317496508,84.74596389326874,60.0,1380.0,0.0,0.0,0.0,1139.5955789000727,0.0,0.0,84.74596389326874,1380.0,106.18323483922032,2149.374173008665,,,,False,False,not_attempted,0,0,0,0,33,1,0.030303030303030304,165.03699232660028,1215.0,False,,,False,6,0
proposed,static_live,23,1380.0,23.0,4,disrupted,disrupted,29 31 45 49,3677,2.857142857142857,0.35,0.0,29.791643086372574,18.383333333333333,36,1,35,1.5683871589263374,1.5683871589263374,86.31435105219508,60.0,1440.0,0.0,0.0,0.0,1139.5955789000727,0.0,0.0,86.31435105219508,1440.0,104.8919345580211,2018.215871109304,,,,False,False,not_attempted,0,0,0,0,25,0,0.0,164.89295286830708,1215.0,False,,,False,6,0
proposed,static_live,24,1440.0,24.0,4,disrupted,disrupted,29 31 45 49,3677,2.857142857142857,0.35,0.0,29.791643086372574,18.4,35,2,33,0.8277649967206668,0.4138824983603334,87.14211604891574,60.0,1500.0,0.0,0.0,0.0,1139.5955789000727,0.0,0.0,87.14211604891574,1500.0,103.16875368803612,2018.215871109304,,,,False,False,not_attempted,0,0,0,0,6,0,0.0,164.71876669802194,1215.0,False,,,False,6,0
proposed,static_live,25,1500.0,25.0,5,disrupted,disrupted,29 31 45 49,3677,2.857142857142857,0.35,0.0,29.791643086372574,18.416666666666668,33,3,30,2.0527725171794575,0.6842575057264858,89.1948885660952,60.0,1560.0,0.0,0.0,0.0,1139.5955789000727,0.0,0.0,89.1948885660952,1560.0,102.36635992082849,1873.1438049875053,,,,False,False,not_attempted,0,0,0,0,53,1,0.018867924528301886,164.38447289814326,1215.0,False,,,False,6,0
proposed,static_live,26,1560.0,26.0,5,disrupted,disrupted,29 31 45 49,3677,2.857142857142857,0.35,0.0,29.791643086372574,18.433333333333334,30,2,28,2.549001349167785,1.2745006745838925,91.74388991526298,60.0,1620.0,0.0,0.0,0.0,1139.5955789000727,0.0,0.0,91.74388991526298,1620.0,100.3257237092574,1873.1438049875053,,,,False,False,not_attempted,0,0,0,0,53,0,0.0,163.36430970429188,1373.0,False,,,False,6,0
proposed,static_live,27,1620.0,27.0,5,disrupted,disrupted,29 31 45 49,3677,2.857142857142857,0.35,0.0,29.791643086372574,18.45,28,0,28,5.820080666976499,5.820080666976499,97.56397058223948,60.0,1680.0,0.0,0.0,0.0,1139.5955789000727,0.0,0.0,97.56397058223948,1680.0,97.9077810691832,1852.2401459263358,,,,False,False,not_attempted,0,0,0,0,47,6,0.1276595744680851,160.11751420047977,1373.0,False,,,False,6,0
proposed,static_live,28,1680.0,28.0,5,disrupted,disrupted,29 31 45 49,3677,2.857142857142857,0.35,0.0,29.791643086372574,18.466666666666665,28,2,26,3.7128899325512994,1.8564449662756497,101.27686051479078,60.0,1740.0,0.0,0.0,0.0,1139.5955789000727,0.0,0.0,101.27686051479078,1740.0,91.6155051885104,1785.696754508959,,,,False,False,not_attempted,0,0,0,0,27,3,0.1111111111111111,160.02418086714644,1419.0,False,,,False,6,0
proposed,static_live,29,1740.0,29.0,5,disrupted,disrupted,29 31 45 49,3677,2.857142857142857,0.35,0.0,29.791643086372574,18.483333333333334,26,2,24,3.542167262499234,1.771083631249617,104.81902777729002,60.0,1800.0,0.0,0.0,0.0,1139.5955789000727,0.0,0.0,104.81902777729002,1800.0,87.80380358523628,1735.0778109801702,,,,False,False,not_attempted,0,0,0,0,17,4,0.23529411764705882,159.10861229122062,1419.0,False,,,False,6,0
proposed,static_live,30,1800.0,30.0,6,recovering,recovering,29 31 45 49,3677,2.857142857142857,0.35,0.0,29.791643086372574,18.5,24,2,22,2.9255237530759213,1.4627618765379606,107.74455153036594,60.0,1860.0,0.0,0.0,0.0,1139.5955789000727,0.0,0.0,107.74455153036594,1860.0,84.44332135971382,1674.4576398724787,,,,False,False,not_attempted,0,0,0,0,36,0,0.0,158.54714220033418,1587.0,False,,,False,6,0
proposed,static_live,31,1860.0,31.0,6,recovering,recovering,29 31 45 49,3677,2.6595744680851063,0.376,0.04,30.2532796494895,18.516666666666666,22,1,21,3.288810071930361,3.288810071930361,111.0333616022963,60.0,1920.0,0.0,0.0,0.0,1139.5955789000727,0.0,0.0,111.0333616022963,1920.0,76.69022903347353,1581.7638322387627,,,,False,False,not_attempted,0,0,0,0,16,7,0.4375,157.97522470748063,1669.0,False,,,False,6,0
proposed,static_live,32,1920.0,32.0,6,recovering,recovering,29 31 45 49,3677,2.4875621890547266,0.40199999999999997,0.08,30.667011726301546,18.533333333333335,21,3,18,3.876349464326898,1.292116488108966,114.90971106662319,60.0,1980.0,0.0,0.0,0.0,1139.5955789000727,0.0,0.0,114.90971106662319,1980.0,69.02098273053551,1479.4472001974593,,,,False,False,not_attempted,0,0,0,0,14,6,0.42857142857142855,156.7434556714424,1762.0,False,,,False,6,0
proposed,static_live,33,1980.0,33.0,6,recovering,recovering,29 31 45 49,3677,2.336448598130841,0.428,0.12,31.039928153428818,18.55,18,1,17,5.604800327005425,5.604800327005425,120.51451139362861,60.0,2040.0,0.0,0.0,0.0,1139.5955789000727,0.0,0.0,120.51451139362861,2040.0,61.82714550325851,1411.9734656332482,,,,False,False,not_attempted,0,0,0,0,26,10,0.38461538461538464,155.4689847006116,1762.0,False,,,False,6,0
proposed,static_live,34,2040.0,34.0,6,recovering,recovering,29 31 45 49,3677,2.2026431718061676,0.45399999999999996,0.16,31.377784853971832,18.566666666666666,17,1,16,1.7636033922799021,1.7636033922799021,122.27811478590851,60.0,2100.0,0.0,0.0,0.0,1139.5955789000727,0.0,0.0,122.27811478590851,2100.0,53.77447457797077,1263.6506874124614,,,,False,False,not_attempted,0,0,0,0,5,4,0.8,155.37565136727827,1762.0,False,,,False,5,0
proposed,static_live,35,2100.0,35.0,7,recovering,recovering,29 31 45 49,3677,2.0833333333333335,0.48,0.2,31.685304056537916,18.583333333333332,16,4,12,6.674494728397697,1.6686236820994242,128.9526095143062,60.0,2160.0,0.0,0.0,0.0,1139.5955789000727,0.0,0.0,128.9526095143062,2160.0,50.161667294506884,1247.9653160432906,,,,False,False,not_attempted,0,0,0,0,20,18,0.9,153.89704546674417,1929.0,False,,,False,5,0
proposed,static_live,36,2160.0,36.0,7,recovering,recovering,29 31 45 49,3677,1.976284584980237,0.506,0.24,31.96639637345568,18.6,12,0,12,3.097469969155197,3.097469969155197,132.0500794834614,60.0,2220.0,0.0,0.0,0.0,1139.5955789000727,0.0,0.0,132.0500794834614,2220.0,41.86464892392,1189.427090763171,,,,False,False,not_attempted,0,0,0,0,9,9,1.0,153.77620908471644,1929.0,False,,,False,4,0
proposed,static_live,37,2220.0,37.0,7,recovering,recovering,29 31 45 49,3677,1.8796992481203008,0.532,0.28,32.22432798433814,18.616666666666667,12,2,10,0.8642526970737006,0.4321263485368503,132.9143321805351,60.0,2280.0,0.0,0.0,0.0,1139.5955789000727,0.0,0.0,132.9143321805351,2280.0,37.58941361249303,1058.9023450031707,,,,False,False,not_attempted,0,0,0,0,3,2,0.6666666666666666,153.6828757513831,1929.0,False,,,False,4,0
proposed,static_live,38,2280.0,38.0,7,recovering,recovering,29 31 45 49,3677,1.7921146953405016,0.558,0.32,32.46184812933902,18.633333333333333,10,2,8,5.523654442706909,2.7618272213534545,138.437986623242,60.0,2340.0,0.0,0.0,0.0,1139.5955789000727,0.0,0.0,138.437986623242,2340.0,35.93160093783599,1049.3583999233133,,,,False,False,not_attempted,0,0,0,0,21,20,0.9523809523809523,151.7069516865584,1929.0,False,,,False,4,0
proposed,static_live,39,2340.0,39.0,7,recovering,recovering,29 31 45 49,3677,1.7123287671232879,0.584,0.36,32.68128748683469,18.65,8,0,8,1.2532477102683655,1.2532477102683655,139.69123433351038,60.0,2400.0,0.0,0.0,0.0,1139.5955789000727,0.0,0.0,139.69123433351038,2400.0,29.623068811870187,759.7719052345255,,,,False,False,not_attempted,0,0,0,0,8,0,0.0,150.92209193886822,1929.0,False,,,False,3,0
proposed,static_live,40,2400.0,40.0,8,recovering,recovering,29 31 45 49,3677,1.639344262295082,0.61,0.4,32.884634908397665,18.666666666666668,8,2,6,1.2269915170585948,0.6134957585292974,140.91822585056897,60.0,2460.0,0.0,0.0,0.0,1139.5955789000727,0.0,0.0,140.91822585056897,2460.0,28.016091785037613,754.2260177336295,,,,False,False,not_attempted,0,0,0,0,9,7,0.7777777777777778,150.1441166129377,1966.0,False,,,False,2,0
proposed,static_live,41,2460.0,41.0,8,recovering,recovering,29 31 45 49,3677,1.572327044025157,0.636,0.44,33.073597869454325,18.683333333333334,6,1,5,2.4036382152098996,2.4036382152098996,143.32186406577887,60.0,2520.0,0.0,0.0,0.0,1139.5955789000727,0.0,0.0,143.32186406577887,2520.0,26.24854339744034,735.1529806709846,,,,False,False,not_attempted,0,0,0,0,6,6,1.0,149.5339917777717,1976.0,False,,,False,2,0
proposed,static_live,42,2520.0,42.0,8,recovering,recovering,29 31 45 49,3677,1.5105740181268883,0.6619999999999999,0.48,33.249650529638785,18.7,5,0,5,4.244352690358761,4.244352690358761,147.56621675613764,60.0,2580.0,0.0,0.0,0.0,1139.5955789000727,0.0,0.0,147.56621675613764,2580.0,23.569898644398755,676.6138142025486,,,,False,False,not_attempted,0,0,0,0,8,8,1.0,145.38297242074628,1976.0,False,,,False,1,0
proposed,static_live,43,2580.0,43.0,8,recovering,recovering,29 31 45 49,3677,1.4534883720930234,0.688,0.52,33.41407226782236,18.716666666666665,5,1,4,0.1021544748543311,0.1021544748543311,147.66837123099197,60.0,2640.0,0.0,0.0,0.0,1139.5955789000727,0.0,0.0,147.66837123099197,2640.0,19.322623346238192,509.65685232888626,,,,False,False,not_attempted,0,0,0,0,0,0,0.0,145.28963908741295,1976.0,False,,,False,1,0
proposed,static_live,44,2640.0,44.0,8,recovering,recovering,29 31 45 49,3677,1.400560224089636,0.714,0.56,33.567978823908035,18.733333333333334,4,1,3,0.48163518750671397,0.48163518750671397,148.1500064184987,60.0,2700.0,0.0,0.0,0.0,1139.5955789000727,0.0,0.0,148.1500064184987,2700.0,19.263626327064173,509.65685232888626,,,,False,False,not_attempted,0,0,0,0,4,0,0.0,144.80800389990625,1976.0,False,,,False,1,0
proposed,static_live,45,2700.0,45.0,9,recovering,recovering,29 31 45 49,3677,1.3513513513513513,0.74,0.6,33.712347650969065,18.75,3,0,3,1.009012898014999,1.009012898014999,149.15901931651368,60.0,2760.0,0.0,0.0,0.0,1139.5955789000727,0.0,0.0,149.15901931651368,2760.0,18.687949654794572,496.7045365741072,,,,False,False,not_attempted,0,0,0,0,3,0,0.0,143.79899100189127,1976.0,False,,,False,1,0
proposed,static_live,46,2760.0,46.0,9,recovering,recovering,29 31 45 49,3677,1.3054830287206267,0.766,0.64,33.84803869575654,18.766666666666666,3,0,3,0.09333333333333332,0.09333333333333332,149.252352649847,60.0,2820.0,0.0,0.0,0.0,1139.5955789000727,0.0,0.0,149.252352649847,2820.0,17.6145563663339,351.7498966281673,,,,False,False,not_attempted,0,0,0,0,0,0,0.0,143.70565766855793,1976.0,False,,,False,1,0
proposed,static_live,47,2820.0,47.0,9,recovering,recovering,29 31 45 49,3677,1.2626262626262625,0.792,0.68,33.975811541291115,18.783333333333335,3,1,2,0.9629912977700142,0.9629912977700142,150.21534394761701,60.0,2880.0,0.0,0.0,0.0,1139.5955789000727,0.0,0.0,150.21534394761701,2880.0,17.567123813561953,351.7498966281673,,,,False,False,not_attempted,0,0,0,0,4,0,0.0,142.74266637078793,1976.0,False,,,False,1,0
proposed,static_live,48,2880.0,48.0,9,recovering,recovering,29 31 45 49,3677,1.2224938875305624,0.818,0.72,34.096339633486544,18.8,2,0,2,0.09333333333333332,0.09333333333333332,150.30867728095035,60.0,2940.0,0.0,0.0,0.0,1139.5955789000727,0.0,0.0,150.30867728095035,2940.0,16.415982571001848,199.94920782218168,,,,False,False,not_attempted,0,0,0,0,0,0,0.0,142.6493330374546,1976.0,False,,,False,1,0
proposed,static_live,49,2940.0,49.0,9,recovering,recovering,29 31 45 49,3677,1.1848341232227486,0.8440000000000001,0.76,34.21022215452844,18.816666666666666,2,1,1,0.10468969816877917,0.10468969816877917,150.41336697911913,60.0,3000.0,0.0,0.0,0.0,1139.5955789000727,0.0,0.0,150.41336697911913,3000.0,16.374536280659886,199.94920782218168,,,,False,False,not_attempted,0,0,0,0,1,0,0.0,142.5446433392858,1976.0,False,,,False,1,0
proposed,static_live,50,3000.0,50.0,10,recovering,recovering,29 31 45 49,3677,1.1494252873563218,0.87,0.8,34.317993984953176,18.833333333333332,1,0,1,1.8620037810571464,1.8620037810571464,152.2753707601763,60.0,3060.0,0.0,0.0,0.0,1139.5955789000727,0.0,0.0,152.2753707601763,3060.0,15.506154498562557,182.05226568257135,,,,False,False,not_attempted,0,0,0,0,3,0,0.0,140.6826395582287,1976.0,False,,,False,1,0
proposed,static_live,51,3060.0,51.0,10,recovering,recovering,29 31 45 49,3677,1.1160714285714286,0.896,0.84,34.42013410399542,18.85,1,0,1,0.09333333333333332,0.09333333333333332,152.36870409350962,60.0,3120.0,0.0,0.0,0.0,1139.5955789000727,0.0,0.0,152.36870409350962,3120.0,14.283190714599662,84.32946501783844,,,,False,False,not_attempted,0,0,0,0,0,0,0.0,140.58930622489535,1976.0,False,,,False,0,0
proposed,static_live,52,3120.0,52.0,10,recovering,recovering,29 31 45 49,3677,1.0845986984815619,0.922,0.88,34.517072706564896,18.866666666666667,1,1,0,14.214678565141858,14.214678565141858,166.5833826586515,105.57209864174287,3225.5720986417427,0.0,0.0,0.0,1139.5955789000727,0.0,0.0,166.5833826586515,3225.5720986417427,14.235370151717172,83.92567943343316,,,,False,False,not_attempted,0,0,0,0,148,7,0.0472972972972973,137.87078964969865,1976.0,True,,,False,0,0
proposed,static_frozen,0,0.0,0.0,0,normal,initial,29 31 45 49,0,1.0,1.0,0.0,34.78037077224997,18.0,84,0,84,18.947812200580838,18.947812200580838,18.947812200580838,60.0,60.0,10.709383900044486,1128.8861950000282,1139.5955789000727,1139.5955789000727,0.0,0.0,18.947812200580838,60.0,124.98723160038621,2771.5048752969888,,,,False,False,initial_plan,0,0,0,0,123,0,0.0,177.2717760608753,0.0,False,,,True,10,10
proposed,static_frozen,1,60.0,1.0,0,normal,normal,29 31 45 49,0,1.0,1.0,0.0,34.78037077224997,18.016666666666666,84,0,84,3.6431287464134887,3.6431287464134887,22.590940946994326,60.0,120.0,0.0,0.0,0.0,1139.5955789000727,0.0,0.0,22.590940946994326,120.0,105.50890338066785,2707.1370397431347,,,,False,False,not_attempted,0,0,0,0,83,0,0.0,176.43141531177028,0.0,False,,,False,9,10
proposed,static_frozen,2,120.0,2.0,0,normal,normal,29 31 45 49,0,1.0,1.0,0.0,34.78037077224997,18.033333333333335,84,3,81,2.150613593169741,0.716871197723247,24.741554540164067,60.0,180.0,0.0,0.0,0.0,1139.5955789000727,0.0,0.0,24.741554540164067,180.0,101.10086336244001,2575.1489099165824,,,,False,False,not_attempted,0,0,0,0,49,0,0.0,176.33808197843695,215.0,False,,,False,8,7
proposed,static_frozen,3,180.0,3.0,0,normal,normal,29 31 45 49,0,1.0,1.0,0.0,34.78037077224997,18.05,81,3,78,3.271356097706687,1.0904520325688958,28.012910637870753,60.0,240.0,0.0,0.0,0.0,1139.5955789000727,0.0,0.0,28.012910637870753,240.0,99.24169389457438,2575.1489099165824,,,,False,False,not_attempted,0,0,0,0,57,0,0.0,176.08417388140913,215.0,False,,,False,8,4
proposed,static_frozen,4,240.0,4.0,0,normal,normal,29 31 45 49,0,1.0,1.0,0.0,34.78037077224997,18.066666666666666,78,1,77,3.7024319427213226,3.7024319427213226,31.715342580592075,60.0,300.0,0.0,0.0,0.0,1139.5955789000727,0.0,0.0,31.715342580592075,300.0,96.4371557706104,2523.292639918653,,,,False,False,not_attempted,0,0,0,0,61,0,0.0,174.23595111138894,249.0,False,,,False,7,3
proposed,static_frozen,5,300.0,5.0,1,normal,normal,29 31 45 49,0,1.0,1.0,0.0,34.78037077224997,18.083333333333332,77,2,75,2.7190972354339418,1.3595486177169709,34.434439816026014,60.0,360.0,0.0,0.0,0.0,1139.5955789000727,0.0,0.0,34.434439816026014,360.0,92.79090225860935,2353.701123446594,,,,False,False,not_attempted,0,0,0,0,41,0,0.0,174.1426177780556,402.0,False,,,False,7,3
proposed,static_frozen,6,360.0,6.0,1,normal,normal,29 31 45 49,0,1.0,1.0,0.0,34.78037077224997,18.1,75,3,72,4.611279417259635,1.5370931390865452,39.04571923328565,60.0,420.0,0.0,0.0,0.0,1139.5955789000727,0.0,0.0,39.04571923328565,420.0,90.05551392370413,2353.701123446594,,,,False,False,not_attempted,0,0,0,0,41,0,0.0,173.80269504982573,402.0,False,,,False,7,2
proposed,static_frozen,7,420.0,7.0,1,normal,normal,29 31 45 49,0,1.0,1.0,0.0,34.78037077224997,18.116666666666667,72,1,71,5.191142058140224,5.191142058140224,44.236861291425875,60.0,480.0,0.0,0.0,0.0,1139.5955789000727,0.0,0.0,44.236861291425875,480.0,85.29960763845678,2350.428994697508,,,,False,False,not_attempted,0,0,0,0,51,0,0.0,171.7315048732715,402.0,False,,,False,7,1
proposed,static_frozen,8,480.0,8.0,1,normal,normal,29 31 45 49,0,1.0,1.0,0.0,34.78037077224997,18.133333333333333,71,2,69,2.4943949123933358,1.2471974561966679,46.731256203819214,60.0,540.0,0.0,0.0,0.0,1139.5955789000727,0.0,0.0,46.731256203819214,540.0,79.97940923294234,2176.3863390623183,,,,False,False,not_attempted,0,0,0,0,19,0,0.0,171.63817153993816,422.0,False,,,False,7,0
proposed,static_frozen,9,540.0,9.0,1,normal,normal,29 31 45 49,0,1.0,1.0,0.0,34.78037077224997,18.15,69,4,65,2.2682353970901716,0.5670588492725429,48.99949160090939,60.0,600.0,0.0,0.0,0.0,1139.5955789000727,0.0,0.0,48.99949160090939,600.0,77.62879857543831,2176.3863390623183,,,,False,False,not_attempted,0,0,0,0,19,0,0.0,171.54640459197284,574.0,False,,,False,7,0
proposed,static_frozen,10,600.0,10.0,2,degrading,degrading,29 31 45 49,0,1.0,1.0,0.0,34.78037077224997,18.166666666666668,65,1,64,2.2646830485948937,2.2646830485948937,51.264174649504284,60.0,660.0,0.0,0.0,0.0,1139.5955789000727,0.0,0.0,51.264174649504284,660.0,75.37762181306358,2157.509480549697,,,,False,False,not_attempted,0,0,0,0,29,0,0.0,171.29011539682318,574.0,False,,,False,7,0
proposed,static_frozen,11,660.0,11.0,2,degrading,degrading,29 31 45 49,3677,1.06951871657754,0.935,0.0,34.56371404486458,18.183333333333334,64,2,62,3.188906883213775,1.5944534416068874,54.45308153271806,60.0,720.0,0.0,0.0,0.0,1139.5955789000727,0.0,0.0,54.45308153271806,720.0,76.3722260367944,2026.4326636589192,,,,False,False,not_attempted,0,0,0,0,40,6,0.15,171.19678206348985,700.0,False,,,False,7,0
proposed,static_frozen,12,720.0,12.0,2,degrading,degrading,29 31 45 49,3677,1.1494252873563218,0.87,0.0,34.317993984953176,18.2,62,3,59,3.56647158190237,1.1888238606341233,58.01955311462043,60.0,780.0,0.0,0.0,0.0,1139.5955789000727,0.0,0.0,58.01955311462043,780.0,76.9920271727176,2040.2630432010062,,,,False,False,not_attempted,0,0,0,0,40,0,0.0,169.9712503230566,791.0,False,,,False,7,0
proposed,static_frozen,13,780.0,13.0,2,degrading,degrading,29 31 45 49,3677,1.2422360248447206,0.8049999999999999,0.0,34.03694211724979,18.216666666666665,59,1,58,4.007634485253155,4.007634485253155,62.027187599873585,60.0,840.0,0.0,0.0,0.0,1139.5955789000727,0.0,0.0,62.027187599873585,840.0,77.50044386416941,2112.733530820777,,,,False,False,not_attempted,0,0,0,0,45,13,0.28888888888888886,168.5742888930247,791.0,False,,,False,7,0
proposed,static_frozen,14,840.0,14.0,2,degrading,degrading,29 31 45 49,3677,1.3513513513513513,0.74,0.0,33.712347650969065,18.233333333333334,58,2,56,2.122552852936446,1.061276426468223,64.14974045281004,60.0,900.0,0.0,0.0,0.0,1139.5955789000727,0.0,0.0,64.14974045281004,900.0,78.08410020090292,2071.2411626873163,,,,False,False,not_attempted,0,0,0,0,45,3,0.06666666666666667,168.15686244557824,848.0,False,,,False,7,0
proposed,static_frozen,15,900.0,15.0,3,degrading,degrading,29 31 45 49,3677,1.4814814814814814,0.675,0.0,33.33324201699034,18.25,56,1,55,1.65993283848747,1.65993283848747,65.8096732912975,60.0,960.0,0.0,0.0,0.0,1139.5955789000727,0.0,0.0,65.8096732912975,960.0,80.90890212277277,1958.8387771007122,,,,False,False,not_attempted,0,0,0,0,30,0,0.0,168.0635291122449,848.0,False,,,False,7,0
proposed,static_frozen,16,960.0,16.0,3,degrading,degrading,29 31 45 49,3677,1.639344262295082,0.61,0.0,32.884634908397665,18.266666666666666,55,3,52,2.904988606609018,0.9683295355363394,68.71466189790652,60.0,1020.0,0.0,0.0,0.0,1139.5955789000727,0.0,0.0,68.71466189790652,1020.0,85.14234871680931,1987.5456922934325,,,,False,False,not_attempted,0,0,0,0,30,6,0.2,167.08289017604287,907.0,False,,,False,7,0
proposed,static_frozen,17,1020.0,17.0,3,degrading,degrading,29 31 45 49,3677,1.8348623853211008,0.545,0.0,32.34548500261859,18.283333333333335,52,4,48,3.866945630700671,0.9667364076751678,72.5816075286072,60.0,1080.0,0.0,0.0,0.0,1139.5955789000727,0.0,0.0,72.5816075286072,1080.0,89.24095696126032,2092.3532538438,,,,False,False,not_attempted,0,0,0,0,43,0,0.0,166.46306654949578,930.0,False,,,False,7,0
proposed,static_frozen,18,1080.0,18.0,3,degrading,degrading,29 31 45 49,3677,2.0833333333333335,0.48,0.0,31.685304056537916,18.3,48,1,47,2.8183490319325353,2.8183490319325353,75.39995656053974,60.0,1140.0,0.0,0.0,0.0,1139.5955789000727,0.0,0.0,75.39995656053974,1140.0,93.24524538596113,2001.891367072669,,,,False,False,not_attempted,0,0,0,0,28,3,0.10714285714285714,166.36973321616244,930.0,False,,,False,7,0
proposed,static_frozen,19,1140.0,19.0,3,degrading,degrading,29 31 45 49,3677,2.409638554216868,0.4149999999999999,0.0,30.85818486053072,18.316666666666666,47,2,45,3.600509100473661,1.8002545502368306,79.0004656610134,60.0,1200.0,0.0,0.0,0.0,1139.5955789000727,0.0,0.0,79.0004656610134,1200.0,100.41919493326958,2062.6357286205193,,,,False,False,not_attempted,0,0,0,0,12,5,0.4166666666666667,165.7503132487021,988.0,False,,,False,7,0
proposed,static_frozen,20,1200.0,20.0,4,disrupted,holding,29 31 45 49,3677,2.857142857142857,0.35,0.0,29.791643086372574,18.333333333333332,45,4,41,1.0472335516730975,0.2618083879182744,80.0476992126865,60.0,1260.0,0.0,0.0,0.0,1139.5955789000727,0.0,0.0,80.0476992126865,1260.0,110.30857849706035,2184.7782920018003,,,,False,False,not_attempted,0,0,0,0,31,0,0.0,165.65697991536877,1072.0,False,,,False,7,0
proposed,static_frozen,21,1260.0,21.0,4,disrupted,disrupted,29 31 45 49,3677,2.857142857142857,0.35,0.0,29.791643086372574,18.35,41,3,38,2.906404565593204,0.9688015218644014,82.9541037782797,60.0,1320.0,0.0,0.0,0.0,1139.5955789000727,0.0,0.0,82.9541037782797,1320.0,109.3958800678739,2184.7782920018003,,,,False,False,not_attempted,0,0,0,0,17,4,0.23529411764705882,165.32368468334354,1171.0,False,,,False,6,0
proposed,static_frozen,22,1320.0,22.0,4,disrupted,disrupted,29 31 45 49,3677,2.857142857142857,0.35,0.0,29.791643086372574,18.366666666666667,38,2,36,2.3005271952767496,1.1502635976383748,85.25463097355644,60.0,1380.0,0.0,0.0,0.0,1139.5955789000727,0.0,0.0,85.25463097355644,1380.0,106.68084002934461,2149.374173008665,,,,False,False,not_attempted,0,0,0,0,34,2,0.058823529411764705,164.99045943550095,1215.0,False,,,False,6,0
proposed,static_frozen,23,1380.0,23.0,4,disrupted,disrupted,29 31 45 49,3677,2.857142857142857,0.35,0.0,29.791643086372574,18.383333333333333,36,1,35,1.5495433208818432,1.5495433208818432,86.80417429443828,60.0,1440.0,0.0,0.0,0.0,1139.5955789000727,0.0,0.0,86.80417429443828,1440.0,104.8919345580211,2018.215871109304,,,,False,False,not_attempted,0,0,0,0,25,0,0.0,164.40312962606393,1215.0,False,,,False,6,0
proposed,static_frozen,24,1440.0,24.0,4,disrupted,disrupted,29 31 45 49,3677,2.857142857142857,0.35,0.0,29.791643086372574,18.4,35,2,33,0.8277649967206668,0.4138824983603334,87.63193929115894,60.0,1500.0,0.0,0.0,0.0,1139.5955789000727,0.0,0.0,87.63193929115894,1500.0,103.16875368803612,2018.215871109304,,,,False,False,not_attempted,0,0,0,0,6,0,0.0,164.3097962927306,1215.0,False,,,False,6,0
proposed,static_frozen,25,1500.0,25.0,5,disrupted,disrupted,29 31 45 49,3677,2.857142857142857,0.35,0.0,29.791643086372574,18.416666666666668,33,3,30,1.9660563600866694,0.6553521200288898,89.59799565124561,60.0,1560.0,0.0,0.0,0.0,1139.5955789000727,0.0,0.0,89.59799565124561,1560.0,102.36635992082849,1873.1438049875053,,,,False,False,not_attempted,0,0,0,0,52,1,0.019230769230769232,163.98136581299286,1215.0,False,,,False,6,0
proposed,static_frozen,26,1560.0,26.0,5,disrupted,disrupted,29 31 45 49,3677,2.857142857142857,0.35,0.0,29.791643086372574,18.433333333333334,30,2,28,4.553486313864136,2.276743156932068,94.15148196510975,60.0,1620.0,0.0,0.0,0.0,1139.5955789000727,0.0,0.0,94.15148196510975,1620.0,100.48252878357441,1873.1438049875053,,,,False,False,not_attempted,0,0,0,0,58,8,0.13793103448275862,162.0998843149484,1373.0,False,,,False,6,0
proposed,static_frozen,27,1620.0,27.0,5,disrupted,disrupted,29 31 45 49,3677,2.857142857142857,0.35,0.0,29.791643086372574,18.45,28,0,28,14.21907310656293,14.21907310656293,108.37055507167268,60.0,1680.0,0.0,0.0,0.0,1139.5955789000727,0.0,0.0,108.37055507167268,1680.0,98.98833213357693,1880.3045799919826,,,,False,False,not_attempted,0,0,0,0,35,13,0.37142857142857144,152.03931996618735,1373.0,False,,,False,6,0
proposed,static_frozen,28,1680.0,28.0,5,disrupted,disrupted,29 31 45 49,3677,2.857142857142857,0.35,0.0,29.791643086372574,18.466666666666665,28,2,26,5.56005284301276,2.78002642150638,113.93060791468544,60.0,1740.0,0.0,0.0,0.0,1139.5955789000727,0.0,0.0,113.93060791468544,1740.0,87.72653404339513,1503.4980421129787,,,,False,False,not_attempted,0,0,0,0,23,9,0.391304347826087,149.64694883018325,1419.0,False,,,False,6,0
proposed,static_frozen,29,1740.0,29.0,5,disrupted,disrupted,29 31 45 49,3677,2.857142857142857,0.35,0.0,29.791643086372574,18.483333333333334,26,1,25,2.1752980527378,2.1752980527378,116.10590596742324,60.0,1800.0,0.0,0.0,0.0,1139.5955789000727,0.0,0.0,116.10590596742324,1800.0,82.11667393966167,1349.6961532090543,,,,False,False,not_attempted,0,0,0,0,11,3,0.2727272727272727,149.55361549684991,1419.0,False,,,False,6,0
proposed,static_frozen,30,1800.0,30.0,6,recovering,recovering,29 31 45 49,3677,2.857142857142857,0.35,0.0,29.791643086372574,18.5,25,4,21,2.9743736842114368,0.7435934210528592,119.08027965163468,60.0,1860.0,0.0,0.0,0.0,1139.5955789000727,0.0,0.0,119.08027965163468,1860.0,80.42049265664446,1349.6961532090543,,,,False,False,not_attempted,0,0,0,0,32,3,0.09375,149.45953159989227,1587.0,False,,,False,6,0
proposed,static_frozen,31,1860.0,31.0,6,recovering,recovering,29 31 45 49,3677,2.6595744680851063,0.376,0.04,30.2532796494895,18.516666666666666,21,0,21,3.5877040384845023,3.5877040384845023,122.66798369011919,60.0,1920.0,0.0,0.0,0.0,1139.5955789000727,0.0,0.0,122.66798369011919,1920.0,71.40005171788732,1303.9934768515352,,,,False,False,not_attempted,0,0,0,0,12,2,0.16666666666666666,147.07845869728843,1587.0,False,,,False,6,0
proposed,static_frozen,32,1920.0,32.0,6,recovering,recovering,29 31 45 49,3677,2.4875621890547266,0.40199999999999997,0.08,30.667011726301546,18.533333333333335,21,3,18,2.0223754384933867,0.6741251461644623,124.69035912861257,60.0,1980.0,0.0,0.0,0.0,1139.5955789000727,0.0,0.0,124.69035912861257,1980.0,65.30217354415642,1125.1401727962095,,,,False,False,not_attempted,0,0,0,0,7,3,0.42857142857142855,146.9851253639551,1762.0,False,,,False,6,0
proposed,static_frozen,33,1980.0,33.0,6,recovering,recovering,29 31 45 49,3677,2.336448598130841,0.428,0.12,31.039928153428818,18.55,18,3,15,5.443103373293525,1.8143677910978415,130.13346250190608,60.0,2040.0,0.0,0.0,0.0,1139.5955789000727,0.0,0.0,130.13346250190608,2040.0,60.162498121302086,1108.6735726158838,,,,False,False,not_attempted,0,0,0,0,26,13,0.5,146.88879236402693,1762.0,False,,,False,6,0
proposed,static_frozen,34,2040.0,34.0,6,recovering,recovering,29 31 45 49,3677,2.2026431718061676,0.45399999999999996,0.16,31.377784853971832,18.566666666666666,15,1,14,5.694733508996133,5.694733508996133,135.82819601090222,60.0,2100.0,0.0,0.0,0.0,1139.5955789000727,0.0,0.0,135.82819601090222,2100.0,53.22961974215366,1057.966620633021,,,,False,False,not_attempted,0,0,0,0,13,12,0.9230769230769231,144.99028961370277,1762.0,False,,,False,5,0
proposed,static_frozen,35,2100.0,35.0,7,recovering,recovering,29 31 45 49,3677,2.0833333333333335,0.48,0.2,31.685304056537916,18.583333333333332,14,2,12,4.742390678961778,2.371195339480889,140.570586689864,60.0,2160.0,0.0,0.0,0.0,1139.5955789000727,0.0,0.0,140.570586689864,2160.0,46.34692278106767,1021.3621614312094,,,,False,False,not_attempted,0,0,0,0,18,16,0.8888888888888888,144.76963475846836,1929.0,False,,,False,5,0
proposed,static_frozen,36,2160.0,36.0,7,recovering,recovering,29 31 45 49,3677,1.976284584980237,0.506,0.24,31.96639637345568,18.6,12,1,11,4.178676315601001,4.178676315601001,144.749263005465,60.0,2220.0,0.0,0.0,0.0,1139.5955789000727,0.0,0.0,144.749263005465,2220.0,40.88194103097404,892.7663579100843,,,,False,False,not_attempted,0,0,0,0,15,15,1.0,144.67630142513502,1929.0,False,,,False,4,0
proposed,static_frozen,37,2220.0,37.0,7,recovering,recovering,29 31 45 49,3677,1.8796992481203008,0.532,0.28,32.22432798433814,18.616666666666667,11,3,8,2.7468710154525295,0.9156236718175098,147.49613402091754,60.0,2280.0,0.0,0.0,0.0,1139.5955789000727,0.0,0.0,147.49613402091754,2280.0,35.74181503475971,885.0107457105728,,,,False,False,not_attempted,0,0,0,0,6,5,0.8333333333333334,142.5974268268741,1929.0,False,,,False,4,0
proposed,static_frozen,38,2280.0,38.0,7,recovering,recovering,29 31 45 49,3677,1.7921146953405016,0.558,0.32,32.46184812933902,18.633333333333333,8,1,7,4.602528735974762,4.602528735974762,152.0986627568923,60.0,2340.0,0.0,0.0,0.0,1139.5955789000727,0.0,0.0,152.0986627568923,2340.0,32.500754010787155,706.2476682935248,,,,False,False,not_attempted,0,0,0,0,16,16,1.0,140.6782812533939,1929.0,False,,,False,4,0
proposed,static_frozen,39,2340.0,39.0,7,recovering,recovering,29 31 45 49,3677,1.7123287671232879,0.584,0.36,32.68128748683469,18.65,7,0,7,5.737053938628139,5.737053938628139,157.83571669552046,60.0,2400.0,0.0,0.0,0.0,1139.5955789000727,0.0,0.0,157.83571669552046,2400.0,27.30655554646214,643.6458612606564,,,,False,False,not_attempted,0,0,0,0,15,14,0.9333333333333333,136.64929997513542,1929.0,False,,,False,3,0
proposed,static_frozen,40,2400.0,40.0,8,recovering,recovering,29 31 45 49,3677,1.639344262295082,0.61,0.4,32.884634908397665,18.666666666666668,7,1,6,1.3377878533018865,1.3377878533018865,159.17350454882234,60.0,2460.0,0.0,0.0,0.0,1139.5955789000727,0.0,0.0,159.17350454882234,2460.0,21.672595820249825,509.65685232888626,,,,False,False,not_attempted,0,0,0,0,8,8,1.0,136.5559666418021,1966.0,False,,,False,2,0
proposed,static_frozen,41,2460.0,41.0,8,recovering,recovering,29 31 45 49,3677,1.572327044025157,0.636,0.44,33.073597869454325,18.683333333333334,6,2,4,2.3205747349769097,1.1602873674884548,161.49407928379924,60.0,2520.0,0.0,0.0,0.0,1139.5955789000727,0.0,0.0,161.49407928379924,2520.0,20.30909108899936,509.65685232888626,,,,False,False,not_attempted,0,0,0,0,13,6,0.46153846153846156,135.15865188961374,1976.0,False,,,False,2,0
proposed,static_frozen,42,2520.0,42.0,8,recovering,recovering,29 31 45 49,3677,1.5105740181268883,0.6619999999999999,0.48,33.249650529638785,18.7,4,0,4,0.18666666666666665,0.18666666666666665,161.6807459504659,60.0,2580.0,0.0,0.0,0.0,1139.5955789000727,0.0,0.0,161.6807459504659,2580.0,17.84294003815896,351.7498966281673,,,,False,False,not_attempted,0,0,0,0,0,0,0.0,135.0653185562804,1976.0,False,,,False,1,0
proposed,static_frozen,43,2580.0,43.0,8,recovering,recovering,29 31 45 49,3677,1.4534883720930234,0.688,0.52,33.41407226782236,18.716666666666665,4,2,2,0.20590163998448804,0.10295081999224402,161.8866475904504,60.0,2640.0,0.0,0.0,0.0,1139.5955789000727,0.0,0.0,161.8866475904504,2640.0,17.779179090367315,351.7498966281673,,,,False,False,not_attempted,0,0,0,0,1,0,0.0,134.919766691159,1976.0,False,,,False,1,0
proposed,static_frozen,44,2640.0,44.0,8,recovering,recovering,29 31 45 49,3677,1.400560224089636,0.714,0.56,33.567978823908035,18.733333333333334,2,0,2,0.9107727659819457,0.9107727659819457,162.79742035643233,60.0,2700.0,0.0,0.0,0.0,1139.5955789000727,0.0,0.0,162.79742035643233,2700.0,17.53949357843967,347.1190355880991,,,,False,False,not_attempted,0,0,0,0,3,0,0.0,134.00899392517707,1976.0,False,,,False,1,0
proposed,static_frozen,45,2700.0,45.0,9,recovering,recovering,29 31 45 49,3677,1.3513513513513513,0.74,0.6,33.712347650969065,18.75,2,0,2,0.09333333333333332,0.09333333333333332,162.89075368976566,60.0,2760.0,0.0,0.0,0.0,1139.5955789000727,0.0,0.0,162.89075368976566,2760.0,16.558606408228567,199.94920782218168,,,,False,False,not_attempted,0,0,0,0,0,0,0.0,133.91566059184373,1976.0,False,,,False,1,0
proposed,static_frozen,46,2760.0,46.0,9,recovering,recovering,29 31 45 49,3677,1.3054830287206267,0.766,0.64,33.84803869575654,18.766666666666666,2,1,1,1.8733601458925921,1.8733601458925921,164.76411383565826,60.0,2820.0,0.0,0.0,0.0,1139.5955789000727,0.0,0.0,164.76411383565826,2820.0,16.50771155220631,199.94920782218168,,,,False,False,not_attempted,0,0,0,0,4,0,0.0,132.04230044595116,1976.0,False,,,False,1,0
proposed,static_frozen,47,2820.0,47.0,9,recovering,recovering,29 31 45 49,3677,1.2626262626262625,0.792,0.68,33.975811541291115,18.783333333333335,1,0,1,0.09333333333333332,0.09333333333333332,164.8574471689916,60.0,2880.0,0.0,0.0,0.0,1139.5955789000727,0.0,0.0,164.8574471689916,2880.0,14.458925109358837,84.41567200994827,,,,False,False,not_attempted,0,0,0,0,0,0,0.0,131.94896711261782,1976.0,False,,,False,0,0
proposed,static_frozen,48,2880.0,48.0,9,recovering,recovering,29 31 45 49,3677,1.2224938875305624,0.818,0.72,34.096339633486544,18.8,1,1,0,14.544467302627965,14.544467302627965,179.40191447161956,138.2697265593962,3018.269726559396,0.0,0.0,0.0,1139.5955789000727,0.0,0.0,179.40191447161956,3018.269726559396,14.414628680926324,84.06596617200246,,,,False,False,not_attempted,0,0,0,0,150,10,0.06666666666666667,129.1827591368412,1976.0,True,,,False,0,0
nn,adaptive,0,0.0,0.0,0,normal,initial,29 31 45 49,0,1.0,1.0,0.0,34.78037077224997,18.0,84,0,84,16.660400703942315,16.660400703942315,16.660400703942315,60.0,60.0,9.957765099941753,0.252319399965927,10.21008449990768,10.21008449990768,0.0,0.0,16.660400703942315,60.0,162.58793156149096,2761.487785832027,,,,False,False,initial_plan,0,0,0,0,97,0,0.0,177.83388229329896,0.0,False,,,True,10,10
nn,adaptive,1,60.0,1.0,0,normal,normal,29 31 45 49,0,1.0,1.0,0.0,34.78037077224997,18.016666666666666,84,0,84,2.671835477730445,2.671835477730445,19.332236181672762,60.0,120.0,0.0,0.0,0.0,10.21008449990768,0.0,0.0,19.332236181672762,120.0,144.89809698360446,2603.2770542730404,,,,False,False,not_attempted,0,0,0,0,24,0,0.0,177.65141542411558,0.0,False,,,False,9,10
nn,adaptive,2,120.0,2.0,0,normal,normal,29 31 45 49,0,1.0,1.0,0.0,34.78037077224997,18.033333333333335,84,6,78,2.2336491502253266,0.37227485837088775,21.565885331898087,60.0,180.0,0.0,0.0,0.0,10.21008449990768,0.0,0.0,21.565885331898087,180.0,142.35879798598543,2603.2770542730404,,,,False,False,not_attempted,0,0,0,0,25,0,0.0,177.33697396192156,239.0,False,,,False,9,4
nn,adaptive,3,180.0,3.0,0,normal,normal,29 31 45 49,0,1.0,1.0,0.0,34.78037077224997,18.05,78,4,74,4.632857667324735,1.1582144168311836,26.198742999222823,60.0,240.0,0.0,0.0,0.0,10.21008449990768,0.0,0.0,26.198742999222823,240.0,140.51455427701427,2575.2504365841983,,,,False,False,not_attempted,0,0,0,0,75,0,0.0,176.58965573332028,239.0,False,,,False,9,0
nn,adaptive,4,240.0,4.0,0,normal,normal,29 31 45 49,0,1.0,1.0,0.0,34.78037077224997,18.066666666666666,74,0,74,2.1890984112485845,2.1890984112485845,28.387841410471406,60.0,300.0,0.0,0.0,0.0,10.21008449990768,0.0,0.0,28.387841410471406,300.0,135.7776609100203,2453.4542174026838,,,,False,False,not_attempted,0,0,0,0,38,0,0.0,176.38162922177597,239.0,False,,,False,9,0
nn,adaptive,5,300.0,5.0,1,normal,normal,29 31 45 49,0,1.0,1.0,0.0,34.78037077224997,18.083333333333332,74,3,71,4.763597379502395,1.587865793167465,33.1514387899738,60.0,360.0,10.673662099987268,0.17057149996981025,10.844233599957079,21.05431809986476,0.0,0.0,33.1514387899738,360.0,128.7959290546367,2784.3357844494485,133.8378687044175,128.7959290546367,5.041939649780801,True,True,lower_residual_energy,2,25,2,25,105,0,0.0,175.72436508422112,402.0,False,,,True,9,0
nn,adaptive,6,360.0,6.0,1,normal,normal,29 31 45 49,0,1.0,1.0,0.0,34.78037077224997,18.1,71,2,69,4.485811166703238,2.242905583351619,37.63724995667704,60.0,420.0,0.0,0.0,0.0,21.05431809986476,0.0,0.0,37.63724995667704,420.0,123.61361357332132,2717.1313092372607,,,,False,False,not_attempted,0,0,0,0,59,0,0.0,173.98774183949396,422.0,False,,,False,9,0
nn,adaptive,7,420.0,7.0,1,normal,normal,29 31 45 49,0,1.0,1.0,0.0,34.78037077224997,18.116666666666667,69,3,66,2.9812824839435574,0.9937608279811858,40.6185324406206,60.0,480.0,0.0,0.0,0.0,21.05431809986476,0.0,0.0,40.6185324406206,480.0,118.92085678662227,2561.270737883113,,,,False,False,not_attempted,0,0,0,0,37,0,0.0,172.73804103501027,477.0,False,,,False,8,0
nn,adaptive,8,480.0,8.0,1,normal,normal,29 31 45 49,0,1.0,1.0,0.0,34.78037077224997,18.133333333333333,66,4,62,2.178098861828392,0.544524715457098,42.796631302448986,60.0,540.0,0.0,0.0,0.0,21.05431809986476,0.0,0.0,42.796631302448986,540.0,116.30503232303343,2561.270737883113,,,,False,False,not_attempted,0,0,0,0,45,0,0.0,172.64470770167694,647.0,False,,,False,8,0
nn,adaptive,9,540.0,9.0,1,normal,normal,29 31 45 49,0,1.0,1.0,0.0,34.78037077224997,18.15,62,2,60,1.8453221570217784,0.9226610785108892,44.64195345947076,60.0,600.0,0.0,0.0,0.0,21.05431809986476,0.0,0.0,44.64195345947076,600.0,114.16194557950111,2541.1547650102475,,,,False,False,not_attempted,0,0,0,0,56,0,0.0,172.53888579406538,647.0,False,,,False,7,0
nn,adaptive,10,600.0,10.0,2,degrading,degrading,29 31 45 49,0,1.0,1.0,0.0,34.78037077224997,18.166666666666668,60,3,57,3.0870488429308645,1.0290162809769547,47.729002302401625,60.0,660.0,6.16998877376318e-05,0.10949150007218122,0.10955319995991886,21.163871299824677,0.0,0.0,47.729002302401625,660.0,112.11863421063464,2395.4798719351247,112.11863421063464,113.9377236595066,-1.8190894488719636,True,False,incumbent_not_worse,5,31,0,0,64,0,0.0,172.28418379893967,647.0,False,,,True,7,0
nn,adaptive,11,660.0,11.0,2,degrading,degrading,29 31 45 49,3677,1.06951871657754,0.935,0.0,34.56371404486458,18.183333333333334,57,2,55,1.5891217845327017,0.7945608922663508,49.318124086934326,60.0,720.0,0.0,0.0,0.0,21.163871299824677,0.0,0.0,49.318124086934326,720.0,115.24097510650108,2465.909146319658,,,,False,False,not_attempted,0,0,0,0,42,6,0.14285714285714285,172.2499756154787,659.0,False,,,False,7,0
nn,adaptive,12,720.0,12.0,2,degrading,degrading,29 31 45 49,3677,1.1494252873563218,0.87,0.0,34.317993984953176,18.2,55,1,54,1.1802322731042907,1.1802322731042907,50.49835636003861,60.0,780.0,0.0,0.0,0.0,21.163871299824677,0.0,0.0,50.49835636003861,780.0,119.31153001662372,2332.498713838957,,,,False,False,not_attempted,0,0,0,0,26,4,0.15384615384615385,172.01439906033016,743.0,False,,,False,7,0
nn,adaptive,13,780.0,13.0,2,degrading,degrading,29 31 45 49,3677,1.2422360248447206,0.8049999999999999,0.0,34.03694211724979,18.216666666666665,54,4,50,3.8997545039989814,0.9749386259997453,54.3981108640376,60.0,840.0,0.0,0.0,0.0,21.163871299824677,0.0,0.0,54.3981108640376,840.0,124.39309896974511,2280.4045103846233,,,,False,False,not_attempted,0,0,0,0,33,19,0.5757575757575758,170.7687104495207,843.0,False,,,False,7,0
nn,adaptive,14,840.0,14.0,2,degrading,degrading,29 31 45 49,3677,1.3513513513513513,0.74,0.0,33.712347650969065,18.233333333333334,50,0,50,3.5159447199041334,3.5159447199041334,57.91405558394173,60.0,900.0,0.0,0.0,0.0,21.163871299824677,0.0,0.0,57.91405558394173,900.0,126.1211442261414,2269.3504275422674,,,,False,False,not_attempted,0,0,0,0,39,9,0.23076923076923078,169.80166382514514,843.0,False,,,False,7,0
nn,adaptive,15,900.0,15.0,3,degrading,degrading,29 31 45 49,3677,1.4814814814814814,0.675,0.0,33.33324201699034,18.25,50,2,48,3.823007003033483,1.9115035015167414,61.73706258697521,60.0,960.0,11.067451299983077,0.08298750000540167,11.150438799988478,32.314310099813156,0.0,0.0,61.73706258697521,960.0,117.65800086721462,2210.3118490045563,128.80643359943898,117.65800086721462,11.14843273222435,True,True,lower_residual_energy,1,1,1,1,39,15,0.38461538461538464,168.57101698441588,853.0,False,,,True,7,0
nn,adaptive,16,960.0,16.0,3,degrading,degrading,29 31 45 49,3677,1.639344262295082,0.61,0.0,32.884634908397665,18.266666666666666,48,2,46,2.2853379957131073,1.1426689978565536,64.02240058268832,60.0,1020.0,0.0,0.0,0.0,32.314310099813156,0.0,0.0,64.02240058268832,1020.0,118.73189803148179,2087.3614350812013,,,,False,False,not_attempted,0,0,0,0,18,3,0.16666666666666666,167.7204809667858,1087.0,False,,,False,7,0
nn,adaptive,17,1020.0,17.0,3,degrading,degrading,29 31 45 49,3677,1.8348623853211008,0.545,0.0,32.34548500261859,18.283333333333335,46,3,43,2.9837484026071635,0.9945828008690545,67.00614898529548,60.0,1080.0,0.0,0.0,0.0,32.314310099813156,0.0,0.0,67.00614898529548,1080.0,122.16716022209725,2108.812056225325,,,,False,False,not_attempted,0,0,0,0,39,1,0.02564102564102564,166.6636744828978,1087.0,False,,,False,7,0
nn,adaptive,18,1080.0,18.0,3,degrading,degrading,29 31 45 49,3677,2.0833333333333335,0.48,0.0,31.685304056537916,18.3,43,2,41,2.8965322596026066,1.4482661298013033,69.90268124489809,60.0,1140.0,0.0,0.0,0.0,32.314310099813156,0.0,0.0,69.90268124489809,1140.0,124.73145542073966,2106.5481177928204,,,,False,False,not_attempted,0,0,0,0,25,6,0.24,166.30802709947295,1087.0,False,,,False,7,0
nn,adaptive,19,1140.0,19.0,3,degrading,degrading,29 31 45 49,3677,2.409638554216868,0.4149999999999999,0.0,30.85818486053072,18.316666666666666,41,2,39,3.9599008385159444,1.9799504192579722,73.86258208341404,60.0,1200.0,0.0,0.0,0.0,32.314310099813156,0.0,0.0,73.86258208341404,1200.0,128.89363517132702,2002.9295196922217,,,,False,False,not_attempted,0,0,0,0,41,2,0.04878048780487805,165.02830756948288,1138.0,False,,,False,7,0
nn,adaptive,20,1200.0,20.0,4,disrupted,holding,29 31 45 49,3677,2.857142857142857,0.35,0.0,29.791643086372574,18.333333333333332,39,2,37,2.1238348514959955,1.0619174257479977,75.98641693491004,60.0,1260.0,11.068896199925803,0.05575229995884001,11.124648499884643,43.4389585996978,0.0,0.0,75.98641693491004,1260.0,134.3397976248655,2052.0259671921453,134.3397976248655,139.4783759867402,-5.138578361874693,True,False,incumbent_not_worse,1,7,0,0,21,0,0.0,164.83107300736032,1270.0,False,,,True,7,0
nn,adaptive,21,1260.0,21.0,4,disrupted,disrupted,29 31 45 49,3677,2.857142857142857,0.35,0.0,29.791643086372574,18.35,37,0,37,1.0950725160464372,1.0950725160464372,77.08148945095648,60.0,1320.0,0.0,0.0,0.0,43.4389585996978,0.0,0.0,77.08148945095648,1320.0,131.28927253931144,1913.285034157646,,,,False,False,not_attempted,0,0,0,0,1,0,0.0,164.73773967402698,1270.0,False,,,False,7,0
nn,adaptive,22,1320.0,22.0,4,disrupted,disrupted,29 31 45 49,3677,2.857142857142857,0.35,0.0,29.791643086372574,18.366666666666667,37,6,31,7.8852805525427145,1.3142134254237858,84.96677000349919,60.0,1380.0,0.0,0.0,0.0,43.4389585996978,0.0,0.0,84.96677000349919,1380.0,130.24450216194623,1913.285034157646,,,,False,False,not_attempted,0,0,0,0,56,3,0.05357142857142857,162.3828216620805,1351.0,False,,,False,7,0
nn,adaptive,23,1380.0,23.0,4,disrupted,disrupted,29 31 45 49,3677,2.857142857142857,0.35,0.0,29.791643086372574,18.383333333333333,31,0,31,7.522607619933346,7.522607619933346,92.48937762343255,60.0,1440.0,0.0,0.0,0.0,43.4389585996978,0.0,0.0,92.48937762343255,1440.0,122.59114971661377,1780.7802127619389,,,,False,False,not_attempted,0,0,0,0,30,7,0.23333333333333334,161.31572473236733,1351.0,False,,,False,7,0
nn,adaptive,24,1440.0,24.0,4,disrupted,disrupted,29 31 45 49,3677,2.857142857142857,0.35,0.0,29.791643086372574,18.4,31,1,30,0.6702249462802528,0.6702249462802528,93.1596025697128,60.0,1500.0,0.0,0.0,0.0,43.4389585996978,0.0,0.0,93.1596025697128,1500.0,115.05326540757048,1780.7802127619389,,,,False,False,not_attempted,0,0,0,0,2,0,0.0,161.222391399034,1351.0,False,,,False,7,0
nn,adaptive,25,1500.0,25.0,5,disrupted,disrupted,29 31 45 49,3677,2.857142857142857,0.35,0.0,29.791643086372574,18.416666666666668,30,6,24,5.5621960024729775,0.9270326670788296,98.72179857218578,60.0,1560.0,6.170000415295362e-05,0.02191879996098578,0.021980499965138733,43.46093909966294,0.0,0.0,98.72179857218578,1560.0,115.02626386547797,1774.6997628952595,115.02626386547797,117.89612197968758,-2.869858114209606,True,False,incumbent_not_worse,1,2,0,0,64,2,0.03125,160.9057037835213,1567.0,False,,,True,7,0
nn,adaptive,26,1560.0,26.0,5,disrupted,disrupted,29 31 45 49,3677,2.857142857142857,0.35,0.0,29.791643086372574,18.433333333333334,24,0,24,6.1146591374125965,6.1146591374125965,104.83645770959838,60.0,1620.0,0.0,0.0,0.0,43.46093909966294,0.0,0.0,104.83645770959838,1620.0,108.00546843179555,1608.0584737893628,,,,False,False,not_attempted,0,0,0,0,23,2,0.08695652173913043,159.61102896209243,1567.0,False,,,False,7,0
nn,adaptive,27,1620.0,27.0,5,disrupted,disrupted,29 31 45 49,3677,2.857142857142857,0.35,0.0,29.791643086372574,18.45,24,2,22,4.637630090152329,2.3188150450761644,109.4740877997507,60.0,1680.0,0.0,0.0,0.0,43.46093909966294,0.0,0.0,109.4740877997507,1680.0,102.85402047853648,1608.0584737893628,,,,False,False,not_attempted,0,0,0,0,18,1,0.05555555555555555,158.88818953475376,1567.0,False,,,False,7,0
nn,adaptive,28,1680.0,28.0,5,disrupted,disrupted,29 31 45 49,3677,2.857142857142857,0.35,0.0,29.791643086372574,18.466666666666665,22,3,19,4.540145416555661,1.5133818055185537,114.01423321630637,60.0,1740.0,0.0,0.0,0.0,43.46093909966294,0.0,0.0,114.01423321630637,1740.0,98.6238638370492,1592.2858937814608,,,,False,False,not_attempted,0,0,0,0,71,1,0.014084507042253521,158.79485620142043,1655.0,False,,,False,7,0
nn,adaptive,29,1740.0,29.0,5,disrupted,disrupted,29 31 45 49,3677,2.857142857142857,0.35,0.0,29.791643086372574,18.483333333333334,19,1,18,5.605528530558519,5.605528530558519,119.61976174686488,60.0,1800.0,0.0,0.0,0.0,43.46093909966294,0.0,0.0,119.61976174686488,1800.0,93.09234839297608,1527.8210911084002,,,,False,False,not_attempted,0,0,0,0,27,4,0.14814814814814814,158.13484027072576,1655.0,False,,,False,7,0
nn,adaptive,30,1800.0,30.0,6,recovering,recovering,29 31 45 49,3677,2.857142857142857,0.35,0.0,29.791643086372574,18.5,18,1,17,3.783877964003144,3.783877964003144,123.40363971086802,60.0,1860.0,6.220000796020031e-05,0.007504700100980699,0.007566900108940899,43.46850599977188,0.0,0.0,123.40363971086802,1860.0,88.1136262571386,1390.997817871616,88.1136262571386,90.98348437134821,-2.869858114209606,True,False,incumbent_not_worse,2,2,0,0,7,6,0.8571428571428571,156.09632965003365,1724.0,False,,,True,6,0
nn,adaptive,31,1860.0,31.0,6,recovering,recovering,29 31 45 49,3677,2.6595744680851063,0.376,0.04,30.2532796494895,18.516666666666666,17,4,13,4.345836982328794,1.0864592455821984,127.74947669319681,60.0,1920.0,0.0,0.0,0.0,43.46850599977188,0.0,0.0,127.74947669319681,1920.0,81.98579111418879,1369.3222586030327,,,,False,False,not_attempted,0,0,0,0,31,4,0.12903225806451613,153.21968975959496,1724.0,False,,,False,6,0
nn,adaptive,32,1920.0,32.0,6,recovering,recovering,29 31 45 49,3677,2.4875621890547266,0.40199999999999997,0.08,30.667011726301546,18.533333333333335,13,1,12,3.5794051943458474,3.5794051943458474,131.32888188754265,60.0,1980.0,0.0,0.0,0.0,43.46850599977188,0.0,0.0,131.32888188754265,1980.0,75.57249039159572,1312.5898119882127,,,,False,False,not_attempted,0,0,0,0,20,4,0.2,152.0729032282479,1724.0,False,,,False,5,0
nn,adaptive,33,1980.0,33.0,6,recovering,recovering,29 31 45 49,3677,2.336448598130841,0.428,0.12,31.039928153428818,18.55,12,2,10,1.8713501204066563,0.9356750602033281,133.2002320079493,60.0,2040.0,0.0,0.0,0.0,43.46850599977188,0.0,0.0,133.2002320079493,2040.0,70.34030246089405,1172.5253005452812,,,,False,False,not_attempted,0,0,0,0,10,0,0.0,150.74988573797995,1814.0,False,,,False,5,0
nn,adaptive,34,2040.0,34.0,6,recovering,recovering,29 31 45 49,3677,2.2026431718061676,0.45399999999999996,0.16,31.377784853971832,18.566666666666666,10,3,7,2.5555808316737667,0.8518602772245889,135.75581283962308,60.0,2100.0,0.0,0.0,0.0,43.46850599977188,0.0,0.0,135.75581283962308,2100.0,67.2078405845709,1157.8452828431034,,,,False,False,not_attempted,0,0,0,0,50,1,0.02,149.61661749215594,1814.0,False,,,False,4,0
nn,adaptive,35,2100.0,35.0,7,recovering,recovering,29 31 45 49,3677,2.0833333333333335,0.48,0.2,31.685304056537916,18.583333333333332,7,1,6,4.6249658874396244,4.6249658874396244,140.3807787270627,60.0,2160.0,10.994864200009033,0.002130999928340316,10.996995199937373,54.46550119970925,0.0,0.0,140.3807787270627,2160.0,63.57645759900489,1089.1744999813045,63.57645759900489,63.57645759900489,0.0,True,False,incumbent_not_worse,0,0,0,0,38,6,0.15789473684210525,148.12449542038314,1938.0,False,,,True,4,0
nn,adaptive,36,2160.0,36.0,7,recovering,recovering,29 31 45 49,3677,1.976284584980237,0.506,0.24,31.96639637345568,18.6,6,0,6,1.1529347456138885,1.1529347456138885,141.5337134726766,60.0,2220.0,0.0,0.0,0.0,54.46550119970925,0.0,0.0,141.5337134726766,2220.0,57.372392027817206,1017.2526587885823,,,,False,False,not_attempted,0,0,0,0,1,0,0.0,147.95119295710634,1938.0,False,,,False,4,0
nn,adaptive,37,2220.0,37.0,7,recovering,recovering,29 31 45 49,3677,1.8796992481203008,0.532,0.28,32.22432798433814,18.616666666666667,6,0,6,0.47167298861754986,0.47167298861754986,142.00538646129414,60.0,2280.0,0.0,0.0,0.0,54.46550119970925,0.0,0.0,142.00538646129414,2280.0,55.90782507408973,886.6561195164436,,,,False,False,not_attempted,0,0,0,0,1,0,0.0,147.857859623773,1938.0,False,,,False,3,0
nn,adaptive,38,2280.0,38.0,7,recovering,recovering,29 31 45 49,3677,1.7921146953405016,0.558,0.32,32.46184812933902,18.633333333333333,6,3,3,3.1695823232992786,1.0565274410997596,145.1749687845934,60.0,2340.0,0.0,0.0,0.0,54.46550119970925,0.0,0.0,145.1749687845934,2340.0,54.80027792602874,877.0470713592711,,,,False,False,not_attempted,0,0,0,0,26,4,0.15384615384615385,146.57156896561546,1938.0,False,,,False,3,0
nn,adaptive,39,2340.0,39.0,7,recovering,recovering,29 31 45 49,3677,1.7123287671232879,0.584,0.36,32.68128748683469,18.65,3,0,3,4.538329224076113,4.538329224076113,149.7132980086695,60.0,2400.0,0.0,0.0,0.0,54.46550119970925,0.0,0.0,149.7132980086695,2400.0,49.108333156280494,751.7121112361892,,,,False,False,not_attempted,0,0,0,0,9,6,0.6666666666666666,143.62564335293743,1938.0,False,,,False,3,0
nn,adaptive,40,2400.0,40.0,8,recovering,recovering,29 31 45 49,3677,1.639344262295082,0.61,0.4,32.884634908397665,18.666666666666668,3,0,3,0.6305367665671433,0.6305367665671433,150.34383477523664,60.0,2460.0,10.922732700011693,0.0005403000395745039,10.923273000051267,65.38877419976052,0.0,0.0,150.34383477523664,2460.0,45.021987377990826,733.7448108183605,45.021987377990826,45.021987377990826,0.0,True,False,incumbent_not_worse,0,0,0,0,0,0,0.0,143.5323100196041,1938.0,False,,,True,2,0
nn,adaptive,41,2460.0,41.0,8,recovering,recovering,29 31 45 49,3677,1.572327044025157,0.636,0.44,33.073597869454325,18.683333333333334,3,1,2,0.2926176344046112,0.2926176344046112,150.63645240964127,60.0,2520.0,0.0,0.0,0.0,65.38877419976052,0.0,0.0,150.63645240964127,2520.0,44.22193519271438,619.6056445117274,,,,False,False,not_attempted,0,0,0,0,0,0,0.0,143.49319517111942,1938.0,False,,,False,1,0
nn,adaptive,42,2520.0,42.0,8,recovering,recovering,29 31 45 49,3677,1.5105740181268883,0.6619999999999999,0.48,33.249650529638785,18.7,2,1,1,0.11210443454562215,0.11210443454562215,150.74855684418688,60.0,2580.0,0.0,0.0,0.0,65.38877419976052,0.0,0.0,150.74855684418688,2580.0,43.39933616631307,499.60564451172735,,,,False,False,not_attempted,0,0,0,0,0,0,0.0,143.49319517111942,1956.0,False,,,False,0,0
nn,adaptive,43,2580.0,43.0,8,recovering,recovering,29 31 45 49,3677,1.4534883720930234,0.688,0.52,33.41407226782236,18.716666666666665,1,1,0,41.56388053692929,41.56388053692929,192.31243738111615,531.0673442348518,3111.067344234852,0.0,0.0,0.0,65.38877419976052,0.0,0.0,192.31243738111615,3111.067344234852,42.811981951293376,499.60564451172735,,,,False,False,not_attempted,0,0,0,0,683,40,0.05856515373352855,138.65445799232802,1956.0,True,,,False,0,0
nn,static_live,0,0.0,0.0,0,normal,initial,29 31 45 49,0,1.0,1.0,0.0,34.78037077224997,18.0,84,0,84,16.660400703942315,16.660400703942315,16.660400703942315,60.0,60.0,9.957765099941753,0.252319399965927,10.21008449990768,10.21008449990768,0.0,0.0,16.660400703942315,60.0,162.58793156149096,2761.487785832027,,,,False,False,initial_plan,0,0,0,0,97,0,0.0,177.83388229329896,0.0,False,,,True,10,10
nn,static_live,1,60.0,1.0,0,normal,normal,29 31 45 49,0,1.0,1.0,0.0,34.78037077224997,18.016666666666666,84,0,84,2.671835477730445,2.671835477730445,19.332236181672762,60.0,120.0,0.0,0.0,0.0,10.21008449990768,0.0,0.0,19.332236181672762,120.0,144.89809698360446,2603.2770542730404,,,,False,False,not_attempted,0,0,0,0,24,0,0.0,177.65141542411558,0.0,False,,,False,9,10
nn,static_live,2,120.0,2.0,0,normal,normal,29 31 45 49,0,1.0,1.0,0.0,34.78037077224997,18.033333333333335,84,6,78,2.2336491502253266,0.37227485837088775,21.565885331898087,60.0,180.0,0.0,0.0,0.0,10.21008449990768,0.0,0.0,21.565885331898087,180.0,142.35879798598543,2603.2770542730404,,,,False,False,not_attempted,0,0,0,0,25,0,0.0,177.33697396192156,239.0,False,,,False,9,4
nn,static_live,3,180.0,3.0,0,normal,normal,29 31 45 49,0,1.0,1.0,0.0,34.78037077224997,18.05,78,4,74,4.632857667324735,1.1582144168311836,26.198742999222823,60.0,240.0,0.0,0.0,0.0,10.21008449990768,0.0,0.0,26.198742999222823,240.0,140.51455427701427,2575.2504365841983,,,,False,False,not_attempted,0,0,0,0,75,0,0.0,176.58965573332028,239.0,False,,,False,9,0
nn,static_live,4,240.0,4.0,0,normal,normal,29 31 45 49,0,1.0,1.0,0.0,34.78037077224997,18.066666666666666,74,0,74,2.1890984112485845,2.1890984112485845,28.387841410471406,60.0,300.0,0.0,0.0,0.0,10.21008449990768,0.0,0.0,28.387841410471406,300.0,135.7776609100203,2453.4542174026838,,,,False,False,not_attempted,0,0,0,0,38,0,0.0,176.38162922177597,239.0,False,,,False,9,0
nn,static_live,5,300.0,5.0,1,normal,normal,29 31 45 49,0,1.0,1.0,0.0,34.78037077224997,18.083333333333332,74,3,71,4.763597379502395,1.587865793167465,33.1514387899738,60.0,360.0,0.0,0.0,0.0,10.21008449990768,0.0,0.0,33.1514387899738,360.0,133.8378687044175,2453.4542174026838,,,,False,False,not_attempted,0,0,0,0,105,0,0.0,175.72436508422112,402.0,False,,,False,9,0
nn,static_live,6,360.0,6.0,1,normal,normal,29 31 45 49,0,1.0,1.0,0.0,34.78037077224997,18.1,71,2,69,4.5988841917568095,2.2994420958784048,37.75032298173061,60.0,420.0,0.0,0.0,0.0,10.21008449990768,0.0,0.0,37.75032298173061,420.0,128.65555322310212,2295.479016670314,,,,False,False,not_attempted,0,0,0,0,68,0,0.0,173.98774183949396,422.0,False,,,False,9,0
nn,static_live,7,420.0,7.0,1,normal,normal,29 31 45 49,0,1.0,1.0,0.0,34.78037077224997,18.116666666666667,69,3,66,4.0596296318654135,1.353209877288471,41.809952613596025,60.0,480.0,0.0,0.0,0.0,10.21008449990768,0.0,0.0,41.809952613596025,480.0,123.9692432558826,2295.479016670314,,,,False,False,not_attempted,0,0,0,0,59,0,0.0,172.73804103501027,477.0,False,,,False,8,0
nn,static_live,8,480.0,8.0,1,normal,normal,29 31 45 49,0,1.0,1.0,0.0,34.78037077224997,18.133333333333333,66,3,63,2.9617497333409846,0.9872499111136616,44.77170234693701,60.0,540.0,0.0,0.0,0.0,10.21008449990768,0.0,0.0,44.77170234693701,540.0,120.21492095922403,2165.047520150499,,,,False,False,not_attempted,0,0,0,0,53,0,0.0,172.64470770167694,647.0,False,,,False,8,0
nn,static_live,9,540.0,9.0,1,normal,normal,29 31 45 49,0,1.0,1.0,0.0,34.78037077224997,18.15,63,2,61,1.3608862693802408,0.6804431346901204,46.13258861631725,60.0,600.0,0.0,0.0,0.0,10.21008449990768,0.0,0.0,46.13258861631725,600.0,117.0907644351915,2165.047520150499,,,,False,False,not_attempted,0,0,0,0,35,0,0.0,172.53888579406538,647.0,False,,,False,8,0
nn,static_live,10,600.0,10.0,2,degrading,degrading,29 31 45 49,0,1.0,1.0,0.0,34.78037077224997,18.166666666666668,61,4,57,3.361017409988798,0.8402543524971995,49.49360602630605,60.0,660.0,0.0,0.0,0.0,10.21008449990768,0.0,0.0,49.49360602630605,660.0,115.72549646918236,2159.671519313145,,,,False,False,not_attempted,0,0,0,0,46,0,0.0,172.28418379893967,647.0,False,,,False,8,0
nn,static_live,11,660.0,11.0,2,degrading,degrading,29 31 45 49,3677,1.06951871657754,0.935,0.0,34.56371404486458,18.183333333333334,57,1,56,5.3618949750744305,5.3618949750744305,54.855501001380475,60.0,720.0,0.0,0.0,0.0,10.21008449990768,0.0,0.0,54.855501001380475,720.0,119.75169793548005,2113.5554442479747,,,,False,False,not_attempted,0,0,0,0,52,4,0.07692307692307693,170.6107783742012,659.0,False,,,False,8,0
nn,static_live,12,720.0,12.0,2,degrading,degrading,29 31 45 49,3677,1.1494252873563218,0.87,0.0,34.317993984953176,18.2,56,2,54,1.8662221867776652,0.9331110933888326,56.72172318815814,60.0,780.0,0.0,0.0,0.0,10.21008449990768,0.0,0.0,56.72172318815814,780.0,121.98783295405524,1989.871883449698,,,,False,False,not_attempted,0,0,0,0,34,10,0.29411764705882354,170.20338483629783,743.0,False,,,False,8,0
nn,static_live,13,780.0,13.0,2,degrading,degrading,29 31 45 49,3677,1.2422360248447206,0.8049999999999999,0.0,34.03694211724979,18.216666666666665,54,2,52,4.305376992369692,2.152688496184846,61.02710018052783,60.0,840.0,0.0,0.0,0.0,10.21008449990768,0.0,0.0,61.02710018052783,840.0,126.95576049578715,1910.582367034251,,,,False,False,not_attempted,0,0,0,0,38,27,0.7105263157894737,170.1100515029645,843.0,False,,,False,8,0
nn,static_live,14,840.0,14.0,2,degrading,degrading,29 31 45 49,3677,1.3513513513513513,0.74,0.0,33.712347650969065,18.233333333333334,52,3,49,6.35139660097545,2.11713220032515,67.37849678150329,60.0,900.0,0.0,0.0,0.0,10.21008449990768,0.0,0.0,67.37849678150329,900.0,129.18190766336443,1836.6597742730203,,,,False,False,not_attempted,0,0,0,0,46,20,0.43478260869565216,167.71471727564924,843.0,False,,,False,8,0
nn,static_live,15,900.0,15.0,3,degrading,degrading,29 31 45 49,3677,1.4814814814814814,0.675,0.0,33.33324201699034,18.25,49,1,48,3.9570390571833074,3.9570390571833074,71.3355358386866,60.0,960.0,0.0,0.0,0.0,10.21008449990768,0.0,0.0,71.3355358386866,960.0,129.40417202765917,2092.9698213309766,,,,False,False,not_attempted,0,0,0,0,41,4,0.0975609756097561,166.20343873996322,853.0,False,,,False,8,0
nn,static_live,16,960.0,16.0,3,degrading,degrading,29 31 45 49,3677,1.639344262295082,0.61,0.0,32.884634908397665,18.266666666666666,48,5,43,6.05005613371363,1.210011226742726,77.38559197240022,60.0,1020.0,0.0,0.0,0.0,10.21008449990768,0.0,0.0,77.38559197240022,1020.0,132.9531946702598,2115.769613559977,,,,False,False,not_attempted,0,0,0,0,76,6,0.07894736842105263,164.72423250848738,1087.0,False,,,False,8,0
nn,static_live,17,1020.0,17.0,3,degrading,degrading,29 31 45 49,3677,1.8348623853211008,0.545,0.0,32.34548500261859,18.283333333333335,43,0,43,2.568114743721861,2.568114743721861,79.95370671612208,60.0,1080.0,0.0,0.0,0.0,10.21008449990768,0.0,0.0,79.95370671612208,1080.0,135.32953843540767,2073.6340737767614,,,,False,False,not_attempted,0,0,0,0,60,1,0.016666666666666666,164.47158796189908,1087.0,False,,,False,8,0
nn,static_live,18,1080.0,18.0,3,degrading,degrading,29 31 45 49,3677,2.0833333333333335,0.48,0.0,31.685304056537916,18.3,43,1,42,4.055005415222827,4.055005415222827,84.00871213134491,60.0,1140.0,0.0,0.0,0.0,10.21008449990768,0.0,0.0,84.00871213134491,1140.0,142.24422886044655,2106.6225794880174,,,,False,False,not_attempted,0,0,0,0,44,6,0.13636363636363635,164.37825462856574,1087.0,False,,,False,8,0
nn,static_live,19,1140.0,19.0,3,degrading,degrading,29 31 45 49,3677,2.409638554216868,0.4149999999999999,0.0,30.85818486053072,18.316666666666666,42,3,39,7.42959293370928,2.4765309779030935,91.43830506505418,60.0,1200.0,0.0,0.0,0.0,10.21008449990768,0.0,0.0,91.43830506505418,1200.0,150.40904099429682,2024.210365552473,,,,False,False,not_attempted,0,0,0,0,60,11,0.18333333333333332,164.2415870279696,1087.0,False,,,False,8,0
nn,static_live,20,1200.0,20.0,4,disrupted,holding,29 31 45 49,3677,2.857142857142857,0.35,0.0,29.791643086372574,18.333333333333332,39,1,38,3.1971073497591167,3.1971073497591167,94.6354124148133,60.0,1260.0,0.0,0.0,0.0,10.21008449990768,0.0,0.0,94.6354124148133,1260.0,157.81319522823486,2410.3394042379214,,,,False,False,not_attempted,0,0,0,0,28,3,0.10714285714285714,164.14825369463625,1270.0,False,,,False,7,0
nn,static_live,21,1260.0,21.0,4,disrupted,disrupted,29 31 45 49,3677,2.857142857142857,0.35,0.0,29.791643086372574,18.35,38,3,35,4.631439668075755,1.5438132226919183,99.26685208288906,60.0,1320.0,0.0,0.0,0.0,10.21008449990768,0.0,0.0,99.26685208288906,1320.0,154.68431208994141,2275.6370369702713,,,,False,False,not_attempted,0,0,0,0,43,8,0.18604651162790697,162.83772463514703,1308.0,False,,,False,7,0
nn,static_live,22,1320.0,22.0,4,disrupted,disrupted,29 31 45 49,3677,2.857142857142857,0.35,0.0,29.791643086372574,18.366666666666667,35,3,32,9.89560557060774,3.29853519020258,109.1624576534968,60.0,1380.0,0.0,0.0,0.0,10.21008449990768,0.0,0.0,109.1624576534968,1380.0,149.89715577657236,2275.6370369702713,,,,False,False,not_attempted,0,0,0,0,52,13,0.25,161.23139056072966,1351.0,False,,,False,7,0
nn,static_live,23,1380.0,23.0,4,disrupted,disrupted,29 31 45 49,3677,2.857142857142857,0.35,0.0,29.791643086372574,18.383333333333333,32,0,32,6.992681365669662,6.992681365669662,116.15513901916647,60.0,1440.0,0.0,0.0,0.0,10.21008449990768,0.0,0.0,116.15513901916647,1440.0,138.70815855487345,2240.6573057869423,,,,False,False,not_attempted,0,0,0,0,14,5,0.35714285714285715,159.1735417162898,1351.0,False,,,False,7,0
nn,static_live,24,1440.0,24.0,4,disrupted,disrupted,29 31 45 49,3677,2.857142857142857,0.35,0.0,29.791643086372574,18.4,32,2,30,0.853538556227353,0.4267692781136765,117.00867757539382,60.0,1500.0,0.0,0.0,0.0,10.21008449990768,0.0,0.0,117.00867757539382,1500.0,133.02440076986315,2099.416916905141,,,,False,False,not_attempted,0,0,0,0,15,0,0.0,159.08020838295647,1456.0,False,,,False,7,0
nn,static_live,25,1500.0,25.0,5,disrupted,disrupted,29 31 45 49,3677,2.857142857142857,0.35,0.0,29.791643086372574,18.416666666666668,30,4,26,4.729806056859543,1.1824515142148857,121.73848363225336,60.0,1560.0,0.0,0.0,0.0,10.21008449990768,0.0,0.0,121.73848363225336,1560.0,132.48106280547995,2099.416916905141,,,,False,False,not_attempted,0,0,0,0,31,2,0.06451612903225806,158.7848867796504,1567.0,False,,,False,7,0
nn,static_live,26,1560.0,26.0,5,disrupted,disrupted,29 31 45 49,3677,2.857142857142857,0.35,0.0,29.791643086372574,18.433333333333334,26,1,25,10.237800150840021,10.237800150840021,131.97628378309338,60.0,1620.0,0.0,0.0,0.0,10.21008449990768,0.0,0.0,131.97628378309338,1620.0,126.77773467488632,2056.342498887186,,,,False,False,not_attempted,0,0,0,0,25,13,0.52,157.05956119892318,1567.0,False,,,False,7,0
nn,static_live,27,1620.0,27.0,5,disrupted,disrupted,29 31 45 49,3677,2.857142857142857,0.35,0.0,29.791643086372574,18.45,25,2,23,5.751838586062407,2.8759192930312034,137.72812236915578,60.0,1680.0,0.0,0.0,0.0,10.21008449990768,0.0,0.0,137.72812236915578,1680.0,115.38806091281457,1919.6257313043898,,,,False,False,not_attempted,0,0,0,0,26,2,0.07692307692307693,155.57740141730002,1567.0,False,,,False,7,0
nn,static_live,28,1680.0,28.0,5,disrupted,disrupted,29 31 45 49,3677,2.857142857142857,0.35,0.0,29.791643086372574,18.466666666666665,23,2,21,5.928442253547354,2.964221126773677,143.65656462270314,60.0,1740.0,0.0,0.0,0.0,10.21008449990768,0.0,0.0,143.65656462270314,1740.0,111.25948902003846,1919.6257313043898,,,,False,False,not_attempted,0,0,0,0,21,11,0.5238095238095238,153.1796936177953,1655.0,False,,,False,7,0
nn,static_live,29,1740.0,29.0,5,disrupted,disrupted,29 31 45 49,3677,2.857142857142857,0.35,0.0,29.791643086372574,18.483333333333334,21,1,20,9.219342929365238,9.219342929365238,152.87590755206838,60.0,1800.0,0.0,0.0,0.0,10.21008449990768,0.0,0.0,152.87590755206838,1800.0,104.76423216992305,1781.7635010791082,,,,False,False,not_attempted,0,0,0,0,31,9,0.2903225806451613,151.036510318112,1655.0,False,,,False,7,0
nn,static_live,30,1800.0,30.0,6,recovering,recovering,29 31 45 49,3677,2.857142857142857,0.35,0.0,29.791643086372574,18.5,20,2,18,4.538540450016667,2.2692702250083334,157.41444800208504,60.0,1860.0,0.0,0.0,0.0,10.21008449990768,0.0,0.0,157.41444800208504,1860.0,95.69787974841736,1781.7635010791082,,,,False,False,not_attempted,0,0,0,0,12,3,0.25,150.94317698477866,1724.0,False,,,False,6,0
nn,static_live,31,1860.0,31.0,6,recovering,recovering,29 31 45 49,3677,2.6595744680851063,0.376,0.04,30.2532796494895,18.516666666666666,18,3,15,6.322901327525658,2.107633775841886,163.7373493296107,60.0,1920.0,0.0,0.0,0.0,10.21008449990768,0.0,0.0,163.7373493296107,1920.0,88.45847721298753,1713.4593132187088,,,,False,False,not_attempted,0,0,0,0,23,7,0.30434782608695654,148.4685145356672,1724.0,False,,,False,6,0
nn,static_live,32,1920.0,32.0,6,recovering,recovering,29 31 45 49,3677,2.4875621890547266,0.40199999999999997,0.08,30.667011726301546,18.533333333333335,15,1,14,2.4277044898718256,2.4277044898718256,166.16505381948252,60.0,1980.0,0.0,0.0,0.0,10.21008449990768,0.0,0.0,166.16505381948252,1980.0,80.66239387824739,1553.6566727533218,,,,False,False,not_attempted,0,0,0,0,25,2,0.08,148.37518120233386,1807.0,False,,,False,6,0
nn,static_live,33,1980.0,33.0,6,recovering,recovering,29 31 45 49,3677,2.336448598130841,0.428,0.12,31.039928153428818,18.55,14,2,12,1.9387121051700047,0.9693560525850023,168.10376592465252,60.0,2040.0,0.0,0.0,0.0,10.21008449990768,0.0,0.0,168.10376592465252,2040.0,76.95625047058813,1218.50136877254,,,,False,False,not_attempted,0,0,0,0,16,0,0.0,147.26277525300168,1814.0,False,,,False,6,0
nn,static_live,34,2040.0,34.0,6,recovering,recovering,29 31 45 49,3677,2.2026431718061676,0.45399999999999996,0.16,31.377784853971832,18.566666666666666,12,2,10,3.546247155550353,1.7731235777751766,171.65001308020288,60.0,2100.0,0.0,0.0,0.0,10.21008449990768,0.0,0.0,171.65001308020288,2100.0,73.25962943841922,1054.1040639618473,,,,False,False,not_attempted,0,0,0,0,35,4,0.11428571428571428,147.00408084227712,1814.0,False,,,False,5,0
nn,static_live,35,2100.0,35.0,7,recovering,recovering,29 31 45 49,3677,2.0833333333333335,0.48,0.2,31.685304056537916,18.583333333333332,10,2,8,3.5039982067018824,1.7519991033509412,175.15401128690476,60.0,2160.0,0.0,0.0,0.0,10.21008449990768,0.0,0.0,175.15401128690476,2160.0,68.37077633287925,1036.8723927975834,,,,False,False,not_attempted,0,0,0,0,63,3,0.047619047619047616,146.28062051873576,1938.0,False,,,False,4,0
nn,static_live,36,2160.0,36.0,7,recovering,recovering,29 31 45 49,3677,1.976284584980237,0.506,0.24,31.96639637345568,18.6,8,1,7,5.0777700924787785,5.0777700924787785,180.23178137938353,60.0,2220.0,0.0,0.0,0.0,10.21008449990768,0.0,0.0,180.23178137938353,2220.0,63.812785130571505,1010.8155802028882,,,,False,False,not_attempted,0,0,0,0,14,3,0.21428571428571427,145.75626387274062,1938.0,False,,,False,3,0
nn,static_live,37,2220.0,37.0,7,recovering,recovering,29 31 45 49,3677,1.8796992481203008,0.532,0.28,32.22432798433814,18.616666666666667,7,1,6,1.854893539761443,1.854893539761443,182.08667491914497,60.0,2280.0,0.0,0.0,0.0,10.21008449990768,0.0,0.0,182.08667491914497,2280.0,57.92895118552146,935.2419004698679,,,,False,False,not_attempted,0,0,0,0,6,5,0.8333333333333334,145.66293053940728,1996.0,False,,,False,3,0
nn,static_live,38,2280.0,38.0,7,recovering,recovering,29 31 45 49,3677,1.7921146953405016,0.558,0.32,32.46184812933902,18.633333333333333,6,2,4,3.615325311387102,1.807662655693551,185.70200023053206,60.0,2340.0,0.0,0.0,0.0,10.21008449990768,0.0,0.0,185.70200023053206,2340.0,55.6202315990954,868.3389761143351,,,,False,False,not_attempted,0,0,0,0,29,9,0.3103448275862069,144.72138621482486,1996.0,False,,,False,3,0
nn,static_live,39,2340.0,39.0,7,recovering,recovering,29 31 45 49,3677,1.7123287671232879,0.584,0.36,32.68128748683469,18.65,4,0,4,1.0322208112439533,1.0322208112439533,186.734221041776,60.0,2400.0,0.0,0.0,0.0,10.21008449990768,0.0,0.0,186.734221041776,2400.0,50.95351496183419,795.2986244551994,,,,False,False,not_attempted,0,0,0,0,1,1,1.0,144.62805288149153,1996.0,False,,,False,2,0
nn,static_live,40,2400.0,40.0,8,recovering,recovering,29 31 45 49,3677,1.639344262295082,0.61,0.4,32.884634908397665,18.666666666666668,4,2,2,0.3561853609562723,0.17809268047813614,187.09040640273227,60.0,2460.0,0.0,0.0,0.0,10.21008449990768,0.0,0.0,187.09040640273227,2460.0,49.9082204280499,655.716747767916,,,,False,False,not_attempted,0,0,0,0,2,1,0.5,144.45277512064584,1996.0,False,,,False,1,0
nn,static_live,41,2460.0,41.0,8,recovering,recovering,29 31 45 49,3677,1.572327044025157,0.636,0.44,33.073597869454325,18.683333333333334,2,1,1,1.537603108246395,1.537603108246395,188.62800951097867,60.0,2520.0,0.0,0.0,0.0,10.21008449990768,0.0,0.0,188.62800951097867,2520.0,49.33053995826634,651.2106326720045,,,,False,False,not_attempted,0,0,0,0,10,9,0.9,142.94915180385408,1996.0,False,,,False,1,0
nn,static_live,42,2520.0,42.0,8,recovering,recovering,29 31 45 49,3677,1.5105740181268883,0.6619999999999999,0.48,33.249650529638785,18.7,1,0,1,0.7518885766838879,0.7518885766838879,189.37989808766255,60.0,2580.0,0.0,0.0,0.0,10.21008449990768,0.0,0.0,189.37989808766255,2580.0,47.675878840071626,647.0584722361949,,,,False,False,not_attempted,0,0,0,0,13,0,0.0,142.1972632271702,1996.0,False,,,False,1,0
nn,static_live,43,2580.0,43.0,8,recovering,recovering,29 31 45 49,3677,1.4534883720930234,0.688,0.52,33.41407226782236,18.716666666666665,1,0,1,0.09333333333333332,0.09333333333333332,189.4732314209959,60.0,2640.0,0.0,0.0,0.0,10.21008449990768,0.0,0.0,189.4732314209959,2640.0,46.565964886542645,643.220137879836,,,,False,False,not_attempted,0,0,0,0,0,0,0.0,142.10392989383686,1996.0,False,,,False,0,0
nn,static_live,44,2640.0,44.0,8,recovering,recovering,29 31 45 49,3677,1.400560224089636,0.714,0.56,33.567978823908035,18.733333333333334,1,1,0,45.598919389322255,45.598919389322255,235.07215081031813,546.2527011144426,3186.2527011144425,0.0,0.0,0.0,10.21008449990768,0.0,0.0,235.07215081031813,3186.2527011144425,46.2681927274464,639.6613460816433,,,,False,False,not_attempted,0,0,0,0,647,22,0.03400309119010819,136.5817341622013,1996.0,True,,,False,0,0
nn,static_frozen,0,0.0,0.0,0,normal,initial,29 31 45 49,0,1.0,1.0,0.0,34.78037077224997,18.0,84,0,84,16.660400703942315,16.660400703942315,16.660400703942315,60.0,60.0,9.957765099941753,0.252319399965927,10.21008449990768,10.21008449990768,0.0,0.0,16.660400703942315,60.0,162.58793156149096,2761.487785832027,,,,False,False,initial_plan,0,0,0,0,97,0,0.0,177.83388229329896,0.0,False,,,True,10,10
nn,static_frozen,1,60.0,1.0,0,normal,normal,29 31 45 49,0,1.0,1.0,0.0,34.78037077224997,18.016666666666666,84,0,84,2.671835477730445,2.671835477730445,19.332236181672762,60.0,120.0,0.0,0.0,0.0,10.21008449990768,0.0,0.0,19.332236181672762,120.0,144.89809698360446,2603.2770542730404,,,,False,False,not_attempted,0,0,0,0,24,0,0.0,177.65141542411558,0.0,False,,,False,9,10
nn,static_frozen,2,120.0,2.0,0,normal,normal,29 31 45 49,0,1.0,1.0,0.0,34.78037077224997,18.033333333333335,84,6,78,2.2336491502253266,0.37227485837088775,21.565885331898087,60.0,180.0,0.0,0.0,0.0,10.21008449990768,0.0,0.0,21.565885331898087,180.0,142.35879798598543,2603.2770542730404,,,,False,False,not_attempted,0,0,0,0,25,0,0.0,177.33697396192156,239.0,False,,,False,9,4
nn,static_frozen,3,180.0,3.0,0,normal,normal,29 31 45 49,0,1.0,1.0,0.0,34.78037077224997,18.05,78,4,74,4.632857667324735,1.1582144168311836,26.198742999222823,60.0,240.0,0.0,0.0,0.0,10.21008449990768,0.0,0.0,26.198742999222823,240.0,140.51455427701427,2575.2504365841983,,,,False,False,not_attempted,0,0,0,0,75,0,0.0,176.58965573332028,239.0,False,,,False,9,0
nn,static_frozen,4,240.0,4.0,0,normal,normal,29 31 45 49,0,1.0,1.0,0.0,34.78037077224997,18.066666666666666,74,0,74,2.1890984112485845,2.1890984112485845,28.387841410471406,60.0,300.0,0.0,0.0,0.0,10.21008449990768,0.0,0.0,28.387841410471406,300.0,135.7776609100203,2453.4542174026838,,,,False,False,not_attempted,0,0,0,0,38,0,0.0,176.38162922177597,239.0,False,,,False,9,0
nn,static_frozen,5,300.0,5.0,1,normal,normal,29 31 45 49,0,1.0,1.0,0.0,34.78037077224997,18.083333333333332,74,3,71,4.763597379502395,1.587865793167465,33.1514387899738,60.0,360.0,0.0,0.0,0.0,10.21008449990768,0.0,0.0,33.1514387899738,360.0,133.8378687044175,2453.4542174026838,,,,False,False,not_attempted,0,0,0,0,105,0,0.0,175.72436508422112,402.0,False,,,False,9,0
nn,static_frozen,6,360.0,6.0,1,normal,normal,29 31 45 49,0,1.0,1.0,0.0,34.78037077224997,18.1,71,2,69,4.5988841917568095,2.2994420958784048,37.75032298173061,60.0,420.0,0.0,0.0,0.0,10.21008449990768,0.0,0.0,37.75032298173061,420.0,128.65555322310212,2295.479016670314,,,,False,False,not_attempted,0,0,0,0,68,0,0.0,173.98774183949396,422.0,False,,,False,9,0
nn,static_frozen,7,420.0,7.0,1,normal,normal,29 31 45 49,0,1.0,1.0,0.0,34.78037077224997,18.116666666666667,69,3,66,4.0596296318654135,1.353209877288471,41.809952613596025,60.0,480.0,0.0,0.0,0.0,10.21008449990768,0.0,0.0,41.809952613596025,480.0,123.9692432558826,2295.479016670314,,,,False,False,not_attempted,0,0,0,0,59,0,0.0,172.73804103501027,477.0,False,,,False,8,0
nn,static_frozen,8,480.0,8.0,1,normal,normal,29 31 45 49,0,1.0,1.0,0.0,34.78037077224997,18.133333333333333,66,3,63,2.9617497333409846,0.9872499111136616,44.77170234693701,60.0,540.0,0.0,0.0,0.0,10.21008449990768,0.0,0.0,44.77170234693701,540.0,120.21492095922403,2165.047520150499,,,,False,False,not_attempted,0,0,0,0,53,0,0.0,172.64470770167694,647.0,False,,,False,8,0
nn,static_frozen,9,540.0,9.0,1,normal,normal,29 31 45 49,0,1.0,1.0,0.0,34.78037077224997,18.15,63,2,61,1.360887868666041,0.6804439343330205,46.13259021560305,60.0,600.0,0.0,0.0,0.0,10.21008449990768,0.0,0.0,46.13259021560305,600.0,117.0907644351915,2165.047520150499,,,,False,False,not_attempted,0,0,0,0,35,0,0.0,172.53888579406538,647.0,False,,,False,8,0
nn,static_frozen,10,600.0,10.0,2,degrading,degrading,29 31 45 49,0,1.0,1.0,0.0,34.78037077224997,18.166666666666668,61,4,57,3.3611376239174127,0.8402844059793532,49.49372783952047,60.0,660.0,0.0,0.0,0.0,10.21008449990768,0.0,0.0,49.49372783952047,660.0,115.72549646918236,2159.671519313145,,,,False,False,not_attempted,0,0,0,0,46,0,0.0,172.28418379893967,647.0,False,,,False,8,0
nn,static_frozen,11,660.0,11.0,2,degrading,degrading,29 31 45 49,3677,1.06951871657754,0.935,0.0,34.56371404486458,18.183333333333334,57,1,56,5.3618949750744305,5.3618949750744305,54.855622814594895,60.0,720.0,0.0,0.0,0.0,10.21008449990768,0.0,0.0,54.855622814594895,720.0,119.75169793548005,2113.5554442479747,,,,False,False,not_attempted,0,0,0,0,52,4,0.07692307692307693,170.6107783742012,659.0,False,,,False,8,0
nn,static_frozen,12,720.0,12.0,2,degrading,degrading,29 31 45 49,3677,1.1494252873563218,0.87,0.0,34.317993984953176,18.2,56,2,54,1.9203635929906393,0.9601817964953197,56.775986407585535,60.0,780.0,0.0,0.0,0.0,10.21008449990768,0.0,0.0,56.775986407585535,780.0,121.98783295405524,1989.871883449698,,,,False,False,not_attempted,0,0,0,0,36,12,0.3333333333333333,170.20338483629783,743.0,False,,,False,8,0
nn,static_frozen,13,780.0,13.0,2,degrading,degrading,29 31 45 49,3677,1.2422360248447206,0.8049999999999999,0.0,34.03694211724979,18.216666666666665,54,2,52,4.578646245190679,2.2893231225953397,61.35463265277622,60.0,840.0,0.0,0.0,0.0,10.21008449990768,0.0,0.0,61.35463265277622,840.0,126.90049145270653,1910.582367034251,,,,False,False,not_attempted,0,0,0,0,45,34,0.7555555555555555,170.1100515029645,843.0,False,,,False,8,0
nn,static_frozen,14,840.0,14.0,2,degrading,degrading,29 31 45 49,3677,1.3513513513513513,0.74,0.0,33.712347650969065,18.233333333333334,52,3,49,6.083515122552798,2.0278383741842663,67.43814777532901,60.0,900.0,0.0,0.0,0.0,10.21008449990768,0.0,0.0,67.43814777532901,900.0,128.85836891953534,1836.6597742730203,,,,False,False,not_attempted,0,0,0,0,42,16,0.38095238095238093,167.71471727564924,843.0,False,,,False,8,0
nn,static_frozen,15,900.0,15.0,3,degrading,degrading,29 31 45 49,3677,1.4814814814814814,0.675,0.0,33.33324201699034,18.25,49,1,48,4.668675625754867,4.668675625754867,72.10682340108389,60.0,960.0,0.0,0.0,0.0,10.21008449990768,0.0,0.0,72.10682340108389,960.0,129.40417202765917,2092.9698213309766,,,,False,False,not_attempted,0,0,0,0,26,11,0.4230769230769231,166.20343873996322,853.0,False,,,False,8,0
nn,static_frozen,16,960.0,16.0,3,degrading,degrading,29 31 45 49,3677,1.639344262295082,0.61,0.0,32.884634908397665,18.266666666666666,48,5,43,8.682696181926152,1.7365392363852306,80.78951958301003,60.0,1020.0,0.0,0.0,0.0,10.21008449990768,0.0,0.0,80.78951958301003,1020.0,133.0954181038732,2115.769613559977,,,,False,False,not_attempted,0,0,0,0,85,25,0.29411764705882354,164.72423250848738,1087.0,False,,,False,8,0
nn,static_frozen,17,1020.0,17.0,3,degrading,degrading,29 31 45 49,3677,1.8348623853211008,0.545,0.0,32.34548500261859,18.283333333333335,43,0,43,3.1126741578867585,3.1126741578867585,83.90219374089679,60.0,1080.0,0.0,0.0,0.0,10.21008449990768,0.0,0.0,83.90219374089679,1080.0,133.1986201360279,2073.6340737767614,,,,False,False,not_attempted,0,0,0,0,44,11,0.25,164.47158796189908,1087.0,False,,,False,8,0
nn,static_frozen,18,1080.0,18.0,3,degrading,degrading,29 31 45 49,3677,2.0833333333333335,0.48,0.0,31.685304056537916,18.3,43,2,41,3.865912052524818,1.932956026262409,87.76810579342161,60.0,1140.0,0.0,0.0,0.0,10.21008449990768,0.0,0.0,87.76810579342161,1140.0,141.73303268978916,2106.6225794880174,,,,False,False,not_attempted,0,0,0,0,24,13,0.5416666666666666,164.37825462856574,1087.0,False,,,False,8,0
nn,static_frozen,19,1140.0,19.0,3,degrading,degrading,29 31 45 49,3677,2.409638554216868,0.4149999999999999,0.0,30.85818486053072,18.316666666666666,41,3,38,8.118336814112604,2.706112271370868,95.88644260753422,60.0,1200.0,0.0,0.0,0.0,10.21008449990768,0.0,0.0,95.88644260753422,1200.0,153.0450526130718,2024.210365552473,,,,False,False,not_attempted,0,0,0,0,51,18,0.35294117647058826,164.2415870279696,1087.0,False,,,False,8,0
nn,static_frozen,20,1200.0,20.0,4,disrupted,holding,29 31 45 49,3677,2.857142857142857,0.35,0.0,29.791643086372574,18.333333333333332,38,1,37,4.2381475089425775,4.2381475089425775,100.1245901164768,60.0,1260.0,0.0,0.0,0.0,10.21008449990768,0.0,0.0,100.1245901164768,1260.0,160.73692703407318,2410.3394042379214,,,,False,False,not_attempted,0,0,0,0,28,7,0.25,164.14825369463625,1270.0,False,,,False,7,0
nn,static_frozen,21,1260.0,21.0,4,disrupted,disrupted,29 31 45 49,3677,2.857142857142857,0.35,0.0,29.791643086372574,18.35,37,4,33,8.072082481421043,2.018020620355261,108.19667259789784,60.0,1320.0,0.0,0.0,0.0,10.21008449990768,0.0,0.0,108.19667259789784,1320.0,157.8733883392482,2275.6370369702713,,,,False,False,not_attempted,0,0,0,0,25,17,0.68,162.7387089291588,1308.0,False,,,False,7,0
nn,static_frozen,22,1320.0,22.0,4,disrupted,disrupted,29 31 45 49,3677,2.857142857142857,0.35,0.0,29.791643086372574,18.366666666666667,33,3,30,10.812508259899811,3.604169419966604,119.00918085779766,60.0,1380.0,0.0,0.0,0.0,10.21008449990768,0.0,0.0,119.00918085779766,1380.0,153.28295416814743,2275.6370369702713,,,,False,False,not_attempted,0,0,0,0,58,17,0.29310344827586204,160.09851080432225,1351.0,False,,,False,7,0
nn,static_frozen,23,1380.0,23.0,4,disrupted,disrupted,29 31 45 49,3677,2.857142857142857,0.35,0.0,29.791643086372574,18.383333333333333,30,0,30,12.142029470373984,12.142029470373984,131.15121032817166,60.0,1440.0,0.0,0.0,0.0,10.21008449990768,0.0,0.0,131.15121032817166,1440.0,145.96827925833702,2240.6573057869423,,,,False,False,not_attempted,0,0,0,0,30,21,0.7,155.08772025016526,1351.0,False,,,False,7,0
nn,static_frozen,24,1440.0,24.0,4,disrupted,disrupted,29 31 45 49,3677,2.857142857142857,0.35,0.0,29.791643086372574,18.4,30,2,28,4.196228781988353,2.0981143909941764,135.34743911016,60.0,1500.0,0.0,0.0,0.0,10.21008449990768,0.0,0.0,135.34743911016,1500.0,135.26785139128515,2099.416916905141,,,,False,False,not_attempted,0,0,0,0,11,5,0.45454545454545453,151.52427920374555,1456.0,False,,,False,7,0
nn,static_frozen,25,1500.0,25.0,5,disrupted,disrupted,29 31 45 49,3677,2.857142857142857,0.35,0.0,29.791643086372574,18.416666666666668,28,4,24,4.283828613793552,1.070957153448388,139.63126772395356,60.0,1560.0,0.0,0.0,0.0,10.21008449990768,0.0,0.0,139.63126772395356,1560.0,131.9302676742231,2099.416916905141,,,,False,False,not_attempted,0,0,0,0,30,2,0.06666666666666667,151.43094587041222,1567.0,False,,,False,7,0
nn,static_frozen,26,1560.0,26.0,5,disrupted,disrupted,29 31 45 49,3677,2.857142857142857,0.35,0.0,29.791643086372574,18.433333333333334,24,1,23,10.826386526310916,10.826386526310916,150.45765425026448,60.0,1620.0,0.0,0.0,0.0,10.21008449990768,0.0,0.0,150.45765425026448,1620.0,126.23393947557237,2056.342498887186,,,,False,False,not_attempted,0,0,0,0,29,17,0.5862068965517241,151.188357643222,1567.0,False,,,False,7,0
nn,static_frozen,27,1620.0,27.0,5,disrupted,disrupted,29 31 45 49,3677,2.857142857142857,0.35,0.0,29.791643086372574,18.45,23,2,21,11.131914330197736,5.565957165098868,161.5895685804622,60.0,1680.0,0.0,0.0,0.0,10.21008449990768,0.0,0.0,161.5895685804622,1680.0,118.52495414935098,1919.6257313043898,,,,False,False,not_attempted,0,0,0,0,60,14,0.23333333333333334,148.04166808384852,1567.0,False,,,False,7,0
nn,static_frozen,28,1680.0,28.0,5,disrupted,disrupted,29 31 45 49,3677,2.857142857142857,0.35,0.0,29.791643086372574,18.466666666666665,21,2,19,7.7761061879593845,3.8880530939796922,169.3656747684216,60.0,1740.0,0.0,0.0,0.0,10.21008449990768,0.0,0.0,169.3656747684216,1740.0,110.23175097670209,1919.6257313043898,,,,False,False,not_attempted,0,0,0,0,23,13,0.5652173913043478,145.28569879984622,1655.0,False,,,False,7,0
nn,static_frozen,29,1740.0,29.0,5,disrupted,disrupted,29 31 45 49,3677,2.857142857142857,0.35,0.0,29.791643086372574,18.483333333333334,19,1,18,9.43586427215197,9.43586427215197,178.80153904057357,60.0,1800.0,0.0,0.0,0.0,10.21008449990768,0.0,0.0,178.80153904057357,1800.0,102.26690466136363,1781.7635010791082,,,,False,False,not_attempted,0,0,0,0,13,8,0.6153846153846154,144.53482266788242,1716.0,False,,,False,7,0
nn,static_frozen,30,1800.0,30.0,6,recovering,recovering,29 31 45 49,3677,2.857142857142857,0.35,0.0,29.791643086372574,18.5,18,3,15,7.690292671750202,2.5634308905834007,186.49183171232377,60.0,1860.0,0.0,0.0,0.0,10.21008449990768,0.0,0.0,186.49183171232377,1860.0,94.90514647377483,1781.7635010791082,,,,False,False,not_attempted,0,0,0,0,48,15,0.3125,139.61541498803138,1724.0,False,,,False,6,0
nn,static_frozen,31,1860.0,31.0,6,recovering,recovering,29 31 45 49,3677,2.6595744680851063,0.376,0.04,30.2532796494895,18.516666666666666,15,2,13,6.215000976674575,3.1075004883372874,192.70683268899836,60.0,1920.0,0.0,0.0,0.0,10.21008449990768,0.0,0.0,192.70683268899836,1920.0,84.16877967790617,1713.4593132187088,,,,False,False,not_attempted,0,0,0,0,22,4,0.18181818181818182,136.27194826800235,1724.0,False,,,False,6,0
nn,static_frozen,32,1920.0,32.0,6,recovering,recovering,29 31 45 49,3677,2.4875621890547266,0.40199999999999997,0.08,30.667011726301546,18.533333333333335,13,1,12,1.417757844280803,1.417757844280803,194.12459053327916,60.0,1980.0,0.0,0.0,0.0,10.21008449990768,0.0,0.0,194.12459053327916,1980.0,76.65574212516393,1553.6566727533218,,,,False,False,not_attempted,0,0,0,0,4,0,0.0,135.69812027446005,1807.0,False,,,False,6,0
nn,static_frozen,33,1980.0,33.0,6,recovering,recovering,29 31 45 49,3677,2.336448598130841,0.428,0.12,31.039928153428818,18.55,12,3,9,2.926419297433652,0.9754730991445507,197.05100983071281,60.0,2040.0,0.0,0.0,0.0,10.21008449990768,0.0,0.0,197.05100983071281,2040.0,74.3332759754602,1218.50136877254,,,,False,False,not_attempted,0,0,0,0,26,6,0.23076923076923078,135.46770412363804,1865.0,False,,,False,5,0
nn,static_frozen,34,2040.0,34.0,6,recovering,recovering,29 31 45 49,3677,2.2026431718061676,0.45399999999999996,0.16,31.377784853971832,18.566666666666666,9,1,8,4.8555531430421865,4.8555531430421865,201.906562973755,60.0,2100.0,0.0,0.0,0.0,10.21008449990768,0.0,0.0,201.906562973755,2100.0,70.79534199096364,1054.1040639618473,,,,False,False,not_attempted,0,0,0,0,43,9,0.20930232558139536,135.27687687083193,1865.0,False,,,False,5,0
nn,static_frozen,35,2100.0,35.0,7,recovering,recovering,29 31 45 49,3677,2.0833333333333335,0.48,0.2,31.685304056537916,18.583333333333332,8,1,7,2.3578340931520847,2.3578340931520847,204.2643970669071,60.0,2160.0,0.0,0.0,0.0,10.21008449990768,0.0,0.0,204.2643970669071,2160.0,64.71485659761339,1036.8723927975834,,,,False,False,not_attempted,0,0,0,0,21,3,0.14285714285714285,135.1835435374986,1938.0,False,,,False,3,0
nn,static_frozen,36,2160.0,36.0,7,recovering,recovering,29 31 45 49,3677,1.976284584980237,0.506,0.24,31.96639637345568,18.6,7,3,4,9.091572645655319,3.0305242152184397,213.3559697125624,60.0,2220.0,0.0,0.0,0.0,10.21008449990768,0.0,0.0,213.3559697125624,2220.0,63.314470833262284,1030.785457520769,,,,False,False,not_attempted,0,0,0,0,12,12,1.0,135.109706911543,1991.0,False,,,False,2,0
nn,static_frozen,37,2220.0,37.0,7,recovering,recovering,29 31 45 49,3677,1.8796992481203008,0.532,0.28,32.22432798433814,18.616666666666667,4,1,3,3.134297032525714,3.134297032525714,216.49026674508812,60.0,2280.0,0.0,0.0,0.0,10.21008449990768,0.0,0.0,216.49026674508812,2280.0,54.434938341512456,856.4075600038362,,,,False,False,not_attempted,0,0,0,0,8,7,0.875,135.109706911543,1996.0,False,,,False,2,0
nn,static_frozen,38,2280.0,38.0,7,recovering,recovering,29 31 45 49,3677,1.7921146953405016,0.558,0.32,32.46184812933902,18.633333333333333,3,0,3,0.34036807084858,0.34036807084858,216.8306348159367,60.0,2340.0,0.0,0.0,0.0,10.21008449990768,0.0,0.0,216.8306348159367,2340.0,50.88643796248277,785.9887520725742,,,,False,False,not_attempted,0,0,0,0,0,0,0.0,135.109706911543,1996.0,False,,,False,2,0
nn,static_frozen,39,2340.0,39.0,7,recovering,recovering,29 31 45 49,3677,1.7123287671232879,0.584,0.36,32.68128748683469,18.65,3,1,2,0.9246341232091044,0.9246341232091044,217.7552689391458,60.0,2400.0,0.0,0.0,0.0,10.21008449990768,0.0,0.0,217.7552689391458,2400.0,50.29038298744467,660.6240922901757,,,,False,False,not_attempted,0,0,0,0,6,4,0.6666666666666666,135.109706911543,1996.0,False,,,False,1,0
nn,static_frozen,40,2400.0,40.0,8,recovering,recovering,29 31 45 49,3677,1.639344262295082,0.61,0.4,32.884634908397665,18.666666666666668,2,1,1,1.422701256105533,1.422701256105533,219.17797019525133,60.0,2460.0,0.0,0.0,0.0,10.21008449990768,0.0,0.0,219.17797019525133,2460.0,49.038502738180085,655.716747767916,,,,False,False,not_attempted,0,0,0,0,15,6,0.4,135.109706911543,1996.0,False,,,False,1,0
nn,static_frozen,41,2460.0,41.0,8,recovering,recovering,29 31 45 49,3677,1.572327044025157,0.636,0.44,33.073597869454325,18.683333333333334,1,0,1,0.40678320796084727,0.40678320796084727,219.58475340321218,60.0,2520.0,0.0,0.0,0.0,10.21008449990768,0.0,0.0,219.58475340321218,2520.0,47.52577018978762,651.2106326720045,,,,False,False,not_attempted,0,0,0,0,4,0,0.0,135.109706911543,1996.0,False,,,False,1,0
nn,static_frozen,42,2520.0,42.0,8,recovering,recovering,29 31 45 49,3677,1.5105740181268883,0.6619999999999999,0.48,33.249650529638785,18.7,1,0,1,0.09333333333333332,0.09333333333333332,219.6780867365455,60.0,2580.0,0.0,0.0,0.0,10.21008449990768,0.0,0.0,219.6780867365455,2580.0,46.84299393066119,647.0584722361949,,,,False,False,not_attempted,0,0,0,0,0,0,0.0,135.109706911543,1996.0,False,,,False,0,0
nn,static_frozen,43,2580.0,43.0,8,recovering,recovering,29 31 45 49,3677,1.4534883720930234,0.688,0.52,33.41407226782236,18.716666666666665,1,1,0,49.262529268611786,49.262529268611786,268.9406160051573,552.7725407599585,3132.7725407599582,0.0,0.0,0.0,10.21008449990768,0.0,0.0,268.9406160051573,3132.7725407599582,46.565964886542645,643.220137879836,,,,False,False,not_attempted,0,0,0,0,632,183,0.28955696202531644,128.1313505378546,1996.0,True,,,False,0,0
aco,adaptive,0,0.0,0.0,0,normal,initial,29 31 45 49,0,1.0,1.0,0.0,34.78037077224997,18.0,84,0,84,18.680839634308782,18.680839634308782,18.680839634308782,60.0,60.0,9.003784299944527,22.83633279998321,31.84011709992774,31.84011709992774,0.0,0.0,18.680839634308782,60.0,129.8572811733068,2948.952446263193,,,,False,False,initial_plan,0,0,0,0,130,0,0.0,177.2717760608753,0.0,False,,,True,10,10
aco,adaptive,1,60.0,1.0,0,normal,normal,29 31 45 49,0,1.0,1.0,0.0,34.78037077224997,18.016666666666666,84,0,84,4.7680615934003905,4.7680615934003905,23.44890122770917,60.0,120.0,0.0,0.0,0.0,31.84011709992774,0.0,0.0,23.44890122770917,120.0,110.44402959570512,2884.5846107093394,,,,False,False,not_attempted,0,0,0,0,76,0,0.0,176.09020652430007,0.0,False,,,False,10,10
aco,adaptive,2,120.0,2.0,0,normal,normal,29 31 45 49,0,1.0,1.0,0.0,34.78037077224997,18.033333333333335,84,3,81,5.306297452810553,1.7687658176035177,28.755198680519726,60.0,180.0,0.0,0.0,0.0,31.84011709992774,0.0,0.0,28.755198680519726,180.0,105.15915328473176,2752.5964808827875,,,,False,False,not_attempted,0,0,0,0,66,0,0.0,174.7596401655785,215.0,False,,,False,9,7
aco,adaptive,3,180.0,3.0,0,normal,normal,29 31 45 49,0,1.0,1.0,0.0,34.78037077224997,18.05,81,3,78,4.660065898009958,1.5533552993366528,33.41526457852969,60.0,240.0,0.0,0.0,0.0,31.84011709992774,0.0,0.0,33.41526457852969,240.0,100.06592291517671,2752.5964808827875,,,,False,False,not_attempted,0,0,0,0,63,0,0.0,174.60001662259305,215.0,False,,,False,9,4
aco,adaptive,4,240.0,4.0,0,normal,normal,29 31 45 49,0,1.0,1.0,0.0,34.78037077224997,18.066666666666666,78,1,77,3.024516702171434,3.024516702171434,36.43978128070112,60.0,300.0,0.0,0.0,0.0,31.84011709992774,0.0,0.0,36.43978128070112,300.0,95.6512867909427,2700.7402108848582,,,,False,False,not_attempted,0,0,0,0,41,0,0.0,174.23595111138894,241.0,False,,,False,9,4
aco,adaptive,5,300.0,5.0,1,normal,normal,29 31 45 49,0,1.0,1.0,0.0,34.78037077224997,18.083333333333332,77,4,73,2.8679341198432,0.7169835299608,39.30771540054432,60.0,360.0,10.527046300005168,216.07054760004394,226.5975939000491,258.43771099997684,0.0,0.0,39.30771540054432,360.0,92.80451466956619,2531.148694412799,92.80451466956619,97.76350319187286,-4.958988522306669,True,False,incumbent_not_worse,6,28,0,0,31,0,0.0,174.1426177780556,402.0,False,,,True,9,2
aco,adaptive,6,360.0,6.0,1,normal,normal,29 31 45 49,0,1.0,1.0,0.0,34.78037077224997,18.1,73,3,70,3.5198933529509064,1.1732977843169687,42.82760875349523,60.0,420.0,0.0,0.0,0.0,258.43771099997684,0.0,0.0,42.82760875349523,420.0,89.49872562010101,2531.148694412799,,,,False,False,not_attempted,0,0,0,0,44,0,0.0,173.80269504982573,422.0,False,,,False,9,1
aco,adaptive,7,420.0,7.0,1,normal,normal,29 31 45 49,0,1.0,1.0,0.0,34.78037077224997,18.116666666666667,70,3,67,4.091652081357425,1.3638840271191415,46.91926083485265,60.0,480.0,0.0,0.0,0.0,258.43771099997684,0.0,0.0,46.91926083485265,480.0,86.23763270067052,2527.8765656637133,,,,False,False,not_attempted,0,0,0,0,30,0,0.0,171.7315048732715,641.0,False,,,False,9,1
aco,adaptive,8,480.0,8.0,1,normal,normal,29 31 45 49,0,1.0,1.0,0.0,34.78037077224997,18.133333333333333,67,4,63,1.9465284663171223,0.48663211657928057,48.86578930116977,60.0,540.0,0.0,0.0,0.0,258.43771099997684,0.0,0.0,48.86578930116977,540.0,82.12902723057795,2353.8339100285225,,,,False,False,not_attempted,0,0,0,0,27,0,0.0,171.63817153993816,647.0,False,,,False,9,0
aco,adaptive,9,540.0,9.0,1,normal,normal,29 31 45 49,0,1.0,1.0,0.0,34.78037077224997,18.15,63,4,59,3.8465037675471145,0.9616259418867786,52.71229306871688,60.0,600.0,0.0,0.0,0.0,258.43771099997684,0.0,0.0,52.71229306871688,600.0,80.2902564326039,2353.8339100285225,,,,False,False,not_attempted,0,0,0,0,34,0,0.0,171.54640459197284,647.0,False,,,False,9,0
aco,adaptive,10,600.0,10.0,2,degrading,degrading,29 31 45 49,0,1.0,1.0,0.0,34.78037077224997,18.166666666666668,59,2,57,2.2406318836965116,1.1203159418482558,54.95292495241339,60.0,660.0,5.779997445642948e-05,129.7271254999796,129.72718329995405,388.1648942999309,0.0,0.0,54.95292495241339,660.0,76.26459852359919,2334.9570515159016,76.26459852359919,84.2003470171799,-7.935748493580704,True,False,incumbent_not_worse,7,16,0,0,28,0,0.0,171.29011539682318,871.0,False,,,True,9,0
aco,adaptive,11,660.0,11.0,2,degrading,degrading,29 31 45 49,3677,1.06951871657754,0.935,0.0,34.56371404486458,18.183333333333334,57,3,54,1.864475894055082,0.6214919646850273,56.81740084646847,60.0,720.0,0.0,0.0,0.0,388.1648942999309,0.0,0.0,56.81740084646847,720.0,77.91247220641972,2198.5130543089927,,,,False,False,not_attempted,0,0,0,0,24,7,0.2916666666666667,171.19678206348985,871.0,False,,,False,7,0
aco,adaptive,12,720.0,12.0,2,degrading,degrading,29 31 45 49,3677,1.1494252873563218,0.87,0.0,34.317993984953176,18.2,54,4,50,2.0834059682333734,0.5208514920583434,58.900806814701845,60.0,780.0,0.0,0.0,0.0,388.1648942999309,0.0,0.0,58.900806814701845,780.0,80.12787436447819,2211.289508462499,,,,False,False,not_attempted,0,0,0,0,38,0,0.0,170.7053520396286,1037.0,False,,,False,7,0
aco,adaptive,13,780.0,13.0,2,degrading,degrading,29 31 45 49,3677,1.2422360248447206,0.8049999999999999,0.0,34.03694211724979,18.216666666666665,50,3,47,2.0949751967768937,0.6983250655922979,60.99578201147874,60.0,840.0,0.0,0.0,0.0,388.1648942999309,0.0,0.0,60.99578201147874,840.0,82.24729943101362,2183.0458566725847,,,,False,False,not_attempted,0,0,0,0,18,8,0.4444444444444444,170.01502271405593,1037.0,False,,,False,7,0
aco,adaptive,14,840.0,14.0,2,degrading,degrading,29 31 45 49,3677,1.3513513513513513,0.74,0.0,33.712347650969065,18.233333333333334,47,2,45,1.7488120855788787,0.8744060427894393,62.744594097057615,60.0,900.0,0.0,0.0,0.0,388.1648942999309,0.0,0.0,62.744594097057615,900.0,84.32044218787293,2064.3761612535404,,,,False,False,not_attempted,0,0,0,0,13,1,0.07692307692307693,169.912246448997,1037.0,False,,,False,7,0
aco,adaptive,15,900.0,15.0,3,degrading,degrading,29 31 45 49,3677,1.4814814814814814,0.675,0.0,33.33324201699034,18.25,45,3,42,1.1196620779134456,0.3732206926378152,63.86425617497106,60.0,960.0,10.792853299994022,97.11441009992268,107.9072633999167,496.0721576998476,0.0,0.0,63.86425617497106,960.0,87.63639665815317,2078.9683856581632,87.63639665815317,96.7511271150551,-9.114730456901924,True,False,incumbent_not_worse,5,21,0,0,32,2,0.0625,169.80947018393806,1142.0,False,,,True,7,0
aco,adaptive,16,960.0,16.0,3,degrading,degrading,29 31 45 49,3677,1.639344262295082,0.61,0.0,32.884634908397665,18.266666666666666,42,2,40,3.4306855875304203,1.7153427937652101,67.29494176250148,60.0,1020.0,0.0,0.0,0.0,496.0721576998476,0.0,0.0,67.29494176250148,1020.0,92.1320406848362,2096.6704283785257,,,,False,False,not_attempted,0,0,0,0,35,6,0.17142857142857143,169.5629603131352,1142.0,False,,,False,7,0
aco,adaptive,17,1020.0,17.0,3,degrading,degrading,29 31 45 49,3677,1.8348623853211008,0.545,0.0,32.34548500261859,18.283333333333335,40,3,37,4.865849656639902,1.621949885546634,72.16079141914139,60.0,1080.0,0.0,0.0,0.0,496.0721576998476,0.0,0.0,72.16079141914139,1080.0,94.5594701483368,2058.244780218142,,,,False,False,not_attempted,0,0,0,0,44,0,0.0,169.0078052550611,1391.0,False,,,False,7,0
aco,adaptive,18,1080.0,18.0,3,degrading,degrading,29 31 45 49,3677,2.0833333333333335,0.48,0.0,31.685304056537916,18.3,37,0,37,2.6838765011140997,2.6838765011140997,74.84466792025549,60.0,1140.0,0.0,0.0,0.0,496.0721576998476,0.0,0.0,74.84466792025549,1140.0,95.63115811726766,2039.9506308964205,,,,False,False,not_attempted,0,0,0,0,11,0,0.0,168.7458575592287,1391.0,False,,,False,6,0
aco,adaptive,19,1140.0,19.0,3,degrading,degrading,29 31 45 49,3677,2.409638554216868,0.4149999999999999,0.0,30.85818486053072,18.316666666666666,37,3,34,2.1604239823624085,0.7201413274541362,77.00509190261789,60.0,1200.0,0.0,0.0,0.0,496.0721576998476,0.0,0.0,77.00509190261789,1200.0,101.10845113500308,1944.4346063913817,,,,False,False,not_attempted,0,0,0,0,26,0,0.0,168.53429817409727,1391.0,False,,,False,5,0
aco,adaptive,20,1200.0,20.0,4,disrupted,holding,29 31 45 49,3677,2.857142857142857,0.35,0.0,29.791643086372574,18.333333333333332,34,3,31,3.1526764731277686,1.0508921577092563,80.15776837574566,60.0,1260.0,10.594937100075185,78.40148180001415,88.99641890008934,585.0685765999369,0.0,0.0,80.15776837574566,1260.0,110.51800037501003,2043.9613816626138,110.51800037501003,117.6558398081513,-7.1378394331412665,True,False,incumbent_not_worse,6,17,0,0,19,1,0.05263157894736842,168.40267632084857,1530.0,False,,,True,5,0
aco,adaptive,21,1260.0,21.0,4,disrupted,disrupted,29 31 45 49,3677,2.857142857142857,0.35,0.0,29.791643086372574,18.35,31,0,31,3.3577109873538244,3.3577109873538244,83.51547936309949,60.0,1320.0,0.0,0.0,0.0,585.0685765999369,0.0,0.0,83.51547936309949,1320.0,107.23698199627128,1912.7962544232373,,,,False,False,not_attempted,0,0,0,0,13,5,0.38461538461538464,167.01466404636352,1530.0,False,,,False,5,0
aco,adaptive,22,1320.0,22.0,4,disrupted,disrupted,29 31 45 49,3677,2.857142857142857,0.35,0.0,29.791643086372574,18.366666666666667,31,2,29,1.180303726332109,0.5901518631660545,84.6957830894316,60.0,1380.0,0.0,0.0,0.0,585.0685765999369,0.0,0.0,84.6957830894316,1380.0,103.97979730654772,1912.7962544232373,,,,False,False,not_attempted,0,0,0,0,12,0,0.0,166.9213307130302,1530.0,False,,,False,5,0
aco,adaptive,23,1380.0,23.0,4,disrupted,disrupted,29 31 45 49,3677,2.857142857142857,0.35,0.0,29.791643086372574,18.383333333333333,29,2,27,2.7923163770676838,1.3961581885338419,87.48809946649928,60.0,1440.0,0.0,0.0,0.0,585.0685765999369,0.0,0.0,87.48809946649928,1440.0,102.73204439972812,1829.5446063944946,,,,False,False,not_attempted,0,0,0,0,17,2,0.11764705882352941,165.7852736957062,1530.0,False,,,False,5,0
aco,adaptive,24,1440.0,24.0,4,disrupted,disrupted,29 31 45 49,3677,2.857142857142857,0.35,0.0,29.791643086372574,18.4,27,2,25,2.191275700785077,1.0956378503925386,89.67937516728435,60.0,1500.0,0.0,0.0,0.0,585.0685765999369,0.0,0.0,89.67937516728435,1500.0,99.90495228385171,1774.9340241979558,,,,False,False,not_attempted,0,0,0,0,20,0,0.0,165.48662199678114,1530.0,False,,,False,5,0
aco,adaptive,25,1500.0,25.0,5,disrupted,disrupted,29 31 45 49,3677,2.857142857142857,0.35,0.0,29.791643086372574,18.416666666666668,25,0,25,3.3781466812965824,3.3781466812965824,93.05752184858093,60.0,1560.0,6.949994713068008e-05,28.64403590001166,28.64410539995879,613.7126819998957,0.0,0.0,93.05752184858093,1560.0,96.56549284650879,1601.4315430511422,97.58058736488223,96.56549284650879,1.015094518373445,True,True,lower_residual_energy,4,10,4,10,23,1,0.043478260869565216,165.3932886634478,1530.0,False,,,True,6,0
aco,adaptive,26,1560.0,26.0,5,disrupted,disrupted,29 31 45 49,3677,2.857142857142857,0.35,0.0,29.791643086372574,18.433333333333334,25,3,22,4.451608331272165,1.4838694437573883,97.5091301798531,60.0,1620.0,0.0,0.0,0.0,613.7126819998957,0.0,0.0,97.5091301798531,1620.0,92.56493021699094,1489.3312592234963,,,,False,False,not_attempted,0,0,0,0,16,2,0.125,163.7938398214706,1530.0,False,,,False,6,0
aco,adaptive,27,1620.0,27.0,5,disrupted,disrupted,29 31 45 49,3677,2.857142857142857,0.35,0.0,29.791643086372574,18.45,22,2,20,4.220303293636271,2.1101516468181356,101.72943347348938,60.0,1680.0,0.0,0.0,0.0,613.7126819998957,0.0,0.0,101.72943347348938,1680.0,88.83810197347903,1477.095849654282,,,,False,False,not_attempted,0,0,0,0,27,5,0.18518518518518517,161.80476975323697,1530.0,False,,,False,5,0
aco,adaptive,28,1680.0,28.0,5,disrupted,disrupted,29 31 45 49,3677,2.857142857142857,0.35,0.0,29.791643086372574,18.466666666666665,20,1,19,3.342656214760436,3.342656214760436,105.07208968824982,60.0,1740.0,0.0,0.0,0.0,613.7126819998957,0.0,0.0,105.07208968824982,1740.0,84.34551926810936,1413.3999477031577,,,,False,False,not_attempted,0,0,0,0,20,5,0.25,161.71143641990363,1530.0,False,,,False,4,0
aco,adaptive,29,1740.0,29.0,5,disrupted,disrupted,29 31 45 49,3677,2.857142857142857,0.35,0.0,29.791643086372574,18.483333333333334,19,3,16,2.856862056323262,0.9522873521077541,107.92895174457308,60.0,1800.0,0.0,0.0,0.0,613.7126819998957,0.0,0.0,107.92895174457308,1800.0,81.11217511754113,1333.6537743091346,,,,False,False,not_attempted,0,0,0,0,35,5,0.14285714285714285,161.5143657002777,1564.0,False,,,False,4,0
aco,adaptive,30,1800.0,30.0,6,recovering,recovering,29 31 45 49,3677,2.857142857142857,0.35,0.0,29.791643086372574,18.5,16,0,16,2.5903808802199126,2.5903808802199126,110.519332624793,60.0,1860.0,5.8999983593821526e-05,10.836249499931,10.836308499914594,624.5489904998103,0.0,0.0,110.519332624793,1860.0,76.34023526998794,1301.3753569672535,78.14196777851426,76.34023526998794,1.8017325085263138,True,True,lower_residual_energy,1,1,1,1,37,3,0.08108108108108109,159.86977174749018,1564.0,False,,,True,4,0
aco,adaptive,31,1860.0,31.0,6,recovering,recovering,29 31 45 49,3677,2.6595744680851063,0.376,0.04,30.2532796494895,18.516666666666666,16,1,15,0.9451995375709322,0.9451995375709322,111.46453216236392,60.0,1920.0,0.0,0.0,0.0,624.5489904998103,0.0,0.0,111.46453216236392,1920.0,70.80411484182501,1301.3753569672535,,,,False,False,not_attempted,0,0,0,0,18,1,0.05555555555555555,159.77643841415684,1564.0,False,,,False,4,0
aco,adaptive,32,1920.0,32.0,6,recovering,recovering,29 31 45 49,3677,2.4875621890547266,0.40199999999999997,0.08,30.667011726301546,18.533333333333335,15,2,13,3.9621675394965066,1.9810837697482533,115.42669970186043,60.0,1980.0,0.0,0.0,0.0,624.5489904998103,0.0,0.0,115.42669970186043,1980.0,66.729946644661,1294.9993004258722,,,,False,False,not_attempted,0,0,0,0,11,8,0.7272727272727273,158.59550516337262,1564.0,False,,,False,4,0
aco,adaptive,33,1980.0,33.0,6,recovering,recovering,29 31 45 49,3677,2.336448598130841,0.428,0.12,31.039928153428818,18.55,13,0,13,4.1017474885868275,4.1017474885868275,119.52844719044725,60.0,2040.0,0.0,0.0,0.0,624.5489904998103,0.0,0.0,119.52844719044725,2040.0,60.29891795515393,1168.8678352786164,,,,False,False,not_attempted,0,0,0,0,7,7,1.0,156.0824273833903,1564.0,False,,,False,4,0
aco,adaptive,34,2040.0,34.0,6,recovering,recovering,29 31 45 49,3677,2.2026431718061676,0.45399999999999996,0.16,31.377784853971832,18.566666666666666,13,2,11,1.2209067068294635,0.6104533534147317,120.74935389727672,60.0,2100.0,0.0,0.0,0.0,624.5489904998103,0.0,0.0,120.74935389727672,2100.0,54.936163068175894,1168.8678352786164,,,,False,False,not_attempted,0,0,0,0,32,2,0.0625,155.98909405005696,1564.0,False,,,False,3,0
aco,adaptive,35,2100.0,35.0,7,recovering,recovering,29 31 45 49,3677,2.0833333333333335,0.48,0.2,31.685304056537916,18.583333333333332,11,1,10,2.4645494449902134,2.4645494449902134,123.21390334226693,60.0,2160.0,10.650409200112335,3.9771251999773085,14.627534400089644,639.1765248999,0.0,0.0,123.21390334226693,2160.0,50.454043908763865,1115.651332887238,51.81827676622537,50.454043908763865,1.3642328574615021,True,True,lower_residual_energy,2,1,2,1,3,3,1.0,155.56275067381273,1564.0,False,,,True,3,0
aco,adaptive,36,2160.0,36.0,7,recovering,recovering,29 31 45 49,3677,1.976284584980237,0.506,0.24,31.96639637345568,18.6,10,1,9,3.383227240381714,3.383227240381714,126.59713058264865,60.0,2220.0,0.0,0.0,0.0,639.1765248999,0.0,0.0,126.59713058264865,2220.0,46.417014979515635,995.6513328872379,,,,False,False,not_attempted,0,0,0,0,10,10,1.0,152.37121552839824,1564.0,False,,,False,3,0
aco,adaptive,37,2220.0,37.0,7,recovering,recovering,29 31 45 49,3677,1.8796992481203008,0.532,0.28,32.22432798433814,18.616666666666667,9,2,7,1.2468774566737868,0.6234387283368934,127.84400803932243,60.0,2280.0,0.0,0.0,0.0,639.1765248999,0.0,0.0,127.84400803932243,2280.0,42.91165879441943,995.6513328872379,,,,False,False,not_attempted,0,0,0,0,35,3,0.08571428571428572,151.99738284841393,1564.0,False,,,False,3,0
aco,adaptive,38,2280.0,38.0,7,recovering,recovering,29 31 45 49,3677,1.7921146953405016,0.558,0.32,32.46184812933902,18.633333333333333,7,0,7,2.868946063778999,2.868946063778999,130.71295410310142,60.0,2340.0,0.0,0.0,0.0,639.1765248999,0.0,0.0,130.71295410310142,2340.0,40.54116428824918,936.2999400891373,,,,False,False,not_attempted,0,0,0,0,32,7,0.21875,150.91325449746518,1564.0,False,,,False,3,0
aco,adaptive,39,2340.0,39.0,7,recovering,recovering,29 31 45 49,3677,1.7123287671232879,0.584,0.36,32.68128748683469,18.65,7,0,7,1.1357488178452364,1.1357488178452364,131.84870292094666,60.0,2400.0,0.0,0.0,0.0,639.1765248999,0.0,0.0,131.84870292094666,2400.0,37.10810224632019,760.8365918061414,,,,False,False,not_attempted,0,0,0,0,3,1,0.3333333333333333,150.6200640125119,1564.0,False,,,False,3,0
aco,adaptive,40,2400.0,40.0,8,recovering,recovering,29 31 45 49,3677,1.639344262295082,0.61,0.4,32.884634908397665,18.666666666666668,7,1,6,1.6176438076293918,1.6176438076293918,133.46634672857604,60.0,2460.0,10.95836530008819,1.2806219999911264,12.238987300079316,651.4155121999793,0.0,0.0,133.46634672857604,2460.0,35.85200413041879,760.8365918061414,35.85200413041879,35.85200413041879,0.0,True,False,incumbent_not_worse,0,0,0,0,10,0,0.0,150.52673067917857,1564.0,False,,,True,2,0
aco,adaptive,41,2460.0,41.0,8,recovering,recovering,29 31 45 49,3677,1.572327044025157,0.636,0.44,33.073597869454325,18.683333333333334,6,1,5,4.16511551003032,4.16511551003032,137.63146223860636,60.0,2520.0,0.0,0.0,0.0,651.4155121999793,0.0,0.0,137.63146223860636,2520.0,34.06230877996782,753.6448116348888,,,,False,False,not_attempted,0,0,0,0,15,6,0.4,150.51595136383597,1768.0,False,,,False,2,0
aco,adaptive,42,2520.0,42.0,8,recovering,recovering,29 31 45 49,3677,1.5105740181268883,0.6619999999999999,0.48,33.249650529638785,18.7,5,0,5,0.20406166731146236,0.20406166731146236,137.83552390591782,60.0,2580.0,0.0,0.0,0.0,651.4155121999793,0.0,0.0,137.83552390591782,2580.0,29.425421472807766,504.61149276532467,,,,False,False,not_attempted,0,0,0,0,0,0,0.0,150.51595136383597,1768.0,False,,,False,2,0
aco,adaptive,43,2580.0,43.0,8,recovering,recovering,29 31 45 49,3677,1.4534883720930234,0.688,0.52,33.41407226782236,18.716666666666665,5,1,4,1.0830396684073251,1.0830396684073251,138.91856357432516,60.0,2640.0,0.0,0.0,0.0,651.4155121999793,0.0,0.0,138.91856357432516,2640.0,28.864688138835263,499.04753181254625,,,,False,False,not_attempted,0,0,0,0,12,0,0.0,150.51595136383597,1768.0,False,,,False,2,0
aco,adaptive,44,2640.0,44.0,8,recovering,recovering,29 31 45 49,3677,1.400560224089636,0.714,0.56,33.567978823908035,18.733333333333334,4,1,3,1.0158699340974249,1.0158699340974249,139.9344335084226,60.0,2700.0,0.0,0.0,0.0,651.4155121999793,0.0,0.0,139.9344335084226,2700.0,27.410193399897484,488.16774001705886,,,,False,False,not_attempted,0,0,0,0,5,0,0.0,150.51595136383597,1768.0,False,,,False,1,0
aco,adaptive,45,2700.0,45.0,9,recovering,recovering,29 31 45 49,3677,1.3513513513513513,0.74,0.6,33.712347650969065,18.75,3,1,2,0.14822898143195923,0.14822898143195923,140.08266248985456,60.0,2760.0,10.669842400006019,0.6289609000086784,11.298803300014697,662.714315499994,0.0,0.0,140.08266248985456,2760.0,26.046747227958775,488.16774001705886,26.046747227958775,26.046747227958775,0.0,True,False,incumbent_not_worse,0,0,0,0,0,0,0.0,150.51595136383597,1768.0,False,,,True,1,0
aco,adaptive,46,2760.0,46.0,9,recovering,recovering,29 31 45 49,3677,1.3054830287206267,0.766,0.64,33.84803869575654,18.766666666666666,2,1,1,1.8040735138593391,1.8040735138593391,141.8867360037139,60.0,2820.0,0.0,0.0,0.0,662.714315499994,0.0,0.0,141.8867360037139,2820.0,25.747854398674033,488.16774001705886,,,,False,False,not_attempted,0,0,0,0,4,0,0.0,150.51595136383597,1768.0,False,,,False,1,0
aco,adaptive,47,2820.0,47.0,9,recovering,recovering,29 31 45 49,3677,1.2626262626262625,0.792,0.68,33.975811541291115,18.783333333333335,1,0,1,0.09333333333333332,0.09333333333333332,141.98006933704724,60.0,2880.0,0.0,0.0,0.0,662.714315499994,0.0,0.0,141.98006933704724,2880.0,23.527041747998123,488.16774001705886,,,,False,False,not_attempted,0,0,0,0,0,0,0.0,150.51595136383597,1768.0,False,,,False,0,0
aco,adaptive,48,2880.0,48.0,9,recovering,recovering,29 31 45 49,3677,1.2224938875305624,0.818,0.72,34.096339633486544,18.8,1,1,0,22.87480500207251,22.87480500207251,164.85487433911976,530.4975616848182,3410.4975616848183,0.0,0.0,0.0,662.714315499994,0.0,0.0,164.85487433911976,3410.4975616848183,23.249276182884444,488.16774001705886,,,,False,False,not_attempted,0,0,0,0,481,32,0.06652806652806653,147.8769185951198,1768.0,True,,,False,0,0
aco,static_live,0,0.0,0.0,0,normal,initial,29 31 45 49,0,1.0,1.0,0.0,34.78037077224997,18.0,84,0,84,18.680839634308782,18.680839634308782,18.680839634308782,60.0,60.0,9.003784299944527,22.83633279998321,31.84011709992774,31.84011709992774,0.0,0.0,18.680839634308782,60.0,129.8572811733068,2948.952446263193,,,,False,False,initial_plan,0,0,0,0,130,0,0.0,177.2717760608753,0.0,False,,,True,10,10
aco,static_live,1,60.0,1.0,0,normal,normal,29 31 45 49,0,1.0,1.0,0.0,34.78037077224997,18.016666666666666,84,0,84,4.7680615934003905,4.7680615934003905,23.44890122770917,60.0,120.0,0.0,0.0,0.0,31.84011709992774,0.0,0.0,23.44890122770917,120.0,110.44402959570512,2884.5846107093394,,,,False,False,not_attempted,0,0,0,0,76,0,0.0,176.09020652430007,0.0,False,,,False,10,10
aco,static_live,2,120.0,2.0,0,normal,normal,29 31 45 49,0,1.0,1.0,0.0,34.78037077224997,18.033333333333335,84,3,81,5.306297452810553,1.7687658176035177,28.755198680519726,60.0,180.0,0.0,0.0,0.0,31.84011709992774,0.0,0.0,28.755198680519726,180.0,105.15915328473176,2752.5964808827875,,,,False,False,not_attempted,0,0,0,0,66,0,0.0,174.7596401655785,215.0,False,,,False,9,7
aco,static_live,3,180.0,3.0,0,normal,normal,29 31 45 49,0,1.0,1.0,0.0,34.78037077224997,18.05,81,3,78,4.660065898009958,1.5533552993366528,33.41526457852969,60.0,240.0,0.0,0.0,0.0,31.84011709992774,0.0,0.0,33.41526457852969,240.0,100.06592291517671,2752.5964808827875,,,,False,False,not_attempted,0,0,0,0,63,0,0.0,174.60001662259305,215.0,False,,,False,9,4
aco,static_live,4,240.0,4.0,0,normal,normal,29 31 45 49,0,1.0,1.0,0.0,34.78037077224997,18.066666666666666,78,1,77,3.024516702171434,3.024516702171434,36.43978128070112,60.0,300.0,0.0,0.0,0.0,31.84011709992774,0.0,0.0,36.43978128070112,300.0,95.6512867909427,2700.7402108848582,,,,False,False,not_attempted,0,0,0,0,41,0,0.0,174.23595111138894,241.0,False,,,False,9,4
aco,static_live,5,300.0,5.0,1,normal,normal,29 31 45 49,0,1.0,1.0,0.0,34.78037077224997,18.083333333333332,77,4,73,2.8679341198432,0.7169835299608,39.30771540054432,60.0,360.0,0.0,0.0,0.0,31.84011709992774,0.0,0.0,39.30771540054432,360.0,92.80451466956619,2531.148694412799,,,,False,False,not_attempted,0,0,0,0,31,0,0.0,174.1426177780556,402.0,False,,,False,9,2
aco,static_live,6,360.0,6.0,1,normal,normal,29 31 45 49,0,1.0,1.0,0.0,34.78037077224997,18.1,73,3,70,3.5198933529509064,1.1732977843169687,42.82760875349523,60.0,420.0,0.0,0.0,0.0,31.84011709992774,0.0,0.0,42.82760875349523,420.0,89.498725620101,2531.148694412799,,,,False,False,not_attempted,0,0,0,0,44,0,0.0,173.80269504982573,422.0,False,,,False,9,1
aco,static_live,7,420.0,7.0,1,normal,normal,29 31 45 49,0,1.0,1.0,0.0,34.78037077224997,18.116666666666667,70,3,67,4.091652081357425,1.3638840271191415,46.91926083485265,60.0,480.0,0.0,0.0,0.0,31.84011709992774,0.0,0.0,46.91926083485265,480.0,86.23763270067052,2527.8765656637133,,,,False,False,not_attempted,0,0,0,0,30,0,0.0,171.7315048732715,641.0,False,,,False,9,1
aco,static_live,8,480.0,8.0,1,normal,normal,29 31 45 49,0,1.0,1.0,0.0,34.78037077224997,18.133333333333333,67,4,63,1.9465284663171223,0.48663211657928057,48.86578930116977,60.0,540.0,0.0,0.0,0.0,31.84011709992774,0.0,0.0,48.86578930116977,540.0,82.12902723057795,2353.8339100285225,,,,False,False,not_attempted,0,0,0,0,27,0,0.0,171.63817153993816,647.0,False,,,False,9,0
aco,static_live,9,540.0,9.0,1,normal,normal,29 31 45 49,0,1.0,1.0,0.0,34.78037077224997,18.15,63,4,59,3.8465037675471145,0.9616259418867786,52.71229306871688,60.0,600.0,0.0,0.0,0.0,31.84011709992774,0.0,0.0,52.71229306871688,600.0,80.29025643260388,2353.8339100285225,,,,False,False,not_attempted,0,0,0,0,34,0,0.0,171.54640459197284,647.0,False,,,False,9,0
aco,static_live,10,600.0,10.0,2,degrading,degrading,29 31 45 49,0,1.0,1.0,0.0,34.78037077224997,18.166666666666668,59,2,57,2.2406318836965116,1.1203159418482558,54.95292495241339,60.0,660.0,0.0,0.0,0.0,31.84011709992774,0.0,0.0,54.95292495241339,660.0,76.26459852359919,2334.9570515159016,,,,False,False,not_attempted,0,0,0,0,28,0,0.0,171.29011539682318,871.0,False,,,False,9,0
aco,static_live,11,660.0,11.0,2,degrading,degrading,29 31 45 49,3677,1.06951871657754,0.935,0.0,34.56371404486458,18.183333333333334,57,3,54,1.864475894055082,0.6214919646850273,56.81740084646847,60.0,720.0,0.0,0.0,0.0,31.84011709992774,0.0,0.0,56.81740084646847,720.0,77.91247220641972,2198.5130543089927,,,,False,False,not_attempted,0,0,0,0,24,7,0.2916666666666667,171.19678206348985,871.0,False,,,False,7,0
aco,static_live,12,720.0,12.0,2,degrading,degrading,29 31 45 49,3677,1.1494252873563218,0.87,0.0,34.317993984953176,18.2,54,4,50,2.0834059682333734,0.5208514920583434,58.900806814701845,60.0,780.0,0.0,0.0,0.0,31.84011709992774,0.0,0.0,58.900806814701845,780.0,80.12787436447819,2211.289508462499,,,,False,False,not_attempted,0,0,0,0,38,0,0.0,170.7053520396286,1037.0,False,,,False,7,0
aco,static_live,13,780.0,13.0,2,degrading,degrading,29 31 45 49,3677,1.2422360248447206,0.8049999999999999,0.0,34.03694211724979,18.216666666666665,50,3,47,2.0949751967768937,0.6983250655922979,60.99578201147874,60.0,840.0,0.0,0.0,0.0,31.84011709992774,0.0,0.0,60.99578201147874,840.0,82.24729943101362,2183.0458566725847,,,,False,False,not_attempted,0,0,0,0,18,8,0.4444444444444444,170.01502271405593,1037.0,False,,,False,7,0
aco,static_live,14,840.0,14.0,2,degrading,degrading,29 31 45 49,3677,1.3513513513513513,0.74,0.0,33.712347650969065,18.233333333333334,47,2,45,1.7488120855788787,0.8744060427894393,62.744594097057615,60.0,900.0,0.0,0.0,0.0,31.84011709992774,0.0,0.0,62.744594097057615,900.0,84.32044218787293,2064.3761612535404,,,,False,False,not_attempted,0,0,0,0,13,1,0.07692307692307693,169.912246448997,1037.0,False,,,False,7,0
aco,static_live,15,900.0,15.0,3,degrading,degrading,29 31 45 49,3677,1.4814814814814814,0.675,0.0,33.33324201699034,18.25,45,3,42,1.1196620779134456,0.3732206926378152,63.86425617497106,60.0,960.0,0.0,0.0,0.0,31.84011709992774,0.0,0.0,63.86425617497106,960.0,87.63639665815317,2078.9683856581632,,,,False,False,not_attempted,0,0,0,0,32,2,0.0625,169.80947018393806,1142.0,False,,,False,7,0
aco,static_live,16,960.0,16.0,3,degrading,degrading,29 31 45 49,3677,1.639344262295082,0.61,0.0,32.884634908397665,18.266666666666666,42,2,40,3.4306855875304203,1.7153427937652101,67.29494176250148,60.0,1020.0,0.0,0.0,0.0,31.84011709992774,0.0,0.0,67.29494176250148,1020.0,92.1320406848362,2096.6704283785257,,,,False,False,not_attempted,0,0,0,0,35,6,0.17142857142857143,169.5629603131352,1142.0,False,,,False,7,0
aco,static_live,17,1020.0,17.0,3,degrading,degrading,29 31 45 49,3677,1.8348623853211008,0.545,0.0,32.34548500261859,18.283333333333335,40,3,37,4.865849656639902,1.621949885546634,72.16079141914139,60.0,1080.0,0.0,0.0,0.0,31.84011709992774,0.0,0.0,72.16079141914139,1080.0,94.5594701483368,2058.244780218142,,,,False,False,not_attempted,0,0,0,0,44,0,0.0,169.0078052550611,1391.0,False,,,False,7,0
aco,static_live,18,1080.0,18.0,3,degrading,degrading,29 31 45 49,3677,2.0833333333333335,0.48,0.0,31.685304056537916,18.3,37,0,37,2.6838765011140997,2.6838765011140997,74.84466792025549,60.0,1140.0,0.0,0.0,0.0,31.84011709992774,0.0,0.0,74.84466792025549,1140.0,95.63115811726766,2039.9506308964205,,,,False,False,not_attempted,0,0,0,0,11,0,0.0,168.7458575592287,1391.0,False,,,False,6,0
aco,static_live,19,1140.0,19.0,3,degrading,degrading,29 31 45 49,3677,2.409638554216868,0.4149999999999999,0.0,30.85818486053072,18.316666666666666,37,3,34,2.1604239823624085,0.7201413274541362,77.00509190261789,60.0,1200.0,0.0,0.0,0.0,31.84011709992774,0.0,0.0,77.00509190261789,1200.0,101.10845113500308,1944.4346063913817,,,,False,False,not_attempted,0,0,0,0,26,0,0.0,168.53429817409727,1391.0,False,,,False,5,0
aco,static_live,20,1200.0,20.0,4,disrupted,holding,29 31 45 49,3677,2.857142857142857,0.35,0.0,29.791643086372574,18.333333333333332,34,3,31,3.1526764731277686,1.0508921577092563,80.15776837574566,60.0,1260.0,0.0,0.0,0.0,31.84011709992774,0.0,0.0,80.15776837574566,1260.0,110.51800037501003,2043.9613816626138,,,,False,False,not_attempted,0,0,0,0,19,1,0.05263157894736842,168.40267632084857,1530.0,False,,,False,5,0
aco,static_live,21,1260.0,21.0,4,disrupted,disrupted,29 31 45 49,3677,2.857142857142857,0.35,0.0,29.791643086372574,18.35,31,0,31,3.3577109873538244,3.3577109873538244,83.51547936309949,60.0,1320.0,0.0,0.0,0.0,31.84011709992774,0.0,0.0,83.51547936309949,1320.0,107.23698199627128,1912.7962544232373,,,,False,False,not_attempted,0,0,0,0,13,5,0.38461538461538464,167.01466404636352,1530.0,False,,,False,5,0
aco,static_live,22,1320.0,22.0,4,disrupted,disrupted,29 31 45 49,3677,2.857142857142857,0.35,0.0,29.791643086372574,18.366666666666667,31,2,29,1.180303726332109,0.5901518631660545,84.6957830894316,60.0,1380.0,0.0,0.0,0.0,31.84011709992774,0.0,0.0,84.6957830894316,1380.0,103.97979730654772,1912.7962544232373,,,,False,False,not_attempted,0,0,0,0,12,0,0.0,166.9213307130302,1530.0,False,,,False,5,0
aco,static_live,23,1380.0,23.0,4,disrupted,disrupted,29 31 45 49,3677,2.857142857142857,0.35,0.0,29.791643086372574,18.383333333333333,29,2,27,2.7923163770676838,1.3961581885338419,87.48809946649928,60.0,1440.0,0.0,0.0,0.0,31.84011709992774,0.0,0.0,87.48809946649928,1440.0,102.73204439972812,1829.5446063944946,,,,False,False,not_attempted,0,0,0,0,17,2,0.11764705882352941,165.7852736957062,1530.0,False,,,False,5,0
aco,static_live,24,1440.0,24.0,4,disrupted,disrupted,29 31 45 49,3677,2.857142857142857,0.35,0.0,29.791643086372574,18.4,27,2,25,2.191275700785077,1.0956378503925386,89.67937516728435,60.0,1500.0,0.0,0.0,0.0,31.84011709992774,0.0,0.0,89.67937516728435,1500.0,99.90495228385171,1774.9340241979558,,,,False,False,not_attempted,0,0,0,0,20,0,0.0,165.48662199678114,1530.0,False,,,False,5,0
aco,static_live,25,1500.0,25.0,5,disrupted,disrupted,29 31 45 49,3677,2.857142857142857,0.35,0.0,29.791643086372574,18.416666666666668,25,0,25,0.6939419561657022,0.6939419561657022,90.37331712345005,60.0,1560.0,0.0,0.0,0.0,31.84011709992774,0.0,0.0,90.37331712345005,1560.0,97.58058736488223,1739.5299052048206,,,,False,False,not_attempted,0,0,0,0,6,0,0.0,165.3932886634478,1530.0,False,,,False,5,0
aco,static_live,26,1560.0,26.0,5,disrupted,disrupted,29 31 45 49,3677,2.857142857142857,0.35,0.0,29.791643086372574,18.433333333333334,25,3,22,3.005809115544105,1.001936371848035,93.37912623899416,60.0,1620.0,0.0,0.0,0.0,31.84011709992774,0.0,0.0,93.37912623899416,1620.0,97.04325900739279,1608.3716033054598,,,,False,False,not_attempted,0,0,0,0,13,2,0.15384615384615385,163.7938398214706,1530.0,False,,,False,5,0
aco,static_live,27,1620.0,27.0,5,disrupted,disrupted,29 31 45 49,3677,2.857142857142857,0.35,0.0,29.791643086372574,18.45,22,2,20,3.507891141993968,1.753945570996984,96.88701738098813,60.0,1680.0,0.0,0.0,0.0,31.84011709992774,0.0,0.0,96.88701738098813,1680.0,94.02490557187105,1608.3716033054598,,,,False,False,not_attempted,0,0,0,0,30,4,0.13333333333333333,161.80476975323697,1530.0,False,,,False,5,0
aco,static_live,28,1680.0,28.0,5,disrupted,disrupted,29 31 45 49,3677,2.857142857142857,0.35,0.0,29.791643086372574,18.466666666666665,20,1,19,1.7597306111847688,1.7597306111847688,98.64674799217289,60.0,1740.0,0.0,0.0,0.0,31.84011709992774,0.0,0.0,98.64674799217289,1740.0,90.30243693651377,1463.2995371836612,,,,False,False,not_attempted,0,0,0,0,10,0,0.0,161.71143641990363,1530.0,False,,,False,5,0
aco,static_live,29,1740.0,29.0,5,disrupted,disrupted,29 31 45 49,3677,2.857142857142857,0.35,0.0,29.791643086372574,18.483333333333334,19,3,16,2.4181556973755196,0.8060518991251732,101.06490368954842,60.0,1800.0,0.0,0.0,0.0,31.84011709992774,0.0,0.0,101.06490368954842,1800.0,88.17635430423464,1463.2995371836612,,,,False,False,not_attempted,0,0,0,0,26,1,0.038461538461538464,161.5143657002777,1564.0,False,,,False,4,0
aco,static_live,30,1800.0,30.0,6,recovering,recovering,29 31 45 49,3677,2.857142857142857,0.35,0.0,29.791643086372574,18.5,16,1,15,3.263773719393868,3.263773719393868,104.32867740894228,60.0,1860.0,0.0,0.0,0.0,31.84011709992774,0.0,0.0,104.32867740894228,1860.0,85.95613804615472,1442.3958781224917,,,,False,False,not_attempted,0,0,0,0,21,3,0.14285714285714285,159.86977174749018,1564.0,False,,,False,3,0
aco,static_live,31,1860.0,31.0,6,recovering,recovering,29 31 45 49,3677,2.6595744680851063,0.376,0.04,30.2532796494895,18.516666666666666,15,2,13,2.283682275172608,1.141841137586304,106.61235968411489,60.0,1920.0,0.0,0.0,0.0,31.84011709992774,0.0,0.0,106.61235968411489,1920.0,78.75721576780417,1339.6241437831552,,,,False,False,not_attempted,0,0,0,0,17,0,0.0,159.77643841415684,1589.0,False,,,False,3,0
aco,static_live,32,1920.0,32.0,6,recovering,recovering,29 31 45 49,3677,2.4875621890547266,0.40199999999999997,0.08,30.667011726301546,18.533333333333335,13,1,12,2.1564249384069347,2.1564249384069347,108.76878462252182,60.0,1980.0,0.0,0.0,0.0,31.84011709992774,0.0,0.0,108.76878462252182,1980.0,73.45509077461688,1257.4631106456955,,,,False,False,not_attempted,0,0,0,0,12,4,0.3333333333333333,158.59550516337262,1589.0,False,,,False,3,0
aco,static_live,33,1980.0,33.0,6,recovering,recovering,29 31 45 49,3677,2.336448598130841,0.428,0.12,31.039928153428818,18.55,12,0,12,2.8435428008533017,2.8435428008533017,111.61232742337512,60.0,2040.0,0.0,0.0,0.0,31.84011709992774,0.0,0.0,111.61232742337512,2040.0,68.16560844100982,1169.1330664238446,,,,False,False,not_attempted,0,0,0,0,10,4,0.4,156.0824273833903,1589.0,False,,,False,3,0
aco,static_live,34,2040.0,34.0,6,recovering,recovering,29 31 45 49,3677,2.2026431718061676,0.45399999999999996,0.16,31.377784853971832,18.566666666666666,12,1,11,2.134265934012524,2.134265934012524,113.74659335738764,60.0,2100.0,0.0,0.0,0.0,31.84011709992774,0.0,0.0,113.74659335738764,2100.0,62.574328912479814,1092.8498344759582,,,,False,False,not_attempted,0,0,0,0,15,4,0.26666666666666666,155.98909405005696,1589.0,False,,,False,3,0
aco,static_live,35,2100.0,35.0,7,recovering,recovering,29 31 45 49,3677,2.0833333333333335,0.48,0.2,31.685304056537916,18.583333333333332,11,1,10,2.2127303069377278,2.2127303069377278,115.95932366432537,60.0,2160.0,0.0,0.0,0.0,31.84011709992774,0.0,0.0,115.95932366432537,2160.0,58.84431564528613,1006.9798849585413,,,,False,False,not_attempted,0,0,0,0,6,6,1.0,155.56275067381273,1589.0,False,,,False,3,0
aco,static_live,36,2160.0,36.0,7,recovering,recovering,29 31 45 49,3677,1.976284584980237,0.506,0.24,31.96639637345568,18.6,10,1,9,3.1688327784623294,3.1688327784623294,119.1281564427877,60.0,2220.0,0.0,0.0,0.0,31.84011709992774,0.0,0.0,119.1281564427877,2220.0,54.24270287452174,928.228284217068,,,,False,False,not_attempted,0,0,0,0,20,6,0.3,152.8640149582787,1589.0,False,,,False,3,0
aco,static_live,37,2220.0,37.0,7,recovering,recovering,29 31 45 49,3677,1.8796992481203008,0.532,0.28,32.22432798433814,18.616666666666667,9,1,8,1.4109575648432982,1.4109575648432982,120.539114007631,60.0,2280.0,0.0,0.0,0.0,31.84011709992774,0.0,0.0,120.539114007631,2280.0,50.6095821008832,883.4394110258969,,,,False,False,not_attempted,0,0,0,0,17,4,0.23529411764705882,152.0262701217228,1717.0,False,,,False,3,0
aco,static_live,38,2280.0,38.0,7,recovering,recovering,29 31 45 49,3677,1.7921146953405016,0.558,0.32,32.46184812933902,18.633333333333333,8,0,8,2.074322510533795,2.074322510533795,122.61343651816479,60.0,2340.0,0.0,0.0,0.0,31.84011709992774,0.0,0.0,122.61343651816479,2340.0,47.970410272782956,786.5412601618045,,,,False,False,not_attempted,0,0,0,0,40,2,0.05,151.25936945387318,1717.0,False,,,False,3,0
aco,static_live,39,2340.0,39.0,7,recovering,recovering,29 31 45 49,3677,1.7123287671232879,0.584,0.36,32.68128748683469,18.65,8,1,7,1.1613319865957463,1.1613319865957463,123.77476850476053,60.0,2400.0,0.0,0.0,0.0,31.84011709992774,0.0,0.0,123.77476850476053,2400.0,44.989635013165476,730.3686647805289,,,,False,False,not_attempted,0,0,0,0,16,0,0.0,150.66675032840183,1717.0,False,,,False,3,0
aco,static_live,40,2400.0,40.0,8,recovering,recovering,29 31 45 49,3677,1.639344262295082,0.61,0.4,32.884634908397665,18.666666666666668,7,1,6,0.7722581562368966,0.7722581562368966,124.54702666099743,60.0,2460.0,0.0,0.0,0.0,31.84011709992774,0.0,0.0,124.54702666099743,2460.0,42.50365061369656,581.6179862809872,,,,False,False,not_attempted,0,0,0,0,2,2,1.0,150.5734169950685,1774.0,False,,,False,2,0
aco,static_live,41,2460.0,41.0,8,recovering,recovering,29 31 45 49,3677,1.572327044025157,0.636,0.44,33.073597869454325,18.683333333333334,6,2,4,2.134759064542695,1.0673795322713475,126.68178572554012,60.0,2520.0,0.0,0.0,0.0,31.84011709992774,0.0,0.0,126.68178572554012,2520.0,40.35947214003044,574.1029681449844,,,,False,False,not_attempted,0,0,0,0,13,1,0.07692307692307693,150.53299905843775,1774.0,False,,,False,2,0
aco,static_live,42,2520.0,42.0,8,recovering,recovering,29 31 45 49,3677,1.5105740181268883,0.6619999999999999,0.48,33.249650529638785,18.7,4,0,4,0.641541899277736,0.641541899277736,127.32332762481786,60.0,2580.0,0.0,0.0,0.0,31.84011709992774,0.0,0.0,127.32332762481786,2580.0,37.499308747324136,542.8030696926643,,,,False,False,not_attempted,0,0,0,0,16,1,0.0625,150.53299905843775,1774.0,False,,,False,2,0
aco,static_live,43,2580.0,43.0,8,recovering,recovering,29 31 45 49,3677,1.4534883720930234,0.688,0.52,33.41407226782236,18.716666666666665,4,1,3,2.1291116034385613,2.1291116034385613,129.45243922825642,60.0,2640.0,0.0,0.0,0.0,31.84011709992774,0.0,0.0,129.45243922825642,2640.0,35.81762874426893,476.37506014537587,,,,False,False,not_attempted,0,0,0,0,9,9,1.0,150.53299905843775,1917.0,False,,,False,2,0
aco,static_live,44,2640.0,44.0,8,recovering,recovering,29 31 45 49,3677,1.400560224089636,0.714,0.56,33.567978823908035,18.733333333333334,3,0,3,3.9810315133736505,3.9810315133736505,133.43347074163006,60.0,2700.0,0.0,0.0,0.0,31.84011709992774,0.0,0.0,133.43347074163006,2700.0,32.637304893450825,421.5551903151514,,,,False,False,not_attempted,0,0,0,0,9,9,1.0,149.8036493516662,1917.0,False,,,False,2,0
aco,static_live,45,2700.0,45.0,9,recovering,recovering,29 31 45 49,3677,1.3513513513513513,0.74,0.6,33.712347650969065,18.75,3,0,3,1.0083288421629746,1.0083288421629746,134.44179958379303,60.0,2760.0,0.0,0.0,0.0,31.84011709992774,0.0,0.0,134.44179958379303,2760.0,27.777223291601143,416.7589540374078,,,,False,False,not_attempted,0,0,0,0,2,2,1.0,148.88865384283653,1917.0,False,,,False,2,0
aco,static_live,46,2760.0,46.0,9,recovering,recovering,29 31 45 49,3677,1.3054830287206267,0.766,0.64,33.84803869575654,18.766666666666666,3,1,2,0.9046779499271695,0.9046779499271695,135.3464775337202,60.0,2820.0,0.0,0.0,0.0,31.84011709992774,0.0,0.0,135.3464775337202,2820.0,26.505232975514016,412.2883108229054,,,,False,False,not_attempted,0,0,0,0,9,9,1.0,148.7953205095032,1917.0,False,,,False,1,0
aco,static_live,47,2820.0,47.0,9,recovering,recovering,29 31 45 49,3677,1.2626262626262625,0.792,0.68,33.975811541291115,18.783333333333335,2,1,1,0.10210083028691241,0.10210083028691241,135.4485783640071,60.0,2880.0,0.0,0.0,0.0,31.84011709992774,0.0,0.0,135.4485783640071,2880.0,25.121268899164523,400.7330579371123,,,,False,False,not_attempted,0,0,0,0,0,0,0.0,148.78655301254963,1968.0,False,,,False,0,0
aco,static_live,48,2880.0,48.0,9,recovering,recovering,29 31 45 49,3677,1.2224938875305624,0.818,0.72,34.096339633486544,18.8,1,1,0,23.982173167176878,23.982173167176878,159.43075153118397,416.9132818813114,3296.9132818813114,0.0,0.0,0.0,31.84011709992774,0.0,0.0,159.43075153118397,3296.9132818813114,24.69753695559637,396.7257536482841,,,,False,False,not_attempted,0,0,0,0,321,51,0.1588785046728972,143.2906219837696,1968.0,True,,,False,0,0
aco,static_frozen,0,0.0,0.0,0,normal,initial,29 31 45 49,0,1.0,1.0,0.0,34.78037077224997,18.0,84,0,84,18.680839634308782,18.680839634308782,18.680839634308782,60.0,60.0,9.003784299944527,22.83633279998321,31.84011709992774,31.84011709992774,0.0,0.0,18.680839634308782,60.0,129.8572811733068,2948.952446263193,,,,False,False,initial_plan,0,0,0,0,130,0,0.0,177.2717760608753,0.0,False,,,True,10,10
aco,static_frozen,1,60.0,1.0,0,normal,normal,29 31 45 49,0,1.0,1.0,0.0,34.78037077224997,18.016666666666666,84,0,84,4.7680615934003905,4.7680615934003905,23.44890122770917,60.0,120.0,0.0,0.0,0.0,31.84011709992774,0.0,0.0,23.44890122770917,120.0,110.44402959570512,2884.5846107093394,,,,False,False,not_attempted,0,0,0,0,76,0,0.0,176.09020652430007,0.0,False,,,False,10,10
aco,static_frozen,2,120.0,2.0,0,normal,normal,29 31 45 49,0,1.0,1.0,0.0,34.78037077224997,18.033333333333335,84,3,81,5.306297452810553,1.7687658176035177,28.755198680519726,60.0,180.0,0.0,0.0,0.0,31.84011709992774,0.0,0.0,28.755198680519726,180.0,105.15915328473176,2752.5964808827875,,,,False,False,not_attempted,0,0,0,0,66,0,0.0,174.7596401655785,215.0,False,,,False,9,7
aco,static_frozen,3,180.0,3.0,0,normal,normal,29 31 45 49,0,1.0,1.0,0.0,34.78037077224997,18.05,81,3,78,4.660065898009958,1.5533552993366528,33.41526457852969,60.0,240.0,0.0,0.0,0.0,31.84011709992774,0.0,0.0,33.41526457852969,240.0,100.06592291517671,2752.5964808827875,,,,False,False,not_attempted,0,0,0,0,63,0,0.0,174.60001662259305,215.0,False,,,False,9,4
aco,static_frozen,4,240.0,4.0,0,normal,normal,29 31 45 49,0,1.0,1.0,0.0,34.78037077224997,18.066666666666666,78,1,77,3.024516702171434,3.024516702171434,36.43978128070112,60.0,300.0,0.0,0.0,0.0,31.84011709992774,0.0,0.0,36.43978128070112,300.0,95.6512867909427,2700.7402108848582,,,,False,False,not_attempted,0,0,0,0,41,0,0.0,174.23595111138894,241.0,False,,,False,9,4
aco,static_frozen,5,300.0,5.0,1,normal,normal,29 31 45 49,0,1.0,1.0,0.0,34.78037077224997,18.083333333333332,77,4,73,2.8679341198432,0.7169835299608,39.30771540054432,60.0,360.0,0.0,0.0,0.0,31.84011709992774,0.0,0.0,39.30771540054432,360.0,92.80451466956619,2531.148694412799,,,,False,False,not_attempted,0,0,0,0,31,0,0.0,174.1426177780556,402.0,False,,,False,9,2
aco,static_frozen,6,360.0,6.0,1,normal,normal,29 31 45 49,0,1.0,1.0,0.0,34.78037077224997,18.1,73,3,70,3.5198933529509064,1.1732977843169687,42.82760875349523,60.0,420.0,0.0,0.0,0.0,31.84011709992774,0.0,0.0,42.82760875349523,420.0,89.498725620101,2531.148694412799,,,,False,False,not_attempted,0,0,0,0,44,0,0.0,173.80269504982573,422.0,False,,,False,9,1
aco,static_frozen,7,420.0,7.0,1,normal,normal,29 31 45 49,0,1.0,1.0,0.0,34.78037077224997,18.116666666666667,70,3,67,4.091652081357425,1.3638840271191415,46.91926083485265,60.0,480.0,0.0,0.0,0.0,31.84011709992774,0.0,0.0,46.91926083485265,480.0,86.23763270067052,2527.8765656637133,,,,False,False,not_attempted,0,0,0,0,30,0,0.0,171.7315048732715,641.0,False,,,False,9,1
aco,static_frozen,8,480.0,8.0,1,normal,normal,29 31 45 49,0,1.0,1.0,0.0,34.78037077224997,18.133333333333333,67,4,63,1.9465284663171223,0.48663211657928057,48.86578930116977,60.0,540.0,0.0,0.0,0.0,31.84011709992774,0.0,0.0,48.86578930116977,540.0,82.12902723057795,2353.8339100285225,,,,False,False,not_attempted,0,0,0,0,27,0,0.0,171.63817153993816,647.0,False,,,False,9,0
aco,static_frozen,9,540.0,9.0,1,normal,normal,29 31 45 49,0,1.0,1.0,0.0,34.78037077224997,18.15,63,4,59,3.8465037675471145,0.9616259418867786,52.71229306871688,60.0,600.0,0.0,0.0,0.0,31.84011709992774,0.0,0.0,52.71229306871688,600.0,80.29025643260388,2353.8339100285225,,,,False,False,not_attempted,0,0,0,0,34,0,0.0,171.54640459197284,647.0,False,,,False,9,0
aco,static_frozen,10,600.0,10.0,2,degrading,degrading,29 31 45 49,0,1.0,1.0,0.0,34.78037077224997,18.166666666666668,59,2,57,2.2406318836965116,1.1203159418482558,54.95292495241339,60.0,660.0,0.0,0.0,0.0,31.84011709992774,0.0,0.0,54.95292495241339,660.0,76.26459852359919,2334.9570515159016,,,,False,False,not_attempted,0,0,0,0,28,0,0.0,171.29011539682318,871.0,False,,,False,9,0
aco,static_frozen,11,660.0,11.0,2,degrading,degrading,29 31 45 49,3677,1.06951871657754,0.935,0.0,34.56371404486458,18.183333333333334,57,3,54,1.864475894055082,0.6214919646850273,56.81740084646847,60.0,720.0,0.0,0.0,0.0,31.84011709992774,0.0,0.0,56.81740084646847,720.0,77.91247220641972,2198.5130543089927,,,,False,False,not_attempted,0,0,0,0,24,7,0.2916666666666667,171.19678206348985,871.0,False,,,False,7,0
aco,static_frozen,12,720.0,12.0,2,degrading,degrading,29 31 45 49,3677,1.1494252873563218,0.87,0.0,34.317993984953176,18.2,54,4,50,2.0834059682333734,0.5208514920583434,58.900806814701845,60.0,780.0,0.0,0.0,0.0,31.84011709992774,0.0,0.0,58.900806814701845,780.0,80.12787436447819,2211.289508462499,,,,False,False,not_attempted,0,0,0,0,38,0,0.0,170.7053520396286,1037.0,False,,,False,7,0
aco,static_frozen,13,780.0,13.0,2,degrading,degrading,29 31 45 49,3677,1.2422360248447206,0.8049999999999999,0.0,34.03694211724979,18.216666666666665,50,3,47,2.0949751967768937,0.6983250655922979,60.99578201147874,60.0,840.0,0.0,0.0,0.0,31.84011709992774,0.0,0.0,60.99578201147874,840.0,82.24729943101362,2183.0458566725847,,,,False,False,not_attempted,0,0,0,0,18,8,0.4444444444444444,170.01502271405593,1037.0,False,,,False,7,0
aco,static_frozen,14,840.0,14.0,2,degrading,degrading,29 31 45 49,3677,1.3513513513513513,0.74,0.0,33.712347650969065,18.233333333333334,47,2,45,1.7488120855788787,0.8744060427894393,62.744594097057615,60.0,900.0,0.0,0.0,0.0,31.84011709992774,0.0,0.0,62.744594097057615,900.0,84.32044218787293,2064.3761612535404,,,,False,False,not_attempted,0,0,0,0,13,1,0.07692307692307693,169.912246448997,1037.0,False,,,False,7,0
aco,static_frozen,15,900.0,15.0,3,degrading,degrading,29 31 45 49,3677,1.4814814814814814,0.675,0.0,33.33324201699034,18.25,45,3,42,1.236350807036819,0.41211693567893964,63.980944904094436,60.0,960.0,0.0,0.0,0.0,31.84011709992774,0.0,0.0,63.980944904094436,960.0,87.63639665815317,2078.9683856581632,,,,False,False,not_attempted,0,0,0,0,31,4,0.12903225806451613,169.80947018393806,1142.0,False,,,False,7,0
aco,static_frozen,16,960.0,16.0,3,degrading,degrading,29 31 45 49,3677,1.639344262295082,0.61,0.0,32.884634908397665,18.266666666666666,42,2,40,3.4306855875304203,1.7153427937652101,67.41163049162486,60.0,1020.0,0.0,0.0,0.0,31.84011709992774,0.0,0.0,67.41163049162486,1020.0,92.1320406848362,2096.6704283785257,,,,False,False,not_attempted,0,0,0,0,35,6,0.17142857142857143,169.5629603131352,1142.0,False,,,False,7,0
aco,static_frozen,17,1020.0,17.0,3,degrading,degrading,29 31 45 49,3677,1.8348623853211008,0.545,0.0,32.34548500261859,18.283333333333335,40,3,37,4.865849656639902,1.621949885546634,72.27748014826477,60.0,1080.0,0.0,0.0,0.0,31.84011709992774,0.0,0.0,72.27748014826477,1080.0,94.5594701483368,2058.244780218142,,,,False,False,not_attempted,0,0,0,0,44,0,0.0,169.0078052550611,1391.0,False,,,False,7,0
aco,static_frozen,18,1080.0,18.0,3,degrading,degrading,29 31 45 49,3677,2.0833333333333335,0.48,0.0,31.685304056537916,18.3,37,0,37,2.6838765011140997,2.6838765011140997,74.96135664937887,60.0,1140.0,0.0,0.0,0.0,31.84011709992774,0.0,0.0,74.96135664937887,1140.0,95.63115811726766,2039.9506308964205,,,,False,False,not_attempted,0,0,0,0,11,0,0.0,168.7458575592287,1391.0,False,,,False,6,0
aco,static_frozen,19,1140.0,19.0,3,degrading,degrading,29 31 45 49,3677,2.409638554216868,0.4149999999999999,0.0,30.85818486053072,18.316666666666666,37,3,34,1.9939009774083334,0.6646336591361112,76.9552576267872,60.0,1200.0,0.0,0.0,0.0,31.84011709992774,0.0,0.0,76.9552576267872,1200.0,101.10845113500308,1944.4346063913817,,,,False,False,not_attempted,0,0,0,0,24,0,0.0,168.53429817409727,1391.0,False,,,False,5,0
aco,static_frozen,20,1200.0,20.0,4,disrupted,holding,29 31 45 49,3677,2.857142857142857,0.35,0.0,29.791643086372574,18.333333333333332,34,3,31,3.3844077013573934,1.1281359004524645,80.33966532814459,60.0,1260.0,0.0,0.0,0.0,31.84011709992774,0.0,0.0,80.33966532814459,1260.0,110.77032736937471,2043.9613816626138,,,,False,False,not_attempted,0,0,0,0,22,5,0.22727272727272727,168.40267632084857,1530.0,False,,,False,5,0
aco,static_frozen,21,1260.0,21.0,4,disrupted,disrupted,29 31 45 49,3677,2.857142857142857,0.35,0.0,29.791643086372574,18.35,31,0,31,2.6082716876352103,2.6082716876352103,82.9479370157798,60.0,1320.0,0.0,0.0,0.0,31.84011709992774,0.0,0.0,82.9479370157798,1320.0,107.78773071180234,1912.7962544232373,,,,False,False,not_attempted,0,0,0,0,12,4,0.3333333333333333,167.68888303530068,1530.0,False,,,False,5,0
aco,static_frozen,22,1320.0,22.0,4,disrupted,disrupted,29 31 45 49,3677,2.857142857142857,0.35,0.0,29.791643086372574,18.366666666666667,31,2,29,2.676862486389704,1.338431243194852,85.62479950216951,60.0,1380.0,0.0,0.0,0.0,31.84011709992774,0.0,0.0,85.62479950216951,1380.0,105.19630110829488,1912.7962544232373,,,,False,False,not_attempted,0,0,0,0,14,2,0.14285714285714285,166.09899094190976,1530.0,False,,,False,5,0
aco,static_frozen,23,1380.0,23.0,4,disrupted,disrupted,29 31 45 49,3677,2.857142857142857,0.35,0.0,29.791643086372574,18.383333333333333,29,1,28,1.74959269307702,1.74959269307702,87.37439219524653,60.0,1440.0,0.0,0.0,0.0,31.84011709992774,0.0,0.0,87.37439219524653,1440.0,102.73204439972812,1829.5446063944946,,,,False,False,not_attempted,0,0,0,0,15,0,0.0,166.00565760857643,1530.0,False,,,False,5,0
aco,static_frozen,24,1440.0,24.0,4,disrupted,disrupted,29 31 45 49,3677,2.857142857142857,0.35,0.0,29.791643086372574,18.4,28,3,25,2.6955551560373356,0.8985183853457785,90.06994735128386,60.0,1500.0,0.0,0.0,0.0,31.84011709992774,0.0,0.0,90.06994735128386,1500.0,101.09910056565374,1774.9340241979558,,,,False,False,not_attempted,0,0,0,0,21,2,0.09523809523809523,165.20272645439914,1530.0,False,,,False,5,0
aco,static_frozen,25,1500.0,25.0,5,disrupted,disrupted,29 31 45 49,3677,2.857142857142857,0.35,0.0,29.791643086372574,18.416666666666668,25,0,25,1.2323861849041076,1.2323861849041076,91.30233353618796,60.0,1560.0,0.0,0.0,0.0,31.84011709992774,0.0,0.0,91.30233353618796,1560.0,97.89138575399215,1739.5299052048206,,,,False,False,not_attempted,0,0,0,0,7,0,0.0,164.5709488923274,1530.0,False,,,False,5,0
aco,static_frozen,26,1560.0,26.0,5,disrupted,disrupted,29 31 45 49,3677,2.857142857142857,0.35,0.0,29.791643086372574,18.433333333333334,25,2,23,1.4996936069002595,0.7498468034501298,92.80202714308822,60.0,1620.0,0.0,0.0,0.0,31.84011709992774,0.0,0.0,92.80202714308822,1620.0,97.04325900739279,1608.3716033054598,,,,False,False,not_attempted,0,0,0,0,7,0,0.0,164.47761555899407,1530.0,False,,,False,5,0
aco,static_frozen,27,1620.0,27.0,5,disrupted,disrupted,29 31 45 49,3677,2.857142857142857,0.35,0.0,29.791643086372574,18.45,23,3,20,3.90473404788001,1.3015780159600034,96.70676119096824,60.0,1680.0,0.0,0.0,0.0,31.84011709992774,0.0,0.0,96.70676119096824,1680.0,95.72311477260043,1608.3716033054598,,,,False,False,not_attempted,0,0,0,0,32,5,0.15625,162.09170258487438,1530.0,False,,,False,5,0
aco,static_frozen,28,1680.0,28.0,5,disrupted,disrupted,29 31 45 49,3677,2.857142857142857,0.35,0.0,29.791643086372574,18.466666666666665,20,1,19,4.265744143648316,4.265744143648316,100.97250533461656,60.0,1740.0,0.0,0.0,0.0,31.84011709992774,0.0,0.0,100.97250533461656,1740.0,92.97841503118033,1463.2995371836612,,,,False,False,not_attempted,0,0,0,0,15,5,0.3333333333333333,159.49235571907752,1530.0,False,,,False,5,0
aco,static_frozen,29,1740.0,29.0,5,disrupted,disrupted,29 31 45 49,3677,2.857142857142857,0.35,0.0,29.791643086372574,18.483333333333334,19,2,17,3.6530565925899454,1.8265282962949727,104.6255619272065,60.0,1800.0,0.0,0.0,0.0,31.84011709992774,0.0,0.0,104.6255619272065,1800.0,88.17635430423464,1463.2995371836612,,,,False,False,not_attempted,0,0,0,0,26,3,0.11538461538461539,159.3990223857442,1564.0,False,,,False,4,0
aco,static_frozen,30,1800.0,30.0,6,recovering,recovering,29 31 45 49,3677,2.857142857142857,0.35,0.0,29.791643086372574,18.5,17,2,15,13.158388718566307,6.579194359283154,117.78395064577282,60.0,1860.0,0.0,0.0,0.0,31.84011709992774,0.0,0.0,117.78395064577282,1860.0,87.85979411015641,1470.4603121881382,,,,False,False,not_attempted,0,0,0,0,13,13,1.0,153.50051794467342,1564.0,False,,,False,3,0
aco,static_frozen,31,1860.0,31.0,6,recovering,recovering,29 31 45 49,3677,2.6595744680851063,0.376,0.04,30.2532796494895,18.516666666666666,15,2,13,3.1019981052889456,1.5509990526444728,120.88594875106176,60.0,1920.0,0.0,0.0,0.0,31.84011709992774,0.0,0.0,120.88594875106176,1920.0,73.58783145228456,1276.5956359244772,,,,False,False,not_attempted,0,0,0,0,12,5,0.4166666666666667,151.23055998535625,1589.0,False,,,False,3,0
aco,static_frozen,32,1920.0,32.0,6,recovering,recovering,29 31 45 49,3677,2.4875621890547266,0.40199999999999997,0.08,30.667011726301546,18.533333333333335,13,0,13,0.2983045093633945,0.2983045093633945,121.18425326042515,60.0,1980.0,0.0,0.0,0.0,31.84011709992774,0.0,0.0,121.18425326042515,1980.0,67.8059807592321,1250.9308737355116,,,,False,False,not_attempted,0,0,0,0,3,0,0.0,151.13722665202292,1589.0,False,,,False,3,0
aco,static_frozen,33,1980.0,33.0,6,recovering,recovering,29 31 45 49,3677,2.336448598130841,0.428,0.12,31.039928153428818,18.55,13,2,11,2.052974104144404,1.026487052072202,123.23722736456955,60.0,2040.0,0.0,0.0,0.0,31.84011709992774,0.0,0.0,123.23722736456955,2040.0,64.92805022842927,1107.8541905427148,,,,False,False,not_attempted,0,0,0,0,7,7,1.0,150.77922307591794,1717.0,False,,,False,3,0
aco,static_frozen,34,2040.0,34.0,6,recovering,recovering,29 31 45 49,3677,2.2026431718061676,0.45399999999999996,0.16,31.377784853971832,18.566666666666666,11,1,10,4.209302603379586,4.209302603379586,127.44652996794913,60.0,2100.0,0.0,0.0,0.0,31.84011709992774,0.0,0.0,127.44652996794913,2100.0,60.283841276267154,1092.8498344759582,,,,False,False,not_attempted,0,0,0,0,17,6,0.35294117647058826,149.02228841959584,1717.0,False,,,False,3,0
aco,static_frozen,35,2100.0,35.0,7,recovering,recovering,29 31 45 49,3677,2.0833333333333335,0.48,0.2,31.685304056537916,18.583333333333332,10,0,10,0.27999999999999997,0.27999999999999997,127.72652996794913,60.0,2160.0,0.0,0.0,0.0,31.84011709992774,0.0,0.0,127.72652996794913,2160.0,54.97383749750098,940.2322632851,,,,False,False,not_attempted,0,0,0,0,0,0,0.0,148.9289550862625,1717.0,False,,,False,3,0
aco,static_frozen,36,2160.0,36.0,7,recovering,recovering,29 31 45 49,3677,1.976284584980237,0.506,0.24,31.96639637345568,18.6,10,3,7,1.6689393148821847,0.5563131049607283,129.39546928283133,60.0,2220.0,0.0,0.0,0.0,31.84011709992774,0.0,0.0,129.39546928283133,2220.0,53.44045289706805,928.228284217068,,,,False,False,not_attempted,0,0,0,0,16,2,0.125,148.5552952464358,1774.0,False,,,False,3,0
aco,static_frozen,37,2220.0,37.0,7,recovering,recovering,29 31 45 49,3677,1.8796992481203008,0.532,0.28,32.22432798433814,18.616666666666667,7,0,7,4.630413722308247,4.630413722308247,134.02588300513958,60.0,2280.0,0.0,0.0,0.0,31.84011709992774,0.0,0.0,134.02588300513958,2280.0,50.12881907748233,883.4394110258969,,,,False,False,not_attempted,0,0,0,0,22,16,0.7272727272727273,147.0327618023642,1774.0,False,,,False,3,0
aco,static_frozen,38,2280.0,38.0,7,recovering,recovering,29 31 45 49,3677,1.7921146953405016,0.558,0.32,32.46184812933902,18.633333333333333,7,0,7,2.706826704875684,2.706826704875684,136.73270971001526,60.0,2340.0,0.0,0.0,0.0,31.84011709992774,0.0,0.0,136.73270971001526,2340.0,46.287278241952585,795.9961421816904,,,,False,False,not_attempted,0,0,0,0,19,11,0.5789473684210527,146.93942846903087,1774.0,False,,,False,3,0
aco,static_frozen,39,2340.0,39.0,7,recovering,recovering,29 31 45 49,3677,1.7123287671232879,0.584,0.36,32.68128748683469,18.65,7,2,5,1.630062210005311,0.8150311050026555,138.36277192002058,60.0,2400.0,0.0,0.0,0.0,31.84011709992774,0.0,0.0,138.36277192002058,2400.0,43.46468622507485,735.1785863824094,,,,False,False,not_attempted,0,0,0,0,37,2,0.05405405405405406,146.01103035900823,1917.0,False,,,False,3,0
aco,static_frozen,40,2400.0,40.0,8,recovering,recovering,29 31 45 49,3677,1.639344262295082,0.61,0.4,32.884634908397665,18.666666666666668,5,0,5,2.9213222984719867,2.9213222984719867,141.28409421849256,60.0,2460.0,0.0,0.0,0.0,31.84011709992774,0.0,0.0,141.28409421849256,2460.0,40.6397057288885,679.9105062717113,,,,False,False,not_attempted,0,0,0,0,25,5,0.2,143.80350990493088,1917.0,False,,,False,3,0
aco,static_frozen,41,2460.0,41.0,8,recovering,recovering,29 31 45 49,3677,1.572327044025157,0.636,0.44,33.073597869454325,18.683333333333334,5,1,4,6.060975862366645,6.060975862366645,147.3450700808592,60.0,2520.0,0.0,0.0,0.0,31.84011709992774,0.0,0.0,147.3450700808592,2520.0,36.56285573614901,574.1029681449844,,,,False,False,not_attempted,0,0,0,0,19,17,0.8947368421052632,139.45466672794055,1917.0,False,,,False,2,0
aco,static_frozen,42,2520.0,42.0,8,recovering,recovering,29 31 45 49,3677,1.5105740181268883,0.6619999999999999,0.48,33.249650529638785,18.7,4,1,3,2.0328480000229714,2.0328480000229714,149.37791808088215,60.0,2580.0,0.0,0.0,0.0,31.84011709992774,0.0,0.0,149.37791808088215,2580.0,31.24092881022426,490.8770752550153,,,,False,False,not_attempted,0,0,0,0,13,12,0.9230769230769231,139.36133339460721,1917.0,False,,,False,1,0
aco,static_frozen,43,2580.0,43.0,8,recovering,recovering,29 31 45 49,3677,1.4534883720930234,0.688,0.52,33.41407226782236,18.716666666666665,3,1,2,0.3728624222294424,0.3728624222294424,149.7507805031116,60.0,2640.0,0.0,0.0,0.0,31.84011709992774,0.0,0.0,149.7507805031116,2640.0,28.707103870101278,426.7139328231895,,,,False,False,not_attempted,0,0,0,0,2,2,1.0,139.29644815369545,1968.0,False,,,False,1,0
aco,static_frozen,44,2640.0,44.0,8,recovering,recovering,29 31 45 49,3677,1.400560224089636,0.714,0.56,33.567978823908035,18.733333333333334,2,0,2,0.09333333333333332,0.09333333333333332,149.84411383644493,60.0,2700.0,0.0,0.0,0.0,31.84011709992774,0.0,0.0,149.84411383644493,2700.0,27.66393911451542,421.5551903151514,,,,False,False,not_attempted,0,0,0,0,0,0,0.0,139.29644815369545,1968.0,False,,,False,1,0
aco,static_frozen,45,2700.0,45.0,9,recovering,recovering,29 31 45 49,3677,1.3513513513513513,0.74,0.6,33.712347650969065,18.75,2,1,1,0.9014525251758675,0.9014525251758675,150.7455663616208,60.0,2760.0,0.0,0.0,0.0,31.84011709992774,0.0,0.0,150.7455663616208,2760.0,27.063599666018227,416.7589540374078,,,,False,False,not_attempted,0,0,0,0,9,9,1.0,139.29644815369545,1968.0,False,,,False,1,0
aco,static_frozen,46,2760.0,46.0,9,recovering,recovering,29 31 45 49,3677,1.3054830287206267,0.766,0.64,33.84803869575654,18.766666666666666,1,0,1,0.09333333333333332,0.09333333333333332,150.83889969495414,60.0,2820.0,0.0,0.0,0.0,31.84011709992774,0.0,0.0,150.83889969495414,2820.0,25.557772431536367,412.2883108229054,,,,False,False,not_attempted,0,0,0,0,0,0,0.0,139.29644815369545,1968.0,False,,,False,0,0
aco,static_frozen,47,2820.0,47.0,9,recovering,recovering,29 31 45 49,3677,1.2626262626262625,0.792,0.68,33.975811541291115,18.783333333333335,1,1,0,24.790595356275954,24.790595356275954,175.6294950512301,369.9977493666428,3189.997749366643,0.0,0.0,0.0,31.84011709992774,0.0,0.0,175.6294950512301,3189.997749366643,25.121268899164523,400.7330579371123,,,,False,False,not_attempted,0,0,0,0,324,78,0.24074074074074073,133.80051712491542,1968.0,True,,,False,0,0
pso,adaptive,0,0.0,0.0,0,normal,initial,29 31 45 49,0,1.0,1.0,0.0,34.78037077224997,18.0,84,0,84,17.41716950529079,17.41716950529079,17.41716950529079,60.0,60.0,9.01954150001984,12.315022700000554,21.334564200020395,21.334564200020395,0.0,0.0,17.41716950529079,60.0,151.37406968292143,2569.719418511708,,,,False,False,initial_plan,0,0,0,0,96,0,0.0,177.86965881732976,0.0,False,,,True,10,10
pso,adaptive,1,60.0,1.0,0,normal,normal,29 31 45 49,0,1.0,1.0,0.0,34.78037077224997,18.016666666666666,84,0,84,2.9117287974767976,2.9117287974767976,20.328898302767588,60.0,120.0,0.0,0.0,0.0,21.334564200020395,0.0,0.0,20.328898302767588,120.0,133.1191070568551,2507.5518550268002,,,,False,False,not_attempted,0,0,0,0,47,0,0.0,177.4588955213837,0.0,False,,,False,10,10
pso,adaptive,2,120.0,2.0,0,normal,normal,29 31 45 49,0,1.0,1.0,0.0,34.78037077224997,18.033333333333335,84,5,79,4.945953376604522,0.9891906753209044,25.27485167937211,60.0,180.0,0.0,0.0,0.0,21.334564200020395,0.0,0.0,25.27485167937211,180.0,129.7508783653988,2355.035662758609,,,,False,False,not_attempted,0,0,0,0,48,0,0.0,176.84027550943307,239.0,False,,,False,9,5
pso,adaptive,3,180.0,3.0,0,normal,normal,29 31 45 49,0,1.0,1.0,0.0,34.78037077224997,18.05,79,3,76,5.2858708059973845,1.7619569353324616,30.560722485369492,60.0,240.0,0.0,0.0,0.0,21.334564200020395,0.0,0.0,30.560722485369492,240.0,125.54196401841551,2355.035662758609,,,,False,False,not_attempted,0,0,0,0,84,0,0.0,176.08417388140913,239.0,False,,,False,9,2
pso,adaptive,4,240.0,4.0,0,normal,normal,29 31 45 49,0,1.0,1.0,0.0,34.78037077224997,18.066666666666666,76,0,76,4.768439058186637,4.768439058186637,35.329161543556125,60.0,300.0,0.0,0.0,0.0,21.334564200020395,0.0,0.0,35.329161543556125,300.0,119.70961591445298,2307.5810249028364,,,,False,False,not_attempted,0,0,0,0,69,0,0.0,174.23595111138894,239.0,False,,,False,9,2
pso,adaptive,5,300.0,5.0,1,normal,normal,29 31 45 49,0,1.0,1.0,0.0,34.78037077224997,18.083333333333332,76,2,74,2.335379566890029,1.1676897834450144,37.66454111044615,60.0,360.0,10.694721899926662,804.2351762999315,814.9298981998581,836.2644623998785,0.0,0.0,37.66454111044615,360.0,109.77338979096476,2698.550200996692,115.25900310952544,109.77338979096476,5.485613318560681,True,True,lower_residual_energy,5,37,5,37,79,0,0.0,174.1426177780556,324.0,False,,,True,9,2
pso,adaptive,6,360.0,6.0,1,normal,normal,29 31 45 49,0,1.0,1.0,0.0,34.78037077224997,18.1,74,4,70,3.101740268185227,0.7754350670463067,40.766281378631376,60.0,420.0,0.0,0.0,0.0,836.2644623998785,0.0,0.0,40.766281378631376,420.0,107.33923289675523,2639.5028954880127,,,,False,False,not_attempted,0,0,0,0,41,0,0.0,173.80269504982573,430.0,False,,,False,9,1
pso,adaptive,7,420.0,7.0,1,normal,normal,29 31 45 49,0,1.0,1.0,0.0,34.78037077224997,18.116666666666667,70,1,69,5.0773071523580215,5.0773071523580215,45.8435885309894,60.0,480.0,0.0,0.0,0.0,836.2644623998785,0.0,0.0,45.8435885309894,480.0,104.10869149420049,2480.9555026133576,,,,False,False,not_attempted,0,0,0,0,37,0,0.0,171.7427549458747,430.0,False,,,False,9,1
pso,adaptive,8,480.0,8.0,1,normal,normal,29 31 45 49,0,1.0,1.0,0.0,34.78037077224997,18.133333333333333,69,3,66,4.568801367389507,1.5229337891298356,50.412389898378905,60.0,540.0,0.0,0.0,0.0,836.2644623998785,0.0,0.0,50.412389898378905,540.0,99.38973287812432,2480.9555026133576,,,,False,False,not_attempted,0,0,0,0,44,0,0.0,170.12900684926333,574.0,False,,,False,9,1
pso,adaptive,9,540.0,9.0,1,normal,normal,29 31 45 49,0,1.0,1.0,0.0,34.78037077224997,18.15,66,2,64,2.8987751236060793,1.4493875618030396,53.31116502198498,60.0,600.0,0.0,0.0,0.0,836.2644623998785,0.0,0.0,53.31116502198498,600.0,94.4431869676926,2360.9555026133576,,,,False,False,not_attempted,0,0,0,0,17,0,0.0,169.55281890713212,647.0,False,,,False,9,1
pso,adaptive,10,600.0,10.0,2,degrading,degrading,29 31 45 49,0,1.0,1.0,0.0,34.78037077224997,18.166666666666668,64,4,60,2.461197722411713,0.6152994306029282,55.772362744396695,60.0,660.0,5.809997674077749e-05,449.4306409000419,449.43069900001865,1285.6951613998972,0.0,0.0,55.772362744396695,660.0,88.94705862945925,2527.242251851788,91.85049389647273,88.94705862945925,2.903435267013478,True,True,lower_residual_energy,4,17,4,17,28,0,0.0,169.4594855737988,659.0,False,,,True,9,0
pso,adaptive,11,660.0,11.0,2,degrading,degrading,29 31 45 49,3677,1.06951871657754,0.935,0.0,34.56371404486458,18.183333333333334,60,4,56,5.540165674867525,1.3850414187168814,61.31252841926422,60.0,720.0,0.0,0.0,0.0,1285.6951613998972,0.0,0.0,61.31252841926422,720.0,91.35818070073793,2547.068673242938,,,,False,False,not_attempted,0,0,0,0,95,16,0.16842105263157894,169.0036065577671,725.0,False,,,False,9,0
pso,adaptive,12,720.0,12.0,2,degrading,degrading,29 31 45 49,3677,1.1494252873563218,0.87,0.0,34.317993984953176,18.2,56,1,55,3.7303136241329495,3.7303136241329495,65.04284204339717,60.0,780.0,0.0,0.0,0.0,1285.6951613998972,0.0,0.0,65.04284204339717,780.0,90.34146584124318,2524.2146242669673,,,,False,False,not_attempted,0,0,0,0,43,14,0.32558139534883723,168.70238617422373,743.0,False,,,False,8,0
pso,adaptive,13,780.0,13.0,2,degrading,degrading,29 31 45 49,3677,1.2422360248447206,0.8049999999999999,0.0,34.03694211724979,18.216666666666665,55,3,52,3.4074682120191766,1.1358227373397256,68.45031025541635,60.0,840.0,0.0,0.0,0.0,1285.6951613998972,0.0,0.0,68.45031025541635,840.0,92.04989820173948,2522.635211445169,,,,False,False,not_attempted,0,0,0,0,47,4,0.0851063829787234,167.33987522043492,940.0,False,,,False,8,0
pso,adaptive,14,840.0,14.0,2,degrading,degrading,29 31 45 49,3677,1.3513513513513513,0.74,0.0,33.712347650969065,18.233333333333334,52,0,52,1.4794429378664429,1.4794429378664429,69.92975319328279,60.0,900.0,0.0,0.0,0.0,1285.6951613998972,0.0,0.0,69.92975319328279,900.0,94.20518774416567,2466.480368223403,,,,False,False,not_attempted,0,0,0,0,21,6,0.2857142857142857,167.24654188710159,940.0,False,,,False,7,0
pso,adaptive,15,900.0,15.0,3,degrading,degrading,29 31 45 49,3677,1.4814814814814814,0.675,0.0,33.33324201699034,18.25,52,4,48,3.044679967432251,0.7611699918580628,72.97443316071504,60.0,960.0,10.536930900067091,298.00887680007145,308.54580770013854,1594.2409691000357,0.0,0.0,72.97443316071504,960.0,96.49305523087337,2409.2395466294083,99.13111441501803,96.49305523087337,2.638059184144666,True,True,lower_residual_energy,3,4,3,4,34,9,0.2647058823529412,167.14922124659896,940.0,False,,,True,9,0
pso,adaptive,16,960.0,16.0,3,degrading,degrading,29 31 45 49,3677,1.639344262295082,0.61,0.0,32.884634908397665,18.266666666666666,48,3,45,2.2773059598323755,0.7591019866107919,75.25173912054741,60.0,1020.0,0.0,0.0,0.0,1594.2409691000357,0.0,0.0,75.25173912054741,1020.0,99.2434631659832,2326.7308392961622,,,,False,False,not_attempted,0,0,0,0,57,0,0.0,166.8670760414902,968.0,False,,,False,8,0
pso,adaptive,17,1020.0,17.0,3,degrading,degrading,29 31 45 49,3677,1.8348623853211008,0.545,0.0,32.34548500261859,18.283333333333335,45,4,41,1.3665213771841562,0.34163034429603906,76.61826049773157,60.0,1080.0,0.0,0.0,0.0,1594.2409691000357,0.0,0.0,76.61826049773157,1080.0,104.00096467698748,2393.6496521802474,,,,False,False,not_attempted,0,0,0,0,27,1,0.037037037037037035,166.57773247214197,1127.0,False,,,False,8,0
pso,adaptive,18,1080.0,18.0,3,degrading,degrading,29 31 45 49,3677,2.0833333333333335,0.48,0.0,31.685304056537916,18.3,41,2,39,4.242074873518233,2.1210374367591167,80.8603353712498,60.0,1140.0,0.0,0.0,0.0,1594.2409691000357,0.0,0.0,80.8603353712498,1140.0,109.81878460069706,2502.2864099171616,,,,False,False,not_attempted,0,0,0,0,63,2,0.031746031746031744,165.44758449126394,1127.0,False,,,False,7,0
pso,adaptive,19,1140.0,19.0,3,degrading,degrading,29 31 45 49,3677,2.409638554216868,0.4149999999999999,0.0,30.85818486053072,18.316666666666666,39,4,35,3.356508582013433,0.8391271455033582,84.21684395326324,60.0,1200.0,0.0,0.0,0.0,1594.2409691000357,0.0,0.0,84.21684395326324,1200.0,114.47605734819376,2516.189534299914,,,,False,False,not_attempted,0,0,0,0,37,0,0.0,165.3542511579306,1138.0,False,,,False,7,0
pso,adaptive,20,1200.0,20.0,4,disrupted,holding,29 31 45 49,3677,2.857142857142857,0.35,0.0,29.791643086372574,18.333333333333332,35,1,34,1.874658939230252,1.874658939230252,86.0915028924935,60.0,1260.0,10.49862320011016,149.08761230006348,159.58623550017364,1753.8272046002094,0.0,0.0,86.0915028924935,1260.0,124.12626971058215,2511.1145346838666,124.12626971058215,128.60837721305768,-4.482107502475529,True,False,incumbent_not_worse,2,6,0,0,3,1,0.3333333333333333,164.81319001818176,1138.0,False,,,True,7,0
pso,adaptive,21,1260.0,21.0,4,disrupted,disrupted,29 31 45 49,3677,2.857142857142857,0.35,0.0,29.791643086372574,18.35,34,5,29,4.5576208148893285,0.9115241629778656,90.64912370738283,60.0,1320.0,0.0,0.0,0.0,1753.8272046002094,0.0,0.0,90.64912370738283,1320.0,122.42629630750208,2511.1145346838666,,,,False,False,not_attempted,0,0,0,0,34,5,0.14705882352941177,162.72833782801322,1308.0,False,,,False,7,0
pso,adaptive,22,1320.0,22.0,4,disrupted,disrupted,29 31 45 49,3677,2.857142857142857,0.35,0.0,29.791643086372574,18.366666666666667,29,1,28,4.99697027657775,4.99697027657775,95.64609398396058,60.0,1380.0,0.0,0.0,0.0,1753.8272046002094,0.0,0.0,95.64609398396058,1380.0,118.36680856453485,2473.3015355023913,,,,False,False,not_attempted,0,0,0,0,66,1,0.015151515151515152,162.6350044946799,1308.0,False,,,False,7,0
pso,adaptive,23,1380.0,23.0,4,disrupted,disrupted,29 31 45 49,3677,2.857142857142857,0.35,0.0,29.791643086372574,18.383333333333333,28,1,27,2.56095313453941,2.56095313453941,98.20704711849999,60.0,1440.0,0.0,0.0,0.0,1753.8272046002094,0.0,0.0,98.20704711849999,1440.0,111.35825542678926,2318.718071644347,,,,False,False,not_attempted,0,0,0,0,5,2,0.4,162.34949770569074,1308.0,False,,,False,7,0
pso,adaptive,24,1440.0,24.0,4,disrupted,disrupted,29 31 45 49,3677,2.857142857142857,0.35,0.0,29.791643086372574,18.4,27,3,24,5.394281964222062,1.7980939880740205,103.60132908272205,60.0,1500.0,0.0,0.0,0.0,1753.8272046002094,0.0,0.0,103.60132908272205,1500.0,109.38538827585933,2318.718071644347,,,,False,False,not_attempted,0,0,0,0,27,5,0.18518518518518517,160.59720045525268,1383.0,False,,,False,7,0
pso,adaptive,25,1500.0,25.0,5,disrupted,disrupted,29 31 45 49,3677,2.857142857142857,0.35,0.0,29.791643086372574,18.416666666666668,24,1,23,8.661472515451115,8.661472515451115,112.26280159817316,60.0,1560.0,6.2700011767447e-05,65.62504860002082,65.62511130003259,1819.452315900242,0.0,0.0,112.26280159817316,1560.0,103.7707058618236,2198.718071644347,103.7707058618236,108.73208081329032,-4.961374951466723,True,False,incumbent_not_worse,1,8,0,0,48,5,0.10416666666666667,158.47069410522792,1407.0,False,,,True,7,0
pso,adaptive,26,1560.0,26.0,5,disrupted,disrupted,29 31 45 49,3677,2.857142857142857,0.35,0.0,29.791643086372574,18.433333333333334,23,1,22,2.6842784779939834,2.6842784779939834,114.94708007616714,60.0,1620.0,0.0,0.0,0.0,1819.452315900242,0.0,0.0,114.94708007616714,1620.0,95.82349637477257,2198.718071644347,,,,False,False,not_attempted,0,0,0,0,3,1,0.3333333333333333,158.3773607718946,1407.0,False,,,False,4,0
pso,adaptive,27,1620.0,27.0,5,disrupted,disrupted,29 31 45 49,3677,2.857142857142857,0.35,0.0,29.791643086372574,18.45,22,4,18,4.4356192451778815,1.1089048112944704,119.38269932134502,60.0,1680.0,0.0,0.0,0.0,1819.452315900242,0.0,0.0,119.38269932134502,1680.0,93.623556769692,2166.673167995155,,,,False,False,not_attempted,0,0,0,0,17,4,0.23529411764705882,158.083186120731,1522.0,False,,,False,4,0
pso,adaptive,28,1680.0,28.0,5,disrupted,disrupted,29 31 45 49,3677,2.857142857142857,0.35,0.0,29.791643086372574,18.466666666666665,18,1,17,5.807537989025136,5.807537989025136,125.19023731037015,60.0,1740.0,0.0,0.0,0.0,1819.452315900242,0.0,0.0,125.19023731037015,1740.0,89.58948253113394,2114.1443363550056,,,,False,False,not_attempted,0,0,0,0,16,6,0.375,156.57364846988278,1617.0,False,,,False,4,0
pso,adaptive,29,1740.0,29.0,5,disrupted,disrupted,29 31 45 49,3677,2.857142857142857,0.35,0.0,29.791643086372574,18.483333333333334,17,1,16,5.431910866500399,5.431910866500399,130.62214817687055,60.0,1800.0,0.0,0.0,0.0,1819.452315900242,0.0,0.0,130.62214817687055,1800.0,83.37203798610894,1963.727943069337,,,,False,False,not_attempted,0,0,0,0,6,5,0.8333333333333334,151.50404265663175,1617.0,False,,,False,3,0
pso,adaptive,30,1800.0,30.0,6,recovering,recovering,29 31 45 49,3677,2.857142857142857,0.35,0.0,29.791643086372574,18.5,16,2,14,1.8521276582812487,0.9260638291406244,132.47427583515181,60.0,1860.0,5.6399963796138763e-05,5.94415510003455,5.944211499998346,1825.3965274002403,0.0,0.0,132.47427583515181,1860.0,78.148406617924,1963.727943069337,78.148406617924,78.148406617924,0.0,True,False,incumbent_not_worse,0,0,0,0,4,3,0.75,151.41070932329842,1678.0,False,,,True,3,0
pso,adaptive,31,1860.0,31.0,6,recovering,recovering,29 31 45 49,3677,2.6595744680851063,0.376,0.04,30.2532796494895,18.516666666666666,14,1,13,2.6770030778470293,2.6770030778470293,135.15127891299883,60.0,1920.0,0.0,0.0,0.0,1825.3965274002403,0.0,0.0,135.15127891299883,1920.0,73.17803666966834,1882.8532919768193,,,,False,False,not_attempted,0,0,0,0,9,3,0.3333333333333333,150.3596782082212,1678.0,False,,,False,3,0
pso,adaptive,32,1920.0,32.0,6,recovering,recovering,29 31 45 49,3677,2.4875621890547266,0.40199999999999997,0.08,30.667011726301546,18.533333333333335,13,1,12,0.6265740273705094,0.6265740273705094,135.77785294036934,60.0,1980.0,0.0,0.0,0.0,1825.3965274002403,0.0,0.0,135.77785294036934,1980.0,67.99007740855377,1711.801717531896,,,,False,False,not_attempted,0,0,0,0,4,0,0.0,150.02742280800075,1678.0,False,,,False,3,0
pso,adaptive,33,1980.0,33.0,6,recovering,recovering,29 31 45 49,3677,2.336448598130841,0.428,0.12,31.039928153428818,18.55,12,1,11,2.2533124224733556,2.2533124224733556,138.0311653628427,60.0,2040.0,0.0,0.0,0.0,1825.3965274002403,0.0,0.0,138.0311653628427,2040.0,65.02944809963925,1710.746315931373,,,,False,False,not_attempted,0,0,0,0,6,6,1.0,149.93408947466742,1678.0,False,,,False,2,0
pso,adaptive,34,2040.0,34.0,6,recovering,recovering,29 31 45 49,3677,2.2026431718061676,0.45399999999999996,0.16,31.377784853971832,18.566666666666666,11,1,10,0.23592299277100093,0.23592299277100093,138.2670883556137,60.0,2100.0,0.0,0.0,0.0,1825.3965274002403,0.0,0.0,138.2670883556137,2100.0,60.862576666006056,1654.4589054720643,,,,False,False,not_attempted,0,0,0,0,0,0,0.0,149.92482232960705,1678.0,False,,,False,2,0
pso,adaptive,35,2100.0,35.0,7,recovering,recovering,29 31 45 49,3677,2.0833333333333335,0.48,0.2,31.685304056537916,18.583333333333332,10,1,9,1.126523008593245,1.126523008593245,139.39361136420695,60.0,2160.0,10.618103399989195,0.26276499999221414,10.88086839998141,1836.2773958002217,0.0,0.0,139.39361136420695,2160.0,58.94313421877203,1512.092233403168,58.94313421877203,58.94313421877203,0.0,True,False,incumbent_not_worse,0,0,0,0,16,0,0.0,149.92482232960705,1678.0,False,,,True,2,0
pso,adaptive,36,2160.0,36.0,7,recovering,recovering,29 31 45 49,3677,1.976284584980237,0.506,0.24,31.96639637345568,18.6,9,1,8,3.5055115082946826,3.5055115082946826,142.89912287250164,60.0,2220.0,0.0,0.0,0.0,1836.2773958002217,0.0,0.0,142.89912287250164,2220.0,56.28248334552117,1492.0241126140793,,,,False,False,not_attempted,0,0,0,0,18,2,0.1111111111111111,149.92482232960705,1678.0,False,,,False,2,0
pso,adaptive,37,2220.0,37.0,7,recovering,recovering,29 31 45 49,3677,1.8796992481203008,0.532,0.28,32.22432798433814,18.616666666666667,8,0,8,2.6395452128449426,2.6395452128449426,145.5386680853466,60.0,2280.0,0.0,0.0,0.0,1836.2773958002217,0.0,0.0,145.5386680853466,2280.0,51.50956725860731,1411.8731403679144,,,,False,False,not_attempted,0,0,0,0,21,0,0.0,149.92482232960705,1678.0,False,,,False,2,0
pso,adaptive,38,2280.0,38.0,7,recovering,recovering,29 31 45 49,3677,1.7921146953405016,0.558,0.32,32.46184812933902,18.633333333333333,8,0,8,0.21218744255709793,0.21218744255709793,145.7508555279037,60.0,2340.0,0.0,0.0,0.0,1836.2773958002217,0.0,0.0,145.7508555279037,2340.0,47.36535644721163,1215.7467616204149,,,,False,False,not_attempted,0,0,0,0,0,0,0.0,149.92482232960705,1678.0,False,,,False,2,0
pso,adaptive,39,2340.0,39.0,7,recovering,recovering,29 31 45 49,3677,1.7123287671232879,0.584,0.36,32.68128748683469,18.65,8,1,7,0.45910097678068074,0.45910097678068074,146.20995650468438,60.0,2400.0,0.0,0.0,0.0,1836.2773958002217,0.0,0.0,146.20995650468438,2400.0,45.779697042317444,1195.6320252645714,,,,False,False,not_attempted,0,0,0,0,6,0,0.0,149.92482232960705,1678.0,False,,,False,2,0
pso,adaptive,40,2400.0,40.0,8,recovering,recovering,29 31 45 49,3677,1.639344262295082,0.61,0.4,32.884634908397665,18.666666666666668,7,1,6,1.355645612201716,1.355645612201716,147.5656021168861,60.0,2460.0,10.650543099967763,0.6740725999698043,11.324615699937567,1847.6020115001593,0.0,0.0,147.5656021168861,2460.0,44.176198598681744,1152.5755297688108,44.176198598681744,44.176198598681744,0.0,True,False,incumbent_not_worse,0,0,0,0,14,6,0.42857142857142855,149.92482232960705,1678.0,False,,,True,2,0
pso,adaptive,41,2460.0,41.0,8,recovering,recovering,29 31 45 49,3677,1.572327044025157,0.636,0.44,33.073597869454325,18.683333333333334,6,0,6,1.24198612996149,1.24198612996149,148.80758824684762,60.0,2520.0,0.0,0.0,0.0,1847.6020115001593,0.0,0.0,148.80758824684762,2520.0,41.60147290533363,1076.4714542597803,,,,False,False,not_attempted,0,0,0,0,5,5,1.0,149.92482232960705,1678.0,False,,,False,1,0
pso,adaptive,42,2520.0,42.0,8,recovering,recovering,29 31 45 49,3677,1.5105740181268883,0.6619999999999999,0.48,33.249650529638785,18.7,6,1,5,0.127726184145471,0.127726184145471,148.9353144309931,60.0,2580.0,0.0,0.0,0.0,1847.6020115001593,0.0,0.0,148.9353144309931,2580.0,39.36748862564591,909.9291088239743,,,,False,False,not_attempted,0,0,0,0,0,0,0.0,149.92482232960705,1840.0,False,,,False,1,0
pso,adaptive,43,2580.0,43.0,8,recovering,recovering,29 31 45 49,3677,1.4534883720930234,0.688,0.52,33.41407226782236,18.716666666666665,5,1,4,0.7175967128975415,0.7175967128975415,149.65291114389063,60.0,2640.0,0.0,0.0,0.0,1847.6020115001593,0.0,0.0,149.65291114389063,2640.0,38.35919626628425,898.3192726274902,,,,False,False,not_attempted,0,0,0,0,3,2,0.6666666666666666,149.92482232960705,1840.0,False,,,False,1,0
pso,adaptive,44,2640.0,44.0,8,recovering,recovering,29 31 45 49,3677,1.400560224089636,0.714,0.56,33.567978823908035,18.733333333333334,4,0,4,0.13021723939180013,0.13021723939180013,149.78312838328245,60.0,2700.0,0.0,0.0,0.0,1847.6020115001593,0.0,0.0,149.78312838328245,2700.0,36.74075413605605,862.2164512357765,,,,False,False,not_attempted,0,0,0,0,0,0,0.0,149.92482232960705,1840.0,False,,,False,1,0
pso,adaptive,45,2700.0,45.0,9,recovering,recovering,29 31 45 49,3677,1.3513513513513513,0.74,0.6,33.712347650969065,18.75,4,0,4,0.09333333333333332,0.09333333333333332,149.87646171661578,60.0,2760.0,10.73620679997839,0.1755372000625357,10.911744000040926,1858.5137555002002,0.0,0.0,149.87646171661578,2760.0,35.702819906501176,732.8814757591256,35.702819906501176,35.702819906501176,0.0,True,False,incumbent_not_worse,0,0,0,0,0,0,0.0,149.92482232960705,1840.0,False,,,True,1,0
pso,adaptive,46,2760.0,46.0,9,recovering,recovering,29 31 45 49,3677,1.3054830287206267,0.766,0.64,33.84803869575654,18.766666666666666,4,1,3,1.3047247366696009,1.3047247366696009,151.1811864532854,60.0,2820.0,0.0,0.0,0.0,1858.5137555002002,0.0,0.0,151.1811864532854,2820.0,34.88911971676728,724.180206189506,,,,False,False,not_attempted,0,0,0,0,10,6,0.6,149.92482232960705,1840.0,False,,,False,1,0
pso,adaptive,47,2820.0,47.0,9,recovering,recovering,29 31 45 49,3677,1.2626262626262625,0.792,0.68,33.975811541291115,18.783333333333335,3,0,3,0.1384282044866113,0.1384282044866113,151.319614657772,60.0,2880.0,0.0,0.0,0.0,1858.5137555002002,0.0,0.0,151.319614657772,2880.0,32.83922654088931,657.9494562628945,,,,False,False,not_attempted,0,0,0,0,0,0,0.0,149.80254940825,1840.0,False,,,False,1,0
pso,adaptive,48,2880.0,48.0,9,recovering,recovering,29 31 45 49,3677,1.2224938875305624,0.818,0.72,34.096339633486544,18.8,3,0,3,0.09333333333333332,0.09333333333333332,151.41294799110534,60.0,2940.0,0.0,0.0,0.0,1858.5137555002002,0.0,0.0,151.41294799110534,2940.0,31.987442318060555,531.5871569536288,,,,False,False,not_attempted,0,0,0,0,0,0,0.0,149.70921607491667,1840.0,False,,,False,1,0
pso,adaptive,49,2940.0,49.0,9,recovering,recovering,29 31 45 49,3677,1.1848341232227486,0.8440000000000001,0.76,34.21022215452844,18.816666666666666,3,1,2,0.35732882035536195,0.35732882035536195,151.7702768114607,60.0,3000.0,0.0,0.0,0.0,1858.5137555002002,0.0,0.0,151.7702768114607,3000.0,31.352540551565678,531.7642408543879,,,,False,False,not_attempted,0,0,0,0,4,4,1.0,149.35188725456132,1840.0,False,,,False,1,0
pso,adaptive,50,3000.0,50.0,10,recovering,recovering,29 31 45 49,3677,1.1494252873563218,0.87,0.8,34.317993984953176,18.833333333333332,2,0,2,0.09333333333333332,0.09333333333333332,151.86361014479402,60.0,3060.0,10.522590600070544,0.16424030007328838,10.686830900143832,1869.200586400344,0.0,0.0,151.86361014479402,3060.0,30.308714012096974,418.69110381221043,30.308714012096974,30.308714012096974,0.0,True,False,incumbent_not_worse,0,0,0,0,0,0,0.0,149.25855392122799,1840.0,False,,,True,1,0
pso,adaptive,51,3060.0,51.0,10,recovering,recovering,29 31 45 49,3677,1.1160714285714286,0.896,0.84,34.42013410399542,18.85,2,1,1,0.9884614298741957,0.9884614298741957,152.85207157466823,60.0,3120.0,0.0,0.0,0.0,1869.200586400344,0.0,0.0,152.85207157466823,3120.0,29.757725166982517,418.69110381221043,,,,False,False,not_attempted,0,0,0,0,10,10,1.0,148.2700924913538,1840.0,False,,,False,1,0
pso,adaptive,52,3120.0,52.0,10,recovering,recovering,29 31 45 49,3677,1.0845986984815619,0.922,0.88,34.517072706564896,18.866666666666667,1,0,1,0.09333333333333332,0.09333333333333332,152.94540490800156,60.0,3180.0,0.0,0.0,0.0,1869.200586400344,0.0,0.0,152.94540490800156,3180.0,28.175789550635457,418.69110381221043,,,,False,False,not_attempted,0,0,0,0,0,0,0.0,148.17675915802047,1840.0,False,,,False,0,0
pso,adaptive,53,3180.0,53.0,10,recovering,recovering,29 31 45 49,3677,1.0548523206751055,0.9480000000000001,0.92,34.60919725991868,18.883333333333333,1,1,0,26.51520311358108,26.51520311358108,179.46060802158266,461.4234029861642,3641.423402986164,0.0,0.0,0.0,1869.200586400344,0.0,0.0,179.46060802158266,3641.423402986164,27.77096975452695,418.69110381221043,,,,False,False,not_attempted,0,0,0,0,348,26,0.07471264367816093,144.7994510181249,1984.0,True,,,False,0,0
pso,static_live,0,0.0,0.0,0,normal,initial,29 31 45 49,0,1.0,1.0,0.0,34.78037077224997,18.0,84,0,84,17.41716950529079,17.41716950529079,17.41716950529079,60.0,60.0,9.01954150001984,12.315022700000554,21.334564200020395,21.334564200020395,0.0,0.0,17.41716950529079,60.0,151.37406968292143,2569.719418511708,,,,False,False,initial_plan,0,0,0,0,96,0,0.0,177.86965881732976,0.0,False,,,True,10,10
pso,static_live,1,60.0,1.0,0,normal,normal,29 31 45 49,0,1.0,1.0,0.0,34.78037077224997,18.016666666666666,84,0,84,2.9117287974767976,2.9117287974767976,20.328898302767588,60.0,120.0,0.0,0.0,0.0,21.334564200020395,0.0,0.0,20.328898302767588,120.0,133.1191070568551,2507.5518550268002,,,,False,False,not_attempted,0,0,0,0,47,0,0.0,177.4588955213837,0.0,False,,,False,10,10
pso,static_live,2,120.0,2.0,0,normal,normal,29 31 45 49,0,1.0,1.0,0.0,34.78037077224997,18.033333333333335,84,5,79,4.945953376604522,0.9891906753209044,25.27485167937211,60.0,180.0,0.0,0.0,0.0,21.334564200020395,0.0,0.0,25.27485167937211,180.0,129.7508783653988,2355.035662758609,,,,False,False,not_attempted,0,0,0,0,48,0,0.0,176.84027550943307,239.0,False,,,False,9,5
pso,static_live,3,180.0,3.0,0,normal,normal,29 31 45 49,0,1.0,1.0,0.0,34.78037077224997,18.05,79,3,76,5.2858708059973845,1.7619569353324616,30.560722485369492,60.0,240.0,0.0,0.0,0.0,21.334564200020395,0.0,0.0,30.560722485369492,240.0,125.54196401841551,2355.035662758609,,,,False,False,not_attempted,0,0,0,0,84,0,0.0,176.08417388140913,239.0,False,,,False,9,2
pso,static_live,4,240.0,4.0,0,normal,normal,29 31 45 49,0,1.0,1.0,0.0,34.78037077224997,18.066666666666666,76,0,76,4.768439058186637,4.768439058186637,35.329161543556125,60.0,300.0,0.0,0.0,0.0,21.334564200020395,0.0,0.0,35.329161543556125,300.0,119.70961591445298,2307.5810249028364,,,,False,False,not_attempted,0,0,0,0,69,0,0.0,174.23595111138894,239.0,False,,,False,9,2
pso,static_live,5,300.0,5.0,1,normal,normal,29 31 45 49,0,1.0,1.0,0.0,34.78037077224997,18.083333333333332,76,2,74,2.033059245297843,1.0165296226489215,37.36222078885397,60.0,360.0,0.0,0.0,0.0,21.334564200020395,0.0,0.0,37.36222078885397,360.0,115.25900310952544,2179.6312187929043,,,,False,False,not_attempted,0,0,0,0,67,0,0.0,174.1426177780556,324.0,False,,,False,9,2
pso,static_live,6,360.0,6.0,1,normal,normal,29 31 45 49,0,1.0,1.0,0.0,34.78037077224997,18.1,74,4,70,2.8956701116039376,0.7239175279009844,40.25789090045791,60.0,420.0,0.0,0.0,0.0,21.334564200020395,0.0,0.0,40.25789090045791,420.0,113.42229091822706,2179.6312187929043,,,,False,False,not_attempted,0,0,0,0,34,0,0.0,173.80269504982573,430.0,False,,,False,9,1
pso,static_live,7,420.0,7.0,1,normal,normal,29 31 45 49,0,1.0,1.0,0.0,34.78037077224997,18.116666666666667,70,2,68,4.8735631587271255,2.4367815793635628,45.13145405918503,60.0,480.0,0.0,0.0,0.0,21.334564200020395,0.0,0.0,45.13145405918503,480.0,110.51467952032222,2149.403453117163,,,,False,False,not_attempted,0,0,0,0,51,0,0.0,171.7315048732715,430.0,False,,,False,9,0
pso,static_live,8,480.0,8.0,1,normal,normal,29 31 45 49,0,1.0,1.0,0.0,34.78037077224997,18.133333333333333,68,2,66,3.744268046077959,1.8721340230389796,48.875722105262994,60.0,540.0,0.0,0.0,0.0,21.334564200020395,0.0,0.0,48.875722105262994,540.0,105.54802741137986,2029.403453117163,,,,False,False,not_attempted,0,0,0,0,78,0,0.0,171.63817153993816,451.0,False,,,False,8,0
pso,static_live,9,540.0,9.0,1,normal,normal,29 31 45 49,0,1.0,1.0,0.0,34.78037077224997,18.15,66,4,62,2.7954245755306446,0.6988561438826612,51.67114668079364,60.0,600.0,0.0,0.0,0.0,21.334564200020395,0.0,0.0,51.67114668079364,600.0,101.79424707515842,2029.403453117163,,,,False,False,not_attempted,0,0,0,0,21,0,0.0,171.54640459197284,647.0,False,,,False,8,0
pso,static_live,10,600.0,10.0,2,degrading,degrading,29 31 45 49,0,1.0,1.0,0.0,34.78037077224997,18.166666666666668,62,3,59,3.8765201157009246,1.2921733719003081,55.54766679649457,60.0,660.0,0.0,0.0,0.0,21.334564200020395,0.0,0.0,55.54766679649457,660.0,99.26036237241371,1901.7228863742832,,,,False,False,not_attempted,0,0,0,0,34,0,0.0,169.9139712245009,659.0,False,,,False,8,0
pso,static_live,11,660.0,11.0,2,degrading,degrading,29 31 45 49,3677,1.06951871657754,0.935,0.0,34.56371404486458,18.183333333333334,59,2,57,3.873838718548428,1.936919359274214,59.421505515042995,60.0,720.0,0.0,0.0,0.0,21.334564200020395,0.0,0.0,59.421505515042995,720.0,101.35485413534812,1901.7228863742832,,,,False,False,not_attempted,0,0,0,0,48,7,0.14583333333333334,168.57396062756465,659.0,False,,,False,8,0
pso,static_live,12,720.0,12.0,2,degrading,degrading,29 31 45 49,3677,1.1494252873563218,0.87,0.0,34.317993984953176,18.2,57,2,55,1.5178849820379765,0.7589424910189883,60.93939049708097,60.0,780.0,0.0,0.0,0.0,21.334564200020395,0.0,0.0,60.93939049708097,780.0,104.05968557424707,1735.6418566659377,,,,False,False,not_attempted,0,0,0,0,19,13,0.6842105263157895,168.36247255001456,751.0,False,,,False,8,0
pso,static_live,13,780.0,13.0,2,degrading,degrading,29 31 45 49,3677,1.2422360248447206,0.8049999999999999,0.0,34.03694211724979,18.216666666666665,55,4,51,3.6952650331816033,0.9238162582954008,64.63465553026258,60.0,840.0,0.0,0.0,0.0,21.334564200020395,0.0,0.0,64.63465553026258,840.0,109.30835532376585,1735.6418566659377,,,,False,False,not_attempted,0,0,0,0,34,15,0.4411764705882353,168.26913921668122,751.0,False,,,False,8,0
pso,static_live,14,840.0,14.0,2,degrading,degrading,29 31 45 49,3677,1.3513513513513513,0.74,0.0,33.712347650969065,18.233333333333334,51,2,49,1.5818433401451488,0.7909216700725744,66.21649887040773,60.0,900.0,0.0,0.0,0.0,21.334564200020395,0.0,0.0,66.21649887040773,900.0,112.16969303176263,1779.4180950937264,,,,False,False,not_attempted,0,0,0,0,19,0,0.0,168.1532899592327,832.0,False,,,False,8,0
pso,static_live,15,900.0,15.0,3,degrading,degrading,29 31 45 49,3677,1.4814814814814814,0.675,0.0,33.33324201699034,18.25,49,2,47,3.012136228017732,1.506068114008866,69.22863509842547,60.0,960.0,0.0,0.0,0.0,21.334564200020395,0.0,0.0,69.22863509842547,960.0,117.81220798854663,1806.001531602118,,,,False,False,not_attempted,0,0,0,0,50,7,0.14,168.05995662589936,853.0,False,,,False,8,0
pso,static_live,16,960.0,16.0,3,degrading,degrading,29 31 45 49,3677,1.639344262295082,0.61,0.0,32.884634908397665,18.266666666666666,47,3,44,6.31430672252389,2.1047689075079634,75.54294182094937,60.0,1020.0,0.0,0.0,0.0,21.334564200020395,0.0,0.0,75.54294182094937,1020.0,123.51124559155735,1992.0613329405778,,,,False,False,not_attempted,0,0,0,0,84,6,0.07142857142857142,166.39112283029274,968.0,False,,,False,8,0
pso,static_live,17,1020.0,17.0,3,degrading,degrading,29 31 45 49,3677,1.8348623853211008,0.545,0.0,32.34548500261859,18.283333333333335,44,2,42,3.447734651826193,1.7238673259130965,78.99067647277556,60.0,1080.0,0.0,0.0,0.0,21.334564200020395,0.0,0.0,78.99067647277556,1080.0,125.78744208071473,1954.3910071671849,,,,False,False,not_attempted,0,0,0,0,49,0,0.0,166.00360564255547,1048.0,False,,,False,8,0
pso,static_live,18,1080.0,18.0,3,degrading,degrading,29 31 45 49,3677,2.0833333333333335,0.48,0.0,31.685304056537916,18.3,42,2,40,3.20972898509169,1.604864492545845,82.20040545786725,60.0,1140.0,0.0,0.0,0.0,21.334564200020395,0.0,0.0,82.20040545786725,1140.0,132.44109601519503,1966.3205213382475,,,,False,False,not_attempted,0,0,0,0,50,1,0.02,165.94190099925612,1048.0,False,,,False,8,0
pso,static_live,19,1140.0,19.0,3,degrading,degrading,29 31 45 49,3677,2.409638554216868,0.4149999999999999,0.0,30.85818486053072,18.316666666666666,40,1,39,4.19492403473602,4.19492403473602,86.39532949260327,60.0,1200.0,0.0,0.0,0.0,21.334564200020395,0.0,0.0,86.39532949260327,1200.0,141.72973248520017,1866.117356078885,,,,False,False,not_attempted,0,0,0,0,49,1,0.02040816326530612,165.8093134553684,1114.0,False,,,False,8,0
pso,static_live,20,1200.0,20.0,4,disrupted,holding,29 31 45 49,3677,2.857142857142857,0.35,0.0,29.791643086372574,18.333333333333332,39,1,38,7.0270651482265425,7.0270651482265425,93.42239464082981,60.0,1260.0,0.0,0.0,0.0,21.334564200020395,0.0,0.0,93.42239464082981,1260.0,154.19190788083256,2012.646693818604,,,,False,False,not_attempted,0,0,0,0,33,8,0.24242424242424243,163.68720247199275,1136.0,False,,,False,8,0
pso,static_live,21,1260.0,21.0,4,disrupted,disrupted,29 31 45 49,3677,2.857142857142857,0.35,0.0,29.791643086372574,18.35,38,1,37,4.870698525623168,4.870698525623168,98.29309316645298,60.0,1320.0,0.0,0.0,0.0,21.334564200020395,0.0,0.0,98.29309316645298,1320.0,147.02690255931566,1874.7844635933225,,,,False,False,not_attempted,0,0,0,0,56,8,0.14285714285714285,162.74654046732996,1308.0,False,,,False,8,0
pso,static_live,22,1320.0,22.0,4,disrupted,disrupted,29 31 45 49,3677,2.857142857142857,0.35,0.0,29.791643086372574,18.366666666666667,37,2,35,7.722633426264098,3.861316713132049,106.01572659271707,60.0,1380.0,0.0,0.0,0.0,21.334564200020395,0.0,0.0,106.01572659271707,1380.0,142.02696544261877,1874.7844635933225,,,,False,False,not_attempted,0,0,0,0,50,11,0.22,161.0095771880842,1308.0,False,,,False,8,0
pso,static_live,23,1380.0,23.0,4,disrupted,disrupted,29 31 45 49,3677,2.857142857142857,0.35,0.0,29.791643086372574,18.383333333333333,35,0,35,4.808307190828627,4.808307190828627,110.8240337835457,60.0,1440.0,0.0,0.0,0.0,21.334564200020395,0.0,0.0,110.8240337835457,1440.0,134.08260179292,1839.3803446001875,,,,False,False,not_attempted,0,0,0,0,11,8,0.7272727272727273,160.91624385475086,1308.0,False,,,False,8,0
pso,static_live,24,1440.0,24.0,4,disrupted,disrupted,29 31 45 49,3677,2.857142857142857,0.35,0.0,29.791643086372574,18.4,35,4,31,7.343485673076167,1.8358714182690417,118.16751945662187,60.0,1500.0,0.0,0.0,0.0,21.334564200020395,0.0,0.0,118.16751945662187,1500.0,129.5676270737577,1708.2220427008267,,,,False,False,not_attempted,0,0,0,0,17,8,0.47058823529411764,159.66458477569773,1456.0,False,,,False,8,0
pso,static_live,25,1500.0,25.0,5,disrupted,disrupted,29 31 45 49,3677,2.857142857142857,0.35,0.0,29.791643086372574,18.416666666666668,31,2,29,4.476565689885478,2.238282844942739,122.64408514650735,60.0,1560.0,0.0,0.0,0.0,21.334564200020395,0.0,0.0,122.64408514650735,1560.0,121.51498566399444,1708.2220427008267,,,,False,False,not_attempted,0,0,0,0,24,2,0.08333333333333333,157.99291783047732,1456.0,False,,,False,8,0
pso,static_live,26,1560.0,26.0,5,disrupted,disrupted,29 31 45 49,3677,2.857142857142857,0.35,0.0,29.791643086372574,18.433333333333334,29,2,27,4.714481279655945,2.3572406398279724,127.35856642616329,60.0,1620.0,0.0,0.0,0.0,21.334564200020395,0.0,0.0,127.35856642616329,1620.0,117.78136983097798,1683.149976579028,,,,False,False,not_attempted,0,0,0,0,8,5,0.625,155.8804990380206,1506.0,False,,,False,8,0
pso,static_live,27,1620.0,27.0,5,disrupted,disrupted,29 31 45 49,3677,2.857142857142857,0.35,0.0,29.791643086372574,18.45,27,3,24,7.917790440063585,2.639263480021195,135.27635686622688,60.0,1680.0,0.0,0.0,0.0,21.334564200020395,0.0,0.0,135.27635686622688,1680.0,112.66744136144571,1563.149976579028,,,,False,False,not_attempted,0,0,0,0,33,9,0.2727272727272727,155.78716570468725,1506.0,False,,,False,8,0
pso,static_live,28,1680.0,28.0,5,disrupted,disrupted,29 31 45 49,3677,2.857142857142857,0.35,0.0,29.791643086372574,18.466666666666665,24,3,21,7.620911493055165,2.5403038310183885,142.89726835928204,60.0,1740.0,0.0,0.0,0.0,21.334564200020395,0.0,0.0,142.89726835928204,1740.0,105.16942271916515,1563.149976579028,,,,False,False,not_attempted,0,0,0,0,36,9,0.25,155.54902467646045,1617.0,False,,,False,8,0
pso,static_live,29,1740.0,29.0,5,disrupted,disrupted,29 31 45 49,3677,2.857142857142857,0.35,0.0,29.791643086372574,18.483333333333334,21,2,19,7.295020679469472,3.647510339734736,150.1922890387515,60.0,1800.0,0.0,0.0,0.0,21.334564200020395,0.0,0.0,150.1922890387515,1800.0,96.68984681169029,1503.6162790720643,,,,False,False,not_attempted,0,0,0,0,25,9,0.36,153.7548595216593,1617.0,False,,,False,7,0
pso,static_live,30,1800.0,30.0,6,recovering,recovering,29 31 45 49,3677,2.857142857142857,0.35,0.0,29.791643086372574,18.5,19,3,16,7.862909282824001,2.6209697609413336,158.05519832157552,60.0,1860.0,0.0,0.0,0.0,21.334564200020395,0.0,0.0,158.05519832157552,1860.0,89.6772032307051,1443.4786743418815,,,,False,False,not_attempted,0,0,0,0,49,5,0.10204081632653061,153.2669555723033,1678.0,False,,,False,7,0
pso,static_live,31,1860.0,31.0,6,recovering,recovering,29 31 45 49,3677,2.6595744680851063,0.376,0.04,30.2532796494895,18.516666666666666,16,0,16,2.9857431995366306,2.9857431995366306,161.04094152111216,60.0,1920.0,0.0,0.0,0.0,21.334564200020395,0.0,0.0,161.04094152111216,1920.0,79.4879680271149,1327.9208785365142,,,,False,False,not_attempted,0,0,0,0,19,2,0.10526315789473684,152.67132133349972,1678.0,False,,,False,6,0
pso,static_live,32,1920.0,32.0,6,recovering,recovering,29 31 45 49,3677,2.4875621890547266,0.40199999999999997,0.08,30.667011726301546,18.533333333333335,16,3,13,3.6737802477103267,1.2245934159034422,164.7147217688225,60.0,1980.0,0.0,0.0,0.0,21.334564200020395,0.0,0.0,164.7147217688225,1980.0,74.77707615853129,1504.367818274133,,,,False,False,not_attempted,0,0,0,0,30,0,0.0,151.23554730878251,1807.0,False,,,False,6,0
pso,static_live,33,1980.0,33.0,6,recovering,recovering,29 31 45 49,3677,2.336448598130841,0.428,0.12,31.039928153428818,18.55,13,1,12,4.284528239062016,4.284528239062016,168.9992500078845,60.0,2040.0,0.0,0.0,0.0,21.334564200020395,0.0,0.0,168.9992500078845,2040.0,68.85885813304724,1410.1328779393482,,,,False,False,not_attempted,0,0,0,0,62,5,0.08064516129032258,149.6769239696966,1807.0,False,,,False,6,0
pso,static_live,34,2040.0,34.0,6,recovering,recovering,29 31 45 49,3677,2.2026431718061676,0.45399999999999996,0.16,31.377784853971832,18.566666666666666,12,0,12,7.518124123588094,7.518124123588094,176.5173741314726,60.0,2100.0,0.0,0.0,0.0,21.334564200020395,0.0,0.0,176.5173741314726,2100.0,62.1012372531239,1257.697833244001,,,,False,False,not_attempted,0,0,0,0,36,10,0.2777777777777778,146.11964327026345,1807.0,False,,,False,6,0
pso,static_live,35,2100.0,35.0,7,recovering,recovering,29 31 45 49,3677,2.0833333333333335,0.48,0.2,31.685304056537916,18.583333333333332,12,2,10,3.3767982231925053,1.6883991115962527,179.8941723546651,60.0,2160.0,0.0,0.0,0.0,21.334564200020395,0.0,0.0,179.8941723546651,2160.0,54.21307146403113,1241.7058007865546,,,,False,False,not_attempted,0,0,0,0,37,3,0.08108108108108109,146.02630993693012,1807.0,False,,,False,6,0
pso,static_live,36,2160.0,36.0,7,recovering,recovering,29 31 45 49,3677,1.976284584980237,0.506,0.24,31.96639637345568,18.6,10,1,9,3.7550955114999387,3.7550955114999387,183.64926786616505,60.0,2220.0,0.0,0.0,0.0,21.334564200020395,0.0,0.0,183.64926786616505,2220.0,49.453930343443915,1175.2361964741276,,,,False,False,not_attempted,0,0,0,0,20,2,0.1,144.73388867289162,1807.0,False,,,False,3,0
pso,static_live,37,2220.0,37.0,7,recovering,recovering,29 31 45 49,3677,1.8796992481203008,0.532,0.28,32.22432798433814,18.616666666666667,9,3,6,0.43332833479286936,0.14444277826428978,184.0825962009579,60.0,2280.0,0.0,0.0,0.0,21.334564200020395,0.0,0.0,184.0825962009579,2280.0,45.26890395263196,1116.6579906927113,,,,False,False,not_attempted,0,0,0,0,0,0,0.0,144.6405553395583,1996.0,False,,,False,2,0
pso,static_live,38,2280.0,38.0,7,recovering,recovering,29 31 45 49,3677,1.7921146953405016,0.558,0.32,32.46184812933902,18.633333333333333,6,2,4,0.49991173046871334,0.24995586523435667,184.58250793142662,60.0,2340.0,0.0,0.0,0.0,21.334564200020395,0.0,0.0,184.58250793142662,2340.0,44.400217217966315,989.4731525686238,,,,False,False,not_attempted,0,0,0,0,9,0,0.0,144.55588732935925,1996.0,False,,,False,2,0
pso,static_live,39,2340.0,39.0,7,recovering,recovering,29 31 45 49,3677,1.7123287671232879,0.584,0.36,32.68128748683469,18.65,4,1,3,1.613747718010567,1.613747718010567,186.19625564943718,60.0,2400.0,0.0,0.0,0.0,21.334564200020395,0.0,0.0,186.19625564943718,2400.0,43.13190313406819,688.8032488597131,,,,False,False,not_attempted,0,0,0,0,3,3,1.0,144.55588732935925,1996.0,False,,,False,1,0
pso,static_live,40,2400.0,40.0,8,recovering,recovering,29 31 45 49,3677,1.639344262295082,0.61,0.4,32.884634908397665,18.666666666666668,3,1,2,2.4982117549002445,2.4982117549002445,188.69446740433742,60.0,2460.0,0.0,0.0,0.0,21.334564200020395,0.0,0.0,188.69446740433742,2460.0,40.83844665339015,622.576057804345,,,,False,False,not_attempted,0,0,0,0,8,7,0.875,144.55588732935925,1996.0,False,,,False,1,0
pso,static_live,41,2460.0,41.0,8,recovering,recovering,29 31 45 49,3677,1.572327044025157,0.636,0.44,33.073597869454325,18.683333333333334,2,0,2,1.7793094052567702,1.7793094052567702,190.4737768095942,60.0,2520.0,0.0,0.0,0.0,21.334564200020395,0.0,0.0,190.4737768095942,2520.0,37.3494717430675,547.0430452519116,,,,False,False,not_attempted,0,0,0,0,5,0,0.0,144.55588732935925,1996.0,False,,,False,1,0
pso,static_live,42,2520.0,42.0,8,recovering,recovering,29 31 45 49,3677,1.5105740181268883,0.6619999999999999,0.48,33.249650529638785,18.7,2,0,2,0.041087817110965374,0.041087817110965374,190.51486462670516,60.0,2580.0,0.0,0.0,0.0,21.334564200020395,0.0,0.0,190.51486462670516,2580.0,35.48594995793895,447.54574011640676,,,,False,False,not_attempted,0,0,0,0,1,0,0.0,144.55588732935925,1996.0,False,,,False,1,0
pso,static_live,43,2580.0,43.0,8,recovering,recovering,29 31 45 49,3677,1.4534883720930234,0.688,0.52,33.41407226782236,18.716666666666665,2,0,2,0.6993570543423804,0.6993570543423804,191.21422168104755,60.0,2640.0,0.0,0.0,0.0,21.334564200020395,0.0,0.0,191.21422168104755,2640.0,34.815253619951,425.40290299259215,,,,False,False,not_attempted,0,0,0,0,8,4,0.5,144.55588732935925,1996.0,False,,,False,1,0
pso,static_live,44,2640.0,44.0,8,recovering,recovering,29 31 45 49,3677,1.400560224089636,0.714,0.56,33.567978823908035,18.733333333333334,2,0,2,1.7639271802526828,1.7639271802526828,192.97814886130024,60.0,2700.0,0.0,0.0,0.0,21.334564200020395,0.0,0.0,192.97814886130024,2700.0,33.43096305242162,393.16166414937186,,,,False,False,not_attempted,0,0,0,0,8,8,1.0,144.55588732935925,1996.0,False,,,False,1,0
pso,static_live,45,2700.0,45.0,9,recovering,recovering,29 31 45 49,3677,1.3513513513513513,0.74,0.6,33.712347650969065,18.75,2,0,2,0.5945523007260353,0.5945523007260353,193.57270116202628,60.0,2760.0,0.0,0.0,0.0,21.334564200020395,0.0,0.0,193.57270116202628,2760.0,31.2978267499497,388.3654278716283,,,,False,False,not_attempted,0,0,0,0,7,7,1.0,144.55588732935925,1996.0,False,,,False,1,0
pso,static_live,46,2760.0,46.0,9,recovering,recovering,29 31 45 49,3677,1.3054830287206267,0.766,0.64,33.84803869575654,18.766666666666666,2,0,2,0.09333333333333332,0.09333333333333332,193.6660344953596,60.0,2820.0,0.0,0.0,0.0,21.334564200020395,0.0,0.0,193.6660344953596,2820.0,30.37149547036219,383.8947846571258,,,,False,False,not_attempted,0,0,0,0,0,0,0.0,144.55588732935925,1996.0,False,,,False,1,0
pso,static_live,47,2820.0,47.0,9,recovering,recovering,29 31 45 49,3677,1.2626262626262625,0.792,0.68,33.975811541291115,18.783333333333335,2,1,1,0.9970765993887875,0.9970765993887875,194.6631110947484,60.0,2880.0,0.0,0.0,0.0,21.334564200020395,0.0,0.0,194.6631110947484,2880.0,30.08655078138661,372.33953177133276,,,,False,False,not_attempted,0,0,0,0,8,2,0.25,144.55588732935925,1996.0,False,,,False,1,0
pso,static_live,48,2880.0,48.0,9,recovering,recovering,29 31 45 49,3677,1.2224938875305624,0.818,0.72,34.096339633486544,18.8,1,0,1,0.09333333333333332,0.09333333333333332,194.75644442808172,60.0,2940.0,0.0,0.0,0.0,21.334564200020395,0.0,0.0,194.75644442808172,2940.0,28.684850814122303,368.33222748250455,,,,False,False,not_attempted,0,0,0,0,0,0,0.0,144.55588732935925,1996.0,False,,,False,0,0
pso,static_live,49,2940.0,49.0,9,recovering,recovering,29 31 45 49,3677,1.1848341232227486,0.8440000000000001,0.76,34.21022215452844,18.816666666666666,1,1,0,27.406614012672925,27.406614012672925,222.16305844075464,397.4064668450991,3337.406466845099,0.0,0.0,0.0,21.334564200020395,0.0,0.0,222.16305844075464,3337.406466845099,28.43304883297103,364.57181871858046,,,,False,False,not_attempted,0,0,0,0,357,69,0.19327731092436976,140.8455978626826,1996.0,True,,,False,0,0
pso,static_frozen,0,0.0,0.0,0,normal,initial,29 31 45 49,0,1.0,1.0,0.0,34.78037077224997,18.0,84,0,84,17.41716950529079,17.41716950529079,17.41716950529079,60.0,60.0,9.01954150001984,12.315022700000554,21.334564200020395,21.334564200020395,0.0,0.0,17.41716950529079,60.0,151.37406968292143,2569.719418511708,,,,False,False,initial_plan,0,0,0,0,96,0,0.0,177.86965881732976,0.0,False,,,True,10,10
pso,static_frozen,1,60.0,1.0,0,normal,normal,29 31 45 49,0,1.0,1.0,0.0,34.78037077224997,18.016666666666666,84,0,84,2.9117287974767976,2.9117287974767976,20.328898302767588,60.0,120.0,0.0,0.0,0.0,21.334564200020395,0.0,0.0,20.328898302767588,120.0,133.1191070568551,2507.5518550268002,,,,False,False,not_attempted,0,0,0,0,47,0,0.0,177.4588955213837,0.0,False,,,False,10,10
pso,static_frozen,2,120.0,2.0,0,normal,normal,29 31 45 49,0,1.0,1.0,0.0,34.78037077224997,18.033333333333335,84,5,79,4.945953376604522,0.9891906753209044,25.27485167937211,60.0,180.0,0.0,0.0,0.0,21.334564200020395,0.0,0.0,25.27485167937211,180.0,129.7508783653988,2355.035662758609,,,,False,False,not_attempted,0,0,0,0,48,0,0.0,176.84027550943307,239.0,False,,,False,9,5
pso,static_frozen,3,180.0,3.0,0,normal,normal,29 31 45 49,0,1.0,1.0,0.0,34.78037077224997,18.05,79,3,76,5.2858708059973845,1.7619569353324616,30.560722485369492,60.0,240.0,0.0,0.0,0.0,21.334564200020395,0.0,0.0,30.560722485369492,240.0,125.54196401841551,2355.035662758609,,,,False,False,not_attempted,0,0,0,0,84,0,0.0,176.08417388140913,239.0,False,,,False,9,2
pso,static_frozen,4,240.0,4.0,0,normal,normal,29 31 45 49,0,1.0,1.0,0.0,34.78037077224997,18.066666666666666,76,0,76,4.768439454899793,4.768439454899793,35.32916194026929,60.0,300.0,0.0,0.0,0.0,21.334564200020395,0.0,0.0,35.32916194026929,300.0,119.70961591445298,2307.5810249028364,,,,False,False,not_attempted,0,0,0,0,69,0,0.0,174.23595111138894,239.0,False,,,False,9,2
pso,static_frozen,5,300.0,5.0,1,normal,normal,29 31 45 49,0,1.0,1.0,0.0,34.78037077224997,18.083333333333332,76,2,74,2.0331806617991015,1.0165903308995508,37.36234260206839,60.0,360.0,0.0,0.0,0.0,21.334564200020395,0.0,0.0,37.36234260206839,360.0,115.25900310952544,2179.6312187929043,,,,False,False,not_attempted,0,0,0,0,67,0,0.0,174.1426177780556,324.0,False,,,False,9,2
pso,static_frozen,6,360.0,6.0,1,normal,normal,29 31 45 49,0,1.0,1.0,0.0,34.78037077224997,18.1,74,4,70,2.8956701116039376,0.7239175279009844,40.25801271367233,60.0,420.0,0.0,0.0,0.0,21.334564200020395,0.0,0.0,40.25801271367233,420.0,113.42229091822706,2179.6312187929043,,,,False,False,not_attempted,0,0,0,0,34,0,0.0,173.80269504982573,430.0,False,,,False,9,1
pso,static_frozen,7,420.0,7.0,1,normal,normal,29 31 45 49,0,1.0,1.0,0.0,34.78037077224997,18.116666666666667,70,2,68,4.874305214044376,2.437152607022188,45.132317927716706,60.0,480.0,0.0,0.0,0.0,21.334564200020395,0.0,0.0,45.132317927716706,480.0,110.51467952032222,2149.403453117163,,,,False,False,not_attempted,0,0,0,0,51,0,0.0,171.7315048732715,430.0,False,,,False,9,0
pso,static_frozen,8,480.0,8.0,1,normal,normal,29 31 45 49,0,1.0,1.0,0.0,34.78037077224997,18.133333333333333,68,2,66,3.7435141569850514,1.8717570784925257,48.875832084701756,60.0,540.0,0.0,0.0,0.0,21.334564200020395,0.0,0.0,48.875832084701756,540.0,105.54802741137986,2029.403453117163,,,,False,False,not_attempted,0,0,0,0,78,0,0.0,171.63817153993816,451.0,False,,,False,8,0
pso,static_frozen,9,540.0,9.0,1,normal,normal,29 31 45 49,0,1.0,1.0,0.0,34.78037077224997,18.15,66,4,62,2.7954364093063027,0.6988591023265757,51.67126849400806,60.0,600.0,0.0,0.0,0.0,21.334564200020395,0.0,0.0,51.67126849400806,600.0,101.79424707515842,2029.403453117163,,,,False,False,not_attempted,0,0,0,0,21,0,0.0,171.54640459197284,647.0,False,,,False,8,0
pso,static_frozen,10,600.0,10.0,2,degrading,degrading,29 31 45 49,0,1.0,1.0,0.0,34.78037077224997,18.166666666666668,62,3,59,3.8765201157009246,1.2921733719003081,55.54778860970899,60.0,660.0,0.0,0.0,0.0,21.334564200020395,0.0,0.0,55.54778860970899,660.0,99.26036237241371,1901.7228863742832,,,,False,False,not_attempted,0,0,0,0,34,0,0.0,169.9139712245009,659.0,False,,,False,8,0
pso,static_frozen,11,660.0,11.0,2,degrading,degrading,29 31 45 49,3677,1.06951871657754,0.935,0.0,34.56371404486458,18.183333333333334,59,2,57,3.873838718548428,1.936919359274214,59.421627328257415,60.0,720.0,0.0,0.0,0.0,21.334564200020395,0.0,0.0,59.421627328257415,720.0,101.35485413534812,1901.7228863742832,,,,False,False,not_attempted,0,0,0,0,48,7,0.14583333333333334,168.57396062756465,659.0,False,,,False,8,0
pso,static_frozen,12,720.0,12.0,2,degrading,degrading,29 31 45 49,3677,1.1494252873563218,0.87,0.0,34.317993984953176,18.2,57,2,55,1.5337008894370883,0.7668504447185441,60.9553282176945,60.0,780.0,0.0,0.0,0.0,21.334564200020395,0.0,0.0,60.9553282176945,780.0,104.05968557424707,1735.6418566659377,,,,False,False,not_attempted,0,0,0,0,20,14,0.7,168.36247255001456,751.0,False,,,False,8,0
pso,static_frozen,13,780.0,13.0,2,degrading,degrading,29 31 45 49,3677,1.2422360248447206,0.8049999999999999,0.0,34.03694211724979,18.216666666666665,55,4,51,3.633238214544217,0.9083095536360543,64.58856643223872,60.0,840.0,0.0,0.0,0.0,21.334564200020395,0.0,0.0,64.58856643223872,840.0,109.30835532376585,1735.6418566659377,,,,False,False,not_attempted,0,0,0,0,31,15,0.4838709677419355,168.26913921668122,751.0,False,,,False,8,0
pso,static_frozen,14,840.0,14.0,2,degrading,degrading,29 31 45 49,3677,1.3513513513513513,0.74,0.0,33.712347650969065,18.233333333333334,51,2,49,1.0575220482725702,0.5287610241362851,65.6460884805113,60.0,900.0,0.0,0.0,0.0,21.334564200020395,0.0,0.0,65.6460884805113,900.0,112.53308454979542,1779.4180950937264,,,,False,False,not_attempted,0,0,0,0,20,0,0.0,168.1532899592327,832.0,False,,,False,8,0
pso,static_frozen,15,900.0,15.0,3,degrading,degrading,29 31 45 49,3677,1.4814814814814814,0.675,0.0,33.33324201699034,18.25,49,2,47,3.260371375297093,1.6301856876485465,68.9064598558084,60.0,960.0,0.0,0.0,0.0,21.334564200020395,0.0,0.0,68.9064598558084,960.0,118.76916395144754,1806.001531602118,,,,False,False,not_attempted,0,0,0,0,39,15,0.38461538461538464,168.05995662589936,853.0,False,,,False,8,0
pso,static_frozen,16,960.0,16.0,3,degrading,degrading,29 31 45 49,3677,1.639344262295082,0.61,0.0,32.884634908397665,18.266666666666666,47,3,44,8.827311686791077,2.942437228930359,77.73377154259947,60.0,1020.0,0.0,0.0,0.0,21.334564200020395,0.0,0.0,77.73377154259947,1020.0,125.22067265582683,1698.1941143349513,,,,False,False,not_attempted,0,0,0,0,75,37,0.49333333333333335,167.68069826789986,968.0,False,,,False,8,0
pso,static_frozen,17,1020.0,17.0,3,degrading,degrading,29 31 45 49,3677,1.8348623853211008,0.545,0.0,32.34548500261859,18.283333333333335,44,2,42,4.754116813684175,2.3770584068420875,82.48788835628365,60.0,1080.0,0.0,0.0,0.0,21.334564200020395,0.0,0.0,82.48788835628365,1080.0,127.5436695102243,1954.3910071671849,,,,False,False,not_attempted,0,0,0,0,48,11,0.22916666666666666,166.5343355462216,1048.0,False,,,False,8,0
pso,static_frozen,18,1080.0,18.0,3,degrading,degrading,29 31 45 49,3677,2.0833333333333335,0.48,0.0,31.685304056537916,18.3,42,2,40,4.96670185272392,2.48335092636196,87.45459020900756,60.0,1140.0,0.0,0.0,0.0,21.334564200020395,0.0,0.0,87.45459020900756,1140.0,134.15240657752128,1966.3205213382475,,,,False,False,not_attempted,0,0,0,0,32,6,0.1875,165.37442468116978,1048.0,False,,,False,8,0
pso,static_frozen,19,1140.0,19.0,3,degrading,degrading,29 31 45 49,3677,2.409638554216868,0.4149999999999999,0.0,30.85818486053072,18.316666666666666,40,2,38,8.201721592065374,4.100860796032687,95.65631180107293,60.0,1200.0,0.0,0.0,0.0,21.334564200020395,0.0,0.0,95.65631180107293,1200.0,141.74505048771724,1866.117356078885,,,,False,False,not_attempted,0,0,0,0,49,15,0.30612244897959184,164.1112810684072,1114.0,False,,,False,8,0
pso,static_frozen,20,1200.0,20.0,4,disrupted,holding,29 31 45 49,3677,2.857142857142857,0.35,0.0,29.791643086372574,18.333333333333332,38,1,37,5.573864153175142,5.573864153175142,101.23017595424807,60.0,1260.0,0.0,0.0,0.0,21.334564200020395,0.0,0.0,101.23017595424807,1260.0,150.1854582572548,2012.646693818604,,,,False,False,not_attempted,0,0,0,0,39,7,0.1794871794871795,162.20487050394166,1136.0,False,,,False,8,0
pso,static_frozen,21,1260.0,21.0,4,disrupted,disrupted,29 31 45 49,3677,2.857142857142857,0.35,0.0,29.791643086372574,18.35,37,1,36,4.304007927129344,4.304007927129344,105.53418388137742,60.0,1320.0,0.0,0.0,0.0,21.334564200020395,0.0,0.0,105.53418388137742,1320.0,146.09435259085603,1874.7844635933225,,,,False,False,not_attempted,0,0,0,0,32,7,0.21875,160.6918978244105,1308.0,False,,,False,8,0
pso,static_frozen,22,1320.0,22.0,4,disrupted,disrupted,29 31 45 49,3677,2.857142857142857,0.35,0.0,29.791643086372574,18.366666666666667,36,3,33,6.310207403206311,2.103402467735437,111.84439128458372,60.0,1380.0,0.0,0.0,0.0,21.334564200020395,0.0,0.0,111.84439128458372,1380.0,141.51610781191505,1874.7844635933225,,,,False,False,not_attempted,0,0,0,0,44,10,0.22727272727272727,160.59856449107716,1308.0,False,,,False,8,0
pso,static_frozen,23,1380.0,23.0,4,disrupted,disrupted,29 31 45 49,3677,2.857142857142857,0.35,0.0,29.791643086372574,18.383333333333333,33,1,32,9.944160807648826,9.944160807648826,121.78855209223255,60.0,1440.0,0.0,0.0,0.0,21.334564200020395,0.0,0.0,121.78855209223255,1440.0,135.68687572986764,1839.3803446001875,,,,False,False,not_attempted,0,0,0,0,23,20,0.8695652173913043,158.67116226375362,1308.0,False,,,False,8,0
pso,static_frozen,24,1440.0,24.0,4,disrupted,disrupted,29 31 45 49,3677,2.857142857142857,0.35,0.0,29.791643086372574,18.4,32,2,30,5.491449622711765,2.7457248113558825,127.28000171494432,60.0,1500.0,0.0,0.0,0.0,21.334564200020395,0.0,0.0,127.28000171494432,1500.0,128.1646897063773,1708.2220427008267,,,,False,False,not_attempted,0,0,0,0,17,9,0.5294117647058824,158.57782893042028,1456.0,False,,,False,8,0
pso,static_frozen,25,1500.0,25.0,5,disrupted,disrupted,29 31 45 49,3677,2.857142857142857,0.35,0.0,29.791643086372574,18.416666666666668,30,4,26,4.354907774533873,1.0887269436334683,131.6349094894782,60.0,1560.0,0.0,0.0,0.0,21.334564200020395,0.0,0.0,131.6349094894782,1560.0,122.31310612845539,1708.2220427008267,,,,False,False,not_attempted,0,0,0,0,36,3,0.08333333333333333,158.20521528890578,1456.0,False,,,False,8,0
pso,static_frozen,26,1560.0,26.0,5,disrupted,disrupted,29 31 45 49,3677,2.857142857142857,0.35,0.0,29.791643086372574,18.433333333333334,26,2,24,7.717166395712391,3.8585831978561953,139.35207588519057,60.0,1620.0,0.0,0.0,0.0,21.334564200020395,0.0,0.0,139.35207588519057,1620.0,118.14664496735571,1683.149976579028,,,,False,False,not_attempted,0,0,0,0,15,12,0.8,155.07091089978067,1506.0,False,,,False,8,0
pso,static_frozen,27,1620.0,27.0,5,disrupted,disrupted,29 31 45 49,3677,2.857142857142857,0.35,0.0,29.791643086372574,18.45,24,2,22,8.592818045836271,4.2964090229181355,147.94489393102685,60.0,1680.0,0.0,0.0,0.0,21.334564200020395,0.0,0.0,147.94489393102685,1680.0,110.94380632948464,1563.149976579028,,,,False,False,not_attempted,0,0,0,0,24,8,0.3333333333333333,153.6027932174991,1577.0,False,,,False,8,0
pso,static_frozen,28,1680.0,28.0,5,disrupted,disrupted,29 31 45 49,3677,2.857142857142857,0.35,0.0,29.791643086372574,18.466666666666665,22,2,20,19.740385551675086,9.870192775837543,167.68527948270193,60.0,1740.0,0.0,0.0,0.0,21.334564200020395,0.0,0.0,167.68527948270193,1740.0,102.86654081867015,1563.149976579028,,,,False,False,not_attempted,0,0,0,0,60,20,0.3333333333333333,153.44875078035665,1617.0,False,,,False,8,0
pso,static_frozen,29,1740.0,29.0,5,disrupted,disrupted,29 31 45 49,3677,2.857142857142857,0.35,0.0,29.791643086372574,18.483333333333334,20,2,18,6.060758521645875,3.0303792608229374,173.7460380043478,60.0,1800.0,0.0,0.0,0.0,21.334564200020395,0.0,0.0,173.7460380043478,1800.0,91.31415635531032,1081.9100446401278,,,,False,False,not_attempted,0,0,0,0,15,13,0.8666666666666667,152.69323370453947,1617.0,False,,,False,7,0
pso,static_frozen,30,1800.0,30.0,6,recovering,recovering,29 31 45 49,3677,2.857142857142857,0.35,0.0,29.791643086372574,18.5,18,4,14,9.967037864544768,2.491759466136192,183.7130758688926,60.0,1860.0,0.0,0.0,0.0,21.334564200020395,0.0,0.0,183.7130758688926,1860.0,86.83921552261022,1028.0269852004978,,,,False,False,not_attempted,0,0,0,0,25,13,0.52,150.80717137217795,1716.0,False,,,False,7,0
pso,static_frozen,31,1860.0,31.0,6,recovering,recovering,29 31 45 49,3677,2.6595744680851063,0.376,0.04,30.2532796494895,18.516666666666666,14,0,14,5.674789080363497,5.674789080363497,189.38786494925608,60.0,1920.0,0.0,0.0,0.0,21.334564200020395,0.0,0.0,189.38786494925608,1920.0,75.66836881019923,927.3977308112532,,,,False,False,not_attempted,0,0,0,0,20,9,0.45,149.59052262648635,1716.0,False,,,False,6,0
pso,static_frozen,32,1920.0,32.0,6,recovering,recovering,29 31 45 49,3677,2.4875621890547266,0.40199999999999997,0.08,30.667011726301546,18.533333333333335,14,3,11,6.610913165675583,2.203637721891861,195.99877811493167,60.0,1980.0,0.0,0.0,0.0,21.334564200020395,0.0,0.0,195.99877811493167,1980.0,68.25891827264054,1046.5229120016775,,,,False,False,not_attempted,0,0,0,0,19,16,0.8421052631578947,147.6265606608819,1807.0,False,,,False,6,0
pso,static_frozen,33,1980.0,33.0,6,recovering,recovering,29 31 45 49,3677,2.336448598130841,0.428,0.12,31.039928153428818,18.55,11,2,9,10.7834164880236,5.3917082440118,206.78219460295526,60.0,2040.0,0.0,0.0,0.0,21.334564200020395,0.0,0.0,206.78219460295526,2040.0,60.96430676081605,1034.126585769729,,,,False,False,not_attempted,0,0,0,0,52,17,0.3269230769230769,142.01497131890866,1842.0,False,,,False,6,0
pso,static_frozen,34,2040.0,34.0,6,recovering,recovering,29 31 45 49,3677,2.2026431718061676,0.45399999999999996,0.16,31.377784853971832,18.566666666666666,9,0,9,3.679821721554614,3.679821721554614,210.46201632450988,60.0,2100.0,0.0,0.0,0.0,21.334564200020395,0.0,0.0,210.46201632450988,2100.0,49.684694228903815,959.2294116156569,,,,False,False,not_attempted,0,0,0,0,28,4,0.14285714285714285,141.92163798557533,1842.0,False,,,False,4,0
pso,static_frozen,35,2100.0,35.0,7,recovering,recovering,29 31 45 49,3677,2.0833333333333335,0.48,0.2,31.685304056537916,18.583333333333332,9,4,5,4.771130677349987,1.1927826693374968,215.23314700185986,60.0,2160.0,0.0,0.0,0.0,21.334564200020395,0.0,0.0,215.23314700185986,2160.0,45.86346577124455,908.1607101304883,,,,False,False,not_attempted,0,0,0,0,27,4,0.14814814814814814,141.00990366203138,1991.0,False,,,False,4,0
pso,static_frozen,36,2160.0,36.0,7,recovering,recovering,29 31 45 49,3677,1.976284584980237,0.506,0.24,31.96639637345568,18.6,5,0,5,2.078371741658699,2.078371741658699,217.31151874351855,60.0,2220.0,0.0,0.0,0.0,21.334564200020395,0.0,0.0,217.31151874351855,2220.0,40.472393043296535,856.4299123382601,,,,False,False,not_attempted,0,0,0,0,6,0,0.0,140.5358833882035,1991.0,False,,,False,2,0
pso,static_frozen,37,2220.0,37.0,7,recovering,recovering,29 31 45 49,3677,1.8796992481203008,0.532,0.28,32.22432798433814,18.616666666666667,5,2,3,0.2876906509397728,0.1438453254698864,217.5992093944583,60.0,2280.0,0.0,0.0,0.0,21.334564200020395,0.0,0.0,217.5992093944583,2280.0,38.695057048717324,501.50679515826243,,,,False,False,not_attempted,0,0,0,0,2,0,0.0,140.44255005487017,1996.0,False,,,False,1,0
pso,static_frozen,38,2280.0,38.0,7,recovering,recovering,29 31 45 49,3677,1.7921146953405016,0.558,0.32,32.46184812933902,18.633333333333333,3,1,2,0.9598719250526799,0.9598719250526799,218.559081319511,60.0,2340.0,0.0,0.0,0.0,21.334564200020395,0.0,0.0,218.559081319511,2340.0,37.864755056875815,501.50679515826243,,,,False,False,not_attempted,0,0,0,0,7,4,0.5714285714285714,140.42318297220572,1996.0,False,,,False,1,0
pso,static_frozen,39,2340.0,39.0,7,recovering,recovering,29 31 45 49,3677,1.7123287671232879,0.584,0.36,32.68128748683469,18.65,2,0,2,2.9472365077019615,2.9472365077019615,221.50631782721297,60.0,2400.0,0.0,0.0,0.0,21.334564200020395,0.0,0.0,221.50631782721297,2400.0,36.11945486369852,501.50679515826243,,,,False,False,not_attempted,0,0,0,0,12,12,1.0,138.8257345276596,1996.0,False,,,False,1,0
pso,static_frozen,40,2400.0,40.0,8,recovering,recovering,29 31 45 49,3677,1.639344262295082,0.61,0.4,32.884634908397665,18.666666666666668,2,0,2,0.847509405899494,0.847509405899494,222.35382723311247,60.0,2460.0,0.0,0.0,0.0,21.334564200020395,0.0,0.0,222.35382723311247,2460.0,33.09436345771927,501.50679515826243,,,,False,False,not_attempted,0,0,0,0,6,6,1.0,137.97822512176015,1996.0,False,,,False,1,0
pso,static_frozen,41,2460.0,41.0,8,recovering,recovering,29 31 45 49,3677,1.572327044025157,0.636,0.44,33.073597869454325,18.683333333333334,2,0,2,0.09333333333333332,0.09333333333333332,222.4471605664458,60.0,2520.0,0.0,0.0,0.0,21.334564200020395,0.0,0.0,222.4471605664458,2520.0,31.993248510119656,501.50679515826243,,,,False,False,not_attempted,0,0,0,0,0,0,0.0,137.8848917884268,1996.0,False,,,False,1,0
pso,static_frozen,42,2520.0,42.0,8,recovering,recovering,29 31 45 49,3677,1.5105740181268883,0.6619999999999999,0.48,33.249650529638785,18.7,2,1,1,1.1424717669063684,1.1424717669063684,223.58963233335217,60.0,2580.0,0.0,0.0,0.0,21.334564200020395,0.0,0.0,223.58963233335217,2580.0,31.72774468968174,403.8843676101884,,,,False,False,not_attempted,0,0,0,0,11,3,0.2727272727272727,136.74242002152045,1996.0,False,,,False,1,0
pso,static_frozen,43,2580.0,43.0,8,recovering,recovering,29 31 45 49,3677,1.4534883720930234,0.688,0.52,33.41407226782236,18.716666666666665,1,0,1,0.09333333333333332,0.09333333333333332,223.6829656666855,60.0,2640.0,0.0,0.0,0.0,21.334564200020395,0.0,0.0,223.6829656666855,2640.0,30.152056171232182,398.32040665741,,,,False,False,not_attempted,0,0,0,0,0,0,0.0,136.6490866881871,1996.0,False,,,False,0,0
pso,static_frozen,44,2640.0,44.0,8,recovering,recovering,29 31 45 49,3677,1.400560224089636,0.714,0.56,33.567978823908035,18.733333333333334,1,1,0,31.35741527046864,31.35741527046864,255.04038093715414,369.1667245915103,3009.1667245915105,0.0,0.0,0.0,21.334564200020395,0.0,0.0,255.04038093715414,3009.1667245915105,29.82080030762327,393.16166414937186,,,,False,False,not_attempted,0,0,0,0,360,97,0.26944444444444443,135.18740448565984,1996.0,True,,,False,0,0
ga,adaptive,0,0.0,0.0,0,normal,initial,29 31 45 49,0,1.0,1.0,0.0,34.78037077224997,18.0,84,0,84,17.649882122789972,17.649882122789972,17.649882122789972,60.0,60.0,8.482715899939649,17.265034900046885,25.747750799986534,25.747750799986534,0.0,0.0,17.649882122789972,60.0,137.0202222079973,2575.791665618115,,,,False,False,initial_plan,0,0,0,0,110,0,0.0,177.61134889028398,0.0,False,,,True,10,10
ga,adaptive,1,60.0,1.0,0,normal,normal,29 31 45 49,0,1.0,1.0,0.0,34.78037077224997,18.016666666666666,84,0,84,3.860832221189131,3.860832221189131,21.510714343979103,60.0,120.0,0.0,0.0,0.0,25.747750799986534,0.0,0.0,21.510714343979103,120.0,118.33481725358962,2408.508397267874,,,,False,False,not_attempted,0,0,0,0,48,0,0.0,176.09020652430007,0.0,False,,,False,10,10
ga,adaptive,2,120.0,2.0,0,normal,normal,29 31 45 49,0,1.0,1.0,0.0,34.78037077224997,18.033333333333335,84,5,79,5.469586054369472,1.0939172108738944,26.980300398348575,60.0,180.0,0.0,0.0,0.0,25.747750799986534,0.0,0.0,26.980300398348575,180.0,114.32039977398952,2408.508397267874,,,,False,False,not_attempted,0,0,0,0,54,0,0.0,174.7596401655785,230.0,False,,,False,10,5
ga,adaptive,3,180.0,3.0,0,normal,normal,29 31 45 49,0,1.0,1.0,0.0,34.78037077224997,18.05,79,2,77,7.011609396691212,3.505804698345606,33.99190979503979,60.0,240.0,0.0,0.0,0.0,25.747750799986534,0.0,0.0,33.99190979503979,240.0,109.00105004153725,2395.4649197227227,,,,False,False,not_attempted,0,0,0,0,102,0,0.0,174.34235459366602,230.0,False,,,False,10,3
ga,adaptive,4,240.0,4.0,0,normal,normal,29 31 45 49,0,1.0,1.0,0.0,34.78037077224997,18.066666666666666,77,0,77,7.1547879192985535,7.1547879192985535,41.146697714338345,60.0,300.0,0.0,0.0,0.0,25.747750799986534,0.0,0.0,41.146697714338345,300.0,102.22978058226929,2222.1724931702206,,,,False,False,not_attempted,0,0,0,0,63,0,0.0,173.4394704160569,230.0,False,,,False,10,3
ga,adaptive,5,300.0,5.0,1,normal,normal,29 31 45 49,0,1.0,1.0,0.0,34.78037077224997,18.083333333333332,77,3,74,2.675963325709791,0.891987775236597,43.82266104004813,60.0,360.0,10.530015700031072,1230.697123000049,1241.22713870008,1266.9748895000666,0.0,0.0,43.82266104004813,360.0,95.1717140869908,2222.1724931702206,95.1717140869908,106.01582479873737,-10.844110711746566,True,False,incumbent_not_worse,6,37,0,0,34,0,0.0,173.10775928116314,402.0,False,,,True,10,2
ga,adaptive,6,360.0,6.0,1,normal,normal,29 31 45 49,0,1.0,1.0,0.0,34.78037077224997,18.1,74,2,72,2.766193936465484,1.383096968232742,46.588854976513616,60.0,420.0,0.0,0.0,0.0,1266.9748895000666,0.0,0.0,46.588854976513616,420.0,92.60410325990152,2214.6116397759683,,,,False,False,not_attempted,0,0,0,0,81,0,0.0,173.0144259478298,422.0,False,,,False,10,1
ga,adaptive,7,420.0,7.0,1,normal,normal,29 31 45 49,0,1.0,1.0,0.0,34.78037077224997,18.116666666666667,72,4,68,4.347192794898818,1.0867981987247044,50.93604777141243,60.0,480.0,0.0,0.0,0.0,1266.9748895000666,0.0,0.0,50.93604777141243,480.0,89.92368642949396,2148.2053198083527,,,,False,False,not_attempted,0,0,0,0,87,0,0.0,171.7315048732715,422.0,False,,,False,10,0
ga,adaptive,8,480.0,8.0,1,normal,normal,29 31 45 49,0,1.0,1.0,0.0,34.78037077224997,18.133333333333333,68,2,66,2.5250093236515756,1.2625046618257878,53.46105709506401,60.0,540.0,0.0,0.0,0.0,1266.9748895000666,0.0,0.0,53.46105709506401,540.0,85.28714308081315,2087.667082619376,,,,False,False,not_attempted,0,0,0,0,64,0,0.0,171.63817153993816,647.0,False,,,False,10,0
ga,adaptive,9,540.0,9.0,1,normal,normal,29 31 45 49,0,1.0,1.0,0.0,34.78037077224997,18.15,66,4,62,3.0619730013422446,0.7654932503355611,56.52303009640625,60.0,600.0,0.0,0.0,0.0,1266.9748895000666,0.0,0.0,56.52303009640625,600.0,82.77007440456873,1959.541901191854,,,,False,False,not_attempted,0,0,0,0,70,0,0.0,171.54640459197284,647.0,False,,,False,10,0
ga,adaptive,10,600.0,10.0,2,degrading,degrading,29 31 45 49,0,1.0,1.0,0.0,34.78037077224997,18.166666666666668,62,3,59,4.390709018242486,1.4635696727474954,60.913739114648735,60.0,660.0,5.709996912628412e-05,509.40521729993634,509.40527439990547,1776.380163899972,0.0,0.0,60.913739114648735,660.0,80.09411359828835,1959.541901191854,80.09411359828835,98.66077012937346,-18.566656531085115,True,False,incumbent_not_worse,6,35,0,0,80,0,0.0,171.29011539682318,647.0,False,,,True,10,0
ga,adaptive,11,660.0,11.0,2,degrading,degrading,29 31 45 49,3677,1.06951871657754,0.935,0.0,34.56371404486458,18.183333333333334,59,1,58,2.638872503402203,2.638872503402203,63.55261161805094,60.0,720.0,0.0,0.0,0.0,1776.380163899972,0.0,0.0,63.55261161805094,720.0,79.17238742313967,1904.2550097200271,,,,False,False,not_attempted,0,0,0,0,47,8,0.1702127659574468,171.00102300959978,647.0,False,,,False,9,0
ga,adaptive,12,720.0,12.0,2,degrading,degrading,29 31 45 49,3677,1.1494252873563218,0.87,0.0,34.317993984953176,18.2,58,4,54,2.5968492142326336,0.6492123035581584,66.14946083228357,60.0,780.0,0.0,0.0,0.0,1776.380163899972,0.0,0.0,66.14946083228357,780.0,81.26962240400914,1893.4181483882414,,,,False,False,not_attempted,0,0,0,0,31,0,0.0,169.9712503230566,647.0,False,,,False,8,0
ga,adaptive,13,780.0,13.0,2,degrading,degrading,29 31 45 49,3677,1.2422360248447206,0.8049999999999999,0.0,34.03694211724979,18.216666666666665,54,2,52,2.7863061343221793,1.3931530671610897,68.93576696660574,60.0,840.0,0.0,0.0,0.0,1776.380163899972,0.0,0.0,68.93576696660574,840.0,83.76385412507953,1903.8361158838222,,,,False,False,not_attempted,0,0,0,0,39,0,0.0,168.6873506151558,822.0,False,,,False,8,0
ga,adaptive,14,840.0,14.0,2,degrading,degrading,29 31 45 49,3677,1.3513513513513513,0.74,0.0,33.712347650969065,18.233333333333334,52,3,49,2.0628728377358123,0.6876242792452708,70.99863980434155,60.0,900.0,0.0,0.0,0.0,1776.380163899972,0.0,0.0,70.99863980434155,900.0,86.49519971694612,1847.2564147522578,,,,False,False,not_attempted,0,0,0,0,31,0,0.0,168.44749961377207,822.0,False,,,False,8,0
ga,adaptive,15,900.0,15.0,3,degrading,degrading,29 31 45 49,3677,1.4814814814814814,0.675,0.0,33.33324201699034,18.25,49,3,46,3.183552682252199,1.0611842274173997,74.18219248659375,60.0,960.0,10.53090000001248,501.170162800001,511.70106280001346,2288.0812266999856,0.0,0.0,74.18219248659375,960.0,91.35707375262858,1859.9397951311796,91.35707375262858,100.6947003789765,-9.337626626347927,True,False,incumbent_not_worse,8,29,0,0,52,7,0.1346153846153846,168.39759137099304,822.0,False,,,True,8,0
ga,adaptive,16,960.0,16.0,3,degrading,degrading,29 31 45 49,3677,1.639344262295082,0.61,0.0,32.884634908397665,18.266666666666666,46,1,45,3.521831200166045,3.521831200166045,77.7040236867598,60.0,1020.0,0.0,0.0,0.0,2288.0812266999856,0.0,0.0,77.7040236867598,1020.0,95.50129683074613,1933.4032219575345,,,,False,False,not_attempted,0,0,0,0,52,5,0.09615384615384616,167.46211200091835,822.0,False,,,False,8,0
ga,adaptive,17,1020.0,17.0,3,degrading,degrading,29 31 45 49,3677,1.8348623853211008,0.545,0.0,32.34548500261859,18.283333333333335,45,3,42,5.356140833114627,1.7853802777048757,83.06016451987442,60.0,1080.0,0.0,0.0,0.0,2288.0812266999856,0.0,0.0,83.06016451987442,1080.0,99.90771445801867,1874.9699745011897,,,,False,False,not_attempted,0,0,0,0,46,15,0.32608695652173914,166.22775087320122,943.0,False,,,False,8,0
ga,adaptive,18,1080.0,18.0,3,degrading,degrading,29 31 45 49,3677,2.0833333333333335,0.48,0.0,31.685304056537916,18.3,42,2,40,3.540929518282585,1.7704647591412925,86.601094038157,60.0,1140.0,0.0,0.0,0.0,2288.0812266999856,0.0,0.0,86.601094038157,1140.0,103.32706692873982,1814.1863153931433,,,,False,False,not_attempted,0,0,0,0,25,1,0.04,165.9843185469313,943.0,False,,,False,8,0
ga,adaptive,19,1140.0,19.0,3,degrading,degrading,29 31 45 49,3677,2.409638554216868,0.4149999999999999,0.0,30.85818486053072,18.316666666666666,40,0,40,2.126582713878403,2.126582713878403,88.7276767520354,60.0,1200.0,0.0,0.0,0.0,2288.0812266999856,0.0,0.0,88.7276767520354,1200.0,111.40508486544019,1753.699969030421,,,,False,False,not_attempted,0,0,0,0,10,5,0.5,165.89098521359796,943.0,False,,,False,8,0
ga,adaptive,20,1200.0,20.0,4,disrupted,holding,29 31 45 49,3677,2.857142857142857,0.35,0.0,29.791643086372574,18.333333333333332,40,6,34,9.643723413796767,1.6072872356327945,98.37140016583217,60.0,1260.0,10.579908899962902,5.0501901000970975,15.63009900006,2303.7113257000456,0.0,0.0,98.37140016583217,1260.0,124.70373341687386,1874.2689529138354,124.70373341687386,139.20812057728807,-14.504387160414211,True,False,incumbent_not_worse,3,17,0,0,29,13,0.4482758620689655,163.65523691403345,1016.0,False,,,True,8,0
ga,adaptive,21,1260.0,21.0,4,disrupted,disrupted,29 31 45 49,3677,2.857142857142857,0.35,0.0,29.791643086372574,18.35,34,1,33,8.067670042500986,8.067670042500986,106.43907020833316,60.0,1320.0,0.0,0.0,0.0,2303.7113257000456,0.0,0.0,106.43907020833316,1320.0,114.19142011270768,1813.1700937497817,,,,False,False,not_attempted,0,0,0,0,49,10,0.20408163265306123,163.38189733548327,1016.0,False,,,False,8,0
ga,adaptive,22,1320.0,22.0,4,disrupted,disrupted,29 31 45 49,3677,2.857142857142857,0.35,0.0,29.791643086372574,18.366666666666667,33,0,33,1.7034051472546319,1.7034051472546319,108.14247535558779,60.0,1380.0,0.0,0.0,0.0,2303.7113257000456,0.0,0.0,108.14247535558779,1380.0,106.22115234491648,1685.4371640883826,,,,False,False,not_attempted,0,0,0,0,1,1,1.0,163.28856400214994,1016.0,False,,,False,8,0
ga,adaptive,23,1380.0,23.0,4,disrupted,disrupted,29 31 45 49,3677,2.857142857142857,0.35,0.0,29.791643086372574,18.383333333333333,33,6,27,6.575330726813096,1.0958884544688494,114.71780608240088,60.0,1440.0,0.0,0.0,0.0,2303.7113257000456,0.0,0.0,114.71780608240088,1440.0,105.48853994565833,1685.4371640883826,,,,False,False,not_attempted,0,0,0,0,21,11,0.5238095238095238,162.02265392962474,1168.0,False,,,False,8,0
ga,adaptive,24,1440.0,24.0,4,disrupted,disrupted,29 31 45 49,3677,2.857142857142857,0.35,0.0,29.791643086372574,18.4,27,2,25,11.599280615455118,5.799640307727559,126.317086697856,60.0,1500.0,0.0,0.0,0.0,2303.7113257000456,0.0,0.0,126.317086697856,1500.0,97.92736585601622,1619.9969419025442,,,,False,False,not_attempted,0,0,0,0,33,14,0.42424242424242425,160.62658597738326,1168.0,False,,,False,8,0
ga,adaptive,25,1500.0,25.0,5,disrupted,disrupted,29 31 45 49,3677,2.857142857142857,0.35,0.0,29.791643086372574,18.416666666666668,25,0,25,2.2721092931431186,2.2721092931431186,128.58919599099912,60.0,1560.0,5.8999983593821526e-05,43.694495799951255,43.69455479993485,2347.4058804999804,0.0,0.0,128.58919599099912,1560.0,86.66647236932712,1566.734670653746,86.66647236932712,89.43646559269517,-2.769993223368047,True,False,incumbent_not_worse,5,13,0,0,8,3,0.375,160.12021334252222,1168.0,False,,,True,7,0
ga,adaptive,26,1560.0,26.0,5,disrupted,disrupted,29 31 45 49,3677,2.857142857142857,0.35,0.0,29.791643086372574,18.433333333333334,25,5,20,5.534966262544762,1.1069932525089523,134.1241622535439,60.0,1620.0,0.0,0.0,0.0,2347.4058804999804,0.0,0.0,134.1241622535439,1620.0,84.9192653958567,1446.734670653746,,,,False,False,not_attempted,0,0,0,0,26,4,0.15384615384615385,158.3354070304846,1318.0,False,,,False,7,0
ga,adaptive,27,1620.0,27.0,5,disrupted,disrupted,29 31 45 49,3677,2.857142857142857,0.35,0.0,29.791643086372574,18.45,20,3,17,7.857559036041615,2.619186345347205,141.9817212895855,60.0,1680.0,0.0,0.0,0.0,2347.4058804999804,0.0,0.0,141.9817212895855,1680.0,78.8579832533763,1446.734670653746,,,,False,False,not_attempted,0,0,0,0,14,11,0.7857142857142857,154.9980063616418,1318.0,False,,,False,6,0
ga,adaptive,28,1680.0,28.0,5,disrupted,disrupted,29 31 45 49,3677,2.857142857142857,0.35,0.0,29.791643086372574,18.466666666666665,17,1,16,5.038869836414285,5.038869836414285,147.02059112599977,60.0,1740.0,0.0,0.0,0.0,2347.4058804999804,0.0,0.0,147.02059112599977,1740.0,68.93755877112446,1353.6801163317248,,,,False,False,not_attempted,0,0,0,0,5,5,1.0,152.96939787641628,1379.0,False,,,False,5,0
ga,adaptive,29,1740.0,29.0,5,disrupted,disrupted,29 31 45 49,3677,2.857142857142857,0.35,0.0,29.791643086372574,18.483333333333334,16,3,13,6.332155400423632,2.1107184668078776,153.3527465264234,60.0,1800.0,0.0,0.0,0.0,2347.4058804999804,0.0,0.0,153.3527465264234,1800.0,65.49872934272706,1324.8880324050726,,,,False,False,not_attempted,0,0,0,0,36,4,0.1111111111111111,152.2028960785325,1468.0,False,,,False,5,0
ga,adaptive,30,1800.0,30.0,6,recovering,recovering,29 31 45 49,3677,2.857142857142857,0.35,0.0,29.791643086372574,18.5,13,0,13,2.233267217769952,2.233267217769952,155.58601374419337,60.0,1860.0,5.779997445642948e-05,14.788752599968575,14.788810399943031,2362.1946908999234,0.0,0.0,155.58601374419337,1860.0,52.469256833694836,1082.6131762096331,60.45487720199732,52.469256833694836,7.9856203683024845,True,True,lower_residual_energy,5,3,5,3,25,0,0.0,152.10956274519916,1468.0,False,,,True,4,0
ga,adaptive,31,1860.0,31.0,6,recovering,recovering,29 31 45 49,3677,2.6595744680851063,0.376,0.04,30.2532796494895,18.516666666666666,13,1,12,8.151892373331151,8.151892373331151,163.73790611752452,60.0,1920.0,0.0,0.0,0.0,2362.1946908999234,0.0,0.0,163.73790611752452,1920.0,48.70991850751692,1062.307040300036,,,,False,False,not_attempted,0,0,0,0,29,8,0.27586206896551724,149.79905096301243,1468.0,False,,,False,4,0
ga,adaptive,32,1920.0,32.0,6,recovering,recovering,29 31 45 49,3677,2.4875621890547266,0.40199999999999997,0.08,30.667011726301546,18.533333333333335,12,1,11,3.241883563072919,3.241883563072919,166.97978968059743,60.0,1980.0,0.0,0.0,0.0,2362.1946908999234,0.0,0.0,166.97978968059743,1980.0,39.40914640509583,1011.9467144538946,,,,False,False,not_attempted,0,0,0,0,29,5,0.1724137931034483,148.2316784440111,1468.0,False,,,False,4,0
ga,adaptive,33,1980.0,33.0,6,recovering,recovering,29 31 45 49,3677,2.336448598130841,0.428,0.12,31.039928153428818,18.55,11,1,10,0.982451523086393,0.982451523086393,167.96224120368382,60.0,2040.0,0.0,0.0,0.0,2362.1946908999234,0.0,0.0,167.96224120368382,2040.0,35.88699473500882,954.7114399551979,,,,False,False,not_attempted,0,0,0,0,18,0,0.0,148.12587003327693,1468.0,False,,,False,4,0
ga,adaptive,34,2040.0,34.0,6,recovering,recovering,29 31 45 49,3677,2.2026431718061676,0.45399999999999996,0.16,31.377784853971832,18.566666666666666,10,0,10,1.2625572840481913,1.2625572840481913,169.22479848773202,60.0,2100.0,0.0,0.0,0.0,2362.1946908999234,0.0,0.0,169.22479848773202,2100.0,34.32208012324585,825.2187924675477,,,,False,False,not_attempted,0,0,0,0,32,0,0.0,148.0325366999436,1468.0,False,,,False,3,0
ga,adaptive,35,2100.0,35.0,7,recovering,recovering,29 31 45 49,3677,2.0833333333333335,0.48,0.2,31.685304056537916,18.583333333333332,10,2,8,1.7498195110265797,0.8749097555132899,170.9746179987586,60.0,2160.0,10.71740119997412,4.161517599946819,14.878918799920939,2377.0736096998444,0.0,0.0,170.9746179987586,2160.0,32.6851559207955,816.754515124393,32.6851559207955,32.6851559207955,0.0,True,False,incumbent_not_worse,2,1,0,0,24,4,0.16666666666666666,146.69646100580795,1468.0,False,,,True,3,0
ga,adaptive,36,2160.0,36.0,7,recovering,recovering,29 31 45 49,3677,1.976284584980237,0.506,0.24,31.96639637345568,18.6,8,1,7,2.3951454615808134,2.3951454615808134,173.3697634603394,60.0,2220.0,0.0,0.0,0.0,2377.0736096998444,0.0,0.0,173.3697634603394,2220.0,30.44093714899411,665.0629745093823,,,,False,False,not_attempted,0,0,0,0,10,0,0.0,146.42679950829492,1468.0,False,,,False,3,0
ga,adaptive,37,2220.0,37.0,7,recovering,recovering,29 31 45 49,3677,1.8796992481203008,0.532,0.28,32.22432798433814,18.616666666666667,7,2,5,2.4015242410816007,1.2007621205408003,175.77128770142102,60.0,2280.0,0.0,0.0,0.0,2377.0736096998444,0.0,0.0,175.77128770142102,2280.0,27.958202158383152,659.3885349270479,,,,False,False,not_attempted,0,0,0,0,14,4,0.2857142857142857,145.30551453744724,1575.0,False,,,False,3,0
ga,adaptive,38,2280.0,38.0,7,recovering,recovering,29 31 45 49,3677,1.7921146953405016,0.558,0.32,32.46184812933902,18.633333333333333,5,0,5,1.370205536504211,1.370205536504211,177.14149323792523,60.0,2340.0,0.0,0.0,0.0,2377.0736096998444,0.0,0.0,177.14149323792523,2340.0,25.292955022504653,619.8155503043233,,,,False,False,not_attempted,0,0,0,0,12,3,0.25,144.1504669435477,1575.0,False,,,False,2,0
ga,adaptive,39,2340.0,39.0,7,recovering,recovering,29 31 45 49,3677,1.7123287671232879,0.584,0.36,32.68128748683469,18.65,5,1,4,0.45514618787436917,0.45514618787436917,177.5966394257996,60.0,2400.0,0.0,0.0,0.0,2377.0736096998444,0.0,0.0,177.5966394257996,2400.0,23.833266588439514,557.6330600719539,,,,False,False,not_attempted,0,0,0,0,1,1,1.0,143.83053656025245,1575.0,False,,,False,2,0
ga,adaptive,40,2400.0,40.0,8,recovering,recovering,29 31 45 49,3677,1.639344262295082,0.61,0.4,32.884634908397665,18.666666666666668,4,1,3,0.4043994679272346,0.4043994679272346,178.00103889372684,60.0,2460.0,10.713918499997817,2.113378099980764,12.827296599978581,2389.900906299823,0.0,0.0,178.00103889372684,2460.0,23.36574153790585,488.16774001705886,23.36574153790585,23.36574153790585,0.0,True,False,incumbent_not_worse,0,0,0,0,18,0,0.0,143.73720322691912,1575.0,False,,,True,2,0
ga,adaptive,41,2460.0,41.0,8,recovering,recovering,29 31 45 49,3677,1.572327044025157,0.636,0.44,33.073597869454325,18.683333333333334,3,1,2,0.9768028863067495,0.9768028863067495,178.9778417800336,60.0,2520.0,0.0,0.0,0.0,2389.900906299823,0.0,0.0,178.9778417800336,2520.0,22.990751240197472,488.16774001705886,,,,False,False,not_attempted,0,0,0,0,7,2,0.2857142857142857,142.88833935122133,1794.0,False,,,False,2,0
ga,adaptive,42,2520.0,42.0,8,recovering,recovering,29 31 45 49,3677,1.5105740181268883,0.6619999999999999,0.48,33.249650529638785,18.7,2,0,2,0.18666666666666665,0.18666666666666665,179.16450844670027,60.0,2580.0,0.0,0.0,0.0,2389.900906299823,0.0,0.0,179.16450844670027,2580.0,21.708121297699403,488.16774001705886,,,,False,False,not_attempted,0,0,0,0,0,0,0.0,142.795006017888,1794.0,False,,,False,0,0
ga,adaptive,43,2580.0,43.0,8,recovering,recovering,29 31 45 49,3677,1.4534883720930234,0.688,0.52,33.41407226782236,18.716666666666665,2,2,0,21.26586735190406,10.63293367595203,200.43037579860433,527.9435219263445,3107.9435219263446,0.0,0.0,0.0,2389.900906299823,0.0,0.0,200.43037579860433,3107.9435219263446,21.557898357207623,488.16774001705886,,,,False,False,not_attempted,0,0,0,0,365,12,0.03287671232876712,137.77424067649346,1937.0,True,,,False,0,0
ga,static_live,0,0.0,0.0,0,normal,initial,29 31 45 49,0,1.0,1.0,0.0,34.78037077224997,18.0,84,0,84,17.649882122789972,17.649882122789972,17.649882122789972,60.0,60.0,8.482715899939649,17.265034900046885,25.747750799986534,25.747750799986534,0.0,0.0,17.649882122789972,60.0,137.0202222079973,2575.791665618115,,,,False,False,initial_plan,0,0,0,0,110,0,0.0,177.61134889028398,0.0,False,,,True,10,10
ga,static_live,1,60.0,1.0,0,normal,normal,29 31 45 49,0,1.0,1.0,0.0,34.78037077224997,18.016666666666666,84,0,84,3.860832221189131,3.860832221189131,21.510714343979103,60.0,120.0,0.0,0.0,0.0,25.747750799986534,0.0,0.0,21.510714343979103,120.0,118.33481725358962,2408.508397267874,,,,False,False,not_attempted,0,0,0,0,48,0,0.0,176.09020652430007,0.0,False,,,False,10,10
ga,static_live,2,120.0,2.0,0,normal,normal,29 31 45 49,0,1.0,1.0,0.0,34.78037077224997,18.033333333333335,84,5,79,5.469586054369472,1.0939172108738944,26.980300398348575,60.0,180.0,0.0,0.0,0.0,25.747750799986534,0.0,0.0,26.980300398348575,180.0,114.32039977398952,2408.508397267874,,,,False,False,not_attempted,0,0,0,0,54,0,0.0,174.7596401655785,230.0,False,,,False,10,5
ga,static_live,3,180.0,3.0,0,normal,normal,29 31 45 49,0,1.0,1.0,0.0,34.78037077224997,18.05,79,2,77,7.011609396691212,3.505804698345606,33.99190979503979,60.0,240.0,0.0,0.0,0.0,25.747750799986534,0.0,0.0,33.99190979503979,240.0,109.00105004153725,2395.4649197227227,,,,False,False,not_attempted,0,0,0,0,102,0,0.0,174.34235459366602,230.0,False,,,False,10,3
ga,static_live,4,240.0,4.0,0,normal,normal,29 31 45 49,0,1.0,1.0,0.0,34.78037077224997,18.066666666666666,77,0,77,7.1547879192985535,7.1547879192985535,41.146697714338345,60.0,300.0,0.0,0.0,0.0,25.747750799986534,0.0,0.0,41.146697714338345,300.0,102.22978058226929,2222.1724931702206,,,,False,False,not_attempted,0,0,0,0,63,0,0.0,173.4394704160569,230.0,False,,,False,10,3
ga,static_live,5,300.0,5.0,1,normal,normal,29 31 45 49,0,1.0,1.0,0.0,34.78037077224997,18.083333333333332,77,3,74,2.675963325709791,0.891987775236597,43.82266104004813,60.0,360.0,0.0,0.0,0.0,25.747750799986534,0.0,0.0,43.82266104004813,360.0,95.1717140869908,2222.1724931702206,,,,False,False,not_attempted,0,0,0,0,34,0,0.0,173.10775928116314,402.0,False,,,False,10,2
ga,static_live,6,360.0,6.0,1,normal,normal,29 31 45 49,0,1.0,1.0,0.0,34.78037077224997,18.1,74,2,72,2.766193936465484,1.383096968232742,46.588854976513616,60.0,420.0,0.0,0.0,0.0,25.747750799986534,0.0,0.0,46.588854976513616,420.0,92.60410325990152,2214.6116397759683,,,,False,False,not_attempted,0,0,0,0,81,0,0.0,173.0144259478298,422.0,False,,,False,10,1
ga,static_live,7,420.0,7.0,1,normal,normal,29 31 45 49,0,1.0,1.0,0.0,34.78037077224997,18.116666666666667,72,4,68,4.347192794898818,1.0867981987247044,50.93604777141243,60.0,480.0,0.0,0.0,0.0,25.747750799986534,0.0,0.0,50.93604777141243,480.0,89.92368642949396,2148.2053198083527,,,,False,False,not_attempted,0,0,0,0,87,0,0.0,171.7315048732715,422.0,False,,,False,10,0
ga,static_live,8,480.0,8.0,1,normal,normal,29 31 45 49,0,1.0,1.0,0.0,34.78037077224997,18.133333333333333,68,2,66,2.5250093236515756,1.2625046618257878,53.46105709506401,60.0,540.0,0.0,0.0,0.0,25.747750799986534,0.0,0.0,53.46105709506401,540.0,85.28714308081315,2087.667082619376,,,,False,False,not_attempted,0,0,0,0,64,0,0.0,171.63817153993816,647.0,False,,,False,10,0
ga,static_live,9,540.0,9.0,1,normal,normal,29 31 45 49,0,1.0,1.0,0.0,34.78037077224997,18.15,66,4,62,3.0619730013422446,0.7654932503355611,56.52303009640625,60.0,600.0,0.0,0.0,0.0,25.747750799986534,0.0,0.0,56.52303009640625,600.0,82.77007440456873,1959.541901191854,,,,False,False,not_attempted,0,0,0,0,70,0,0.0,171.54640459197284,647.0,False,,,False,10,0
ga,static_live,10,600.0,10.0,2,degrading,degrading,29 31 45 49,0,1.0,1.0,0.0,34.78037077224997,18.166666666666668,62,3,59,4.390709018242486,1.4635696727474954,60.913739114648735,60.0,660.0,0.0,0.0,0.0,25.747750799986534,0.0,0.0,60.913739114648735,660.0,80.09411359828835,1959.541901191854,,,,False,False,not_attempted,0,0,0,0,80,0,0.0,171.29011539682318,647.0,False,,,False,10,0
ga,static_live,11,660.0,11.0,2,degrading,degrading,29 31 45 49,3677,1.06951871657754,0.935,0.0,34.56371404486458,18.183333333333334,59,1,58,2.638872503402203,2.638872503402203,63.55261161805094,60.0,720.0,0.0,0.0,0.0,25.747750799986534,0.0,0.0,63.55261161805094,720.0,79.17238742313967,1904.2550097200271,,,,False,False,not_attempted,0,0,0,0,47,8,0.1702127659574468,171.00102300959978,647.0,False,,,False,9,0
ga,static_live,12,720.0,12.0,2,degrading,degrading,29 31 45 49,3677,1.1494252873563218,0.87,0.0,34.317993984953176,18.2,58,4,54,2.5968492142326336,0.6492123035581584,66.14946083228357,60.0,780.0,0.0,0.0,0.0,25.747750799986534,0.0,0.0,66.14946083228357,780.0,81.26962240400914,1893.4181483882414,,,,False,False,not_attempted,0,0,0,0,31,0,0.0,169.9712503230566,647.0,False,,,False,8,0
ga,static_live,13,780.0,13.0,2,degrading,degrading,29 31 45 49,3677,1.2422360248447206,0.8049999999999999,0.0,34.03694211724979,18.216666666666665,54,2,52,2.7863061343221793,1.3931530671610897,68.93576696660574,60.0,840.0,0.0,0.0,0.0,25.747750799986534,0.0,0.0,68.93576696660574,840.0,83.76385412507953,1903.8361158838222,,,,False,False,not_attempted,0,0,0,0,39,0,0.0,168.6873506151558,822.0,False,,,False,8,0
ga,static_live,14,840.0,14.0,2,degrading,degrading,29 31 45 49,3677,1.3513513513513513,0.74,0.0,33.712347650969065,18.233333333333334,52,3,49,2.0628728377358123,0.6876242792452708,70.99863980434155,60.0,900.0,0.0,0.0,0.0,25.747750799986534,0.0,0.0,70.99863980434155,900.0,86.49519971694612,1847.2564147522578,,,,False,False,not_attempted,0,0,0,0,31,0,0.0,168.44749961377207,822.0,False,,,False,8,0
ga,static_live,15,900.0,15.0,3,degrading,degrading,29 31 45 49,3677,1.4814814814814814,0.675,0.0,33.33324201699034,18.25,49,3,46,3.183552682252199,1.0611842274173997,74.18219248659375,60.0,960.0,0.0,0.0,0.0,25.747750799986534,0.0,0.0,74.18219248659375,960.0,91.35707375262858,1859.9397951311796,,,,False,False,not_attempted,0,0,0,0,52,7,0.1346153846153846,168.39759137099304,822.0,False,,,False,8,0
ga,static_live,16,960.0,16.0,3,degrading,degrading,29 31 45 49,3677,1.639344262295082,0.61,0.0,32.884634908397665,18.266666666666666,46,1,45,3.521831200166045,3.521831200166045,77.7040236867598,60.0,1020.0,0.0,0.0,0.0,25.747750799986534,0.0,0.0,77.7040236867598,1020.0,95.50129683074613,1933.4032219575345,,,,False,False,not_attempted,0,0,0,0,52,5,0.09615384615384616,167.46211200091835,822.0,False,,,False,8,0
ga,static_live,17,1020.0,17.0,3,degrading,degrading,29 31 45 49,3677,1.8348623853211008,0.545,0.0,32.34548500261859,18.283333333333335,45,3,42,5.356140833114627,1.7853802777048757,83.06016451987442,60.0,1080.0,0.0,0.0,0.0,25.747750799986534,0.0,0.0,83.06016451987442,1080.0,99.90771445801867,1874.9699745011897,,,,False,False,not_attempted,0,0,0,0,46,15,0.32608695652173914,166.22775087320122,943.0,False,,,False,8,0
ga,static_live,18,1080.0,18.0,3,degrading,degrading,29 31 45 49,3677,2.0833333333333335,0.48,0.0,31.685304056537916,18.3,42,2,40,3.540929518282585,1.7704647591412925,86.601094038157,60.0,1140.0,0.0,0.0,0.0,25.747750799986534,0.0,0.0,86.601094038157,1140.0,103.32706692873982,1814.1863153931433,,,,False,False,not_attempted,0,0,0,0,25,1,0.04,165.9843185469313,943.0,False,,,False,8,0
ga,static_live,19,1140.0,19.0,3,degrading,degrading,29 31 45 49,3677,2.409638554216868,0.4149999999999999,0.0,30.85818486053072,18.316666666666666,40,0,40,2.126582713878403,2.126582713878403,88.7276767520354,60.0,1200.0,0.0,0.0,0.0,25.747750799986534,0.0,0.0,88.7276767520354,1200.0,111.40508486544019,1753.699969030421,,,,False,False,not_attempted,0,0,0,0,10,5,0.5,165.89098521359796,943.0,False,,,False,8,0
ga,static_live,20,1200.0,20.0,4,disrupted,holding,29 31 45 49,3677,2.857142857142857,0.35,0.0,29.791643086372574,18.333333333333332,40,6,34,9.643723413796767,1.6072872356327945,98.37140016583217,60.0,1260.0,0.0,0.0,0.0,25.747750799986534,0.0,0.0,98.37140016583217,1260.0,124.70373341687386,1874.2689529138354,,,,False,False,not_attempted,0,0,0,0,29,13,0.4482758620689655,163.65523691403345,1016.0,False,,,False,8,0
ga,static_live,21,1260.0,21.0,4,disrupted,disrupted,29 31 45 49,3677,2.857142857142857,0.35,0.0,29.791643086372574,18.35,34,1,33,8.067670042500986,8.067670042500986,106.43907020833316,60.0,1320.0,0.0,0.0,0.0,25.747750799986534,0.0,0.0,106.43907020833316,1320.0,114.19142011270768,1813.1700937497817,,,,False,False,not_attempted,0,0,0,0,49,10,0.20408163265306123,163.38189733548327,1016.0,False,,,False,8,0
ga,static_live,22,1320.0,22.0,4,disrupted,disrupted,29 31 45 49,3677,2.857142857142857,0.35,0.0,29.791643086372574,18.366666666666667,33,0,33,1.7034051472546319,1.7034051472546319,108.14247535558779,60.0,1380.0,0.0,0.0,0.0,25.747750799986534,0.0,0.0,108.14247535558779,1380.0,106.22115234491648,1685.4371640883826,,,,False,False,not_attempted,0,0,0,0,1,1,1.0,163.28856400214994,1016.0,False,,,False,8,0
ga,static_live,23,1380.0,23.0,4,disrupted,disrupted,29 31 45 49,3677,2.857142857142857,0.35,0.0,29.791643086372574,18.383333333333333,33,6,27,6.575330726813096,1.0958884544688494,114.71780608240088,60.0,1440.0,0.0,0.0,0.0,25.747750799986534,0.0,0.0,114.71780608240088,1440.0,105.48853994565833,1685.4371640883826,,,,False,False,not_attempted,0,0,0,0,21,11,0.5238095238095238,162.02265392962474,1168.0,False,,,False,8,0
ga,static_live,24,1440.0,24.0,4,disrupted,disrupted,29 31 45 49,3677,2.857142857142857,0.35,0.0,29.791643086372574,18.4,27,2,25,11.599280615455118,5.799640307727559,126.317086697856,60.0,1500.0,0.0,0.0,0.0,25.747750799986534,0.0,0.0,126.317086697856,1500.0,97.92736585601622,1619.9969419025442,,,,False,False,not_attempted,0,0,0,0,33,14,0.42424242424242425,160.62658597738326,1168.0,False,,,False,8,0
ga,static_live,25,1500.0,25.0,5,disrupted,disrupted,29 31 45 49,3677,2.857142857142857,0.35,0.0,29.791643086372574,18.416666666666668,25,0,25,2.2721092931431186,2.2721092931431186,128.58919599099912,60.0,1560.0,0.0,0.0,0.0,25.747750799986534,0.0,0.0,128.58919599099912,1560.0,86.66647236932712,1566.734670653746,,,,False,False,not_attempted,0,0,0,0,8,3,0.375,160.12021334252222,1168.0,False,,,False,7,0
ga,static_live,26,1560.0,26.0,5,disrupted,disrupted,29 31 45 49,3677,2.857142857142857,0.35,0.0,29.791643086372574,18.433333333333334,25,5,20,5.534966262544762,1.1069932525089523,134.1241622535439,60.0,1620.0,0.0,0.0,0.0,25.747750799986534,0.0,0.0,134.1241622535439,1620.0,84.9192653958567,1446.734670653746,,,,False,False,not_attempted,0,0,0,0,26,4,0.15384615384615385,158.3354070304846,1318.0,False,,,False,7,0
ga,static_live,27,1620.0,27.0,5,disrupted,disrupted,29 31 45 49,3677,2.857142857142857,0.35,0.0,29.791643086372574,18.45,20,3,17,7.857559036041615,2.619186345347205,141.9817212895855,60.0,1680.0,0.0,0.0,0.0,25.747750799986534,0.0,0.0,141.9817212895855,1680.0,78.8579832533763,1446.734670653746,,,,False,False,not_attempted,0,0,0,0,14,11,0.7857142857142857,154.9980063616418,1318.0,False,,,False,6,0
ga,static_live,28,1680.0,28.0,5,disrupted,disrupted,29 31 45 49,3677,2.857142857142857,0.35,0.0,29.791643086372574,18.466666666666665,17,1,16,5.038869836414285,5.038869836414285,147.02059112599977,60.0,1740.0,0.0,0.0,0.0,25.747750799986534,0.0,0.0,147.02059112599977,1740.0,68.93755877112446,1353.6801163317248,,,,False,False,not_attempted,0,0,0,0,5,5,1.0,152.96939787641628,1379.0,False,,,False,5,0
ga,static_live,29,1740.0,29.0,5,disrupted,disrupted,29 31 45 49,3677,2.857142857142857,0.35,0.0,29.791643086372574,18.483333333333334,16,3,13,6.332155400423632,2.1107184668078776,153.3527465264234,60.0,1800.0,0.0,0.0,0.0,25.747750799986534,0.0,0.0,153.3527465264234,1800.0,65.49872934272706,1324.8880324050726,,,,False,False,not_attempted,0,0,0,0,36,4,0.1111111111111111,152.2028960785325,1468.0,False,,,False,5,0
ga,static_live,30,1800.0,30.0,6,recovering,recovering,29 31 45 49,3677,2.857142857142857,0.35,0.0,29.791643086372574,18.5,13,0,13,2.8984845942128334,2.8984845942128334,156.25123112063625,60.0,1860.0,0.0,0.0,0.0,25.747750799986534,0.0,0.0,156.25123112063625,1860.0,60.45487720199732,1176.1850247165694,,,,False,False,not_attempted,0,0,0,0,36,0,0.0,152.10956274519916,1468.0,False,,,False,5,0
ga,static_live,31,1860.0,31.0,6,recovering,recovering,29 31 45 49,3677,2.6595744680851063,0.376,0.04,30.2532796494895,18.516666666666666,13,1,12,9.073233302159098,9.073233302159098,165.32446442279536,60.0,1920.0,0.0,0.0,0.0,25.747750799986534,0.0,0.0,165.32446442279536,1920.0,55.150467929151354,1146.3332449518941,,,,False,False,not_attempted,0,0,0,0,42,8,0.19047619047619047,149.79905096301243,1468.0,False,,,False,4,0
ga,static_live,32,1920.0,32.0,6,recovering,recovering,29 31 45 49,3677,2.4875621890547266,0.40199999999999997,0.08,30.667011726301546,18.533333333333335,12,1,11,2.5846250418688954,2.5846250418688954,167.90908946466425,60.0,1980.0,0.0,0.0,0.0,25.747750799986534,0.0,0.0,167.90908946466425,1980.0,44.05512069886023,1087.6620351523266,,,,False,False,not_attempted,0,0,0,0,22,5,0.22727272727272727,148.29572248929188,1468.0,False,,,False,3,0
ga,static_live,33,1980.0,33.0,6,recovering,recovering,29 31 45 49,3677,2.336448598130841,0.428,0.12,31.039928153428818,18.55,11,2,9,3.530288303114296,1.765144151557148,171.43937776777855,60.0,2040.0,0.0,0.0,0.0,25.747750799986534,0.0,0.0,171.43937776777855,2040.0,40.75004004568925,1023.1646920214132,,,,False,False,not_attempted,0,0,0,0,25,8,0.32,145.4670565925445,1635.0,False,,,False,3,0
ga,static_live,34,2040.0,34.0,6,recovering,recovering,29 31 45 49,3677,2.2026431718061676,0.45399999999999996,0.16,31.377784853971832,18.566666666666666,9,0,9,1.68079310562867,1.68079310562867,173.12017087340723,60.0,2100.0,0.0,0.0,0.0,25.747750799986534,0.0,0.0,173.12017087340723,2100.0,36.326596756535686,948.5458922725004,,,,False,False,not_attempted,0,0,0,0,34,1,0.029411764705882353,144.8621541042974,1635.0,False,,,False,3,0
ga,static_live,35,2100.0,35.0,7,recovering,recovering,29 31 45 49,3677,2.0833333333333335,0.48,0.2,31.685304056537916,18.583333333333332,9,0,9,0.5573219679376373,0.5573219679376373,173.67749284134487,60.0,2160.0,0.0,0.0,0.0,25.747750799986534,0.0,0.0,173.67749284134487,2160.0,33.8860235766962,812.2714167969489,,,,False,False,not_attempted,0,0,0,0,15,0,0.0,144.76882077096406,1635.0,False,,,False,2,0
ga,static_live,36,2160.0,36.0,7,recovering,recovering,29 31 45 49,3677,1.976284584980237,0.506,0.24,31.96639637345568,18.6,9,2,7,0.857011766979469,0.4285058834897345,174.53450460832434,60.0,2220.0,0.0,0.0,0.0,25.747750799986534,0.0,0.0,174.53450460832434,2220.0,32.86663392979149,746.7987128981821,,,,False,False,not_attempted,0,0,0,0,21,2,0.09523809523809523,144.14958750674884,1635.0,False,,,False,2,0
ga,static_live,37,2220.0,37.0,7,recovering,recovering,29 31 45 49,3677,1.8796992481203008,0.532,0.28,32.22432798433814,18.616666666666667,7,0,7,0.18666666666666665,0.18666666666666665,174.721171274991,60.0,2280.0,0.0,0.0,0.0,25.747750799986534,0.0,0.0,174.721171274991,2280.0,31.138103416985366,587.6713433956336,,,,False,False,not_attempted,0,0,0,0,0,0,0.0,144.0562541734155,1635.0,False,,,False,2,0
ga,static_live,38,2280.0,38.0,7,recovering,recovering,29 31 45 49,3677,1.7921146953405016,0.558,0.32,32.46184812933902,18.633333333333333,7,2,5,1.210659145719482,0.605329572859741,175.9318304207105,60.0,2340.0,0.0,0.0,0.0,25.747750799986534,0.0,0.0,175.9318304207105,2340.0,30.586030523943624,582.2566096155849,,,,False,False,not_attempted,0,0,0,0,19,5,0.2631578947368421,142.9897901871016,1635.0,False,,,False,2,0
ga,static_live,39,2340.0,39.0,7,recovering,recovering,29 31 45 49,3677,1.7123287671232879,0.584,0.36,32.68128748683469,18.65,5,0,5,1.9373164633686963,1.9373164633686963,177.86914688407919,60.0,2400.0,0.0,0.0,0.0,25.747750799986534,0.0,0.0,177.86914688407919,2400.0,28.911376128926143,556.0106309155227,,,,False,False,not_attempted,0,0,0,0,12,6,0.5,141.19545774672923,1635.0,False,,,False,2,0
ga,static_live,40,2400.0,40.0,8,recovering,recovering,29 31 45 49,3677,1.639344262295082,0.61,0.4,32.884634908397665,18.666666666666668,5,0,5,0.18666666666666665,0.18666666666666665,178.05581355074585,60.0,2460.0,0.0,0.0,0.0,25.747750799986534,0.0,0.0,178.05581355074585,2460.0,26.597830191298716,488.16774001705886,,,,False,False,not_attempted,0,0,0,0,0,0,0.0,141.1021244133959,1635.0,False,,,False,2,0
ga,static_live,41,2460.0,41.0,8,recovering,recovering,29 31 45 49,3677,1.572327044025157,0.636,0.44,33.073597869454325,18.683333333333334,5,2,3,0.8549952464670549,0.42749762323352747,178.9108087972129,60.0,2520.0,0.0,0.0,0.0,25.747750799986534,0.0,0.0,178.9108087972129,2520.0,26.243352929407504,488.16774001705886,,,,False,False,not_attempted,0,0,0,0,10,4,0.4,140.39258270937341,1725.0,False,,,False,2,0
ga,static_live,42,2520.0,42.0,8,recovering,recovering,29 31 45 49,3677,1.5105740181268883,0.6619999999999999,0.48,33.249650529638785,18.7,3,0,3,0.18666666666666665,0.18666666666666665,179.09747546387956,60.0,2580.0,0.0,0.0,0.0,25.747750799986534,0.0,0.0,179.09747546387956,2580.0,24.747551550499512,488.16774001705886,,,,False,False,not_attempted,0,0,0,0,0,0,0.0,140.29924937604008,1725.0,False,,,False,1,0
ga,static_live,43,2580.0,43.0,8,recovering,recovering,29 31 45 49,3677,1.4534883720930234,0.688,0.52,33.41407226782236,18.716666666666665,3,2,1,0.21507981721404318,0.10753990860702159,179.3125552810936,60.0,2640.0,0.0,0.0,0.0,25.747750799986534,0.0,0.0,179.3125552810936,2640.0,24.38166058798097,488.16774001705886,,,,False,False,not_attempted,0,0,0,0,3,0,0.0,140.2201176047807,1937.0,False,,,False,1,0
ga,static_live,44,2640.0,44.0,8,recovering,recovering,29 31 45 49,3677,1.400560224089636,0.714,0.56,33.567978823908035,18.733333333333334,1,0,1,0.38771514542922186,0.38771514542922186,179.70027042652282,60.0,2700.0,0.0,0.0,0.0,25.747750799986534,0.0,0.0,179.70027042652282,2700.0,23.95973003624908,488.16774001705886,,,,False,False,not_attempted,0,0,0,0,24,0,0.0,140.2201176047807,1937.0,False,,,False,1,0
ga,static_live,45,2700.0,45.0,9,recovering,recovering,29 31 45 49,3677,1.3513513513513513,0.74,0.6,33.712347650969065,18.75,1,0,1,0.8861844076445818,0.8861844076445818,180.5864548341674,60.0,2760.0,0.0,0.0,0.0,25.747750799986534,0.0,0.0,180.5864548341674,2760.0,23.275059021547108,488.16774001705886,,,,False,False,not_attempted,0,0,0,0,9,0,0.0,140.2201176047807,1937.0,False,,,False,1,0
ga,static_live,46,2760.0,46.0,9,recovering,recovering,29 31 45 49,3677,1.3054830287206267,0.766,0.64,33.84803869575654,18.766666666666666,1,0,1,0.18463409441270007,0.18463409441270007,180.7710889285801,60.0,2820.0,0.0,0.0,0.0,25.747750799986534,0.0,0.0,180.7710889285801,2820.0,22.099986443875643,488.16774001705886,,,,False,False,not_attempted,0,0,0,0,1,0,0.0,140.2201176047807,1937.0,False,,,False,1,0
ga,static_live,47,2820.0,47.0,9,recovering,recovering,29 31 45 49,3677,1.2626262626262625,0.792,0.68,33.975811541291115,18.783333333333335,1,0,1,0.09333333333333332,0.09333333333333332,180.86442226191343,60.0,2880.0,0.0,0.0,0.0,25.747750799986534,0.0,0.0,180.86442226191343,2880.0,21.547482043749493,488.16774001705886,,,,False,False,not_attempted,0,0,0,0,0,0,0.0,140.2201176047807,1937.0,False,,,False,0,0
ga,static_live,48,2880.0,48.0,9,recovering,recovering,29 31 45 49,3677,1.2224938875305624,0.818,0.72,34.096339633486544,18.8,1,1,0,20.879981665980544,20.879981665980544,201.74440392789398,493.39903162774993,3373.39903162775,0.0,0.0,0.0,25.747750799986534,0.0,0.0,201.74440392789398,3373.39903162775,21.29119677901635,488.16774001705886,,,,False,False,not_attempted,0,0,0,0,351,29,0.08262108262108261,136.66659154010605,1937.0,True,,,False,0,0
ga,static_frozen,0,0.0,0.0,0,normal,initial,29 31 45 49,0,1.0,1.0,0.0,34.78037077224997,18.0,84,0,84,17.649882122789972,17.649882122789972,17.649882122789972,60.0,60.0,8.482715899939649,17.265034900046885,25.747750799986534,25.747750799986534,0.0,0.0,17.649882122789972,60.0,137.0202222079973,2575.791665618115,,,,False,False,initial_plan,0,0,0,0,110,0,0.0,177.61134889028398,0.0,False,,,True,10,10
ga,static_frozen,1,60.0,1.0,0,normal,normal,29 31 45 49,0,1.0,1.0,0.0,34.78037077224997,18.016666666666666,84,0,84,3.860832221189131,3.860832221189131,21.510714343979103,60.0,120.0,0.0,0.0,0.0,25.747750799986534,0.0,0.0,21.510714343979103,120.0,118.33481725358962,2408.508397267874,,,,False,False,not_attempted,0,0,0,0,48,0,0.0,176.09020652430007,0.0,False,,,False,10,10
ga,static_frozen,2,120.0,2.0,0,normal,normal,29 31 45 49,0,1.0,1.0,0.0,34.78037077224997,18.033333333333335,84,5,79,5.469586054369472,1.0939172108738944,26.980300398348575,60.0,180.0,0.0,0.0,0.0,25.747750799986534,0.0,0.0,26.980300398348575,180.0,114.32039977398952,2408.508397267874,,,,False,False,not_attempted,0,0,0,0,54,0,0.0,174.7596401655785,230.0,False,,,False,10,5
ga,static_frozen,3,180.0,3.0,0,normal,normal,29 31 45 49,0,1.0,1.0,0.0,34.78037077224997,18.05,79,2,77,7.011609396691212,3.505804698345606,33.99190979503979,60.0,240.0,0.0,0.0,0.0,25.747750799986534,0.0,0.0,33.99190979503979,240.0,109.00105004153725,2395.4649197227227,,,,False,False,not_attempted,0,0,0,0,102,0,0.0,174.34235459366602,230.0,False,,,False,10,3
ga,static_frozen,4,240.0,4.0,0,normal,normal,29 31 45 49,0,1.0,1.0,0.0,34.78037077224997,18.066666666666666,77,0,77,7.1547879192985535,7.1547879192985535,41.146697714338345,60.0,300.0,0.0,0.0,0.0,25.747750799986534,0.0,0.0,41.146697714338345,300.0,102.22978058226929,2222.1724931702206,,,,False,False,not_attempted,0,0,0,0,63,0,0.0,173.4394704160569,230.0,False,,,False,10,3
ga,static_frozen,5,300.0,5.0,1,normal,normal,29 31 45 49,0,1.0,1.0,0.0,34.78037077224997,18.083333333333332,77,3,74,2.675963325709791,0.891987775236597,43.82266104004813,60.0,360.0,0.0,0.0,0.0,25.747750799986534,0.0,0.0,43.82266104004813,360.0,95.1717140869908,2222.1724931702206,,,,False,False,not_attempted,0,0,0,0,34,0,0.0,173.10775928116314,402.0,False,,,False,10,2
ga,static_frozen,6,360.0,6.0,1,normal,normal,29 31 45 49,0,1.0,1.0,0.0,34.78037077224997,18.1,74,2,72,2.766193936465484,1.383096968232742,46.588854976513616,60.0,420.0,0.0,0.0,0.0,25.747750799986534,0.0,0.0,46.588854976513616,420.0,92.60410325990152,2214.6116397759683,,,,False,False,not_attempted,0,0,0,0,81,0,0.0,173.0144259478298,422.0,False,,,False,10,1
ga,static_frozen,7,420.0,7.0,1,normal,normal,29 31 45 49,0,1.0,1.0,0.0,34.78037077224997,18.116666666666667,72,4,68,4.347192794898818,1.0867981987247044,50.93604777141243,60.0,480.0,0.0,0.0,0.0,25.747750799986534,0.0,0.0,50.93604777141243,480.0,89.92368642949396,2148.2053198083527,,,,False,False,not_attempted,0,0,0,0,87,0,0.0,171.7315048732715,422.0,False,,,False,10,0
ga,static_frozen,8,480.0,8.0,1,normal,normal,29 31 45 49,0,1.0,1.0,0.0,34.78037077224997,18.133333333333333,68,2,66,2.5250093236515756,1.2625046618257878,53.46105709506401,60.0,540.0,0.0,0.0,0.0,25.747750799986534,0.0,0.0,53.46105709506401,540.0,85.28714308081315,2087.667082619376,,,,False,False,not_attempted,0,0,0,0,64,0,0.0,171.63817153993816,647.0,False,,,False,10,0
ga,static_frozen,9,540.0,9.0,1,normal,normal,29 31 45 49,0,1.0,1.0,0.0,34.78037077224997,18.15,66,4,62,3.0619730013422446,0.7654932503355611,56.52303009640625,60.0,600.0,0.0,0.0,0.0,25.747750799986534,0.0,0.0,56.52303009640625,600.0,82.77007440456873,1959.541901191854,,,,False,False,not_attempted,0,0,0,0,70,0,0.0,171.54640459197284,647.0,False,,,False,10,0
ga,static_frozen,10,600.0,10.0,2,degrading,degrading,29 31 45 49,0,1.0,1.0,0.0,34.78037077224997,18.166666666666668,62,3,59,4.390709018242486,1.4635696727474954,60.913739114648735,60.0,660.0,0.0,0.0,0.0,25.747750799986534,0.0,0.0,60.913739114648735,660.0,80.09411359828835,1959.541901191854,,,,False,False,not_attempted,0,0,0,0,80,0,0.0,171.29011539682318,647.0,False,,,False,10,0
ga,static_frozen,11,660.0,11.0,2,degrading,degrading,29 31 45 49,3677,1.06951871657754,0.935,0.0,34.56371404486458,18.183333333333334,59,1,58,2.638872503402203,2.638872503402203,63.55261161805094,60.0,720.0,0.0,0.0,0.0,25.747750799986534,0.0,0.0,63.55261161805094,720.0,79.17238742313967,1904.2550097200271,,,,False,False,not_attempted,0,0,0,0,47,8,0.1702127659574468,171.00102300959978,647.0,False,,,False,9,0
ga,static_frozen,12,720.0,12.0,2,degrading,degrading,29 31 45 49,3677,1.1494252873563218,0.87,0.0,34.317993984953176,18.2,58,4,54,2.5968492142326336,0.6492123035581584,66.14946083228357,60.0,780.0,0.0,0.0,0.0,25.747750799986534,0.0,0.0,66.14946083228357,780.0,81.26962240400914,1893.4181483882414,,,,False,False,not_attempted,0,0,0,0,31,0,0.0,169.9712503230566,647.0,False,,,False,8,0
ga,static_frozen,13,780.0,13.0,2,degrading,degrading,29 31 45 49,3677,1.2422360248447206,0.8049999999999999,0.0,34.03694211724979,18.216666666666665,54,2,52,2.7863061343221793,1.3931530671610897,68.93576696660574,60.0,840.0,0.0,0.0,0.0,25.747750799986534,0.0,0.0,68.93576696660574,840.0,83.76385412507953,1903.8361158838222,,,,False,False,not_attempted,0,0,0,0,39,0,0.0,168.6873506151558,822.0,False,,,False,8,0
ga,static_frozen,14,840.0,14.0,2,degrading,degrading,29 31 45 49,3677,1.3513513513513513,0.74,0.0,33.712347650969065,18.233333333333334,52,3,49,2.0628728377358123,0.6876242792452708,70.99863980434155,60.0,900.0,0.0,0.0,0.0,25.747750799986534,0.0,0.0,70.99863980434155,900.0,86.49519971694612,1847.2564147522578,,,,False,False,not_attempted,0,0,0,0,31,0,0.0,168.44749961377207,822.0,False,,,False,8,0
ga,static_frozen,15,900.0,15.0,3,degrading,degrading,29 31 45 49,3677,1.4814814814814814,0.675,0.0,33.33324201699034,18.25,49,3,46,3.183552682252199,1.0611842274173997,74.18219248659375,60.0,960.0,0.0,0.0,0.0,25.747750799986534,0.0,0.0,74.18219248659375,960.0,91.35707375262858,1859.9397951311796,,,,False,False,not_attempted,0,0,0,0,52,7,0.1346153846153846,168.39759137099304,822.0,False,,,False,8,0
ga,static_frozen,16,960.0,16.0,3,degrading,degrading,29 31 45 49,3677,1.639344262295082,0.61,0.0,32.884634908397665,18.266666666666666,46,1,45,3.521831200166045,3.521831200166045,77.7040236867598,60.0,1020.0,0.0,0.0,0.0,25.747750799986534,0.0,0.0,77.7040236867598,1020.0,95.50129683074613,1933.4032219575345,,,,False,False,not_attempted,0,0,0,0,52,5,0.09615384615384616,167.46211200091835,822.0,False,,,False,8,0
ga,static_frozen,17,1020.0,17.0,3,degrading,degrading,29 31 45 49,3677,1.8348623853211008,0.545,0.0,32.34548500261859,18.283333333333335,45,3,42,5.356140833114627,1.7853802777048757,83.06016451987442,60.0,1080.0,0.0,0.0,0.0,25.747750799986534,0.0,0.0,83.06016451987442,1080.0,99.90771445801867,1874.9699745011897,,,,False,False,not_attempted,0,0,0,0,46,15,0.32608695652173914,166.22775087320122,943.0,False,,,False,8,0
ga,static_frozen,18,1080.0,18.0,3,degrading,degrading,29 31 45 49,3677,2.0833333333333335,0.48,0.0,31.685304056537916,18.3,42,2,40,3.5352499440889056,1.7676249720444528,86.59541446396332,60.0,1140.0,0.0,0.0,0.0,25.747750799986534,0.0,0.0,86.59541446396332,1140.0,103.32706692873982,1814.1863153931433,,,,False,False,not_attempted,0,0,0,0,25,1,0.04,165.9843185469313,943.0,False,,,False,8,0
ga,static_frozen,19,1140.0,19.0,3,degrading,degrading,29 31 45 49,3677,2.409638554216868,0.4149999999999999,0.0,30.85818486053072,18.316666666666666,40,0,40,2.83708458518341,2.83708458518341,89.43249904914673,60.0,1200.0,0.0,0.0,0.0,25.747750799986534,0.0,0.0,89.43249904914673,1200.0,111.58274818568619,1753.699969030421,,,,False,False,not_attempted,0,0,0,0,9,8,0.8888888888888888,165.89098521359796,943.0,False,,,False,8,0
ga,static_frozen,20,1200.0,20.0,4,disrupted,holding,29 31 45 49,3677,2.857142857142857,0.35,0.0,29.791643086372574,18.333333333333332,40,6,34,9.939826537300933,1.6566377562168222,99.37232558644766,60.0,1260.0,0.0,0.0,0.0,25.747750799986534,0.0,0.0,99.37232558644766,1260.0,125.12141499538528,1874.2689529138354,,,,False,False,not_attempted,0,0,0,0,30,14,0.4666666666666667,163.65523691403345,1016.0,False,,,False,8,0
ga,static_frozen,21,1260.0,21.0,4,disrupted,disrupted,29 31 45 49,3677,2.857142857142857,0.35,0.0,29.791643086372574,18.35,34,1,33,8.103468126115889,8.103468126115889,107.47579371256354,60.0,1320.0,0.0,0.0,0.0,25.747750799986534,0.0,0.0,107.47579371256354,1320.0,114.19142011270768,1813.1700937497817,,,,False,False,not_attempted,0,0,0,0,49,10,0.20408163265306123,163.38189733548327,1016.0,False,,,False,8,0
ga,static_frozen,22,1320.0,22.0,4,disrupted,disrupted,29 31 45 49,3677,2.857142857142857,0.35,0.0,29.791643086372574,18.366666666666667,33,0,33,1.7034051472546319,1.7034051472546319,109.17919885981817,60.0,1380.0,0.0,0.0,0.0,25.747750799986534,0.0,0.0,109.17919885981817,1380.0,106.22115234491648,1685.4371640883826,,,,False,False,not_attempted,0,0,0,0,1,1,1.0,163.28856400214994,1016.0,False,,,False,8,0
ga,static_frozen,23,1380.0,23.0,4,disrupted,disrupted,29 31 45 49,3677,2.857142857142857,0.35,0.0,29.791643086372574,18.383333333333333,33,6,27,7.308787837799888,1.2181313062999812,116.48798669761806,60.0,1440.0,0.0,0.0,0.0,25.747750799986534,0.0,0.0,116.48798669761806,1440.0,105.48853994565833,1685.4371640883826,,,,False,False,not_attempted,0,0,0,0,22,12,0.5454545454545454,162.02265392962474,1168.0,False,,,False,8,0
ga,static_frozen,24,1440.0,24.0,4,disrupted,disrupted,29 31 45 49,3677,2.857142857142857,0.35,0.0,29.791643086372574,18.4,27,2,25,13.29856320024776,6.64928160012388,129.78654989786583,60.0,1500.0,0.0,0.0,0.0,25.747750799986534,0.0,0.0,129.78654989786583,1500.0,99.98209457787011,1626.820492566344,,,,False,False,not_attempted,0,0,0,0,38,19,0.5,158.09216661173355,1168.0,False,,,False,8,0
ga,static_frozen,25,1500.0,25.0,5,disrupted,disrupted,29 31 45 49,3677,2.857142857142857,0.35,0.0,29.791643086372574,18.416666666666668,25,0,25,2.370908840576685,2.370908840576685,132.1574587384425,60.0,1560.0,0.0,0.0,0.0,25.747750799986534,0.0,0.0,132.1574587384425,1560.0,86.66647236932712,1566.734670653746,,,,False,False,not_attempted,0,0,0,0,9,4,0.4444444444444444,157.9113921380707,1168.0,False,,,False,7,0
ga,static_frozen,26,1560.0,26.0,5,disrupted,disrupted,29 31 45 49,3677,2.857142857142857,0.35,0.0,29.791643086372574,18.433333333333334,25,5,20,5.639769318877988,1.1279538637755977,137.7972280573205,60.0,1620.0,0.0,0.0,0.0,25.747750799986534,0.0,0.0,137.7972280573205,1620.0,84.9192653958567,1446.734670653746,,,,False,False,not_attempted,0,0,0,0,26,4,0.15384615384615385,157.81805880473738,1318.0,False,,,False,7,0
ga,static_frozen,27,1620.0,27.0,5,disrupted,disrupted,29 31 45 49,3677,2.857142857142857,0.35,0.0,29.791643086372574,18.45,20,3,17,11.403246171233011,3.80108205707767,149.2004742285535,60.0,1680.0,0.0,0.0,0.0,25.747750799986534,0.0,0.0,149.2004742285535,1680.0,80.76304401741483,1446.734670653746,,,,False,False,not_attempted,0,0,0,0,22,19,0.8636363636363636,152.68908840504085,1318.0,False,,,False,6,0
ga,static_frozen,28,1680.0,28.0,5,disrupted,disrupted,29 31 45 49,3677,2.857142857142857,0.35,0.0,29.791643086372574,18.466666666666665,17,1,16,9.64641664877848,9.64641664877848,158.846890877332,60.0,1740.0,0.0,0.0,0.0,25.747750799986534,0.0,0.0,158.846890877332,1740.0,71.46998318229869,1329.7601006805874,,,,False,False,not_attempted,0,0,0,0,16,16,1.0,148.52836907486778,1379.0,False,,,False,6,0
ga,static_frozen,29,1740.0,29.0,5,disrupted,disrupted,29 31 45 49,3677,2.857142857142857,0.35,0.0,29.791643086372574,18.483333333333334,16,2,14,12.374123185795636,6.187061592897818,171.22101406312763,60.0,1800.0,0.0,0.0,0.0,25.747750799986534,0.0,0.0,171.22101406312763,1800.0,61.78593789839521,1176.1850247165694,,,,False,False,not_attempted,0,0,0,0,22,17,0.7727272727272727,147.6859667400467,1468.0,False,,,False,5,0
ga,static_frozen,30,1800.0,30.0,6,recovering,recovering,29 31 45 49,3677,2.857142857142857,0.35,0.0,29.791643086372574,18.5,14,2,12,7.683318513821163,3.8416592569105816,178.90433257694878,60.0,1860.0,0.0,0.0,0.0,25.747750799986534,0.0,0.0,178.90433257694878,1860.0,55.65590612373519,1203.2441685794975,,,,False,False,not_attempted,0,0,0,0,27,12,0.4444444444444444,146.12355399074505,1468.0,False,,,False,5,0
ga,static_frozen,31,1860.0,31.0,6,recovering,recovering,29 31 45 49,3677,2.6595744680851063,0.376,0.04,30.2532796494895,18.516666666666666,12,0,12,8.730189759440925,8.730189759440925,187.6345223363897,60.0,1920.0,0.0,0.0,0.0,25.747750799986534,0.0,0.0,187.6345223363897,1920.0,52.384724387191746,1264.4152787205578,,,,False,False,not_attempted,0,0,0,0,35,22,0.6285714285714286,143.00655396162097,1468.0,False,,,False,4,0
ga,static_frozen,32,1920.0,32.0,6,recovering,recovering,29 31 45 49,3677,2.4875621890547266,0.40199999999999997,0.08,30.667011726301546,18.533333333333335,12,2,10,6.645969844820819,3.3229849224104093,194.28049218121052,60.0,1980.0,0.0,0.0,0.0,25.747750799986534,0.0,0.0,194.28049218121052,1980.0,44.77264106757232,1032.952566207118,,,,False,False,not_attempted,0,0,0,0,20,15,0.75,139.23724490357208,1468.0,False,,,False,3,0
ga,static_frozen,33,1980.0,33.0,6,recovering,recovering,29 31 45 49,3677,2.336448598130841,0.428,0.12,31.039928153428818,18.55,10,1,9,2.5444578381209966,2.5444578381209966,196.8249500193315,60.0,2040.0,0.0,0.0,0.0,25.747750799986534,0.0,0.0,196.8249500193315,2040.0,37.04857605236286,957.2236454931344,,,,False,False,not_attempted,0,0,0,0,8,7,0.875,138.79490136760617,1635.0,False,,,False,2,0
ga,static_frozen,34,2040.0,34.0,6,recovering,recovering,29 31 45 49,3677,2.2026431718061676,0.45399999999999996,0.16,31.377784853971832,18.566666666666666,9,1,8,1.4962563730942642,1.4962563730942642,198.32120639242578,60.0,2100.0,0.0,0.0,0.0,25.747750799986534,0.0,0.0,198.32120639242578,2100.0,34.99655086488834,823.1349675769197,,,,False,False,not_attempted,0,0,0,0,8,5,0.625,138.70156803427284,1635.0,False,,,False,2,0
ga,static_frozen,35,2100.0,35.0,7,recovering,recovering,29 31 45 49,3677,2.0833333333333335,0.48,0.2,31.685304056537916,18.583333333333332,8,1,7,0.7620727368872489,0.7620727368872489,199.08327912931304,60.0,2160.0,0.0,0.0,0.0,25.747750799986534,0.0,0.0,199.08327912931304,2160.0,33.18554240942858,812.2714167969489,,,,False,False,not_attempted,0,0,0,0,3,2,0.6666666666666666,138.03282863071897,1635.0,False,,,False,2,0
ga,static_frozen,36,2160.0,36.0,7,recovering,recovering,29 31 45 49,3677,1.976284584980237,0.506,0.24,31.96639637345568,18.6,7,1,6,0.2720639111012717,0.2720639111012717,199.3553430404143,60.0,2220.0,0.0,0.0,0.0,25.747750799986534,0.0,0.0,199.3553430404143,2220.0,31.74704841292426,593.6425320305489,,,,False,False,not_attempted,0,0,0,0,17,0,0.0,137.93949529738563,1635.0,False,,,False,2,0
ga,static_frozen,37,2220.0,37.0,7,recovering,recovering,29 31 45 49,3677,1.8796992481203008,0.532,0.28,32.22432798433814,18.616666666666667,6,1,5,1.2626058992831262,1.2626058992831262,200.61794893969744,60.0,2280.0,0.0,0.0,0.0,25.747750799986534,0.0,0.0,200.61794893969744,2280.0,30.975311900172912,587.6713433956336,,,,False,False,not_attempted,0,0,0,0,8,5,0.625,136.78533800273647,1635.0,False,,,False,2,0
ga,static_frozen,38,2280.0,38.0,7,recovering,recovering,29 31 45 49,3677,1.7921146953405016,0.558,0.32,32.46184812933902,18.633333333333333,5,0,5,2.0229209062738946,2.0229209062738946,202.64086984597134,60.0,2340.0,0.0,0.0,0.0,25.747750799986534,0.0,0.0,202.64086984597134,2340.0,29.033817520597513,556.9520387997705,,,,False,False,not_attempted,0,0,0,0,6,6,1.0,134.85575042979588,1635.0,False,,,False,2,0
ga,static_frozen,39,2340.0,39.0,7,recovering,recovering,29 31 45 49,3677,1.7123287671232879,0.584,0.36,32.68128748683469,18.65,5,1,4,0.23878687577792307,0.23878687577792307,202.87965672174926,60.0,2400.0,0.0,0.0,0.0,25.747750799986534,0.0,0.0,202.87965672174926,2400.0,26.857721358598628,488.16774001705886,,,,False,False,not_attempted,0,0,0,0,6,0,0.0,134.76241709646254,1635.0,False,,,False,2,0
ga,static_frozen,40,2400.0,40.0,8,recovering,recovering,29 31 45 49,3677,1.639344262295082,0.61,0.4,32.884634908397665,18.666666666666668,4,1,3,0.8631691055377331,0.8631691055377331,203.742825827287,60.0,2460.0,0.0,0.0,0.0,25.747750799986534,0.0,0.0,203.742825827287,2460.0,26.32887618722093,488.16774001705886,,,,False,False,not_attempted,0,0,0,0,4,4,1.0,133.99258132425814,1725.0,False,,,False,2,0
ga,static_frozen,41,2460.0,41.0,8,recovering,recovering,29 31 45 49,3677,1.572327044025157,0.636,0.44,33.073597869454325,18.683333333333334,3,1,2,0.3452980213708949,0.3452980213708949,204.0881238486579,60.0,2520.0,0.0,0.0,0.0,25.747750799986534,0.0,0.0,204.0881238486579,2520.0,25.14358994165823,488.16774001705886,,,,False,False,not_attempted,0,0,0,0,14,0,0.0,133.8992479909248,1725.0,False,,,False,1,0
ga,static_frozen,42,2520.0,42.0,8,recovering,recovering,29 31 45 49,3677,1.5105740181268883,0.6619999999999999,0.48,33.249650529638785,18.7,2,1,1,0.6648113887644496,0.6648113887644496,204.75293523742235,60.0,2580.0,0.0,0.0,0.0,25.747750799986534,0.0,0.0,204.75293523742235,2580.0,24.535085385169047,488.16774001705886,,,,False,False,not_attempted,0,0,0,0,18,0,0.0,133.81639150895535,1937.0,False,,,False,1,0
ga,static_frozen,43,2580.0,43.0,8,recovering,recovering,29 31 45 49,3677,1.4534883720930234,0.688,0.52,33.41407226782236,18.716666666666665,1,0,1,0.6672287652752864,0.6672287652752864,205.42016400269765,60.0,2640.0,0.0,0.0,0.0,25.747750799986534,0.0,0.0,205.42016400269765,2640.0,23.58094968133254,488.16774001705886,,,,False,False,not_attempted,0,0,0,0,5,0,0.0,133.81639150895535,1937.0,False,,,False,1,0
ga,static_frozen,44,2640.0,44.0,8,recovering,recovering,29 31 45 49,3677,1.400560224089636,0.714,0.56,33.567978823908035,18.733333333333334,1,0,1,0.09333333333333332,0.09333333333333332,205.51349733603098,60.0,2700.0,0.0,0.0,0.0,25.747750799986534,0.0,0.0,205.51349733603098,2700.0,22.429777841446917,488.16774001705886,,,,False,False,not_attempted,0,0,0,0,0,0,0.0,133.81639150895535,1937.0,False,,,False,0,0
ga,static_frozen,45,2700.0,45.0,9,recovering,recovering,29 31 45 49,3677,1.3513513513513513,0.74,0.6,33.712347650969065,18.75,1,1,0,21.85470462888658,21.85470462888658,227.36820196491755,532.6433929008978,3232.6433929008977,0.0,0.0,0.0,25.747750799986534,0.0,0.0,227.36820196491755,3232.6433929008977,22.114787535013292,488.16774001705886,,,,False,False,not_attempted,0,0,0,0,358,35,0.09776536312849161,129.4300565260381,1937.0,True,,,False,0,0
