method,policy,epoch,elapsed_s,elapsed_min,replan_epoch,traffic_state,traffic_change,center_bins,affected_edges,peak_tt_multiplier,speed_multiplier,recovery_progress,network_speed_kmh,sim_hour,remaining_bins_before,served_bins_epoch,remaining_bins_after,epoch_energy_kwh,epoch_energy_per_served_bin_kwh,cumulative_energy_kwh,epoch_operating_s,cumulative_operating_s,oracle_runtime_s,solver_runtime_s,planning_runtime_s,cumulative_planning_runtime_s,compute_wait_aux_energy_kwh,cumulative_compute_wait_aux_energy_kwh,latency_adjusted_energy_kwh,latency_adjusted_time_s,planned_remaining_energy_kwh,planned_remaining_makespan_s,incumbent_plan_energy_kwh,candidate_plan_energy_kwh,candidate_energy_improvement_kwh,replan_attempted,replan_accepted,acceptance_reason,candidate_next_choice_changes,candidate_reassigned_bins,next_choice_changes,reassigned_bins,traversed_edges,disrupted_edges_traversed,disrupted_edge_share,min_battery_kwh,max_payload_kg,returned_to_depot,converged,rounds,replanned,active_planning_vehicles,vehicles_still_requiring_first_service
proposed,adaptive,0,0.0,0.0,0,normal,initial,4 5 32 67,0,1.0,1.0,0.0,34.78037077224997,18.0,84,0,84,18.947812200580838,18.947812200580838,18.947812200580838,60.0,60.0,10.709383900044486,1128.8861950000282,1139.5955789000727,1139.5955789000727,0.0,0.0,18.947812200580838,60.0,124.98723160038621,2771.5048752969888,,,,False,False,initial_plan,0,0,0,0,123,0,0.0,177.2717760608753,0.0,False,,,True,10,10
proposed,adaptive,1,60.0,1.0,0,normal,normal,4 5 32 67,0,1.0,1.0,0.0,34.78037077224997,18.016666666666666,84,0,84,3.6431287464134887,3.6431287464134887,22.590940946994326,60.0,120.0,0.0,0.0,0.0,1139.5955789000727,0.0,0.0,22.590940946994326,120.0,105.50890338066785,2707.1370397431347,,,,False,False,not_attempted,0,0,0,0,83,0,0.0,176.43141531177028,0.0,False,,,False,9,10
proposed,adaptive,2,120.0,2.0,0,normal,normal,4 5 32 67,0,1.0,1.0,0.0,34.78037077224997,18.033333333333335,84,3,81,2.150613593169741,0.716871197723247,24.741554540164067,60.0,180.0,0.0,0.0,0.0,1139.5955789000727,0.0,0.0,24.741554540164067,180.0,101.10086336244001,2575.1489099165824,,,,False,False,not_attempted,0,0,0,0,49,0,0.0,176.33808197843695,215.0,False,,,False,8,7
proposed,adaptive,3,180.0,3.0,0,normal,normal,4 5 32 67,0,1.0,1.0,0.0,34.78037077224997,18.05,81,3,78,3.271356097706687,1.0904520325688958,28.012910637870753,60.0,240.0,0.0,0.0,0.0,1139.5955789000727,0.0,0.0,28.012910637870753,240.0,99.24169389457438,2575.1489099165824,,,,False,False,not_attempted,0,0,0,0,57,0,0.0,176.08417388140913,215.0,False,,,False,8,4
proposed,adaptive,4,240.0,4.0,0,normal,normal,4 5 32 67,0,1.0,1.0,0.0,34.78037077224997,18.066666666666666,78,1,77,3.7024315460081656,3.7024315460081656,31.715342183878917,60.0,300.0,0.0,0.0,0.0,1139.5955789000727,0.0,0.0,31.715342183878917,300.0,96.4371557706104,2523.292639918653,,,,False,False,not_attempted,0,0,0,0,61,0,0.0,174.23595111138894,249.0,False,,,False,7,3
proposed,adaptive,5,300.0,5.0,1,normal,normal,4 5 32 67,0,1.0,1.0,0.0,34.78037077224997,18.083333333333332,77,2,75,2.7189758189326834,1.3594879094663417,34.4343180028116,60.0,360.0,9.659450400038622,138.31543620000593,147.97488660004456,1287.5704655001173,0.0,0.0,34.4343180028116,360.0,92.79090225860935,2353.701123446594,92.79090225860935,96.66345094303185,-3.8725486844224974,True,False,incumbent_not_worse,8,51,0,0,41,0,0.0,174.1426177780556,402.0,False,True,21.0,True,7,3
proposed,adaptive,6,360.0,6.0,1,normal,normal,4 5 32 67,0,1.0,1.0,0.0,34.78037077224997,18.1,75,3,72,4.611279417259635,1.5370931390865452,39.04559742007124,60.0,420.0,0.0,0.0,0.0,1287.5704655001173,0.0,0.0,39.04559742007124,420.0,90.05551392370413,2353.701123446594,,,,False,False,not_attempted,0,0,0,0,41,0,0.0,173.80269504982573,402.0,False,,,False,7,2
proposed,adaptive,7,420.0,7.0,1,normal,normal,4 5 32 67,0,1.0,1.0,0.0,34.78037077224997,18.116666666666667,72,1,71,5.190400002822974,5.190400002822974,44.235997422894215,60.0,480.0,0.0,0.0,0.0,1287.5704655001173,0.0,0.0,44.235997422894215,480.0,85.29960763845678,2350.428994697508,,,,False,False,not_attempted,0,0,0,0,51,0,0.0,171.7315048732715,402.0,False,,,False,7,1
proposed,adaptive,8,480.0,8.0,1,normal,normal,4 5 32 67,0,1.0,1.0,0.0,34.78037077224997,18.133333333333333,71,2,69,2.495136967710586,1.247568483855293,46.7311343906048,60.0,540.0,0.0,0.0,0.0,1287.5704655001173,0.0,0.0,46.7311343906048,540.0,79.97940923294234,2176.3863390623183,,,,False,False,not_attempted,0,0,0,0,19,0,0.0,171.63817153993816,422.0,False,,,False,7,0
proposed,adaptive,9,540.0,9.0,1,normal,normal,4 5 32 67,0,1.0,1.0,0.0,34.78037077224997,18.15,69,4,65,2.2682353970901716,0.5670588492725429,48.999369787694974,60.0,600.0,0.0,0.0,0.0,1287.5704655001173,0.0,0.0,48.999369787694974,600.0,77.62879857543831,2176.3863390623183,,,,False,False,not_attempted,0,0,0,0,19,0,0.0,171.54640459197284,574.0,False,,,False,7,0
proposed,adaptive,10,600.0,10.0,2,degrading,degrading,4 5 32 67,0,1.0,1.0,0.0,34.78037077224997,18.166666666666668,65,1,64,2.264359248722955,2.264359248722955,51.26372903641793,60.0,660.0,5.6999968364834785e-05,73.10493280005176,73.10498980002012,1360.6754553001374,0.0,0.0,51.26372903641793,660.0,75.37762181306357,2157.509480549697,75.37762181306357,80.01441057614328,-4.636788763079707,True,False,incumbent_not_worse,4,25,0,0,29,0,0.0,171.29011539682318,574.0,False,True,22.0,True,7,0
proposed,adaptive,11,660.0,11.0,2,degrading,degrading,4 5 32 67,3297,1.06951871657754,0.935,0.0,34.560176101620044,18.183333333333334,64,2,62,3.192466396877591,1.5962331984387954,54.45619543329552,60.0,720.0,0.0,0.0,0.0,1360.6754553001374,0.0,0.0,54.45619543329552,720.0,77.17186412424141,2038.3692955696636,,,,False,False,not_attempted,0,0,0,0,39,9,0.23076923076923078,171.19678206348985,700.0,False,,,False,7,0
proposed,adaptive,12,720.0,12.0,2,degrading,degrading,4 5 32 67,3297,1.1494252873563218,0.87,0.0,34.310498050478834,18.2,62,3,59,3.9397871654281573,1.3132623884760524,58.39598259872368,60.0,780.0,0.0,0.0,0.0,1360.6754553001374,0.0,0.0,58.39598259872368,780.0,78.51234761796945,2065.736537634087,,,,False,False,not_attempted,0,0,0,0,40,14,0.35,169.9712503230566,791.0,False,,,False,7,0
proposed,adaptive,13,780.0,13.0,2,degrading,degrading,4 5 32 67,3297,1.2422360248447206,0.8049999999999999,0.0,34.02499013221328,18.216666666666665,59,1,58,3.5847974185277747,3.5847974185277747,61.980780017251455,60.0,840.0,0.0,0.0,0.0,1360.6754553001374,0.0,0.0,61.980780017251455,840.0,79.32574228436657,2069.776767555415,,,,False,False,not_attempted,0,0,0,0,43,7,0.16279069767441862,168.43646927129106,791.0,False,,,False,7,0
proposed,adaptive,14,840.0,14.0,2,degrading,degrading,4 5 32 67,3297,1.3513513513513513,0.74,0.0,33.6953435654809,18.233333333333334,58,2,56,3.5356416593547024,1.7678208296773512,65.51642167660616,60.0,900.0,0.0,0.0,0.0,1360.6754553001374,0.0,0.0,65.51642167660616,900.0,81.39112374892973,2054.383336743391,,,,False,False,not_attempted,0,0,0,0,33,9,0.2727272727272727,167.18780087299143,848.0,False,,,False,7,0
proposed,adaptive,15,900.0,15.0,3,degrading,degrading,4 5 32 67,3297,1.4814814814814814,0.675,0.0,33.31046532709174,18.25,56,2,54,1.9781863673617792,0.9890931836808896,67.49460804396793,60.0,960.0,9.434685799991712,58.326559300068766,67.76124510006048,1428.4367004001979,0.0,0.0,67.49460804396793,960.0,83.75985882238156,1944.4212153265146,83.75985882238156,93.02634860668421,-9.26648978430265,True,False,incumbent_not_worse,3,19,0,0,50,0,0.0,167.0944675396581,848.0,False,True,20.0,True,7,0
proposed,adaptive,16,960.0,16.0,3,degrading,degrading,4 5 32 67,3297,1.639344262295082,0.61,0.0,32.855205282099924,18.266666666666666,54,2,52,3.780717145271852,1.890358572635926,71.27532518923978,60.0,1020.0,0.0,0.0,0.0,1428.4367004001979,0.0,0.0,71.27532518923978,1020.0,88.86871887617721,1964.5933759859706,,,,False,False,not_attempted,0,0,0,0,25,5,0.2,164.4406281482663,907.0,False,,,False,7,0
proposed,adaptive,17,1020.0,17.0,3,degrading,degrading,4 5 32 67,3297,1.8348623853211008,0.545,0.0,32.30831473973112,18.283333333333335,52,3,49,5.891003456575749,1.963667818858583,77.16632864581553,60.0,1080.0,0.0,0.0,0.0,1428.4367004001979,0.0,0.0,77.16632864581553,1080.0,93.22663725278393,1992.6893875754672,,,,False,False,not_attempted,0,0,0,0,42,5,0.11904761904761904,161.64007886287484,907.0,False,,,False,7,0
proposed,adaptive,18,1080.0,18.0,3,degrading,degrading,4 5 32 67,3297,2.0833333333333335,0.48,0.0,31.639034432342793,18.3,49,1,48,2.7242122769518815,2.7242122769518815,79.8905409227674,60.0,1140.0,0.0,0.0,0.0,1428.4367004001979,0.0,0.0,79.8905409227674,1140.0,96.0157150975,1887.9579381460549,,,,False,False,not_attempted,0,0,0,0,20,1,0.05,161.5467455295415,907.0,False,,,False,7,0
proposed,adaptive,19,1140.0,19.0,3,degrading,degrading,4 5 32 67,3297,2.409638554216868,0.4149999999999999,0.0,30.801103123260912,18.316666666666666,48,3,45,2.55421733078302,0.8514057769276734,82.44475825355042,60.0,1200.0,0.0,0.0,0.0,1428.4367004001979,0.0,0.0,82.44475825355042,1200.0,101.01713187011025,2132.906574304428,,,,False,False,not_attempted,0,0,0,0,10,2,0.2,160.1195353001121,988.0,False,,,False,7,0
proposed,adaptive,20,1200.0,20.0,4,disrupted,holding,4 5 32 67,3297,2.857142857142857,0.35,0.0,29.721583997399517,18.333333333333332,45,4,41,5.6387925940791535,1.4096981485197884,88.08355084762957,60.0,1260.0,9.830838999943808,124.1186986999819,133.9495376999257,1562.3862381001236,0.0,0.0,88.08355084762957,1260.0,105.9656280401541,2206.6657510692567,108.64251177762675,105.9656280401541,2.67688373747265,True,True,lower_residual_energy,3,16,3,16,66,6,0.09090909090909091,158.77627693303253,1072.0,False,True,23.0,True,9,0
proposed,adaptive,21,1260.0,21.0,4,disrupted,disrupted,4 5 32 67,3297,2.857142857142857,0.35,0.0,29.721583997399517,18.35,41,1,40,2.3544539609080233,2.3544539609080233,90.43800480853758,60.0,1320.0,0.0,0.0,0.0,1562.3862381001236,0.0,0.0,90.43800480853758,1320.0,100.13864595914438,2065.361537580931,,,,False,False,not_attempted,0,0,0,0,23,1,0.043478260869565216,158.6829435996992,1171.0,False,,,False,9,0
proposed,adaptive,22,1320.0,22.0,4,disrupted,disrupted,4 5 32 67,3297,2.857142857142857,0.35,0.0,29.721583997399517,18.366666666666667,40,4,36,2.3628320468480712,0.5907080117120178,92.80083685538565,60.0,1380.0,0.0,0.0,0.0,1562.3862381001236,0.0,0.0,92.80083685538565,1380.0,97.6694450023532,2065.361537580931,,,,False,False,not_attempted,0,0,0,0,42,2,0.047619047619047616,158.22694153268148,1171.0,False,,,False,8,0
proposed,adaptive,23,1380.0,23.0,4,disrupted,disrupted,4 5 32 67,3297,2.857142857142857,0.35,0.0,29.721583997399517,18.383333333333333,36,2,34,2.7075152380981584,1.3537576190490792,95.50835209348381,60.0,1440.0,0.0,0.0,0.0,1562.3862381001236,0.0,0.0,95.50835209348381,1440.0,94.76641256112438,1964.2069118862591,,,,False,False,not_attempted,0,0,0,0,43,0,0.0,157.31158541187676,1171.0,False,,,False,8,0
proposed,adaptive,24,1440.0,24.0,4,disrupted,disrupted,4 5 32 67,3297,2.857142857142857,0.35,0.0,29.721583997399517,18.4,34,2,32,2.3607271264436838,1.1803635632218419,97.86907921992749,60.0,1500.0,0.0,0.0,0.0,1562.3862381001236,0.0,0.0,97.86907921992749,1500.0,92.86882163299262,1964.2069118862591,,,,False,False,not_attempted,0,0,0,0,20,2,0.1,156.51021838175478,1171.0,False,,,False,7,0
proposed,adaptive,25,1500.0,25.0,5,disrupted,disrupted,4 5 32 67,3297,2.857142857142857,0.35,0.0,29.721583997399517,18.416666666666668,32,3,29,1.8196670907989891,0.6065556969329964,99.68874631072647,60.0,1560.0,0.00011350004933774471,41.8235136999283,41.823627199977636,1604.2098653001012,0.0,0.0,99.68874631072647,1560.0,90.60192766647397,1812.3260493166567,90.60192766647397,95.60564100963745,-5.003713343163483,True,False,incumbent_not_worse,1,12,0,0,54,0,0.0,156.41688504842145,1171.0,False,True,28.0,True,7,0
proposed,adaptive,26,1560.0,26.0,5,disrupted,disrupted,4 5 32 67,3297,2.857142857142857,0.35,0.0,29.721583997399517,18.433333333333334,29,3,26,2.033239667459256,0.677746555819752,101.72198597818573,60.0,1620.0,0.0,0.0,0.0,1604.2098653001012,0.0,0.0,101.72198597818573,1620.0,89.0347903026113,1812.3260493166567,,,,False,False,not_attempted,0,0,0,0,36,2,0.05555555555555555,155.84595888353715,1373.0,False,,,False,7,0
proposed,adaptive,27,1620.0,27.0,5,disrupted,disrupted,4 5 32 67,3297,2.857142857142857,0.35,0.0,29.721583997399517,18.45,26,1,25,3.124599676429118,3.124599676429118,104.84658565461484,60.0,1680.0,0.0,0.0,0.0,1604.2098653001012,0.0,0.0,104.84658565461484,1680.0,86.47909603487328,1797.8601865274318,,,,False,False,not_attempted,0,0,0,0,53,2,0.03773584905660377,155.1701078049693,1373.0,False,,,False,7,0
proposed,adaptive,28,1680.0,28.0,5,disrupted,disrupted,4 5 32 67,3297,2.857142857142857,0.35,0.0,29.721583997399517,18.466666666666665,25,2,23,3.1186137971872334,1.5593068985936167,107.96519945180208,60.0,1740.0,0.0,0.0,0.0,1604.2098653001012,0.0,0.0,107.96519945180208,1740.0,83.38261487939945,1656.2618453573123,,,,False,False,not_attempted,0,0,0,0,61,1,0.01639344262295082,155.07677447163596,1419.0,False,,,False,7,0
proposed,adaptive,29,1740.0,29.0,5,disrupted,disrupted,4 5 32 67,3297,2.857142857142857,0.35,0.0,29.721583997399517,18.483333333333334,23,1,22,3.6474230052379024,3.6474230052379024,111.61262245703998,60.0,1800.0,0.0,0.0,0.0,1604.2098653001012,0.0,0.0,111.61262245703998,1800.0,80.35569406296317,1656.2618453573123,,,,False,False,not_attempted,0,0,0,0,20,0,0.0,151.97071611370103,1419.0,False,,,False,5,0
proposed,adaptive,30,1800.0,30.0,6,recovering,recovering,4 5 32 67,3297,2.857142857142857,0.35,0.0,29.721583997399517,18.5,22,5,17,1.367815387237033,0.2735630774474066,112.980437844277,60.0,1860.0,6.140000186860561e-05,16.44817410001997,16.448235500021838,1620.658100800123,0.0,0.0,112.980437844277,1860.0,77.05883440689202,1609.3881041716609,77.05883440689202,77.98035672698488,-0.921522320092862,True,False,incumbent_not_worse,0,3,0,0,22,0,0.0,151.69133172683962,1669.0,False,True,19.0,True,5,0
proposed,adaptive,31,1860.0,31.0,6,recovering,recovering,4 5 32 67,3297,2.6595744680851063,0.376,0.04,30.188704347402066,18.516666666666666,17,1,16,1.007974864599187,1.007974864599187,113.9884127088762,60.0,1920.0,0.0,0.0,0.0,1620.658100800123,0.0,0.0,113.9884127088762,1920.0,72.28961917410689,1445.7541626968812,,,,False,False,not_attempted,0,0,0,0,13,0,0.0,151.5979983935063,1669.0,False,,,False,5,0
proposed,adaptive,32,1920.0,32.0,6,recovering,recovering,4 5 32 67,3297,2.4875621890547266,0.40199999999999997,0.08,30.607523974755804,18.533333333333335,16,2,14,1.0529880394867872,0.5264940197433936,115.04140074836299,60.0,1980.0,0.0,0.0,0.0,1620.658100800123,0.0,0.0,115.04140074836299,1980.0,68.41285714306386,1418.0647394992636,,,,False,False,not_attempted,0,0,0,0,7,0,0.0,151.02350399902141,1669.0,False,,,False,3,0
proposed,adaptive,33,1980.0,33.0,6,recovering,recovering,4 5 32 67,3297,2.336448598130841,0.428,0.12,30.985166120541283,18.55,14,3,11,1.9276701051232232,0.642556701707741,116.96907085348622,60.0,2040.0,0.0,0.0,0.0,1620.658100800123,0.0,0.0,116.96907085348622,2040.0,65.03080062062615,1251.2402684401916,,,,False,False,not_attempted,0,0,0,0,15,4,0.26666666666666666,150.93017066568808,1820.0,False,,,False,3,0
proposed,adaptive,34,2040.0,34.0,6,recovering,recovering,4 5 32 67,3297,2.2026431718061676,0.45399999999999996,0.16,31.327418971026407,18.566666666666666,11,1,10,0.43182019866287435,0.43182019866287435,117.40089105214909,60.0,2100.0,0.0,0.0,0.0,1620.658100800123,0.0,0.0,117.40089105214909,2100.0,60.89192127709313,1218.756237342275,,,,False,False,not_attempted,0,0,0,0,1,0,0.0,150.68501713369187,1820.0,False,,,False,3,0
proposed,adaptive,35,2100.0,35.0,7,recovering,recovering,4 5 32 67,3297,2.0833333333333335,0.48,0.2,31.639034432342793,18.583333333333332,10,2,8,2.287564068427587,1.1437820342137934,119.68845512057668,60.0,2160.0,10.537066700053401,10.907839100109413,21.444905800162815,1642.1030066002859,0.0,0.0,119.68845512057668,2160.0,58.71434338027725,1024.6067828670764,58.717696615696035,58.71434338027725,0.0033532354187855162,True,True,lower_residual_energy,1,1,1,1,28,2,0.07142857142857142,150.13074649016528,1820.0,False,True,28.0,True,4,0
proposed,adaptive,36,2160.0,36.0,7,recovering,recovering,4 5 32 67,3297,1.976284584980237,0.506,0.24,31.923950106466968,18.6,8,0,8,0.7083371195355441,0.7083371195355441,120.39679224011222,60.0,2220.0,0.0,0.0,0.0,1642.1030066002859,0.0,0.0,120.39679224011222,2220.0,53.93453222388858,874.5828553779472,,,,False,False,not_attempted,0,0,0,0,1,1,1.0,150.03741315683195,1820.0,False,,,False,3,0
proposed,adaptive,37,2220.0,37.0,7,recovering,recovering,4 5 32 67,3297,1.8796992481203008,0.532,0.28,32.18545655326324,18.616666666666667,8,2,6,2.1655998168978723,1.0827999084489361,122.56239205701009,60.0,2280.0,0.0,0.0,0.0,1642.1030066002859,0.0,0.0,122.56239205701009,2280.0,51.44966003331555,858.5633249179207,,,,False,False,not_attempted,0,0,0,0,6,1,0.16666666666666666,148.1196689721491,1960.0,False,,,False,1,0
proposed,adaptive,38,2280.0,38.0,7,recovering,recovering,4 5 32 67,3297,1.7921146953405016,0.558,0.32,32.42632495164275,18.633333333333333,6,2,4,2.0576199986936765,1.0288099993468383,124.62001205570377,60.0,2340.0,0.0,0.0,0.0,1642.1030066002859,0.0,0.0,124.62001205570377,2340.0,47.335990563430606,777.8652655466075,,,,False,False,not_attempted,0,0,0,0,3,3,1.0,146.14750386206583,1966.0,False,,,False,1,0
proposed,adaptive,39,2340.0,39.0,7,recovering,recovering,4 5 32 67,3297,1.7123287671232879,0.584,0.36,32.64890568312535,18.65,4,0,4,2.419414473245212,2.419414473245212,127.03942652894898,60.0,2400.0,0.0,0.0,0.0,1642.1030066002859,0.0,0.0,127.03942652894898,2400.0,42.71899502340694,716.2443110621274,,,,False,False,not_attempted,0,0,0,0,3,3,1.0,143.7280893888206,1966.0,False,,,False,1,0
proposed,adaptive,40,2400.0,40.0,8,recovering,recovering,4 5 32 67,3297,1.639344262295082,0.61,0.4,32.855205282099924,18.666666666666668,4,0,4,0.09333333333333332,0.09333333333333332,127.13275986228231,60.0,2460.0,10.569135099998675,0.0740294000133872,10.643164500012062,1652.746171100298,0.0,0.0,127.13275986228231,2460.0,39.765906849881446,580.549481884784,39.765906849881446,39.765906849881446,0.0,True,False,incumbent_not_worse,0,0,0,0,0,0,0.0,143.63475605548726,1966.0,False,True,23.0,True,1,0
proposed,adaptive,41,2460.0,41.0,8,recovering,recovering,4 5 32 67,3297,1.572327044025157,0.636,0.44,33.04694709581491,18.683333333333334,4,1,3,1.9632638512436364,1.9632638512436364,129.09602371352594,60.0,2520.0,0.0,0.0,0.0,1652.746171100298,0.0,0.0,129.09602371352594,2520.0,38.36722129701845,573.1183886399309,,,,False,False,not_attempted,0,0,0,0,6,6,1.0,141.67149220424366,1966.0,False,,,False,1,0
proposed,adaptive,42,2520.0,42.0,8,recovering,recovering,4 5 32 67,3297,1.5105740181268883,0.6619999999999999,0.48,33.22561954037959,18.7,3,0,3,0.7709425850147724,0.7709425850147724,129.86696629854072,60.0,2580.0,0.0,0.0,0.0,1652.746171100298,0.0,0.0,129.86696629854072,2580.0,34.993561737993545,516.0050026278296,,,,False,False,not_attempted,0,0,0,0,1,1,1.0,140.90054961922888,1966.0,False,,,False,1,0
proposed,adaptive,43,2580.0,43.0,8,recovering,recovering,4 5 32 67,3297,1.4534883720930234,0.688,0.52,33.3925148144014,18.716666666666665,3,0,3,0.09333333333333332,0.09333333333333332,129.96029963187405,60.0,2640.0,0.0,0.0,0.0,1652.746171100298,0.0,0.0,129.96029963187405,2640.0,33.301193165118,384.84384000702454,,,,False,False,not_attempted,0,0,0,0,0,0,0.0,140.80721628589555,1966.0,False,,,False,1,0
proposed,adaptive,44,2640.0,44.0,8,recovering,recovering,4 5 32 67,3297,1.400560224089636,0.714,0.56,33.548760201463345,18.733333333333334,3,1,2,1.452956946168512,1.452956946168512,131.41325657804256,60.0,2700.0,0.0,0.0,0.0,1652.746171100298,0.0,0.0,131.41325657804256,2700.0,32.06681335553383,380.9813349441327,,,,False,False,not_attempted,0,0,0,0,4,4,1.0,139.35425933972707,1966.0,False,,,False,1,0
proposed,adaptive,45,2700.0,45.0,9,recovering,recovering,4 5 32 67,3297,1.3513513513513513,0.74,0.6,33.6953435654809,18.75,2,0,2,0.22024079380320374,0.22024079380320374,131.63349737184578,60.0,2760.0,10.435433999984525,0.0591372000053525,10.494571199989878,1663.2407423002878,0.0,0.0,131.63349737184578,2760.0,29.30812088137698,334.4163453640581,29.30812088137698,29.30812088137698,0.0,True,False,incumbent_not_worse,0,0,0,0,0,0,0.0,139.13401854592388,1966.0,False,True,19.0,True,1,0
proposed,adaptive,46,2760.0,46.0,9,recovering,recovering,4 5 32 67,3297,1.3054830287206267,0.766,0.64,33.83313425811076,18.766666666666666,2,0,2,0.09333333333333332,0.09333333333333332,131.7268307051791,60.0,2820.0,0.0,0.0,0.0,1663.2407423002878,0.0,0.0,131.7268307051791,2820.0,27.93839634324798,305.16862247071316,,,,False,False,not_attempted,0,0,0,0,0,0,0.0,139.04068521259055,1966.0,False,,,False,1,0
proposed,adaptive,47,2820.0,47.0,9,recovering,recovering,4 5 32 67,3297,1.2626262626262625,0.792,0.68,33.96290037337764,18.783333333333335,2,1,1,1.9784910016671478,1.9784910016671478,133.70532170684626,60.0,2880.0,0.0,0.0,0.0,1663.2407423002878,0.0,0.0,133.70532170684626,2880.0,26.836928411412934,302.3808617468392,,,,False,False,not_attempted,0,0,0,0,4,1,0.25,137.06219421092342,1966.0,False,,,False,1,0
proposed,adaptive,48,2880.0,48.0,9,recovering,recovering,4 5 32 67,3297,1.2224938875305624,0.818,0.72,34.08532307300244,18.8,1,0,1,0.09333333333333332,0.09333333333333332,133.7986550401796,60.0,2940.0,0.0,0.0,0.0,1663.2407423002878,0.0,0.0,133.7986550401796,2940.0,23.713015137799008,299.7703180860967,,,,False,False,not_attempted,0,0,0,0,0,0,0.0,136.9688608775901,1966.0,False,,,False,0,0
proposed,adaptive,49,2940.0,49.0,9,recovering,recovering,4 5 32 67,3297,1.1848341232227486,0.8440000000000001,0.76,34.201008546655146,18.816666666666666,1,1,0,20.745082980688355,20.745082980688355,154.54373802086798,316.97276643638696,3256.9727664363872,0.0,0.0,0.0,1663.2407423002878,0.0,0.0,154.54373802086798,3256.9727664363872,22.772565169846402,297.3206136082436,,,,False,False,not_attempted,0,0,0,0,300,91,0.30333333333333334,133.79001509042212,1966.0,True,,,False,0,0
proposed,static_live,0,0.0,0.0,0,normal,initial,4 5 32 67,0,1.0,1.0,0.0,34.78037077224997,18.0,84,0,84,18.947812200580838,18.947812200580838,18.947812200580838,60.0,60.0,10.709383900044486,1128.8861950000282,1139.5955789000727,1139.5955789000727,0.0,0.0,18.947812200580838,60.0,124.98723160038621,2771.5048752969888,,,,False,False,initial_plan,0,0,0,0,123,0,0.0,177.2717760608753,0.0,False,,,True,10,10
proposed,static_live,1,60.0,1.0,0,normal,normal,4 5 32 67,0,1.0,1.0,0.0,34.78037077224997,18.016666666666666,84,0,84,3.6431287464134887,3.6431287464134887,22.590940946994326,60.0,120.0,0.0,0.0,0.0,1139.5955789000727,0.0,0.0,22.590940946994326,120.0,105.50890338066785,2707.1370397431347,,,,False,False,not_attempted,0,0,0,0,83,0,0.0,176.43141531177028,0.0,False,,,False,9,10
proposed,static_live,2,120.0,2.0,0,normal,normal,4 5 32 67,0,1.0,1.0,0.0,34.78037077224997,18.033333333333335,84,3,81,2.150613593169741,0.716871197723247,24.741554540164067,60.0,180.0,0.0,0.0,0.0,1139.5955789000727,0.0,0.0,24.741554540164067,180.0,101.10086336244001,2575.1489099165824,,,,False,False,not_attempted,0,0,0,0,49,0,0.0,176.33808197843695,215.0,False,,,False,8,7
proposed,static_live,3,180.0,3.0,0,normal,normal,4 5 32 67,0,1.0,1.0,0.0,34.78037077224997,18.05,81,3,78,3.271356097706687,1.0904520325688958,28.012910637870753,60.0,240.0,0.0,0.0,0.0,1139.5955789000727,0.0,0.0,28.012910637870753,240.0,99.24169389457438,2575.1489099165824,,,,False,False,not_attempted,0,0,0,0,57,0,0.0,176.08417388140913,215.0,False,,,False,8,4
proposed,static_live,4,240.0,4.0,0,normal,normal,4 5 32 67,0,1.0,1.0,0.0,34.78037077224997,18.066666666666666,78,1,77,3.7024315460081656,3.7024315460081656,31.715342183878917,60.0,300.0,0.0,0.0,0.0,1139.5955789000727,0.0,0.0,31.715342183878917,300.0,96.4371557706104,2523.292639918653,,,,False,False,not_attempted,0,0,0,0,61,0,0.0,174.23595111138894,249.0,False,,,False,7,3
proposed,static_live,5,300.0,5.0,1,normal,normal,4 5 32 67,0,1.0,1.0,0.0,34.78037077224997,18.083333333333332,77,2,75,2.7189758189326834,1.3594879094663417,34.4343180028116,60.0,360.0,0.0,0.0,0.0,1139.5955789000727,0.0,0.0,34.4343180028116,360.0,92.79090225860935,2353.701123446594,,,,False,False,not_attempted,0,0,0,0,41,0,0.0,174.1426177780556,402.0,False,,,False,7,3
proposed,static_live,6,360.0,6.0,1,normal,normal,4 5 32 67,0,1.0,1.0,0.0,34.78037077224997,18.1,75,3,72,4.611279417259635,1.5370931390865452,39.04559742007124,60.0,420.0,0.0,0.0,0.0,1139.5955789000727,0.0,0.0,39.04559742007124,420.0,90.05551392370413,2353.701123446594,,,,False,False,not_attempted,0,0,0,0,41,0,0.0,173.80269504982573,402.0,False,,,False,7,2
proposed,static_live,7,420.0,7.0,1,normal,normal,4 5 32 67,0,1.0,1.0,0.0,34.78037077224997,18.116666666666667,72,1,71,5.190400002822974,5.190400002822974,44.235997422894215,60.0,480.0,0.0,0.0,0.0,1139.5955789000727,0.0,0.0,44.235997422894215,480.0,85.29960763845678,2350.428994697508,,,,False,False,not_attempted,0,0,0,0,51,0,0.0,171.7315048732715,402.0,False,,,False,7,1
proposed,static_live,8,480.0,8.0,1,normal,normal,4 5 32 67,0,1.0,1.0,0.0,34.78037077224997,18.133333333333333,71,2,69,2.495136967710586,1.247568483855293,46.7311343906048,60.0,540.0,0.0,0.0,0.0,1139.5955789000727,0.0,0.0,46.7311343906048,540.0,79.97940923294234,2176.3863390623183,,,,False,False,not_attempted,0,0,0,0,19,0,0.0,171.63817153993816,422.0,False,,,False,7,0
proposed,static_live,9,540.0,9.0,1,normal,normal,4 5 32 67,0,1.0,1.0,0.0,34.78037077224997,18.15,69,4,65,2.2682353970901716,0.5670588492725429,48.999369787694974,60.0,600.0,0.0,0.0,0.0,1139.5955789000727,0.0,0.0,48.999369787694974,600.0,77.62879857543831,2176.3863390623183,,,,False,False,not_attempted,0,0,0,0,19,0,0.0,171.54640459197284,574.0,False,,,False,7,0
proposed,static_live,10,600.0,10.0,2,degrading,degrading,4 5 32 67,0,1.0,1.0,0.0,34.78037077224997,18.166666666666668,65,1,64,2.264359248722955,2.264359248722955,51.26372903641793,60.0,660.0,0.0,0.0,0.0,1139.5955789000727,0.0,0.0,51.26372903641793,660.0,75.37762181306358,2157.509480549697,,,,False,False,not_attempted,0,0,0,0,29,0,0.0,171.29011539682318,574.0,False,,,False,7,0
proposed,static_live,11,660.0,11.0,2,degrading,degrading,4 5 32 67,3297,1.06951871657754,0.935,0.0,34.560176101620044,18.183333333333334,64,2,62,3.192466396877591,1.5962331984387954,54.45619543329552,60.0,720.0,0.0,0.0,0.0,1139.5955789000727,0.0,0.0,54.45619543329552,720.0,77.17186412424141,2038.3692955696636,,,,False,False,not_attempted,0,0,0,0,39,9,0.23076923076923078,171.19678206348985,700.0,False,,,False,7,0
proposed,static_live,12,720.0,12.0,2,degrading,degrading,4 5 32 67,3297,1.1494252873563218,0.87,0.0,34.310498050478834,18.2,62,3,59,3.9397871654281573,1.3132623884760524,58.39598259872368,60.0,780.0,0.0,0.0,0.0,1139.5955789000727,0.0,0.0,58.39598259872368,780.0,78.51234761796945,2065.736537634087,,,,False,False,not_attempted,0,0,0,0,40,14,0.35,169.9712503230566,791.0,False,,,False,7,0
proposed,static_live,13,780.0,13.0,2,degrading,degrading,4 5 32 67,3297,1.2422360248447206,0.8049999999999999,0.0,34.02499013221328,18.216666666666665,59,1,58,3.5847974185277747,3.5847974185277747,61.980780017251455,60.0,840.0,0.0,0.0,0.0,1139.5955789000727,0.0,0.0,61.980780017251455,840.0,79.32574228436657,2069.776767555415,,,,False,False,not_attempted,0,0,0,0,43,7,0.16279069767441862,168.43646927129106,791.0,False,,,False,7,0
proposed,static_live,14,840.0,14.0,2,degrading,degrading,4 5 32 67,3297,1.3513513513513513,0.74,0.0,33.6953435654809,18.233333333333334,58,2,56,3.5356416593547024,1.7678208296773512,65.51642167660616,60.0,900.0,0.0,0.0,0.0,1139.5955789000727,0.0,0.0,65.51642167660616,900.0,81.39112374892973,2054.383336743391,,,,False,False,not_attempted,0,0,0,0,33,9,0.2727272727272727,167.18780087299143,848.0,False,,,False,7,0
proposed,static_live,15,900.0,15.0,3,degrading,degrading,4 5 32 67,3297,1.4814814814814814,0.675,0.0,33.31046532709174,18.25,56,2,54,1.9781863673617792,0.9890931836808896,67.49460804396793,60.0,960.0,0.0,0.0,0.0,1139.5955789000727,0.0,0.0,67.49460804396793,960.0,83.75985882238156,1944.4212153265146,,,,False,False,not_attempted,0,0,0,0,50,0,0.0,167.0944675396581,848.0,False,,,False,7,0
proposed,static_live,16,960.0,16.0,3,degrading,degrading,4 5 32 67,3297,1.639344262295082,0.61,0.0,32.855205282099924,18.266666666666666,54,2,52,3.780717145271852,1.890358572635926,71.27532518923978,60.0,1020.0,0.0,0.0,0.0,1139.5955789000727,0.0,0.0,71.27532518923978,1020.0,88.86871887617721,1964.5933759859706,,,,False,False,not_attempted,0,0,0,0,25,5,0.2,164.4406281482663,907.0,False,,,False,7,0
proposed,static_live,17,1020.0,17.0,3,degrading,degrading,4 5 32 67,3297,1.8348623853211008,0.545,0.0,32.30831473973112,18.283333333333335,52,3,49,5.891003456575749,1.963667818858583,77.16632864581553,60.0,1080.0,0.0,0.0,0.0,1139.5955789000727,0.0,0.0,77.16632864581553,1080.0,93.22663725278393,1992.6893875754672,,,,False,False,not_attempted,0,0,0,0,42,5,0.11904761904761904,161.64007886287484,907.0,False,,,False,7,0
proposed,static_live,18,1080.0,18.0,3,degrading,degrading,4 5 32 67,3297,2.0833333333333335,0.48,0.0,31.639034432342793,18.3,49,1,48,2.7242122769518815,2.7242122769518815,79.8905409227674,60.0,1140.0,0.0,0.0,0.0,1139.5955789000727,0.0,0.0,79.8905409227674,1140.0,96.0157150975,1887.9579381460549,,,,False,False,not_attempted,0,0,0,0,20,1,0.05,161.5467455295415,907.0,False,,,False,7,0
proposed,static_live,19,1140.0,19.0,3,degrading,degrading,4 5 32 67,3297,2.409638554216868,0.4149999999999999,0.0,30.801103123260912,18.316666666666666,48,3,45,2.55421733078302,0.8514057769276734,82.44475825355042,60.0,1200.0,0.0,0.0,0.0,1139.5955789000727,0.0,0.0,82.44475825355042,1200.0,101.01713187011025,2132.906574304428,,,,False,False,not_attempted,0,0,0,0,10,2,0.2,160.1195353001121,988.0,False,,,False,7,0
proposed,static_live,20,1200.0,20.0,4,disrupted,holding,4 5 32 67,3297,2.857142857142857,0.35,0.0,29.721583997399517,18.333333333333332,45,4,41,2.49944388709693,0.6248609717742325,84.94420214064735,60.0,1260.0,0.0,0.0,0.0,1139.5955789000727,0.0,0.0,84.94420214064735,1260.0,108.64251177762675,2206.6657510692567,,,,False,False,not_attempted,0,0,0,0,48,2,0.041666666666666664,158.77627693303253,1072.0,False,,,False,7,0
proposed,static_live,21,1260.0,21.0,4,disrupted,disrupted,4 5 32 67,3297,2.857142857142857,0.35,0.0,29.721583997399517,18.35,41,1,40,2.0127489727877363,2.0127489727877363,86.95695111343508,60.0,1320.0,0.0,0.0,0.0,1139.5955789000727,0.0,0.0,86.95695111343508,1320.0,106.39507299100724,2065.361537580931,,,,False,False,not_attempted,0,0,0,0,42,0,0.0,158.6829435996992,1171.0,False,,,False,7,0
proposed,static_live,22,1320.0,22.0,4,disrupted,disrupted,4 5 32 67,3297,2.857142857142857,0.35,0.0,29.721583997399517,18.366666666666667,40,2,38,1.4756895533699586,0.7378447766849793,88.43264066680504,60.0,1380.0,0.0,0.0,0.0,1139.5955789000727,0.0,0.0,88.43264066680504,1380.0,104.13802710568719,2065.361537580931,,,,False,False,not_attempted,0,0,0,0,48,1,0.020833333333333332,158.22694153268148,1171.0,False,,,False,7,0
proposed,static_live,23,1380.0,23.0,4,disrupted,disrupted,4 5 32 67,3297,2.857142857142857,0.35,0.0,29.721583997399517,18.383333333333333,38,2,36,3.501109181268804,1.750554590634402,91.93374984807384,60.0,1440.0,0.0,0.0,0.0,1139.5955789000727,0.0,0.0,91.93374984807384,1440.0,101.95484236357089,1964.2069118862591,,,,False,False,not_attempted,0,0,0,0,26,4,0.15384615384615385,157.31158541187676,1171.0,False,,,False,7,0
proposed,static_live,24,1440.0,24.0,4,disrupted,disrupted,4 5 32 67,3297,2.857142857142857,0.35,0.0,29.721583997399517,18.4,36,1,35,2.1040117882149376,2.1040117882149376,94.03776163628878,60.0,1500.0,0.0,0.0,0.0,1139.5955789000727,0.0,0.0,94.03776163628878,1500.0,99.17582635093397,1964.2069118862591,,,,False,False,not_attempted,0,0,0,0,21,1,0.047619047619047616,156.51021838175478,1171.0,False,,,False,7,0
proposed,static_live,25,1500.0,25.0,5,disrupted,disrupted,4 5 32 67,3297,2.857142857142857,0.35,0.0,29.721583997399517,18.416666666666668,35,3,32,3.217993540153941,1.072664513384647,97.25575517644272,60.0,1560.0,0.0,0.0,0.0,1139.5955789000727,0.0,0.0,97.25575517644272,1560.0,97.29476398417222,1812.3260493166567,,,,False,False,not_attempted,0,0,0,0,55,3,0.05454545454545454,156.41688504842145,1171.0,False,,,False,7,0
proposed,static_live,26,1560.0,26.0,5,disrupted,disrupted,4 5 32 67,3297,2.857142857142857,0.35,0.0,29.721583997399517,18.433333333333334,32,2,30,1.7290751351784628,0.8645375675892314,98.98483031162118,60.0,1620.0,0.0,0.0,0.0,1139.5955789000727,0.0,0.0,98.98483031162118,1620.0,94.0497954462203,1812.3260493166567,,,,False,False,not_attempted,0,0,0,0,43,1,0.023255813953488372,155.84595888353715,1373.0,False,,,False,6,0
proposed,static_live,27,1620.0,27.0,5,disrupted,disrupted,4 5 32 67,3297,2.857142857142857,0.35,0.0,29.721583997399517,18.45,30,2,28,2.6590281908350835,1.3295140954175417,101.64385850245627,60.0,1680.0,0.0,0.0,0.0,1139.5955789000727,0.0,0.0,101.64385850245627,1680.0,92.37404294458382,1797.8601865274318,,,,False,False,not_attempted,0,0,0,0,28,1,0.03571428571428571,155.1701078049693,1373.0,False,,,False,6,0
proposed,static_live,28,1680.0,28.0,5,disrupted,disrupted,4 5 32 67,3297,2.857142857142857,0.35,0.0,29.721583997399517,18.466666666666665,28,2,26,0.9595473579184817,0.47977367895924083,102.60340586037475,60.0,1740.0,0.0,0.0,0.0,1139.5955789000727,0.0,0.0,102.60340586037475,1740.0,89.64954119772466,1656.2618453573123,,,,False,False,not_attempted,0,0,0,0,19,0,0.0,155.07677447163596,1419.0,False,,,False,6,0
proposed,static_live,29,1740.0,29.0,5,disrupted,disrupted,4 5 32 67,3297,2.857142857142857,0.35,0.0,29.721583997399517,18.483333333333334,26,3,23,4.296375662222577,1.4321252207408588,106.89978152259732,60.0,1800.0,0.0,0.0,0.0,1139.5955789000727,0.0,0.0,106.89978152259732,1800.0,88.61042110021576,1656.2618453573123,,,,False,False,not_attempted,0,0,0,0,28,1,0.03571428571428571,151.97071611370103,1419.0,False,,,False,6,0
proposed,static_live,30,1800.0,30.0,6,recovering,recovering,4 5 32 67,3297,2.857142857142857,0.35,0.0,29.721583997399517,18.5,23,3,20,4.986099786492265,1.6620332621640885,111.88588130908958,60.0,1860.0,0.0,0.0,0.0,1139.5955789000727,0.0,0.0,111.88588130908958,1860.0,84.4316563075141,1609.3881041716609,,,,False,False,not_attempted,0,0,0,0,36,6,0.16666666666666666,151.69133172683962,1669.0,False,,,False,6,0
proposed,static_live,31,1860.0,31.0,6,recovering,recovering,4 5 32 67,3297,2.6595744680851063,0.376,0.04,30.188704347402066,18.516666666666666,20,0,20,1.6326718858902436,1.6326718858902436,113.51855319497983,60.0,1920.0,0.0,0.0,0.0,1139.5955789000727,0.0,0.0,113.51855319497983,1920.0,75.4310059936208,1445.7541626968812,,,,False,False,not_attempted,0,0,0,0,13,1,0.07692307692307693,151.5979983935063,1669.0,False,,,False,6,0
proposed,static_live,32,1920.0,32.0,6,recovering,recovering,4 5 32 67,3297,2.4875621890547266,0.40199999999999997,0.08,30.607523974755804,18.533333333333335,20,3,17,1.438845185086318,0.4796150616954393,114.95739838006615,60.0,1980.0,0.0,0.0,0.0,1139.5955789000727,0.0,0.0,114.95739838006615,1980.0,71.11546945433038,1418.0647394992636,,,,False,False,not_attempted,0,0,0,0,10,0,0.0,151.02350399902141,1762.0,False,,,False,6,0
proposed,static_live,33,1980.0,33.0,6,recovering,recovering,4 5 32 67,3297,2.336448598130841,0.428,0.12,30.985166120541283,18.55,17,2,15,2.0536777122291627,1.0268388561145814,117.01107609229531,60.0,2040.0,0.0,0.0,0.0,1139.5955789000727,0.0,0.0,117.01107609229531,2040.0,67.01766539641258,1251.2402684401916,,,,False,False,not_attempted,0,0,0,0,33,0,0.0,150.93017066568808,1820.0,False,,,False,6,0
proposed,static_live,34,2040.0,34.0,6,recovering,recovering,4 5 32 67,3297,2.2026431718061676,0.45399999999999996,0.16,31.327418971026407,18.566666666666666,15,3,12,1.8237232015483602,0.6079077338494534,118.83479929384367,60.0,2100.0,0.0,0.0,0.0,1139.5955789000727,0.0,0.0,118.83479929384367,2100.0,62.8237542742017,1218.756237342275,,,,False,False,not_attempted,0,0,0,0,30,1,0.03333333333333333,150.68501713369187,1820.0,False,,,False,5,0
proposed,static_live,35,2100.0,35.0,7,recovering,recovering,4 5 32 67,3297,2.0833333333333335,0.48,0.2,31.639034432342793,18.583333333333332,12,1,11,1.0643491279580286,1.0643491279580286,119.8991484218017,60.0,2160.0,0.0,0.0,0.0,1139.5955789000727,0.0,0.0,119.8991484218017,2160.0,58.71254159133456,1024.6067828670764,,,,False,False,not_attempted,0,0,0,0,12,0,0.0,150.13074649016528,1929.0,False,,,False,5,0
proposed,static_live,36,2160.0,36.0,7,recovering,recovering,4 5 32 67,3297,1.976284584980237,0.506,0.24,31.923950106466968,18.6,11,2,9,0.8475370223996821,0.42376851119984105,120.74668544420138,60.0,2220.0,0.0,0.0,0.0,1139.5955789000727,0.0,0.0,120.74668544420138,2220.0,55.169861705511366,874.5828553779472,,,,False,False,not_attempted,0,0,0,0,7,1,0.14285714285714285,150.03741315683195,1929.0,False,,,False,4,0
proposed,static_live,37,2220.0,37.0,7,recovering,recovering,4 5 32 67,3297,1.8796992481203008,0.532,0.28,32.18545655326324,18.616666666666667,9,2,7,3.2954749252730338,1.6477374626365169,124.0421603694744,60.0,2280.0,0.0,0.0,0.0,1139.5955789000727,0.0,0.0,124.0421603694744,2280.0,51.11962635014021,858.5633249179207,,,,False,False,not_attempted,0,0,0,0,16,3,0.1875,148.1196689721491,1966.0,False,,,False,3,0
proposed,static_live,38,2280.0,38.0,7,recovering,recovering,4 5 32 67,3297,1.7921146953405016,0.558,0.32,32.42632495164275,18.633333333333333,7,1,6,2.1900058170501002,2.1900058170501002,126.23216618652451,60.0,2340.0,0.0,0.0,0.0,1139.5955789000727,0.0,0.0,126.23216618652451,2340.0,44.840145618459886,777.8652655466075,,,,False,False,not_attempted,0,0,0,0,3,3,1.0,146.14750386206583,1966.0,False,,,False,1,0
proposed,static_live,39,2340.0,39.0,7,recovering,recovering,4 5 32 67,3297,1.7123287671232879,0.584,0.36,32.64890568312535,18.65,6,2,4,2.557896019571404,1.278948009785702,128.7900622060959,60.0,2400.0,0.0,0.0,0.0,1139.5955789000727,0.0,0.0,128.7900622060959,2400.0,39.64673683732252,716.2443110621274,,,,False,False,not_attempted,0,0,0,0,3,3,1.0,143.7280893888206,1976.0,False,,,False,1,0
proposed,static_live,40,2400.0,40.0,8,recovering,recovering,4 5 32 67,3297,1.639344262295082,0.61,0.4,32.855205282099924,18.666666666666668,4,0,4,0.09333333333333332,0.09333333333333332,128.88339553942924,60.0,2460.0,0.0,0.0,0.0,1139.5955789000727,0.0,0.0,128.88339553942924,2460.0,36.16736590530334,580.549481884784,,,,False,False,not_attempted,0,0,0,0,0,0,0.0,143.63475605548726,1976.0,False,,,False,1,0
proposed,static_live,41,2460.0,41.0,8,recovering,recovering,4 5 32 67,3297,1.572327044025157,0.636,0.44,33.04694709581491,18.683333333333334,4,1,3,1.9632638512436364,1.9632638512436364,130.84665939067287,60.0,2520.0,0.0,0.0,0.0,1139.5955789000727,0.0,0.0,130.84665939067287,2520.0,34.28642242644193,573.1183886399309,,,,False,False,not_attempted,0,0,0,0,6,6,1.0,141.67149220424366,1976.0,False,,,False,1,0
proposed,static_live,42,2520.0,42.0,8,recovering,recovering,4 5 32 67,3297,1.5105740181268883,0.6619999999999999,0.48,33.22561954037959,18.7,3,0,3,0.7709425850147724,0.7709425850147724,131.61760197568765,60.0,2580.0,0.0,0.0,0.0,1139.5955789000727,0.0,0.0,131.61760197568765,2580.0,30.469383319579087,516.0050026278296,,,,False,False,not_attempted,0,0,0,0,1,1,1.0,140.90054961922888,1976.0,False,,,False,1,0
proposed,static_live,43,2580.0,43.0,8,recovering,recovering,4 5 32 67,3297,1.4534883720930234,0.688,0.52,33.3925148144014,18.716666666666665,3,0,3,0.09333333333333332,0.09333333333333332,131.71093530902098,60.0,2640.0,0.0,0.0,0.0,1139.5955789000727,0.0,0.0,131.71093530902098,2640.0,28.384471242247404,384.84384000702454,,,,False,False,not_attempted,0,0,0,0,0,0,0.0,140.80721628589555,1976.0,False,,,False,1,0
proposed,static_live,44,2640.0,44.0,8,recovering,recovering,4 5 32 67,3297,1.400560224089636,0.714,0.56,33.548760201463345,18.733333333333334,3,1,2,1.452956946168512,1.452956946168512,133.1638922551895,60.0,2700.0,0.0,0.0,0.0,1139.5955789000727,0.0,0.0,133.1638922551895,2700.0,27.028721154724415,380.9813349441327,,,,False,False,not_attempted,0,0,0,0,4,4,1.0,139.35425933972707,1976.0,False,,,False,1,0
proposed,static_live,45,2700.0,45.0,9,recovering,recovering,4 5 32 67,3297,1.3513513513513513,0.74,0.6,33.6953435654809,18.75,2,0,2,0.22024079380320374,0.22024079380320374,133.3841330489927,60.0,2760.0,0.0,0.0,0.0,1139.5955789000727,0.0,0.0,133.3841330489927,2760.0,24.28746061364805,334.4163453640581,,,,False,False,not_attempted,0,0,0,0,0,0,0.0,139.13401854592388,1976.0,False,,,False,1,0
proposed,static_live,46,2760.0,46.0,9,recovering,recovering,4 5 32 67,3297,1.3054830287206267,0.766,0.64,33.83313425811076,18.766666666666666,2,0,2,0.09333333333333332,0.09333333333333332,133.47746638232604,60.0,2820.0,0.0,0.0,0.0,1139.5955789000727,0.0,0.0,133.47746638232604,2820.0,23.00532089755763,212.5276851105494,,,,False,False,not_attempted,0,0,0,0,0,0,0.0,139.04068521259055,1976.0,False,,,False,1,0
proposed,static_live,47,2820.0,47.0,9,recovering,recovering,4 5 32 67,3297,1.2626262626262625,0.792,0.68,33.96290037337764,18.783333333333335,2,1,1,1.9784910016671478,1.9784910016671478,135.4559573839932,60.0,2880.0,0.0,0.0,0.0,1139.5955789000727,0.0,0.0,135.4559573839932,2880.0,21.984724467062325,210.76302780297817,,,,False,False,not_attempted,0,0,0,0,4,1,0.25,137.06219421092342,1976.0,False,,,False,1,0
proposed,static_live,48,2880.0,48.0,9,recovering,recovering,4 5 32 67,3297,1.2224938875305624,0.818,0.72,34.08532307300244,18.8,1,0,1,0.09333333333333332,0.09333333333333332,135.54929071732653,60.0,2940.0,0.0,0.0,0.0,1139.5955789000727,0.0,0.0,135.54929071732653,2940.0,18.935577878345182,95.6084300575281,,,,False,False,not_attempted,0,0,0,0,0,0,0.0,136.9688608775901,1976.0,False,,,False,0,0
proposed,static_live,49,2940.0,49.0,9,recovering,recovering,4 5 32 67,3297,1.1848341232227486,0.8440000000000001,0.76,34.201008546655146,18.816666666666666,1,1,0,17.14573059847604,17.14573059847604,152.6950213158026,119.55017147276506,3059.550171472765,0.0,0.0,0.0,1139.5955789000727,0.0,0.0,152.6950213158026,3059.550171472765,18.063598981941745,93.15872557967488,,,,False,False,not_attempted,0,0,0,0,146,79,0.541095890410959,133.79001509042212,1976.0,True,,,False,0,0
proposed,static_frozen,0,0.0,0.0,0,normal,initial,4 5 32 67,0,1.0,1.0,0.0,34.78037077224997,18.0,84,0,84,18.947812200580838,18.947812200580838,18.947812200580838,60.0,60.0,10.709383900044486,1128.8861950000282,1139.5955789000727,1139.5955789000727,0.0,0.0,18.947812200580838,60.0,124.98723160038621,2771.5048752969888,,,,False,False,initial_plan,0,0,0,0,123,0,0.0,177.2717760608753,0.0,False,,,True,10,10
proposed,static_frozen,1,60.0,1.0,0,normal,normal,4 5 32 67,0,1.0,1.0,0.0,34.78037077224997,18.016666666666666,84,0,84,3.6431287464134887,3.6431287464134887,22.590940946994326,60.0,120.0,0.0,0.0,0.0,1139.5955789000727,0.0,0.0,22.590940946994326,120.0,105.50890338066785,2707.1370397431347,,,,False,False,not_attempted,0,0,0,0,83,0,0.0,176.43141531177028,0.0,False,,,False,9,10
proposed,static_frozen,2,120.0,2.0,0,normal,normal,4 5 32 67,0,1.0,1.0,0.0,34.78037077224997,18.033333333333335,84,3,81,2.150613593169741,0.716871197723247,24.741554540164067,60.0,180.0,0.0,0.0,0.0,1139.5955789000727,0.0,0.0,24.741554540164067,180.0,101.10086336244001,2575.1489099165824,,,,False,False,not_attempted,0,0,0,0,49,0,0.0,176.33808197843695,215.0,False,,,False,8,7
proposed,static_frozen,3,180.0,3.0,0,normal,normal,4 5 32 67,0,1.0,1.0,0.0,34.78037077224997,18.05,81,3,78,3.271356097706687,1.0904520325688958,28.012910637870753,60.0,240.0,0.0,0.0,0.0,1139.5955789000727,0.0,0.0,28.012910637870753,240.0,99.24169389457438,2575.1489099165824,,,,False,False,not_attempted,0,0,0,0,57,0,0.0,176.08417388140913,215.0,False,,,False,8,4
proposed,static_frozen,4,240.0,4.0,0,normal,normal,4 5 32 67,0,1.0,1.0,0.0,34.78037077224997,18.066666666666666,78,1,77,3.7024319427213226,3.7024319427213226,31.715342580592075,60.0,300.0,0.0,0.0,0.0,1139.5955789000727,0.0,0.0,31.715342580592075,300.0,96.4371557706104,2523.292639918653,,,,False,False,not_attempted,0,0,0,0,61,0,0.0,174.23595111138894,249.0,False,,,False,7,3
proposed,static_frozen,5,300.0,5.0,1,normal,normal,4 5 32 67,0,1.0,1.0,0.0,34.78037077224997,18.083333333333332,77,2,75,2.7190972354339418,1.3595486177169709,34.434439816026014,60.0,360.0,0.0,0.0,0.0,1139.5955789000727,0.0,0.0,34.434439816026014,360.0,92.79090225860935,2353.701123446594,,,,False,False,not_attempted,0,0,0,0,41,0,0.0,174.1426177780556,402.0,False,,,False,7,3
proposed,static_frozen,6,360.0,6.0,1,normal,normal,4 5 32 67,0,1.0,1.0,0.0,34.78037077224997,18.1,75,3,72,4.611279417259635,1.5370931390865452,39.04571923328565,60.0,420.0,0.0,0.0,0.0,1139.5955789000727,0.0,0.0,39.04571923328565,420.0,90.05551392370413,2353.701123446594,,,,False,False,not_attempted,0,0,0,0,41,0,0.0,173.80269504982573,402.0,False,,,False,7,2
proposed,static_frozen,7,420.0,7.0,1,normal,normal,4 5 32 67,0,1.0,1.0,0.0,34.78037077224997,18.116666666666667,72,1,71,5.191142058140224,5.191142058140224,44.236861291425875,60.0,480.0,0.0,0.0,0.0,1139.5955789000727,0.0,0.0,44.236861291425875,480.0,85.29960763845678,2350.428994697508,,,,False,False,not_attempted,0,0,0,0,51,0,0.0,171.7315048732715,402.0,False,,,False,7,1
proposed,static_frozen,8,480.0,8.0,1,normal,normal,4 5 32 67,0,1.0,1.0,0.0,34.78037077224997,18.133333333333333,71,2,69,2.4943949123933358,1.2471974561966679,46.731256203819214,60.0,540.0,0.0,0.0,0.0,1139.5955789000727,0.0,0.0,46.731256203819214,540.0,79.97940923294234,2176.3863390623183,,,,False,False,not_attempted,0,0,0,0,19,0,0.0,171.63817153993816,422.0,False,,,False,7,0
proposed,static_frozen,9,540.0,9.0,1,normal,normal,4 5 32 67,0,1.0,1.0,0.0,34.78037077224997,18.15,69,4,65,2.2682353970901716,0.5670588492725429,48.99949160090939,60.0,600.0,0.0,0.0,0.0,1139.5955789000727,0.0,0.0,48.99949160090939,600.0,77.62879857543831,2176.3863390623183,,,,False,False,not_attempted,0,0,0,0,19,0,0.0,171.54640459197284,574.0,False,,,False,7,0
proposed,static_frozen,10,600.0,10.0,2,degrading,degrading,4 5 32 67,0,1.0,1.0,0.0,34.78037077224997,18.166666666666668,65,1,64,2.2646830485948937,2.2646830485948937,51.264174649504284,60.0,660.0,0.0,0.0,0.0,1139.5955789000727,0.0,0.0,51.264174649504284,660.0,75.37762181306358,2157.509480549697,,,,False,False,not_attempted,0,0,0,0,29,0,0.0,171.29011539682318,574.0,False,,,False,7,0
proposed,static_frozen,11,660.0,11.0,2,degrading,degrading,4 5 32 67,3297,1.06951871657754,0.935,0.0,34.560176101620044,18.183333333333334,64,2,62,3.1921425970056516,1.5960712985028258,54.45631724650993,60.0,720.0,0.0,0.0,0.0,1139.5955789000727,0.0,0.0,54.45631724650993,720.0,77.17186412424141,2038.3692955696636,,,,False,False,not_attempted,0,0,0,0,39,9,0.23076923076923078,171.19678206348985,700.0,False,,,False,7,0
proposed,static_frozen,12,720.0,12.0,2,degrading,degrading,4 5 32 67,3297,1.1494252873563218,0.87,0.0,34.310498050478834,18.2,62,3,59,3.9397871654281573,1.3132623884760524,58.39610441193809,60.0,780.0,0.0,0.0,0.0,1139.5955789000727,0.0,0.0,58.39610441193809,780.0,78.51234761796945,2065.736537634087,,,,False,False,not_attempted,0,0,0,0,40,14,0.35,169.9712503230566,791.0,False,,,False,7,0
proposed,static_frozen,13,780.0,13.0,2,degrading,degrading,4 5 32 67,3297,1.2422360248447206,0.8049999999999999,0.0,34.02499013221328,18.216666666666665,59,1,58,3.5847974185277747,3.5847974185277747,61.98090183046587,60.0,840.0,0.0,0.0,0.0,1139.5955789000727,0.0,0.0,61.98090183046587,840.0,79.32574228436657,2069.776767555415,,,,False,False,not_attempted,0,0,0,0,43,7,0.16279069767441862,168.43646927129106,791.0,False,,,False,7,0
proposed,static_frozen,14,840.0,14.0,2,degrading,degrading,4 5 32 67,3297,1.3513513513513513,0.74,0.0,33.6953435654809,18.233333333333334,58,2,56,4.295781659889408,2.147890829944704,66.27668349035528,60.0,900.0,0.0,0.0,0.0,1139.5955789000727,0.0,0.0,66.27668349035528,900.0,81.39112374892973,2054.383336743391,,,,False,False,not_attempted,0,0,0,0,41,30,0.7317073170731707,167.18780087299143,848.0,False,,,False,7,0
proposed,static_frozen,15,900.0,15.0,3,degrading,degrading,4 5 32 67,3297,1.4814814814814814,0.675,0.0,33.31046532709174,18.25,56,2,54,1.9724891996137985,0.9862445998068993,68.24917268996909,60.0,960.0,0.0,0.0,0.0,1139.5955789000727,0.0,0.0,68.24917268996909,960.0,83.33273107182478,1944.4212153265146,,,,False,False,not_attempted,0,0,0,0,39,2,0.05128205128205128,167.0944675396581,848.0,False,,,False,7,0
proposed,static_frozen,16,960.0,16.0,3,degrading,degrading,4 5 32 67,3297,1.639344262295082,0.61,0.0,32.855205282099924,18.266666666666666,54,2,52,2.8042218513382586,1.4021109256691293,71.05339454130734,60.0,1020.0,0.0,0.0,0.0,1139.5955789000727,0.0,0.0,71.05339454130734,1020.0,88.3730922022598,1964.5933759859706,,,,False,False,not_attempted,0,0,0,0,20,8,0.4,165.34852455352973,907.0,False,,,False,7,0
proposed,static_frozen,17,1020.0,17.0,3,degrading,degrading,4 5 32 67,3297,1.8348623853211008,0.545,0.0,32.30831473973112,18.283333333333335,52,4,48,5.717558054549769,1.4293895136374422,76.77095259585711,60.0,1080.0,0.0,0.0,0.0,1139.5955789000727,0.0,0.0,76.77095259585711,1080.0,94.33667868273125,2022.564183883515,,,,False,False,not_attempted,0,0,0,0,41,11,0.2682926829268293,162.6793508122746,930.0,False,,,False,7,0
proposed,static_frozen,18,1080.0,18.0,3,degrading,degrading,4 5 32 67,3297,2.0833333333333335,0.48,0.0,31.639034432342793,18.3,48,1,47,6.044876778644515,6.044876778644515,82.81582937450162,60.0,1140.0,0.0,0.0,0.0,1139.5955789000727,0.0,0.0,82.81582937450162,1140.0,97.71567510194812,2023.19010796766,,,,False,False,not_attempted,0,0,0,0,39,13,0.3333333333333333,160.94393884130395,930.0,False,,,False,7,0
proposed,static_frozen,19,1140.0,19.0,3,degrading,degrading,4 5 32 67,3297,2.409638554216868,0.4149999999999999,0.0,30.801103123260912,18.316666666666666,47,1,46,2.4049404656298674,2.4049404656298674,85.22076984013148,60.0,1200.0,0.0,0.0,0.0,1139.5955789000727,0.0,0.0,85.22076984013148,1200.0,99.93252832400326,2132.906574304428,,,,False,False,not_attempted,0,0,0,0,7,4,0.5714285714285714,160.8506055079706,988.0,False,,,False,7,0
proposed,static_frozen,20,1200.0,20.0,4,disrupted,holding,4 5 32 67,3297,2.857142857142857,0.35,0.0,29.721583997399517,18.333333333333332,46,5,41,3.5924196070566055,0.7184839214113211,88.81318944718808,60.0,1260.0,0.0,0.0,0.0,1139.5955789000727,0.0,0.0,88.81318944718808,1260.0,108.05568121359406,2236.396481081735,,,,False,False,not_attempted,0,0,0,0,34,4,0.11764705882352941,158.21944118171254,1072.0,False,,,False,7,0
proposed,static_frozen,21,1260.0,21.0,4,disrupted,disrupted,4 5 32 67,3297,2.857142857142857,0.35,0.0,29.721583997399517,18.35,41,2,39,3.2151932460252395,1.6075966230126197,92.02838269321332,60.0,1320.0,0.0,0.0,0.0,1139.5955789000727,0.0,0.0,92.02838269321332,1320.0,104.30109641607163,2185.361537580931,,,,False,False,not_attempted,0,0,0,0,29,3,0.10344827586206896,157.7911090957073,1171.0,False,,,False,7,0
proposed,static_frozen,22,1320.0,22.0,4,disrupted,disrupted,4 5 32 67,3297,2.857142857142857,0.35,0.0,29.721583997399517,18.366666666666667,39,1,38,0.9704309640488353,0.9704309640488353,92.99881365726215,60.0,1380.0,0.0,0.0,0.0,1139.5955789000727,0.0,0.0,92.99881365726215,1380.0,100.83712630604053,2065.361537580931,,,,False,False,not_attempted,0,0,0,0,30,0,0.0,157.69777576237396,1171.0,False,,,False,6,0
proposed,static_frozen,23,1380.0,23.0,4,disrupted,disrupted,4 5 32 67,3297,2.857142857142857,0.35,0.0,29.721583997399517,18.383333333333333,38,4,34,1.867745159340922,0.4669362898352305,94.86655881660307,60.0,1440.0,0.0,0.0,0.0,1139.5955789000727,0.0,0.0,94.86655881660307,1440.0,100.4202020622967,2065.361537580931,,,,False,False,not_attempted,0,0,0,0,18,1,0.05555555555555555,156.89697670063276,1215.0,False,,,False,6,0
proposed,static_frozen,24,1440.0,24.0,4,disrupted,disrupted,4 5 32 67,3297,2.857142857142857,0.35,0.0,29.721583997399517,18.4,34,1,33,2.1466137805586145,2.1466137805586145,97.01317259716168,60.0,1500.0,0.0,0.0,0.0,1139.5955789000727,0.0,0.0,97.01317259716168,1500.0,97.80330301684715,1964.2069118862591,,,,False,False,not_attempted,0,0,0,0,21,1,0.047619047619047616,155.95857251352618,1215.0,False,,,False,6,0
proposed,static_frozen,25,1500.0,25.0,5,disrupted,disrupted,4 5 32 67,3297,2.857142857142857,0.35,0.0,29.721583997399517,18.416666666666668,33,2,31,2.074077620251962,1.037038810125981,99.08725021741364,60.0,1560.0,0.0,0.0,0.0,1139.5955789000727,0.0,0.0,99.08725021741364,1560.0,96.10890731675207,1932.3260493166567,,,,False,False,not_attempted,0,0,0,0,31,0,0.0,155.52505054442955,1215.0,False,,,False,6,0
proposed,static_frozen,26,1560.0,26.0,5,disrupted,disrupted,4 5 32 67,3297,2.857142857142857,0.35,0.0,29.721583997399517,18.433333333333334,31,1,30,1.2188616420526135,1.2188616420526135,100.30611185946626,60.0,1620.0,0.0,0.0,0.0,1139.5955789000727,0.0,0.0,100.30611185946626,1620.0,94.3346415060111,1812.3260493166567,,,,False,False,not_attempted,0,0,0,0,55,0,0.0,155.4317172110962,1373.0,False,,,False,6,0
proposed,static_frozen,27,1620.0,27.0,5,disrupted,disrupted,4 5 32 67,3297,2.857142857142857,0.35,0.0,29.721583997399517,18.45,30,2,28,2.81527690309384,1.40763845154692,103.1213887625601,60.0,1680.0,0.0,0.0,0.0,1139.5955789000727,0.0,0.0,103.1213887625601,1680.0,93.14566555736555,1812.3260493166567,,,,False,False,not_attempted,0,0,0,0,35,2,0.05714285714285714,154.71037430599412,1373.0,False,,,False,6,0
proposed,static_frozen,28,1680.0,28.0,5,disrupted,disrupted,4 5 32 67,3297,2.857142857142857,0.35,0.0,29.721583997399517,18.466666666666665,28,2,26,1.7424723968801705,0.8712361984400853,104.86386115944028,60.0,1740.0,0.0,0.0,0.0,1139.5955789000727,0.0,0.0,104.86386115944028,1740.0,90.356195897971,1796.8146262860591,,,,False,False,not_attempted,0,0,0,0,20,1,0.05,153.8341159336991,1419.0,False,,,False,6,0
proposed,static_frozen,29,1740.0,29.0,5,disrupted,disrupted,4 5 32 67,3297,2.857142857142857,0.35,0.0,29.721583997399517,18.483333333333334,26,2,24,0.7536662024479552,0.3768331012239776,105.61752736188824,60.0,1800.0,0.0,0.0,0.0,1139.5955789000727,0.0,0.0,105.61752736188824,1800.0,88.61042110021576,1656.2618453573123,,,,False,False,not_attempted,0,0,0,0,6,0,0.0,153.74078260036578,1419.0,False,,,False,6,0
proposed,static_frozen,30,1800.0,30.0,6,recovering,recovering,4 5 32 67,3297,2.857142857142857,0.35,0.0,29.721583997399517,18.5,24,4,20,8.147382457696434,2.0368456144241085,113.76490981958467,60.0,1860.0,0.0,0.0,0.0,1139.5955789000727,0.0,0.0,113.76490981958467,1860.0,88.50082754273744,1656.2618453573123,,,,False,False,not_attempted,0,0,0,0,47,8,0.1702127659574468,149.94387511892882,1669.0,False,,,False,6,0
proposed,static_frozen,31,1860.0,31.0,6,recovering,recovering,4 5 32 67,3297,2.6595744680851063,0.376,0.04,30.188704347402066,18.516666666666666,20,0,20,4.933844433965758,4.933844433965758,118.69875425355043,60.0,1920.0,0.0,0.0,0.0,1139.5955789000727,0.0,0.0,118.69875425355043,1920.0,80.30150009058477,1589.2064043220466,,,,False,False,not_attempted,0,0,0,0,26,9,0.34615384615384615,149.63443106926252,1669.0,False,,,False,6,0
proposed,static_frozen,32,1920.0,32.0,6,recovering,recovering,4 5 32 67,3297,2.4875621890547266,0.40199999999999997,0.08,30.607523974755804,18.533333333333335,20,2,18,2.0143826911907787,1.0071913455953894,120.71313694474121,60.0,1980.0,0.0,0.0,0.0,1139.5955789000727,0.0,0.0,120.71313694474121,1980.0,72.14830534377701,1418.0647394992636,,,,False,False,not_attempted,0,0,0,0,9,2,0.2222222222222222,149.54109773592918,1762.0,False,,,False,6,0
proposed,static_frozen,33,1980.0,33.0,6,recovering,recovering,4 5 32 67,3297,2.336448598130841,0.428,0.12,30.985166120541283,18.55,18,3,15,2.640984999886589,0.8803283332955297,123.35412194462779,60.0,2040.0,0.0,0.0,0.0,1139.5955789000727,0.0,0.0,123.35412194462779,2040.0,67.72118519351403,1393.7394518303286,,,,False,False,not_attempted,0,0,0,0,38,0,0.0,148.96660334144428,1820.0,False,,,False,6,0
proposed,static_frozen,34,2040.0,34.0,6,recovering,recovering,4 5 32 67,3297,2.2026431718061676,0.45399999999999996,0.16,31.327418971026407,18.566666666666666,15,2,13,1.5663543451180522,0.7831771725590261,124.92047628974585,60.0,2100.0,0.0,0.0,0.0,1139.5955789000727,0.0,0.0,124.92047628974585,2100.0,62.66167880689366,1218.756237342275,,,,False,False,not_attempted,0,0,0,0,27,1,0.037037037037037035,148.87327000811095,1820.0,False,,,False,5,0
proposed,static_frozen,35,2100.0,35.0,7,recovering,recovering,4 5 32 67,3297,2.0833333333333335,0.48,0.2,31.639034432342793,18.583333333333332,13,2,11,0.7100227527320642,0.3550113763660321,125.63049904247791,60.0,2160.0,0.0,0.0,0.0,1139.5955789000727,0.0,0.0,125.63049904247791,2160.0,58.89114648053916,1041.0081657948053,,,,False,False,not_attempted,0,0,0,0,11,0,0.0,148.6726067015721,1929.0,False,,,False,5,0
proposed,static_frozen,36,2160.0,36.0,7,recovering,recovering,4 5 32 67,3297,1.976284584980237,0.506,0.24,31.923950106466968,18.6,11,2,9,1.3826689995511336,0.6913344997755668,127.01316804202904,60.0,2220.0,0.0,0.0,0.0,1139.5955789000727,0.0,0.0,127.01316804202904,2220.0,55.83176140125799,1006.85180327388,,,,False,False,not_attempted,0,0,0,0,9,1,0.1111111111111111,148.07384583258818,1929.0,False,,,False,4,0
proposed,static_frozen,37,2220.0,37.0,7,recovering,recovering,4 5 32 67,3297,1.8796992481203008,0.532,0.28,32.18545655326324,18.616666666666667,9,1,8,1.4351933359895714,1.4351933359895714,128.4483613780186,60.0,2280.0,0.0,0.0,0.0,1139.5955789000727,0.0,0.0,128.4483613780186,2280.0,51.11962635014021,858.5633249179207,,,,False,False,not_attempted,0,0,0,0,10,2,0.2,147.98051249925484,1966.0,False,,,False,3,0
proposed,static_frozen,38,2280.0,38.0,7,recovering,recovering,4 5 32 67,3297,1.7921146953405016,0.558,0.32,32.42632495164275,18.633333333333333,8,2,6,1.4956343418007616,0.7478171709003808,129.94399571981936,60.0,2340.0,0.0,0.0,0.0,1139.5955789000727,0.0,0.0,129.94399571981936,2340.0,47.01180464602213,844.0366539272874,,,,False,False,not_attempted,0,0,0,0,5,1,0.2,146.70259705120654,1966.0,False,,,False,1,0
proposed,static_frozen,39,2340.0,39.0,7,recovering,recovering,4 5 32 67,3297,1.7123287671232879,0.584,0.36,32.64890568312535,18.65,6,2,4,4.858298942044159,2.4291494710220793,134.80229466186353,60.0,2400.0,0.0,0.0,0.0,1139.5955789000727,0.0,0.0,134.80229466186353,2400.0,43.604123450874575,770.9507433240412,,,,False,False,not_attempted,0,0,0,0,8,8,1.0,141.97763213902215,1976.0,False,,,False,1,0
proposed,static_frozen,40,2400.0,40.0,8,recovering,recovering,4 5 32 67,3297,1.639344262295082,0.61,0.4,32.855205282099924,18.666666666666668,4,0,4,0.5938152397918326,0.5938152397918326,135.39610990165536,60.0,2460.0,0.0,0.0,0.0,1139.5955789000727,0.0,0.0,135.39610990165536,2460.0,36.550987311401066,702.3936331136558,,,,False,False,not_attempted,0,0,0,0,1,1,1.0,141.38381689923028,1976.0,False,,,False,1,0
proposed,static_frozen,41,2460.0,41.0,8,recovering,recovering,4 5 32 67,3297,1.572327044025157,0.636,0.44,33.04694709581491,18.683333333333334,4,0,4,0.09333333333333332,0.09333333333333332,135.4894432349887,60.0,2520.0,0.0,0.0,0.0,1139.5955789000727,0.0,0.0,135.4894432349887,2520.0,34.28642242644193,573.1183886399309,,,,False,False,not_attempted,0,0,0,0,0,0,0.0,141.29048356589695,1976.0,False,,,False,1,0
proposed,static_frozen,42,2520.0,42.0,8,recovering,recovering,4 5 32 67,3297,1.5105740181268883,0.6619999999999999,0.48,33.22561954037959,18.7,4,1,3,2.4641240498608137,2.4641240498608137,137.9535672848495,60.0,2580.0,0.0,0.0,0.0,1139.5955789000727,0.0,0.0,137.9535672848495,2580.0,32.55629815764057,566.2710066469396,,,,False,False,not_attempted,0,0,0,0,7,7,1.0,138.82635951603612,1976.0,False,,,False,1,0
proposed,static_frozen,43,2580.0,43.0,8,recovering,recovering,4 5 32 67,3297,1.4534883720930234,0.688,0.52,33.3925148144014,18.716666666666665,3,0,3,0.1612197500870645,0.1612197500870645,138.11478703493657,60.0,2640.0,0.0,0.0,0.0,1139.5955789000727,0.0,0.0,138.11478703493657,2640.0,28.57113790891407,504.84384000702454,,,,False,False,not_attempted,0,0,0,0,0,0,0.0,138.66513976594908,1976.0,False,,,False,1,0
proposed,static_frozen,44,2640.0,44.0,8,recovering,recovering,4 5 32 67,3297,1.400560224089636,0.714,0.56,33.548760201463345,18.733333333333334,3,0,3,0.09333333333333332,0.09333333333333332,138.2081203682699,60.0,2700.0,0.0,0.0,0.0,1139.5955789000727,0.0,0.0,138.2081203682699,2700.0,27.028721154724415,380.9813349441327,,,,False,False,not_attempted,0,0,0,0,0,0,0.0,138.57180643261574,1976.0,False,,,False,1,0
proposed,static_frozen,45,2700.0,45.0,9,recovering,recovering,4 5 32 67,3297,1.3513513513513513,0.74,0.6,33.6953435654809,18.75,3,1,2,1.5085262776239245,1.5085262776239245,139.71664664589383,60.0,2760.0,0.0,0.0,0.0,1139.5955789000727,0.0,0.0,139.71664664589383,2760.0,25.77120937665087,377.3902491559306,,,,False,False,not_attempted,0,0,0,0,4,4,1.0,137.06328015499182,1976.0,False,,,False,1,0
proposed,static_frozen,46,2760.0,46.0,9,recovering,recovering,4 5 32 67,3297,1.3054830287206267,0.766,0.64,33.83313425811076,18.766666666666666,2,0,2,0.09333333333333332,0.09333333333333332,139.80997997922717,60.0,2820.0,0.0,0.0,0.0,1139.5955789000727,0.0,0.0,139.80997997922717,2820.0,23.00532089755763,212.5276851105494,,,,False,False,not_attempted,0,0,0,0,0,0,0.0,136.96994682165848,1976.0,False,,,False,1,0
proposed,static_frozen,47,2820.0,47.0,9,recovering,recovering,4 5 32 67,3297,1.2626262626262625,0.792,0.68,33.96290037337764,18.783333333333335,2,1,1,0.7307339092755846,0.7307339092755846,140.54071388850275,60.0,2880.0,0.0,0.0,0.0,1139.5955789000727,0.0,0.0,140.54071388850275,2880.0,21.984724467062325,210.76302780297817,,,,False,False,not_attempted,0,0,0,0,1,1,1.0,136.2392129123829,1976.0,False,,,False,1,0
proposed,static_frozen,48,2880.0,48.0,9,recovering,recovering,4 5 32 67,3297,1.2224938875305624,0.818,0.72,34.08532307300244,18.8,1,0,1,1.3362537910301373,1.3362537910301373,141.8769676795329,60.0,2940.0,0.0,0.0,0.0,1139.5955789000727,0.0,0.0,141.8769676795329,2940.0,20.107771189238186,187.23164682839396,,,,False,False,not_attempted,0,0,0,0,3,0,0.0,134.90295912135275,1976.0,False,,,False,1,0
proposed,static_frozen,49,2940.0,49.0,9,recovering,recovering,4 5 32 67,3297,1.1848341232227486,0.8440000000000001,0.76,34.201008546655146,18.816666666666666,1,0,1,0.09333333333333332,0.09333333333333332,141.97030101286623,60.0,3000.0,0.0,0.0,0.0,1139.5955789000727,0.0,0.0,141.97030101286623,3000.0,18.063598981941745,93.15872557967488,,,,False,False,not_attempted,0,0,0,0,0,0,0.0,134.80962578801942,1976.0,False,,,False,0,0
proposed,static_frozen,50,3000.0,50.0,10,recovering,recovering,4 5 32 67,3297,1.1494252873563218,0.87,0.8,34.310498050478834,18.833333333333332,1,1,0,16.446996300600063,16.446996300600063,158.4172973134663,99.7223714939807,3099.7223714939805,0.0,0.0,0.0,1139.5955789000727,0.0,0.0,158.4172973134663,3099.7223714939805,17.28298077083333,90.85544022003825,,,,False,False,not_attempted,0,0,0,0,150,83,0.5533333333333333,131.75311257901996,1976.0,True,,,False,0,0
nn,adaptive,0,0.0,0.0,0,normal,initial,4 5 32 67,0,1.0,1.0,0.0,34.78037077224997,18.0,84,0,84,16.660400703942315,16.660400703942315,16.660400703942315,60.0,60.0,9.957765099941753,0.252319399965927,10.21008449990768,10.21008449990768,0.0,0.0,16.660400703942315,60.0,162.58793156149096,2761.487785832027,,,,False,False,initial_plan,0,0,0,0,97,0,0.0,177.83388229329896,0.0,False,,,True,10,10
nn,adaptive,1,60.0,1.0,0,normal,normal,4 5 32 67,0,1.0,1.0,0.0,34.78037077224997,18.016666666666666,84,0,84,2.671835477730445,2.671835477730445,19.332236181672762,60.0,120.0,0.0,0.0,0.0,10.21008449990768,0.0,0.0,19.332236181672762,120.0,144.89809698360446,2603.2770542730404,,,,False,False,not_attempted,0,0,0,0,24,0,0.0,177.65141542411558,0.0,False,,,False,9,10
nn,adaptive,2,120.0,2.0,0,normal,normal,4 5 32 67,0,1.0,1.0,0.0,34.78037077224997,18.033333333333335,84,6,78,2.2336491502253266,0.37227485837088775,21.565885331898087,60.0,180.0,0.0,0.0,0.0,10.21008449990768,0.0,0.0,21.565885331898087,180.0,142.35879798598543,2603.2770542730404,,,,False,False,not_attempted,0,0,0,0,25,0,0.0,177.33697396192156,239.0,False,,,False,9,4
nn,adaptive,3,180.0,3.0,0,normal,normal,4 5 32 67,0,1.0,1.0,0.0,34.78037077224997,18.05,78,4,74,4.632857667324735,1.1582144168311836,26.198742999222823,60.0,240.0,0.0,0.0,0.0,10.21008449990768,0.0,0.0,26.198742999222823,240.0,140.51455427701427,2575.2504365841983,,,,False,False,not_attempted,0,0,0,0,75,0,0.0,176.58965573332028,239.0,False,,,False,9,0
nn,adaptive,4,240.0,4.0,0,normal,normal,4 5 32 67,0,1.0,1.0,0.0,34.78037077224997,18.066666666666666,74,0,74,2.1890984112485845,2.1890984112485845,28.387841410471406,60.0,300.0,0.0,0.0,0.0,10.21008449990768,0.0,0.0,28.387841410471406,300.0,135.7776609100203,2453.4542174026838,,,,False,False,not_attempted,0,0,0,0,38,0,0.0,176.38162922177597,239.0,False,,,False,9,0
nn,adaptive,5,300.0,5.0,1,normal,normal,4 5 32 67,0,1.0,1.0,0.0,34.78037077224997,18.083333333333332,74,3,71,4.763597379502395,1.587865793167465,33.1514387899738,60.0,360.0,10.312698299996555,0.17173619999084622,10.484434499987401,20.69451899989508,0.0,0.0,33.1514387899738,360.0,128.7959290546367,2784.3357844494485,133.8378687044175,128.7959290546367,5.041939649780801,True,True,lower_residual_energy,2,25,2,25,105,0,0.0,175.72436508422112,402.0,False,,,True,9,0
nn,adaptive,6,360.0,6.0,1,normal,normal,4 5 32 67,0,1.0,1.0,0.0,34.78037077224997,18.1,71,2,69,4.485811166703238,2.242905583351619,37.63724995667704,60.0,420.0,0.0,0.0,0.0,20.69451899989508,0.0,0.0,37.63724995667704,420.0,123.61361357332132,2717.1313092372607,,,,False,False,not_attempted,0,0,0,0,59,0,0.0,173.98774183949396,422.0,False,,,False,9,0
nn,adaptive,7,420.0,7.0,1,normal,normal,4 5 32 67,0,1.0,1.0,0.0,34.78037077224997,18.116666666666667,69,3,66,2.9812824839435574,0.9937608279811858,40.6185324406206,60.0,480.0,0.0,0.0,0.0,20.69451899989508,0.0,0.0,40.6185324406206,480.0,118.92085678662227,2561.270737883113,,,,False,False,not_attempted,0,0,0,0,37,0,0.0,172.73804103501027,477.0,False,,,False,8,0
nn,adaptive,8,480.0,8.0,1,normal,normal,4 5 32 67,0,1.0,1.0,0.0,34.78037077224997,18.133333333333333,66,4,62,2.178098861828392,0.544524715457098,42.796631302448986,60.0,540.0,0.0,0.0,0.0,20.69451899989508,0.0,0.0,42.796631302448986,540.0,116.30503232303343,2561.270737883113,,,,False,False,not_attempted,0,0,0,0,45,0,0.0,172.64470770167694,647.0,False,,,False,8,0
nn,adaptive,9,540.0,9.0,1,normal,normal,4 5 32 67,0,1.0,1.0,0.0,34.78037077224997,18.15,62,2,60,1.8453221570217784,0.9226610785108892,44.64195345947076,60.0,600.0,0.0,0.0,0.0,20.69451899989508,0.0,0.0,44.64195345947076,600.0,114.16194557950111,2541.1547650102475,,,,False,False,not_attempted,0,0,0,0,56,0,0.0,172.53888579406538,647.0,False,,,False,7,0
nn,adaptive,10,600.0,10.0,2,degrading,degrading,4 5 32 67,0,1.0,1.0,0.0,34.78037077224997,18.166666666666668,60,3,57,3.0870488429308645,1.0290162809769547,47.729002302401625,60.0,660.0,6.0699996538460255e-05,0.1307776999892667,0.13083839998580515,20.825357399880886,0.0,0.0,47.729002302401625,660.0,112.11863421063464,2395.4798719351247,112.11863421063464,113.9377236595066,-1.8190894488719636,True,False,incumbent_not_worse,5,31,0,0,64,0,0.0,172.28418379893967,647.0,False,,,True,7,0
nn,adaptive,11,660.0,11.0,2,degrading,degrading,4 5 32 67,3297,1.06951871657754,0.935,0.0,34.560176101620044,18.183333333333334,57,2,55,1.4863995443005678,0.7431997721502839,49.21540184670219,60.0,720.0,0.0,0.0,0.0,20.825357399880886,0.0,0.0,49.21540184670219,720.0,113.62030432490187,2400.0515220689567,,,,False,False,not_attempted,0,0,0,0,42,0,0.0,172.2499756154787,659.0,False,,,False,7,0
nn,adaptive,12,720.0,12.0,2,degrading,degrading,4 5 32 67,3297,1.1494252873563218,0.87,0.0,34.310498050478834,18.2,55,1,54,0.9551948370376433,0.9551948370376433,50.17059668373984,60.0,780.0,0.0,0.0,0.0,20.825357399880886,0.0,0.0,50.17059668373984,780.0,116.61095487534307,2263.097353305881,,,,False,False,not_attempted,0,0,0,0,26,0,0.0,172.0431283184309,743.0,False,,,False,7,0
nn,adaptive,13,780.0,13.0,2,degrading,degrading,4 5 32 67,3297,1.2422360248447206,0.8049999999999999,0.0,34.02499013221328,18.216666666666665,54,4,50,3.2417262244793044,0.8104315561198261,53.41232290821914,60.0,840.0,0.0,0.0,0.0,20.825357399880886,0.0,0.0,53.41232290821914,840.0,121.71936325208935,2269.1345360497735,,,,False,False,not_attempted,0,0,0,0,42,2,0.047619047619047616,171.06531426806038,843.0,False,,,False,7,0
nn,adaptive,14,840.0,14.0,2,degrading,degrading,4 5 32 67,3297,1.3513513513513513,0.74,0.0,33.6953435654809,18.233333333333334,50,0,50,3.377194546871472,3.377194546871472,56.78951745509061,60.0,900.0,0.0,0.0,0.0,20.825357399880886,0.0,0.0,56.78951745509061,900.0,124.94052395663236,2265.1782221090207,,,,False,False,not_attempted,0,0,0,0,61,0,0.0,169.89259805939562,843.0,False,,,False,7,0
nn,adaptive,15,900.0,15.0,3,degrading,degrading,4 5 32 67,3297,1.4814814814814814,0.675,0.0,33.31046532709174,18.25,50,2,48,2.692858985956532,1.346429492978266,59.482376441047144,60.0,960.0,10.400815800065175,0.07841620000544935,10.479232000070624,31.30458939995151,0.0,0.0,59.482376441047144,960.0,129.3385600832796,2214.604390187296,129.3385600832796,131.27116015408342,-1.9326000708038293,True,False,incumbent_not_worse,1,18,0,0,23,4,0.17391304347826086,168.89558443272298,853.0,False,,,True,7,0
nn,adaptive,16,960.0,16.0,3,degrading,degrading,4 5 32 67,3297,1.639344262295082,0.61,0.0,32.855205282099924,18.266666666666666,48,2,46,1.7957264365073606,0.8978632182536803,61.2781028775545,60.0,1020.0,0.0,0.0,0.0,31.30458939995151,0.0,0.0,61.2781028775545,1020.0,134.6001969200176,2173.133797265842,,,,False,False,not_attempted,0,0,0,0,18,0,0.0,168.51699308696035,1087.0,False,,,False,7,0
nn,adaptive,17,1020.0,17.0,3,degrading,degrading,4 5 32 67,3297,1.8348623853211008,0.545,0.0,32.30831473973112,18.283333333333335,46,4,42,3.2099785057178063,0.8024946264294516,64.4880813832723,60.0,1080.0,0.0,0.0,0.0,31.30458939995151,0.0,0.0,64.4880813832723,1080.0,141.59670194342715,2173.739380527033,,,,False,False,not_attempted,0,0,0,0,62,3,0.04838709677419355,168.03553448215166,1087.0,False,,,False,7,0
nn,adaptive,18,1080.0,18.0,3,degrading,degrading,4 5 32 67,3297,2.0833333333333335,0.48,0.0,31.639034432342793,18.3,42,1,41,1.6029740521188,1.6029740521188,66.0910554353911,60.0,1140.0,0.0,0.0,0.0,31.30458939995151,0.0,0.0,66.0910554353911,1140.0,148.0590390283936,2011.989322542277,,,,False,False,not_attempted,0,0,0,0,26,1,0.038461538461538464,167.94220114881833,1087.0,False,,,False,7,0
nn,adaptive,19,1140.0,19.0,3,degrading,degrading,4 5 32 67,3297,2.409638554216868,0.4149999999999999,0.0,30.801103123260912,18.316666666666666,41,4,37,4.620232379549206,1.1550580948873015,70.7112878149403,60.0,1200.0,0.0,0.0,0.0,31.30458939995151,0.0,0.0,70.7112878149403,1200.0,158.06532325809135,2012.9999960120704,,,,False,False,not_attempted,0,0,0,0,15,8,0.5333333333333333,167.75823913936796,1138.0,False,,,False,7,0
nn,adaptive,20,1200.0,20.0,4,disrupted,holding,4 5 32 67,3297,2.857142857142857,0.35,0.0,29.721583997399517,18.333333333333332,37,2,35,7.027242521379588,3.513621260689794,77.7385303363199,60.0,1260.0,10.387963099987246,0.04675619991030544,10.434719299897552,41.73930869984906,0.0,0.0,77.7385303363199,1260.0,170.65018811711462,1992.9011052620904,170.65018811711462,178.25699635467453,-7.606808237559903,True,False,incumbent_not_worse,4,13,0,0,30,9,0.3,166.76614075686217,1270.0,False,,,True,7,0
nn,adaptive,21,1260.0,21.0,4,disrupted,disrupted,4 5 32 67,3297,2.857142857142857,0.35,0.0,29.721583997399517,18.35,35,0,35,3.94025164983135,3.94025164983135,81.67878198615125,60.0,1320.0,0.0,0.0,0.0,41.73930869984906,0.0,0.0,81.67878198615125,1320.0,162.494026021056,1872.9011052620904,,,,False,False,not_attempted,0,0,0,0,4,4,1.0,163.99542320394596,1270.0,False,,,False,7,0
nn,adaptive,22,1320.0,22.0,4,disrupted,disrupted,4 5 32 67,3297,2.857142857142857,0.35,0.0,29.721583997399517,18.366666666666667,35,5,30,3.964627578043201,0.7929255156086402,85.64340956419446,60.0,1380.0,0.0,0.0,0.0,41.73930869984906,0.0,0.0,85.64340956419446,1380.0,159.29715022758708,1872.9011052620904,,,,False,False,not_attempted,0,0,0,0,34,1,0.029411764705882353,163.59151003970686,1351.0,False,,,False,7,0
nn,adaptive,23,1380.0,23.0,4,disrupted,disrupted,4 5 32 67,3297,2.857142857142857,0.35,0.0,29.721583997399517,18.383333333333333,30,0,30,8.191313664542339,8.191313664542339,93.83472322873679,60.0,1440.0,0.0,0.0,0.0,41.73930869984906,0.0,0.0,93.83472322873679,1440.0,155.05489644825,1825.8992126002079,,,,False,False,not_attempted,0,0,0,0,36,9,0.25,163.49817670637353,1351.0,False,,,False,7,0
nn,adaptive,24,1440.0,24.0,4,disrupted,disrupted,4 5 32 67,3297,2.857142857142857,0.35,0.0,29.721583997399517,18.4,30,2,28,9.972802936420498,4.986401468210249,103.80752616515728,60.0,1500.0,0.0,0.0,0.0,41.73930869984906,0.0,0.0,103.80752616515728,1500.0,146.6590335229106,1680.360150853165,,,,False,False,not_attempted,0,0,0,0,48,12,0.25,159.6479028702492,1351.0,False,,,False,7,0
nn,adaptive,25,1500.0,25.0,5,disrupted,disrupted,4 5 32 67,3297,2.857142857142857,0.35,0.0,29.721583997399517,18.416666666666668,28,2,26,9.49236750952915,4.746183754764575,113.29989367468643,60.0,1560.0,8.239992894232273e-05,0.022115700063295662,0.022198099992237985,41.7615067998413,0.0,0.0,113.29989367468643,1560.0,136.70964867789013,1680.360150853165,136.70964867789013,172.0311162723563,-35.32146759446616,True,False,incumbent_not_worse,3,7,0,0,13,6,0.46153846153846156,157.42777899458972,1476.0,False,,,True,7,0
nn,adaptive,26,1560.0,26.0,5,disrupted,disrupted,4 5 32 67,3297,2.857142857142857,0.35,0.0,29.721583997399517,18.433333333333334,26,2,24,6.43162101429335,3.215810507146675,119.73151468897979,60.0,1620.0,0.0,0.0,0.0,41.7615067998413,0.0,0.0,119.73151468897979,1620.0,126.76368140000554,1543.349685770198,,,,False,False,not_attempted,0,0,0,0,12,1,0.08333333333333333,156.41660543121884,1567.0,False,,,False,7,0
nn,adaptive,27,1620.0,27.0,5,disrupted,disrupted,4 5 32 67,3297,2.857142857142857,0.35,0.0,29.721583997399517,18.45,24,4,20,8.263697419789796,2.065924354947449,127.99521210876958,60.0,1680.0,0.0,0.0,0.0,41.7615067998413,0.0,0.0,127.99521210876958,1680.0,121.41384761526297,1543.349685770198,,,,False,False,not_attempted,0,0,0,0,45,8,0.17777777777777778,154.1623358728488,1619.0,False,,,False,7,0
nn,adaptive,28,1680.0,28.0,5,disrupted,disrupted,4 5 32 67,3297,2.857142857142857,0.35,0.0,29.721583997399517,18.466666666666665,20,1,19,11.765005435355038,11.765005435355038,139.76021754412463,60.0,1740.0,0.0,0.0,0.0,41.7615067998413,0.0,0.0,139.76021754412463,1740.0,113.02998662809155,1525.5239480426012,,,,False,False,not_attempted,0,0,0,0,69,8,0.11594202898550725,150.44168157887944,1619.0,False,,,False,7,0
nn,adaptive,29,1740.0,29.0,5,disrupted,disrupted,4 5 32 67,3297,2.857142857142857,0.35,0.0,29.721583997399517,18.483333333333334,19,0,19,5.78911536850193,5.78911536850193,145.54933291262657,60.0,1800.0,0.0,0.0,0.0,41.7615067998413,0.0,0.0,145.54933291262657,1800.0,100.10133238977541,1468.8370071236977,,,,False,False,not_attempted,0,0,0,0,31,3,0.0967741935483871,150.3483482455461,1619.0,False,,,False,7,0
nn,adaptive,30,1800.0,30.0,6,recovering,recovering,4 5 32 67,3297,2.857142857142857,0.35,0.0,29.721583997399517,18.5,19,2,17,4.220840558193325,2.1104202790966626,149.77017347081988,60.0,1860.0,6.310001481324434e-05,0.007758299936540425,0.00782139995135367,41.76932819979265,0.0,0.0,149.77017347081988,1860.0,95.21323539007936,1299.992136585372,95.21323539007936,98.75723039443623,-3.543995004356873,True,False,incumbent_not_worse,1,2,0,0,12,4,0.3333333333333333,148.56894566260988,1671.0,False,,,True,6,0
nn,adaptive,31,1860.0,31.0,6,recovering,recovering,4 5 32 67,3297,2.6595744680851063,0.376,0.04,30.188704347402066,18.516666666666666,17,4,13,4.197991035926581,1.0494977589816452,153.96816450674646,60.0,1920.0,0.0,0.0,0.0,41.76932819979265,0.0,0.0,153.96816450674646,1920.0,88.53080442838278,1299.3802029829926,,,,False,False,not_attempted,0,0,0,0,33,3,0.09090909090909091,147.09757087564827,1718.0,False,,,False,6,0
nn,adaptive,32,1920.0,32.0,6,recovering,recovering,4 5 32 67,3297,2.4875621890547266,0.40199999999999997,0.08,30.607523974755804,18.533333333333335,13,0,13,4.813623420304856,4.813623420304856,158.7817879270513,60.0,1980.0,0.0,0.0,0.0,41.76932819979265,0.0,0.0,158.7817879270513,1980.0,82.73837129581375,1286.6199148689918,,,,False,False,not_attempted,0,0,0,0,28,4,0.14285714285714285,147.00423754231494,1718.0,False,,,False,5,0
nn,adaptive,33,1980.0,33.0,6,recovering,recovering,4 5 32 67,3297,2.336448598130841,0.428,0.12,30.985166120541283,18.55,13,3,10,1.7077683928740037,0.5692561309580012,160.48955631992533,60.0,2040.0,0.0,0.0,0.0,41.76932819979265,0.0,0.0,160.48955631992533,2040.0,76.5021735843159,1138.3378614090836,,,,False,False,not_attempted,0,0,0,0,15,1,0.06666666666666667,146.5422608289367,1797.0,False,,,False,5,0
nn,adaptive,34,2040.0,34.0,6,recovering,recovering,4 5 32 67,3297,2.2026431718061676,0.45399999999999996,0.16,31.327418971026407,18.566666666666666,10,2,8,2.294639064389035,1.1473195321945175,162.78419538431436,60.0,2100.0,0.0,0.0,0.0,41.76932819979265,0.0,0.0,162.78419538431436,2100.0,72.78270308126511,1137.92342245486,,,,False,False,not_attempted,0,0,0,0,49,2,0.04081632653061224,145.56124751879682,1797.0,False,,,False,4,0
nn,adaptive,35,2100.0,35.0,7,recovering,recovering,4 5 32 67,3297,2.0833333333333335,0.48,0.2,31.639034432342793,18.583333333333332,8,1,7,3.2455129977203927,3.2455129977203927,166.02970838203476,60.0,2160.0,10.441689300001599,0.003443600027821958,10.44513290002942,52.214461099822074,0.0,0.0,166.02970838203476,2160.0,68.6830792998166,1103.1437774710553,68.6830792998166,72.30703736049124,-3.6239580606746387,True,False,incumbent_not_worse,2,2,0,0,13,0,0.0,144.69580741556277,1879.0,False,,,True,4,0
nn,adaptive,36,2160.0,36.0,7,recovering,recovering,4 5 32 67,3297,1.976284584980237,0.506,0.24,31.923950106466968,18.6,7,0,7,0.3588028138869707,0.3588028138869707,166.38851119592172,60.0,2220.0,0.0,0.0,0.0,52.214461099822074,0.0,0.0,166.38851119592172,2220.0,65.25240467314426,953.5132579997183,,,,False,False,not_attempted,0,0,0,0,0,0,0.0,144.60247408222943,1879.0,False,,,False,3,0
nn,adaptive,37,2220.0,37.0,7,recovering,recovering,4 5 32 67,3297,1.8796992481203008,0.532,0.28,32.18545655326324,18.616666666666667,7,3,4,1.4564608285707517,0.48548694285691724,167.84497202449248,60.0,2280.0,0.0,0.0,0.0,52.214461099822074,0.0,0.0,167.84497202449248,2280.0,64.0791461096846,953.2141017763792,,,,False,False,not_attempted,0,0,0,0,16,2,0.125,144.3218283773329,1898.0,False,,,False,3,0
nn,adaptive,38,2280.0,38.0,7,recovering,recovering,4 5 32 67,3297,1.7921146953405016,0.558,0.32,32.42632495164275,18.633333333333333,4,0,4,1.6713000686871597,1.6713000686871597,169.51627209317965,60.0,2340.0,0.0,0.0,0.0,52.214461099822074,0.0,0.0,169.51627209317965,2340.0,61.55941787727838,915.8698527168735,,,,False,False,not_attempted,0,0,0,0,6,0,0.0,144.22849504399957,1898.0,False,,,False,3,0
nn,adaptive,39,2340.0,39.0,7,recovering,recovering,4 5 32 67,3297,1.7123287671232879,0.584,0.36,32.64890568312535,18.65,4,1,3,1.1435022616076513,1.1435022616076513,170.65977435478732,60.0,2400.0,0.0,0.0,0.0,52.214461099822074,0.0,0.0,170.65977435478732,2400.0,58.828001895244746,846.1889082904834,,,,False,False,not_attempted,0,0,0,0,10,1,0.1,143.58022390364172,1938.0,False,,,False,3,0
nn,adaptive,40,2400.0,40.0,8,recovering,recovering,4 5 32 67,3297,1.639344262295082,0.61,0.4,32.855205282099924,18.666666666666668,3,0,3,3.941491996433044,3.941491996433044,174.60126635122037,60.0,2460.0,10.284020900027826,0.0005466999718919396,10.284567599999718,62.49902869982179,0.0,0.0,174.60126635122037,2460.0,56.71840323830781,713.8563848007141,56.71840323830781,59.71830773325677,-2.9999044949489644,True,False,incumbent_not_worse,2,1,0,0,14,0,0.0,139.95286044626266,1938.0,False,,,True,2,0
nn,adaptive,41,2460.0,41.0,8,recovering,recovering,4 5 32 67,3297,1.572327044025157,0.636,0.44,33.04694709581491,18.683333333333334,3,1,2,0.2554469133982507,0.2554469133982507,174.85671326461863,60.0,2520.0,0.0,0.0,0.0,62.49902869982179,0.0,0.0,174.85671326461863,2520.0,51.98114478411516,629.8075371056266,,,,False,False,not_attempted,0,0,0,0,0,0,0.0,139.8588818709773,1956.0,False,,,False,2,0
nn,adaptive,42,2520.0,42.0,8,recovering,recovering,4 5 32 67,3297,1.5105740181268883,0.6619999999999999,0.48,33.22561954037959,18.7,2,0,2,0.18666666666666665,0.18666666666666665,175.0433799312853,60.0,2580.0,0.0,0.0,0.0,62.49902869982179,0.0,0.0,175.0433799312853,2580.0,50.21163297467766,525.6387653749241,,,,False,False,not_attempted,0,0,0,0,0,0,0.0,139.76554853764398,1956.0,False,,,False,0,0
nn,adaptive,43,2580.0,43.0,8,recovering,recovering,4 5 32 67,3297,1.4534883720930234,0.688,0.52,33.3925148144014,18.716666666666665,2,2,0,44.19125825670526,22.09562912835263,219.23463818799056,555.7810808933257,3135.781080893326,0.0,0.0,0.0,62.49902869982179,0.0,0.0,219.23463818799056,3135.781080893326,48.668531639053526,525.4619525498144,,,,False,False,not_attempted,0,0,0,0,539,95,0.17625231910946196,132.5221267766176,1995.0,True,,,False,0,0
nn,static_live,0,0.0,0.0,0,normal,initial,4 5 32 67,0,1.0,1.0,0.0,34.78037077224997,18.0,84,0,84,16.660400703942315,16.660400703942315,16.660400703942315,60.0,60.0,9.957765099941753,0.252319399965927,10.21008449990768,10.21008449990768,0.0,0.0,16.660400703942315,60.0,162.58793156149096,2761.487785832027,,,,False,False,initial_plan,0,0,0,0,97,0,0.0,177.83388229329896,0.0,False,,,True,10,10
nn,static_live,1,60.0,1.0,0,normal,normal,4 5 32 67,0,1.0,1.0,0.0,34.78037077224997,18.016666666666666,84,0,84,2.671835477730445,2.671835477730445,19.332236181672762,60.0,120.0,0.0,0.0,0.0,10.21008449990768,0.0,0.0,19.332236181672762,120.0,144.89809698360446,2603.2770542730404,,,,False,False,not_attempted,0,0,0,0,24,0,0.0,177.65141542411558,0.0,False,,,False,9,10
nn,static_live,2,120.0,2.0,0,normal,normal,4 5 32 67,0,1.0,1.0,0.0,34.78037077224997,18.033333333333335,84,6,78,2.2336491502253266,0.37227485837088775,21.565885331898087,60.0,180.0,0.0,0.0,0.0,10.21008449990768,0.0,0.0,21.565885331898087,180.0,142.35879798598543,2603.2770542730404,,,,False,False,not_attempted,0,0,0,0,25,0,0.0,177.33697396192156,239.0,False,,,False,9,4
nn,static_live,3,180.0,3.0,0,normal,normal,4 5 32 67,0,1.0,1.0,0.0,34.78037077224997,18.05,78,4,74,4.632857667324735,1.1582144168311836,26.198742999222823,60.0,240.0,0.0,0.0,0.0,10.21008449990768,0.0,0.0,26.198742999222823,240.0,140.51455427701427,2575.2504365841983,,,,False,False,not_attempted,0,0,0,0,75,0,0.0,176.58965573332028,239.0,False,,,False,9,0
nn,static_live,4,240.0,4.0,0,normal,normal,4 5 32 67,0,1.0,1.0,0.0,34.78037077224997,18.066666666666666,74,0,74,2.1890984112485845,2.1890984112485845,28.387841410471406,60.0,300.0,0.0,0.0,0.0,10.21008449990768,0.0,0.0,28.387841410471406,300.0,135.7776609100203,2453.4542174026838,,,,False,False,not_attempted,0,0,0,0,38,0,0.0,176.38162922177597,239.0,False,,,False,9,0
nn,static_live,5,300.0,5.0,1,normal,normal,4 5 32 67,0,1.0,1.0,0.0,34.78037077224997,18.083333333333332,74,3,71,4.763597379502395,1.587865793167465,33.1514387899738,60.0,360.0,0.0,0.0,0.0,10.21008449990768,0.0,0.0,33.1514387899738,360.0,133.8378687044175,2453.4542174026838,,,,False,False,not_attempted,0,0,0,0,105,0,0.0,175.72436508422112,402.0,False,,,False,9,0
nn,static_live,6,360.0,6.0,1,normal,normal,4 5 32 67,0,1.0,1.0,0.0,34.78037077224997,18.1,71,2,69,4.5988841917568095,2.2994420958784048,37.75032298173061,60.0,420.0,0.0,0.0,0.0,10.21008449990768,0.0,0.0,37.75032298173061,420.0,128.65555322310212,2295.479016670314,,,,False,False,not_attempted,0,0,0,0,68,0,0.0,173.98774183949396,422.0,False,,,False,9,0
nn,static_live,7,420.0,7.0,1,normal,normal,4 5 32 67,0,1.0,1.0,0.0,34.78037077224997,18.116666666666667,69,3,66,4.0596296318654135,1.353209877288471,41.809952613596025,60.0,480.0,0.0,0.0,0.0,10.21008449990768,0.0,0.0,41.809952613596025,480.0,123.9692432558826,2295.479016670314,,,,False,False,not_attempted,0,0,0,0,59,0,0.0,172.73804103501027,477.0,False,,,False,8,0
nn,static_live,8,480.0,8.0,1,normal,normal,4 5 32 67,0,1.0,1.0,0.0,34.78037077224997,18.133333333333333,66,3,63,2.9617497333409846,0.9872499111136616,44.77170234693701,60.0,540.0,0.0,0.0,0.0,10.21008449990768,0.0,0.0,44.77170234693701,540.0,120.21492095922403,2165.047520150499,,,,False,False,not_attempted,0,0,0,0,53,0,0.0,172.64470770167694,647.0,False,,,False,8,0
nn,static_live,9,540.0,9.0,1,normal,normal,4 5 32 67,0,1.0,1.0,0.0,34.78037077224997,18.15,63,2,61,1.3608862693802408,0.6804431346901204,46.13258861631725,60.0,600.0,0.0,0.0,0.0,10.21008449990768,0.0,0.0,46.13258861631725,600.0,117.0907644351915,2165.047520150499,,,,False,False,not_attempted,0,0,0,0,35,0,0.0,172.53888579406538,647.0,False,,,False,8,0
nn,static_live,10,600.0,10.0,2,degrading,degrading,4 5 32 67,0,1.0,1.0,0.0,34.78037077224997,18.166666666666668,61,4,57,3.361017409988798,0.8402543524971995,49.49360602630605,60.0,660.0,0.0,0.0,0.0,10.21008449990768,0.0,0.0,49.49360602630605,660.0,115.72549646918236,2159.671519313145,,,,False,False,not_attempted,0,0,0,0,46,0,0.0,172.28418379893967,647.0,False,,,False,8,0
nn,static_live,11,660.0,11.0,2,degrading,degrading,4 5 32 67,3297,1.06951871657754,0.935,0.0,34.560176101620044,18.183333333333334,57,1,56,5.340275417897194,5.340275417897194,54.83388144420324,60.0,720.0,0.0,0.0,0.0,10.21008449990768,0.0,0.0,54.83388144420324,720.0,117.16143042587669,2108.634914893568,,,,False,False,not_attempted,0,0,0,0,51,4,0.0784313725490196,170.6107783742012,659.0,False,,,False,8,0
nn,static_live,12,720.0,12.0,2,degrading,degrading,4 5 32 67,3297,1.1494252873563218,0.87,0.0,34.310498050478834,18.2,56,2,54,1.8596475768039964,0.9298237884019982,56.69352902100724,60.0,780.0,0.0,0.0,0.0,10.21008449990768,0.0,0.0,56.69352902100724,780.0,117.33129311478625,1982.35754797492,,,,False,False,not_attempted,0,0,0,0,39,8,0.20512820512820512,170.20338483629783,743.0,False,,,False,8,0
nn,static_live,13,780.0,13.0,2,degrading,degrading,4 5 32 67,3297,1.2422360248447206,0.8049999999999999,0.0,34.02499013221328,18.216666666666665,54,2,52,3.247335289292661,1.6236676446463305,59.9408643102999,60.0,840.0,0.0,0.0,0.0,10.21008449990768,0.0,0.0,59.9408643102999,840.0,121.19624963209394,1995.7452072017834,,,,False,False,not_attempted,0,0,0,0,51,2,0.0392156862745098,170.1100515029645,843.0,False,,,False,8,0
nn,static_live,14,840.0,14.0,2,degrading,degrading,4 5 32 67,3297,1.3513513513513513,0.74,0.0,33.6953435654809,18.233333333333334,52,3,49,5.538892049541106,1.8462973498470354,65.479756359841,60.0,900.0,0.0,0.0,0.0,10.21008449990768,0.0,0.0,65.479756359841,900.0,124.9650560140669,1982.8042911758967,,,,False,False,not_attempted,0,0,0,0,39,3,0.07692307692307693,167.71471727564924,843.0,False,,,False,8,0
nn,static_live,15,900.0,15.0,3,degrading,degrading,4 5 32 67,3297,1.4814814814814814,0.675,0.0,33.31046532709174,18.25,49,1,48,3.4773772266584624,3.4773772266584624,68.95713358649947,60.0,960.0,0.0,0.0,0.0,10.21008449990768,0.0,0.0,68.95713358649947,960.0,126.07398209440373,1840.8869930720005,,,,False,False,not_attempted,0,0,0,0,35,0,0.0,166.20343873996322,853.0,False,,,False,8,0
nn,static_live,16,960.0,16.0,3,degrading,degrading,4 5 32 67,3297,1.639344262295082,0.61,0.0,32.855205282099924,18.266666666666666,48,5,43,6.482042553625499,1.2964085107250998,75.43917614012497,60.0,1020.0,0.0,0.0,0.0,10.21008449990768,0.0,0.0,75.43917614012497,1020.0,130.96954840547912,1854.728783948661,,,,False,False,not_attempted,0,0,0,0,87,8,0.09195402298850575,164.72423250848738,1087.0,False,,,False,8,0
nn,static_live,17,1020.0,17.0,3,degrading,degrading,4 5 32 67,3297,1.8348623853211008,0.545,0.0,32.30831473973112,18.283333333333335,43,0,43,2.190369075456482,2.190369075456482,77.62954521558146,60.0,1080.0,0.0,0.0,0.0,10.21008449990768,0.0,0.0,77.62954521558146,1080.0,132.84502925138815,1824.2975278749773,,,,False,False,not_attempted,0,0,0,0,28,4,0.14285714285714285,164.47158796189908,1087.0,False,,,False,8,0
nn,static_live,18,1080.0,18.0,3,degrading,degrading,4 5 32 67,3297,2.0833333333333335,0.48,0.0,31.639034432342793,18.3,43,3,40,1.5985076570047165,0.5328358856682388,79.22805287258618,60.0,1140.0,0.0,0.0,0.0,10.21008449990768,0.0,0.0,79.22805287258618,1140.0,140.4079219911825,1854.8224468506626,,,,False,False,not_attempted,0,0,0,0,31,1,0.03225806451612903,164.37825462856574,1087.0,False,,,False,8,0
nn,static_live,19,1140.0,19.0,3,degrading,degrading,4 5 32 67,3297,2.409638554216868,0.4149999999999999,0.0,30.801103123260912,18.316666666666666,40,3,37,3.3276047713256687,1.1092015904418895,82.55565764391184,60.0,1200.0,0.0,0.0,0.0,10.21008449990768,0.0,0.0,82.55565764391184,1200.0,149.95745817940545,1780.7316563692862,,,,False,False,not_attempted,0,0,0,0,42,2,0.047619047619047616,164.2614882390681,1087.0,False,,,False,8,0
nn,static_live,20,1200.0,20.0,4,disrupted,holding,4 5 32 67,3297,2.857142857142857,0.35,0.0,29.721583997399517,18.333333333333332,37,2,35,6.903315517625334,3.451657758812667,89.45897316153717,60.0,1260.0,0.0,0.0,0.0,10.21008449990768,0.0,0.0,89.45897316153717,1260.0,163.2555409704843,1849.9245139266382,,,,False,False,not_attempted,0,0,0,0,55,8,0.14545454545454545,164.16815490573475,1270.0,False,,,False,7,0
nn,static_live,21,1260.0,21.0,4,disrupted,disrupted,4 5 32 67,3297,2.857142857142857,0.35,0.0,29.721583997399517,18.35,35,3,32,5.1356772997920785,1.7118924332640262,94.59465046132925,60.0,1320.0,0.0,0.0,0.0,10.21008449990768,0.0,0.0,94.59465046132925,1320.0,156.4924783872246,1715.2221466589883,,,,False,False,not_attempted,0,0,0,0,41,4,0.0975609756097561,163.99542320394596,1308.0,False,,,False,7,0
nn,static_live,22,1320.0,22.0,4,disrupted,disrupted,4 5 32 67,3297,2.857142857142857,0.35,0.0,29.721583997399517,18.366666666666667,32,2,30,2.6185517216245393,1.3092758608122697,97.2132021829538,60.0,1380.0,0.0,0.0,0.0,10.21008449990768,0.0,0.0,97.2132021829538,1380.0,151.2246618350429,1715.2221466589883,,,,False,False,not_attempted,0,0,0,0,24,1,0.041666666666666664,163.59151003970686,1351.0,False,,,False,7,0
nn,static_live,23,1380.0,23.0,4,disrupted,disrupted,4 5 32 67,3297,2.857142857142857,0.35,0.0,29.721583997399517,18.383333333333333,30,2,28,8.010643793194168,4.005321896597084,105.22384597614796,60.0,1440.0,0.0,0.0,0.0,10.21008449990768,0.0,0.0,105.22384597614796,1440.0,148.4899540829587,1666.1689271027915,,,,False,False,not_attempted,0,0,0,0,41,9,0.21951219512195122,163.49817670637353,1351.0,False,,,False,7,0
nn,static_live,24,1440.0,24.0,4,disrupted,disrupted,4 5 32 67,3297,2.857142857142857,0.35,0.0,29.721583997399517,18.4,28,3,25,9.321468764886795,3.107156254962265,114.54531474103476,60.0,1500.0,0.0,0.0,0.0,10.21008449990768,0.0,0.0,114.54531474103476,1500.0,140.4527677479797,1605.166717051403,,,,False,False,not_attempted,0,0,0,0,45,12,0.26666666666666666,159.6479028702492,1456.0,False,,,False,7,0
nn,static_live,25,1500.0,25.0,5,disrupted,disrupted,4 5 32 67,3297,2.857142857142857,0.35,0.0,29.721583997399517,18.416666666666668,25,0,25,9.905385103273241,9.905385103273241,124.450699844308,60.0,1560.0,0.0,0.0,0.0,10.21008449990768,0.0,0.0,124.450699844308,1560.0,130.59369605168817,1454.7761433238115,,,,False,False,not_attempted,0,0,0,0,15,6,0.4,157.42777899458972,1456.0,False,,,False,7,0
nn,static_live,26,1560.0,26.0,5,disrupted,disrupted,4 5 32 67,3297,2.857142857142857,0.35,0.0,29.721583997399517,18.433333333333334,25,3,22,4.851598075237105,1.6171993584123683,129.3022979195451,60.0,1620.0,0.0,0.0,0.0,10.21008449990768,0.0,0.0,129.3022979195451,1620.0,120.293943431325,1454.7761433238115,,,,False,False,not_attempted,0,0,0,0,39,1,0.02564102564102564,156.41660543121884,1567.0,False,,,False,7,0
nn,static_live,27,1620.0,27.0,5,disrupted,disrupted,4 5 32 67,3297,2.857142857142857,0.35,0.0,29.721583997399517,18.45,22,2,20,8.044396948912851,4.022198474456426,137.34669486845797,60.0,1680.0,0.0,0.0,0.0,10.21008449990768,0.0,0.0,137.34669486845797,1680.0,116.46351480097799,1437.2508465347112,,,,False,False,not_attempted,0,0,0,0,20,8,0.4,154.1623358728488,1567.0,False,,,False,7,0
nn,static_live,28,1680.0,28.0,5,disrupted,disrupted,4 5 32 67,3297,2.857142857142857,0.35,0.0,29.721583997399517,18.466666666666665,20,2,18,7.798157296853269,3.8990786484266344,145.14485216531125,60.0,1740.0,0.0,0.0,0.0,10.21008449990768,0.0,0.0,145.14485216531125,1740.0,108.25932143845807,1353.6728948310877,,,,False,False,not_attempted,0,0,0,0,19,8,0.42105263157894735,150.44168157887944,1567.0,False,,,False,6,0
nn,static_live,29,1740.0,29.0,5,disrupted,disrupted,4 5 32 67,3297,2.857142857142857,0.35,0.0,29.721583997399517,18.483333333333334,18,2,16,5.361782534410727,2.6808912672053635,150.50663469972199,60.0,1800.0,0.0,0.0,0.0,10.21008449990768,0.0,0.0,150.50663469972199,1800.0,99.62011002337194,1210.6967588389334,,,,False,False,not_attempted,0,0,0,0,39,3,0.07692307692307693,150.3483482455461,1716.0,False,,,False,6,0
nn,static_live,30,1800.0,30.0,6,recovering,recovering,4 5 32 67,3297,2.857142857142857,0.35,0.0,29.721583997399517,18.5,16,2,14,4.8694778625782575,2.4347389312891288,155.37611256230025,60.0,1860.0,0.0,0.0,0.0,10.21008449990768,0.0,0.0,155.37611256230025,1860.0,95.37703505017076,1210.6967588389334,,,,False,False,not_attempted,0,0,0,0,21,4,0.19047619047619047,148.56894566260988,1716.0,False,,,False,5,0
nn,static_live,31,1860.0,31.0,6,recovering,recovering,4 5 32 67,3297,2.6595744680851063,0.376,0.04,30.188704347402066,18.516666666666666,14,2,12,3.3186218155823917,1.6593109077911958,158.69473437788264,60.0,1920.0,0.0,0.0,0.0,10.21008449990768,0.0,0.0,158.69473437788264,1920.0,87.52358604718299,1168.5235310486823,,,,False,False,not_attempted,0,0,0,0,6,3,0.5,147.09757087564827,1716.0,False,,,False,5,0
nn,static_live,32,1920.0,32.0,6,recovering,recovering,4 5 32 67,3297,2.4875621890547266,0.40199999999999997,0.08,30.607523974755804,18.533333333333335,12,2,10,4.0431321875696415,2.0215660937848208,162.7378665654523,60.0,1980.0,0.0,0.0,0.0,10.21008449990768,0.0,0.0,162.7378665654523,1980.0,82.8140048994122,1019.1420660160096,,,,False,False,not_attempted,0,0,0,0,16,4,0.25,147.00423754231494,1865.0,False,,,False,5,0
nn,static_live,33,1980.0,33.0,6,recovering,recovering,4 5 32 67,3297,2.336448598130841,0.428,0.12,30.985166120541283,18.55,10,2,8,1.4443799966107447,0.7221899983053723,164.18224656206303,60.0,2040.0,0.0,0.0,0.0,10.21008449990768,0.0,0.0,164.18224656206303,2040.0,77.46086921174401,1010.7519815969187,,,,False,False,not_attempted,0,0,0,0,20,1,0.05,146.5422608289367,1865.0,False,,,False,5,0
nn,static_live,34,2040.0,34.0,6,recovering,recovering,4 5 32 67,3297,2.2026431718061676,0.45399999999999996,0.16,31.327418971026407,18.566666666666666,8,1,7,2.822077688578446,2.822077688578446,167.00432425064147,60.0,2100.0,0.0,0.0,0.0,10.21008449990768,0.0,0.0,167.00432425064147,2100.0,73.85306487016243,925.3402350559285,,,,False,False,not_attempted,0,0,0,0,44,2,0.045454545454545456,145.56124751879682,1865.0,False,,,False,4,0
nn,static_live,35,2100.0,35.0,7,recovering,recovering,4 5 32 67,3297,2.0833333333333335,0.48,0.2,31.639034432342793,18.583333333333332,7,1,6,4.128089911275295,4.128089911275295,171.13241416191676,60.0,2160.0,0.0,0.0,0.0,10.21008449990768,0.0,0.0,171.13241416191676,2160.0,69.18759571705957,899.6935466689083,,,,False,False,not_attempted,0,0,0,0,24,0,0.0,144.69580741556277,1991.0,False,,,False,4,0
nn,static_live,36,2160.0,36.0,7,recovering,recovering,4 5 32 67,3297,1.976284584980237,0.506,0.24,31.923950106466968,18.6,6,0,6,0.3733333333333333,0.3733333333333333,171.5057474952501,60.0,2220.0,0.0,0.0,0.0,10.21008449990768,0.0,0.0,171.5057474952501,2220.0,64.89946886025227,778.7344663757339,,,,False,False,not_attempted,0,0,0,0,0,0,0.0,144.60247408222943,1991.0,False,,,False,1,0
nn,static_live,37,2220.0,37.0,7,recovering,recovering,4 5 32 67,3297,1.8796992481203008,0.532,0.28,32.18545655326324,18.616666666666667,6,4,2,0.9066491057109506,0.22666227642773765,172.41239660096105,60.0,2280.0,0.0,0.0,0.0,10.21008449990768,0.0,0.0,172.41239660096105,2280.0,63.72621029679262,777.8691307728698,,,,False,False,not_attempted,0,0,0,0,4,2,0.5,144.3218283773329,1996.0,False,,,False,1,0
nn,static_live,38,2280.0,38.0,7,recovering,recovering,4 5 32 67,3297,1.7921146953405016,0.558,0.32,32.42632495164275,18.633333333333333,2,0,2,0.09333333333333332,0.09333333333333332,172.50572993429438,60.0,2340.0,0.0,0.0,0.0,10.21008449990768,0.0,0.0,172.50572993429438,2340.0,61.80582345154928,627.2633842687085,,,,False,False,not_attempted,0,0,0,0,0,0,0.0,144.22849504399957,1996.0,False,,,False,1,0
nn,static_live,39,2340.0,39.0,7,recovering,recovering,4 5 32 67,3297,1.7123287671232879,0.584,0.36,32.64890568312535,18.65,2,1,1,0.6482711403578301,0.6482711403578301,173.1540010746522,60.0,2400.0,0.0,0.0,0.0,10.21008449990768,0.0,0.0,173.1540010746522,2400.0,60.86378196750029,617.4340683948953,,,,False,False,not_attempted,0,0,0,0,7,1,0.14285714285714285,143.58022390364172,1996.0,False,,,False,1,0
nn,static_live,40,2400.0,40.0,8,recovering,recovering,4 5 32 67,3297,1.639344262295082,0.61,0.4,32.855205282099924,18.666666666666668,1,0,1,3.627363457379055,3.627363457379055,176.78136453203126,60.0,2460.0,0.0,0.0,0.0,10.21008449990768,0.0,0.0,176.78136453203126,2460.0,59.4153195717676,605.25380151107,,,,False,False,not_attempted,0,0,0,0,14,0,0.0,139.95286044626266,1996.0,False,,,False,1,0
nn,static_live,41,2460.0,41.0,8,recovering,recovering,4 5 32 67,3297,1.572327044025157,0.636,0.44,33.04694709581491,18.683333333333334,1,0,1,0.09397857528536928,0.09397857528536928,176.87534310731664,60.0,2520.0,0.0,0.0,0.0,10.21008449990768,0.0,0.0,176.87534310731664,2520.0,54.53952688076852,545.3790446873771,,,,False,False,not_attempted,0,0,0,0,0,0,0.0,139.8588818709773,1996.0,False,,,False,1,0
nn,static_live,42,2520.0,42.0,8,recovering,recovering,4 5 32 67,3297,1.5105740181268883,0.6619999999999999,0.48,33.22561954037959,18.7,1,0,1,0.09333333333333332,0.09333333333333332,176.96867644064997,60.0,2580.0,0.0,0.0,0.0,10.21008449990768,0.0,0.0,176.96867644064997,2580.0,53.02459551830654,525.6387653749241,,,,False,False,not_attempted,0,0,0,0,0,0,0.0,139.76554853764398,1996.0,False,,,False,0,0
nn,static_live,43,2580.0,43.0,8,recovering,recovering,4 5 32 67,3297,1.4534883720930234,0.688,0.52,33.3925148144014,18.716666666666665,1,1,0,47.99334357202596,47.99334357202596,224.96202001267594,524.3510773115695,3104.3510773115695,0.0,0.0,0.0,10.21008449990768,0.0,0.0,224.96202001267594,3104.3510773115695,51.77204449335692,525.4619525498144,,,,False,False,not_attempted,0,0,0,0,687,77,0.11208151382823872,132.5221267766176,1996.0,True,,,False,0,0
nn,static_frozen,0,0.0,0.0,0,normal,initial,4 5 32 67,0,1.0,1.0,0.0,34.78037077224997,18.0,84,0,84,16.660400703942315,16.660400703942315,16.660400703942315,60.0,60.0,9.957765099941753,0.252319399965927,10.21008449990768,10.21008449990768,0.0,0.0,16.660400703942315,60.0,162.58793156149096,2761.487785832027,,,,False,False,initial_plan,0,0,0,0,97,0,0.0,177.83388229329896,0.0,False,,,True,10,10
nn,static_frozen,1,60.0,1.0,0,normal,normal,4 5 32 67,0,1.0,1.0,0.0,34.78037077224997,18.016666666666666,84,0,84,2.671835477730445,2.671835477730445,19.332236181672762,60.0,120.0,0.0,0.0,0.0,10.21008449990768,0.0,0.0,19.332236181672762,120.0,144.89809698360446,2603.2770542730404,,,,False,False,not_attempted,0,0,0,0,24,0,0.0,177.65141542411558,0.0,False,,,False,9,10
nn,static_frozen,2,120.0,2.0,0,normal,normal,4 5 32 67,0,1.0,1.0,0.0,34.78037077224997,18.033333333333335,84,6,78,2.2336491502253266,0.37227485837088775,21.565885331898087,60.0,180.0,0.0,0.0,0.0,10.21008449990768,0.0,0.0,21.565885331898087,180.0,142.35879798598543,2603.2770542730404,,,,False,False,not_attempted,0,0,0,0,25,0,0.0,177.33697396192156,239.0,False,,,False,9,4
nn,static_frozen,3,180.0,3.0,0,normal,normal,4 5 32 67,0,1.0,1.0,0.0,34.78037077224997,18.05,78,4,74,4.632857667324735,1.1582144168311836,26.198742999222823,60.0,240.0,0.0,0.0,0.0,10.21008449990768,0.0,0.0,26.198742999222823,240.0,140.51455427701427,2575.2504365841983,,,,False,False,not_attempted,0,0,0,0,75,0,0.0,176.58965573332028,239.0,False,,,False,9,0
nn,static_frozen,4,240.0,4.0,0,normal,normal,4 5 32 67,0,1.0,1.0,0.0,34.78037077224997,18.066666666666666,74,0,74,2.1890984112485845,2.1890984112485845,28.387841410471406,60.0,300.0,0.0,0.0,0.0,10.21008449990768,0.0,0.0,28.387841410471406,300.0,135.7776609100203,2453.4542174026838,,,,False,False,not_attempted,0,0,0,0,38,0,0.0,176.38162922177597,239.0,False,,,False,9,0
nn,static_frozen,5,300.0,5.0,1,normal,normal,4 5 32 67,0,1.0,1.0,0.0,34.78037077224997,18.083333333333332,74,3,71,4.763597379502395,1.587865793167465,33.1514387899738,60.0,360.0,0.0,0.0,0.0,10.21008449990768,0.0,0.0,33.1514387899738,360.0,133.8378687044175,2453.4542174026838,,,,False,False,not_attempted,0,0,0,0,105,0,0.0,175.72436508422112,402.0,False,,,False,9,0
nn,static_frozen,6,360.0,6.0,1,normal,normal,4 5 32 67,0,1.0,1.0,0.0,34.78037077224997,18.1,71,2,69,4.5988841917568095,2.2994420958784048,37.75032298173061,60.0,420.0,0.0,0.0,0.0,10.21008449990768,0.0,0.0,37.75032298173061,420.0,128.65555322310212,2295.479016670314,,,,False,False,not_attempted,0,0,0,0,68,0,0.0,173.98774183949396,422.0,False,,,False,9,0
nn,static_frozen,7,420.0,7.0,1,normal,normal,4 5 32 67,0,1.0,1.0,0.0,34.78037077224997,18.116666666666667,69,3,66,4.0596296318654135,1.353209877288471,41.809952613596025,60.0,480.0,0.0,0.0,0.0,10.21008449990768,0.0,0.0,41.809952613596025,480.0,123.9692432558826,2295.479016670314,,,,False,False,not_attempted,0,0,0,0,59,0,0.0,172.73804103501027,477.0,False,,,False,8,0
nn,static_frozen,8,480.0,8.0,1,normal,normal,4 5 32 67,0,1.0,1.0,0.0,34.78037077224997,18.133333333333333,66,3,63,2.9617497333409846,0.9872499111136616,44.77170234693701,60.0,540.0,0.0,0.0,0.0,10.21008449990768,0.0,0.0,44.77170234693701,540.0,120.21492095922403,2165.047520150499,,,,False,False,not_attempted,0,0,0,0,53,0,0.0,172.64470770167694,647.0,False,,,False,8,0
nn,static_frozen,9,540.0,9.0,1,normal,normal,4 5 32 67,0,1.0,1.0,0.0,34.78037077224997,18.15,63,2,61,1.360887868666041,0.6804439343330205,46.13259021560305,60.0,600.0,0.0,0.0,0.0,10.21008449990768,0.0,0.0,46.13259021560305,600.0,117.0907644351915,2165.047520150499,,,,False,False,not_attempted,0,0,0,0,35,0,0.0,172.53888579406538,647.0,False,,,False,8,0
nn,static_frozen,10,600.0,10.0,2,degrading,degrading,4 5 32 67,0,1.0,1.0,0.0,34.78037077224997,18.166666666666668,61,4,57,3.3611376239174127,0.8402844059793532,49.49372783952047,60.0,660.0,0.0,0.0,0.0,10.21008449990768,0.0,0.0,49.49372783952047,660.0,115.72549646918236,2159.671519313145,,,,False,False,not_attempted,0,0,0,0,46,0,0.0,172.28418379893967,647.0,False,,,False,8,0
nn,static_frozen,11,660.0,11.0,2,degrading,degrading,4 5 32 67,3297,1.06951871657754,0.935,0.0,34.560176101620044,18.183333333333334,57,1,56,5.340275417897194,5.340275417897194,54.83400325741766,60.0,720.0,0.0,0.0,0.0,10.21008449990768,0.0,0.0,54.83400325741766,720.0,117.16143042587669,2108.634914893568,,,,False,False,not_attempted,0,0,0,0,51,4,0.0784313725490196,170.6107783742012,659.0,False,,,False,8,0
nn,static_frozen,12,720.0,12.0,2,degrading,degrading,4 5 32 67,3297,1.1494252873563218,0.87,0.0,34.310498050478834,18.2,56,2,54,1.8604188735033746,0.9302094367516873,56.69442213092104,60.0,780.0,0.0,0.0,0.0,10.21008449990768,0.0,0.0,56.69442213092104,780.0,117.33129311478625,1982.35754797492,,,,False,False,not_attempted,0,0,0,0,39,8,0.20512820512820512,170.20338483629783,743.0,False,,,False,8,0
nn,static_frozen,13,780.0,13.0,2,degrading,degrading,4 5 32 67,3297,1.2422360248447206,0.8049999999999999,0.0,34.02499013221328,18.216666666666665,54,2,52,3.2466121475565215,1.6233060737782607,59.94103427847756,60.0,840.0,0.0,0.0,0.0,10.21008449990768,0.0,0.0,59.94103427847756,840.0,121.19624963209394,1995.7452072017834,,,,False,False,not_attempted,0,0,0,0,51,2,0.0392156862745098,170.1100515029645,843.0,False,,,False,8,0
nn,static_frozen,14,840.0,14.0,2,degrading,degrading,4 5 32 67,3297,1.3513513513513513,0.74,0.0,33.6953435654809,18.233333333333334,52,3,49,5.538843894577867,1.8462812981926222,65.47987817305543,60.0,900.0,0.0,0.0,0.0,10.21008449990768,0.0,0.0,65.47987817305543,900.0,124.9650560140669,1982.8042911758967,,,,False,False,not_attempted,0,0,0,0,39,3,0.07692307692307693,167.71471727564924,843.0,False,,,False,8,0
nn,static_frozen,15,900.0,15.0,3,degrading,degrading,4 5 32 67,3297,1.4814814814814814,0.675,0.0,33.31046532709174,18.25,49,1,48,3.4773772266584624,3.4773772266584624,68.95725539971389,60.0,960.0,0.0,0.0,0.0,10.21008449990768,0.0,0.0,68.95725539971389,960.0,126.07398209440373,1840.8869930720005,,,,False,False,not_attempted,0,0,0,0,35,0,0.0,166.20343873996322,853.0,False,,,False,8,0
nn,static_frozen,16,960.0,16.0,3,degrading,degrading,4 5 32 67,3297,1.639344262295082,0.61,0.0,32.855205282099924,18.266666666666666,48,5,43,6.482042553625499,1.2964085107250998,75.43929795333939,60.0,1020.0,0.0,0.0,0.0,10.21008449990768,0.0,0.0,75.43929795333939,1020.0,130.96954840547912,1854.728783948661,,,,False,False,not_attempted,0,0,0,0,87,8,0.09195402298850575,164.72423250848738,1087.0,False,,,False,8,0
nn,static_frozen,17,1020.0,17.0,3,degrading,degrading,4 5 32 67,3297,1.8348623853211008,0.545,0.0,32.30831473973112,18.283333333333335,43,0,43,2.5086531333901543,2.5086531333901543,77.94795108672955,60.0,1080.0,0.0,0.0,0.0,10.21008449990768,0.0,0.0,77.94795108672955,1080.0,132.84502925138815,1824.2975278749773,,,,False,False,not_attempted,0,0,0,0,32,6,0.1875,164.47158796189908,1087.0,False,,,False,8,0
nn,static_frozen,18,1080.0,18.0,3,degrading,degrading,4 5 32 67,3297,2.0833333333333335,0.48,0.0,31.639034432342793,18.3,43,3,40,1.5419978032574708,0.5139992677524903,79.48994888998702,60.0,1140.0,0.0,0.0,0.0,10.21008449990768,0.0,0.0,79.48994888998702,1140.0,140.39688027110444,1854.8224468506626,,,,False,False,not_attempted,0,0,0,0,30,0,0.0,164.37825462856574,1087.0,False,,,False,8,0
nn,static_frozen,19,1140.0,19.0,3,degrading,degrading,4 5 32 67,3297,2.409638554216868,0.4149999999999999,0.0,30.801103123260912,18.316666666666666,40,3,37,2.2769210457860343,0.7589736819286781,81.76686993577306,60.0,1200.0,0.0,0.0,0.0,10.21008449990768,0.0,0.0,81.76686993577306,1200.0,151.48025552959504,1780.7316563692862,,,,False,False,not_attempted,0,0,0,0,48,2,0.041666666666666664,164.2614882390681,1087.0,False,,,False,8,0
nn,static_frozen,20,1200.0,20.0,4,disrupted,holding,4 5 32 67,3297,2.857142857142857,0.35,0.0,29.721583997399517,18.333333333333332,37,2,35,7.499260370043713,3.7496301850218563,89.26613030581677,60.0,1260.0,0.0,0.0,0.0,10.21008449990768,0.0,0.0,89.26613030581677,1260.0,166.02562228018635,1849.9245139266382,,,,False,False,not_attempted,0,0,0,0,58,10,0.1724137931034483,164.16815490573475,1270.0,False,,,False,7,0
nn,static_frozen,21,1260.0,21.0,4,disrupted,disrupted,4 5 32 67,3297,2.857142857142857,0.35,0.0,29.721583997399517,18.35,35,3,32,6.154060718983557,2.051353572994519,95.42019102480033,60.0,1320.0,0.0,0.0,0.0,10.21008449990768,0.0,0.0,95.42019102480033,1320.0,158.81740270214468,1715.2221466589883,,,,False,False,not_attempted,0,0,0,0,41,8,0.1951219512195122,163.48041749721614,1308.0,False,,,False,7,0
nn,static_frozen,22,1320.0,22.0,4,disrupted,disrupted,4 5 32 67,3297,2.857142857142857,0.35,0.0,29.721583997399517,18.366666666666667,32,2,30,5.2620346013605666,2.6310173006802833,100.6822256261609,60.0,1380.0,0.0,0.0,0.0,10.21008449990768,0.0,0.0,100.6822256261609,1380.0,152.1080357406995,1715.2221466589883,,,,False,False,not_attempted,0,0,0,0,23,6,0.2608695652173913,161.72790952552683,1351.0,False,,,False,7,0
nn,static_frozen,23,1380.0,23.0,4,disrupted,disrupted,4 5 32 67,3297,2.857142857142857,0.35,0.0,29.721583997399517,18.383333333333333,30,2,28,8.555604432712975,4.277802216356488,109.23783005887387,60.0,1440.0,0.0,0.0,0.0,10.21008449990768,0.0,0.0,109.23783005887387,1440.0,147.97361067469942,1654.1859013041321,,,,False,False,not_attempted,0,0,0,0,41,10,0.24390243902439024,161.6345761921935,1351.0,False,,,False,7,0
nn,static_frozen,24,1440.0,24.0,4,disrupted,disrupted,4 5 32 67,3297,2.857142857142857,0.35,0.0,29.721583997399517,18.4,28,3,25,8.680706668243454,2.893568889414485,117.91853672711733,60.0,1500.0,0.0,0.0,0.0,10.21008449990768,0.0,0.0,117.91853672711733,1500.0,141.09408690910442,1605.166717051403,,,,False,False,not_attempted,0,0,0,0,47,11,0.23404255319148937,158.4906140895239,1456.0,False,,,False,7,0
nn,static_frozen,25,1500.0,25.0,5,disrupted,disrupted,4 5 32 67,3297,2.857142857142857,0.35,0.0,29.721583997399517,18.416666666666668,25,0,25,10.730363974904508,10.730363974904508,128.64890070202185,60.0,1560.0,0.0,0.0,0.0,10.21008449990768,0.0,0.0,128.64890070202185,1560.0,130.5244858143064,1454.7761433238115,,,,False,False,not_attempted,0,0,0,0,14,8,0.5714285714285714,155.9755095860185,1456.0,False,,,False,7,0
nn,static_frozen,26,1560.0,26.0,5,disrupted,disrupted,4 5 32 67,3297,2.857142857142857,0.35,0.0,29.721583997399517,18.433333333333334,25,3,22,4.9405796058699,1.6468598686232998,133.58948030789173,60.0,1620.0,0.0,0.0,0.0,10.21008449990768,0.0,0.0,133.58948030789173,1620.0,120.293943431325,1454.7761433238115,,,,False,False,not_attempted,0,0,0,0,42,4,0.09523809523809523,154.60361618785845,1567.0,False,,,False,7,0
nn,static_frozen,27,1620.0,27.0,5,disrupted,disrupted,4 5 32 67,3297,2.857142857142857,0.35,0.0,29.721583997399517,18.45,22,2,20,10.011953170630228,5.005976585315114,143.60143347852195,60.0,1680.0,0.0,0.0,0.0,10.21008449990768,0.0,0.0,143.60143347852195,1680.0,118.65050902137824,1468.6700495803814,,,,False,False,not_attempted,0,0,0,0,26,14,0.5384615384615384,153.37379358913117,1567.0,False,,,False,7,0
nn,static_frozen,28,1680.0,28.0,5,disrupted,disrupted,4 5 32 67,3297,2.857142857142857,0.35,0.0,29.721583997399517,18.466666666666665,20,1,19,5.685977142183885,5.685977142183885,149.28741062070583,60.0,1740.0,0.0,0.0,0.0,10.21008449990768,0.0,0.0,149.28741062070583,1740.0,108.12813565589946,1411.5129994776348,,,,False,False,not_attempted,0,0,0,0,19,8,0.42105263157894735,150.47026234939148,1567.0,False,,,False,6,0
nn,static_frozen,29,1740.0,29.0,5,disrupted,disrupted,4 5 32 67,3297,2.857142857142857,0.35,0.0,29.721583997399517,18.483333333333334,19,3,16,5.937249186652034,1.9790830622173445,155.22465980735785,60.0,1800.0,0.0,0.0,0.0,10.21008449990768,0.0,0.0,155.22465980735785,1800.0,102.7083878153253,1351.5865917371345,,,,False,False,not_attempted,0,0,0,0,41,5,0.12195121951219512,147.6464131753238,1716.0,False,,,False,6,0
nn,static_frozen,30,1800.0,30.0,6,recovering,recovering,4 5 32 67,3297,2.857142857142857,0.35,0.0,29.721583997399517,18.5,16,1,15,4.514471952994665,4.514471952994665,159.7391317603525,60.0,1860.0,0.0,0.0,0.0,10.21008449990768,0.0,0.0,159.7391317603525,1860.0,97.21793059188906,1210.6967588389334,,,,False,False,not_attempted,0,0,0,0,21,4,0.19047619047619047,147.55307984199047,1716.0,False,,,False,5,0
nn,static_frozen,31,1860.0,31.0,6,recovering,recovering,4 5 32 67,3297,2.6595744680851063,0.376,0.04,30.188704347402066,18.516666666666666,15,3,12,4.456403457812535,1.485467819270845,164.19553521816505,60.0,1920.0,0.0,0.0,0.0,10.21008449990768,0.0,0.0,164.19553521816505,1920.0,89.58101460299423,1196.1984127092342,,,,False,False,not_attempted,0,0,0,0,8,5,0.625,144.93162514390005,1716.0,False,,,False,5,0
nn,static_frozen,32,1920.0,32.0,6,recovering,recovering,4 5 32 67,3297,2.4875621890547266,0.40199999999999997,0.08,30.607523974755804,18.533333333333335,12,2,10,3.74865803142389,1.874329015711945,167.94419324958895,60.0,1980.0,0.0,0.0,0.0,10.21008449990768,0.0,0.0,167.94419324958895,1980.0,83.00067156607886,1139.1420660160097,,,,False,False,not_attempted,0,0,0,0,15,3,0.2,144.47076962099342,1865.0,False,,,False,5,0
nn,static_frozen,33,1980.0,33.0,6,recovering,recovering,4 5 32 67,3297,2.336448598130841,0.428,0.12,30.985166120541283,18.55,10,1,9,1.9645700658893694,1.9645700658893694,169.90876331547832,60.0,2040.0,0.0,0.0,0.0,10.21008449990768,0.0,0.0,169.90876331547832,2040.0,78.55995707652826,1010.7519815969187,,,,False,False,not_attempted,0,0,0,0,20,1,0.05,144.3774362876601,1865.0,False,,,False,5,0
nn,static_frozen,34,2040.0,34.0,6,recovering,recovering,4 5 32 67,3297,2.2026431718061676,0.45399999999999996,0.16,31.327418971026407,18.566666666666666,9,1,8,2.6281442794039727,2.6281442794039727,172.5369075948823,60.0,2100.0,0.0,0.0,0.0,10.21008449990768,0.0,0.0,172.5369075948823,2100.0,75.11275486136773,1003.3228760099703,,,,False,False,not_attempted,0,0,0,0,43,1,0.023255813953488372,143.53338417099096,1865.0,False,,,False,4,0
nn,static_frozen,35,2100.0,35.0,7,recovering,recovering,4 5 32 67,3297,2.0833333333333335,0.48,0.2,31.639034432342793,18.583333333333332,8,2,6,4.6304052148364825,2.3152026074182412,177.1673128097188,60.0,2160.0,0.0,0.0,0.0,10.21008449990768,0.0,0.0,177.1673128097188,2160.0,70.86971682596344,922.9400089592434,,,,False,False,not_attempted,0,0,0,0,26,2,0.07692307692307693,142.70359868967785,1991.0,False,,,False,4,0
nn,static_frozen,36,2160.0,36.0,7,recovering,recovering,4 5 32 67,3297,1.976284584980237,0.506,0.24,31.923950106466968,18.6,6,0,6,0.3733333333333333,0.3733333333333333,177.54064614305213,60.0,2220.0,0.0,0.0,0.0,10.21008449990768,0.0,0.0,177.54064614305213,2220.0,64.89946886025227,778.7344663757339,,,,False,False,not_attempted,0,0,0,0,0,0,0.0,142.6102653563445,1991.0,False,,,False,1,0
nn,static_frozen,37,2220.0,37.0,7,recovering,recovering,4 5 32 67,3297,1.8796992481203008,0.532,0.28,32.18545655326324,18.616666666666667,6,4,2,0.411580640790395,0.10289516019759876,177.95222678384252,60.0,2280.0,0.0,0.0,0.0,10.21008449990768,0.0,0.0,177.95222678384252,2280.0,63.72621029679262,777.8691307728698,,,,False,False,not_attempted,0,0,0,0,1,1,1.0,142.36885422867985,1996.0,False,,,False,1,0
nn,static_frozen,38,2280.0,38.0,7,recovering,recovering,4 5 32 67,3297,1.7921146953405016,0.558,0.32,32.42632495164275,18.633333333333333,2,0,2,0.7125320402757301,0.7125320402757301,178.66475882411825,60.0,2340.0,0.0,0.0,0.0,10.21008449990768,0.0,0.0,178.66475882411825,2340.0,62.539908931555566,772.3542404303961,,,,False,False,not_attempted,0,0,0,0,2,2,1.0,141.6563221884041,1996.0,False,,,False,1,0
nn,static_frozen,39,2340.0,39.0,7,recovering,recovering,4 5 32 67,3297,1.7123287671232879,0.584,0.36,32.64890568312535,18.65,2,0,2,0.09333333333333332,0.09333333333333332,178.75809215745159,60.0,2400.0,0.0,0.0,0.0,10.21008449990768,0.0,0.0,178.75809215745159,2400.0,60.86378196750029,617.4340683948953,,,,False,False,not_attempted,0,0,0,0,0,0,0.0,141.56298885507076,1996.0,False,,,False,1,0
nn,static_frozen,40,2400.0,40.0,8,recovering,recovering,4 5 32 67,3297,1.639344262295082,0.61,0.4,32.855205282099924,18.666666666666668,2,1,1,3.58789022022403,3.58789022022403,182.34598237767563,60.0,2460.0,0.0,0.0,0.0,10.21008449990768,0.0,0.0,182.34598237767563,2460.0,59.997143997176096,617.0785455921298,,,,False,False,not_attempted,0,0,0,0,13,2,0.15384615384615385,137.97509863484677,1996.0,False,,,False,1,0
nn,static_frozen,41,2460.0,41.0,8,recovering,recovering,4 5 32 67,3297,1.572327044025157,0.636,0.44,33.04694709581491,18.683333333333334,1,0,1,0.8375415712932207,0.8375415712932207,183.18352394896885,60.0,2520.0,0.0,0.0,0.0,10.21008449990768,0.0,0.0,183.18352394896885,2520.0,55.35122179429555,591.3304697026797,,,,False,False,not_attempted,0,0,0,0,8,0,0.0,137.13755706355354,1996.0,False,,,False,1,0
nn,static_frozen,42,2520.0,42.0,8,recovering,recovering,4 5 32 67,3297,1.5105740181268883,0.6619999999999999,0.48,33.22561954037959,18.7,1,0,1,0.09333333333333332,0.09333333333333332,183.2768572823022,60.0,2580.0,0.0,0.0,0.0,10.21008449990768,0.0,0.0,183.2768572823022,2580.0,53.02459551830654,525.6387653749241,,,,False,False,not_attempted,0,0,0,0,0,0,0.0,137.0442237302202,1996.0,False,,,False,0,0
nn,static_frozen,43,2580.0,43.0,8,recovering,recovering,4 5 32 67,3297,1.4534883720930234,0.688,0.52,33.3925148144014,18.716666666666665,1,1,0,48.00144058652299,48.00144058652299,231.27829786882518,570.3281438591126,3150.3281438591125,0.0,0.0,0.0,10.21008449990768,0.0,0.0,231.27829786882518,3150.3281438591125,51.77204449335692,525.4619525498144,,,,False,False,not_attempted,0,0,0,0,632,115,0.1819620253164557,129.72928208789764,1996.0,True,,,False,0,0
aco,adaptive,0,0.0,0.0,0,normal,initial,4 5 32 67,0,1.0,1.0,0.0,34.78037077224997,18.0,84,0,84,18.680839634308782,18.680839634308782,18.680839634308782,60.0,60.0,9.003784299944527,22.83633279998321,31.84011709992774,31.84011709992774,0.0,0.0,18.680839634308782,60.0,129.8572811733068,2948.952446263193,,,,False,False,initial_plan,0,0,0,0,130,0,0.0,177.2717760608753,0.0,False,,,True,10,10
aco,adaptive,1,60.0,1.0,0,normal,normal,4 5 32 67,0,1.0,1.0,0.0,34.78037077224997,18.016666666666666,84,0,84,4.7680615934003905,4.7680615934003905,23.44890122770917,60.0,120.0,0.0,0.0,0.0,31.84011709992774,0.0,0.0,23.44890122770917,120.0,110.44402959570512,2884.5846107093394,,,,False,False,not_attempted,0,0,0,0,76,0,0.0,176.09020652430007,0.0,False,,,False,10,10
aco,adaptive,2,120.0,2.0,0,normal,normal,4 5 32 67,0,1.0,1.0,0.0,34.78037077224997,18.033333333333335,84,3,81,5.306297452810553,1.7687658176035177,28.755198680519726,60.0,180.0,0.0,0.0,0.0,31.84011709992774,0.0,0.0,28.755198680519726,180.0,105.15915328473176,2752.5964808827875,,,,False,False,not_attempted,0,0,0,0,66,0,0.0,174.7596401655785,215.0,False,,,False,9,7
aco,adaptive,3,180.0,3.0,0,normal,normal,4 5 32 67,0,1.0,1.0,0.0,34.78037077224997,18.05,81,3,78,4.660065898009958,1.5533552993366528,33.41526457852969,60.0,240.0,0.0,0.0,0.0,31.84011709992774,0.0,0.0,33.41526457852969,240.0,100.06592291517671,2752.5964808827875,,,,False,False,not_attempted,0,0,0,0,63,0,0.0,174.60001662259305,215.0,False,,,False,9,4
aco,adaptive,4,240.0,4.0,0,normal,normal,4 5 32 67,0,1.0,1.0,0.0,34.78037077224997,18.066666666666666,78,1,77,3.024516702171434,3.024516702171434,36.43978128070112,60.0,300.0,0.0,0.0,0.0,31.84011709992774,0.0,0.0,36.43978128070112,300.0,95.6512867909427,2700.7402108848582,,,,False,False,not_attempted,0,0,0,0,41,0,0.0,174.23595111138894,241.0,False,,,False,9,4
aco,adaptive,5,300.0,5.0,1,normal,normal,4 5 32 67,0,1.0,1.0,0.0,34.78037077224997,18.083333333333332,77,4,73,2.8679341198432,0.7169835299608,39.30771540054432,60.0,360.0,10.310196800041012,218.87439740006812,229.18459420010913,261.02471130003687,0.0,0.0,39.30771540054432,360.0,92.80451466956619,2531.148694412799,92.80451466956619,97.76350319187286,-4.958988522306669,True,False,incumbent_not_worse,6,28,0,0,31,0,0.0,174.1426177780556,402.0,False,,,True,9,2
aco,adaptive,6,360.0,6.0,1,normal,normal,4 5 32 67,0,1.0,1.0,0.0,34.78037077224997,18.1,73,3,70,3.5198933529509064,1.1732977843169687,42.82760875349523,60.0,420.0,0.0,0.0,0.0,261.02471130003687,0.0,0.0,42.82760875349523,420.0,89.49872562010101,2531.148694412799,,,,False,False,not_attempted,0,0,0,0,44,0,0.0,173.80269504982573,422.0,False,,,False,9,1
aco,adaptive,7,420.0,7.0,1,normal,normal,4 5 32 67,0,1.0,1.0,0.0,34.78037077224997,18.116666666666667,70,3,67,4.091652081357425,1.3638840271191415,46.91926083485265,60.0,480.0,0.0,0.0,0.0,261.02471130003687,0.0,0.0,46.91926083485265,480.0,86.23763270067052,2527.8765656637133,,,,False,False,not_attempted,0,0,0,0,30,0,0.0,171.7315048732715,641.0,False,,,False,9,1
aco,adaptive,8,480.0,8.0,1,normal,normal,4 5 32 67,0,1.0,1.0,0.0,34.78037077224997,18.133333333333333,67,4,63,1.9465284663171223,0.48663211657928057,48.86578930116977,60.0,540.0,0.0,0.0,0.0,261.02471130003687,0.0,0.0,48.86578930116977,540.0,82.12902723057795,2353.8339100285225,,,,False,False,not_attempted,0,0,0,0,27,0,0.0,171.63817153993816,647.0,False,,,False,9,0
aco,adaptive,9,540.0,9.0,1,normal,normal,4 5 32 67,0,1.0,1.0,0.0,34.78037077224997,18.15,63,4,59,3.8465037675471145,0.9616259418867786,52.71229306871688,60.0,600.0,0.0,0.0,0.0,261.02471130003687,0.0,0.0,52.71229306871688,600.0,80.2902564326039,2353.8339100285225,,,,False,False,not_attempted,0,0,0,0,34,0,0.0,171.54640459197284,647.0,False,,,False,9,0
aco,adaptive,10,600.0,10.0,2,degrading,degrading,4 5 32 67,0,1.0,1.0,0.0,34.78037077224997,18.166666666666668,59,2,57,2.2406318836965116,1.1203159418482558,54.95292495241339,60.0,660.0,5.8299978263676167e-05,130.15760150004644,130.1576598000247,391.1823711000616,0.0,0.0,54.95292495241339,660.0,76.26459852359919,2334.9570515159016,76.26459852359919,84.2003470171799,-7.935748493580704,True,False,incumbent_not_worse,7,16,0,0,28,0,0.0,171.29011539682318,871.0,False,,,True,9,0
aco,adaptive,11,660.0,11.0,2,degrading,degrading,4 5 32 67,3297,1.06951871657754,0.935,0.0,34.560176101620044,18.183333333333334,57,3,54,1.7766752839626236,0.5922250946542079,56.729600236376015,60.0,720.0,0.0,0.0,0.0,391.1823711000616,0.0,0.0,56.729600236376015,720.0,78.28970349046737,2196.4194545573405,,,,False,False,not_attempted,0,0,0,0,24,2,0.08333333333333333,171.19678206348985,871.0,False,,,False,7,0
aco,adaptive,12,720.0,12.0,2,degrading,degrading,4 5 32 67,3297,1.1494252873563218,0.87,0.0,34.310498050478834,18.2,54,4,50,2.497463496571138,0.6243658741427845,59.22706373294715,60.0,780.0,0.0,0.0,0.0,391.1823711000616,0.0,0.0,59.22706373294715,780.0,81.21960133202344,2200.854561865054,,,,False,False,not_attempted,0,0,0,0,26,7,0.2692307692307692,170.7053520396286,1037.0,False,,,False,7,0
aco,adaptive,13,780.0,13.0,2,degrading,degrading,4 5 32 67,3297,1.2422360248447206,0.8049999999999999,0.0,34.02499013221328,18.216666666666665,50,3,47,1.6662500079103153,0.5554166693034385,60.893313740857465,60.0,840.0,0.0,0.0,0.0,391.1823711000616,0.0,0.0,60.893313740857465,840.0,83.98610857785634,2166.868709473038,,,,False,False,not_attempted,0,0,0,0,24,1,0.041666666666666664,170.01502271405593,1037.0,False,,,False,7,0
aco,adaptive,14,840.0,14.0,2,degrading,degrading,4 5 32 67,3297,1.3513513513513513,0.74,0.0,33.6953435654809,18.233333333333334,47,2,45,1.6167015732952945,0.8083507866476473,62.51001531415276,60.0,900.0,0.0,0.0,0.0,391.1823711000616,0.0,0.0,62.51001531415276,900.0,88.3151623797488,1990.2759005873504,,,,False,False,not_attempted,0,0,0,0,12,0,0.0,169.912246448997,1037.0,False,,,False,7,0
aco,adaptive,15,900.0,15.0,3,degrading,degrading,4 5 32 67,3297,1.4814814814814814,0.675,0.0,33.31046532709174,18.25,45,4,41,1.2130265594403382,0.30325663986008455,63.7230418735931,60.0,960.0,10.111014000023715,96.91865949996281,107.02967349998653,498.2120446000481,0.0,0.0,63.7230418735931,960.0,94.27539697246662,1998.7406472033363,94.27539697246662,108.02102185620349,-13.745624883736866,True,False,incumbent_not_worse,8,30,0,0,28,4,0.14285714285714285,169.80947018393806,1142.0,False,,,True,7,0
aco,adaptive,16,960.0,16.0,3,degrading,degrading,4 5 32 67,3297,1.639344262295082,0.61,0.0,32.855205282099924,18.266666666666666,41,1,40,3.422713461628301,3.422713461628301,67.1457553352214,60.0,1020.0,0.0,0.0,0.0,498.2120446000481,0.0,0.0,67.1457553352214,1020.0,101.94325219319633,2009.0093562128932,,,,False,False,not_attempted,0,0,0,0,39,8,0.20512820512820512,169.5629603131352,1142.0,False,,,False,7,0
aco,adaptive,17,1020.0,17.0,3,degrading,degrading,4 5 32 67,3297,1.8348623853211008,0.545,0.0,32.30831473973112,18.283333333333335,40,2,38,7.8993059266010395,3.9496529633005197,75.04506126182244,60.0,1080.0,0.0,0.0,0.0,498.2120446000481,0.0,0.0,75.04506126182244,1080.0,108.12334826538421,1961.3772855666498,,,,False,False,not_attempted,0,0,0,0,34,16,0.47058823529411764,167.64889850495837,1142.0,False,,,False,7,0
aco,adaptive,18,1080.0,18.0,3,degrading,degrading,4 5 32 67,3297,2.0833333333333335,0.48,0.0,31.639034432342793,18.3,38,1,37,3.0300710546974723,3.0300710546974723,78.07513231651991,60.0,1140.0,0.0,0.0,0.0,498.2120446000481,0.0,0.0,78.07513231651991,1140.0,109.80488344231271,2158.8115450106516,,,,False,False,not_attempted,0,0,0,0,16,2,0.125,167.55556517162503,1391.0,False,,,False,6,0
aco,adaptive,19,1140.0,19.0,3,degrading,degrading,4 5 32 67,3297,2.409638554216868,0.4149999999999999,0.0,30.801103123260912,18.316666666666666,37,3,34,6.2992983683617245,2.0997661227872415,84.37443068488163,60.0,1200.0,0.0,0.0,0.0,498.2120446000481,0.0,0.0,84.37443068488163,1200.0,115.97252863583776,2027.7157517559833,,,,False,False,not_attempted,0,0,0,0,20,6,0.3,165.50341044242762,1391.0,False,,,False,5,0
aco,adaptive,20,1200.0,20.0,4,disrupted,holding,4 5 32 67,3297,2.857142857142857,0.35,0.0,29.721583997399517,18.333333333333332,34,2,32,6.273712756058128,3.136856378029064,90.64814344093976,60.0,1260.0,10.294270999962464,81.02971739997156,91.32398839993402,589.5360329999821,0.0,0.0,90.64814344093976,1260.0,120.49990597622941,2029.1018182288428,120.49990597622941,130.0027177458859,-9.502811769656475,True,False,incumbent_not_worse,6,17,0,0,18,6,0.3333333333333333,160.6458324815532,1530.0,False,,,True,5,0
aco,adaptive,21,1260.0,21.0,4,disrupted,disrupted,4 5 32 67,3297,2.857142857142857,0.35,0.0,29.721583997399517,18.35,32,0,32,4.074440292176708,4.074440292176708,94.72258373311647,60.0,1320.0,0.0,0.0,0.0,589.5360329999821,0.0,0.0,94.72258373311647,1320.0,114.54773964327083,1909.1018182288433,,,,False,False,not_attempted,0,0,0,0,8,2,0.25,157.09429583919203,1530.0,False,,,False,5,0
aco,adaptive,22,1320.0,22.0,4,disrupted,disrupted,4 5 32 67,3297,2.857142857142857,0.35,0.0,29.721583997399517,18.366666666666667,32,3,29,1.5964784220331034,0.5321594740110345,96.31906215514957,60.0,1380.0,0.0,0.0,0.0,589.5360329999821,0.0,0.0,96.31906215514957,1380.0,110.96973280130574,1909.1018182288433,,,,False,False,not_attempted,0,0,0,0,12,1,0.08333333333333333,157.0009625058587,1530.0,False,,,False,5,0
aco,adaptive,23,1380.0,23.0,4,disrupted,disrupted,4 5 32 67,3297,2.857142857142857,0.35,0.0,29.721583997399517,18.383333333333333,29,1,28,6.196512791642439,6.196512791642439,102.515574946792,60.0,1440.0,0.0,0.0,0.0,589.5360329999821,0.0,0.0,102.515574946792,1440.0,109.04191152884245,1864.030640331033,,,,False,False,not_attempted,0,0,0,0,16,6,0.375,155.27559631209334,1530.0,False,,,False,5,0
aco,adaptive,24,1440.0,24.0,4,disrupted,disrupted,4 5 32 67,3297,2.857142857142857,0.35,0.0,29.721583997399517,18.4,28,1,27,2.3995307390333283,2.3995307390333283,104.91510568582532,60.0,1500.0,0.0,0.0,0.0,589.5360329999821,0.0,0.0,104.91510568582532,1500.0,102.60976492855399,1793.0512725654678,,,,False,False,not_attempted,0,0,0,0,18,2,0.1111111111111111,153.74212100339466,1530.0,False,,,False,5,0
aco,adaptive,25,1500.0,25.0,5,disrupted,disrupted,4 5 32 67,3297,2.857142857142857,0.35,0.0,29.721583997399517,18.416666666666668,27,2,25,1.0623706732651956,0.5311853366325978,105.97747635909052,60.0,1560.0,6.54000323265791e-05,27.507210400071926,27.507275800104253,617.0433088000864,0.0,0.0,105.97747635909052,1560.0,100.64422067067159,1745.619979616555,100.64422067067159,106.3732772157141,-5.729056545042511,True,False,incumbent_not_worse,6,9,0,0,17,1,0.058823529411764705,153.64878767006132,1530.0,False,,,True,5,0
aco,adaptive,26,1560.0,26.0,5,disrupted,disrupted,4 5 32 67,3297,2.857142857142857,0.35,0.0,29.721583997399517,18.433333333333334,25,2,23,2.602033202418511,1.3010166012092554,108.57950956150903,60.0,1620.0,0.0,0.0,0.0,617.0433088000864,0.0,0.0,108.57950956150903,1620.0,98.69484648766682,1618.9901955662347,,,,False,False,not_attempted,0,0,0,0,5,2,0.4,153.21898205095158,1530.0,False,,,False,5,0
aco,adaptive,27,1620.0,27.0,5,disrupted,disrupted,4 5 32 67,3297,2.857142857142857,0.35,0.0,29.721583997399517,18.45,23,2,21,3.371146292770314,1.685573146385157,111.95065585427935,60.0,1680.0,0.0,0.0,0.0,617.0433088000864,0.0,0.0,111.95065585427935,1680.0,95.75027161230899,1618.9901955662347,,,,False,False,not_attempted,0,0,0,0,28,1,0.03571428571428571,152.24523533369228,1530.0,False,,,False,5,0
aco,adaptive,28,1680.0,28.0,5,disrupted,disrupted,4 5 32 67,3297,2.857142857142857,0.35,0.0,29.721583997399517,18.466666666666665,21,0,21,4.714355058459057,4.714355058459057,116.66501091273841,60.0,1740.0,0.0,0.0,0.0,617.0433088000864,0.0,0.0,116.66501091273841,1740.0,93.12381706583533,1486.3609955966253,,,,False,False,not_attempted,0,0,0,0,13,4,0.3076923076923077,151.3418955056561,1530.0,False,,,False,5,0
aco,adaptive,29,1740.0,29.0,5,disrupted,disrupted,4 5 32 67,3297,2.857142857142857,0.35,0.0,29.721583997399517,18.483333333333334,21,2,19,2.171733454233284,1.085866727116642,118.8367443669717,60.0,1800.0,0.0,0.0,0.0,617.0433088000864,0.0,0.0,118.8367443669717,1800.0,88.14433711153367,1472.413749901555,,,,False,False,not_attempted,0,0,0,0,25,1,0.04,151.24856217232278,1530.0,False,,,False,4,0
aco,adaptive,30,1800.0,30.0,6,recovering,recovering,4 5 32 67,3297,2.857142857142857,0.35,0.0,29.721583997399517,18.5,19,2,17,1.3228746691975348,0.6614373345987674,120.15961903616923,60.0,1860.0,6.120000034570694e-05,10.787725600064732,10.787786800065078,627.8310956001515,0.0,0.0,120.15961903616923,1860.0,82.43557036882669,1357.086730857421,86.61785421510933,82.43557036882669,4.182283846282644,True,True,lower_residual_energy,3,4,3,4,17,1,0.058823529411764705,150.77956515906675,1548.0,False,,,True,4,0
aco,adaptive,31,1860.0,31.0,6,recovering,recovering,4 5 32 67,3297,2.6595744680851063,0.376,0.04,30.188704347402066,18.516666666666666,17,2,15,3.166259020137442,1.583129510068721,123.32587805630668,60.0,1920.0,0.0,0.0,0.0,627.8310956001515,0.0,0.0,123.32587805630668,1920.0,78.70290517855025,1356.4747972550415,,,,False,False,not_attempted,0,0,0,0,26,5,0.19230769230769232,149.9942095973041,1548.0,False,,,False,4,0
aco,adaptive,32,1920.0,32.0,6,recovering,recovering,4 5 32 67,3297,2.4875621890547266,0.40199999999999997,0.08,30.607523974755804,18.533333333333335,15,0,15,1.9548189497228328,1.9548189497228328,125.28069700602951,60.0,1980.0,0.0,0.0,0.0,627.8310956001515,0.0,0.0,125.28069700602951,1980.0,73.0476837870863,1349.86156937634,,,,False,False,not_attempted,0,0,0,0,34,1,0.029411764705882353,149.90087626397076,1548.0,False,,,False,4,0
aco,adaptive,33,1980.0,33.0,6,recovering,recovering,4 5 32 67,3297,2.336448598130841,0.428,0.12,30.985166120541283,18.55,15,2,13,6.526487233990755,3.2632436169953776,131.80718424002026,60.0,2040.0,0.0,0.0,0.0,627.8310956001515,0.0,0.0,131.80718424002026,2040.0,69.67554072253637,1182.752232297265,,,,False,False,not_attempted,0,0,0,0,25,4,0.16,146.61088817997577,1564.0,False,,,False,4,0
aco,adaptive,34,2040.0,34.0,6,recovering,recovering,4 5 32 67,3297,2.2026431718061676,0.45399999999999996,0.16,31.327418971026407,18.566666666666666,13,1,12,5.096973350338121,5.096973350338121,136.90415759035838,60.0,2100.0,0.0,0.0,0.0,627.8310956001515,0.0,0.0,136.90415759035838,2100.0,62.21368615042896,1182.337793343041,,,,False,False,not_attempted,0,0,0,0,17,5,0.29411764705882354,145.7978552485467,1564.0,False,,,False,4,0
aco,adaptive,35,2100.0,35.0,7,recovering,recovering,4 5 32 67,3297,2.0833333333333335,0.48,0.2,31.639034432342793,18.583333333333332,12,0,12,0.6775013261258302,0.6775013261258302,137.5816589164842,60.0,2160.0,10.240658199996687,3.6250186000252143,13.865676800021902,641.6967724001734,0.0,0.0,137.5816589164842,2160.0,54.26825384638392,1181.3339363664252,55.72707926616852,54.26825384638392,1.4588254197846027,True,True,lower_residual_energy,2,1,2,1,40,0,0.0,145.70452191521338,1564.0,False,,,True,3,0
aco,adaptive,36,2160.0,36.0,7,recovering,recovering,4 5 32 67,3297,1.976284584980237,0.506,0.24,31.923950106466968,18.6,12,3,9,2.73401089454923,0.9113369648497432,140.31566981103344,60.0,2220.0,0.0,0.0,0.0,641.6967724001734,0.0,0.0,140.31566981103344,2220.0,52.698239530270065,1120.742949233408,,,,False,False,not_attempted,0,0,0,0,6,5,0.8333333333333334,143.43129602252836,1780.0,False,,,False,3,0
aco,adaptive,37,2220.0,37.0,7,recovering,recovering,4 5 32 67,3297,1.8796992481203008,0.532,0.28,32.18545655326324,18.616666666666667,9,0,9,0.7924336105856324,0.7924336105856324,141.10810342161906,60.0,2280.0,0.0,0.0,0.0,641.6967724001734,0.0,0.0,141.10810342161906,2280.0,48.48854124698084,1000.4437930100687,,,,False,False,not_attempted,0,0,0,0,2,0,0.0,143.33796268919502,1780.0,False,,,False,3,0
aco,adaptive,38,2280.0,38.0,7,recovering,recovering,4 5 32 67,3297,1.7921146953405016,0.558,0.32,32.42632495164275,18.633333333333333,9,2,7,0.6065347820918354,0.3032673910459177,141.7146382037109,60.0,2340.0,0.0,0.0,0.0,641.6967724001734,0.0,0.0,141.7146382037109,2340.0,46.25046005581715,1000.17251514446,,,,False,False,not_attempted,0,0,0,0,12,1,0.08333333333333333,142.96032228863,1780.0,False,,,False,3,0
aco,adaptive,39,2340.0,39.0,7,recovering,recovering,4 5 32 67,3297,1.7123287671232879,0.584,0.36,32.64890568312535,18.65,7,1,6,3.0899487002206514,3.0899487002206514,144.80458690393155,60.0,2400.0,0.0,0.0,0.0,641.6967724001734,0.0,0.0,144.80458690393155,2400.0,43.441697431295175,861.1844591227963,,,,False,False,not_attempted,0,0,0,0,8,0,0.0,141.12479821578054,1780.0,False,,,False,3,0
aco,adaptive,40,2400.0,40.0,8,recovering,recovering,4 5 32 67,3297,1.639344262295082,0.61,0.4,32.855205282099924,18.666666666666668,6,1,5,0.628044529440374,0.628044529440374,145.43263143337194,60.0,2460.0,10.304304899997078,1.2696643999079242,11.573969299905002,653.2707417000784,0.0,0.0,145.43263143337194,2460.0,39.861708039731894,860.9584023574888,39.861708039731894,39.861708039731894,0.0,True,False,incumbent_not_worse,0,0,0,0,19,0,0.0,141.0314648824472,1780.0,False,,,True,2,0
aco,adaptive,41,2460.0,41.0,8,recovering,recovering,4 5 32 67,3297,1.572327044025157,0.636,0.44,33.04694709581491,18.683333333333334,5,1,4,0.27581561809702043,0.27581561809702043,145.70844705146897,60.0,2520.0,0.0,0.0,0.0,653.2707417000784,0.0,0.0,145.70844705146897,2520.0,37.95620904055341,716.1441530219677,,,,False,False,not_attempted,0,0,0,0,7,0,0.0,140.98933583343202,1780.0,False,,,False,1,0
aco,adaptive,42,2520.0,42.0,8,recovering,recovering,4 5 32 67,3297,1.5105740181268883,0.6619999999999999,0.48,33.22561954037959,18.7,4,1,3,0.09580707030141514,0.09580707030141514,145.80425412177038,60.0,2580.0,0.0,0.0,0.0,653.2707417000784,0.0,0.0,145.80425412177038,2580.0,36.31326255474856,572.0037392895564,,,,False,False,not_attempted,0,0,0,0,0,0,0.0,140.98933583343202,1917.0,False,,,False,1,0
aco,adaptive,43,2580.0,43.0,8,recovering,recovering,4 5 32 67,3297,1.4534883720930234,0.688,0.52,33.3925148144014,18.716666666666665,3,1,2,0.48555203906528654,0.48555203906528654,146.28980616083567,60.0,2640.0,0.0,0.0,0.0,653.2707417000784,0.0,0.0,146.28980616083567,2640.0,35.042544465245605,568.290413800653,,,,False,False,not_attempted,0,0,0,0,6,0,0.0,140.98933583343202,1917.0,False,,,False,1,0
aco,adaptive,44,2640.0,44.0,8,recovering,recovering,4 5 32 67,3297,1.400560224089636,0.714,0.56,33.548760201463345,18.733333333333334,2,0,2,0.09333333333333332,0.09333333333333332,146.383139494169,60.0,2700.0,0.0,0.0,0.0,653.2707417000784,0.0,0.0,146.383139494169,2700.0,33.254535965277185,424.2810116695771,,,,False,False,not_attempted,0,0,0,0,0,0,0.0,140.98933583343202,1917.0,False,,,False,1,0
aco,adaptive,45,2700.0,45.0,9,recovering,recovering,4 5 32 67,3297,1.3513513513513513,0.74,0.6,33.6953435654809,18.75,2,1,1,0.4465352485035427,0.4465352485035427,146.82967474267255,60.0,2760.0,10.28206570004113,0.2511608999921009,10.533226600033231,663.8039683001116,0.0,0.0,146.82967474267255,2760.0,32.11147487028691,421.08005706689323,32.11147487028691,32.11147487028691,0.0,True,False,incumbent_not_worse,0,0,0,0,8,0,0.0,140.98933583343202,1917.0,False,,,True,1,0
aco,adaptive,46,2760.0,46.0,9,recovering,recovering,4 5 32 67,3297,1.3054830287206267,0.766,0.64,33.83313425811076,18.766666666666666,1,0,1,1.0560237359152411,1.0560237359152411,147.88569847858778,60.0,2820.0,0.0,0.0,0.0,663.8039683001116,0.0,0.0,147.88569847858778,2820.0,30.65780301632926,404.66716970587913,,,,False,False,not_attempted,0,0,0,0,24,0,0.0,140.98933583343202,1917.0,False,,,False,1,0
aco,adaptive,47,2820.0,47.0,9,recovering,recovering,4 5 32 67,3297,1.2626262626262625,0.792,0.68,33.96290037337764,18.783333333333335,1,0,1,0.09333333333333332,0.09333333333333332,147.97903181192112,60.0,2880.0,0.0,0.0,0.0,663.8039683001116,0.0,0.0,147.97903181192112,2880.0,28.43562281551018,404.53442835293527,,,,False,False,not_attempted,0,0,0,0,0,0,0.0,140.98933583343202,1917.0,False,,,False,0,0
aco,adaptive,48,2880.0,48.0,9,recovering,recovering,4 5 32 67,3297,1.2224938875305624,0.818,0.72,34.08532307300244,18.8,1,1,0,25.962418399467502,25.962418399467502,173.94145021138863,452.38078818478874,3332.380788184789,0.0,0.0,0.0,663.8039683001116,0.0,0.0,173.94145021138863,3332.380788184789,27.50856218499733,404.4101253256065,,,,False,False,not_attempted,0,0,0,0,293,88,0.3003412969283277,136.66702680346515,1922.0,True,,,False,0,0
aco,static_live,0,0.0,0.0,0,normal,initial,4 5 32 67,0,1.0,1.0,0.0,34.78037077224997,18.0,84,0,84,18.680839634308782,18.680839634308782,18.680839634308782,60.0,60.0,9.003784299944527,22.83633279998321,31.84011709992774,31.84011709992774,0.0,0.0,18.680839634308782,60.0,129.8572811733068,2948.952446263193,,,,False,False,initial_plan,0,0,0,0,130,0,0.0,177.2717760608753,0.0,False,,,True,10,10
aco,static_live,1,60.0,1.0,0,normal,normal,4 5 32 67,0,1.0,1.0,0.0,34.78037077224997,18.016666666666666,84,0,84,4.7680615934003905,4.7680615934003905,23.44890122770917,60.0,120.0,0.0,0.0,0.0,31.84011709992774,0.0,0.0,23.44890122770917,120.0,110.44402959570512,2884.5846107093394,,,,False,False,not_attempted,0,0,0,0,76,0,0.0,176.09020652430007,0.0,False,,,False,10,10
aco,static_live,2,120.0,2.0,0,normal,normal,4 5 32 67,0,1.0,1.0,0.0,34.78037077224997,18.033333333333335,84,3,81,5.306297452810553,1.7687658176035177,28.755198680519726,60.0,180.0,0.0,0.0,0.0,31.84011709992774,0.0,0.0,28.755198680519726,180.0,105.15915328473176,2752.5964808827875,,,,False,False,not_attempted,0,0,0,0,66,0,0.0,174.7596401655785,215.0,False,,,False,9,7
aco,static_live,3,180.0,3.0,0,normal,normal,4 5 32 67,0,1.0,1.0,0.0,34.78037077224997,18.05,81,3,78,4.660065898009958,1.5533552993366528,33.41526457852969,60.0,240.0,0.0,0.0,0.0,31.84011709992774,0.0,0.0,33.41526457852969,240.0,100.06592291517671,2752.5964808827875,,,,False,False,not_attempted,0,0,0,0,63,0,0.0,174.60001662259305,215.0,False,,,False,9,4
aco,static_live,4,240.0,4.0,0,normal,normal,4 5 32 67,0,1.0,1.0,0.0,34.78037077224997,18.066666666666666,78,1,77,3.024516702171434,3.024516702171434,36.43978128070112,60.0,300.0,0.0,0.0,0.0,31.84011709992774,0.0,0.0,36.43978128070112,300.0,95.6512867909427,2700.7402108848582,,,,False,False,not_attempted,0,0,0,0,41,0,0.0,174.23595111138894,241.0,False,,,False,9,4
aco,static_live,5,300.0,5.0,1,normal,normal,4 5 32 67,0,1.0,1.0,0.0,34.78037077224997,18.083333333333332,77,4,73,2.8679341198432,0.7169835299608,39.30771540054432,60.0,360.0,0.0,0.0,0.0,31.84011709992774,0.0,0.0,39.30771540054432,360.0,92.80451466956619,2531.148694412799,,,,False,False,not_attempted,0,0,0,0,31,0,0.0,174.1426177780556,402.0,False,,,False,9,2
aco,static_live,6,360.0,6.0,1,normal,normal,4 5 32 67,0,1.0,1.0,0.0,34.78037077224997,18.1,73,3,70,3.5198933529509064,1.1732977843169687,42.82760875349523,60.0,420.0,0.0,0.0,0.0,31.84011709992774,0.0,0.0,42.82760875349523,420.0,89.498725620101,2531.148694412799,,,,False,False,not_attempted,0,0,0,0,44,0,0.0,173.80269504982573,422.0,False,,,False,9,1
aco,static_live,7,420.0,7.0,1,normal,normal,4 5 32 67,0,1.0,1.0,0.0,34.78037077224997,18.116666666666667,70,3,67,4.091652081357425,1.3638840271191415,46.91926083485265,60.0,480.0,0.0,0.0,0.0,31.84011709992774,0.0,0.0,46.91926083485265,480.0,86.23763270067052,2527.8765656637133,,,,False,False,not_attempted,0,0,0,0,30,0,0.0,171.7315048732715,641.0,False,,,False,9,1
aco,static_live,8,480.0,8.0,1,normal,normal,4 5 32 67,0,1.0,1.0,0.0,34.78037077224997,18.133333333333333,67,4,63,1.9465284663171223,0.48663211657928057,48.86578930116977,60.0,540.0,0.0,0.0,0.0,31.84011709992774,0.0,0.0,48.86578930116977,540.0,82.12902723057795,2353.8339100285225,,,,False,False,not_attempted,0,0,0,0,27,0,0.0,171.63817153993816,647.0,False,,,False,9,0
aco,static_live,9,540.0,9.0,1,normal,normal,4 5 32 67,0,1.0,1.0,0.0,34.78037077224997,18.15,63,4,59,3.8465037675471145,0.9616259418867786,52.71229306871688,60.0,600.0,0.0,0.0,0.0,31.84011709992774,0.0,0.0,52.71229306871688,600.0,80.29025643260388,2353.8339100285225,,,,False,False,not_attempted,0,0,0,0,34,0,0.0,171.54640459197284,647.0,False,,,False,9,0
aco,static_live,10,600.0,10.0,2,degrading,degrading,4 5 32 67,0,1.0,1.0,0.0,34.78037077224997,18.166666666666668,59,2,57,2.2406318836965116,1.1203159418482558,54.95292495241339,60.0,660.0,0.0,0.0,0.0,31.84011709992774,0.0,0.0,54.95292495241339,660.0,76.26459852359919,2334.9570515159016,,,,False,False,not_attempted,0,0,0,0,28,0,0.0,171.29011539682318,871.0,False,,,False,9,0
aco,static_live,11,660.0,11.0,2,degrading,degrading,4 5 32 67,3297,1.06951871657754,0.935,0.0,34.560176101620044,18.183333333333334,57,3,54,1.7766752839626236,0.5922250946542079,56.729600236376015,60.0,720.0,0.0,0.0,0.0,31.84011709992774,0.0,0.0,56.729600236376015,720.0,78.28970349046737,2196.4194545573405,,,,False,False,not_attempted,0,0,0,0,24,2,0.08333333333333333,171.19678206348985,871.0,False,,,False,7,0
aco,static_live,12,720.0,12.0,2,degrading,degrading,4 5 32 67,3297,1.1494252873563218,0.87,0.0,34.310498050478834,18.2,54,4,50,2.497463496571138,0.6243658741427845,59.22706373294715,60.0,780.0,0.0,0.0,0.0,31.84011709992774,0.0,0.0,59.22706373294715,780.0,81.21960133202344,2200.854561865054,,,,False,False,not_attempted,0,0,0,0,26,7,0.2692307692307692,170.7053520396286,1037.0,False,,,False,7,0
aco,static_live,13,780.0,13.0,2,degrading,degrading,4 5 32 67,3297,1.2422360248447206,0.8049999999999999,0.0,34.02499013221328,18.216666666666665,50,3,47,1.6662500079103153,0.5554166693034385,60.893313740857465,60.0,840.0,0.0,0.0,0.0,31.84011709992774,0.0,0.0,60.893313740857465,840.0,83.98610857785634,2166.868709473038,,,,False,False,not_attempted,0,0,0,0,24,1,0.041666666666666664,170.01502271405593,1037.0,False,,,False,7,0
aco,static_live,14,840.0,14.0,2,degrading,degrading,4 5 32 67,3297,1.3513513513513513,0.74,0.0,33.6953435654809,18.233333333333334,47,2,45,1.6167015732952945,0.8083507866476473,62.51001531415276,60.0,900.0,0.0,0.0,0.0,31.84011709992774,0.0,0.0,62.51001531415276,900.0,88.3151623797488,1990.2759005873504,,,,False,False,not_attempted,0,0,0,0,12,0,0.0,169.912246448997,1037.0,False,,,False,7,0
aco,static_live,15,900.0,15.0,3,degrading,degrading,4 5 32 67,3297,1.4814814814814814,0.675,0.0,33.31046532709174,18.25,45,4,41,1.2130265594403382,0.30325663986008455,63.7230418735931,60.0,960.0,0.0,0.0,0.0,31.84011709992774,0.0,0.0,63.7230418735931,960.0,94.27539697246662,1998.7406472033363,,,,False,False,not_attempted,0,0,0,0,28,4,0.14285714285714285,169.80947018393806,1142.0,False,,,False,7,0
aco,static_live,16,960.0,16.0,3,degrading,degrading,4 5 32 67,3297,1.639344262295082,0.61,0.0,32.855205282099924,18.266666666666666,41,1,40,3.422713461628301,3.422713461628301,67.1457553352214,60.0,1020.0,0.0,0.0,0.0,31.84011709992774,0.0,0.0,67.1457553352214,1020.0,101.94325219319633,2009.0093562128932,,,,False,False,not_attempted,0,0,0,0,39,8,0.20512820512820512,169.5629603131352,1142.0,False,,,False,7,0
aco,static_live,17,1020.0,17.0,3,degrading,degrading,4 5 32 67,3297,1.8348623853211008,0.545,0.0,32.30831473973112,18.283333333333335,40,2,38,7.8993059266010395,3.9496529633005197,75.04506126182244,60.0,1080.0,0.0,0.0,0.0,31.84011709992774,0.0,0.0,75.04506126182244,1080.0,108.12334826538421,1961.3772855666498,,,,False,False,not_attempted,0,0,0,0,34,16,0.47058823529411764,167.64889850495837,1142.0,False,,,False,7,0
aco,static_live,18,1080.0,18.0,3,degrading,degrading,4 5 32 67,3297,2.0833333333333335,0.48,0.0,31.639034432342793,18.3,38,1,37,3.0300710546974723,3.0300710546974723,78.07513231651991,60.0,1140.0,0.0,0.0,0.0,31.84011709992774,0.0,0.0,78.07513231651991,1140.0,109.80488344231271,2158.8115450106516,,,,False,False,not_attempted,0,0,0,0,16,2,0.125,167.55556517162503,1391.0,False,,,False,6,0
aco,static_live,19,1140.0,19.0,3,degrading,degrading,4 5 32 67,3297,2.409638554216868,0.4149999999999999,0.0,30.801103123260912,18.316666666666666,37,3,34,6.2992983683617245,2.0997661227872415,84.37443068488163,60.0,1200.0,0.0,0.0,0.0,31.84011709992774,0.0,0.0,84.37443068488163,1200.0,115.97252863583776,2027.7157517559833,,,,False,False,not_attempted,0,0,0,0,20,6,0.3,165.50341044242762,1391.0,False,,,False,5,0
aco,static_live,20,1200.0,20.0,4,disrupted,holding,4 5 32 67,3297,2.857142857142857,0.35,0.0,29.721583997399517,18.333333333333332,34,2,32,6.273712756058128,3.136856378029064,90.64814344093976,60.0,1260.0,0.0,0.0,0.0,31.84011709992774,0.0,0.0,90.64814344093976,1260.0,120.49990597622941,2029.1018182288428,,,,False,False,not_attempted,0,0,0,0,18,6,0.3333333333333333,160.6458324815532,1530.0,False,,,False,5,0
aco,static_live,21,1260.0,21.0,4,disrupted,disrupted,4 5 32 67,3297,2.857142857142857,0.35,0.0,29.721583997399517,18.35,32,0,32,4.074440292176708,4.074440292176708,94.72258373311647,60.0,1320.0,0.0,0.0,0.0,31.84011709992774,0.0,0.0,94.72258373311647,1320.0,114.54773964327083,1909.1018182288433,,,,False,False,not_attempted,0,0,0,0,8,2,0.25,157.09429583919203,1530.0,False,,,False,5,0
aco,static_live,22,1320.0,22.0,4,disrupted,disrupted,4 5 32 67,3297,2.857142857142857,0.35,0.0,29.721583997399517,18.366666666666667,32,3,29,1.5964784220331034,0.5321594740110345,96.31906215514957,60.0,1380.0,0.0,0.0,0.0,31.84011709992774,0.0,0.0,96.31906215514957,1380.0,110.96973280130574,1909.1018182288433,,,,False,False,not_attempted,0,0,0,0,12,1,0.08333333333333333,157.0009625058587,1530.0,False,,,False,5,0
aco,static_live,23,1380.0,23.0,4,disrupted,disrupted,4 5 32 67,3297,2.857142857142857,0.35,0.0,29.721583997399517,18.383333333333333,29,1,28,6.196512791642439,6.196512791642439,102.515574946792,60.0,1440.0,0.0,0.0,0.0,31.84011709992774,0.0,0.0,102.515574946792,1440.0,109.04191152884245,1864.030640331033,,,,False,False,not_attempted,0,0,0,0,16,6,0.375,155.27559631209334,1530.0,False,,,False,5,0
aco,static_live,24,1440.0,24.0,4,disrupted,disrupted,4 5 32 67,3297,2.857142857142857,0.35,0.0,29.721583997399517,18.4,28,1,27,2.3995307390333283,2.3995307390333283,104.91510568582532,60.0,1500.0,0.0,0.0,0.0,31.84011709992774,0.0,0.0,104.91510568582532,1500.0,102.60976492855397,1793.0512725654678,,,,False,False,not_attempted,0,0,0,0,18,2,0.1111111111111111,153.74212100339466,1530.0,False,,,False,5,0
aco,static_live,25,1500.0,25.0,5,disrupted,disrupted,4 5 32 67,3297,2.857142857142857,0.35,0.0,29.721583997399517,18.416666666666668,27,2,25,1.0623706732651956,0.5311853366325978,105.97747635909052,60.0,1560.0,0.0,0.0,0.0,31.84011709992774,0.0,0.0,105.97747635909052,1560.0,100.64422067067159,1745.619979616555,,,,False,False,not_attempted,0,0,0,0,17,1,0.058823529411764705,153.64878767006132,1530.0,False,,,False,5,0
aco,static_live,26,1560.0,26.0,5,disrupted,disrupted,4 5 32 67,3297,2.857142857142857,0.35,0.0,29.721583997399517,18.433333333333334,25,2,23,2.602033202418511,1.3010166012092554,108.57950956150903,60.0,1620.0,0.0,0.0,0.0,31.84011709992774,0.0,0.0,108.57950956150903,1620.0,98.69484648766682,1618.9901955662347,,,,False,False,not_attempted,0,0,0,0,5,2,0.4,153.21898205095158,1530.0,False,,,False,5,0
aco,static_live,27,1620.0,27.0,5,disrupted,disrupted,4 5 32 67,3297,2.857142857142857,0.35,0.0,29.721583997399517,18.45,23,2,21,3.371146292770314,1.685573146385157,111.95065585427935,60.0,1680.0,0.0,0.0,0.0,31.84011709992774,0.0,0.0,111.95065585427935,1680.0,95.75027161230899,1618.9901955662347,,,,False,False,not_attempted,0,0,0,0,28,1,0.03571428571428571,152.24523533369228,1530.0,False,,,False,5,0
aco,static_live,28,1680.0,28.0,5,disrupted,disrupted,4 5 32 67,3297,2.857142857142857,0.35,0.0,29.721583997399517,18.466666666666665,21,0,21,4.714355058459057,4.714355058459057,116.66501091273841,60.0,1740.0,0.0,0.0,0.0,31.84011709992774,0.0,0.0,116.66501091273841,1740.0,93.12381706583533,1486.3609955966253,,,,False,False,not_attempted,0,0,0,0,13,4,0.3076923076923077,151.3418955056561,1530.0,False,,,False,5,0
aco,static_live,29,1740.0,29.0,5,disrupted,disrupted,4 5 32 67,3297,2.857142857142857,0.35,0.0,29.721583997399517,18.483333333333334,21,2,19,2.171733454233284,1.085866727116642,118.8367443669717,60.0,1800.0,0.0,0.0,0.0,31.84011709992774,0.0,0.0,118.8367443669717,1800.0,88.14433711153367,1472.413749901555,,,,False,False,not_attempted,0,0,0,0,25,1,0.04,151.24856217232278,1530.0,False,,,False,4,0
aco,static_live,30,1800.0,30.0,6,recovering,recovering,4 5 32 67,3297,2.857142857142857,0.35,0.0,29.721583997399517,18.5,19,2,17,1.3441502034167798,0.6720751017083899,120.18089457038847,60.0,1860.0,0.0,0.0,0.0,31.84011709992774,0.0,0.0,120.18089457038847,1860.0,86.61785421510933,1334.480133027023,,,,False,False,not_attempted,0,0,0,0,6,1,0.16666666666666666,150.77956515906675,1548.0,False,,,False,4,0
aco,static_live,31,1860.0,31.0,6,recovering,recovering,4 5 32 67,3297,2.6595744680851063,0.376,0.04,30.188704347402066,18.516666666666666,17,2,15,1.9681090048022711,0.9840545024011356,122.14900357519075,60.0,1920.0,0.0,0.0,0.0,31.84011709992774,0.0,0.0,122.14900357519075,1920.0,82.64102010427288,1332.6241924595754,,,,False,False,not_attempted,0,0,0,0,12,3,0.25,149.9942095973041,1548.0,False,,,False,4,0
aco,static_live,32,1920.0,32.0,6,recovering,recovering,4 5 32 67,3297,2.4875621890547266,0.40199999999999997,0.08,30.607523974755804,18.533333333333335,15,1,14,3.1688799657515827,3.1688799657515827,125.31788354094233,60.0,1980.0,0.0,0.0,0.0,31.84011709992774,0.0,0.0,125.31788354094233,1980.0,77.97179424157736,1325.715357906172,,,,False,False,not_attempted,0,0,0,0,20,2,0.1,149.90087626397076,1548.0,False,,,False,4,0
aco,static_live,33,1980.0,33.0,6,recovering,recovering,4 5 32 67,3297,2.336448598130841,0.428,0.12,30.985166120541283,18.55,14,1,13,4.2711012282317276,4.2711012282317276,129.58898476917406,60.0,2040.0,0.0,0.0,0.0,31.84011709992774,0.0,0.0,129.58898476917406,2040.0,73.37800575692646,1199.115844785738,,,,False,False,not_attempted,0,0,0,0,37,0,0.0,146.61088817997577,1564.0,False,,,False,4,0
aco,static_live,34,2040.0,34.0,6,recovering,recovering,4 5 32 67,3297,2.2026431718061676,0.45399999999999996,0.16,31.327418971026407,18.566666666666666,13,1,12,0.7668608484364654,0.7668608484364654,130.35584561761053,60.0,2100.0,0.0,0.0,0.0,31.84011709992774,0.0,0.0,130.35584561761053,2100.0,67.4458797694588,1198.7014058315142,,,,False,False,not_attempted,0,0,0,0,51,0,0.0,146.3026528857852,1564.0,False,,,False,4,0
aco,static_live,35,2100.0,35.0,7,recovering,recovering,4 5 32 67,3297,2.0833333333333335,0.48,0.2,31.639034432342793,18.583333333333332,12,1,11,3.0303338182382227,3.0303338182382227,133.38617943584876,60.0,2160.0,0.0,0.0,0.0,31.84011709992774,0.0,0.0,133.38617943584876,2160.0,64.82735511499241,1059.0931773993311,,,,False,False,not_attempted,0,0,0,0,15,1,0.06666666666666667,146.20931955245186,1564.0,False,,,False,4,0
aco,static_live,36,2160.0,36.0,7,recovering,recovering,4 5 32 67,3297,1.976284584980237,0.506,0.24,31.923950106466968,18.6,11,2,9,1.1712050898769424,0.5856025449384712,134.5573845257257,60.0,2220.0,0.0,0.0,0.0,31.84011709992774,0.0,0.0,134.5573845257257,2220.0,59.69585252097617,1058.7616125851303,,,,False,False,not_attempted,0,0,0,0,17,0,0.0,145.60154485883658,1717.0,False,,,False,2,0
aco,static_live,37,2220.0,37.0,7,recovering,recovering,4 5 32 67,3297,1.8796992481203008,0.532,0.28,32.18545655326324,18.616666666666667,9,2,7,0.34928200930078523,0.17464100465039262,134.9066665350265,60.0,2280.0,0.0,0.0,0.0,31.84011709992774,0.0,0.0,134.9066665350265,2280.0,56.54018595421006,1024.5042409763632,,,,False,False,not_attempted,0,0,0,0,6,0,0.0,145.50821152550324,1750.0,False,,,False,2,0
aco,static_live,38,2280.0,38.0,7,recovering,recovering,4 5 32 67,3297,1.7921146953405016,0.558,0.32,32.42632495164275,18.633333333333333,7,1,6,0.3181094241982593,0.3181094241982593,135.22477595922476,60.0,2340.0,0.0,0.0,0.0,31.84011709992774,0.0,0.0,135.22477595922476,2340.0,53.81659587839583,644.4608893602572,,,,False,False,not_attempted,0,0,0,0,1,0,0.0,145.2834354346383,1774.0,False,,,False,2,0
aco,static_live,39,2340.0,39.0,7,recovering,recovering,4 5 32 67,3297,1.7123287671232879,0.584,0.36,32.64890568312535,18.65,6,1,5,1.0904067908173982,1.0904067908173982,136.31518275004217,60.0,2400.0,0.0,0.0,0.0,31.84011709992774,0.0,0.0,136.31518275004217,2400.0,51.12882987649296,639.2709486047642,,,,False,False,not_attempted,0,0,0,0,8,0,0.0,144.668408171612,1774.0,False,,,False,2,0
aco,static_live,40,2400.0,40.0,8,recovering,recovering,4 5 32 67,3297,1.639344262295082,0.61,0.4,32.855205282099924,18.666666666666668,5,0,5,0.18666666666666665,0.18666666666666665,136.50184941670884,60.0,2460.0,0.0,0.0,0.0,31.84011709992774,0.0,0.0,136.50184941670884,2460.0,47.55333607252834,493.95691411535495,,,,False,False,not_attempted,0,0,0,0,0,0,0.0,144.57507483827865,1774.0,False,,,False,2,0
aco,static_live,41,2460.0,41.0,8,recovering,recovering,4 5 32 67,3297,1.572327044025157,0.636,0.44,33.04694709581491,18.683333333333334,5,2,3,2.496361933682244,1.248180966841122,138.99821135039107,60.0,2520.0,0.0,0.0,0.0,31.84011709992774,0.0,0.0,138.99821135039107,2520.0,45.46192576467195,489.59755651695815,,,,False,False,not_attempted,0,0,0,0,21,1,0.047619047619047616,142.5964921380068,1917.0,False,,,False,2,0
aco,static_live,42,2520.0,42.0,8,recovering,recovering,4 5 32 67,3297,1.5105740181268883,0.6619999999999999,0.48,33.22561954037959,18.7,3,0,3,3.1339074322886384,3.1339074322886384,142.13211878267973,60.0,2580.0,0.0,0.0,0.0,31.84011709992774,0.0,0.0,142.13211878267973,2580.0,40.85185688664433,456.7688075331407,,,,False,False,not_attempted,0,0,0,0,15,3,0.2,139.95270816481437,1917.0,False,,,False,2,0
aco,static_live,43,2580.0,43.0,8,recovering,recovering,4 5 32 67,3297,1.4534883720930234,0.688,0.52,33.3925148144014,18.716666666666665,3,0,3,1.255435691735968,1.255435691735968,143.38755447441568,60.0,2640.0,0.0,0.0,0.0,31.84011709992774,0.0,0.0,143.38755447441568,2640.0,36.154976132568855,339.80712911759286,,,,False,False,not_attempted,0,0,0,0,3,3,1.0,138.79060580641172,1917.0,False,,,False,2,0
aco,static_live,44,2640.0,44.0,8,recovering,recovering,4 5 32 67,3297,1.400560224089636,0.714,0.56,33.548760201463345,18.733333333333334,3,1,2,0.2928270643296755,0.2928270643296755,143.68038153874537,60.0,2700.0,0.0,0.0,0.0,31.84011709992774,0.0,0.0,143.68038153874537,2700.0,33.49408119141129,336.36424189959007,,,,False,False,not_attempted,0,0,0,0,8,0,0.0,138.69727247307839,1917.0,False,,,False,1,0
aco,static_live,45,2700.0,45.0,9,recovering,recovering,4 5 32 67,3297,1.3513513513513513,0.74,0.6,33.6953435654809,18.75,2,1,1,0.12052616579496588,0.12052616579496588,143.80090770454032,60.0,2760.0,0.0,0.0,0.0,31.84011709992774,0.0,0.0,143.80090770454032,2760.0,31.954674686163234,333.1632872969063,,,,False,False,not_attempted,0,0,0,0,1,0,0.0,138.68637126394705,1968.0,False,,,False,1,0
aco,static_live,46,2760.0,46.0,9,recovering,recovering,4 5 32 67,3297,1.3054830287206267,0.766,0.64,33.83313425811076,18.766666666666666,1,0,1,0.09333333333333332,0.09333333333333332,143.89424103787366,60.0,2820.0,0.0,0.0,0.0,31.84011709992774,0.0,0.0,143.89424103787366,2820.0,30.44162973949429,330.1796298735171,,,,False,False,not_attempted,0,0,0,0,0,0,0.0,138.68637126394705,1968.0,False,,,False,0,0
aco,static_live,47,2820.0,47.0,9,recovering,recovering,4 5 32 67,3297,1.2626262626262625,0.792,0.68,33.96290037337764,18.783333333333335,1,1,0,26.765311698289956,26.765311698289956,170.65955273616362,323.14500779547876,3143.1450077954787,0.0,0.0,0.0,31.84011709992774,0.0,0.0,170.65955273616362,3143.1450077954787,29.22316794412505,327.39186914964307,,,,False,False,not_attempted,0,0,0,0,321,102,0.3177570093457944,132.1419433190921,1968.0,True,,,False,0,0
aco,static_frozen,0,0.0,0.0,0,normal,initial,4 5 32 67,0,1.0,1.0,0.0,34.78037077224997,18.0,84,0,84,18.680839634308782,18.680839634308782,18.680839634308782,60.0,60.0,9.003784299944527,22.83633279998321,31.84011709992774,31.84011709992774,0.0,0.0,18.680839634308782,60.0,129.8572811733068,2948.952446263193,,,,False,False,initial_plan,0,0,0,0,130,0,0.0,177.2717760608753,0.0,False,,,True,10,10
aco,static_frozen,1,60.0,1.0,0,normal,normal,4 5 32 67,0,1.0,1.0,0.0,34.78037077224997,18.016666666666666,84,0,84,4.7680615934003905,4.7680615934003905,23.44890122770917,60.0,120.0,0.0,0.0,0.0,31.84011709992774,0.0,0.0,23.44890122770917,120.0,110.44402959570512,2884.5846107093394,,,,False,False,not_attempted,0,0,0,0,76,0,0.0,176.09020652430007,0.0,False,,,False,10,10
aco,static_frozen,2,120.0,2.0,0,normal,normal,4 5 32 67,0,1.0,1.0,0.0,34.78037077224997,18.033333333333335,84,3,81,5.306297452810553,1.7687658176035177,28.755198680519726,60.0,180.0,0.0,0.0,0.0,31.84011709992774,0.0,0.0,28.755198680519726,180.0,105.15915328473176,2752.5964808827875,,,,False,False,not_attempted,0,0,0,0,66,0,0.0,174.7596401655785,215.0,False,,,False,9,7
aco,static_frozen,3,180.0,3.0,0,normal,normal,4 5 32 67,0,1.0,1.0,0.0,34.78037077224997,18.05,81,3,78,4.660065898009958,1.5533552993366528,33.41526457852969,60.0,240.0,0.0,0.0,0.0,31.84011709992774,0.0,0.0,33.41526457852969,240.0,100.06592291517671,2752.5964808827875,,,,False,False,not_attempted,0,0,0,0,63,0,0.0,174.60001662259305,215.0,False,,,False,9,4
aco,static_frozen,4,240.0,4.0,0,normal,normal,4 5 32 67,0,1.0,1.0,0.0,34.78037077224997,18.066666666666666,78,1,77,3.024516702171434,3.024516702171434,36.43978128070112,60.0,300.0,0.0,0.0,0.0,31.84011709992774,0.0,0.0,36.43978128070112,300.0,95.6512867909427,2700.7402108848582,,,,False,False,not_attempted,0,0,0,0,41,0,0.0,174.23595111138894,241.0,False,,,False,9,4
aco,static_frozen,5,300.0,5.0,1,normal,normal,4 5 32 67,0,1.0,1.0,0.0,34.78037077224997,18.083333333333332,77,4,73,2.8679341198432,0.7169835299608,39.30771540054432,60.0,360.0,0.0,0.0,0.0,31.84011709992774,0.0,0.0,39.30771540054432,360.0,92.80451466956619,2531.148694412799,,,,False,False,not_attempted,0,0,0,0,31,0,0.0,174.1426177780556,402.0,False,,,False,9,2
aco,static_frozen,6,360.0,6.0,1,normal,normal,4 5 32 67,0,1.0,1.0,0.0,34.78037077224997,18.1,73,3,70,3.5198933529509064,1.1732977843169687,42.82760875349523,60.0,420.0,0.0,0.0,0.0,31.84011709992774,0.0,0.0,42.82760875349523,420.0,89.498725620101,2531.148694412799,,,,False,False,not_attempted,0,0,0,0,44,0,0.0,173.80269504982573,422.0,False,,,False,9,1
aco,static_frozen,7,420.0,7.0,1,normal,normal,4 5 32 67,0,1.0,1.0,0.0,34.78037077224997,18.116666666666667,70,3,67,4.091652081357425,1.3638840271191415,46.91926083485265,60.0,480.0,0.0,0.0,0.0,31.84011709992774,0.0,0.0,46.91926083485265,480.0,86.23763270067052,2527.8765656637133,,,,False,False,not_attempted,0,0,0,0,30,0,0.0,171.7315048732715,641.0,False,,,False,9,1
aco,static_frozen,8,480.0,8.0,1,normal,normal,4 5 32 67,0,1.0,1.0,0.0,34.78037077224997,18.133333333333333,67,4,63,1.9465284663171223,0.48663211657928057,48.86578930116977,60.0,540.0,0.0,0.0,0.0,31.84011709992774,0.0,0.0,48.86578930116977,540.0,82.12902723057795,2353.8339100285225,,,,False,False,not_attempted,0,0,0,0,27,0,0.0,171.63817153993816,647.0,False,,,False,9,0
aco,static_frozen,9,540.0,9.0,1,normal,normal,4 5 32 67,0,1.0,1.0,0.0,34.78037077224997,18.15,63,4,59,3.8465037675471145,0.9616259418867786,52.71229306871688,60.0,600.0,0.0,0.0,0.0,31.84011709992774,0.0,0.0,52.71229306871688,600.0,80.29025643260388,2353.8339100285225,,,,False,False,not_attempted,0,0,0,0,34,0,0.0,171.54640459197284,647.0,False,,,False,9,0
aco,static_frozen,10,600.0,10.0,2,degrading,degrading,4 5 32 67,0,1.0,1.0,0.0,34.78037077224997,18.166666666666668,59,2,57,2.2406318836965116,1.1203159418482558,54.95292495241339,60.0,660.0,0.0,0.0,0.0,31.84011709992774,0.0,0.0,54.95292495241339,660.0,76.26459852359919,2334.9570515159016,,,,False,False,not_attempted,0,0,0,0,28,0,0.0,171.29011539682318,871.0,False,,,False,9,0
aco,static_frozen,11,660.0,11.0,2,degrading,degrading,4 5 32 67,3297,1.06951871657754,0.935,0.0,34.560176101620044,18.183333333333334,57,3,54,1.7766752839626236,0.5922250946542079,56.729600236376015,60.0,720.0,0.0,0.0,0.0,31.84011709992774,0.0,0.0,56.729600236376015,720.0,78.28970349046737,2196.4194545573405,,,,False,False,not_attempted,0,0,0,0,24,2,0.08333333333333333,171.19678206348985,871.0,False,,,False,7,0
aco,static_frozen,12,720.0,12.0,2,degrading,degrading,4 5 32 67,3297,1.1494252873563218,0.87,0.0,34.310498050478834,18.2,54,4,50,2.571492160236222,0.6428730400590555,59.30109239661224,60.0,780.0,0.0,0.0,0.0,31.84011709992774,0.0,0.0,59.30109239661224,780.0,81.21960133202344,2200.854561865054,,,,False,False,not_attempted,0,0,0,0,36,17,0.4722222222222222,170.7053520396286,1037.0,False,,,False,7,0
aco,static_frozen,13,780.0,13.0,2,degrading,degrading,4 5 32 67,3297,1.2422360248447206,0.8049999999999999,0.0,34.02499013221328,18.216666666666665,50,3,47,1.8132453631573497,0.6044151210524499,61.11433775976959,60.0,840.0,0.0,0.0,0.0,31.84011709992774,0.0,0.0,61.11433775976959,840.0,84.0678362431181,2166.868709473038,,,,False,False,not_attempted,0,0,0,0,21,0,0.0,170.01502271405593,1037.0,False,,,False,7,0
aco,static_frozen,14,840.0,14.0,2,degrading,degrading,4 5 32 67,3297,1.3513513513513513,0.74,0.0,33.6953435654809,18.233333333333334,47,2,45,1.6167015732952945,0.8083507866476473,62.731039333064885,60.0,900.0,0.0,0.0,0.0,31.84011709992774,0.0,0.0,62.731039333064885,900.0,88.3151623797488,1990.2759005873504,,,,False,False,not_attempted,0,0,0,0,12,0,0.0,169.912246448997,1037.0,False,,,False,7,0
aco,static_frozen,15,900.0,15.0,3,degrading,degrading,4 5 32 67,3297,1.4814814814814814,0.675,0.0,33.31046532709174,18.25,45,4,41,1.2262337489958697,0.3065584372489674,63.95727308206075,60.0,960.0,0.0,0.0,0.0,31.84011709992774,0.0,0.0,63.95727308206075,960.0,94.27539697246662,1998.7406472033363,,,,False,False,not_attempted,0,0,0,0,32,4,0.125,169.80947018393806,1142.0,False,,,False,7,0
aco,static_frozen,16,960.0,16.0,3,degrading,degrading,4 5 32 67,3297,1.639344262295082,0.61,0.0,32.855205282099924,18.266666666666666,41,1,40,3.409506272072769,3.409506272072769,67.36677935413353,60.0,1020.0,0.0,0.0,0.0,31.84011709992774,0.0,0.0,67.36677935413353,1020.0,101.73349838621621,2009.0093562128932,,,,False,False,not_attempted,0,0,0,0,35,8,0.22857142857142856,169.5629603131352,1142.0,False,,,False,7,0
aco,static_frozen,17,1020.0,17.0,3,degrading,degrading,4 5 32 67,3297,1.8348623853211008,0.545,0.0,32.30831473973112,18.283333333333335,40,3,37,7.918082119601625,2.639360706533875,75.28486147373515,60.0,1080.0,0.0,0.0,0.0,31.84011709992774,0.0,0.0,75.28486147373515,1080.0,108.12334826538421,1961.3772855666498,,,,False,False,not_attempted,0,0,0,0,37,16,0.43243243243243246,167.64889850495837,1391.0,False,,,False,7,0
aco,static_frozen,18,1080.0,18.0,3,degrading,degrading,4 5 32 67,3297,2.0833333333333335,0.48,0.0,31.639034432342793,18.3,37,0,37,3.011294861696888,3.011294861696888,78.29615633543203,60.0,1140.0,0.0,0.0,0.0,31.84011709992774,0.0,0.0,78.29615633543203,1140.0,109.76140718324234,2158.8115450106516,,,,False,False,not_attempted,0,0,0,0,13,2,0.15384615384615385,167.55556517162503,1391.0,False,,,False,6,0
aco,static_frozen,19,1140.0,19.0,3,degrading,degrading,4 5 32 67,3297,2.409638554216868,0.4149999999999999,0.0,30.801103123260912,18.316666666666666,37,3,34,5.430655043979362,1.8102183479931206,83.72681137941139,60.0,1200.0,0.0,0.0,0.0,31.84011709992774,0.0,0.0,83.72681137941139,1200.0,115.97252863583776,2027.7157517559833,,,,False,False,not_attempted,0,0,0,0,21,7,0.3333333333333333,166.37205376680996,1391.0,False,,,False,5,0
aco,static_frozen,20,1200.0,20.0,4,disrupted,holding,4 5 32 67,3297,2.857142857142857,0.35,0.0,29.721583997399517,18.333333333333332,34,2,32,5.796320700376912,2.898160350188456,89.5231320797883,60.0,1260.0,0.0,0.0,0.0,31.84011709992774,0.0,0.0,89.5231320797883,1260.0,123.51865339033016,2029.1018182288428,,,,False,False,not_attempted,0,0,0,0,20,8,0.4,161.97240057130708,1530.0,False,,,False,5,0
aco,static_frozen,21,1260.0,21.0,4,disrupted,disrupted,4 5 32 67,3297,2.857142857142857,0.35,0.0,29.721583997399517,18.35,32,0,32,4.091125133083624,4.091125133083624,93.61425721287192,60.0,1320.0,0.0,0.0,0.0,31.84011709992774,0.0,0.0,93.61425721287192,1320.0,118.05286485318364,1970.4317997869641,,,,False,False,not_attempted,0,0,0,0,13,7,0.5384615384615384,158.40417908803894,1530.0,False,,,False,5,0
aco,static_frozen,22,1320.0,22.0,4,disrupted,disrupted,4 5 32 67,3297,2.857142857142857,0.35,0.0,29.721583997399517,18.366666666666667,32,3,29,4.700296978401563,1.5667656594671877,98.31455419127349,60.0,1380.0,0.0,0.0,0.0,31.84011709992774,0.0,0.0,98.31455419127349,1380.0,114.28493773301973,1910.450928333177,,,,False,False,not_attempted,0,0,0,0,17,6,0.35294117647058826,155.2070271983371,1530.0,False,,,False,5,0
aco,static_frozen,23,1380.0,23.0,4,disrupted,disrupted,4 5 32 67,3297,2.857142857142857,0.35,0.0,29.721583997399517,18.383333333333333,29,0,29,4.564479931210429,4.564479931210429,102.87903412248392,60.0,1440.0,0.0,0.0,0.0,31.84011709992774,0.0,0.0,102.87903412248392,1440.0,109.04191152884245,1864.030640331033,,,,False,False,not_attempted,0,0,0,0,14,4,0.2857142857142857,155.11369386500377,1530.0,False,,,False,5,0
aco,static_frozen,24,1440.0,24.0,4,disrupted,disrupted,4 5 32 67,3297,2.857142857142857,0.35,0.0,29.721583997399517,18.4,29,2,27,2.9739433248372293,1.4869716624186147,105.85297744732114,60.0,1500.0,0.0,0.0,0.0,31.84011709992774,0.0,0.0,105.85297744732114,1500.0,104.7481079312628,1793.0512725654678,,,,False,False,not_attempted,0,0,0,0,18,2,0.1111111111111111,153.00580597050123,1530.0,False,,,False,5,0
aco,static_frozen,25,1500.0,25.0,5,disrupted,disrupted,4 5 32 67,3297,2.857142857142857,0.35,0.0,29.721583997399517,18.416666666666668,27,2,25,2.1199909478933043,1.0599954739466522,107.97296839521444,60.0,1560.0,0.0,0.0,0.0,31.84011709992774,0.0,0.0,107.97296839521444,1560.0,101.85128026318397,1745.619979616555,,,,False,False,not_attempted,0,0,0,0,19,3,0.15789473684210525,151.8548523625398,1530.0,False,,,False,5,0
aco,static_frozen,26,1560.0,26.0,5,disrupted,disrupted,4 5 32 67,3297,2.857142857142857,0.35,0.0,29.721583997399517,18.433333333333334,25,1,24,2.265560916642086,2.265560916642086,110.23852931185652,60.0,1620.0,0.0,0.0,0.0,31.84011709992774,0.0,0.0,110.23852931185652,1620.0,98.69484648766682,1618.9901955662347,,,,False,False,not_attempted,0,0,0,0,4,1,0.25,151.76151902920645,1530.0,False,,,False,5,0
aco,static_frozen,27,1620.0,27.0,5,disrupted,disrupted,4 5 32 67,3297,2.857142857142857,0.35,0.0,29.721583997399517,18.45,24,3,21,3.021592041676297,1.0071973472254323,113.26012135353282,60.0,1680.0,0.0,0.0,0.0,31.84011709992774,0.0,0.0,113.26012135353282,1680.0,97.40124345167374,1618.9901955662347,,,,False,False,not_attempted,0,0,0,0,29,2,0.06896551724137931,151.13732656304114,1530.0,False,,,False,5,0
aco,static_frozen,28,1680.0,28.0,5,disrupted,disrupted,4 5 32 67,3297,2.857142857142857,0.35,0.0,29.721583997399517,18.466666666666665,21,0,21,4.784761947682239,4.784761947682239,118.04488330121507,60.0,1740.0,0.0,0.0,0.0,31.84011709992774,0.0,0.0,118.04488330121507,1740.0,93.12381706583533,1486.3609955966253,,,,False,False,not_attempted,0,0,0,0,12,3,0.25,150.16357984578184,1530.0,False,,,False,5,0
aco,static_frozen,29,1740.0,29.0,5,disrupted,disrupted,4 5 32 67,3297,2.857142857142857,0.35,0.0,29.721583997399517,18.483333333333334,21,2,19,2.7873531018805435,1.3936765509402718,120.8322364030956,60.0,1800.0,0.0,0.0,0.0,31.84011709992774,0.0,0.0,120.8322364030956,1800.0,88.92657339935967,1486.3609955966253,,,,False,False,not_attempted,0,0,0,0,26,2,0.07692307692307693,149.45462686480124,1530.0,False,,,False,4,0
aco,static_frozen,30,1800.0,30.0,6,recovering,recovering,4 5 32 67,3297,2.857142857142857,0.35,0.0,29.721583997399517,18.5,19,1,18,0.968486523494082,0.968486523494082,121.80072292658969,60.0,1860.0,0.0,0.0,0.0,31.84011709992774,0.0,0.0,121.80072292658969,1860.0,86.61785421510933,1334.480133027023,,,,False,False,not_attempted,0,0,0,0,5,0,0.0,149.3612935314679,1548.0,False,,,False,4,0
aco,static_frozen,31,1860.0,31.0,6,recovering,recovering,4 5 32 67,3297,2.6595744680851063,0.376,0.04,30.188704347402066,18.516666666666666,18,3,15,1.6278390310924433,0.5426130103641478,123.42856195768213,60.0,1920.0,0.0,0.0,0.0,31.84011709992774,0.0,0.0,123.42856195768213,1920.0,83.15925488311348,1332.6241924595754,,,,False,False,not_attempted,0,0,0,0,10,3,0.3,148.91620794341512,1548.0,False,,,False,4,0
aco,static_frozen,32,1920.0,32.0,6,recovering,recovering,4 5 32 67,3297,2.4875621890547266,0.40199999999999997,0.08,30.607523974755804,18.533333333333335,15,1,14,4.084461621815081,4.084461621815081,127.51302357949722,60.0,1980.0,0.0,0.0,0.0,31.84011709992774,0.0,0.0,127.51302357949722,1980.0,79.03735994350501,1325.715357906172,,,,False,False,not_attempted,0,0,0,0,22,4,0.18181818181818182,147.9072929540183,1548.0,False,,,False,4,0
aco,static_frozen,33,1980.0,33.0,6,recovering,recovering,4 5 32 67,3297,2.336448598130841,0.428,0.12,30.985166120541283,18.55,14,0,14,1.0744464775699976,1.0744464775699976,128.5874700570672,60.0,2040.0,0.0,0.0,0.0,31.84011709992774,0.0,0.0,128.5874700570672,2040.0,73.37800575692646,1199.115844785738,,,,False,False,not_attempted,0,0,0,0,22,0,0.0,147.81395962068495,1548.0,False,,,False,4,0
aco,static_frozen,34,2040.0,34.0,6,recovering,recovering,4 5 32 67,3297,2.2026431718061676,0.45399999999999996,0.16,31.327418971026407,18.566666666666666,14,2,12,2.078250633960751,1.0391253169803756,130.66572069102796,60.0,2100.0,0.0,0.0,0.0,31.84011709992774,0.0,0.0,130.66572069102796,2100.0,70.720422290428,1198.7014058315142,,,,False,False,not_attempted,0,0,0,0,55,2,0.03636363636363636,146.19433454097003,1564.0,False,,,False,4,0
aco,static_frozen,35,2100.0,35.0,7,recovering,recovering,4 5 32 67,3297,2.0833333333333335,0.48,0.2,31.639034432342793,18.583333333333332,12,1,11,5.347210440269018,5.347210440269018,136.01293113129697,60.0,2160.0,0.0,0.0,0.0,31.84011709992774,0.0,0.0,136.01293113129697,2160.0,67.06156929371535,1059.0931773993311,,,,False,False,not_attempted,0,0,0,0,24,1,0.041666666666666664,143.78412458560592,1564.0,False,,,False,4,0
aco,static_frozen,36,2160.0,36.0,7,recovering,recovering,4 5 32 67,3297,1.976284584980237,0.506,0.24,31.923950106466968,18.6,11,1,10,0.6567637295949331,0.6567637295949331,136.6696948608919,60.0,2220.0,0.0,0.0,0.0,31.84011709992774,0.0,0.0,136.6696948608919,2220.0,59.69585252097617,1058.7616125851303,,,,False,False,not_attempted,0,0,0,0,14,0,0.0,143.6907912522726,1564.0,False,,,False,2,0
aco,static_frozen,37,2220.0,37.0,7,recovering,recovering,4 5 32 67,3297,1.8796992481203008,0.532,0.28,32.18545655326324,18.616666666666667,10,3,7,0.8637233695827946,0.2879077898609315,137.5334182304747,60.0,2280.0,0.0,0.0,0.0,31.84011709992774,0.0,0.0,137.5334182304747,2280.0,57.275221186094115,1024.5042409763632,,,,False,False,not_attempted,0,0,0,0,9,0,0.0,143.08301655865728,1750.0,False,,,False,2,0
aco,static_frozen,38,2280.0,38.0,7,recovering,recovering,4 5 32 67,3297,1.7921146953405016,0.558,0.32,32.42632495164275,18.633333333333333,7,0,7,0.18666666666666665,0.18666666666666665,137.72008489714136,60.0,2340.0,0.0,0.0,0.0,31.84011709992774,0.0,0.0,137.72008489714136,2340.0,53.81659587839583,644.4608893602572,,,,False,False,not_attempted,0,0,0,0,0,0,0.0,142.98968322532394,1750.0,False,,,False,2,0
aco,static_frozen,39,2340.0,39.0,7,recovering,recovering,4 5 32 67,3297,1.7123287671232879,0.584,0.36,32.64890568312535,18.65,7,2,5,0.6251081435294881,0.31255407176474403,138.34519304067086,60.0,2400.0,0.0,0.0,0.0,31.84011709992774,0.0,0.0,138.34519304067086,2400.0,51.31941605514074,639.2709486047642,,,,False,False,not_attempted,0,0,0,0,7,0,0.0,142.83995460958556,1774.0,False,,,False,2,0
aco,static_frozen,40,2400.0,40.0,8,recovering,recovering,4 5 32 67,3297,1.639344262295082,0.61,0.4,32.855205282099924,18.666666666666668,5,0,5,0.7834080714861693,0.7834080714861693,139.12860111215704,60.0,2460.0,0.0,0.0,0.0,31.84011709992774,0.0,0.0,139.12860111215704,2460.0,48.249139908795925,509.25536290866603,,,,False,False,not_attempted,0,0,0,0,2,0,0.0,142.14987987143272,1774.0,False,,,False,2,0
aco,static_frozen,41,2460.0,41.0,8,recovering,recovering,4 5 32 67,3297,1.572327044025157,0.636,0.44,33.04694709581491,18.683333333333334,5,1,4,0.6111125667436967,0.6111125667436967,139.73971367890073,60.0,2520.0,0.0,0.0,0.0,31.84011709992774,0.0,0.0,139.73971367890073,2520.0,45.46192576467195,489.59755651695815,,,,False,False,not_attempted,0,0,0,0,15,0,0.0,142.05654653809938,1774.0,False,,,False,2,0
aco,static_frozen,42,2520.0,42.0,8,recovering,recovering,4 5 32 67,3297,1.5105740181268883,0.6619999999999999,0.48,33.22561954037959,18.7,4,1,3,1.5720234035381415,1.5720234035381415,141.31173708243887,60.0,2580.0,0.0,0.0,0.0,31.84011709992774,0.0,0.0,141.31173708243887,2580.0,43.03110887116295,456.7688075331407,,,,False,False,not_attempted,0,0,0,0,17,1,0.058823529411764705,140.9746465936575,1917.0,False,,,False,2,0
aco,static_frozen,43,2580.0,43.0,8,recovering,recovering,4 5 32 67,3297,1.4534883720930234,0.688,0.52,33.3925148144014,18.716666666666665,3,0,3,4.722509396270305,4.722509396270305,146.03424647870918,60.0,2640.0,0.0,0.0,0.0,31.84011709992774,0.0,0.0,146.03424647870918,2640.0,39.514269006050235,339.80712911759286,,,,False,False,not_attempted,0,0,0,0,9,9,1.0,136.34547053072052,1917.0,False,,,False,2,0
aco,static_frozen,44,2640.0,44.0,8,recovering,recovering,4 5 32 67,3297,1.400560224089636,0.714,0.56,33.548760201463345,18.733333333333334,3,1,2,0.2928270643296755,0.2928270643296755,146.32707354303886,60.0,2700.0,0.0,0.0,0.0,31.84011709992774,0.0,0.0,146.32707354303886,2700.0,33.49408119141129,336.36424189959007,,,,False,False,not_attempted,0,0,0,0,8,0,0.0,136.25213719738719,1917.0,False,,,False,1,0
aco,static_frozen,45,2700.0,45.0,9,recovering,recovering,4 5 32 67,3297,1.3513513513513513,0.74,0.6,33.6953435654809,18.75,2,1,1,0.20071425425837663,0.20071425425837663,146.52778779729724,60.0,2760.0,0.0,0.0,0.0,31.84011709992774,0.0,0.0,146.52778779729724,2760.0,31.954674686163234,333.1632872969063,,,,False,False,not_attempted,0,0,0,0,1,0,0.0,136.16104789979244,1968.0,False,,,False,1,0
aco,static_frozen,46,2760.0,46.0,9,recovering,recovering,4 5 32 67,3297,1.3054830287206267,0.766,0.64,33.83313425811076,18.766666666666666,1,0,1,0.09333333333333332,0.09333333333333332,146.62112113063057,60.0,2820.0,0.0,0.0,0.0,31.84011709992774,0.0,0.0,146.62112113063057,2820.0,30.44162973949429,330.1796298735171,,,,False,False,not_attempted,0,0,0,0,0,0,0.0,136.16104789979244,1968.0,False,,,False,0,0
aco,static_frozen,47,2820.0,47.0,9,recovering,recovering,4 5 32 67,3297,1.2626262626262625,0.792,0.68,33.96290037337764,18.783333333333335,1,1,0,27.176023955402627,27.176023955402627,173.7971450860332,323.9184424767379,3143.9184424767377,0.0,0.0,0.0,31.84011709992774,0.0,0.0,173.7971450860332,3143.9184424767377,29.22316794412505,327.39186914964307,,,,False,False,not_attempted,0,0,0,0,324,116,0.35802469135802467,129.61661995493748,1968.0,True,,,False,0,0
pso,adaptive,0,0.0,0.0,0,normal,initial,4 5 32 67,0,1.0,1.0,0.0,34.78037077224997,18.0,84,0,84,17.41716950529079,17.41716950529079,17.41716950529079,60.0,60.0,9.01954150001984,12.315022700000554,21.334564200020395,21.334564200020395,0.0,0.0,17.41716950529079,60.0,151.37406968292143,2569.719418511708,,,,False,False,initial_plan,0,0,0,0,96,0,0.0,177.86965881732976,0.0,False,,,True,10,10
pso,adaptive,1,60.0,1.0,0,normal,normal,4 5 32 67,0,1.0,1.0,0.0,34.78037077224997,18.016666666666666,84,0,84,2.9117287974767976,2.9117287974767976,20.328898302767588,60.0,120.0,0.0,0.0,0.0,21.334564200020395,0.0,0.0,20.328898302767588,120.0,133.1191070568551,2507.5518550268002,,,,False,False,not_attempted,0,0,0,0,47,0,0.0,177.4588955213837,0.0,False,,,False,10,10
pso,adaptive,2,120.0,2.0,0,normal,normal,4 5 32 67,0,1.0,1.0,0.0,34.78037077224997,18.033333333333335,84,5,79,4.945953376604522,0.9891906753209044,25.27485167937211,60.0,180.0,0.0,0.0,0.0,21.334564200020395,0.0,0.0,25.27485167937211,180.0,129.7508783653988,2355.035662758609,,,,False,False,not_attempted,0,0,0,0,48,0,0.0,176.84027550943307,239.0,False,,,False,9,5
pso,adaptive,3,180.0,3.0,0,normal,normal,4 5 32 67,0,1.0,1.0,0.0,34.78037077224997,18.05,79,3,76,5.2858708059973845,1.7619569353324616,30.560722485369492,60.0,240.0,0.0,0.0,0.0,21.334564200020395,0.0,0.0,30.560722485369492,240.0,125.54196401841551,2355.035662758609,,,,False,False,not_attempted,0,0,0,0,84,0,0.0,176.08417388140913,239.0,False,,,False,9,2
pso,adaptive,4,240.0,4.0,0,normal,normal,4 5 32 67,0,1.0,1.0,0.0,34.78037077224997,18.066666666666666,76,0,76,4.768439058186637,4.768439058186637,35.329161543556125,60.0,300.0,0.0,0.0,0.0,21.334564200020395,0.0,0.0,35.329161543556125,300.0,119.70961591445298,2307.5810249028364,,,,False,False,not_attempted,0,0,0,0,69,0,0.0,174.23595111138894,239.0,False,,,False,9,2
pso,adaptive,5,300.0,5.0,1,normal,normal,4 5 32 67,0,1.0,1.0,0.0,34.78037077224997,18.083333333333332,76,2,74,2.335379566890029,1.1676897834450144,37.66454111044615,60.0,360.0,10.23112679994665,809.1279582999414,819.359085099888,840.6936492999084,0.0,0.0,37.66454111044615,360.0,109.77338979096476,2698.550200996692,115.25900310952544,109.77338979096476,5.485613318560681,True,True,lower_residual_energy,5,37,5,37,79,0,0.0,174.1426177780556,324.0,False,,,True,9,2
pso,adaptive,6,360.0,6.0,1,normal,normal,4 5 32 67,0,1.0,1.0,0.0,34.78037077224997,18.1,74,4,70,3.101740268185227,0.7754350670463067,40.766281378631376,60.0,420.0,0.0,0.0,0.0,840.6936492999084,0.0,0.0,40.766281378631376,420.0,107.33923289675523,2639.5028954880127,,,,False,False,not_attempted,0,0,0,0,41,0,0.0,173.80269504982573,430.0,False,,,False,9,1
pso,adaptive,7,420.0,7.0,1,normal,normal,4 5 32 67,0,1.0,1.0,0.0,34.78037077224997,18.116666666666667,70,1,69,5.0773071523580215,5.0773071523580215,45.8435885309894,60.0,480.0,0.0,0.0,0.0,840.6936492999084,0.0,0.0,45.8435885309894,480.0,104.10869149420049,2480.9555026133576,,,,False,False,not_attempted,0,0,0,0,37,0,0.0,171.7427549458747,430.0,False,,,False,9,1
pso,adaptive,8,480.0,8.0,1,normal,normal,4 5 32 67,0,1.0,1.0,0.0,34.78037077224997,18.133333333333333,69,3,66,4.568801367389507,1.5229337891298356,50.412389898378905,60.0,540.0,0.0,0.0,0.0,840.6936492999084,0.0,0.0,50.412389898378905,540.0,99.38973287812432,2480.9555026133576,,,,False,False,not_attempted,0,0,0,0,44,0,0.0,170.12900684926333,574.0,False,,,False,9,1
pso,adaptive,9,540.0,9.0,1,normal,normal,4 5 32 67,0,1.0,1.0,0.0,34.78037077224997,18.15,66,2,64,2.8987751236060793,1.4493875618030396,53.31116502198498,60.0,600.0,0.0,0.0,0.0,840.6936492999084,0.0,0.0,53.31116502198498,600.0,94.4431869676926,2360.9555026133576,,,,False,False,not_attempted,0,0,0,0,17,0,0.0,169.55281890713212,647.0,False,,,False,9,1
pso,adaptive,10,600.0,10.0,2,degrading,degrading,4 5 32 67,0,1.0,1.0,0.0,34.78037077224997,18.166666666666668,64,4,60,2.461197722411713,0.6152994306029282,55.772362744396695,60.0,660.0,5.6699966080486774e-05,446.1918477999279,446.191904499894,1286.8855537998024,0.0,0.0,55.772362744396695,660.0,88.94705862945925,2527.242251851788,91.85049389647273,88.94705862945925,2.903435267013478,True,True,lower_residual_energy,4,17,4,17,28,0,0.0,169.4594855737988,659.0,False,,,True,9,0
pso,adaptive,11,660.0,11.0,2,degrading,degrading,4 5 32 67,3297,1.06951871657754,0.935,0.0,34.560176101620044,18.183333333333334,60,4,56,5.483422640572451,1.3708556601431128,61.255785384969144,60.0,720.0,0.0,0.0,0.0,1286.8855537998024,0.0,0.0,61.255785384969144,720.0,90.77203337235684,2510.2332287412783,,,,False,False,not_attempted,0,0,0,0,95,0,0.0,169.0036065577671,725.0,False,,,False,9,0
pso,adaptive,12,720.0,12.0,2,degrading,degrading,4 5 32 67,3297,1.1494252873563218,0.87,0.0,34.310498050478834,18.2,56,1,55,3.420514777002393,3.420514777002393,64.67630016197154,60.0,780.0,0.0,0.0,0.0,1286.8855537998024,0.0,0.0,64.67630016197154,780.0,89.53754276638603,2452.1210453295976,,,,False,False,not_attempted,0,0,0,0,45,0,0.0,168.70238617422373,743.0,False,,,False,8,0
pso,adaptive,13,780.0,13.0,2,degrading,degrading,4 5 32 67,3297,1.2422360248447206,0.8049999999999999,0.0,34.02499013221328,18.216666666666665,55,3,52,3.248967882934439,1.0829892943114796,67.92526804490598,60.0,840.0,0.0,0.0,0.0,1286.8855537998024,0.0,0.0,67.92526804490598,840.0,91.77563250614789,2394.3162240215083,,,,False,False,not_attempted,0,0,0,0,61,2,0.03278688524590164,167.33987522043492,940.0,False,,,False,8,0
pso,adaptive,14,840.0,14.0,2,degrading,degrading,4 5 32 67,3297,1.3513513513513513,0.74,0.0,33.6953435654809,18.233333333333334,52,0,52,1.0399820735065746,1.0399820735065746,68.96525011841256,60.0,900.0,0.0,0.0,0.0,1286.8855537998024,0.0,0.0,68.96525011841256,900.0,94.84330669480181,2259.2723382762206,,,,False,False,not_attempted,0,0,0,0,14,0,0.0,167.24654188710159,940.0,False,,,False,7,0
pso,adaptive,15,900.0,15.0,3,degrading,degrading,4 5 32 67,3297,1.4814814814814814,0.675,0.0,33.31046532709174,18.25,52,4,48,1.5415737164222443,0.38539342910556107,70.5068238348348,60.0,960.0,10.270723900059238,393.8882553000003,404.15897920005955,1691.044532999862,0.0,0.0,70.5068238348348,960.0,101.31221523333134,2267.737084892207,101.31221523333134,110.93465213234583,-9.622436899014488,True,False,incumbent_not_worse,3,14,0,0,24,4,0.16666666666666666,167.1539143351959,940.0,False,,,True,7,0
pso,adaptive,16,960.0,16.0,3,degrading,degrading,4 5 32 67,3297,1.639344262295082,0.61,0.0,32.855205282099924,18.266666666666666,48,3,45,1.921667995090934,0.6405559983636446,72.42849182992573,60.0,1020.0,0.0,0.0,0.0,1691.044532999862,0.0,0.0,72.42849182992573,1020.0,108.14743685819235,2233.9862972033525,,,,False,False,not_attempted,0,0,0,0,59,0,0.0,167.1539143351959,968.0,False,,,False,7,0
pso,adaptive,17,1020.0,17.0,3,degrading,degrading,4 5 32 67,3297,1.8348623853211008,0.545,0.0,32.30831473973112,18.283333333333335,45,3,42,1.6678290610560678,0.5559430203520226,74.0963208909818,60.0,1080.0,0.0,0.0,0.0,1691.044532999862,0.0,0.0,74.0963208909818,1080.0,115.04331236061134,2234.591880464543,,,,False,False,not_attempted,0,0,0,0,10,3,0.3,167.1539143351959,968.0,False,,,False,7,0
pso,adaptive,18,1080.0,18.0,3,degrading,degrading,4 5 32 67,3297,2.0833333333333335,0.48,0.0,31.639034432342793,18.3,42,4,38,2.7649361633448493,0.6912340408362123,76.86125705432664,60.0,1140.0,0.0,0.0,0.0,1691.044532999862,0.0,0.0,76.86125705432664,1140.0,123.51151412699134,2400.327479454669,,,,False,False,not_attempted,0,0,0,0,63,1,0.015873015873015872,167.1539143351959,1081.0,False,,,False,6,0
pso,adaptive,19,1140.0,19.0,3,degrading,degrading,4 5 32 67,3297,2.409638554216868,0.4149999999999999,0.0,30.801103123260912,18.316666666666666,38,2,36,4.161918954121004,2.080959477060502,81.02317600844765,60.0,1200.0,0.0,0.0,0.0,1691.044532999862,0.0,0.0,81.02317600844765,1200.0,130.03916372535875,2410.320936025063,,,,False,False,not_attempted,0,0,0,0,24,2,0.08333333333333333,167.1539143351959,1138.0,False,,,False,6,0
pso,adaptive,20,1200.0,20.0,4,disrupted,holding,4 5 32 67,3297,2.857142857142857,0.35,0.0,29.721583997399517,18.333333333333332,36,0,36,1.9285373600272995,1.9285373600272995,82.95171336847496,60.0,1260.0,10.467021699994802,231.1444518000353,241.61147350003012,1932.656006499892,0.0,0.0,82.95171336847496,1260.0,141.57817933721083,2334.784180642856,141.57817933721083,151.23649400094868,-9.658314663737855,True,False,incumbent_not_worse,5,6,0,0,4,2,0.5,166.6279834370561,1138.0,False,,,True,6,0
pso,adaptive,21,1260.0,21.0,4,disrupted,disrupted,4 5 32 67,3297,2.857142857142857,0.35,0.0,29.721583997399517,18.35,36,4,32,5.505192662149855,1.3762981655374638,88.45690603062481,60.0,1320.0,0.0,0.0,0.0,1932.656006499892,0.0,0.0,88.45690603062481,1320.0,139.48019793499085,2334.784180642856,,,,False,False,not_attempted,0,0,0,0,75,3,0.04,166.53465010372275,1308.0,False,,,False,6,0
pso,adaptive,22,1320.0,22.0,4,disrupted,disrupted,4 5 32 67,3297,2.857142857142857,0.35,0.0,29.721583997399517,18.366666666666667,32,1,31,5.7955004451275585,5.7955004451275585,94.25240647575237,60.0,1380.0,0.0,0.0,0.0,1932.656006499892,0.0,0.0,94.25240647575237,1380.0,134.15682773024002,2307.8172169775653,,,,False,False,not_attempted,0,0,0,0,49,3,0.061224489795918366,164.7942790982655,1308.0,False,,,False,6,0
pso,adaptive,23,1380.0,23.0,4,disrupted,disrupted,4 5 32 67,3297,2.857142857142857,0.35,0.0,29.721583997399517,18.383333333333333,31,1,30,2.126356552497789,2.126356552497789,96.37876302825015,60.0,1440.0,0.0,0.0,0.0,1932.656006499892,0.0,0.0,96.37876302825015,1440.0,127.47189795896566,2160.999877994585,,,,False,False,not_attempted,0,0,0,0,2,1,0.5,163.6907916183704,1429.0,False,,,False,6,0
pso,adaptive,24,1440.0,24.0,4,disrupted,disrupted,4 5 32 67,3297,2.857142857142857,0.35,0.0,29.721583997399517,18.4,30,2,28,4.914180563610526,2.457090281805263,101.29294359186068,60.0,1500.0,0.0,0.0,0.0,1932.656006499892,0.0,0.0,101.29294359186068,1500.0,125.7640849006193,2160.999877994585,,,,False,False,not_attempted,0,0,0,0,35,2,0.05714285714285714,160.39854363944704,1456.0,False,,,False,6,0
pso,adaptive,25,1500.0,25.0,5,disrupted,disrupted,4 5 32 67,3297,2.857142857142857,0.35,0.0,29.721583997399517,18.416666666666668,28,2,26,4.390563623880603,2.1952818119403017,105.68350721574129,60.0,1560.0,6.869994103908539e-05,72.14915920002386,72.1492278999649,2004.805234399857,0.0,0.0,105.68350721574129,1560.0,120.62546161840973,2028.9854460283896,120.62546161840973,125.0401556794027,-4.4146940609929715,True,False,incumbent_not_worse,3,8,0,0,10,4,0.4,157.30113192646127,1456.0,False,,,True,5,0
pso,adaptive,26,1560.0,26.0,5,disrupted,disrupted,4 5 32 67,3297,2.857142857142857,0.35,0.0,29.721583997399517,18.433333333333334,26,3,23,4.265411382356049,1.4218037941186832,109.94891859809734,60.0,1620.0,0.0,0.0,0.0,2004.805234399857,0.0,0.0,109.94891859809734,1620.0,116.72040051269342,2028.9854460283896,,,,False,False,not_attempted,0,0,0,0,8,4,0.5,157.20779859312793,1522.0,False,,,False,5,0
pso,adaptive,27,1620.0,27.0,5,disrupted,disrupted,4 5 32 67,3297,2.857142857142857,0.35,0.0,29.721583997399517,18.45,23,2,21,6.310211866196711,3.1551059330983553,116.25913046429405,60.0,1680.0,0.0,0.0,0.0,2004.805234399857,0.0,0.0,116.25913046429405,1680.0,112.39037699869527,2011.6051100158475,,,,False,False,not_attempted,0,0,0,0,44,6,0.13636363636363635,154.6063082483392,1522.0,False,,,False,5,0
pso,adaptive,28,1680.0,28.0,5,disrupted,disrupted,4 5 32 67,3297,2.857142857142857,0.35,0.0,29.721583997399517,18.466666666666665,21,0,21,6.342056661186336,6.342056661186336,122.60118712548038,60.0,1740.0,0.0,0.0,0.0,2004.805234399857,0.0,0.0,122.60118712548038,1740.0,105.74051784281434,1942.4627685854944,,,,False,False,not_attempted,0,0,0,0,13,10,0.7692307692307693,152.60815670820978,1522.0,False,,,False,5,0
pso,adaptive,29,1740.0,29.0,5,disrupted,disrupted,4 5 32 67,3297,2.857142857142857,0.35,0.0,29.721583997399517,18.483333333333334,21,2,19,5.9658642163916,2.9829321081958,128.56705134187197,60.0,1800.0,0.0,0.0,0.0,2004.805234399857,0.0,0.0,128.56705134187197,1800.0,99.35452753923943,1881.460558534106,,,,False,False,not_attempted,0,0,0,0,17,7,0.4117647058823529,151.90678748537553,1522.0,False,,,False,5,0
pso,adaptive,30,1800.0,30.0,6,recovering,recovering,4 5 32 67,3297,2.857142857142857,0.35,0.0,29.721583997399517,18.5,19,1,18,2.19227949828626,2.19227949828626,130.75933084015824,60.0,1860.0,5.959998816251755e-05,22.90414400002919,22.904203600017354,2027.7094379998744,0.0,0.0,130.75933084015824,1860.0,94.01838619910214,1731.0699848065144,94.01838619910214,96.08480675102875,-2.066420551926612,True,False,incumbent_not_worse,2,2,0,0,9,1,0.1111111111111111,151.8134541520422,1558.0,False,,,True,5,0
pso,adaptive,31,1860.0,31.0,6,recovering,recovering,4 5 32 67,3297,2.6595744680851063,0.376,0.04,30.188704347402066,18.516666666666666,18,2,16,8.693735004185465,4.346867502092732,139.4530658443437,60.0,1920.0,0.0,0.0,0.0,2027.7094379998744,0.0,0.0,139.4530658443437,1920.0,88.47280181634135,1707.991681239031,,,,False,False,not_attempted,0,0,0,0,18,8,0.4444444444444444,149.06271851116082,1558.0,False,,,False,5,0
pso,adaptive,32,1920.0,32.0,6,recovering,recovering,4 5 32 67,3297,2.4875621890547266,0.40199999999999997,0.08,30.607523974755804,18.533333333333335,16,2,14,7.311308133690897,3.6556540668454485,146.7643739780346,60.0,1980.0,0.0,0.0,0.0,2027.7094379998744,0.0,0.0,146.7643739780346,1980.0,76.94127072499097,1655.4796918093036,,,,False,False,not_attempted,0,0,0,0,40,6,0.15,147.99685280677872,1807.0,False,,,False,5,0
pso,adaptive,33,1980.0,33.0,6,recovering,recovering,4 5 32 67,3297,2.336448598130841,0.428,0.12,30.985166120541283,18.55,14,0,14,3.7680155150662586,3.7680155150662586,150.53238949310085,60.0,2040.0,0.0,0.0,0.0,2027.7094379998744,0.0,0.0,150.53238949310085,2040.0,68.46805888721747,1587.5689021042372,,,,False,False,not_attempted,0,0,0,0,19,2,0.10526315789473684,147.90351947344539,1807.0,False,,,False,4,0
pso,adaptive,34,2040.0,34.0,6,recovering,recovering,4 5 32 67,3297,2.2026431718061676,0.45399999999999996,0.16,31.327418971026407,18.566666666666666,14,2,12,3.5973995451519203,1.7986997725759601,154.12978903825277,60.0,2100.0,0.0,0.0,0.0,2027.7094379998744,0.0,0.0,154.12978903825277,2100.0,63.41354704473514,1438.9608369316193,,,,False,False,not_attempted,0,0,0,0,22,1,0.045454545454545456,147.8520543603931,1807.0,False,,,False,4,0
pso,adaptive,35,2100.0,35.0,7,recovering,recovering,4 5 32 67,3297,2.0833333333333335,0.48,0.2,31.639034432342793,18.583333333333332,12,2,10,2.782172538448631,1.3910862692243156,156.9119615767014,60.0,2160.0,10.89456559997052,0.2433896999573335,11.137955299927853,2038.8473932998022,0.0,0.0,156.9119615767014,2160.0,57.65872332394007,1603.089220431015,58.46580651564303,57.65872332394007,0.807083191702958,True,True,lower_residual_energy,1,1,1,1,14,4,0.2857142857142857,147.18566220242974,1807.0,False,,,True,2,0
pso,adaptive,36,2160.0,36.0,7,recovering,recovering,4 5 32 67,3297,1.976284584980237,0.506,0.24,31.923950106466968,18.6,10,2,8,0.5644628987669659,0.28223144938348294,157.47642447546838,60.0,2220.0,0.0,0.0,0.0,2038.8473932998022,0.0,0.0,157.47642447546838,2220.0,53.37035809855475,1559.9327116250056,,,,False,False,not_attempted,0,0,0,0,0,0,0.0,146.87626926676057,1925.0,False,,,False,2,0
pso,adaptive,37,2220.0,37.0,7,recovering,recovering,4 5 32 67,3297,1.8796992481203008,0.532,0.28,32.18545655326324,18.616666666666667,8,1,7,0.2417427786258381,0.2417427786258381,157.71816725409423,60.0,2280.0,0.0,0.0,0.0,2038.8473932998022,0.0,0.0,157.71816725409423,2280.0,51.98300112571338,1434.5701289152255,,,,False,False,not_attempted,0,0,0,0,1,0,0.0,146.78293593342724,1925.0,False,,,False,2,0
pso,adaptive,38,2280.0,38.0,7,recovering,recovering,4 5 32 67,3297,1.7921146953405016,0.558,0.32,32.42632495164275,18.633333333333333,7,1,6,1.8767405346585895,1.8767405346585895,159.5949077887528,60.0,2340.0,0.0,0.0,0.0,2038.8473932998022,0.0,0.0,159.5949077887528,2340.0,50.17243528696495,1429.7072850959628,,,,False,False,not_attempted,0,0,0,0,11,1,0.09090909090909091,145.94636109995014,1925.0,False,,,False,2,0
pso,adaptive,39,2340.0,39.0,7,recovering,recovering,4 5 32 67,3297,1.7123287671232879,0.584,0.36,32.64890568312535,18.65,6,0,6,0.5828987930035932,0.5828987930035932,160.17780658175639,60.0,2400.0,0.0,0.0,0.0,2038.8473932998022,0.0,0.0,160.17780658175639,2400.0,47.124716675947674,1364.65394279291,,,,False,False,not_attempted,0,0,0,0,1,1,1.0,145.4567956402799,1925.0,False,,,False,2,0
pso,adaptive,40,2400.0,40.0,8,recovering,recovering,4 5 32 67,3297,1.639344262295082,0.61,0.4,32.855205282099924,18.666666666666668,6,1,5,0.4666033579263357,0.4666033579263357,160.64440993968273,60.0,2460.0,10.851568200043403,0.18214799999259412,11.033716200035997,2049.881109499838,0.0,0.0,160.64440993968273,2460.0,43.93364692919281,778.5096391197422,45.46048869361271,43.93364692919281,1.526841764419899,True,True,lower_residual_energy,0,1,0,1,7,0,0.0,145.36346230694656,1925.0,False,,,True,2,0
pso,adaptive,41,2460.0,41.0,8,recovering,recovering,4 5 32 67,3297,1.572327044025157,0.636,0.44,33.04694709581491,18.683333333333334,5,1,4,0.9414223239575594,0.9414223239575594,161.5858322636403,60.0,2520.0,0.0,0.0,0.0,2049.881109499838,0.0,0.0,161.5858322636403,2520.0,42.18405230250205,760.5716008054362,,,,False,False,not_attempted,0,0,0,0,8,2,0.25,144.76710165731916,1925.0,False,,,False,2,0
pso,adaptive,42,2520.0,42.0,8,recovering,recovering,4 5 32 67,3297,1.5105740181268883,0.6619999999999999,0.48,33.22561954037959,18.7,4,0,4,0.18666666666666665,0.18666666666666665,161.77249893030697,60.0,2580.0,0.0,0.0,0.0,2049.881109499838,0.0,0.0,161.77249893030697,2580.0,39.8339144311738,631.0098381098608,,,,False,False,not_attempted,0,0,0,0,0,0,0.0,144.67376832398583,1925.0,False,,,False,1,0
pso,adaptive,43,2580.0,43.0,8,recovering,recovering,4 5 32 67,3297,1.4534883720930234,0.688,0.52,33.3925148144014,18.716666666666665,4,2,2,0.25933478979400526,0.12966739489700263,162.03183372010096,60.0,2640.0,0.0,0.0,0.0,2049.881109499838,0.0,0.0,162.03183372010096,2640.0,38.55269428414222,630.8330252847511,,,,False,False,not_attempted,0,0,0,0,3,0,0.0,144.5856591083334,1925.0,False,,,False,1,0
pso,adaptive,44,2640.0,44.0,8,recovering,recovering,4 5 32 67,3297,1.400560224089636,0.714,0.56,33.548760201463345,18.733333333333334,2,0,2,0.09333333333333332,0.09333333333333332,162.1251670534343,60.0,2700.0,0.0,0.0,0.0,2049.881109499838,0.0,0.0,162.1251670534343,2700.0,37.060748206040046,524.1619482314006,,,,False,False,not_attempted,0,0,0,0,0,0,0.0,144.5856591083334,1925.0,False,,,False,1,0
pso,adaptive,45,2700.0,45.0,9,recovering,recovering,4 5 32 67,3297,1.3513513513513513,0.74,0.6,33.6953435654809,18.75,2,1,1,0.26861237077908917,0.26861237077908917,162.3937794242134,60.0,2760.0,10.513606099993922,0.16206629993394017,10.675672399927862,2060.556781899766,0.0,0.0,162.3937794242134,2760.0,35.950705989862605,520.8547207465012,35.950705989862605,35.950705989862605,0.0,True,False,incumbent_not_worse,0,0,0,0,10,0,0.0,144.5856591083334,1925.0,False,,,True,1,0
pso,adaptive,46,2760.0,46.0,9,recovering,recovering,4 5 32 67,3297,1.3054830287206267,0.766,0.64,33.83313425811076,18.766666666666666,1,0,1,0.682134867927076,0.682134867927076,163.07591429214048,60.0,2820.0,0.0,0.0,0.0,2060.556781899766,0.0,0.0,163.07591429214048,2820.0,34.46812769852204,517.7720047879918,,,,False,False,not_attempted,0,0,0,0,12,0,0.0,144.5856591083334,1925.0,False,,,False,1,0
pso,adaptive,47,2820.0,47.0,9,recovering,recovering,4 5 32 67,3297,1.2626262626262625,0.792,0.68,33.96290037337764,18.783333333333335,1,0,1,0.09333333333333332,0.09333333333333332,163.16924762547382,60.0,2880.0,0.0,0.0,0.0,2060.556781899766,0.0,0.0,163.16924762547382,2880.0,32.443503018505254,517.7560172637124,,,,False,False,not_attempted,0,0,0,0,0,0,0.0,144.5856591083334,1925.0,False,,,False,0,0
pso,adaptive,48,2880.0,48.0,9,recovering,recovering,4 5 32 67,3297,1.2224938875305624,0.818,0.72,34.08532307300244,18.8,1,1,0,28.29986740310388,28.29986740310388,191.4691150285777,542.6612046699896,3422.6612046699897,0.0,0.0,0.0,2060.556781899766,0.0,0.0,191.4691150285777,3422.6612046699897,31.304162265104306,515.3632713186579,,,,False,False,not_attempted,0,0,0,0,501,78,0.15568862275449102,139.45245451001617,1984.0,True,,,False,0,0
pso,static_live,0,0.0,0.0,0,normal,initial,4 5 32 67,0,1.0,1.0,0.0,34.78037077224997,18.0,84,0,84,17.41716950529079,17.41716950529079,17.41716950529079,60.0,60.0,9.01954150001984,12.315022700000554,21.334564200020395,21.334564200020395,0.0,0.0,17.41716950529079,60.0,151.37406968292143,2569.719418511708,,,,False,False,initial_plan,0,0,0,0,96,0,0.0,177.86965881732976,0.0,False,,,True,10,10
pso,static_live,1,60.0,1.0,0,normal,normal,4 5 32 67,0,1.0,1.0,0.0,34.78037077224997,18.016666666666666,84,0,84,2.9117287974767976,2.9117287974767976,20.328898302767588,60.0,120.0,0.0,0.0,0.0,21.334564200020395,0.0,0.0,20.328898302767588,120.0,133.1191070568551,2507.5518550268002,,,,False,False,not_attempted,0,0,0,0,47,0,0.0,177.4588955213837,0.0,False,,,False,10,10
pso,static_live,2,120.0,2.0,0,normal,normal,4 5 32 67,0,1.0,1.0,0.0,34.78037077224997,18.033333333333335,84,5,79,4.945953376604522,0.9891906753209044,25.27485167937211,60.0,180.0,0.0,0.0,0.0,21.334564200020395,0.0,0.0,25.27485167937211,180.0,129.7508783653988,2355.035662758609,,,,False,False,not_attempted,0,0,0,0,48,0,0.0,176.84027550943307,239.0,False,,,False,9,5
pso,static_live,3,180.0,3.0,0,normal,normal,4 5 32 67,0,1.0,1.0,0.0,34.78037077224997,18.05,79,3,76,5.2858708059973845,1.7619569353324616,30.560722485369492,60.0,240.0,0.0,0.0,0.0,21.334564200020395,0.0,0.0,30.560722485369492,240.0,125.54196401841551,2355.035662758609,,,,False,False,not_attempted,0,0,0,0,84,0,0.0,176.08417388140913,239.0,False,,,False,9,2
pso,static_live,4,240.0,4.0,0,normal,normal,4 5 32 67,0,1.0,1.0,0.0,34.78037077224997,18.066666666666666,76,0,76,4.768439058186637,4.768439058186637,35.329161543556125,60.0,300.0,0.0,0.0,0.0,21.334564200020395,0.0,0.0,35.329161543556125,300.0,119.70961591445298,2307.5810249028364,,,,False,False,not_attempted,0,0,0,0,69,0,0.0,174.23595111138894,239.0,False,,,False,9,2
pso,static_live,5,300.0,5.0,1,normal,normal,4 5 32 67,0,1.0,1.0,0.0,34.78037077224997,18.083333333333332,76,2,74,2.033059245297843,1.0165296226489215,37.36222078885397,60.0,360.0,0.0,0.0,0.0,21.334564200020395,0.0,0.0,37.36222078885397,360.0,115.25900310952544,2179.6312187929043,,,,False,False,not_attempted,0,0,0,0,67,0,0.0,174.1426177780556,324.0,False,,,False,9,2
pso,static_live,6,360.0,6.0,1,normal,normal,4 5 32 67,0,1.0,1.0,0.0,34.78037077224997,18.1,74,4,70,2.8956701116039376,0.7239175279009844,40.25789090045791,60.0,420.0,0.0,0.0,0.0,21.334564200020395,0.0,0.0,40.25789090045791,420.0,113.42229091822706,2179.6312187929043,,,,False,False,not_attempted,0,0,0,0,34,0,0.0,173.80269504982573,430.0,False,,,False,9,1
pso,static_live,7,420.0,7.0,1,normal,normal,4 5 32 67,0,1.0,1.0,0.0,34.78037077224997,18.116666666666667,70,2,68,4.8735631587271255,2.4367815793635628,45.13145405918503,60.0,480.0,0.0,0.0,0.0,21.334564200020395,0.0,0.0,45.13145405918503,480.0,110.51467952032222,2149.403453117163,,,,False,False,not_attempted,0,0,0,0,51,0,0.0,171.7315048732715,430.0,False,,,False,9,0
pso,static_live,8,480.0,8.0,1,normal,normal,4 5 32 67,0,1.0,1.0,0.0,34.78037077224997,18.133333333333333,68,2,66,3.744268046077959,1.8721340230389796,48.875722105262994,60.0,540.0,0.0,0.0,0.0,21.334564200020395,0.0,0.0,48.875722105262994,540.0,105.54802741137986,2029.403453117163,,,,False,False,not_attempted,0,0,0,0,78,0,0.0,171.63817153993816,451.0,False,,,False,8,0
pso,static_live,9,540.0,9.0,1,normal,normal,4 5 32 67,0,1.0,1.0,0.0,34.78037077224997,18.15,66,4,62,2.7954245755306446,0.6988561438826612,51.67114668079364,60.0,600.0,0.0,0.0,0.0,21.334564200020395,0.0,0.0,51.67114668079364,600.0,101.79424707515842,2029.403453117163,,,,False,False,not_attempted,0,0,0,0,21,0,0.0,171.54640459197284,647.0,False,,,False,8,0
pso,static_live,10,600.0,10.0,2,degrading,degrading,4 5 32 67,0,1.0,1.0,0.0,34.78037077224997,18.166666666666668,62,3,59,3.8765201157009246,1.2921733719003081,55.54766679649457,60.0,660.0,0.0,0.0,0.0,21.334564200020395,0.0,0.0,55.54766679649457,660.0,99.26036237241371,1901.7228863742832,,,,False,False,not_attempted,0,0,0,0,34,0,0.0,169.9139712245009,659.0,False,,,False,8,0
pso,static_live,11,660.0,11.0,2,degrading,degrading,4 5 32 67,3297,1.06951871657754,0.935,0.0,34.560176101620044,18.183333333333334,59,2,57,3.7768810442449796,1.8884405221224898,59.32454784073955,60.0,720.0,0.0,0.0,0.0,21.334564200020395,0.0,0.0,59.32454784073955,720.0,99.48554253100076,1908.7944031934505,,,,False,False,not_attempted,0,0,0,0,48,0,0.0,168.57396062756465,659.0,False,,,False,8,0
pso,static_live,12,720.0,12.0,2,degrading,degrading,4 5 32 67,3297,1.1494252873563218,0.87,0.0,34.310498050478834,18.2,57,2,55,1.3732022282893093,0.6866011141446546,60.69775006902886,60.0,780.0,0.0,0.0,0.0,21.334564200020395,0.0,0.0,60.69775006902886,780.0,100.6812440726427,1734.8792098478507,,,,False,False,not_attempted,0,0,0,0,23,0,0.0,168.36247255001456,751.0,False,,,False,8,0
pso,static_live,13,780.0,13.0,2,degrading,degrading,4 5 32 67,3297,1.2422360248447206,0.8049999999999999,0.0,34.02499013221328,18.216666666666665,55,4,51,2.6051006737009743,0.6512751684252436,63.30285074272983,60.0,840.0,0.0,0.0,0.0,21.334564200020395,0.0,0.0,63.30285074272983,840.0,104.94262596662516,1731.1938987635547,,,,False,False,not_attempted,0,0,0,0,29,2,0.06896551724137931,168.26913921668122,751.0,False,,,False,8,0
pso,static_live,14,840.0,14.0,2,degrading,degrading,4 5 32 67,3297,1.3513513513513513,0.74,0.0,33.6953435654809,18.233333333333334,51,2,49,1.1611691045439503,0.5805845522719751,64.46401984727378,60.0,900.0,0.0,0.0,0.0,21.334564200020395,0.0,0.0,64.46401984727378,900.0,108.83463394530693,1722.8504022608402,,,,False,False,not_attempted,0,0,0,0,18,2,0.1111111111111111,168.1532899592327,832.0,False,,,False,8,0
pso,static_live,15,900.0,15.0,3,degrading,degrading,4 5 32 67,3297,1.4814814814814814,0.675,0.0,33.31046532709174,18.25,49,2,47,3.8636203640630895,1.9318101820315448,68.32764021133687,60.0,960.0,0.0,0.0,0.0,21.334564200020395,0.0,0.0,68.32764021133687,960.0,114.54420096415812,1639.8764236382729,,,,False,False,not_attempted,0,0,0,0,58,15,0.25862068965517243,168.05995662589936,853.0,False,,,False,8,0
pso,static_live,16,960.0,16.0,3,degrading,degrading,4 5 32 67,3297,1.639344262295082,0.61,0.0,32.855205282099924,18.266666666666666,47,3,44,3.6565689737322757,1.2188563245774253,71.98420918506915,60.0,1020.0,0.0,0.0,0.0,21.334564200020395,0.0,0.0,71.98420918506915,1020.0,118.26838347783709,1596.4629596795153,,,,False,False,not_attempted,0,0,0,0,77,0,0.0,167.68069826789986,968.0,False,,,False,8,0
pso,static_live,17,1020.0,17.0,3,degrading,degrading,4 5 32 67,3297,1.8348623853211008,0.545,0.0,32.30831473973112,18.283333333333335,44,2,42,4.25864122405247,2.129320612026235,76.24285040912162,60.0,1080.0,0.0,0.0,0.0,21.334564200020395,0.0,0.0,76.24285040912162,1080.0,123.31697548357388,1541.0090133943647,,,,False,False,not_attempted,0,0,0,0,28,1,0.03571428571428571,166.5343355462216,1048.0,False,,,False,8,0
pso,static_live,18,1080.0,18.0,3,degrading,degrading,4 5 32 67,3297,2.0833333333333335,0.48,0.0,31.639034432342793,18.3,42,3,39,6.822958805071826,2.2743196016906086,83.06580921419344,60.0,1140.0,0.0,0.0,0.0,21.334564200020395,0.0,0.0,83.06580921419344,1140.0,128.56939177802718,1522.2835227403345,,,,False,False,not_attempted,0,0,0,0,46,8,0.17391304347826086,165.2917278720246,1048.0,False,,,False,8,0
pso,static_live,19,1140.0,19.0,3,degrading,degrading,4 5 32 67,3297,2.409638554216868,0.4149999999999999,0.0,30.801103123260912,18.316666666666666,39,1,38,6.3789860108767025,6.3789860108767025,89.44479522507014,60.0,1200.0,0.0,0.0,0.0,21.334564200020395,0.0,0.0,89.44479522507014,1200.0,132.16424185587402,1662.3893135475737,,,,False,False,not_attempted,0,0,0,0,50,4,0.08,162.572873095403,1114.0,False,,,False,8,0
pso,static_live,20,1200.0,20.0,4,disrupted,holding,4 5 32 67,3297,2.857142857142857,0.35,0.0,29.721583997399517,18.333333333333332,38,0,38,2.3567822264413345,2.3567822264413345,91.80157745151148,60.0,1260.0,0.0,0.0,0.0,21.334564200020395,0.0,0.0,91.80157745151148,1260.0,139.62086589643184,1562.6965624119368,,,,False,False,not_attempted,0,0,0,0,22,2,0.09090909090909091,162.47953976206966,1114.0,False,,,False,8,0
pso,static_live,21,1260.0,21.0,4,disrupted,disrupted,4 5 32 67,3297,2.857142857142857,0.35,0.0,29.721583997399517,18.35,38,4,34,7.108580221770649,1.7771450554426622,98.91015767328213,60.0,1320.0,0.0,0.0,0.0,21.334564200020395,0.0,0.0,98.91015767328213,1320.0,137.02014681923612,1562.6965624119368,,,,False,False,not_attempted,0,0,0,0,50,6,0.12,160.13118411879594,1308.0,False,,,False,8,0
pso,static_live,22,1320.0,22.0,4,disrupted,disrupted,4 5 32 67,3297,2.857142857142857,0.35,0.0,29.721583997399517,18.366666666666667,34,1,33,5.594867432778491,5.594867432778491,104.50502510606061,60.0,1380.0,0.0,0.0,0.0,21.334564200020395,0.0,0.0,104.50502510606061,1380.0,130.05626958523322,1523.1123192541788,,,,False,False,not_attempted,0,0,0,0,43,3,0.06976744186046512,159.275442649907,1308.0,False,,,False,8,0
pso,static_live,23,1380.0,23.0,4,disrupted,disrupted,4 5 32 67,3297,2.857142857142857,0.35,0.0,29.721583997399517,18.383333333333333,33,1,32,2.639670752879008,2.639670752879008,107.14469585893963,60.0,1440.0,0.0,0.0,0.0,21.334564200020395,0.0,0.0,107.14469585893963,1440.0,123.82978468491409,1391.6616189111323,,,,False,False,not_attempted,0,0,0,0,14,0,0.0,159.18210931657367,1308.0,False,,,False,8,0
pso,static_live,24,1440.0,24.0,4,disrupted,disrupted,4 5 32 67,3297,2.857142857142857,0.35,0.0,29.721583997399517,18.4,32,4,28,2.730135189787071,0.6825337974467678,109.8748310487267,60.0,1500.0,0.0,0.0,0.0,21.334564200020395,0.0,0.0,109.8748310487267,1500.0,122.12196212033177,1391.6616189111323,,,,False,False,not_attempted,0,0,0,0,37,1,0.02702702702702703,158.47137877970093,1456.0,False,,,False,8,0
pso,static_live,25,1500.0,25.0,5,disrupted,disrupted,4 5 32 67,3297,2.857142857142857,0.35,0.0,29.721583997399517,18.416666666666668,28,3,25,4.066890936931355,1.3556303123104516,113.94172198565806,60.0,1560.0,0.0,0.0,0.0,21.334564200020395,0.0,0.0,113.94172198565806,1560.0,118.37714043934,1290.5069932164608,,,,False,False,not_attempted,0,0,0,0,21,2,0.09523809523809523,157.509744912872,1456.0,False,,,False,8,0
pso,static_live,26,1560.0,26.0,5,disrupted,disrupted,4 5 32 67,3297,2.857142857142857,0.35,0.0,29.721583997399517,18.433333333333334,25,3,22,6.799954923445356,2.266651641148452,120.74167690910342,60.0,1620.0,0.0,0.0,0.0,21.334564200020395,0.0,0.0,120.74167690910342,1620.0,114.67021977414961,1258.6261306468584,,,,False,False,not_attempted,0,0,0,0,21,5,0.23809523809523808,156.91206224163213,1577.0,False,,,False,8,0
pso,static_live,27,1620.0,27.0,5,disrupted,disrupted,4 5 32 67,3297,2.857142857142857,0.35,0.0,29.721583997399517,18.45,22,1,21,7.256948594545328,7.256948594545328,127.99862550364875,60.0,1680.0,0.0,0.0,0.0,21.334564200020395,0.0,0.0,127.99862550364875,1680.0,107.61942119046378,1138.6261306468584,,,,False,False,not_attempted,0,0,0,0,73,7,0.0958904109589041,156.8187289082988,1577.0,False,,,False,8,0
pso,static_live,28,1680.0,28.0,5,disrupted,disrupted,4 5 32 67,3297,2.857142857142857,0.35,0.0,29.721583997399517,18.466666666666665,21,2,19,6.313892155779949,3.1569460778899745,134.3125176594287,60.0,1740.0,0.0,0.0,0.0,21.334564200020395,0.0,0.0,134.3125176594287,1740.0,98.55003726691324,1138.6261306468584,,,,False,False,not_attempted,0,0,0,0,22,4,0.18181818181818182,155.20198397448786,1577.0,False,,,False,7,0
pso,static_live,29,1740.0,29.0,5,disrupted,disrupted,4 5 32 67,3297,2.857142857142857,0.35,0.0,29.721583997399517,18.483333333333334,19,4,15,3.939142318930647,0.9847855797326618,138.25165997835933,60.0,1800.0,0.0,0.0,0.0,21.334564200020395,0.0,0.0,138.25165997835933,1800.0,94.97024973481301,1108.5617541077872,,,,False,False,not_attempted,0,0,0,0,24,5,0.20833333333333334,155.10865064115453,1716.0,False,,,False,7,0
pso,static_live,30,1800.0,30.0,6,recovering,recovering,4 5 32 67,3297,2.857142857142857,0.35,0.0,29.721583997399517,18.5,15,2,13,4.721269632404059,2.3606348162020296,142.9729296107634,60.0,1860.0,0.0,0.0,0.0,21.334564200020395,0.0,0.0,142.9729296107634,1860.0,90.44712875913355,982.561926687514,,,,False,False,not_attempted,0,0,0,0,19,6,0.3157894736842105,153.35862364124105,1716.0,False,,,False,6,0
pso,static_live,31,1860.0,31.0,6,recovering,recovering,4 5 32 67,3297,2.6595744680851063,0.376,0.04,30.188704347402066,18.516666666666666,13,2,11,9.248359992975614,4.624179996487807,152.22128960373902,60.0,1920.0,0.0,0.0,0.0,21.334564200020395,0.0,0.0,152.22128960373902,1920.0,82.51278775095959,978.9279606233818,,,,False,False,not_attempted,0,0,0,0,24,6,0.25,151.1584359727989,1716.0,False,,,False,5,0
pso,static_live,32,1920.0,32.0,6,recovering,recovering,4 5 32 67,3297,2.4875621890547266,0.40199999999999997,0.08,30.607523974755804,18.533333333333335,11,3,8,2.720925262751548,0.9069750875838493,154.94221486649056,60.0,1980.0,0.0,0.0,0.0,21.334564200020395,0.0,0.0,154.94221486649056,1980.0,71.76070434857232,921.6528283405464,,,,False,False,not_attempted,0,0,0,0,18,1,0.05555555555555555,150.12956228629318,1842.0,False,,,False,5,0
pso,static_live,33,1980.0,33.0,6,recovering,recovering,4 5 32 67,3297,2.336448598130841,0.428,0.12,30.985166120541283,18.55,8,0,8,0.6005400561816256,0.6005400561816256,155.54275492267217,60.0,2040.0,0.0,0.0,0.0,21.334564200020395,0.0,0.0,155.54275492267217,2040.0,67.32133151500241,771.780972489882,,,,False,False,not_attempted,0,0,0,0,10,0,0.0,150.03622895295985,1842.0,False,,,False,3,0
pso,static_live,34,2040.0,34.0,6,recovering,recovering,4 5 32 67,3297,2.2026431718061676,0.45399999999999996,0.16,31.327418971026407,18.566666666666666,8,4,4,4.845987352947223,1.2114968382368057,160.3887422756194,60.0,2100.0,0.0,0.0,0.0,21.334564200020395,0.0,0.0,160.3887422756194,2100.0,65.29778644547746,758.3749281407324,,,,False,False,not_attempted,0,0,0,0,31,1,0.03225806451612903,150.00318475056193,1991.0,False,,,False,3,0
pso,static_live,35,2100.0,35.0,7,recovering,recovering,4 5 32 67,3297,2.0833333333333335,0.48,0.2,31.639034432342793,18.583333333333332,4,0,4,3.1197105603495263,3.1197105603495263,163.5084528359689,60.0,2160.0,0.0,0.0,0.0,21.334564200020395,0.0,0.0,163.5084528359689,2160.0,58.69703391359853,566.835380237845,,,,False,False,not_attempted,0,0,0,0,24,0,0.0,148.03141336457233,1991.0,False,,,False,2,0
pso,static_live,36,2160.0,36.0,7,recovering,recovering,4 5 32 67,3297,1.976284584980237,0.506,0.24,31.923950106466968,18.6,4,1,3,0.8366792064959687,0.8366792064959687,164.34513204246488,60.0,2220.0,0.0,0.0,0.0,21.334564200020395,0.0,0.0,164.34513204246488,2220.0,53.547282639078375,498.8335257327468,,,,False,False,not_attempted,0,0,0,0,2,0,0.0,147.3668933718437,1991.0,False,,,False,1,0
pso,static_live,37,2220.0,37.0,7,recovering,recovering,4 5 32 67,3297,1.8796992481203008,0.532,0.28,32.18545655326324,18.616666666666667,3,1,2,0.17590273641496595,0.17590273641496595,164.52103477887985,60.0,2280.0,0.0,0.0,0.0,21.334564200020395,0.0,0.0,164.52103477887985,2280.0,51.15059264548114,477.90583670510375,,,,False,False,not_attempted,0,0,0,0,4,0,0.0,147.22876692247598,1996.0,False,,,False,1,0
pso,static_live,38,2280.0,38.0,7,recovering,recovering,4 5 32 67,3297,1.7921146953405016,0.558,0.32,32.42632495164275,18.633333333333333,2,0,2,0.4123591813251715,0.4123591813251715,164.93339396020502,60.0,2340.0,0.0,0.0,0.0,21.334564200020395,0.0,0.0,164.93339396020502,2340.0,49.33170044884097,377.73634419815306,,,,False,False,not_attempted,0,0,0,0,8,0,0.0,146.81640774115078,1996.0,False,,,False,1,0
pso,static_live,39,2340.0,39.0,7,recovering,recovering,4 5 32 67,3297,1.7123287671232879,0.584,0.36,32.64890568312535,18.65,2,0,2,0.7565961380226863,0.7565961380226863,165.6899900982277,60.0,2400.0,0.0,0.0,0.0,21.334564200020395,0.0,0.0,165.6899900982277,2400.0,47.08109709769961,328.2507363330058,,,,False,False,not_attempted,0,0,0,0,15,0,0.0,146.05981160312808,1996.0,False,,,False,1,0
pso,static_live,40,2400.0,40.0,8,recovering,recovering,4 5 32 67,3297,1.639344262295082,0.61,0.4,32.855205282099924,18.666666666666668,2,0,2,0.09333333333333332,0.09333333333333332,165.78332343156103,60.0,2460.0,0.0,0.0,0.0,21.334564200020395,0.0,0.0,165.78332343156103,2460.0,44.491105830755934,323.50321675666964,,,,False,False,not_attempted,0,0,0,0,0,0,0.0,145.96647826979475,1996.0,False,,,False,1,0
pso,static_live,41,2460.0,41.0,8,recovering,recovering,4 5 32 67,3297,1.572327044025157,0.636,0.44,33.04694709581491,18.683333333333334,2,1,1,1.1287929354057533,1.1287929354057533,166.91211636696679,60.0,2520.0,0.0,0.0,0.0,21.334564200020395,0.0,0.0,166.91211636696679,2520.0,42.9242509043303,322.0091039696373,,,,False,False,not_attempted,0,0,0,0,11,1,0.09090909090909091,144.83768533438896,1996.0,False,,,False,1,0
pso,static_live,42,2520.0,42.0,8,recovering,recovering,4 5 32 67,3297,1.5105740181268883,0.6619999999999999,0.48,33.22561954037959,18.7,1,0,1,0.09333333333333332,0.09333333333333332,167.00544970030012,60.0,2580.0,0.0,0.0,0.0,21.334564200020395,0.0,0.0,167.00544970030012,2580.0,40.238065696817124,321.8178347500218,,,,False,False,not_attempted,0,0,0,0,0,0,0.0,144.74435200105563,1996.0,False,,,False,0,0
pso,static_live,43,2580.0,43.0,8,recovering,recovering,4 5 32 67,3297,1.4534883720930234,0.688,0.52,33.3925148144014,18.716666666666665,1,1,0,36.6295507462359,36.6295507462359,203.635000446536,371.1246656873079,2951.124665687308,0.0,0.0,0.0,21.334564200020395,0.0,0.0,203.635000446536,2951.124665687308,38.92751875089984,321.6410219249122,,,,False,False,not_attempted,0,0,0,0,434,77,0.1774193548387097,142.12635671381176,1996.0,True,,,False,0,0
pso,static_frozen,0,0.0,0.0,0,normal,initial,4 5 32 67,0,1.0,1.0,0.0,34.78037077224997,18.0,84,0,84,17.41716950529079,17.41716950529079,17.41716950529079,60.0,60.0,9.01954150001984,12.315022700000554,21.334564200020395,21.334564200020395,0.0,0.0,17.41716950529079,60.0,151.37406968292143,2569.719418511708,,,,False,False,initial_plan,0,0,0,0,96,0,0.0,177.86965881732976,0.0,False,,,True,10,10
pso,static_frozen,1,60.0,1.0,0,normal,normal,4 5 32 67,0,1.0,1.0,0.0,34.78037077224997,18.016666666666666,84,0,84,2.9117287974767976,2.9117287974767976,20.328898302767588,60.0,120.0,0.0,0.0,0.0,21.334564200020395,0.0,0.0,20.328898302767588,120.0,133.1191070568551,2507.5518550268002,,,,False,False,not_attempted,0,0,0,0,47,0,0.0,177.4588955213837,0.0,False,,,False,10,10
pso,static_frozen,2,120.0,2.0,0,normal,normal,4 5 32 67,0,1.0,1.0,0.0,34.78037077224997,18.033333333333335,84,5,79,4.945953376604522,0.9891906753209044,25.27485167937211,60.0,180.0,0.0,0.0,0.0,21.334564200020395,0.0,0.0,25.27485167937211,180.0,129.7508783653988,2355.035662758609,,,,False,False,not_attempted,0,0,0,0,48,0,0.0,176.84027550943307,239.0,False,,,False,9,5
pso,static_frozen,3,180.0,3.0,0,normal,normal,4 5 32 67,0,1.0,1.0,0.0,34.78037077224997,18.05,79,3,76,5.2858708059973845,1.7619569353324616,30.560722485369492,60.0,240.0,0.0,0.0,0.0,21.334564200020395,0.0,0.0,30.560722485369492,240.0,125.54196401841551,2355.035662758609,,,,False,False,not_attempted,0,0,0,0,84,0,0.0,176.08417388140913,239.0,False,,,False,9,2
pso,static_frozen,4,240.0,4.0,0,normal,normal,4 5 32 67,0,1.0,1.0,0.0,34.78037077224997,18.066666666666666,76,0,76,4.768439454899793,4.768439454899793,35.32916194026929,60.0,300.0,0.0,0.0,0.0,21.334564200020395,0.0,0.0,35.32916194026929,300.0,119.70961591445298,2307.5810249028364,,,,False,False,not_attempted,0,0,0,0,69,0,0.0,174.23595111138894,239.0,False,,,False,9,2
pso,static_frozen,5,300.0,5.0,1,normal,normal,4 5 32 67,0,1.0,1.0,0.0,34.78037077224997,18.083333333333332,76,2,74,2.0331806617991015,1.0165903308995508,37.36234260206839,60.0,360.0,0.0,0.0,0.0,21.334564200020395,0.0,0.0,37.36234260206839,360.0,115.25900310952544,2179.6312187929043,,,,False,False,not_attempted,0,0,0,0,67,0,0.0,174.1426177780556,324.0,False,,,False,9,2
pso,static_frozen,6,360.0,6.0,1,normal,normal,4 5 32 67,0,1.0,1.0,0.0,34.78037077224997,18.1,74,4,70,2.8956701116039376,0.7239175279009844,40.25801271367233,60.0,420.0,0.0,0.0,0.0,21.334564200020395,0.0,0.0,40.25801271367233,420.0,113.42229091822706,2179.6312187929043,,,,False,False,not_attempted,0,0,0,0,34,0,0.0,173.80269504982573,430.0,False,,,False,9,1
pso,static_frozen,7,420.0,7.0,1,normal,normal,4 5 32 67,0,1.0,1.0,0.0,34.78037077224997,18.116666666666667,70,2,68,4.874305214044376,2.437152607022188,45.132317927716706,60.0,480.0,0.0,0.0,0.0,21.334564200020395,0.0,0.0,45.132317927716706,480.0,110.51467952032222,2149.403453117163,,,,False,False,not_attempted,0,0,0,0,51,0,0.0,171.7315048732715,430.0,False,,,False,9,0
pso,static_frozen,8,480.0,8.0,1,normal,normal,4 5 32 67,0,1.0,1.0,0.0,34.78037077224997,18.133333333333333,68,2,66,3.7435141569850514,1.8717570784925257,48.875832084701756,60.0,540.0,0.0,0.0,0.0,21.334564200020395,0.0,0.0,48.875832084701756,540.0,105.54802741137986,2029.403453117163,,,,False,False,not_attempted,0,0,0,0,78,0,0.0,171.63817153993816,451.0,False,,,False,8,0
pso,static_frozen,9,540.0,9.0,1,normal,normal,4 5 32 67,0,1.0,1.0,0.0,34.78037077224997,18.15,66,4,62,2.7954364093063027,0.6988591023265757,51.67126849400806,60.0,600.0,0.0,0.0,0.0,21.334564200020395,0.0,0.0,51.67126849400806,600.0,101.79424707515842,2029.403453117163,,,,False,False,not_attempted,0,0,0,0,21,0,0.0,171.54640459197284,647.0,False,,,False,8,0
pso,static_frozen,10,600.0,10.0,2,degrading,degrading,4 5 32 67,0,1.0,1.0,0.0,34.78037077224997,18.166666666666668,62,3,59,3.8765201157009246,1.2921733719003081,55.54778860970899,60.0,660.0,0.0,0.0,0.0,21.334564200020395,0.0,0.0,55.54778860970899,660.0,99.26036237241371,1901.7228863742832,,,,False,False,not_attempted,0,0,0,0,34,0,0.0,169.9139712245009,659.0,False,,,False,8,0
pso,static_frozen,11,660.0,11.0,2,degrading,degrading,4 5 32 67,3297,1.06951871657754,0.935,0.0,34.560176101620044,18.183333333333334,59,2,57,3.7768810442449796,1.8884405221224898,59.32466965395397,60.0,720.0,0.0,0.0,0.0,21.334564200020395,0.0,0.0,59.32466965395397,720.0,99.48554253100076,1908.7944031934505,,,,False,False,not_attempted,0,0,0,0,48,0,0.0,168.57396062756465,659.0,False,,,False,8,0
pso,static_frozen,12,720.0,12.0,2,degrading,degrading,4 5 32 67,3297,1.1494252873563218,0.87,0.0,34.310498050478834,18.2,57,2,55,1.3732022282893093,0.6866011141446546,60.69787188224328,60.0,780.0,0.0,0.0,0.0,21.334564200020395,0.0,0.0,60.69787188224328,780.0,100.6812440726427,1734.8792098478507,,,,False,False,not_attempted,0,0,0,0,23,0,0.0,168.36247255001456,751.0,False,,,False,8,0
pso,static_frozen,13,780.0,13.0,2,degrading,degrading,4 5 32 67,3297,1.2422360248447206,0.8049999999999999,0.0,34.02499013221328,18.216666666666665,55,4,51,2.6051006737009743,0.6512751684252436,63.30297255594425,60.0,840.0,0.0,0.0,0.0,21.334564200020395,0.0,0.0,63.30297255594425,840.0,104.94262596662516,1731.1938987635547,,,,False,False,not_attempted,0,0,0,0,29,2,0.06896551724137931,168.26913921668122,751.0,False,,,False,8,0
pso,static_frozen,14,840.0,14.0,2,degrading,degrading,4 5 32 67,3297,1.3513513513513513,0.74,0.0,33.6953435654809,18.233333333333334,51,2,49,1.1611691045439503,0.5805845522719751,64.4641416604882,60.0,900.0,0.0,0.0,0.0,21.334564200020395,0.0,0.0,64.4641416604882,900.0,108.83463394530693,1722.8504022608402,,,,False,False,not_attempted,0,0,0,0,18,2,0.1111111111111111,168.1532899592327,832.0,False,,,False,8,0
pso,static_frozen,15,900.0,15.0,3,degrading,degrading,4 5 32 67,3297,1.4814814814814814,0.675,0.0,33.31046532709174,18.25,49,2,47,3.863987248438804,1.931993624219402,68.328128908927,60.0,960.0,0.0,0.0,0.0,21.334564200020395,0.0,0.0,68.328128908927,960.0,114.54420096415812,1639.8764236382729,,,,False,False,not_attempted,0,0,0,0,58,15,0.25862068965517243,168.05995662589936,853.0,False,,,False,8,0
pso,static_frozen,16,960.0,16.0,3,degrading,degrading,4 5 32 67,3297,1.639344262295082,0.61,0.0,32.855205282099924,18.266666666666666,47,3,44,3.656202089356561,1.2187340297855205,71.98433099828355,60.0,1020.0,0.0,0.0,0.0,21.334564200020395,0.0,0.0,71.98433099828355,1020.0,118.26838347783709,1596.4629596795153,,,,False,False,not_attempted,0,0,0,0,77,0,0.0,167.68069826789986,968.0,False,,,False,8,0
pso,static_frozen,17,1020.0,17.0,3,degrading,degrading,4 5 32 67,3297,1.8348623853211008,0.545,0.0,32.30831473973112,18.283333333333335,44,2,42,3.8392874547991234,1.9196437273995617,75.82361845308267,60.0,1080.0,0.0,0.0,0.0,21.334564200020395,0.0,0.0,75.82361845308267,1080.0,123.31697548357388,1541.0090133943647,,,,False,False,not_attempted,0,0,0,0,29,2,0.06896551724137931,166.5343355462216,1048.0,False,,,False,8,0
pso,static_frozen,18,1080.0,18.0,3,degrading,degrading,4 5 32 67,3297,2.0833333333333335,0.48,0.0,31.639034432342793,18.3,42,3,39,6.804286520100145,2.2680955067000483,82.62790497318282,60.0,1140.0,0.0,0.0,0.0,21.334564200020395,0.0,0.0,82.62790497318282,1140.0,130.1566274802674,1558.3021621777173,,,,False,False,not_attempted,0,0,0,0,51,13,0.2549019607843137,165.73030571399377,1048.0,False,,,False,8,0
pso,static_frozen,19,1140.0,19.0,3,degrading,degrading,4 5 32 67,3297,2.409638554216868,0.4149999999999999,0.0,30.801103123260912,18.316666666666666,39,1,38,6.182846022609104,6.182846022609104,88.81075099579192,60.0,1200.0,0.0,0.0,0.0,21.334564200020395,0.0,0.0,88.81075099579192,1200.0,133.58240123820033,1706.1874879875922,,,,False,False,not_attempted,0,0,0,0,54,8,0.14814814814814814,163.20703913789558,1114.0,False,,,False,8,0
pso,static_frozen,20,1200.0,20.0,4,disrupted,holding,4 5 32 67,3297,2.857142857142857,0.35,0.0,29.721583997399517,18.333333333333332,38,0,38,4.426713616756871,4.426713616756871,93.23746461254879,60.0,1260.0,0.0,0.0,0.0,21.334564200020395,0.0,0.0,93.23746461254879,1260.0,141.77204276248614,1686.1273785597434,,,,False,False,not_attempted,0,0,0,0,25,5,0.2,161.04377441424668,1114.0,False,,,False,8,0
pso,static_frozen,21,1260.0,21.0,4,disrupted,disrupted,4 5 32 67,3297,2.857142857142857,0.35,0.0,29.721583997399517,18.35,38,3,35,4.853557911830244,1.6178526372767479,98.09102252437904,60.0,1320.0,0.0,0.0,0.0,21.334564200020395,0.0,0.0,98.09102252437904,1320.0,137.02014681923612,1562.6965624119368,,,,False,False,not_attempted,0,0,0,0,47,3,0.06382978723404255,160.95044108091335,1308.0,False,,,False,8,0
pso,static_frozen,22,1320.0,22.0,4,disrupted,disrupted,4 5 32 67,3297,2.857142857142857,0.35,0.0,29.721583997399517,18.366666666666667,35,2,33,7.854542336449715,3.9272711682248573,105.94556486082875,60.0,1380.0,0.0,0.0,0.0,21.334564200020395,0.0,0.0,105.94556486082875,1380.0,132.64159343767386,1562.6965624119368,,,,False,False,not_attempted,0,0,0,0,46,6,0.13043478260869565,157.839677302084,1308.0,False,,,False,8,0
pso,static_frozen,23,1380.0,23.0,4,disrupted,disrupted,4 5 32 67,3297,2.857142857142857,0.35,0.0,29.721583997399517,18.383333333333333,33,1,32,2.640926633235487,2.640926633235487,108.58649149406423,60.0,1440.0,0.0,0.0,0.0,21.334564200020395,0.0,0.0,108.58649149406423,1440.0,123.82978468491409,1391.6616189111323,,,,False,False,not_attempted,0,0,0,0,14,0,0.0,157.74634396875066,1308.0,False,,,False,8,0
pso,static_frozen,24,1440.0,24.0,4,disrupted,disrupted,4 5 32 67,3297,2.857142857142857,0.35,0.0,29.721583997399517,18.4,32,4,28,2.1660774222245585,0.5415193555561396,110.7525689162888,60.0,1500.0,0.0,0.0,0.0,21.334564200020395,0.0,0.0,110.7525689162888,1500.0,122.12196212033177,1391.6616189111323,,,,False,False,not_attempted,0,0,0,0,37,1,0.02702702702702703,157.61847124572049,1456.0,False,,,False,8,0
pso,static_frozen,25,1500.0,25.0,5,disrupted,disrupted,4 5 32 67,3297,2.857142857142857,0.35,0.0,29.721583997399517,18.416666666666668,28,3,25,3.965931349602315,1.321977116534105,114.71850026589111,60.0,1560.0,0.0,0.0,0.0,21.334564200020395,0.0,0.0,114.71850026589111,1560.0,118.37714043934,1290.5069932164608,,,,False,False,not_attempted,0,0,0,0,20,1,0.05,156.66075982483602,1456.0,False,,,False,8,0
pso,static_frozen,26,1560.0,26.0,5,disrupted,disrupted,4 5 32 67,3297,2.857142857142857,0.35,0.0,29.721583997399517,18.433333333333334,25,3,22,7.832940261701312,2.6109800872337705,122.55144052759242,60.0,1620.0,0.0,0.0,0.0,21.334564200020395,0.0,0.0,122.55144052759242,1620.0,115.7790263762166,1290.5069932164608,,,,False,False,not_attempted,0,0,0,0,23,8,0.34782608695652173,155.65407531248647,1577.0,False,,,False,8,0
pso,static_frozen,27,1620.0,27.0,5,disrupted,disrupted,4 5 32 67,3297,2.857142857142857,0.35,0.0,29.721583997399517,18.45,22,1,21,11.458923079279735,11.458923079279735,134.01036360687215,60.0,1680.0,0.0,0.0,0.0,21.334564200020395,0.0,0.0,134.01036360687215,1680.0,108.45630255564872,1258.6261306468584,,,,False,False,not_attempted,0,0,0,0,75,9,0.12,155.38296356047582,1577.0,False,,,False,8,0
pso,static_frozen,28,1680.0,28.0,5,disrupted,disrupted,4 5 32 67,3297,2.857142857142857,0.35,0.0,29.721583997399517,18.466666666666665,21,1,20,2.758258185799099,2.758258185799099,136.76862179267124,60.0,1740.0,0.0,0.0,0.0,21.334564200020395,0.0,0.0,136.76862179267124,1740.0,97.64718328325856,1138.6261306468584,,,,False,False,not_attempted,0,0,0,0,19,2,0.10526315789473684,153.62666189892246,1577.0,False,,,False,7,0
pso,static_frozen,29,1740.0,29.0,5,disrupted,disrupted,4 5 32 67,3297,2.857142857142857,0.35,0.0,29.721583997399517,18.483333333333334,20,5,15,4.3069562202495595,0.8613912440499119,141.0755780129208,60.0,1800.0,0.0,0.0,0.0,21.334564200020395,0.0,0.0,141.0755780129208,1800.0,95.57825054993334,1138.6261306468584,,,,False,False,not_attempted,0,0,0,0,24,6,0.25,153.53332856558913,1716.0,False,,,False,7,0
pso,static_frozen,30,1800.0,30.0,6,recovering,recovering,4 5 32 67,3297,2.857142857142857,0.35,0.0,29.721583997399517,18.5,15,2,13,6.833103156018838,3.416551578009419,147.90868116893964,60.0,1860.0,0.0,0.0,0.0,21.334564200020395,0.0,0.0,147.90868116893964,1860.0,91.1792238732064,1123.1147076162606,,,,False,False,not_attempted,0,0,0,0,22,9,0.4090909090909091,150.22716411012962,1716.0,False,,,False,6,0
pso,static_frozen,31,1860.0,31.0,6,recovering,recovering,4 5 32 67,3297,2.6595744680851063,0.376,0.04,30.188704347402066,18.516666666666666,13,1,12,5.56761529067066,5.56761529067066,153.4762964596103,60.0,1920.0,0.0,0.0,0.0,21.334564200020395,0.0,0.0,153.4762964596103,1920.0,80.74574886812914,978.9279606233818,,,,False,False,not_attempted,0,0,0,0,5,5,1.0,148.4492389950736,1716.0,False,,,False,5,0
pso,static_frozen,32,1920.0,32.0,6,recovering,recovering,4 5 32 67,3297,2.4875621890547266,0.40199999999999997,0.08,30.607523974755804,18.533333333333335,12,4,8,4.9400180813447445,1.2350045203361861,158.41631454095503,60.0,1980.0,0.0,0.0,0.0,21.334564200020395,0.0,0.0,158.41631454095503,1980.0,74.16142630365307,975.7640598212766,,,,False,False,not_attempted,0,0,0,0,26,2,0.07692307692307693,148.35590566174028,1842.0,False,,,False,4,0
pso,static_frozen,33,1980.0,33.0,6,recovering,recovering,4 5 32 67,3297,2.336448598130841,0.428,0.12,30.985166120541283,18.55,8,1,7,1.2648748843236377,1.2648748843236377,159.68118942527866,60.0,2040.0,0.0,0.0,0.0,21.334564200020395,0.0,0.0,159.68118942527866,2040.0,68.2252382719521,926.1108169963925,,,,False,False,not_attempted,0,0,0,0,17,0,0.0,148.2703074820171,1842.0,False,,,False,3,0
pso,static_frozen,34,2040.0,34.0,6,recovering,recovering,4 5 32 67,3297,2.2026431718061676,0.45399999999999996,0.16,31.327418971026407,18.566666666666666,7,2,5,4.0243805313425165,2.0121902656712582,163.7055699566212,60.0,2100.0,0.0,0.0,0.0,21.334564200020395,0.0,0.0,163.7055699566212,2100.0,65.29778644547746,758.3749281407324,,,,False,False,not_attempted,0,0,0,0,28,1,0.03571428571428571,148.2703074820171,1991.0,False,,,False,3,0
pso,static_frozen,35,2100.0,35.0,7,recovering,recovering,4 5 32 67,3297,2.0833333333333335,0.48,0.2,31.639034432342793,18.583333333333332,5,1,4,1.427226577770095,1.427226577770095,165.13279653439128,60.0,2160.0,0.0,0.0,0.0,21.334564200020395,0.0,0.0,165.13279653439128,2160.0,59.5710991064073,597.638061444247,,,,False,False,not_attempted,0,0,0,0,15,0,0.0,148.1399469346947,1991.0,False,,,False,2,0
pso,static_frozen,36,2160.0,36.0,7,recovering,recovering,4 5 32 67,3297,1.976284584980237,0.506,0.24,31.923950106466968,18.6,4,1,3,2.189344019075125,2.189344019075125,167.3221405534664,60.0,2220.0,0.0,0.0,0.0,21.334564200020395,0.0,0.0,167.3221405534664,2220.0,56.09911800544229,569.1170588342137,,,,False,False,not_attempted,0,0,0,0,10,0,0.0,146.1227621293869,1991.0,False,,,False,1,0
pso,static_frozen,37,2220.0,37.0,7,recovering,recovering,4 5 32 67,3297,1.8796992481203008,0.532,0.28,32.18545655326324,18.616666666666667,3,1,2,1.2702905729571876,1.2702905729571876,168.59243112642358,60.0,2280.0,0.0,0.0,0.0,21.334564200020395,0.0,0.0,168.59243112642358,2280.0,52.21547364812897,507.2326846682622,,,,False,False,not_attempted,0,0,0,0,4,0,0.0,144.89024784347697,1996.0,False,,,False,1,0
pso,static_frozen,38,2280.0,38.0,7,recovering,recovering,4 5 32 67,3297,1.7921146953405016,0.558,0.32,32.42632495164275,18.633333333333333,2,0,2,0.09349843243983338,0.09349843243983338,168.68592955886342,60.0,2340.0,0.0,0.0,0.0,21.334564200020395,0.0,0.0,168.68592955886342,2340.0,49.49876191411645,419.01430085233824,,,,False,False,not_attempted,0,0,0,0,3,0,0.0,144.79674941103713,1996.0,False,,,False,1,0
pso,static_frozen,39,2340.0,39.0,7,recovering,recovering,4 5 32 67,3297,1.7123287671232879,0.584,0.36,32.64890568312535,18.65,2,0,2,0.4290323249573983,0.4290323249573983,169.11496188382083,60.0,2400.0,0.0,0.0,0.0,21.334564200020395,0.0,0.0,169.11496188382083,2400.0,47.50829020313148,386.52122988763506,,,,False,False,not_attempted,0,0,0,0,9,0,0.0,144.36771708607972,1996.0,False,,,False,1,0
pso,static_frozen,40,2400.0,40.0,8,recovering,recovering,4 5 32 67,3297,1.639344262295082,0.61,0.4,32.855205282099924,18.666666666666668,2,0,2,0.786417241993812,0.786417241993812,169.90137912581463,60.0,2460.0,0.0,0.0,0.0,21.334564200020395,0.0,0.0,169.90137912581463,2460.0,45.37248219542405,323.50321675666964,,,,False,False,not_attempted,0,0,0,0,15,0,0.0,143.5812998440859,1996.0,False,,,False,1,0
pso,static_frozen,41,2460.0,41.0,8,recovering,recovering,4 5 32 67,3297,1.572327044025157,0.636,0.44,33.04694709581491,18.683333333333334,2,0,2,0.09333333333333332,0.09333333333333332,169.99471245914796,60.0,2520.0,0.0,0.0,0.0,21.334564200020395,0.0,0.0,169.99471245914796,2520.0,42.9242509043303,322.0091039696373,,,,False,False,not_attempted,0,0,0,0,0,0,0.0,143.48796651075256,1996.0,False,,,False,1,0
pso,static_frozen,42,2520.0,42.0,8,recovering,recovering,4 5 32 67,3297,1.5105740181268883,0.6619999999999999,0.48,33.22561954037959,18.7,2,1,1,1.1073566295454613,1.1073566295454613,171.1020690886934,60.0,2580.0,0.0,0.0,0.0,21.334564200020395,0.0,0.0,171.1020690886934,2580.0,41.482537549420584,321.8178347500218,,,,False,False,not_attempted,0,0,0,0,11,1,0.09090909090909091,142.38060988120708,1996.0,False,,,False,1,0
pso,static_frozen,43,2580.0,43.0,8,recovering,recovering,4 5 32 67,3297,1.4534883720930234,0.688,0.52,33.3925148144014,18.716666666666665,1,0,1,0.09333333333333332,0.09333333333333332,171.19540242202675,60.0,2640.0,0.0,0.0,0.0,21.334564200020395,0.0,0.0,171.19540242202675,2640.0,38.92751875089984,321.6410219249122,,,,False,False,not_attempted,0,0,0,0,0,0,0.0,142.28727654787374,1996.0,False,,,False,0,0
pso,static_frozen,44,2640.0,44.0,8,recovering,recovering,4 5 32 67,3297,1.400560224089636,0.714,0.56,33.548760201463345,18.733333333333334,1,1,0,34.752194563047794,34.752194563047794,205.94759698507454,395.3778195677336,3035.3778195677337,0.0,0.0,0.0,21.334564200020395,0.0,0.0,205.94759698507454,3035.3778195677337,37.714467992635925,321.4770862243203,,,,False,False,not_attempted,0,0,0,0,360,131,0.3638888888888889,139.81058940830465,1996.0,True,,,False,0,0
ga,adaptive,0,0.0,0.0,0,normal,initial,4 5 32 67,0,1.0,1.0,0.0,34.78037077224997,18.0,84,0,84,17.649882122789972,17.649882122789972,17.649882122789972,60.0,60.0,8.482715899939649,17.265034900046885,25.747750799986534,25.747750799986534,0.0,0.0,17.649882122789972,60.0,137.0202222079973,2575.791665618115,,,,False,False,initial_plan,0,0,0,0,110,0,0.0,177.61134889028398,0.0,False,,,True,10,10
ga,adaptive,1,60.0,1.0,0,normal,normal,4 5 32 67,0,1.0,1.0,0.0,34.78037077224997,18.016666666666666,84,0,84,3.860832221189131,3.860832221189131,21.510714343979103,60.0,120.0,0.0,0.0,0.0,25.747750799986534,0.0,0.0,21.510714343979103,120.0,118.33481725358962,2408.508397267874,,,,False,False,not_attempted,0,0,0,0,48,0,0.0,176.09020652430007,0.0,False,,,False,10,10
ga,adaptive,2,120.0,2.0,0,normal,normal,4 5 32 67,0,1.0,1.0,0.0,34.78037077224997,18.033333333333335,84,5,79,5.469586054369472,1.0939172108738944,26.980300398348575,60.0,180.0,0.0,0.0,0.0,25.747750799986534,0.0,0.0,26.980300398348575,180.0,114.32039977398952,2408.508397267874,,,,False,False,not_attempted,0,0,0,0,54,0,0.0,174.7596401655785,230.0,False,,,False,10,5
ga,adaptive,3,180.0,3.0,0,normal,normal,4 5 32 67,0,1.0,1.0,0.0,34.78037077224997,18.05,79,2,77,7.011609396691212,3.505804698345606,33.99190979503979,60.0,240.0,0.0,0.0,0.0,25.747750799986534,0.0,0.0,33.99190979503979,240.0,109.00105004153725,2395.4649197227227,,,,False,False,not_attempted,0,0,0,0,102,0,0.0,174.34235459366602,230.0,False,,,False,10,3
ga,adaptive,4,240.0,4.0,0,normal,normal,4 5 32 67,0,1.0,1.0,0.0,34.78037077224997,18.066666666666666,77,0,77,7.1547879192985535,7.1547879192985535,41.146697714338345,60.0,300.0,0.0,0.0,0.0,25.747750799986534,0.0,0.0,41.146697714338345,300.0,102.22978058226929,2222.1724931702206,,,,False,False,not_attempted,0,0,0,0,63,0,0.0,173.4394704160569,230.0,False,,,False,10,3
ga,adaptive,5,300.0,5.0,1,normal,normal,4 5 32 67,0,1.0,1.0,0.0,34.78037077224997,18.083333333333332,77,3,74,2.675963325709791,0.891987775236597,43.82266104004813,60.0,360.0,10.271928900037892,1233.9232522000093,1244.1951811000472,1269.9429319000337,0.0,0.0,43.82266104004813,360.0,95.1717140869908,2222.1724931702206,95.1717140869908,106.01582479873737,-10.844110711746566,True,False,incumbent_not_worse,6,37,0,0,34,0,0.0,173.10775928116314,402.0,False,,,True,10,2
ga,adaptive,6,360.0,6.0,1,normal,normal,4 5 32 67,0,1.0,1.0,0.0,34.78037077224997,18.1,74,2,72,2.766193936465484,1.383096968232742,46.588854976513616,60.0,420.0,0.0,0.0,0.0,1269.9429319000337,0.0,0.0,46.588854976513616,420.0,92.60410325990152,2214.6116397759683,,,,False,False,not_attempted,0,0,0,0,81,0,0.0,173.0144259478298,422.0,False,,,False,10,1
ga,adaptive,7,420.0,7.0,1,normal,normal,4 5 32 67,0,1.0,1.0,0.0,34.78037077224997,18.116666666666667,72,4,68,4.347192794898818,1.0867981987247044,50.93604777141243,60.0,480.0,0.0,0.0,0.0,1269.9429319000337,0.0,0.0,50.93604777141243,480.0,89.92368642949396,2148.2053198083527,,,,False,False,not_attempted,0,0,0,0,87,0,0.0,171.7315048732715,422.0,False,,,False,10,0
ga,adaptive,8,480.0,8.0,1,normal,normal,4 5 32 67,0,1.0,1.0,0.0,34.78037077224997,18.133333333333333,68,2,66,2.5250093236515756,1.2625046618257878,53.46105709506401,60.0,540.0,0.0,0.0,0.0,1269.9429319000337,0.0,0.0,53.46105709506401,540.0,85.28714308081315,2087.667082619376,,,,False,False,not_attempted,0,0,0,0,64,0,0.0,171.63817153993816,647.0,False,,,False,10,0
ga,adaptive,9,540.0,9.0,1,normal,normal,4 5 32 67,0,1.0,1.0,0.0,34.78037077224997,18.15,66,4,62,3.0619730013422446,0.7654932503355611,56.52303009640625,60.0,600.0,0.0,0.0,0.0,1269.9429319000337,0.0,0.0,56.52303009640625,600.0,82.77007440456873,1959.541901191854,,,,False,False,not_attempted,0,0,0,0,70,0,0.0,171.54640459197284,647.0,False,,,False,10,0
ga,adaptive,10,600.0,10.0,2,degrading,degrading,4 5 32 67,0,1.0,1.0,0.0,34.78037077224997,18.166666666666668,62,3,59,4.390709018242486,1.4635696727474954,60.913739114648735,60.0,660.0,5.749997217208147e-05,511.29929059999995,511.2993480999721,1781.2422800000058,0.0,0.0,60.913739114648735,660.0,80.09411359828835,1959.541901191854,80.09411359828835,98.66077012937346,-18.566656531085115,True,False,incumbent_not_worse,6,35,0,0,80,0,0.0,171.29011539682318,647.0,False,,,True,10,0
ga,adaptive,11,660.0,11.0,2,degrading,degrading,4 5 32 67,3297,1.06951871657754,0.935,0.0,34.560176101620044,18.183333333333334,59,1,58,2.7064562241517303,2.7064562241517303,63.620195338800464,60.0,720.0,0.0,0.0,0.0,1781.2422800000058,0.0,0.0,63.620195338800464,720.0,79.12801997214677,1900.872501283163,,,,False,False,not_attempted,0,0,0,0,46,12,0.2608695652173913,171.00102300959978,647.0,False,,,False,9,0
ga,adaptive,12,720.0,12.0,2,degrading,degrading,4 5 32 67,3297,1.1494252873563218,0.87,0.0,34.310498050478834,18.2,58,4,54,2.6289544777727363,0.6572386194431841,66.2491498165732,60.0,780.0,0.0,0.0,0.0,1781.2422800000058,0.0,0.0,66.2491498165732,780.0,81.29328925570584,1798.3855538019623,,,,False,False,not_attempted,0,0,0,0,30,3,0.1,169.9712503230566,647.0,False,,,False,8,0
ga,adaptive,13,780.0,13.0,2,degrading,degrading,4 5 32 67,3297,1.2422360248447206,0.8049999999999999,0.0,34.02499013221328,18.216666666666665,54,2,52,3.6073201259688563,1.8036600629844282,69.85646994254205,60.0,840.0,0.0,0.0,0.0,1781.2422800000058,0.0,0.0,69.85646994254205,840.0,84.15638002915396,1806.3187633494192,,,,False,False,not_attempted,0,0,0,0,39,14,0.358974358974359,168.6873506151558,822.0,False,,,False,8,0
ga,adaptive,14,840.0,14.0,2,degrading,degrading,4 5 32 67,3297,1.3513513513513513,0.74,0.0,33.6953435654809,18.233333333333334,52,3,49,2.0687352180750165,0.6895784060250055,71.92520516061707,60.0,900.0,0.0,0.0,0.0,1781.2422800000058,0.0,0.0,71.92520516061707,900.0,86.39983739785498,1695.6456448444028,,,,False,False,not_attempted,0,0,0,0,31,0,0.0,168.44749961377207,822.0,False,,,False,8,0
ga,adaptive,15,900.0,15.0,3,degrading,degrading,4 5 32 67,3297,1.4814814814814814,0.675,0.0,33.31046532709174,18.25,49,3,46,2.5984138117850155,0.8661379372616719,74.52361897240209,60.0,960.0,10.064512399956584,404.1873134999769,414.25182589993346,2195.4941058999393,0.0,0.0,74.52361897240209,960.0,91.5903672456368,1706.7688146273088,91.5903672456368,102.32464052699802,-10.734273281361226,True,False,incumbent_not_worse,8,18,0,0,45,4,0.08888888888888889,168.39759137099304,822.0,False,,,True,8,0
ga,adaptive,16,960.0,16.0,3,degrading,degrading,4 5 32 67,3297,1.639344262295082,0.61,0.0,32.855205282099924,18.266666666666666,46,1,45,4.819727184062155,4.819727184062155,79.34334615646425,60.0,1020.0,0.0,0.0,0.0,2195.4941058999393,0.0,0.0,79.34334615646425,1020.0,96.84845717721264,1662.6451977962622,,,,False,False,not_attempted,0,0,0,0,55,15,0.2727272727272727,167.7555934841979,822.0,False,,,False,8,0
ga,adaptive,17,1020.0,17.0,3,degrading,degrading,4 5 32 67,3297,1.8348623853211008,0.545,0.0,32.30831473973112,18.283333333333335,45,3,42,4.867920930678508,1.6226403102261695,84.21126708714276,60.0,1080.0,0.0,0.0,0.0,2195.4941058999393,0.0,0.0,84.21126708714276,1080.0,100.21491782316401,1620.9243080074214,,,,False,False,not_attempted,0,0,0,0,47,8,0.1702127659574468,166.05313016359116,943.0,False,,,False,8,0
ga,adaptive,18,1080.0,18.0,3,degrading,degrading,4 5 32 67,3297,2.0833333333333335,0.48,0.0,31.639034432342793,18.3,42,1,41,2.693093021948524,2.693093021948524,86.90436010909129,60.0,1140.0,0.0,0.0,0.0,2195.4941058999393,0.0,0.0,86.90436010909129,1140.0,104.98667958381405,1581.3792701018276,,,,False,False,not_attempted,0,0,0,0,20,2,0.1,165.95979683025783,943.0,False,,,False,8,0
ga,adaptive,19,1140.0,19.0,3,degrading,degrading,4 5 32 67,3297,2.409638554216868,0.4149999999999999,0.0,30.801103123260912,18.316666666666666,41,4,37,6.926234079787627,1.7315585199469068,93.83059418887892,60.0,1200.0,0.0,0.0,0.0,2195.4941058999393,0.0,0.0,93.83059418887892,1200.0,111.83262699332865,1705.2597643915308,,,,False,False,not_attempted,0,0,0,0,33,8,0.24242424242424243,163.72487348314726,967.0,False,,,False,8,0
ga,adaptive,20,1200.0,20.0,4,disrupted,holding,4 5 32 67,3297,2.857142857142857,0.35,0.0,29.721583997399517,18.333333333333332,37,1,36,7.410514620265087,7.410514620265087,101.24110880914401,60.0,1260.0,10.193297399906442,223.5029725000495,233.69626989995595,2429.1903757998953,0.0,0.0,101.24110880914401,1260.0,109.11090184705708,1742.0033123725752,114.38033597115383,109.11090184705708,5.2694341240967475,True,True,lower_residual_energy,3,13,3,13,36,8,0.2222222222222222,163.36657023375545,993.0,False,,,True,10,0
ga,adaptive,21,1260.0,21.0,4,disrupted,disrupted,4 5 32 67,3297,2.857142857142857,0.35,0.0,29.721583997399517,18.35,36,2,34,4.400895497712646,2.200447748856323,105.64200430685665,60.0,1320.0,0.0,0.0,0.0,2429.1903757998953,0.0,0.0,105.64200430685665,1320.0,101.98564466938781,1622.0033123725752,,,,False,False,not_attempted,0,0,0,0,62,2,0.03225806451612903,163.27323690042212,993.0,False,,,False,7,0
ga,adaptive,22,1320.0,22.0,4,disrupted,disrupted,4 5 32 67,3297,2.857142857142857,0.35,0.0,29.721583997399517,18.366666666666667,34,5,29,3.4359026897920106,0.6871805379584022,109.07790699664866,60.0,1380.0,0.0,0.0,0.0,2429.1903757998953,0.0,0.0,109.07790699664866,1380.0,97.95719053970059,1622.0033123725752,,,,False,False,not_attempted,0,0,0,0,18,2,0.1111111111111111,162.43356768549774,1118.0,False,,,False,7,0
ga,adaptive,23,1380.0,23.0,4,disrupted,disrupted,4 5 32 67,3297,2.857142857142857,0.35,0.0,29.721583997399517,18.383333333333333,29,2,27,5.276458784305455,2.6382293921527276,114.35436578095413,60.0,1440.0,0.0,0.0,0.0,2429.1903757998953,0.0,0.0,114.35436578095413,1440.0,93.43955438120507,1520.848686677904,,,,False,False,not_attempted,0,0,0,0,8,5,0.625,161.47566754412267,1167.0,False,,,False,6,0
ga,adaptive,24,1440.0,24.0,4,disrupted,disrupted,4 5 32 67,3297,2.857142857142857,0.35,0.0,29.721583997399517,18.4,27,3,24,2.9119509748170365,0.9706503249390122,117.26631675577116,60.0,1500.0,0.0,0.0,0.0,2429.1903757998953,0.0,0.0,117.26631675577116,1500.0,89.10265802342786,1488.9678241083013,,,,False,False,not_attempted,0,0,0,0,28,1,0.03571428571428571,161.06620763366672,1167.0,False,,,False,6,0
ga,adaptive,25,1500.0,25.0,5,disrupted,disrupted,4 5 32 67,3297,2.857142857142857,0.35,0.0,29.721583997399517,18.416666666666668,24,1,23,3.1054459914752606,3.1054459914752606,120.37176274724642,60.0,1560.0,5.780009087175131e-05,49.299439200083725,49.2994970001746,2478.48987280007,0.0,0.0,120.37176274724642,1560.0,85.48848350702286,1307.050499269258,85.73248919997943,85.48848350702286,0.24400569295656283,True,True,lower_residual_energy,1,4,1,4,22,2,0.09090909090909091,160.9728743003334,1168.0,False,,,True,7,0
ga,adaptive,26,1560.0,26.0,5,disrupted,disrupted,4 5 32 67,3297,2.857142857142857,0.35,0.0,29.721583997399517,18.433333333333334,23,3,20,7.228131995179455,2.409377331726485,127.59989474242587,60.0,1620.0,0.0,0.0,0.0,2478.48987280007,0.0,0.0,127.59989474242587,1620.0,81.92083426063884,1307.050499269258,,,,False,False,not_attempted,0,0,0,0,32,5,0.15625,159.68806382079597,1226.0,False,,,False,7,0
ga,adaptive,27,1620.0,27.0,5,disrupted,disrupted,4 5 32 67,3297,2.857142857142857,0.35,0.0,29.721583997399517,18.45,20,1,19,5.0857140622168275,5.0857140622168275,132.6856088046427,60.0,1680.0,0.0,0.0,0.0,2478.48987280007,0.0,0.0,132.6856088046427,1680.0,75.09715038296751,1264.9986792612397,,,,False,False,not_attempted,0,0,0,0,22,4,0.18181818181818182,156.84797543916468,1226.0,False,,,False,6,0
ga,adaptive,28,1680.0,28.0,5,disrupted,disrupted,4 5 32 67,3297,2.857142857142857,0.35,0.0,29.721583997399517,18.466666666666665,19,2,17,3.2089583832523614,1.6044791916261807,135.89456718789506,60.0,1740.0,0.0,0.0,0.0,2478.48987280007,0.0,0.0,135.89456718789506,1740.0,70.33820729484307,1204.4604420722626,,,,False,False,not_attempted,0,0,0,0,13,3,0.23076923076923078,156.75464210583135,1226.0,False,,,False,5,0
ga,adaptive,29,1740.0,29.0,5,disrupted,disrupted,4 5 32 67,3297,2.857142857142857,0.35,0.0,29.721583997399517,18.483333333333334,17,3,14,6.183692206974883,2.0612307356582944,142.07825939486995,60.0,1800.0,0.0,0.0,0.0,2478.48987280007,0.0,0.0,142.07825939486995,1800.0,66.93828386129742,1054.5239640319166,,,,False,False,not_attempted,0,0,0,0,56,6,0.10714285714285714,154.0042856492531,1468.0,False,,,False,5,0
ga,adaptive,30,1800.0,30.0,6,recovering,recovering,4 5 32 67,3297,2.857142857142857,0.35,0.0,29.721583997399517,18.5,14,1,13,1.879873099856624,1.879873099856624,143.95813249472656,60.0,1860.0,6.46000262349844e-05,19.56075740000233,19.560822000028566,2498.0506948000984,0.0,0.0,143.95813249472656,1860.0,60.64769262448894,1054.5239640319166,60.688679028790254,60.64769262448894,0.040986404301314394,True,True,lower_residual_energy,1,2,1,2,49,0,0.0,153.15276703620154,1468.0,False,,,True,4,0
ga,adaptive,31,1860.0,31.0,6,recovering,recovering,4 5 32 67,3297,2.6595744680851063,0.376,0.04,30.188704347402066,18.516666666666666,13,1,12,0.7441260917781909,0.7441260917781909,144.70225858650474,60.0,1920.0,0.0,0.0,0.0,2498.0506948000984,0.0,0.0,144.70225858650474,1920.0,58.12136198518176,1026.37077185309,,,,False,False,not_attempted,0,0,0,0,31,0,0.0,153.0594337028682,1468.0,False,,,False,4,0
ga,adaptive,32,1920.0,32.0,6,recovering,recovering,4 5 32 67,3297,2.4875621890547266,0.40199999999999997,0.08,30.607523974755804,18.533333333333335,12,2,10,2.3595099612248776,1.1797549806124388,147.06176854772963,60.0,1980.0,0.0,0.0,0.0,2498.0506948000984,0.0,0.0,147.06176854772963,1980.0,56.194859808593,885.9461340790649,,,,False,False,not_attempted,0,0,0,0,33,1,0.030303030303030304,151.59406545830535,1468.0,False,,,False,4,0
ga,adaptive,33,1980.0,33.0,6,recovering,recovering,4 5 32 67,3297,2.336448598130841,0.428,0.12,30.985166120541283,18.55,10,1,9,1.7745105400481156,1.7745105400481156,148.83627908777774,60.0,2040.0,0.0,0.0,0.0,2498.0506948000984,0.0,0.0,148.83627908777774,2040.0,52.35427050017468,885.4780861058866,,,,False,False,not_attempted,0,0,0,0,6,0,0.0,150.6809411698465,1569.0,False,,,False,4,0
ga,adaptive,34,2040.0,34.0,6,recovering,recovering,4 5 32 67,3297,2.2026431718061676,0.45399999999999996,0.16,31.327418971026407,18.566666666666666,9,1,8,1.3520657988108598,1.3520657988108598,150.1883448865886,60.0,2100.0,0.0,0.0,0.0,2498.0506948000984,0.0,0.0,150.1883448865886,2100.0,48.727388129702554,757.0105842939471,,,,False,False,not_attempted,0,0,0,0,11,0,0.0,150.58760783651317,1569.0,False,,,False,4,0
ga,adaptive,35,2100.0,35.0,7,recovering,recovering,4 5 32 67,3297,2.0833333333333335,0.48,0.2,31.639034432342793,18.583333333333332,8,2,6,3.4104651644457302,1.7052325822228651,153.59881005103432,60.0,2160.0,10.385476600029506,2.3742669000057504,12.759743500035256,2510.8104383001337,0.0,0.0,153.59881005103432,2160.0,46.851829481655066,756.6410428930974,46.851829481655066,46.851829481655066,0.0,True,False,incumbent_not_worse,0,0,0,0,24,3,0.125,148.13461240227804,1676.0,False,,,True,4,0
ga,adaptive,36,2160.0,36.0,7,recovering,recovering,4 5 32 67,3297,1.976284584980237,0.506,0.24,31.923950106466968,18.6,6,1,5,1.7012494014158666,1.7012494014158666,155.3000594524502,60.0,2220.0,0.0,0.0,0.0,2510.8104383001337,0.0,0.0,155.3000594524502,2220.0,42.49851658823747,721.3029991814387,,,,False,False,not_attempted,0,0,0,0,38,1,0.02631578947368421,147.98008743377753,1676.0,False,,,False,4,0
ga,adaptive,37,2220.0,37.0,7,recovering,recovering,4 5 32 67,3297,1.8796992481203008,0.532,0.28,32.18545655326324,18.616666666666667,5,0,5,0.9257694749187616,0.9257694749187616,156.22582892736895,60.0,2280.0,0.0,0.0,0.0,2510.8104383001337,0.0,0.0,156.22582892736895,2280.0,39.75201477112032,663.2865086076836,,,,False,False,not_attempted,0,0,0,0,6,0,0.0,147.8867541004442,1676.0,False,,,False,2,0
ga,adaptive,38,2280.0,38.0,7,recovering,recovering,4 5 32 67,3297,1.7921146953405016,0.558,0.32,32.42632495164275,18.633333333333333,5,2,3,0.27544504204104425,0.13772252102052213,156.50127396941,60.0,2340.0,0.0,0.0,0.0,2510.8104383001337,0.0,0.0,156.50127396941,2340.0,37.80765385956134,527.036733967356,,,,False,False,not_attempted,0,0,0,0,0,0,0.0,147.88315670646347,1676.0,False,,,False,1,0
ga,adaptive,39,2340.0,39.0,7,recovering,recovering,4 5 32 67,3297,1.7123287671232879,0.584,0.36,32.64890568312535,18.65,3,2,1,1.246037083952176,0.623018541976088,157.74731105336218,60.0,2400.0,0.0,0.0,0.0,2510.8104383001337,0.0,0.0,157.74731105336218,2400.0,36.91601298349431,526.7896109801918,,,,False,False,not_attempted,0,0,0,0,15,0,0.0,147.88315670646347,1840.0,False,,,False,1,0
ga,adaptive,40,2400.0,40.0,8,recovering,recovering,4 5 32 67,3297,1.639344262295082,0.61,0.4,32.855205282099924,18.666666666666668,1,0,1,0.09333333333333332,0.09333333333333332,157.84064438669552,60.0,2460.0,0.0,0.0,0.0,2510.8104383001337,0.0,0.0,157.84064438669552,2460.0,34.725540444013085,364.93278690448597,,,,False,False,not_attempted,0,0,0,0,0,0,0.0,147.88315670646347,1840.0,False,,,False,0,0
ga,adaptive,41,2460.0,41.0,8,recovering,recovering,4 5 32 67,3297,1.572327044025157,0.636,0.44,33.04694709581491,18.683333333333334,1,1,0,32.134803985523575,32.134803985523575,189.9754483722191,408.8420779559726,2868.842077955973,0.0,0.0,0.0,2510.8104383001337,0.0,0.0,189.9754483722191,2868.842077955973,33.97885931712747,364.7252127677885,,,,False,False,not_attempted,0,0,0,0,439,56,0.1275626423690205,145.80238472621954,1895.0,True,,,False,0,0
ga,static_live,0,0.0,0.0,0,normal,initial,4 5 32 67,0,1.0,1.0,0.0,34.78037077224997,18.0,84,0,84,17.649882122789972,17.649882122789972,17.649882122789972,60.0,60.0,8.482715899939649,17.265034900046885,25.747750799986534,25.747750799986534,0.0,0.0,17.649882122789972,60.0,137.0202222079973,2575.791665618115,,,,False,False,initial_plan,0,0,0,0,110,0,0.0,177.61134889028398,0.0,False,,,True,10,10
ga,static_live,1,60.0,1.0,0,normal,normal,4 5 32 67,0,1.0,1.0,0.0,34.78037077224997,18.016666666666666,84,0,84,3.860832221189131,3.860832221189131,21.510714343979103,60.0,120.0,0.0,0.0,0.0,25.747750799986534,0.0,0.0,21.510714343979103,120.0,118.33481725358962,2408.508397267874,,,,False,False,not_attempted,0,0,0,0,48,0,0.0,176.09020652430007,0.0,False,,,False,10,10
ga,static_live,2,120.0,2.0,0,normal,normal,4 5 32 67,0,1.0,1.0,0.0,34.78037077224997,18.033333333333335,84,5,79,5.469586054369472,1.0939172108738944,26.980300398348575,60.0,180.0,0.0,0.0,0.0,25.747750799986534,0.0,0.0,26.980300398348575,180.0,114.32039977398952,2408.508397267874,,,,False,False,not_attempted,0,0,0,0,54,0,0.0,174.7596401655785,230.0,False,,,False,10,5
ga,static_live,3,180.0,3.0,0,normal,normal,4 5 32 67,0,1.0,1.0,0.0,34.78037077224997,18.05,79,2,77,7.011609396691212,3.505804698345606,33.99190979503979,60.0,240.0,0.0,0.0,0.0,25.747750799986534,0.0,0.0,33.99190979503979,240.0,109.00105004153725,2395.4649197227227,,,,False,False,not_attempted,0,0,0,0,102,0,0.0,174.34235459366602,230.0,False,,,False,10,3
ga,static_live,4,240.0,4.0,0,normal,normal,4 5 32 67,0,1.0,1.0,0.0,34.78037077224997,18.066666666666666,77,0,77,7.1547879192985535,7.1547879192985535,41.146697714338345,60.0,300.0,0.0,0.0,0.0,25.747750799986534,0.0,0.0,41.146697714338345,300.0,102.22978058226929,2222.1724931702206,,,,False,False,not_attempted,0,0,0,0,63,0,0.0,173.4394704160569,230.0,False,,,False,10,3
ga,static_live,5,300.0,5.0,1,normal,normal,4 5 32 67,0,1.0,1.0,0.0,34.78037077224997,18.083333333333332,77,3,74,2.675963325709791,0.891987775236597,43.82266104004813,60.0,360.0,0.0,0.0,0.0,25.747750799986534,0.0,0.0,43.82266104004813,360.0,95.1717140869908,2222.1724931702206,,,,False,False,not_attempted,0,0,0,0,34,0,0.0,173.10775928116314,402.0,False,,,False,10,2
ga,static_live,6,360.0,6.0,1,normal,normal,4 5 32 67,0,1.0,1.0,0.0,34.78037077224997,18.1,74,2,72,2.766193936465484,1.383096968232742,46.588854976513616,60.0,420.0,0.0,0.0,0.0,25.747750799986534,0.0,0.0,46.588854976513616,420.0,92.60410325990152,2214.6116397759683,,,,False,False,not_attempted,0,0,0,0,81,0,0.0,173.0144259478298,422.0,False,,,False,10,1
ga,static_live,7,420.0,7.0,1,normal,normal,4 5 32 67,0,1.0,1.0,0.0,34.78037077224997,18.116666666666667,72,4,68,4.347192794898818,1.0867981987247044,50.93604777141243,60.0,480.0,0.0,0.0,0.0,25.747750799986534,0.0,0.0,50.93604777141243,480.0,89.92368642949396,2148.2053198083527,,,,False,False,not_attempted,0,0,0,0,87,0,0.0,171.7315048732715,422.0,False,,,False,10,0
ga,static_live,8,480.0,8.0,1,normal,normal,4 5 32 67,0,1.0,1.0,0.0,34.78037077224997,18.133333333333333,68,2,66,2.5250093236515756,1.2625046618257878,53.46105709506401,60.0,540.0,0.0,0.0,0.0,25.747750799986534,0.0,0.0,53.46105709506401,540.0,85.28714308081315,2087.667082619376,,,,False,False,not_attempted,0,0,0,0,64,0,0.0,171.63817153993816,647.0,False,,,False,10,0
ga,static_live,9,540.0,9.0,1,normal,normal,4 5 32 67,0,1.0,1.0,0.0,34.78037077224997,18.15,66,4,62,3.0619730013422446,0.7654932503355611,56.52303009640625,60.0,600.0,0.0,0.0,0.0,25.747750799986534,0.0,0.0,56.52303009640625,600.0,82.77007440456873,1959.541901191854,,,,False,False,not_attempted,0,0,0,0,70,0,0.0,171.54640459197284,647.0,False,,,False,10,0
ga,static_live,10,600.0,10.0,2,degrading,degrading,4 5 32 67,0,1.0,1.0,0.0,34.78037077224997,18.166666666666668,62,3,59,4.390709018242486,1.4635696727474954,60.913739114648735,60.0,660.0,0.0,0.0,0.0,25.747750799986534,0.0,0.0,60.913739114648735,660.0,80.09411359828835,1959.541901191854,,,,False,False,not_attempted,0,0,0,0,80,0,0.0,171.29011539682318,647.0,False,,,False,10,0
ga,static_live,11,660.0,11.0,2,degrading,degrading,4 5 32 67,3297,1.06951871657754,0.935,0.0,34.560176101620044,18.183333333333334,59,1,58,2.7064562241517303,2.7064562241517303,63.620195338800464,60.0,720.0,0.0,0.0,0.0,25.747750799986534,0.0,0.0,63.620195338800464,720.0,79.12801997214677,1900.872501283163,,,,False,False,not_attempted,0,0,0,0,46,12,0.2608695652173913,171.00102300959978,647.0,False,,,False,9,0
ga,static_live,12,720.0,12.0,2,degrading,degrading,4 5 32 67,3297,1.1494252873563218,0.87,0.0,34.310498050478834,18.2,58,4,54,2.6289544777727363,0.6572386194431841,66.2491498165732,60.0,780.0,0.0,0.0,0.0,25.747750799986534,0.0,0.0,66.2491498165732,780.0,81.29328925570584,1798.3855538019623,,,,False,False,not_attempted,0,0,0,0,30,3,0.1,169.9712503230566,647.0,False,,,False,8,0
ga,static_live,13,780.0,13.0,2,degrading,degrading,4 5 32 67,3297,1.2422360248447206,0.8049999999999999,0.0,34.02499013221328,18.216666666666665,54,2,52,3.6073201259688563,1.8036600629844282,69.85646994254205,60.0,840.0,0.0,0.0,0.0,25.747750799986534,0.0,0.0,69.85646994254205,840.0,84.15638002915396,1806.3187633494192,,,,False,False,not_attempted,0,0,0,0,39,14,0.358974358974359,168.6873506151558,822.0,False,,,False,8,0
ga,static_live,14,840.0,14.0,2,degrading,degrading,4 5 32 67,3297,1.3513513513513513,0.74,0.0,33.6953435654809,18.233333333333334,52,3,49,2.0687352180750165,0.6895784060250055,71.92520516061707,60.0,900.0,0.0,0.0,0.0,25.747750799986534,0.0,0.0,71.92520516061707,900.0,86.39983739785498,1695.6456448444028,,,,False,False,not_attempted,0,0,0,0,31,0,0.0,168.44749961377207,822.0,False,,,False,8,0
ga,static_live,15,900.0,15.0,3,degrading,degrading,4 5 32 67,3297,1.4814814814814814,0.675,0.0,33.31046532709174,18.25,49,3,46,2.5984138117850155,0.8661379372616719,74.52361897240209,60.0,960.0,0.0,0.0,0.0,25.747750799986534,0.0,0.0,74.52361897240209,960.0,91.5903672456368,1706.7688146273088,,,,False,False,not_attempted,0,0,0,0,45,4,0.08888888888888889,168.39759137099304,822.0,False,,,False,8,0
ga,static_live,16,960.0,16.0,3,degrading,degrading,4 5 32 67,3297,1.639344262295082,0.61,0.0,32.855205282099924,18.266666666666666,46,1,45,4.819727184062155,4.819727184062155,79.34334615646425,60.0,1020.0,0.0,0.0,0.0,25.747750799986534,0.0,0.0,79.34334615646425,1020.0,96.84845717721264,1662.6451977962622,,,,False,False,not_attempted,0,0,0,0,55,15,0.2727272727272727,167.7555934841979,822.0,False,,,False,8,0
ga,static_live,17,1020.0,17.0,3,degrading,degrading,4 5 32 67,3297,1.8348623853211008,0.545,0.0,32.30831473973112,18.283333333333335,45,3,42,4.867920930678508,1.6226403102261695,84.21126708714276,60.0,1080.0,0.0,0.0,0.0,25.747750799986534,0.0,0.0,84.21126708714276,1080.0,100.21491782316401,1620.9243080074214,,,,False,False,not_attempted,0,0,0,0,47,8,0.1702127659574468,166.05313016359116,943.0,False,,,False,8,0
ga,static_live,18,1080.0,18.0,3,degrading,degrading,4 5 32 67,3297,2.0833333333333335,0.48,0.0,31.639034432342793,18.3,42,1,41,2.693093021948524,2.693093021948524,86.90436010909129,60.0,1140.0,0.0,0.0,0.0,25.747750799986534,0.0,0.0,86.90436010909129,1140.0,104.98667958381405,1581.3792701018276,,,,False,False,not_attempted,0,0,0,0,20,2,0.1,165.95979683025783,943.0,False,,,False,8,0
ga,static_live,19,1140.0,19.0,3,degrading,degrading,4 5 32 67,3297,2.409638554216868,0.4149999999999999,0.0,30.801103123260912,18.316666666666666,41,4,37,6.926234079787627,1.7315585199469068,93.83059418887892,60.0,1200.0,0.0,0.0,0.0,25.747750799986534,0.0,0.0,93.83059418887892,1200.0,111.83262699332865,1705.2597643915308,,,,False,False,not_attempted,0,0,0,0,33,8,0.24242424242424243,163.72487348314726,967.0,False,,,False,8,0
ga,static_live,20,1200.0,20.0,4,disrupted,holding,4 5 32 67,3297,2.857142857142857,0.35,0.0,29.721583997399517,18.333333333333332,37,1,36,3.8432472009320726,3.8432472009320726,97.67384138981099,60.0,1260.0,0.0,0.0,0.0,25.747750799986534,0.0,0.0,97.67384138981099,1260.0,114.38033597115383,1622.9148243158486,,,,False,False,not_attempted,0,0,0,0,21,0,0.0,163.36657023375545,993.0,False,,,False,8,0
ga,static_live,21,1260.0,21.0,4,disrupted,disrupted,4 5 32 67,3297,2.857142857142857,0.35,0.0,29.721583997399517,18.35,36,2,34,2.6299281300285875,1.3149640650142937,100.30376951983958,60.0,1320.0,0.0,0.0,0.0,25.747750799986534,0.0,0.0,100.30376951983958,1320.0,110.95907835072227,1622.9148243158486,,,,False,False,not_attempted,0,0,0,0,37,0,0.0,163.27323690042212,993.0,False,,,False,8,0
ga,static_live,22,1320.0,22.0,4,disrupted,disrupted,4 5 32 67,3297,2.857142857142857,0.35,0.0,29.721583997399517,18.366666666666667,34,5,29,4.371220121987833,0.8742440243975667,104.67498964182741,60.0,1380.0,0.0,0.0,0.0,25.747750799986534,0.0,0.0,104.67498964182741,1380.0,108.58227322462241,1446.121509020464,,,,False,False,not_attempted,0,0,0,0,36,2,0.05555555555555555,162.43356768549774,1118.0,False,,,False,8,0
ga,static_live,23,1380.0,23.0,4,disrupted,disrupted,4 5 32 67,3297,2.857142857142857,0.35,0.0,29.721583997399517,18.383333333333333,29,2,27,5.369792117638788,2.684896058819394,110.04478175946619,60.0,1440.0,0.0,0.0,0.0,25.747750799986534,0.0,0.0,110.04478175946619,1440.0,102.84218264870243,1446.121509020464,,,,False,False,not_attempted,0,0,0,0,8,5,0.625,161.47566754412267,1167.0,False,,,False,8,0
ga,static_live,24,1440.0,24.0,4,disrupted,disrupted,4 5 32 67,3297,2.857142857142857,0.35,0.0,29.721583997399517,18.4,27,4,23,4.420590814113087,1.1051477035282717,114.46537257357927,60.0,1500.0,0.0,0.0,0.0,25.747750799986534,0.0,0.0,114.46537257357927,1500.0,98.50528629092523,1443.5634315177479,,,,False,False,not_attempted,0,0,0,0,40,1,0.025,161.06620763366672,1236.0,False,,,False,8,0
ga,static_live,25,1500.0,25.0,5,disrupted,disrupted,4 5 32 67,3297,2.857142857142857,0.35,0.0,29.721583997399517,18.416666666666668,23,1,22,3.069680075194751,3.069680075194751,117.53505264877403,60.0,1560.0,0.0,0.0,0.0,25.747750799986534,0.0,0.0,117.53505264877403,1560.0,93.70640382233246,1306.8828219891304,,,,False,False,not_attempted,0,0,0,0,22,2,0.09090909090909091,160.9728743003334,1236.0,False,,,False,7,0
ga,static_live,26,1560.0,26.0,5,disrupted,disrupted,4 5 32 67,3297,2.857142857142857,0.35,0.0,29.721583997399517,18.433333333333334,22,3,19,7.150792801436525,2.3835976004788417,124.68584545021055,60.0,1620.0,0.0,0.0,0.0,25.747750799986534,0.0,0.0,124.68584545021055,1620.0,90.1152617267077,1306.8828219891304,,,,False,False,not_attempted,0,0,0,0,24,5,0.20833333333333334,159.68806382079597,1288.0,False,,,False,7,0
ga,static_live,27,1620.0,27.0,5,disrupted,disrupted,4 5 32 67,3297,2.857142857142857,0.35,0.0,29.721583997399517,18.45,19,2,17,5.92572858209213,2.962864291046065,130.61157403230268,60.0,1680.0,0.0,0.0,0.0,25.747750799986534,0.0,0.0,130.61157403230268,1680.0,83.52701629818957,1264.2053607314967,,,,False,False,not_attempted,0,0,0,0,25,4,0.16,156.84797543916468,1288.0,False,,,False,5,0
ga,static_live,28,1680.0,28.0,5,disrupted,disrupted,4 5 32 67,3297,2.857142857142857,0.35,0.0,29.721583997399517,18.466666666666665,17,2,15,3.2038707735494474,1.6019353867747237,133.81544480585214,60.0,1740.0,0.0,0.0,0.0,25.747750799986534,0.0,0.0,133.81544480585214,1740.0,77.871284851592,1135.8612717189794,,,,False,False,not_attempted,0,0,0,0,7,3,0.42857142857142855,156.75464210583135,1382.0,False,,,False,5,0
ga,static_live,29,1740.0,29.0,5,disrupted,disrupted,4 5 32 67,3297,2.857142857142857,0.35,0.0,29.721583997399517,18.483333333333334,15,3,12,5.469318140974494,1.823106046991498,139.28476294682662,60.0,1800.0,0.0,0.0,0.0,25.747750799986534,0.0,0.0,139.28476294682662,1800.0,74.6203815790172,1135.8612717189794,,,,False,False,not_attempted,0,0,0,0,34,6,0.17647058823529413,154.0042856492531,1468.0,False,,,False,5,0
ga,static_live,30,1800.0,30.0,6,recovering,recovering,4 5 32 67,3297,2.857142857142857,0.35,0.0,29.721583997399517,18.5,12,1,11,2.1381641313923003,2.1381641313923003,141.42292707821892,60.0,1860.0,0.0,0.0,0.0,25.747750799986534,0.0,0.0,141.42292707821892,1860.0,69.02368986460887,1085.3018572891494,,,,False,False,not_attempted,0,0,0,0,38,0,0.0,153.15276703620154,1468.0,False,,,False,5,0
ga,static_live,31,1860.0,31.0,6,recovering,recovering,4 5 32 67,3297,2.6595744680851063,0.376,0.04,30.188704347402066,18.516666666666666,11,1,10,3.5843287544637414,3.5843287544637414,145.00725583268266,60.0,1920.0,0.0,0.0,0.0,25.747750799986534,0.0,0.0,145.00725583268266,1920.0,65.25061589368354,1004.4470817025544,,,,False,False,not_attempted,0,0,0,0,24,6,0.25,153.0594337028682,1468.0,False,,,False,4,0
ga,static_live,32,1920.0,32.0,6,recovering,recovering,4 5 32 67,3297,2.4875621890547266,0.40199999999999997,0.08,30.607523974755804,18.533333333333335,10,2,8,2.3697553821276016,1.1848776910638008,147.37701121481027,60.0,1980.0,0.0,0.0,0.0,25.747750799986534,0.0,0.0,147.37701121481027,1980.0,59.232116184215904,852.1768378152252,,,,False,False,not_attempted,0,0,0,0,14,0,0.0,153.03678282559096,1607.0,False,,,False,3,0
ga,static_live,33,1980.0,33.0,6,recovering,recovering,4 5 32 67,3297,2.336448598130841,0.428,0.12,30.985166120541283,18.55,8,2,6,2.525338616150904,1.262669308075452,149.90234983096116,60.0,2040.0,0.0,0.0,0.0,25.747750799986534,0.0,0.0,149.90234983096116,2040.0,55.81276524080881,840.278738385658,,,,False,False,not_attempted,0,0,0,0,12,8,0.6666666666666666,153.03678282559096,1635.0,False,,,False,2,0
ga,static_live,34,2040.0,34.0,6,recovering,recovering,4 5 32 67,3297,2.2026431718061676,0.45399999999999996,0.16,31.327418971026407,18.566666666666666,6,1,5,0.2705422320945475,0.2705422320945475,150.1728920630557,60.0,2100.0,0.0,0.0,0.0,25.747750799986534,0.0,0.0,150.1728920630557,2100.0,52.03297060070947,793.8957718135597,,,,False,False,not_attempted,0,0,0,0,7,0,0.0,153.03678282559096,1635.0,False,,,False,2,0
ga,static_live,35,2100.0,35.0,7,recovering,recovering,4 5 32 67,3297,2.0833333333333335,0.48,0.2,31.639034432342793,18.583333333333332,5,1,4,0.28839580368852613,0.28839580368852613,150.46128786674424,60.0,2160.0,0.0,0.0,0.0,25.747750799986534,0.0,0.0,150.46128786674424,2160.0,50.337133974944145,479.32174281580495,,,,False,False,not_attempted,0,0,0,0,4,0,0.0,153.03678282559096,1725.0,False,,,False,2,0
ga,static_live,36,2160.0,36.0,7,recovering,recovering,4 5 32 67,3297,1.976284584980237,0.506,0.24,31.923950106466968,18.6,4,1,3,0.23878687577792307,0.23878687577792307,150.70007474252216,60.0,2220.0,0.0,0.0,0.0,25.747750799986534,0.0,0.0,150.70007474252216,2220.0,48.055060279930714,562.8552026001853,,,,False,False,not_attempted,0,0,0,0,6,0,0.0,153.03678282559096,1725.0,False,,,False,1,0
ga,static_live,37,2220.0,37.0,7,recovering,recovering,4 5 32 67,3297,1.8796992481203008,0.532,0.28,32.18545655326324,18.616666666666667,3,1,2,0.11333918355261022,0.11333918355261022,150.81341392607476,60.0,2280.0,0.0,0.0,0.0,25.747750799986534,0.0,0.0,150.81341392607476,2280.0,45.433639230918935,556.3639000580538,,,,False,False,not_attempted,0,0,0,0,0,0,0.0,153.03678282559096,1937.0,False,,,False,1,0
ga,static_live,38,2280.0,38.0,7,recovering,recovering,4 5 32 67,3297,1.7921146953405016,0.558,0.32,32.42632495164275,18.633333333333333,2,1,1,0.10081195195056072,0.10081195195056072,150.91422587802532,60.0,2340.0,0.0,0.0,0.0,25.747750799986534,0.0,0.0,150.91422587802532,2340.0,43.30248702670665,550.47752176716,,,,False,False,not_attempted,0,0,0,0,1,0,0.0,153.03678282559096,1937.0,False,,,False,1,0
ga,static_live,39,2340.0,39.0,7,recovering,recovering,4 5 32 67,3297,1.7123287671232879,0.584,0.36,32.64890568312535,18.65,1,0,1,0.6450318955080208,0.6450318955080208,151.55925777353335,60.0,2400.0,0.0,0.0,0.0,25.747750799986534,0.0,0.0,151.55925777353335,2400.0,41.33702739077694,545.1152730501134,,,,False,False,not_attempted,0,0,0,0,26,0,0.0,153.03678282559096,1937.0,False,,,False,1,0
ga,static_live,40,2400.0,40.0,8,recovering,recovering,4 5 32 67,3297,1.639344262295082,0.61,0.4,32.855205282099924,18.666666666666668,1,0,1,1.6339667161579545,1.6339667161579545,153.1932244896913,60.0,2460.0,0.0,0.0,0.0,25.747750799986534,0.0,0.0,153.1932244896913,2460.0,38.82884827171784,540.2101340597656,,,,False,False,not_attempted,0,0,0,0,8,8,1.0,153.03678282559096,1937.0,False,,,False,1,0
ga,static_live,41,2460.0,41.0,8,recovering,recovering,4 5 32 67,3297,1.572327044025157,0.636,0.44,33.04694709581491,18.683333333333334,1,0,1,0.7185578557799325,0.7185578557799325,153.9117823454712,60.0,2520.0,0.0,0.0,0.0,25.747750799986534,0.0,0.0,153.9117823454712,2520.0,35.49417810824499,535.7060441692576,,,,False,False,not_attempted,0,0,0,0,2,2,1.0,153.03678282559096,1937.0,False,,,False,1,0
ga,static_live,42,2520.0,42.0,8,recovering,recovering,4 5 32 67,3297,1.5105740181268883,0.6619999999999999,0.48,33.22561954037959,18.7,1,0,1,0.09333333333333332,0.09333333333333332,154.00511567880454,60.0,2580.0,0.0,0.0,0.0,25.747750799986534,0.0,0.0,154.00511567880454,2580.0,33.1521270474592,531.5557498592729,,,,False,False,not_attempted,0,0,0,0,0,0,0.0,153.03678282559096,1937.0,False,,,False,0,0
ga,static_live,43,2580.0,43.0,8,recovering,recovering,4 5 32 67,3297,1.4534883720930234,0.688,0.52,33.3925148144014,18.716666666666665,1,1,0,28.101528313460054,28.101528313460054,182.1066439922646,543.4394655696967,3123.4394655696965,0.0,0.0,0.0,25.747750799986534,0.0,0.0,182.1066439922646,3123.4394655696965,31.63667528638714,527.719140584345,,,,False,False,not_attempted,0,0,0,0,335,91,0.2716417910447761,147.74188175333884,1937.0,True,,,False,0,0
ga,static_frozen,0,0.0,0.0,0,normal,initial,4 5 32 67,0,1.0,1.0,0.0,34.78037077224997,18.0,84,0,84,17.649882122789972,17.649882122789972,17.649882122789972,60.0,60.0,8.482715899939649,17.265034900046885,25.747750799986534,25.747750799986534,0.0,0.0,17.649882122789972,60.0,137.0202222079973,2575.791665618115,,,,False,False,initial_plan,0,0,0,0,110,0,0.0,177.61134889028398,0.0,False,,,True,10,10
ga,static_frozen,1,60.0,1.0,0,normal,normal,4 5 32 67,0,1.0,1.0,0.0,34.78037077224997,18.016666666666666,84,0,84,3.860832221189131,3.860832221189131,21.510714343979103,60.0,120.0,0.0,0.0,0.0,25.747750799986534,0.0,0.0,21.510714343979103,120.0,118.33481725358962,2408.508397267874,,,,False,False,not_attempted,0,0,0,0,48,0,0.0,176.09020652430007,0.0,False,,,False,10,10
ga,static_frozen,2,120.0,2.0,0,normal,normal,4 5 32 67,0,1.0,1.0,0.0,34.78037077224997,18.033333333333335,84,5,79,5.469586054369472,1.0939172108738944,26.980300398348575,60.0,180.0,0.0,0.0,0.0,25.747750799986534,0.0,0.0,26.980300398348575,180.0,114.32039977398952,2408.508397267874,,,,False,False,not_attempted,0,0,0,0,54,0,0.0,174.7596401655785,230.0,False,,,False,10,5
ga,static_frozen,3,180.0,3.0,0,normal,normal,4 5 32 67,0,1.0,1.0,0.0,34.78037077224997,18.05,79,2,77,7.011609396691212,3.505804698345606,33.99190979503979,60.0,240.0,0.0,0.0,0.0,25.747750799986534,0.0,0.0,33.99190979503979,240.0,109.00105004153725,2395.4649197227227,,,,False,False,not_attempted,0,0,0,0,102,0,0.0,174.34235459366602,230.0,False,,,False,10,3
ga,static_frozen,4,240.0,4.0,0,normal,normal,4 5 32 67,0,1.0,1.0,0.0,34.78037077224997,18.066666666666666,77,0,77,7.1547879192985535,7.1547879192985535,41.146697714338345,60.0,300.0,0.0,0.0,0.0,25.747750799986534,0.0,0.0,41.146697714338345,300.0,102.22978058226929,2222.1724931702206,,,,False,False,not_attempted,0,0,0,0,63,0,0.0,173.4394704160569,230.0,False,,,False,10,3
ga,static_frozen,5,300.0,5.0,1,normal,normal,4 5 32 67,0,1.0,1.0,0.0,34.78037077224997,18.083333333333332,77,3,74,2.675963325709791,0.891987775236597,43.82266104004813,60.0,360.0,0.0,0.0,0.0,25.747750799986534,0.0,0.0,43.82266104004813,360.0,95.1717140869908,2222.1724931702206,,,,False,False,not_attempted,0,0,0,0,34,0,0.0,173.10775928116314,402.0,False,,,False,10,2
ga,static_frozen,6,360.0,6.0,1,normal,normal,4 5 32 67,0,1.0,1.0,0.0,34.78037077224997,18.1,74,2,72,2.766193936465484,1.383096968232742,46.588854976513616,60.0,420.0,0.0,0.0,0.0,25.747750799986534,0.0,0.0,46.588854976513616,420.0,92.60410325990152,2214.6116397759683,,,,False,False,not_attempted,0,0,0,0,81,0,0.0,173.0144259478298,422.0,False,,,False,10,1
ga,static_frozen,7,420.0,7.0,1,normal,normal,4 5 32 67,0,1.0,1.0,0.0,34.78037077224997,18.116666666666667,72,4,68,4.347192794898818,1.0867981987247044,50.93604777141243,60.0,480.0,0.0,0.0,0.0,25.747750799986534,0.0,0.0,50.93604777141243,480.0,89.92368642949396,2148.2053198083527,,,,False,False,not_attempted,0,0,0,0,87,0,0.0,171.7315048732715,422.0,False,,,False,10,0
ga,static_frozen,8,480.0,8.0,1,normal,normal,4 5 32 67,0,1.0,1.0,0.0,34.78037077224997,18.133333333333333,68,2,66,2.5250093236515756,1.2625046618257878,53.46105709506401,60.0,540.0,0.0,0.0,0.0,25.747750799986534,0.0,0.0,53.46105709506401,540.0,85.28714308081315,2087.667082619376,,,,False,False,not_attempted,0,0,0,0,64,0,0.0,171.63817153993816,647.0,False,,,False,10,0
ga,static_frozen,9,540.0,9.0,1,normal,normal,4 5 32 67,0,1.0,1.0,0.0,34.78037077224997,18.15,66,4,62,3.0619730013422446,0.7654932503355611,56.52303009640625,60.0,600.0,0.0,0.0,0.0,25.747750799986534,0.0,0.0,56.52303009640625,600.0,82.77007440456873,1959.541901191854,,,,False,False,not_attempted,0,0,0,0,70,0,0.0,171.54640459197284,647.0,False,,,False,10,0
ga,static_frozen,10,600.0,10.0,2,degrading,degrading,4 5 32 67,0,1.0,1.0,0.0,34.78037077224997,18.166666666666668,62,3,59,4.390709018242486,1.4635696727474954,60.913739114648735,60.0,660.0,0.0,0.0,0.0,25.747750799986534,0.0,0.0,60.913739114648735,660.0,80.09411359828835,1959.541901191854,,,,False,False,not_attempted,0,0,0,0,80,0,0.0,171.29011539682318,647.0,False,,,False,10,0
ga,static_frozen,11,660.0,11.0,2,degrading,degrading,4 5 32 67,3297,1.06951871657754,0.935,0.0,34.560176101620044,18.183333333333334,59,1,58,2.7159051025021923,2.7159051025021923,63.629644217150926,60.0,720.0,0.0,0.0,0.0,25.747750799986534,0.0,0.0,63.629644217150926,720.0,79.12801997214677,1900.872501283163,,,,False,False,not_attempted,0,0,0,0,48,14,0.2916666666666667,171.00102300959978,647.0,False,,,False,9,0
ga,static_frozen,12,720.0,12.0,2,degrading,degrading,4 5 32 67,3297,1.1494252873563218,0.87,0.0,34.310498050478834,18.2,58,4,54,2.6289544777727363,0.6572386194431841,66.25859869492366,60.0,780.0,0.0,0.0,0.0,25.747750799986534,0.0,0.0,66.25859869492366,780.0,81.29328925570584,1798.3855538019623,,,,False,False,not_attempted,0,0,0,0,30,3,0.1,169.9712503230566,647.0,False,,,False,8,0
ga,static_frozen,13,780.0,13.0,2,degrading,degrading,4 5 32 67,3297,1.2422360248447206,0.8049999999999999,0.0,34.02499013221328,18.216666666666665,54,2,52,3.601929568379999,1.8009647841899994,69.86052826330366,60.0,840.0,0.0,0.0,0.0,25.747750799986534,0.0,0.0,69.86052826330366,840.0,84.15638002915396,1806.3187633494192,,,,False,False,not_attempted,0,0,0,0,39,14,0.358974358974359,168.6873506151558,822.0,False,,,False,8,0
ga,static_frozen,14,840.0,14.0,2,degrading,degrading,4 5 32 67,3297,1.3513513513513513,0.74,0.0,33.6953435654809,18.233333333333334,52,3,49,2.0687352180750165,0.6895784060250055,71.92926348137868,60.0,900.0,0.0,0.0,0.0,25.747750799986534,0.0,0.0,71.92926348137868,900.0,86.39983739785498,1695.6456448444028,,,,False,False,not_attempted,0,0,0,0,31,0,0.0,168.44749961377207,822.0,False,,,False,8,0
ga,static_frozen,15,900.0,15.0,3,degrading,degrading,4 5 32 67,3297,1.4814814814814814,0.675,0.0,33.31046532709174,18.25,49,3,46,2.5984138117850155,0.8661379372616719,74.5276772931637,60.0,960.0,0.0,0.0,0.0,25.747750799986534,0.0,0.0,74.5276772931637,960.0,91.5903672456368,1706.7688146273088,,,,False,False,not_attempted,0,0,0,0,45,4,0.08888888888888889,168.39759137099304,822.0,False,,,False,8,0
ga,static_frozen,16,960.0,16.0,3,degrading,degrading,4 5 32 67,3297,1.639344262295082,0.61,0.0,32.855205282099924,18.266666666666666,46,1,45,4.819727184062155,4.819727184062155,79.34740447722587,60.0,1020.0,0.0,0.0,0.0,25.747750799986534,0.0,0.0,79.34740447722587,1020.0,96.84845717721264,1662.6451977962622,,,,False,False,not_attempted,0,0,0,0,55,15,0.2727272727272727,167.7555934841979,822.0,False,,,False,8,0
ga,static_frozen,17,1020.0,17.0,3,degrading,degrading,4 5 32 67,3297,1.8348623853211008,0.545,0.0,32.30831473973112,18.283333333333335,45,3,42,4.867920930678508,1.6226403102261695,84.21532540790437,60.0,1080.0,0.0,0.0,0.0,25.747750799986534,0.0,0.0,84.21532540790437,1080.0,100.21491782316401,1620.9243080074214,,,,False,False,not_attempted,0,0,0,0,47,8,0.1702127659574468,166.05313016359116,943.0,False,,,False,8,0
ga,static_frozen,18,1080.0,18.0,3,degrading,degrading,4 5 32 67,3297,2.0833333333333335,0.48,0.0,31.639034432342793,18.3,42,1,41,2.693093021948524,2.693093021948524,86.9084184298529,60.0,1140.0,0.0,0.0,0.0,25.747750799986534,0.0,0.0,86.9084184298529,1140.0,104.98667958381405,1581.3792701018276,,,,False,False,not_attempted,0,0,0,0,20,2,0.1,165.95979683025783,943.0,False,,,False,8,0
ga,static_frozen,19,1140.0,19.0,3,degrading,degrading,4 5 32 67,3297,2.409638554216868,0.4149999999999999,0.0,30.801103123260912,18.316666666666666,41,4,37,6.926234079787627,1.7315585199469068,93.83465250964053,60.0,1200.0,0.0,0.0,0.0,25.747750799986534,0.0,0.0,93.83465250964053,1200.0,111.83262699332865,1705.2597643915308,,,,False,False,not_attempted,0,0,0,0,33,8,0.24242424242424243,163.72487348314726,967.0,False,,,False,8,0
ga,static_frozen,20,1200.0,20.0,4,disrupted,holding,4 5 32 67,3297,2.857142857142857,0.35,0.0,29.721583997399517,18.333333333333332,37,1,36,3.8432472009320726,3.8432472009320726,97.6778997105726,60.0,1260.0,0.0,0.0,0.0,25.747750799986534,0.0,0.0,97.6778997105726,1260.0,114.38033597115383,1622.9148243158486,,,,False,False,not_attempted,0,0,0,0,21,0,0.0,163.36657023375545,993.0,False,,,False,8,0
ga,static_frozen,21,1260.0,21.0,4,disrupted,disrupted,4 5 32 67,3297,2.857142857142857,0.35,0.0,29.721583997399517,18.35,36,2,34,2.6299281300285875,1.3149640650142937,100.30782784060119,60.0,1320.0,0.0,0.0,0.0,25.747750799986534,0.0,0.0,100.30782784060119,1320.0,110.95907835072227,1622.9148243158486,,,,False,False,not_attempted,0,0,0,0,37,0,0.0,163.27323690042212,993.0,False,,,False,8,0
ga,static_frozen,22,1320.0,22.0,4,disrupted,disrupted,4 5 32 67,3297,2.857142857142857,0.35,0.0,29.721583997399517,18.366666666666667,34,5,29,4.371220121987833,0.8742440243975667,104.67904796258902,60.0,1380.0,0.0,0.0,0.0,25.747750799986534,0.0,0.0,104.67904796258902,1380.0,108.58227322462241,1446.121509020464,,,,False,False,not_attempted,0,0,0,0,36,2,0.05555555555555555,162.43356768549774,1118.0,False,,,False,8,0
ga,static_frozen,23,1380.0,23.0,4,disrupted,disrupted,4 5 32 67,3297,2.857142857142857,0.35,0.0,29.721583997399517,18.383333333333333,29,2,27,5.369792117638788,2.684896058819394,110.04884008022782,60.0,1440.0,0.0,0.0,0.0,25.747750799986534,0.0,0.0,110.04884008022782,1440.0,102.84218264870243,1446.121509020464,,,,False,False,not_attempted,0,0,0,0,8,5,0.625,161.47566754412267,1167.0,False,,,False,8,0
ga,static_frozen,24,1440.0,24.0,4,disrupted,disrupted,4 5 32 67,3297,2.857142857142857,0.35,0.0,29.721583997399517,18.4,27,4,23,4.066895110246617,1.0167237775616542,114.11573519047444,60.0,1500.0,0.0,0.0,0.0,25.747750799986534,0.0,0.0,114.11573519047444,1500.0,98.50528629092523,1443.5634315177479,,,,False,False,not_attempted,0,0,0,0,39,1,0.02564102564102564,161.06620763366672,1236.0,False,,,False,8,0
ga,static_frozen,25,1500.0,25.0,5,disrupted,disrupted,4 5 32 67,3297,2.857142857142857,0.35,0.0,29.721583997399517,18.416666666666668,23,1,22,3.9621532354013413,3.9621532354013413,118.07788842587578,60.0,1560.0,0.0,0.0,0.0,25.747750799986534,0.0,0.0,118.07788842587578,1560.0,96.04503236766485,1306.8828219891304,,,,False,False,not_attempted,0,0,0,0,24,4,0.16666666666666666,160.9728743003334,1236.0,False,,,False,7,0
ga,static_frozen,26,1560.0,26.0,5,disrupted,disrupted,4 5 32 67,3297,2.857142857142857,0.35,0.0,29.721583997399517,18.433333333333334,22,3,19,10.557858776693239,3.5192862588977465,128.63574720256904,60.0,1620.0,0.0,0.0,0.0,25.747750799986534,0.0,0.0,128.63574720256904,1620.0,90.75459598445272,1306.8828219891304,,,,False,False,not_attempted,0,0,0,0,26,9,0.34615384615384615,155.34730986282347,1288.0,False,,,False,7,0
ga,static_frozen,27,1620.0,27.0,5,disrupted,disrupted,4 5 32 67,3297,2.857142857142857,0.35,0.0,29.721583997399517,18.45,19,2,17,3.9309109370158484,1.9654554685079242,132.5666581395849,60.0,1680.0,0.0,0.0,0.0,25.747750799986534,0.0,0.0,132.5666581395849,1680.0,81.76208842872433,1264.2053607314967,,,,False,False,not_attempted,0,0,0,0,23,2,0.08695652173913043,155.25397652949013,1288.0,False,,,False,6,0
ga,static_frozen,28,1680.0,28.0,5,disrupted,disrupted,4 5 32 67,3297,2.857142857142857,0.35,0.0,29.721583997399517,18.466666666666665,17,2,15,4.583228776744157,2.2916143883720785,137.14988691632905,60.0,1740.0,0.0,0.0,0.0,25.747750799986534,0.0,0.0,137.14988691632905,1740.0,77.871284851592,1135.8612717189794,,,,False,False,not_attempted,0,0,0,0,11,7,0.6363636363636364,153.78813608249146,1382.0,False,,,False,5,0
ga,static_frozen,29,1740.0,29.0,5,disrupted,disrupted,4 5 32 67,3297,2.857142857142857,0.35,0.0,29.721583997399517,18.483333333333334,15,3,12,4.903476949658139,1.634492316552713,142.0533638659872,60.0,1800.0,0.0,0.0,0.0,25.747750799986534,0.0,0.0,142.0533638659872,1800.0,72.16132075600613,1135.8612717189794,,,,False,False,not_attempted,0,0,0,0,30,2,0.06666666666666667,151.6521014598603,1468.0,False,,,False,5,0
ga,static_frozen,30,1800.0,30.0,6,recovering,recovering,4 5 32 67,3297,2.857142857142857,0.35,0.0,29.721583997399517,18.5,12,1,11,1.3799788516740688,1.3799788516740688,143.43334271766128,60.0,1860.0,0.0,0.0,0.0,25.747750799986534,0.0,0.0,143.43334271766128,1860.0,68.8370231979422,1085.3018572891494,,,,False,False,not_attempted,0,0,0,0,38,0,0.0,151.55876812652696,1468.0,False,,,False,4,0
ga,static_frozen,31,1860.0,31.0,6,recovering,recovering,4 5 32 67,3297,2.6595744680851063,0.376,0.04,30.188704347402066,18.516666666666666,11,2,9,3.560716239965606,1.780358119982803,146.9940589576269,60.0,1920.0,0.0,0.0,0.0,25.747750799986534,0.0,0.0,146.9940589576269,1920.0,65.25061589368354,1004.4470817025544,,,,False,False,not_attempted,0,0,0,0,24,6,0.25,151.48904730769175,1468.0,False,,,False,4,0
ga,static_frozen,32,1920.0,32.0,6,recovering,recovering,4 5 32 67,3297,2.4875621890547266,0.40199999999999997,0.08,30.607523974755804,18.533333333333335,9,1,8,2.3471045048503614,2.3471045048503614,149.34116346247725,60.0,1980.0,0.0,0.0,0.0,25.747750799986534,0.0,0.0,149.34116346247725,1980.0,59.232116184215904,852.1768378152252,,,,False,False,not_attempted,0,0,0,0,14,0,0.0,151.48904730769175,1607.0,False,,,False,3,0
ga,static_frozen,33,1980.0,33.0,6,recovering,recovering,4 5 32 67,3297,2.336448598130841,0.428,0.12,30.985166120541283,18.55,8,2,6,2.8668253374061377,1.4334126687030688,152.2079887998834,60.0,2040.0,0.0,0.0,0.0,25.747750799986534,0.0,0.0,152.2079887998834,2040.0,55.81276524080881,840.278738385658,,,,False,False,not_attempted,0,0,0,0,10,10,1.0,151.48904730769175,1635.0,False,,,False,2,0
ga,static_frozen,34,2040.0,34.0,6,recovering,recovering,4 5 32 67,3297,2.2026431718061676,0.45399999999999996,0.16,31.327418971026407,18.566666666666666,6,1,5,1.1508069384686777,1.1508069384686777,153.3587957383521,60.0,2100.0,0.0,0.0,0.0,25.747750799986534,0.0,0.0,153.3587957383521,2100.0,52.5369339804356,803.3379520303363,,,,False,False,not_attempted,0,0,0,0,10,3,0.3,151.48904730769175,1635.0,False,,,False,2,0
ga,static_frozen,35,2100.0,35.0,7,recovering,recovering,4 5 32 67,3297,2.0833333333333335,0.48,0.2,31.639034432342793,18.583333333333332,5,1,4,0.28839580368852613,0.28839580368852613,153.64719154204062,60.0,2160.0,0.0,0.0,0.0,25.747750799986534,0.0,0.0,153.64719154204062,2160.0,50.337133974944145,479.32174281580495,,,,False,False,not_attempted,0,0,0,0,4,0,0.0,151.48904730769175,1725.0,False,,,False,2,0
ga,static_frozen,36,2160.0,36.0,7,recovering,recovering,4 5 32 67,3297,1.976284584980237,0.506,0.24,31.923950106466968,18.6,4,1,3,0.22230953994362,0.22230953994362,153.86950108198423,60.0,2220.0,0.0,0.0,0.0,25.747750799986534,0.0,0.0,153.86950108198423,2220.0,48.055060279930714,562.8552026001853,,,,False,False,not_attempted,0,0,0,0,5,0,0.0,151.48904730769175,1725.0,False,,,False,1,0
ga,static_frozen,37,2220.0,37.0,7,recovering,recovering,4 5 32 67,3297,1.8796992481203008,0.532,0.28,32.18545655326324,18.616666666666667,3,1,2,0.12981651938691333,0.12981651938691333,153.99931760137113,60.0,2280.0,0.0,0.0,0.0,25.747750799986534,0.0,0.0,153.99931760137113,2280.0,45.63907551754401,556.3639000580538,,,,False,False,not_attempted,0,0,0,0,1,0,0.0,151.48904730769175,1937.0,False,,,False,1,0
ga,static_frozen,38,2280.0,38.0,7,recovering,recovering,4 5 32 67,3297,1.7921146953405016,0.558,0.32,32.42632495164275,18.633333333333333,2,0,2,0.09333333333333332,0.09333333333333332,154.09265093470447,60.0,2340.0,0.0,0.0,0.0,25.747750799986534,0.0,0.0,154.09265093470447,2340.0,43.30248702670665,550.47752176716,,,,False,False,not_attempted,0,0,0,0,0,0,0.0,151.48904730769175,1937.0,False,,,False,1,0
ga,static_frozen,39,2340.0,39.0,7,recovering,recovering,4 5 32 67,3297,1.7123287671232879,0.584,0.36,32.64890568312535,18.65,2,1,1,0.5287823140793113,0.5287823140793113,154.62143324878377,60.0,2400.0,0.0,0.0,0.0,25.747750799986534,0.0,0.0,154.62143324878377,2400.0,41.36318801562704,545.1152730501134,,,,False,False,not_attempted,0,0,0,0,19,2,0.10526315789473684,151.48904730769175,1937.0,False,,,False,1,0
ga,static_frozen,40,2400.0,40.0,8,recovering,recovering,4 5 32 67,3297,1.639344262295082,0.61,0.4,32.855205282099924,18.666666666666668,1,0,1,2.078873278590893,2.078873278590893,156.70030652737466,60.0,2460.0,0.0,0.0,0.0,25.747750799986534,0.0,0.0,156.70030652737466,2460.0,39.69208318662409,540.2101340597656,,,,False,False,not_attempted,0,0,0,0,12,12,1.0,151.48904730769175,1937.0,False,,,False,1,0
ga,static_frozen,41,2460.0,41.0,8,recovering,recovering,4 5 32 67,3297,1.572327044025157,0.636,0.44,33.04694709581491,18.683333333333334,1,0,1,1.2681354273746308,1.2681354273746308,157.9684419547493,60.0,2520.0,0.0,0.0,0.0,25.747750799986534,0.0,0.0,157.9684419547493,2520.0,36.659484412360364,535.7060441692576,,,,False,False,not_attempted,0,0,0,0,5,5,1.0,151.48904730769175,1937.0,False,,,False,1,0
ga,static_frozen,42,2520.0,42.0,8,recovering,recovering,4 5 32 67,3297,1.5105740181268883,0.6619999999999999,0.48,33.22561954037959,18.7,1,0,1,0.4679799789149556,0.4679799789149556,158.43642193366426,60.0,2580.0,0.0,0.0,0.0,25.747750799986534,0.0,0.0,158.43642193366426,2580.0,33.58214901056524,531.5557498592729,,,,False,False,not_attempted,0,0,0,0,1,1,1.0,151.48904730769175,1937.0,False,,,False,1,0
ga,static_frozen,43,2580.0,43.0,8,recovering,recovering,4 5 32 67,3297,1.4534883720930234,0.688,0.52,33.3925148144014,18.716666666666665,1,0,1,0.09333333333333332,0.09333333333333332,158.5297552669976,60.0,2640.0,0.0,0.0,0.0,25.747750799986534,0.0,0.0,158.5297552669976,2640.0,31.63667528638714,527.719140584345,,,,False,False,not_attempted,0,0,0,0,0,0,0.0,151.48904730769175,1937.0,False,,,False,0,0
ga,static_frozen,44,2640.0,44.0,8,recovering,recovering,4 5 32 67,3297,1.400560224089636,0.714,0.56,33.548760201463345,18.733333333333334,1,1,0,26.95839384792111,26.95839384792111,185.4881491149187,510.4103709267906,3150.4103709267906,0.0,0.0,0.0,25.747750799986534,0.0,0.0,185.4881491149187,3150.4103709267906,30.234610473612896,524.1619482314006,,,,False,False,not_attempted,0,0,0,0,358,108,0.3016759776536313,146.34969956943988,1937.0,True,,,False,0,0
