method,policy,epoch,elapsed_s,elapsed_min,replan_epoch,traffic_state,traffic_change,center_bins,affected_edges,peak_tt_multiplier,speed_multiplier,recovery_progress,network_speed_kmh,sim_hour,remaining_bins_before,served_bins_epoch,remaining_bins_after,epoch_energy_kwh,epoch_energy_per_served_bin_kwh,cumulative_energy_kwh,epoch_operating_s,cumulative_operating_s,oracle_runtime_s,solver_runtime_s,planning_runtime_s,cumulative_planning_runtime_s,compute_wait_aux_energy_kwh,cumulative_compute_wait_aux_energy_kwh,latency_adjusted_energy_kwh,latency_adjusted_time_s,planned_remaining_energy_kwh,planned_remaining_makespan_s,incumbent_plan_energy_kwh,candidate_plan_energy_kwh,candidate_energy_improvement_kwh,replan_attempted,replan_accepted,acceptance_reason,candidate_next_choice_changes,candidate_reassigned_bins,next_choice_changes,reassigned_bins,traversed_edges,disrupted_edges_traversed,disrupted_edge_share,min_battery_kwh,max_payload_kg,returned_to_depot,converged,rounds,replanned,active_planning_vehicles,vehicles_still_requiring_first_service
proposed,adaptive,0,0.0,0.0,0,normal,initial,26 31 44 48,0,1.0,1.0,0.0,34.78037077224997,18.0,84,0,84,18.947812200580838,18.947812200580838,18.947812200580838,60.0,60.0,10.709383900044486,1128.8861950000282,1139.5955789000727,1139.5955789000727,0.0,0.0,18.947812200580838,60.0,124.98723160038621,2771.5048752969888,,,,False,False,initial_plan,0,0,0,0,123,0,0.0,177.2717760608753,0.0,False,,,True,10,10
proposed,adaptive,1,60.0,1.0,0,normal,normal,26 31 44 48,0,1.0,1.0,0.0,34.78037077224997,18.016666666666666,84,0,84,3.6431287464134887,3.6431287464134887,22.590940946994326,60.0,120.0,0.0,0.0,0.0,1139.5955789000727,0.0,0.0,22.590940946994326,120.0,105.50890338066785,2707.1370397431347,,,,False,False,not_attempted,0,0,0,0,83,0,0.0,176.43141531177028,0.0,False,,,False,9,10
proposed,adaptive,2,120.0,2.0,0,normal,normal,26 31 44 48,0,1.0,1.0,0.0,34.78037077224997,18.033333333333335,84,3,81,2.150613593169741,0.716871197723247,24.741554540164067,60.0,180.0,0.0,0.0,0.0,1139.5955789000727,0.0,0.0,24.741554540164067,180.0,101.10086336244001,2575.1489099165824,,,,False,False,not_attempted,0,0,0,0,49,0,0.0,176.33808197843695,215.0,False,,,False,8,7
proposed,adaptive,3,180.0,3.0,0,normal,normal,26 31 44 48,0,1.0,1.0,0.0,34.78037077224997,18.05,81,3,78,3.271356097706687,1.0904520325688958,28.012910637870753,60.0,240.0,0.0,0.0,0.0,1139.5955789000727,0.0,0.0,28.012910637870753,240.0,99.24169389457438,2575.1489099165824,,,,False,False,not_attempted,0,0,0,0,57,0,0.0,176.08417388140913,215.0,False,,,False,8,4
proposed,adaptive,4,240.0,4.0,0,normal,normal,26 31 44 48,0,1.0,1.0,0.0,34.78037077224997,18.066666666666666,78,1,77,3.7024315460081656,3.7024315460081656,31.715342183878917,60.0,300.0,0.0,0.0,0.0,1139.5955789000727,0.0,0.0,31.715342183878917,300.0,96.4371557706104,2523.292639918653,,,,False,False,not_attempted,0,0,0,0,61,0,0.0,174.23595111138894,249.0,False,,,False,7,3
proposed,adaptive,5,300.0,5.0,1,normal,normal,26 31 44 48,0,1.0,1.0,0.0,34.78037077224997,18.083333333333332,77,2,75,2.7189758189326834,1.3594879094663417,34.4343180028116,60.0,360.0,9.668217599974014,136.47600709996186,146.14422469993588,1285.7398036000086,0.0,0.0,34.4343180028116,360.0,92.79090225860935,2353.701123446594,92.79090225860935,96.66345094303185,-3.8725486844224974,True,False,incumbent_not_worse,8,51,0,0,41,0,0.0,174.1426177780556,402.0,False,True,21.0,True,7,3
proposed,adaptive,6,360.0,6.0,1,normal,normal,26 31 44 48,0,1.0,1.0,0.0,34.78037077224997,18.1,75,3,72,4.611279417259635,1.5370931390865452,39.04559742007124,60.0,420.0,0.0,0.0,0.0,1285.7398036000086,0.0,0.0,39.04559742007124,420.0,90.05551392370413,2353.701123446594,,,,False,False,not_attempted,0,0,0,0,41,0,0.0,173.80269504982573,402.0,False,,,False,7,2
proposed,adaptive,7,420.0,7.0,1,normal,normal,26 31 44 48,0,1.0,1.0,0.0,34.78037077224997,18.116666666666667,72,1,71,5.190400002822974,5.190400002822974,44.235997422894215,60.0,480.0,0.0,0.0,0.0,1285.7398036000086,0.0,0.0,44.235997422894215,480.0,85.29960763845678,2350.428994697508,,,,False,False,not_attempted,0,0,0,0,51,0,0.0,171.7315048732715,402.0,False,,,False,7,1
proposed,adaptive,8,480.0,8.0,1,normal,normal,26 31 44 48,0,1.0,1.0,0.0,34.78037077224997,18.133333333333333,71,2,69,2.495136967710586,1.247568483855293,46.7311343906048,60.0,540.0,0.0,0.0,0.0,1285.7398036000086,0.0,0.0,46.7311343906048,540.0,79.97940923294234,2176.3863390623183,,,,False,False,not_attempted,0,0,0,0,19,0,0.0,171.63817153993816,422.0,False,,,False,7,0
proposed,adaptive,9,540.0,9.0,1,normal,normal,26 31 44 48,0,1.0,1.0,0.0,34.78037077224997,18.15,69,4,65,2.2682353970901716,0.5670588492725429,48.999369787694974,60.0,600.0,0.0,0.0,0.0,1285.7398036000086,0.0,0.0,48.999369787694974,600.0,77.62879857543831,2176.3863390623183,,,,False,False,not_attempted,0,0,0,0,19,0,0.0,171.54640459197284,574.0,False,,,False,7,0
proposed,adaptive,10,600.0,10.0,2,degrading,degrading,26 31 44 48,0,1.0,1.0,0.0,34.78037077224997,18.166666666666668,65,1,64,2.264359248722955,2.264359248722955,51.26372903641793,60.0,660.0,6.0699996538460255e-05,73.28087359992787,73.28093429992441,1359.020737899933,0.0,0.0,51.26372903641793,660.0,75.37762181306357,2157.509480549697,75.37762181306357,80.01441057614328,-4.636788763079707,True,False,incumbent_not_worse,4,25,0,0,29,0,0.0,171.29011539682318,574.0,False,True,22.0,True,7,0
proposed,adaptive,11,660.0,11.0,2,degrading,degrading,26 31 44 48,4546,1.06951871657754,0.935,0.0,34.55694772339093,18.183333333333334,64,2,62,3.190203074621302,1.595101537310651,54.45393211103923,60.0,720.0,0.0,0.0,0.0,1359.020737899933,0.0,0.0,54.45393211103923,720.0,76.5200135452178,2014.4002334573036,,,,False,False,not_attempted,0,0,0,0,40,6,0.15,171.19678206348985,700.0,False,,,False,7,0
proposed,adaptive,12,720.0,12.0,2,degrading,degrading,26 31 44 48,4546,1.1494252873563218,0.87,0.0,34.30365951795914,18.2,62,3,59,3.56647158190237,1.1888238606341233,58.0204036929416,60.0,780.0,0.0,0.0,0.0,1359.020737899933,0.0,0.0,58.0204036929416,780.0,77.04087026863462,2014.4002334573036,,,,False,False,not_attempted,0,0,0,0,40,0,0.0,169.9712503230566,791.0,False,,,False,7,0
proposed,adaptive,13,780.0,13.0,2,degrading,degrading,26 31 44 48,4546,1.2422360248447206,0.8049999999999999,0.0,34.014089117506785,18.216666666666665,59,1,58,3.7047672110624488,3.7047672110624488,61.725170904004045,60.0,840.0,0.0,0.0,0.0,1359.020737899933,0.0,0.0,61.725170904004045,840.0,77.43888186016085,1991.2014057152076,,,,False,False,not_attempted,0,0,0,0,38,6,0.15789473684210525,168.5742888930247,791.0,False,,,False,7,0
proposed,adaptive,14,840.0,14.0,2,degrading,degrading,26 31 44 48,4546,1.3513513513513513,0.74,0.0,33.679839240303636,18.233333333333334,58,2,56,2.6208993754544716,1.3104496877272358,64.34607027945852,60.0,900.0,0.0,0.0,0.0,1359.020737899933,0.0,0.0,64.34607027945852,900.0,78.47269250516914,1929.8667137096593,,,,False,False,not_attempted,0,0,0,0,40,10,0.25,168.15686244557824,848.0,False,,,False,7,0
proposed,adaptive,15,900.0,15.0,3,degrading,degrading,26 31 44 48,4546,1.4814814814814814,0.675,0.0,33.2897046472472,18.25,56,1,55,3.950231842506917,3.950231842506917,68.29630212196544,60.0,960.0,9.735255699953996,117.42390690010507,127.15916260005906,1486.179900499992,0.0,0.0,68.29630212196544,960.0,79.57551309204118,1793.8005196533802,80.68618954157517,79.57551309204118,1.1106764495339974,True,True,lower_residual_energy,2,11,2,11,38,13,0.34210526315789475,168.0635291122449,848.0,False,True,24.0,True,9,0
proposed,adaptive,16,960.0,16.0,3,degrading,degrading,26 31 44 48,4546,1.639344262295082,0.61,0.0,32.828391387310525,18.266666666666666,55,3,52,3.091655273275685,1.0305517577585617,71.38795739524113,60.0,1020.0,0.0,0.0,0.0,1486.179900499992,0.0,0.0,71.38795739524113,1020.0,80.26105035187456,1793.8005196533802,,,,False,False,not_attempted,0,0,0,0,30,6,0.2,167.08289017604287,907.0,False,,,False,8,0
proposed,adaptive,17,1020.0,17.0,3,degrading,degrading,26 31 44 48,4546,1.8348623853211008,0.545,0.0,32.27446466839824,18.283333333333335,52,6,46,4.4933769504388605,0.7488961584064767,75.88133434567999,60.0,1080.0,0.0,0.0,0.0,1486.179900499992,0.0,0.0,75.88133434567999,1080.0,83.41488233430252,1750.7261016354253,,,,False,False,not_attempted,0,0,0,0,33,5,0.15151515151515152,166.46306654949578,930.0,False,,,False,8,0
proposed,adaptive,18,1080.0,18.0,3,degrading,degrading,26 31 44 48,4546,2.0833333333333335,0.48,0.0,31.596922859858367,18.3,46,1,45,5.318542761965092,5.318542761965092,81.19987710764508,60.0,1140.0,0.0,0.0,0.0,1486.179900499992,0.0,0.0,81.19987710764508,1140.0,85.74937844548865,1621.2665463342241,,,,False,False,not_attempted,0,0,0,0,27,12,0.4444444444444444,166.36973321616244,930.0,False,,,False,8,0
proposed,adaptive,19,1140.0,19.0,3,degrading,degrading,26 31 44 48,4546,2.409638554216868,0.4149999999999999,0.0,30.749189772869467,18.316666666666666,45,2,43,5.526248195910445,2.7631240979552225,86.72612530355552,60.0,1200.0,0.0,0.0,0.0,1486.179900499992,0.0,0.0,86.72612530355552,1200.0,88.75168274850422,1637.0667684086789,,,,False,False,not_attempted,0,0,0,0,18,11,0.6111111111111112,165.7503132487021,988.0,False,,,False,7,0
proposed,adaptive,20,1200.0,20.0,4,disrupted,holding,26 31 44 48,4546,2.857142857142857,0.35,0.0,29.657929450275514,18.333333333333332,43,4,39,3.2548471633117164,0.8137117908279291,89.98097246686724,60.0,1260.0,9.988026899984106,87.07367379998323,97.06170069996733,1583.2416011999594,0.0,0.0,89.98097246686724,1260.0,93.13556678472037,1521.6232056635022,93.13556678472037,99.49814398378194,-6.362577199061576,True,False,incumbent_not_worse,4,17,0,0,15,6,0.4,165.65697991536877,1072.0,False,True,20.0,True,7,0
proposed,adaptive,21,1260.0,21.0,4,disrupted,disrupted,26 31 44 48,4546,2.857142857142857,0.35,0.0,29.657929450275514,18.35,39,4,35,5.248699326302651,1.3121748315756627,95.2296717931699,60.0,1320.0,0.0,0.0,0.0,1583.2416011999594,0.0,0.0,95.2296717931699,1320.0,89.7922039657164,1521.6232056635022,,,,False,False,not_attempted,0,0,0,0,17,4,0.23529411764705882,164.9848867383018,1171.0,False,,,False,7,0
proposed,adaptive,22,1320.0,22.0,4,disrupted,disrupted,26 31 44 48,4546,2.857142857142857,0.35,0.0,29.657929450275514,18.366666666666667,35,0,35,4.493483778609109,4.493483778609109,99.723155571779,60.0,1380.0,0.0,0.0,0.0,1583.2416011999594,0.0,0.0,99.723155571779,1380.0,82.97791287839887,1480.0037475354234,,,,False,False,not_attempted,0,0,0,0,22,2,0.09090909090909091,164.55280843947443,1171.0,False,,,False,7,0
proposed,adaptive,23,1380.0,23.0,4,disrupted,disrupted,26 31 44 48,4546,2.857142857142857,0.35,0.0,29.657929450275514,18.383333333333333,35,1,34,1.2340813651137028,1.2340813651137028,100.95723693689271,60.0,1440.0,0.0,0.0,0.0,1583.2416011999594,0.0,0.0,100.95723693689271,1440.0,80.46411463200253,1437.5334980039627,,,,False,False,not_attempted,0,0,0,0,15,0,0.0,164.4594751061411,1171.0,False,,,False,7,0
proposed,adaptive,24,1440.0,24.0,4,disrupted,disrupted,26 31 44 48,4546,2.857142857142857,0.35,0.0,29.657929450275514,18.4,34,3,31,4.246672668873435,1.415557556291145,105.20390960576614,60.0,1500.0,0.0,0.0,0.0,1583.2416011999594,0.0,0.0,105.20390960576614,1500.0,79.22657296058765,1309.5846829348513,,,,False,False,not_attempted,0,0,0,0,15,8,0.5333333333333333,161.04056743398831,1171.0,False,,,False,7,0
proposed,adaptive,25,1500.0,25.0,5,disrupted,disrupted,26 31 44 48,4546,2.857142857142857,0.35,0.0,29.657929450275514,18.416666666666668,31,3,28,3.7069258883837053,1.2356419627945685,108.91083549414985,60.0,1560.0,8.160003926604986e-05,46.40663600002881,46.40671760006808,1629.6483188000275,0.0,0.0,108.91083549414985,1560.0,74.84490912145122,1286.7826138368673,74.84490912145122,80.57236040010187,-5.727451278650648,True,False,incumbent_not_worse,4,14,0,0,40,6,0.15,158.75538187284621,1201.0,False,True,23.0,True,7,0
proposed,adaptive,26,1560.0,26.0,5,disrupted,disrupted,26 31 44 48,4546,2.857142857142857,0.35,0.0,29.657929450275514,18.433333333333334,28,2,26,3.657391192807056,1.828695596403528,112.5682266869569,60.0,1620.0,0.0,0.0,0.0,1629.6483188000275,0.0,0.0,112.5682266869569,1620.0,71.26355844389418,1273.9582773180352,,,,False,False,not_attempted,0,0,0,0,48,2,0.041666666666666664,157.70532351270074,1373.0,False,,,False,6,0
proposed,adaptive,27,1620.0,27.0,5,disrupted,disrupted,26 31 44 48,4546,2.857142857142857,0.35,0.0,29.657929450275514,18.45,26,1,25,7.494566357551525,7.494566357551525,120.06279304450842,60.0,1680.0,0.0,0.0,0.0,1629.6483188000275,0.0,0.0,120.06279304450842,1680.0,67.56030117414227,1210.0210886577418,,,,False,False,not_attempted,0,0,0,0,34,6,0.17647058823529413,157.6119901793674,1431.0,False,,,False,6,0
proposed,adaptive,28,1680.0,28.0,5,disrupted,disrupted,26 31 44 48,4546,2.857142857142857,0.35,0.0,29.657929450275514,18.466666666666665,25,2,23,2.171381023479614,1.085690511739807,122.23417406798804,60.0,1740.0,0.0,0.0,0.0,1629.6483188000275,0.0,0.0,122.23417406798804,1740.0,59.375890457938766,1059.6114517136834,,,,False,False,not_attempted,0,0,0,0,11,3,0.2727272727272727,156.68891513133835,1431.0,False,,,False,6,0
proposed,adaptive,29,1740.0,29.0,5,disrupted,disrupted,26 31 44 48,4546,2.857142857142857,0.35,0.0,29.657929450275514,18.483333333333334,23,2,21,4.0936559650190585,2.0468279825095292,126.32783003300709,60.0,1800.0,0.0,0.0,0.0,1629.6483188000275,0.0,0.0,126.32783003300709,1800.0,57.45582556664679,1059.6114517136834,,,,False,False,not_attempted,0,0,0,0,10,6,0.6,154.79618568279724,1431.0,False,,,False,5,0
proposed,adaptive,30,1800.0,30.0,6,recovering,recovering,26 31 44 48,4546,2.857142857142857,0.35,0.0,29.657929450275514,18.5,21,2,19,1.4606762975492358,0.7303381487746179,127.78850633055633,60.0,1860.0,7.810001261532307e-05,25.39600690000225,25.396085000014864,1655.0444038000423,0.0,0.0,127.78850633055633,1860.0,51.44437688953944,976.8370365477149,53.46444717428071,51.44437688953944,2.0200702847412657,True,True,lower_residual_energy,1,4,1,4,7,0,0.0,154.7028523494639,1669.0,False,True,19.0,True,5,0
proposed,adaptive,31,1860.0,31.0,6,recovering,recovering,26 31 44 48,4546,2.6595744680851063,0.376,0.04,30.13000790142106,18.516666666666666,19,2,17,1.7746594902243376,0.8873297451121688,129.56316582078068,60.0,1920.0,0.0,0.0,0.0,1655.0444038000423,0.0,0.0,129.56316582078068,1920.0,48.23545704022952,955.1558366752181,,,,False,False,not_attempted,0,0,0,0,7,3,0.42857142857142855,153.67948687194678,1669.0,False,,,False,5,0
proposed,adaptive,32,1920.0,32.0,6,recovering,recovering,26 31 44 48,4546,2.4875621890547266,0.40199999999999997,0.08,30.553431771897753,18.533333333333335,17,2,15,3.4551628470000764,1.7275814235000382,133.01832866778076,60.0,1980.0,0.0,0.0,0.0,1655.0444038000423,0.0,0.0,133.01832866778076,1980.0,44.77479267227626,911.6429154653318,,,,False,False,not_attempted,0,0,0,0,14,5,0.35714285714285715,152.4633810588594,1669.0,False,,,False,5,0
proposed,adaptive,33,1980.0,33.0,6,recovering,recovering,26 31 44 48,4546,2.336448598130841,0.428,0.12,30.93535428745094,18.55,15,1,14,2.964273643898462,2.964273643898462,135.98260231167922,60.0,2040.0,0.0,0.0,0.0,1655.0444038000423,0.0,0.0,135.98260231167922,2040.0,39.5889147571337,751.4223762965337,,,,False,False,not_attempted,0,0,0,0,22,4,0.18181818181818182,152.37004772552606,1820.0,False,,,False,4,0
proposed,adaptive,34,2040.0,34.0,6,recovering,recovering,26 31 44 48,4546,2.2026431718061676,0.45399999999999996,0.16,31.281591953557413,18.566666666666666,14,3,11,3.352184351202901,1.1173947837343003,139.33478666288212,60.0,2100.0,0.0,0.0,0.0,1655.0444038000423,0.0,0.0,139.33478666288212,2100.0,36.00244875540493,739.5031032006568,,,,False,False,not_attempted,0,0,0,0,16,8,0.5,150.35429451249394,1820.0,False,,,False,4,0
proposed,adaptive,35,2100.0,35.0,7,recovering,recovering,26 31 44 48,4546,2.0833333333333335,0.48,0.2,31.596922859858367,18.583333333333332,11,1,10,4.827751006029998,4.827751006029998,144.1625376689121,60.0,2160.0,10.643405199982226,22.013382600038312,32.65678780002054,1687.7011916000629,0.0,0.0,144.1625376689121,2160.0,31.712346160797203,689.0059022147489,31.712346160797203,31.712346160797203,0.0,True,False,incumbent_not_worse,0,0,0,0,17,8,0.47058823529411764,148.4631402238078,1820.0,False,True,24.0,True,4,0
proposed,adaptive,36,2160.0,36.0,7,recovering,recovering,26 31 44 48,4546,1.976284584980237,0.506,0.24,31.885308513607917,18.6,10,0,10,1.9719370849694375,1.9719370849694375,146.13447475388153,60.0,2220.0,0.0,0.0,0.0,1687.7011916000629,0.0,0.0,146.13447475388153,2220.0,26.319142802729516,591.3989468497207,,,,False,False,not_attempted,0,0,0,0,6,6,1.0,147.46202909174352,1820.0,False,,,False,3,0
proposed,adaptive,37,2220.0,37.0,7,recovering,recovering,26 31 44 48,4546,1.8796992481203008,0.532,0.28,32.150061135766876,18.616666666666667,10,2,8,1.0092838118094112,0.5046419059047056,147.14375856569094,60.0,2280.0,0.0,0.0,0.0,1687.7011916000629,0.0,0.0,147.14375856569094,2280.0,24.261839969341278,509.65685232888626,,,,False,False,not_attempted,0,0,0,0,6,0,0.0,147.36869575841018,1966.0,False,,,False,3,0
proposed,adaptive,38,2280.0,38.0,7,recovering,recovering,26 31 44 48,4546,1.7921146953405016,0.558,0.32,32.393971446583905,18.633333333333333,8,2,6,2.9944054785926886,1.4972027392963443,150.13816404428363,60.0,2340.0,0.0,0.0,0.0,1687.7011916000629,0.0,0.0,150.13816404428363,2340.0,22.858378043495154,476.3807576682355,,,,False,False,not_attempted,0,0,0,0,12,11,0.9166666666666666,147.17981961883726,1966.0,False,,,False,3,0
proposed,adaptive,39,2340.0,39.0,7,recovering,recovering,26 31 44 48,4546,1.7123287671232879,0.584,0.36,32.61940741483223,18.65,6,0,6,1.3777692540854558,1.3777692540854558,151.51593329836908,60.0,2400.0,0.0,0.0,0.0,1687.7011916000629,0.0,0.0,151.51593329836908,2400.0,19.939535415676332,449.58593771950393,,,,False,False,not_attempted,0,0,0,0,19,4,0.21052631578947367,146.03157713691522,1966.0,False,,,False,3,0
proposed,adaptive,40,2400.0,40.0,8,recovering,recovering,26 31 44 48,4546,1.639344262295082,0.61,0.4,32.828391387310525,18.666666666666668,6,1,5,1.369834547609031,1.369834547609031,152.8857678459781,60.0,2460.0,10.70443509996403,16.182535499916412,26.886970599880442,1714.5881621999433,0.0,0.0,152.8857678459781,2460.0,18.851626666142234,373.3381114872187,18.851626666142234,18.851626666142234,0.0,True,False,incumbent_not_worse,0,0,0,0,22,0,0.0,145.87343957366122,1966.0,False,True,25.0,True,3,0
proposed,adaptive,41,2460.0,41.0,8,recovering,recovering,26 31 44 48,4546,1.572327044025157,0.636,0.44,33.02266092642118,18.683333333333334,5,0,5,0.27999999999999997,0.27999999999999997,153.1657678459781,60.0,2520.0,0.0,0.0,0.0,1714.5881621999433,0.0,0.0,153.1657678459781,2520.0,17.050081055876486,241.3189771376056,,,,False,False,not_attempted,0,0,0,0,0,0,0.0,145.78010624032788,1966.0,False,,,False,2,0
proposed,adaptive,42,2520.0,42.0,8,recovering,recovering,26 31 44 48,4546,1.5105740181268883,0.6619999999999999,0.48,33.20371723415564,18.7,5,3,2,0.8270083691956481,0.2756694563985494,153.99277621517376,60.0,2580.0,0.0,0.0,0.0,1714.5881621999433,0.0,0.0,153.99277621517376,2580.0,17.050081055876486,241.3189771376056,,,,False,False,not_attempted,0,0,0,0,7,0,0.0,145.50672105611397,1966.0,False,,,False,2,0
proposed,adaptive,43,2580.0,43.0,8,recovering,recovering,26 31 44 48,4546,1.4534883720930234,0.688,0.52,33.37286402038111,18.716666666666665,2,0,2,1.5888672026778283,1.5888672026778283,155.58164341785158,60.0,2640.0,0.0,0.0,0.0,1714.5881621999433,0.0,0.0,155.58164341785158,2640.0,15.99307140370846,210.17462769438436,,,,False,False,not_attempted,0,0,0,0,6,0,0.0,145.4131259430751,1966.0,False,,,False,2,0
proposed,adaptive,44,2640.0,44.0,8,recovering,recovering,26 31 44 48,4546,1.400560224089636,0.714,0.56,33.531238945320474,18.733333333333334,2,0,2,0.18666666666666665,0.18666666666666665,155.76831008451825,60.0,2700.0,0.0,0.0,0.0,1714.5881621999433,0.0,0.0,155.76831008451825,2700.0,14.619570626076008,81.84868277849249,,,,False,False,not_attempted,0,0,0,0,0,0,0.0,145.31979260974177,1966.0,False,,,False,0,0
proposed,adaptive,45,2700.0,45.0,9,recovering,recovering,26 31 44 48,4546,1.3513513513513513,0.74,0.6,33.679839240303636,18.75,2,2,0,14.645066224583589,7.3225331122917945,170.41337630910186,95.68604294232689,2795.686042942327,0.0,0.0,0.0,1714.5881621999433,0.0,0.0,170.41337630910186,2795.686042942327,14.619570626076008,81.84868277849249,,,,False,False,not_attempted,0,0,0,0,154,0,0.0,143.35247646385042,1973.0,True,,,False,0,0
proposed,static_live,0,0.0,0.0,0,normal,initial,26 31 44 48,0,1.0,1.0,0.0,34.78037077224997,18.0,84,0,84,18.947812200580838,18.947812200580838,18.947812200580838,60.0,60.0,10.709383900044486,1128.8861950000282,1139.5955789000727,1139.5955789000727,0.0,0.0,18.947812200580838,60.0,124.98723160038621,2771.5048752969888,,,,False,False,initial_plan,0,0,0,0,123,0,0.0,177.2717760608753,0.0,False,,,True,10,10
proposed,static_live,1,60.0,1.0,0,normal,normal,26 31 44 48,0,1.0,1.0,0.0,34.78037077224997,18.016666666666666,84,0,84,3.6431287464134887,3.6431287464134887,22.590940946994326,60.0,120.0,0.0,0.0,0.0,1139.5955789000727,0.0,0.0,22.590940946994326,120.0,105.50890338066785,2707.1370397431347,,,,False,False,not_attempted,0,0,0,0,83,0,0.0,176.43141531177028,0.0,False,,,False,9,10
proposed,static_live,2,120.0,2.0,0,normal,normal,26 31 44 48,0,1.0,1.0,0.0,34.78037077224997,18.033333333333335,84,3,81,2.150613593169741,0.716871197723247,24.741554540164067,60.0,180.0,0.0,0.0,0.0,1139.5955789000727,0.0,0.0,24.741554540164067,180.0,101.10086336244001,2575.1489099165824,,,,False,False,not_attempted,0,0,0,0,49,0,0.0,176.33808197843695,215.0,False,,,False,8,7
proposed,static_live,3,180.0,3.0,0,normal,normal,26 31 44 48,0,1.0,1.0,0.0,34.78037077224997,18.05,81,3,78,3.271356097706687,1.0904520325688958,28.012910637870753,60.0,240.0,0.0,0.0,0.0,1139.5955789000727,0.0,0.0,28.012910637870753,240.0,99.24169389457438,2575.1489099165824,,,,False,False,not_attempted,0,0,0,0,57,0,0.0,176.08417388140913,215.0,False,,,False,8,4
proposed,static_live,4,240.0,4.0,0,normal,normal,26 31 44 48,0,1.0,1.0,0.0,34.78037077224997,18.066666666666666,78,1,77,3.7024315460081656,3.7024315460081656,31.715342183878917,60.0,300.0,0.0,0.0,0.0,1139.5955789000727,0.0,0.0,31.715342183878917,300.0,96.4371557706104,2523.292639918653,,,,False,False,not_attempted,0,0,0,0,61,0,0.0,174.23595111138894,249.0,False,,,False,7,3
proposed,static_live,5,300.0,5.0,1,normal,normal,26 31 44 48,0,1.0,1.0,0.0,34.78037077224997,18.083333333333332,77,2,75,2.7189758189326834,1.3594879094663417,34.4343180028116,60.0,360.0,0.0,0.0,0.0,1139.5955789000727,0.0,0.0,34.4343180028116,360.0,92.79090225860935,2353.701123446594,,,,False,False,not_attempted,0,0,0,0,41,0,0.0,174.1426177780556,402.0,False,,,False,7,3
proposed,static_live,6,360.0,6.0,1,normal,normal,26 31 44 48,0,1.0,1.0,0.0,34.78037077224997,18.1,75,3,72,4.611279417259635,1.5370931390865452,39.04559742007124,60.0,420.0,0.0,0.0,0.0,1139.5955789000727,0.0,0.0,39.04559742007124,420.0,90.05551392370413,2353.701123446594,,,,False,False,not_attempted,0,0,0,0,41,0,0.0,173.80269504982573,402.0,False,,,False,7,2
proposed,static_live,7,420.0,7.0,1,normal,normal,26 31 44 48,0,1.0,1.0,0.0,34.78037077224997,18.116666666666667,72,1,71,5.190400002822974,5.190400002822974,44.235997422894215,60.0,480.0,0.0,0.0,0.0,1139.5955789000727,0.0,0.0,44.235997422894215,480.0,85.29960763845678,2350.428994697508,,,,False,False,not_attempted,0,0,0,0,51,0,0.0,171.7315048732715,402.0,False,,,False,7,1
proposed,static_live,8,480.0,8.0,1,normal,normal,26 31 44 48,0,1.0,1.0,0.0,34.78037077224997,18.133333333333333,71,2,69,2.495136967710586,1.247568483855293,46.7311343906048,60.0,540.0,0.0,0.0,0.0,1139.5955789000727,0.0,0.0,46.7311343906048,540.0,79.97940923294234,2176.3863390623183,,,,False,False,not_attempted,0,0,0,0,19,0,0.0,171.63817153993816,422.0,False,,,False,7,0
proposed,static_live,9,540.0,9.0,1,normal,normal,26 31 44 48,0,1.0,1.0,0.0,34.78037077224997,18.15,69,4,65,2.2682353970901716,0.5670588492725429,48.999369787694974,60.0,600.0,0.0,0.0,0.0,1139.5955789000727,0.0,0.0,48.999369787694974,600.0,77.62879857543831,2176.3863390623183,,,,False,False,not_attempted,0,0,0,0,19,0,0.0,171.54640459197284,574.0,False,,,False,7,0
proposed,static_live,10,600.0,10.0,2,degrading,degrading,26 31 44 48,0,1.0,1.0,0.0,34.78037077224997,18.166666666666668,65,1,64,2.264359248722955,2.264359248722955,51.26372903641793,60.0,660.0,0.0,0.0,0.0,1139.5955789000727,0.0,0.0,51.26372903641793,660.0,75.37762181306358,2157.509480549697,,,,False,False,not_attempted,0,0,0,0,29,0,0.0,171.29011539682318,574.0,False,,,False,7,0
proposed,static_live,11,660.0,11.0,2,degrading,degrading,26 31 44 48,4546,1.06951871657754,0.935,0.0,34.55694772339093,18.183333333333334,64,2,62,3.190203074621302,1.595101537310651,54.45393211103923,60.0,720.0,0.0,0.0,0.0,1139.5955789000727,0.0,0.0,54.45393211103923,720.0,76.5200135452178,2014.4002334573036,,,,False,False,not_attempted,0,0,0,0,40,6,0.15,171.19678206348985,700.0,False,,,False,7,0
proposed,static_live,12,720.0,12.0,2,degrading,degrading,26 31 44 48,4546,1.1494252873563218,0.87,0.0,34.30365951795914,18.2,62,3,59,3.56647158190237,1.1888238606341233,58.0204036929416,60.0,780.0,0.0,0.0,0.0,1139.5955789000727,0.0,0.0,58.0204036929416,780.0,77.04087026863462,2014.4002334573036,,,,False,False,not_attempted,0,0,0,0,40,0,0.0,169.9712503230566,791.0,False,,,False,7,0
proposed,static_live,13,780.0,13.0,2,degrading,degrading,26 31 44 48,4546,1.2422360248447206,0.8049999999999999,0.0,34.014089117506785,18.216666666666665,59,1,58,3.7047672110624488,3.7047672110624488,61.725170904004045,60.0,840.0,0.0,0.0,0.0,1139.5955789000727,0.0,0.0,61.725170904004045,840.0,77.43888186016085,1991.2014057152076,,,,False,False,not_attempted,0,0,0,0,38,6,0.15789473684210525,168.5742888930247,791.0,False,,,False,7,0
proposed,static_live,14,840.0,14.0,2,degrading,degrading,26 31 44 48,4546,1.3513513513513513,0.74,0.0,33.679839240303636,18.233333333333334,58,2,56,2.6208993754544716,1.3104496877272358,64.34607027945852,60.0,900.0,0.0,0.0,0.0,1139.5955789000727,0.0,0.0,64.34607027945852,900.0,78.47269250516914,1929.8667137096593,,,,False,False,not_attempted,0,0,0,0,40,10,0.25,168.15686244557824,848.0,False,,,False,7,0
proposed,static_live,15,900.0,15.0,3,degrading,degrading,26 31 44 48,4546,1.4814814814814814,0.675,0.0,33.2897046472472,18.25,56,1,55,2.865879660311622,2.865879660311622,67.21194993977014,60.0,960.0,0.0,0.0,0.0,1139.5955789000727,0.0,0.0,67.21194993977014,960.0,80.68618954157517,1793.8005196533802,,,,False,False,not_attempted,0,0,0,0,33,13,0.3939393939393939,168.0635291122449,848.0,False,,,False,7,0
proposed,static_live,16,960.0,16.0,3,degrading,degrading,26 31 44 48,4546,1.639344262295082,0.61,0.0,32.828391387310525,18.266666666666666,55,3,52,2.9049886066090185,0.9683295355363395,70.11693854637916,60.0,1020.0,0.0,0.0,0.0,1139.5955789000727,0.0,0.0,70.11693854637916,1020.0,83.31005500531548,1793.8005196533802,,,,False,False,not_attempted,0,0,0,0,30,6,0.2,167.08289017604287,907.0,False,,,False,7,0
proposed,static_live,17,1020.0,17.0,3,degrading,degrading,26 31 44 48,4546,1.8348623853211008,0.545,0.0,32.27446466839824,18.283333333333335,52,4,48,4.226216053442214,1.0565540133605535,74.34315459982137,60.0,1080.0,0.0,0.0,0.0,1139.5955789000727,0.0,0.0,74.34315459982137,1080.0,87.175491784294,1750.7261016354253,,,,False,False,not_attempted,0,0,0,0,30,5,0.16666666666666666,166.46306654949578,930.0,False,,,False,7,0
proposed,static_live,18,1080.0,18.0,3,degrading,degrading,26 31 44 48,4546,2.0833333333333335,0.48,0.0,31.596922859858367,18.3,48,1,47,5.046813412938377,5.046813412938377,79.38996801275975,60.0,1140.0,0.0,0.0,0.0,1139.5955789000727,0.0,0.0,79.38996801275975,1140.0,90.6217136927411,1732.5063511558299,,,,False,False,not_attempted,0,0,0,0,23,13,0.5652173913043478,166.36973321616244,930.0,False,,,False,7,0
proposed,static_live,19,1140.0,19.0,3,degrading,degrading,26 31 44 48,4546,2.409638554216868,0.4149999999999999,0.0,30.749189772869467,18.316666666666666,47,2,45,4.9194907737012885,2.4597453868506443,84.30945878646104,60.0,1200.0,0.0,0.0,0.0,1139.5955789000727,0.0,0.0,84.30945878646104,1200.0,95.12521723073465,1646.7050844865682,,,,False,False,not_attempted,0,0,0,0,17,10,0.5882352941176471,165.7503132487021,988.0,False,,,False,7,0
proposed,static_live,20,1200.0,20.0,4,disrupted,holding,26 31 44 48,4546,2.857142857142857,0.35,0.0,29.657929450275514,18.333333333333332,45,3,42,3.6962628710829586,1.2320876236943195,88.005721657544,60.0,1260.0,0.0,0.0,0.0,1139.5955789000727,0.0,0.0,88.005721657544,1260.0,102.02514632710951,1749.703052966714,,,,False,False,not_attempted,0,0,0,0,23,8,0.34782608695652173,165.65697991536877,1072.0,False,,,False,7,0
proposed,static_live,21,1260.0,21.0,4,disrupted,disrupted,26 31 44 48,4546,2.857142857142857,0.35,0.0,29.657929450275514,18.35,42,3,39,6.238932357692155,2.0796441192307182,94.24465401523615,60.0,1320.0,0.0,0.0,0.0,1139.5955789000727,0.0,0.0,94.24465401523615,1320.0,98.64618497522133,1733.6291700779484,,,,False,False,not_attempted,0,0,0,0,26,13,0.5,163.93432750765345,1171.0,False,,,False,7,0
proposed,static_live,22,1320.0,22.0,4,disrupted,disrupted,26 31 44 48,4546,2.857142857142857,0.35,0.0,29.657929450275514,18.366666666666667,39,1,38,3.0797829529794716,3.0797829529794716,97.32443696821562,60.0,1380.0,0.0,0.0,0.0,1139.5955789000727,0.0,0.0,97.32443696821562,1380.0,90.8316445471043,1574.909841996427,,,,False,False,not_attempted,0,0,0,0,12,1,0.08333333333333333,163.84099417432012,1171.0,False,,,False,7,0
proposed,static_live,23,1380.0,23.0,4,disrupted,disrupted,26 31 44 48,4546,2.857142857142857,0.35,0.0,29.657929450275514,18.383333333333333,38,2,36,1.7936612919303567,0.8968306459651784,99.11809826014598,60.0,1440.0,0.0,0.0,0.0,1139.5955789000727,0.0,0.0,99.11809826014598,1440.0,89.32236905457984,1574.909841996427,,,,False,False,not_attempted,0,0,0,0,17,2,0.11764705882352941,163.15685391145254,1171.0,False,,,False,6,0
proposed,static_live,24,1440.0,24.0,4,disrupted,disrupted,26 31 44 48,4546,2.857142857142857,0.35,0.0,29.657929450275514,18.4,36,3,33,2.008723564524871,0.6695745215082903,101.12682182467086,60.0,1500.0,0.0,0.0,0.0,1139.5955789000727,0.0,0.0,101.12682182467086,1500.0,87.47832153780371,1542.2034660113075,,,,False,False,not_attempted,0,0,0,0,9,3,0.3333333333333333,161.92397657658304,1215.0,False,,,False,6,0
proposed,static_live,25,1500.0,25.0,5,disrupted,disrupted,26 31 44 48,4546,2.857142857142857,0.35,0.0,29.657929450275514,18.416666666666668,33,2,31,4.141583914761574,2.070791957380787,105.26840573943242,60.0,1560.0,0.0,0.0,0.0,1139.5955789000727,0.0,0.0,105.26840573943242,1560.0,85.49524043070453,1485.8907857288402,,,,False,False,not_attempted,0,0,0,0,44,7,0.1590909090909091,159.05212695615265,1215.0,False,,,False,6,0
proposed,static_live,26,1560.0,26.0,5,disrupted,disrupted,26 31 44 48,4546,2.857142857142857,0.35,0.0,29.657929450275514,18.433333333333334,31,2,29,4.878907669752207,2.4394538348761037,110.14731340918463,60.0,1620.0,0.0,0.0,0.0,1139.5955789000727,0.0,0.0,110.14731340918463,1620.0,81.70386480115178,1433.1189299144378,,,,False,False,not_attempted,0,0,0,0,72,5,0.06944444444444445,158.00386700366718,1373.0,False,,,False,6,0
proposed,static_live,27,1620.0,27.0,5,disrupted,disrupted,26 31 44 48,4546,2.857142857142857,0.35,0.0,29.657929450275514,18.45,29,0,29,8.447152766512419,8.447152766512419,118.59446617569705,60.0,1680.0,0.0,0.0,0.0,1139.5955789000727,0.0,0.0,118.59446617569705,1680.0,76.47383679201393,1369.8494436537155,,,,False,False,not_attempted,0,0,0,0,36,9,0.25,157.82500786306946,1373.0,False,,,False,6,0
proposed,static_live,28,1680.0,28.0,5,disrupted,disrupted,26 31 44 48,4546,2.857142857142857,0.35,0.0,29.657929450275514,18.466666666666665,29,1,28,2.0492678949908485,2.0492678949908485,120.6437340706879,60.0,1740.0,0.0,0.0,0.0,1139.5955789000727,0.0,0.0,120.6437340706879,1740.0,68.15342025402207,1242.9877977417457,,,,False,False,not_attempted,0,0,0,0,14,3,0.21428571428571427,157.73167452973613,1419.0,False,,,False,6,0
proposed,static_live,29,1740.0,29.0,5,disrupted,disrupted,26 31 44 48,4546,2.857142857142857,0.35,0.0,29.657929450275514,18.483333333333334,28,3,25,5.358207443084449,1.7860691476948165,126.00194151377235,60.0,1800.0,0.0,0.0,0.0,1139.5955789000727,0.0,0.0,126.00194151377235,1800.0,65.99191078422976,1242.9877977417457,,,,False,False,not_attempted,0,0,0,0,14,10,0.7142857142857143,154.3192925807987,1419.0,False,,,False,6,0
proposed,static_live,30,1800.0,30.0,6,recovering,recovering,26 31 44 48,4546,2.857142857142857,0.35,0.0,29.657929450275514,18.5,25,2,23,5.061611991149322,2.530805995574661,131.06355350492169,60.0,1860.0,0.0,0.0,0.0,1139.5955789000727,0.0,0.0,131.06355350492169,1860.0,60.24006488213597,1186.6297193480746,,,,False,False,not_attempted,0,0,0,0,18,8,0.4444444444444444,151.2817117747348,1669.0,False,,,False,6,0
proposed,static_live,31,1860.0,31.0,6,recovering,recovering,26 31 44 48,4546,2.6595744680851063,0.376,0.04,30.13000790142106,18.516666666666666,23,2,21,4.154724032757019,2.0773620163785096,135.21827753767872,60.0,1920.0,0.0,0.0,0.0,1139.5955789000727,0.0,0.0,135.21827753767872,1920.0,52.961256843805195,1109.8149397474533,,,,False,False,not_attempted,0,0,0,0,18,7,0.3888888888888889,149.26170347493684,1669.0,False,,,False,6,0
proposed,static_live,32,1920.0,32.0,6,recovering,recovering,26 31 44 48,4546,2.4875621890547266,0.40199999999999997,0.08,30.553431771897753,18.533333333333335,21,2,19,2.5773226794019064,1.2886613397009532,137.79560021708062,60.0,1980.0,0.0,0.0,0.0,1139.5955789000727,0.0,0.0,137.79560021708062,1980.0,47.12048465452526,937.2707911236209,,,,False,False,not_attempted,0,0,0,0,16,2,0.125,149.1683701416035,1762.0,False,,,False,6,0
proposed,static_live,33,1980.0,33.0,6,recovering,recovering,26 31 44 48,4546,2.336448598130841,0.428,0.12,30.93535428745094,18.55,19,2,17,4.510316179836991,2.2551580899184955,142.3059163969176,60.0,2040.0,0.0,0.0,0.0,1139.5955789000727,0.0,0.0,142.3059163969176,2040.0,42.76850250501331,920.6875513457544,,,,False,False,not_attempted,0,0,0,0,31,8,0.25806451612903225,148.08269859614126,1820.0,False,,,False,6,0
proposed,static_live,34,2040.0,34.0,6,recovering,recovering,26 31 44 48,4546,2.2026431718061676,0.45399999999999996,0.16,31.281591953557413,18.566666666666666,17,2,15,2.325426053160962,1.162713026580481,144.63134245007856,60.0,2100.0,0.0,0.0,0.0,1139.5955789000727,0.0,0.0,144.63134245007856,2100.0,37.32494253560345,880.4282518053403,,,,False,False,not_attempted,0,0,0,0,11,2,0.18181818181818182,147.27839875057836,1820.0,False,,,False,5,0
proposed,static_live,35,2100.0,35.0,7,recovering,recovering,26 31 44 48,4546,2.0833333333333335,0.48,0.2,31.596922859858367,18.583333333333332,15,2,13,3.1916234023007832,1.5958117011503916,147.82296585237935,60.0,2160.0,0.0,0.0,0.0,1139.5955789000727,0.0,0.0,147.82296585237935,2160.0,33.99117546619016,729.8667056942259,,,,False,False,not_attempted,0,0,0,0,10,1,0.1,147.18506541724503,1929.0,False,,,False,5,0
proposed,static_live,36,2160.0,36.0,7,recovering,recovering,26 31 44 48,4546,1.976284584980237,0.506,0.24,31.885308513607917,18.6,13,2,11,3.4562203451755904,1.7281101725877952,151.27918619755494,60.0,2220.0,0.0,0.0,0.0,1139.5955789000727,0.0,0.0,151.27918619755494,2220.0,30.204974085757975,720.3308946195964,,,,False,False,not_attempted,0,0,0,0,14,13,0.9285714285714286,144.92292010307568,1929.0,False,,,False,4,0
proposed,static_live,37,2220.0,37.0,7,recovering,recovering,26 31 44 48,4546,1.8796992481203008,0.532,0.28,32.150061135766876,18.616666666666667,11,2,9,2.5187817069192593,1.2593908534596296,153.7979679044742,60.0,2280.0,0.0,0.0,0.0,1139.5955789000727,0.0,0.0,153.7979679044742,2280.0,26.30566023879457,674.9834483236548,,,,False,False,not_attempted,0,0,0,0,13,5,0.38461538461538464,143.77306902618673,1966.0,False,,,False,4,0
proposed,static_live,38,2280.0,38.0,7,recovering,recovering,26 31 44 48,4546,1.7921146953405016,0.558,0.32,32.393971446583905,18.633333333333333,9,1,8,3.657694339082525,3.657694339082525,157.45566224355673,60.0,2340.0,0.0,0.0,0.0,1139.5955789000727,0.0,0.0,157.45566224355673,2340.0,23.069547671000436,587.9076258469306,,,,False,False,not_attempted,0,0,0,0,14,13,0.9285714285714286,143.01423735945733,1966.0,False,,,False,3,0
proposed,static_live,39,2340.0,39.0,7,recovering,recovering,26 31 44 48,4546,1.7123287671232879,0.584,0.36,32.61940741483223,18.65,8,1,7,0.36200254580878677,0.36200254580878677,157.81766478936552,60.0,2400.0,0.0,0.0,0.0,1139.5955789000727,0.0,0.0,157.81766478936552,2400.0,19.585569755757923,453.6508373212705,,,,False,False,not_attempted,0,0,0,0,5,0,0.0,142.920904026124,1966.0,False,,,False,3,0
proposed,static_live,40,2400.0,40.0,8,recovering,recovering,26 31 44 48,4546,1.639344262295082,0.61,0.4,32.828391387310525,18.666666666666668,7,2,5,2.060304342926387,1.0301521714631936,159.87796913229192,60.0,2460.0,0.0,0.0,0.0,1139.5955789000727,0.0,0.0,159.87796913229192,2460.0,19.507407847777767,452.39918514739225,,,,False,False,not_attempted,0,0,0,0,19,5,0.2631578947368421,142.0218087666744,1966.0,False,,,False,3,0
proposed,static_live,41,2460.0,41.0,8,recovering,recovering,26 31 44 48,4546,1.572327044025157,0.636,0.44,33.02266092642118,18.683333333333334,5,0,5,0.5816176685713634,0.5816176685713634,160.4595868008633,60.0,2520.0,0.0,0.0,0.0,1139.5955789000727,0.0,0.0,160.4595868008633,2520.0,17.084499189791565,424.2851517033584,,,,False,False,not_attempted,0,0,0,0,16,0,0.0,141.62685776476977,1966.0,False,,,False,2,0
proposed,static_live,42,2520.0,42.0,8,recovering,recovering,26 31 44 48,4546,1.5105740181268883,0.6619999999999999,0.48,33.20371723415564,18.7,5,2,3,0.6507623900498996,0.3253811950249498,161.11034919091318,60.0,2580.0,0.0,0.0,0.0,1139.5955789000727,0.0,0.0,161.11034919091318,2580.0,16.791414119491343,363.10397351532873,,,,False,False,not_attempted,0,0,0,0,2,0,0.0,141.51733194462264,1966.0,False,,,False,2,0
proposed,static_live,43,2580.0,43.0,8,recovering,recovering,26 31 44 48,4546,1.4534883720930234,0.688,0.52,33.37286402038111,18.716666666666665,3,0,3,1.5886054229722972,1.5886054229722972,162.6989546138855,60.0,2640.0,0.0,0.0,0.0,1139.5955789000727,0.0,0.0,162.6989546138855,2640.0,15.757994321725297,242.3105981416649,,,,False,False,not_attempted,0,0,0,0,3,0,0.0,141.4239986112893,1966.0,False,,,False,2,0
proposed,static_live,44,2640.0,44.0,8,recovering,recovering,26 31 44 48,4546,1.400560224089636,0.714,0.56,33.531238945320474,18.733333333333334,3,1,2,0.4183704169101683,0.4183704169101683,163.11732503079566,60.0,2700.0,0.0,0.0,0.0,1139.5955789000727,0.0,0.0,163.11732503079566,2700.0,14.585801010832293,242.3105981416649,,,,False,False,not_attempted,0,0,0,0,10,0,0.0,141.09896152771248,1966.0,False,,,False,1,0
proposed,static_live,45,2700.0,45.0,9,recovering,recovering,26 31 44 48,4546,1.3513513513513513,0.74,0.6,33.679839240303636,18.75,2,1,1,0.11485811581040906,0.11485811581040906,163.23218314660608,60.0,2760.0,0.0,0.0,0.0,1139.5955789000727,0.0,0.0,163.23218314660608,2760.0,14.092734364899274,81.84868277849249,,,,False,False,not_attempted,0,0,0,0,0,0,0.0,141.00562819437914,1966.0,False,,,False,0,0
proposed,static_live,46,2760.0,46.0,9,recovering,recovering,26 31 44 48,4546,1.3054830287206267,0.766,0.64,33.8195427267193,18.766666666666666,1,1,0,14.166790244322454,14.166790244322454,177.39897339092855,135.95662539848848,2895.956625398488,0.0,0.0,0.0,1139.5955789000727,0.0,0.0,177.39897339092855,2895.956625398488,14.092734364899274,81.84868277849249,,,,False,False,not_attempted,0,0,0,0,150,0,0.0,139.01155448285863,1976.0,True,,,False,0,0
proposed,static_frozen,0,0.0,0.0,0,normal,initial,26 31 44 48,0,1.0,1.0,0.0,34.78037077224997,18.0,84,0,84,18.947812200580838,18.947812200580838,18.947812200580838,60.0,60.0,10.709383900044486,1128.8861950000282,1139.5955789000727,1139.5955789000727,0.0,0.0,18.947812200580838,60.0,124.98723160038621,2771.5048752969888,,,,False,False,initial_plan,0,0,0,0,123,0,0.0,177.2717760608753,0.0,False,,,True,10,10
proposed,static_frozen,1,60.0,1.0,0,normal,normal,26 31 44 48,0,1.0,1.0,0.0,34.78037077224997,18.016666666666666,84,0,84,3.6431287464134887,3.6431287464134887,22.590940946994326,60.0,120.0,0.0,0.0,0.0,1139.5955789000727,0.0,0.0,22.590940946994326,120.0,105.50890338066785,2707.1370397431347,,,,False,False,not_attempted,0,0,0,0,83,0,0.0,176.43141531177028,0.0,False,,,False,9,10
proposed,static_frozen,2,120.0,2.0,0,normal,normal,26 31 44 48,0,1.0,1.0,0.0,34.78037077224997,18.033333333333335,84,3,81,2.150613593169741,0.716871197723247,24.741554540164067,60.0,180.0,0.0,0.0,0.0,1139.5955789000727,0.0,0.0,24.741554540164067,180.0,101.10086336244001,2575.1489099165824,,,,False,False,not_attempted,0,0,0,0,49,0,0.0,176.33808197843695,215.0,False,,,False,8,7
proposed,static_frozen,3,180.0,3.0,0,normal,normal,26 31 44 48,0,1.0,1.0,0.0,34.78037077224997,18.05,81,3,78,3.271356097706687,1.0904520325688958,28.012910637870753,60.0,240.0,0.0,0.0,0.0,1139.5955789000727,0.0,0.0,28.012910637870753,240.0,99.24169389457438,2575.1489099165824,,,,False,False,not_attempted,0,0,0,0,57,0,0.0,176.08417388140913,215.0,False,,,False,8,4
proposed,static_frozen,4,240.0,4.0,0,normal,normal,26 31 44 48,0,1.0,1.0,0.0,34.78037077224997,18.066666666666666,78,1,77,3.7024319427213226,3.7024319427213226,31.715342580592075,60.0,300.0,0.0,0.0,0.0,1139.5955789000727,0.0,0.0,31.715342580592075,300.0,96.4371557706104,2523.292639918653,,,,False,False,not_attempted,0,0,0,0,61,0,0.0,174.23595111138894,249.0,False,,,False,7,3
proposed,static_frozen,5,300.0,5.0,1,normal,normal,26 31 44 48,0,1.0,1.0,0.0,34.78037077224997,18.083333333333332,77,2,75,2.7190972354339418,1.3595486177169709,34.434439816026014,60.0,360.0,0.0,0.0,0.0,1139.5955789000727,0.0,0.0,34.434439816026014,360.0,92.79090225860935,2353.701123446594,,,,False,False,not_attempted,0,0,0,0,41,0,0.0,174.1426177780556,402.0,False,,,False,7,3
proposed,static_frozen,6,360.0,6.0,1,normal,normal,26 31 44 48,0,1.0,1.0,0.0,34.78037077224997,18.1,75,3,72,4.611279417259635,1.5370931390865452,39.04571923328565,60.0,420.0,0.0,0.0,0.0,1139.5955789000727,0.0,0.0,39.04571923328565,420.0,90.05551392370413,2353.701123446594,,,,False,False,not_attempted,0,0,0,0,41,0,0.0,173.80269504982573,402.0,False,,,False,7,2
proposed,static_frozen,7,420.0,7.0,1,normal,normal,26 31 44 48,0,1.0,1.0,0.0,34.78037077224997,18.116666666666667,72,1,71,5.191142058140224,5.191142058140224,44.236861291425875,60.0,480.0,0.0,0.0,0.0,1139.5955789000727,0.0,0.0,44.236861291425875,480.0,85.29960763845678,2350.428994697508,,,,False,False,not_attempted,0,0,0,0,51,0,0.0,171.7315048732715,402.0,False,,,False,7,1
proposed,static_frozen,8,480.0,8.0,1,normal,normal,26 31 44 48,0,1.0,1.0,0.0,34.78037077224997,18.133333333333333,71,2,69,2.4943949123933358,1.2471974561966679,46.731256203819214,60.0,540.0,0.0,0.0,0.0,1139.5955789000727,0.0,0.0,46.731256203819214,540.0,79.97940923294234,2176.3863390623183,,,,False,False,not_attempted,0,0,0,0,19,0,0.0,171.63817153993816,422.0,False,,,False,7,0
proposed,static_frozen,9,540.0,9.0,1,normal,normal,26 31 44 48,0,1.0,1.0,0.0,34.78037077224997,18.15,69,4,65,2.2682353970901716,0.5670588492725429,48.99949160090939,60.0,600.0,0.0,0.0,0.0,1139.5955789000727,0.0,0.0,48.99949160090939,600.0,77.62879857543831,2176.3863390623183,,,,False,False,not_attempted,0,0,0,0,19,0,0.0,171.54640459197284,574.0,False,,,False,7,0
proposed,static_frozen,10,600.0,10.0,2,degrading,degrading,26 31 44 48,0,1.0,1.0,0.0,34.78037077224997,18.166666666666668,65,1,64,2.2646830485948937,2.2646830485948937,51.264174649504284,60.0,660.0,0.0,0.0,0.0,1139.5955789000727,0.0,0.0,51.264174649504284,660.0,75.37762181306358,2157.509480549697,,,,False,False,not_attempted,0,0,0,0,29,0,0.0,171.29011539682318,574.0,False,,,False,7,0
proposed,static_frozen,11,660.0,11.0,2,degrading,degrading,26 31 44 48,4546,1.06951871657754,0.935,0.0,34.55694772339093,18.183333333333334,64,2,62,3.188906883213775,1.5944534416068874,54.45308153271806,60.0,720.0,0.0,0.0,0.0,1139.5955789000727,0.0,0.0,54.45308153271806,720.0,76.5200135452178,2014.4002334573036,,,,False,False,not_attempted,0,0,0,0,40,6,0.15,171.19678206348985,700.0,False,,,False,7,0
proposed,static_frozen,12,720.0,12.0,2,degrading,degrading,26 31 44 48,4546,1.1494252873563218,0.87,0.0,34.30365951795914,18.2,62,3,59,3.56647158190237,1.1888238606341233,58.01955311462043,60.0,780.0,0.0,0.0,0.0,1139.5955789000727,0.0,0.0,58.01955311462043,780.0,77.04087026863462,2014.4002334573036,,,,False,False,not_attempted,0,0,0,0,40,0,0.0,169.9712503230566,791.0,False,,,False,7,0
proposed,static_frozen,13,780.0,13.0,2,degrading,degrading,26 31 44 48,4546,1.2422360248447206,0.8049999999999999,0.0,34.014089117506785,18.216666666666665,59,1,58,4.007634485253155,4.007634485253155,62.027187599873585,60.0,840.0,0.0,0.0,0.0,1139.5955789000727,0.0,0.0,62.027187599873585,840.0,77.43888186016085,1991.2014057152076,,,,False,False,not_attempted,0,0,0,0,45,13,0.28888888888888886,168.5742888930247,791.0,False,,,False,7,0
proposed,static_frozen,14,840.0,14.0,2,degrading,degrading,26 31 44 48,4546,1.3513513513513513,0.74,0.0,33.679839240303636,18.233333333333334,58,2,56,2.6911181084150444,1.3455590542075222,64.71830570828863,60.0,900.0,0.0,0.0,0.0,1139.5955789000727,0.0,0.0,64.71830570828863,900.0,78.17684413458045,1929.8667137096593,,,,False,False,not_attempted,0,0,0,0,43,13,0.3023255813953488,168.15686244557824,848.0,False,,,False,7,0
proposed,static_frozen,15,900.0,15.0,3,degrading,degrading,26 31 44 48,4546,1.4814814814814814,0.675,0.0,33.2897046472472,18.25,56,1,55,2.7929584969822248,2.7929584969822248,67.51126420527085,60.0,960.0,0.0,0.0,0.0,1139.5955789000727,0.0,0.0,67.51126420527085,960.0,80.59038564814881,1793.8005196533802,,,,False,False,not_attempted,0,0,0,0,32,12,0.375,168.0635291122449,848.0,False,,,False,7,0
proposed,static_frozen,16,960.0,16.0,3,degrading,degrading,26 31 44 48,4546,1.639344262295082,0.61,0.0,32.828391387310525,18.266666666666666,55,3,52,2.904988606609018,0.9683295355363394,70.41625281187987,60.0,1020.0,0.0,0.0,0.0,1139.5955789000727,0.0,0.0,70.41625281187987,1020.0,83.31005500531548,1793.8005196533802,,,,False,False,not_attempted,0,0,0,0,30,6,0.2,167.08289017604287,907.0,False,,,False,7,0
proposed,static_frozen,17,1020.0,17.0,3,degrading,degrading,26 31 44 48,4546,1.8348623853211008,0.545,0.0,32.27446466839824,18.283333333333335,52,4,48,4.4119652862085195,1.1029913215521299,74.82821809808839,60.0,1080.0,0.0,0.0,0.0,1139.5955789000727,0.0,0.0,74.82821809808839,1080.0,87.175491784294,1750.7261016354253,,,,False,False,not_attempted,0,0,0,0,31,6,0.1935483870967742,166.46306654949578,930.0,False,,,False,7,0
proposed,static_frozen,18,1080.0,18.0,3,degrading,degrading,26 31 44 48,4546,2.0833333333333335,0.48,0.0,31.596922859858367,18.3,48,1,47,5.250772422934722,5.250772422934722,80.0789905210231,60.0,1140.0,0.0,0.0,0.0,1139.5955789000727,0.0,0.0,80.0789905210231,1140.0,90.41044766848857,1732.5063511558299,,,,False,False,not_attempted,0,0,0,0,24,14,0.5833333333333334,166.36973321616244,930.0,False,,,False,7,0
proposed,static_frozen,19,1140.0,19.0,3,degrading,degrading,26 31 44 48,4546,2.409638554216868,0.4149999999999999,0.0,30.749189772869467,18.316666666666666,47,2,45,6.481559911768204,3.240779955884102,86.5605504327913,60.0,1200.0,0.0,0.0,0.0,1139.5955789000727,0.0,0.0,86.5605504327913,1200.0,95.15169996718002,1646.7050844865682,,,,False,False,not_attempted,0,0,0,0,28,15,0.5357142857142857,165.7503132487021,988.0,False,,,False,7,0
proposed,static_frozen,20,1200.0,20.0,4,disrupted,holding,26 31 44 48,4546,2.857142857142857,0.35,0.0,29.657929450275514,18.333333333333332,45,3,42,3.068181670922471,1.0227272236408236,89.62873210371377,60.0,1260.0,0.0,0.0,0.0,1139.5955789000727,0.0,0.0,89.62873210371377,1260.0,101.4111189551651,1749.703052966714,,,,False,False,not_attempted,0,0,0,0,16,7,0.4375,165.65697991536877,1072.0,False,,,False,7,0
proposed,static_frozen,21,1260.0,21.0,4,disrupted,disrupted,26 31 44 48,4546,2.857142857142857,0.35,0.0,29.657929450275514,18.35,42,4,38,7.529976839114507,1.8824942097786268,97.15870894282828,60.0,1320.0,0.0,0.0,0.0,1139.5955789000727,0.0,0.0,97.15870894282828,1320.0,98.64618497522133,1733.6291700779484,,,,False,False,not_attempted,0,0,0,0,31,16,0.5161290322580645,163.93432750765345,1171.0,False,,,False,7,0
proposed,static_frozen,22,1320.0,22.0,4,disrupted,disrupted,26 31 44 48,4546,2.857142857142857,0.35,0.0,29.657929450275514,18.366666666666667,38,0,38,2.3421738196100987,2.3421738196100987,99.50088276243838,60.0,1380.0,0.0,0.0,0.0,1139.5955789000727,0.0,0.0,99.50088276243838,1380.0,91.19038337885087,1574.909841996427,,,,False,False,not_attempted,0,0,0,0,11,2,0.18181818181818182,163.84099417432012,1171.0,False,,,False,7,0
proposed,static_frozen,23,1380.0,23.0,4,disrupted,disrupted,26 31 44 48,4546,2.857142857142857,0.35,0.0,29.657929450275514,18.383333333333333,38,2,36,2.1327129912722467,1.0663564956361233,101.63359575371062,60.0,1440.0,0.0,0.0,0.0,1139.5955789000727,0.0,0.0,101.63359575371062,1440.0,89.32236905457984,1574.909841996427,,,,False,False,not_attempted,0,0,0,0,18,3,0.16666666666666666,162.79895837406616,1171.0,False,,,False,6,0
proposed,static_frozen,24,1440.0,24.0,4,disrupted,disrupted,26 31 44 48,4546,2.857142857142857,0.35,0.0,29.657929450275514,18.4,36,3,33,8.370010932499435,2.7900036441664784,110.00360668621006,60.0,1500.0,0.0,0.0,0.0,1139.5955789000727,0.0,0.0,110.00360668621006,1500.0,88.21697491726745,1550.6952443504729,,,,False,False,not_attempted,0,0,0,0,27,21,0.7777777777777778,155.17065016677884,1215.0,False,,,False,6,0
proposed,static_frozen,25,1500.0,25.0,5,disrupted,disrupted,26 31 44 48,4546,2.857142857142857,0.35,0.0,29.657929450275514,18.416666666666668,33,2,31,5.29001907164861,2.645009535824305,115.29362575785868,60.0,1560.0,0.0,0.0,0.0,1139.5955789000727,0.0,0.0,115.29362575785868,1560.0,84.68973292836807,1462.2070439407953,,,,False,False,not_attempted,0,0,0,0,46,9,0.1956521739130435,151.1033718449067,1215.0,False,,,False,6,0
proposed,static_frozen,26,1560.0,26.0,5,disrupted,disrupted,26 31 44 48,4546,2.857142857142857,0.35,0.0,29.657929450275514,18.433333333333334,31,2,29,4.464038487661007,2.2320192438305035,119.75766424551969,60.0,1620.0,0.0,0.0,0.0,1139.5955789000727,0.0,0.0,119.75766424551969,1620.0,80.55930291013922,1242.9877977417457,,,,False,False,not_attempted,0,0,0,0,46,9,0.1956521739130435,151.01003851157336,1373.0,False,,,False,6,0
proposed,static_frozen,27,1620.0,27.0,5,disrupted,disrupted,26 31 44 48,4546,2.857142857142857,0.35,0.0,29.657929450275514,18.45,29,1,28,7.355531088940678,7.355531088940678,127.11319533446037,60.0,1680.0,0.0,0.0,0.0,1139.5955789000727,0.0,0.0,127.11319533446037,1680.0,77.00638489991054,1242.9877977417457,,,,False,False,not_attempted,0,0,0,0,32,7,0.21875,150.56504218944337,1373.0,False,,,False,6,0
proposed,static_frozen,28,1680.0,28.0,5,disrupted,disrupted,26 31 44 48,4546,2.857142857142857,0.35,0.0,29.657929450275514,18.466666666666665,28,1,27,10.524520169206223,10.524520169206223,137.63771550366658,60.0,1740.0,0.0,0.0,0.0,1139.5955789000727,0.0,0.0,137.63771550366658,1740.0,70.44145499740765,1227.2152177338437,,,,False,False,not_attempted,0,0,0,0,32,24,0.75,145.02229465758282,1419.0,False,,,False,6,0
proposed,static_frozen,29,1740.0,29.0,5,disrupted,disrupted,26 31 44 48,4546,2.857142857142857,0.35,0.0,29.657929450275514,18.483333333333334,27,1,26,6.553687375055163,6.553687375055163,144.19140287872176,60.0,1800.0,0.0,0.0,0.0,1139.5955789000727,0.0,0.0,144.19140287872176,1800.0,61.940492431507984,1157.5128464358907,,,,False,False,not_attempted,0,0,0,0,17,14,0.8235294117647058,139.4988752148751,1419.0,False,,,False,6,0
proposed,static_frozen,30,1800.0,30.0,6,recovering,recovering,26 31 44 48,4546,2.857142857142857,0.35,0.0,29.657929450275514,18.5,26,3,23,2.398208923234835,0.7994029744116117,146.5896118019566,60.0,1860.0,0.0,0.0,0.0,1139.5955789000727,0.0,0.0,146.5896118019566,1860.0,56.485952034698165,1097.828657551774,,,,False,False,not_attempted,0,0,0,0,11,2,0.18181818181818182,139.34458295775696,1669.0,False,,,False,6,0
proposed,static_frozen,31,1860.0,31.0,6,recovering,recovering,26 31 44 48,4546,2.6595744680851063,0.376,0.04,30.13000790142106,18.516666666666666,23,2,21,2.8259938412499874,1.4129969206249937,149.4156056432066,60.0,1920.0,0.0,0.0,0.0,1139.5955789000727,0.0,0.0,149.4156056432066,1920.0,51.362748931766475,956.1474576792773,,,,False,False,not_attempted,0,0,0,0,10,5,0.5,139.25124962442362,1669.0,False,,,False,6,0
proposed,static_frozen,32,1920.0,32.0,6,recovering,recovering,26 31 44 48,4546,2.4875621890547266,0.40199999999999997,0.08,30.553431771897753,18.533333333333335,21,2,19,6.623485499809337,3.3117427499046683,156.03909114301592,60.0,1980.0,0.0,0.0,0.0,1139.5955789000727,0.0,0.0,156.03909114301592,1980.0,48.687977916428785,937.2707911236209,,,,False,False,not_attempted,0,0,0,0,30,15,0.5,135.8096347731026,1762.0,False,,,False,6,0
proposed,static_frozen,33,1980.0,33.0,6,recovering,recovering,26 31 44 48,4546,2.336448598130841,0.428,0.12,30.93535428745094,18.55,19,2,17,4.165160082915733,2.0825800414578666,160.20425122593167,60.0,2040.0,0.0,0.0,0.0,1139.5955789000727,0.0,0.0,160.20425122593167,2040.0,42.48664789792241,752.4139973005929,,,,False,False,not_attempted,0,0,0,0,33,6,0.18181818181818182,135.71630143976927,1820.0,False,,,False,6,0
proposed,static_frozen,34,2040.0,34.0,6,recovering,recovering,26 31 44 48,4546,2.2026431718061676,0.45399999999999996,0.16,31.281591953557413,18.566666666666666,17,2,15,3.512191201393251,1.7560956006966255,163.71644242732492,60.0,2100.0,0.0,0.0,0.0,1139.5955789000727,0.0,0.0,163.71644242732492,2100.0,37.97605765645664,740.4947242047161,,,,False,False,not_attempted,0,0,0,0,13,7,0.5384615384615384,135.02206534644455,1820.0,False,,,False,5,0
proposed,static_frozen,35,2100.0,35.0,7,recovering,recovering,26 31 44 48,4546,2.0833333333333335,0.48,0.2,31.596922859858367,18.583333333333332,15,2,13,5.894123922986889,2.9470619614934446,169.6105663503118,60.0,2160.0,0.0,0.0,0.0,1139.5955789000727,0.0,0.0,169.6105663503118,2160.0,33.554256147364704,717.754766779405,,,,False,False,not_attempted,0,0,0,0,22,12,0.5454545454545454,132.03405520288266,1929.0,False,,,False,5,0
proposed,static_frozen,36,2160.0,36.0,7,recovering,recovering,26 31 44 48,4546,1.976284584980237,0.506,0.24,31.885308513607917,18.6,13,1,12,2.662906703211329,2.662906703211329,172.27347305352313,60.0,2220.0,0.0,0.0,0.0,1139.5955789000727,0.0,0.0,172.27347305352313,2220.0,27.23673092840839,602.3663535939554,,,,False,False,not_attempted,0,0,0,0,9,9,1.0,130.689207713485,1929.0,False,,,False,4,0
proposed,static_frozen,37,2220.0,37.0,7,recovering,recovering,26 31 44 48,4546,1.8796992481203008,0.532,0.28,32.150061135766876,18.616666666666667,12,3,9,1.584166907817187,0.5280556359390624,173.8576399613403,60.0,2280.0,0.0,0.0,0.0,1139.5955789000727,0.0,0.0,173.8576399613403,2280.0,24.482031108389737,509.65685232888626,,,,False,False,not_attempted,0,0,0,0,9,0,0.0,130.59587438015166,1966.0,False,,,False,4,0
proposed,static_frozen,38,2280.0,38.0,7,recovering,recovering,26 31 44 48,4546,1.7921146953405016,0.558,0.32,32.393971446583905,18.633333333333333,9,2,7,3.1327716289229044,1.5663858144614522,176.99041159026322,60.0,2340.0,0.0,0.0,0.0,1139.5955789000727,0.0,0.0,176.99041159026322,2340.0,22.332718589421646,476.3807576682355,,,,False,False,not_attempted,0,0,0,0,13,12,0.9230769230769231,129.37359562680905,1966.0,False,,,False,3,0
proposed,static_frozen,39,2340.0,39.0,7,recovering,recovering,26 31 44 48,4546,1.7123287671232879,0.584,0.36,32.61940741483223,18.65,7,1,6,1.8887173358476725,1.8887173358476725,178.8791289261109,60.0,2400.0,0.0,0.0,0.0,1139.5955789000727,0.0,0.0,178.8791289261109,2400.0,19.642216975695604,428.9827613045809,,,,False,False,not_attempted,0,0,0,0,22,7,0.3181818181818182,128.7602262673869,1966.0,False,,,False,3,0
proposed,static_frozen,40,2400.0,40.0,8,recovering,recovering,26 31 44 48,4546,1.639344262295082,0.61,0.4,32.828391387310525,18.666666666666668,6,1,5,1.247420397908017,1.247420397908017,180.12654932401892,60.0,2460.0,0.0,0.0,0.0,1139.5955789000727,0.0,0.0,180.12654932401892,2460.0,18.259134638315306,363.10397351532873,,,,False,False,not_attempted,0,0,0,0,18,0,0.0,128.65061521224817,1966.0,False,,,False,3,0
proposed,static_frozen,41,2460.0,41.0,8,recovering,recovering,26 31 44 48,4546,1.572327044025157,0.636,0.44,33.02266092642118,18.683333333333334,5,0,5,0.2741077941097094,0.2741077941097094,180.40065711812863,60.0,2520.0,0.0,0.0,0.0,1139.5955789000727,0.0,0.0,180.40065711812863,2520.0,16.773821567574483,242.3105981416649,,,,False,False,not_attempted,0,0,0,0,1,0,0.0,128.55728187891484,1966.0,False,,,False,3,0
proposed,static_frozen,42,2520.0,42.0,8,recovering,recovering,26 31 44 48,4546,1.5105740181268883,0.6619999999999999,0.48,33.20371723415564,18.7,5,2,3,0.8897918064971297,0.4448959032485649,181.29044892462576,60.0,2580.0,0.0,0.0,0.0,1139.5955789000727,0.0,0.0,181.29044892462576,2580.0,16.58715490090782,242.3105981416649,,,,False,False,not_attempted,0,0,0,0,11,0,0.0,128.232244795338,1966.0,False,,,False,2,0
proposed,static_frozen,43,2580.0,43.0,8,recovering,recovering,26 31 44 48,4546,1.4534883720930234,0.688,0.52,33.37286402038111,18.716666666666665,3,1,2,1.5945134864147146,1.5945134864147146,182.88496241104048,60.0,2640.0,0.0,0.0,0.0,1139.5955789000727,0.0,0.0,182.88496241104048,2640.0,15.264927675792277,182.05226568257135,,,,False,False,not_attempted,0,0,0,0,3,0,0.0,128.13891146200467,1966.0,False,,,False,1,0
proposed,static_frozen,44,2640.0,44.0,8,recovering,recovering,26 31 44 48,4546,1.400560224089636,0.714,0.56,33.531238945320474,18.733333333333334,2,1,1,0.17399405070497254,0.17399405070497254,183.05895646174545,60.0,2700.0,0.0,0.0,0.0,1139.5955789000727,0.0,0.0,183.05895646174545,2700.0,14.092734364899274,81.84868277849249,,,,False,False,not_attempted,0,0,0,0,0,0,0.0,128.05825074463303,1976.0,False,,,False,0,0
proposed,static_frozen,45,2700.0,45.0,9,recovering,recovering,26 31 44 48,4546,1.3513513513513513,0.74,0.6,33.679839240303636,18.75,1,1,0,14.104147116057314,14.104147116057314,197.1631035778028,95.68604294232689,2795.686042942327,0.0,0.0,0.0,1139.5955789000727,0.0,0.0,197.1631035778028,2795.686042942327,14.092734364899274,81.84868277849249,,,,False,False,not_attempted,0,0,0,0,150,0,0.0,126.14834494385475,1976.0,True,,,False,0,0
nn,adaptive,0,0.0,0.0,0,normal,initial,26 31 44 48,0,1.0,1.0,0.0,34.78037077224997,18.0,84,0,84,16.660400703942315,16.660400703942315,16.660400703942315,60.0,60.0,9.957765099941753,0.252319399965927,10.21008449990768,10.21008449990768,0.0,0.0,16.660400703942315,60.0,162.58793156149096,2761.487785832027,,,,False,False,initial_plan,0,0,0,0,97,0,0.0,177.83388229329896,0.0,False,,,True,10,10
nn,adaptive,1,60.0,1.0,0,normal,normal,26 31 44 48,0,1.0,1.0,0.0,34.78037077224997,18.016666666666666,84,0,84,2.671835477730445,2.671835477730445,19.332236181672762,60.0,120.0,0.0,0.0,0.0,10.21008449990768,0.0,0.0,19.332236181672762,120.0,144.89809698360446,2603.2770542730404,,,,False,False,not_attempted,0,0,0,0,24,0,0.0,177.65141542411558,0.0,False,,,False,9,10
nn,adaptive,2,120.0,2.0,0,normal,normal,26 31 44 48,0,1.0,1.0,0.0,34.78037077224997,18.033333333333335,84,6,78,2.2336491502253266,0.37227485837088775,21.565885331898087,60.0,180.0,0.0,0.0,0.0,10.21008449990768,0.0,0.0,21.565885331898087,180.0,142.35879798598543,2603.2770542730404,,,,False,False,not_attempted,0,0,0,0,25,0,0.0,177.33697396192156,239.0,False,,,False,9,4
nn,adaptive,3,180.0,3.0,0,normal,normal,26 31 44 48,0,1.0,1.0,0.0,34.78037077224997,18.05,78,4,74,4.632857667324735,1.1582144168311836,26.198742999222823,60.0,240.0,0.0,0.0,0.0,10.21008449990768,0.0,0.0,26.198742999222823,240.0,140.51455427701427,2575.2504365841983,,,,False,False,not_attempted,0,0,0,0,75,0,0.0,176.58965573332028,239.0,False,,,False,9,0
nn,adaptive,4,240.0,4.0,0,normal,normal,26 31 44 48,0,1.0,1.0,0.0,34.78037077224997,18.066666666666666,74,0,74,2.1890984112485845,2.1890984112485845,28.387841410471406,60.0,300.0,0.0,0.0,0.0,10.21008449990768,0.0,0.0,28.387841410471406,300.0,135.7776609100203,2453.4542174026838,,,,False,False,not_attempted,0,0,0,0,38,0,0.0,176.38162922177597,239.0,False,,,False,9,0
nn,adaptive,5,300.0,5.0,1,normal,normal,26 31 44 48,0,1.0,1.0,0.0,34.78037077224997,18.083333333333332,74,3,71,4.763597379502395,1.587865793167465,33.1514387899738,60.0,360.0,10.519518199958839,0.1706080000149086,10.690126199973747,20.900210699881427,0.0,0.0,33.1514387899738,360.0,128.7959290546367,2784.3357844494485,133.8378687044175,128.7959290546367,5.041939649780801,True,True,lower_residual_energy,2,25,2,25,105,0,0.0,175.72436508422112,402.0,False,,,True,9,0
nn,adaptive,6,360.0,6.0,1,normal,normal,26 31 44 48,0,1.0,1.0,0.0,34.78037077224997,18.1,71,2,69,4.485811166703238,2.242905583351619,37.63724995667704,60.0,420.0,0.0,0.0,0.0,20.900210699881427,0.0,0.0,37.63724995667704,420.0,123.61361357332132,2717.1313092372607,,,,False,False,not_attempted,0,0,0,0,59,0,0.0,173.98774183949396,422.0,False,,,False,9,0
nn,adaptive,7,420.0,7.0,1,normal,normal,26 31 44 48,0,1.0,1.0,0.0,34.78037077224997,18.116666666666667,69,3,66,2.9812824839435574,0.9937608279811858,40.6185324406206,60.0,480.0,0.0,0.0,0.0,20.900210699881427,0.0,0.0,40.6185324406206,480.0,118.92085678662227,2561.270737883113,,,,False,False,not_attempted,0,0,0,0,37,0,0.0,172.73804103501027,477.0,False,,,False,8,0
nn,adaptive,8,480.0,8.0,1,normal,normal,26 31 44 48,0,1.0,1.0,0.0,34.78037077224997,18.133333333333333,66,4,62,2.178098861828392,0.544524715457098,42.796631302448986,60.0,540.0,0.0,0.0,0.0,20.900210699881427,0.0,0.0,42.796631302448986,540.0,116.30503232303343,2561.270737883113,,,,False,False,not_attempted,0,0,0,0,45,0,0.0,172.64470770167694,647.0,False,,,False,8,0
nn,adaptive,9,540.0,9.0,1,normal,normal,26 31 44 48,0,1.0,1.0,0.0,34.78037077224997,18.15,62,2,60,1.8453221570217784,0.9226610785108892,44.64195345947076,60.0,600.0,0.0,0.0,0.0,20.900210699881427,0.0,0.0,44.64195345947076,600.0,114.16194557950111,2541.1547650102475,,,,False,False,not_attempted,0,0,0,0,56,0,0.0,172.53888579406538,647.0,False,,,False,7,0
nn,adaptive,10,600.0,10.0,2,degrading,degrading,26 31 44 48,0,1.0,1.0,0.0,34.78037077224997,18.166666666666668,60,3,57,3.0870488429308645,1.0290162809769547,47.729002302401625,60.0,660.0,5.979998968541622e-05,0.11762609996367246,0.11768589995335788,21.017896599834785,0.0,0.0,47.729002302401625,660.0,112.11863421063464,2395.4798719351247,112.11863421063464,113.9377236595066,-1.8190894488719636,True,False,incumbent_not_worse,5,31,0,0,64,0,0.0,172.28418379893967,647.0,False,,,True,7,0
nn,adaptive,11,660.0,11.0,2,degrading,degrading,26 31 44 48,4546,1.06951871657754,0.935,0.0,34.55694772339093,18.183333333333334,57,2,55,1.550331748425402,0.775165874212701,49.279334050827025,60.0,720.0,0.0,0.0,0.0,21.017896599834785,0.0,0.0,49.279334050827025,720.0,115.41908783549218,2476.8948106840353,,,,False,False,not_attempted,0,0,0,0,27,7,0.25925925925925924,172.2499756154787,659.0,False,,,False,7,0
nn,adaptive,12,720.0,12.0,2,degrading,degrading,26 31 44 48,4546,1.1494252873563218,0.87,0.0,34.30365951795914,18.2,55,1,54,1.4390052930698463,1.4390052930698463,50.71833934389687,60.0,780.0,0.0,0.0,0.0,21.017896599834785,0.0,0.0,50.71833934389687,780.0,118.9928372877657,2335.505534613246,,,,False,False,not_attempted,0,0,0,0,30,14,0.4666666666666667,172.0431283184309,743.0,False,,,False,7,0
nn,adaptive,13,780.0,13.0,2,degrading,degrading,26 31 44 48,4546,1.2422360248447206,0.8049999999999999,0.0,34.014089117506785,18.216666666666665,54,4,50,3.614996332320953,0.9037490830802383,54.33333567621783,60.0,840.0,0.0,0.0,0.0,21.017896599834785,0.0,0.0,54.33333567621783,840.0,123.5369755377133,2335.505534613246,,,,False,False,not_attempted,0,0,0,0,34,10,0.29411764705882354,171.06531426806038,843.0,False,,,False,7,0
nn,adaptive,14,840.0,14.0,2,degrading,degrading,26 31 44 48,4546,1.3513513513513513,0.74,0.0,33.679839240303636,18.233333333333334,50,0,50,3.46038065046479,3.46038065046479,57.79371632668262,60.0,900.0,0.0,0.0,0.0,21.017896599834785,0.0,0.0,57.79371632668262,900.0,125.90763467201246,2476.7280649869413,,,,False,False,not_attempted,0,0,0,0,57,1,0.017543859649122806,169.89259805939562,843.0,False,,,False,7,0
nn,adaptive,15,900.0,15.0,3,degrading,degrading,26 31 44 48,4546,1.4814814814814814,0.675,0.0,33.2897046472472,18.25,50,2,48,3.5842603355824756,1.7921301677912378,61.3779766622651,60.0,960.0,10.758253600099124,0.07711139996536076,10.835365000064485,31.85326159989927,0.0,0.0,61.3779766622651,960.0,118.67694365568244,2482.202755549999,128.64277425877256,118.67694365568244,9.965830603090126,True,True,lower_residual_energy,0,3,0,3,27,12,0.4444444444444444,168.89558443272298,853.0,False,,,True,7,0
nn,adaptive,16,960.0,16.0,3,degrading,degrading,26 31 44 48,4546,1.639344262295082,0.61,0.0,32.828391387310525,18.266666666666666,48,2,46,1.808151924131192,0.904075962065596,63.18612858639629,60.0,1020.0,0.0,0.0,0.0,31.85326159989927,0.0,0.0,63.18612858639629,1020.0,121.06322936745619,2354.7756071730423,,,,False,False,not_attempted,0,0,0,0,18,0,0.0,168.51699308696035,1087.0,False,,,False,7,0
nn,adaptive,17,1020.0,17.0,3,degrading,degrading,26 31 44 48,4546,1.8348623853211008,0.545,0.0,32.27446466839824,18.283333333333335,46,3,43,3.9509947576284095,1.3169982525428032,67.1371233440247,60.0,1080.0,0.0,0.0,0.0,31.85326159989927,0.0,0.0,67.1371233440247,1080.0,127.27812931978748,2359.731771327634,,,,False,False,not_attempted,0,0,0,0,40,6,0.15,168.03553448215166,1087.0,False,,,False,7,0
nn,adaptive,18,1080.0,18.0,3,degrading,degrading,26 31 44 48,4546,2.0833333333333335,0.48,0.0,31.596922859858367,18.3,43,2,41,2.5389280258078086,1.2694640129039043,69.6760513698325,60.0,1140.0,0.0,0.0,0.0,31.85326159989927,0.0,0.0,69.6760513698325,1140.0,131.9147061784077,2203.5105765615745,,,,False,False,not_attempted,0,0,0,0,13,6,0.46153846153846156,167.94220114881833,1087.0,False,,,False,7,0
nn,adaptive,19,1140.0,19.0,3,degrading,degrading,26 31 44 48,4546,2.409638554216868,0.4149999999999999,0.0,30.749189772869467,18.316666666666666,41,3,38,2.942014613439117,0.9806715378130391,72.61806598327162,60.0,1200.0,0.0,0.0,0.0,31.85326159989927,0.0,0.0,72.61806598327162,1200.0,140.38725055746679,2211.782046306524,,,,False,False,not_attempted,0,0,0,0,41,0,0.0,167.75823913936796,1138.0,False,,,False,7,0
nn,adaptive,20,1200.0,20.0,4,disrupted,holding,26 31 44 48,4546,2.857142857142857,0.35,0.0,29.657929450275514,18.333333333333332,38,2,36,8.875456129329914,4.437728064664957,81.49352211260154,60.0,1260.0,10.842674999963492,0.057052599964663386,10.899727599928156,42.752989199827425,0.0,0.0,81.49352211260154,1260.0,151.6252855824931,2478.6567245121205,151.6252855824931,153.24836693682244,-1.6230813543293436,True,False,incumbent_not_worse,1,9,0,0,22,11,0.5,165.619024624434,1270.0,False,,,True,7,0
nn,adaptive,21,1260.0,21.0,4,disrupted,disrupted,26 31 44 48,4546,2.857142857142857,0.35,0.0,29.657929450275514,18.35,36,0,36,1.204916211357228,1.204916211357228,82.69843832395877,60.0,1320.0,0.0,0.0,0.0,42.752989199827425,0.0,0.0,82.69843832395877,1320.0,142.623052470623,2358.6567245121205,,,,False,False,not_attempted,0,0,0,0,1,0,0.0,165.52569129110066,1270.0,False,,,False,7,0
nn,adaptive,22,1320.0,22.0,4,disrupted,disrupted,26 31 44 48,4546,2.857142857142857,0.35,0.0,29.657929450275514,18.366666666666667,36,6,30,6.4676020174763496,1.0779336695793915,89.16604034143512,60.0,1380.0,0.0,0.0,0.0,42.752989199827425,0.0,0.0,89.16604034143512,1380.0,141.57828209325783,2358.6567245121205,,,,False,False,not_attempted,0,0,0,0,50,1,0.02,165.27528399549016,1351.0,False,,,False,7,0
nn,adaptive,23,1380.0,23.0,4,disrupted,disrupted,26 31 44 48,4546,2.857142857142857,0.35,0.0,29.657929450275514,18.383333333333333,30,0,30,8.410028898299327,8.410028898299327,97.57606923973445,60.0,1440.0,0.0,0.0,0.0,42.752989199827425,0.0,0.0,97.57606923973445,1440.0,134.91443253804945,2311.654831850238,,,,False,False,not_attempted,0,0,0,0,31,11,0.3548387096774194,162.9588131145801,1351.0,False,,,False,7,0
nn,adaptive,24,1440.0,24.0,4,disrupted,disrupted,26 31 44 48,4546,2.857142857142857,0.35,0.0,29.657929450275514,18.4,30,1,29,0.9751962543121893,0.9751962543121893,98.55126549404665,60.0,1500.0,0.0,0.0,0.0,42.752989199827425,0.0,0.0,98.55126549404665,1500.0,126.84908132769358,2166.1157701031952,,,,False,False,not_attempted,0,0,0,0,2,0,0.0,162.86547978124676,1351.0,False,,,False,7,0
nn,adaptive,25,1500.0,25.0,5,disrupted,disrupted,26 31 44 48,4546,2.857142857142857,0.35,0.0,29.657929450275514,18.416666666666668,29,6,23,9.144086805226493,1.524014467537749,107.69535229927314,60.0,1560.0,5.67000824958086e-05,0.019855499966070056,0.019912200048565865,42.77290139987599,0.0,0.0,107.69535229927314,1560.0,126.46948287821225,2166.1157701031952,126.46948287821225,130.8229077698015,-4.353424891589256,True,False,incumbent_not_worse,0,3,0,0,50,7,0.14,160.843342939545,1567.0,False,,,True,7,0
nn,adaptive,26,1560.0,26.0,5,disrupted,disrupted,26 31 44 48,4546,2.857142857142857,0.35,0.0,29.657929450275514,18.433333333333334,23,0,23,5.839746208890585,5.839746208890585,113.53509850816373,60.0,1620.0,0.0,0.0,0.0,42.77290139987599,0.0,0.0,113.53509850816373,1620.0,116.31777429993602,2029.1053050202283,,,,False,False,not_attempted,0,0,0,0,23,2,0.08695652173913043,159.9870201876667,1567.0,False,,,False,7,0
nn,adaptive,27,1620.0,27.0,5,disrupted,disrupted,26 31 44 48,4546,2.857142857142857,0.35,0.0,29.657929450275514,18.45,23,1,22,3.6252967087201204,3.6252967087201204,117.16039521688384,60.0,1680.0,0.0,0.0,0.0,42.77290139987599,0.0,0.0,117.16039521688384,1680.0,111.04756125093972,2029.1053050202283,,,,False,False,not_attempted,0,0,0,0,16,0,0.0,159.89368685433337,1567.0,False,,,False,7,0
nn,adaptive,28,1680.0,28.0,5,disrupted,disrupted,26 31 44 48,4546,2.857142857142857,0.35,0.0,29.657929450275514,18.466666666666665,22,5,17,7.748433088042872,1.5496866176085744,124.90882830492671,60.0,1740.0,0.0,0.0,0.0,42.77290139987599,0.0,0.0,124.90882830492671,1740.0,107.95241662857437,2011.2795672926316,,,,False,False,not_attempted,0,0,0,0,46,8,0.17391304347826086,157.2623146881897,1655.0,False,,,False,7,0
nn,adaptive,29,1740.0,29.0,5,disrupted,disrupted,26 31 44 48,4546,2.857142857142857,0.35,0.0,29.657929450275514,18.483333333333334,17,0,17,7.173418461297061,7.173418461297061,132.08224676622376,60.0,1800.0,0.0,0.0,0.0,42.77290139987599,0.0,0.0,132.08224676622376,1800.0,98.59346139766586,1954.592626373728,,,,False,False,not_attempted,0,0,0,0,28,8,0.2857142857142857,154.74896035731567,1655.0,False,,,False,6,0
nn,adaptive,30,1800.0,30.0,6,recovering,recovering,26 31 44 48,4546,2.857142857142857,0.35,0.0,29.657929450275514,18.5,17,3,14,3.0594538978659345,1.0198179659553115,135.14170066408968,60.0,1860.0,6.19000056758523e-05,0.006410999922081828,0.00647289992775768,42.77937429980375,0.0,0.0,135.14170066408968,1860.0,92.36096743029177,1785.7477558354024,92.36096743029177,92.36096743029177,0.0,True,False,incumbent_not_worse,0,0,0,0,43,2,0.046511627906976744,153.4514279381432,1724.0,False,,,True,5,0
nn,adaptive,31,1860.0,31.0,6,recovering,recovering,26 31 44 48,4546,2.6595744680851063,0.376,0.04,30.13000790142106,18.516666666666666,14,2,12,1.0495963837719624,0.5247981918859812,136.19129704786164,60.0,1920.0,0.0,0.0,0.0,42.77937429980375,0.0,0.0,136.19129704786164,1920.0,85.73192153308084,1503.723714254161,,,,False,False,not_attempted,0,0,0,0,9,0,0.0,153.32783705388786,1724.0,False,,,False,5,0
nn,adaptive,32,1920.0,32.0,6,recovering,recovering,26 31 44 48,4546,2.4875621890547266,0.40199999999999997,0.08,30.553431771897753,18.533333333333335,12,1,11,2.2926136091706217,2.2926136091706217,138.48391065703225,60.0,1980.0,0.0,0.0,0.0,42.77937429980375,0.0,0.0,138.48391065703225,1980.0,81.2012875359244,1487.1358866619898,,,,False,False,not_attempted,0,0,0,0,8,4,0.5,153.23450372055453,1724.0,False,,,False,4,0
nn,adaptive,33,1980.0,33.0,6,recovering,recovering,26 31 44 48,4546,2.336448598130841,0.428,0.12,30.93535428745094,18.55,11,3,8,2.833993238995685,0.9446644129985616,141.31790389602793,60.0,2040.0,0.0,0.0,0.0,42.77937429980375,0.0,0.0,141.31790389602793,2040.0,75.83852068805956,1335.4913218848105,,,,False,False,not_attempted,0,0,0,0,11,7,0.6363636363636364,150.84080407940294,1814.0,False,,,False,4,0
nn,adaptive,34,2040.0,34.0,6,recovering,recovering,26 31 44 48,4546,2.2026431718061676,0.45399999999999996,0.16,31.281591953557413,18.566666666666666,8,2,6,1.7846449926889147,0.8923224963444574,143.10254888871685,60.0,2100.0,0.0,0.0,0.0,42.77937429980375,0.0,0.0,143.10254888871685,2100.0,70.12138690628387,1332.099505068157,,,,False,False,not_attempted,0,0,0,0,25,1,0.04,149.98494531329968,1814.0,False,,,False,3,0
nn,adaptive,35,2100.0,35.0,7,recovering,recovering,26 31 44 48,4546,2.0833333333333335,0.48,0.2,31.596922859858367,18.583333333333332,6,1,5,3.0290016862248144,3.0290016862248144,146.13155057494166,60.0,2160.0,10.848079700022936,0.0016819000011309981,10.849761600024067,53.629135899827816,0.0,0.0,146.13155057494166,2160.0,63.85532866706563,1062.6188827550704,66.55574234207012,63.85532866706563,2.7004136750044907,True,True,lower_residual_energy,1,1,1,1,21,7,0.3333333333333333,149.3299548586734,1938.0,False,,,True,3,0
nn,adaptive,36,2160.0,36.0,7,recovering,recovering,26 31 44 48,4546,1.976284584980237,0.506,0.24,31.885308513607917,18.6,5,0,5,1.395894630036101,1.395894630036101,147.52744520497777,60.0,2220.0,0.0,0.0,0.0,53.629135899827816,0.0,0.0,147.52744520497777,2220.0,58.31134720286596,913.3199280979346,,,,False,False,not_attempted,0,0,0,0,1,1,1.0,148.7662292752778,1938.0,False,,,False,3,0
nn,adaptive,37,2220.0,37.0,7,recovering,recovering,26 31 44 48,4546,1.8796992481203008,0.532,0.28,32.150061135766876,18.616666666666667,5,0,5,0.3783396552842165,0.3783396552842165,147.90578486026197,60.0,2280.0,0.0,0.0,0.0,53.629135899827816,0.0,0.0,147.90578486026197,2280.0,56.204119260512314,913.3199280979346,,,,False,False,not_attempted,0,0,0,0,1,0,0.0,148.67289594194446,1938.0,False,,,False,3,0
nn,adaptive,38,2280.0,38.0,7,recovering,recovering,26 31 44 48,4546,1.7921146953405016,0.558,0.32,32.393971446583905,18.633333333333333,5,2,3,6.47118772366612,3.23559386183306,154.3769725839281,60.0,2340.0,0.0,0.0,0.0,53.629135899827816,0.0,0.0,154.3769725839281,2340.0,54.6810389307806,876.2469569040377,,,,False,False,not_attempted,0,0,0,0,26,23,0.8846153846153846,146.8783250154421,1938.0,False,,,False,3,0
nn,adaptive,39,2340.0,39.0,7,recovering,recovering,26 31 44 48,4546,1.7123287671232879,0.584,0.36,32.61940741483223,18.65,3,0,3,1.0467505004127107,1.0467505004127107,155.42372308434082,60.0,2400.0,0.0,0.0,0.0,53.629135899827816,0.0,0.0,155.42372308434082,2400.0,46.56027282328093,806.8131354648117,,,,False,False,not_attempted,0,0,0,0,3,0,0.0,146.78499168210877,1938.0,False,,,False,2,0
nn,adaptive,40,2400.0,40.0,8,recovering,recovering,26 31 44 48,4546,1.639344262295082,0.61,0.4,32.828391387310525,18.666666666666668,3,1,2,0.4052407135420855,0.4052407135420855,155.82896379788292,60.0,2460.0,10.877710900036618,0.0003173999721184373,10.878028300008737,64.50716419983655,0.0,0.0,155.82896379788292,2460.0,45.18892879951269,674.7066687403499,45.18892879951269,45.18892879951269,0.0,True,False,incumbent_not_worse,0,0,0,0,0,0,0.0,146.69387950762066,1938.0,False,,,True,1,0
nn,adaptive,41,2460.0,41.0,8,recovering,recovering,26 31 44 48,4546,1.572327044025157,0.636,0.44,33.02266092642118,18.683333333333334,2,1,1,0.1756743588345787,0.1756743588345787,156.0046381567175,60.0,2520.0,0.0,0.0,0.0,64.50716419983655,0.0,0.0,156.0046381567175,2520.0,44.53722052562559,674.7066687403499,,,,False,False,not_attempted,0,0,0,0,0,0,0.0,146.69387950762066,1938.0,False,,,False,1,0
nn,adaptive,42,2520.0,42.0,8,recovering,recovering,26 31 44 48,4546,1.5105740181268883,0.6619999999999999,0.48,33.20371723415564,18.7,1,0,1,0.09333333333333332,0.09333333333333332,156.09797149005084,60.0,2580.0,0.0,0.0,0.0,64.50716419983655,0.0,0.0,156.09797149005084,2580.0,43.75059129931298,554.7066687403499,,,,False,False,not_attempted,0,0,0,0,0,0,0.0,146.69387950762066,1938.0,False,,,False,0,0
nn,adaptive,43,2580.0,43.0,8,recovering,recovering,26 31 44 48,4546,1.4534883720930234,0.688,0.52,33.37286402038111,18.716666666666665,1,1,0,42.48811458723671,42.48811458723671,198.58608607728752,586.1683684634743,3166.1683684634745,0.0,0.0,0.0,64.50716419983655,0.0,0.0,198.58608607728752,3166.1683684634745,43.19639659306054,554.7066687403499,,,,False,False,not_attempted,0,0,0,0,576,37,0.0642361111111111,139.21654618860399,1938.0,True,,,False,0,0
nn,static_live,0,0.0,0.0,0,normal,initial,26 31 44 48,0,1.0,1.0,0.0,34.78037077224997,18.0,84,0,84,16.660400703942315,16.660400703942315,16.660400703942315,60.0,60.0,9.957765099941753,0.252319399965927,10.21008449990768,10.21008449990768,0.0,0.0,16.660400703942315,60.0,162.58793156149096,2761.487785832027,,,,False,False,initial_plan,0,0,0,0,97,0,0.0,177.83388229329896,0.0,False,,,True,10,10
nn,static_live,1,60.0,1.0,0,normal,normal,26 31 44 48,0,1.0,1.0,0.0,34.78037077224997,18.016666666666666,84,0,84,2.671835477730445,2.671835477730445,19.332236181672762,60.0,120.0,0.0,0.0,0.0,10.21008449990768,0.0,0.0,19.332236181672762,120.0,144.89809698360446,2603.2770542730404,,,,False,False,not_attempted,0,0,0,0,24,0,0.0,177.65141542411558,0.0,False,,,False,9,10
nn,static_live,2,120.0,2.0,0,normal,normal,26 31 44 48,0,1.0,1.0,0.0,34.78037077224997,18.033333333333335,84,6,78,2.2336491502253266,0.37227485837088775,21.565885331898087,60.0,180.0,0.0,0.0,0.0,10.21008449990768,0.0,0.0,21.565885331898087,180.0,142.35879798598543,2603.2770542730404,,,,False,False,not_attempted,0,0,0,0,25,0,0.0,177.33697396192156,239.0,False,,,False,9,4
nn,static_live,3,180.0,3.0,0,normal,normal,26 31 44 48,0,1.0,1.0,0.0,34.78037077224997,18.05,78,4,74,4.632857667324735,1.1582144168311836,26.198742999222823,60.0,240.0,0.0,0.0,0.0,10.21008449990768,0.0,0.0,26.198742999222823,240.0,140.51455427701427,2575.2504365841983,,,,False,False,not_attempted,0,0,0,0,75,0,0.0,176.58965573332028,239.0,False,,,False,9,0
nn,static_live,4,240.0,4.0,0,normal,normal,26 31 44 48,0,1.0,1.0,0.0,34.78037077224997,18.066666666666666,74,0,74,2.1890984112485845,2.1890984112485845,28.387841410471406,60.0,300.0,0.0,0.0,0.0,10.21008449990768,0.0,0.0,28.387841410471406,300.0,135.7776609100203,2453.4542174026838,,,,False,False,not_attempted,0,0,0,0,38,0,0.0,176.38162922177597,239.0,False,,,False,9,0
nn,static_live,5,300.0,5.0,1,normal,normal,26 31 44 48,0,1.0,1.0,0.0,34.78037077224997,18.083333333333332,74,3,71,4.763597379502395,1.587865793167465,33.1514387899738,60.0,360.0,0.0,0.0,0.0,10.21008449990768,0.0,0.0,33.1514387899738,360.0,133.8378687044175,2453.4542174026838,,,,False,False,not_attempted,0,0,0,0,105,0,0.0,175.72436508422112,402.0,False,,,False,9,0
nn,static_live,6,360.0,6.0,1,normal,normal,26 31 44 48,0,1.0,1.0,0.0,34.78037077224997,18.1,71,2,69,4.5988841917568095,2.2994420958784048,37.75032298173061,60.0,420.0,0.0,0.0,0.0,10.21008449990768,0.0,0.0,37.75032298173061,420.0,128.65555322310212,2295.479016670314,,,,False,False,not_attempted,0,0,0,0,68,0,0.0,173.98774183949396,422.0,False,,,False,9,0
nn,static_live,7,420.0,7.0,1,normal,normal,26 31 44 48,0,1.0,1.0,0.0,34.78037077224997,18.116666666666667,69,3,66,4.0596296318654135,1.353209877288471,41.809952613596025,60.0,480.0,0.0,0.0,0.0,10.21008449990768,0.0,0.0,41.809952613596025,480.0,123.9692432558826,2295.479016670314,,,,False,False,not_attempted,0,0,0,0,59,0,0.0,172.73804103501027,477.0,False,,,False,8,0
nn,static_live,8,480.0,8.0,1,normal,normal,26 31 44 48,0,1.0,1.0,0.0,34.78037077224997,18.133333333333333,66,3,63,2.9617497333409846,0.9872499111136616,44.77170234693701,60.0,540.0,0.0,0.0,0.0,10.21008449990768,0.0,0.0,44.77170234693701,540.0,120.21492095922403,2165.047520150499,,,,False,False,not_attempted,0,0,0,0,53,0,0.0,172.64470770167694,647.0,False,,,False,8,0
nn,static_live,9,540.0,9.0,1,normal,normal,26 31 44 48,0,1.0,1.0,0.0,34.78037077224997,18.15,63,2,61,1.3608862693802408,0.6804431346901204,46.13258861631725,60.0,600.0,0.0,0.0,0.0,10.21008449990768,0.0,0.0,46.13258861631725,600.0,117.0907644351915,2165.047520150499,,,,False,False,not_attempted,0,0,0,0,35,0,0.0,172.53888579406538,647.0,False,,,False,8,0
nn,static_live,10,600.0,10.0,2,degrading,degrading,26 31 44 48,0,1.0,1.0,0.0,34.78037077224997,18.166666666666668,61,4,57,3.361017409988798,0.8402543524971995,49.49360602630605,60.0,660.0,0.0,0.0,0.0,10.21008449990768,0.0,0.0,49.49360602630605,660.0,115.72549646918236,2159.671519313145,,,,False,False,not_attempted,0,0,0,0,46,0,0.0,172.28418379893967,647.0,False,,,False,8,0
nn,static_live,11,660.0,11.0,2,degrading,degrading,26 31 44 48,4546,1.06951871657754,0.935,0.0,34.55694772339093,18.183333333333334,57,1,56,5.387741816270371,5.387741816270371,54.88134784257642,60.0,720.0,0.0,0.0,0.0,10.21008449990768,0.0,0.0,54.88134784257642,720.0,118.98310341714952,2095.041068711737,,,,False,False,not_attempted,0,0,0,0,47,9,0.19148936170212766,170.6107783742012,659.0,False,,,False,8,0
nn,static_live,12,720.0,12.0,2,degrading,degrading,26 31 44 48,4546,1.1494252873563218,0.87,0.0,34.30365951795914,18.2,56,2,54,1.972732181006076,0.986366090503038,56.85408002358249,60.0,780.0,0.0,0.0,0.0,10.21008449990768,0.0,0.0,56.85408002358249,780.0,119.41593614077252,1953.3219952809986,,,,False,False,not_attempted,0,0,0,0,35,11,0.3142857142857143,170.20338483629783,743.0,False,,,False,8,0
nn,static_live,13,780.0,13.0,2,degrading,degrading,26 31 44 48,4546,1.2422360248447206,0.8049999999999999,0.0,34.014089117506785,18.216666666666665,54,2,52,4.077076375538792,2.038538187769396,60.931156399121285,60.0,840.0,0.0,0.0,0.0,10.21008449990768,0.0,0.0,60.931156399121285,840.0,122.95972554920215,1953.3219952809986,,,,False,False,not_attempted,0,0,0,0,39,20,0.5128205128205128,170.1100515029645,843.0,False,,,False,8,0
nn,static_live,14,840.0,14.0,2,degrading,degrading,26 31 44 48,4546,1.3513513513513513,0.74,0.0,33.679839240303636,18.233333333333334,52,3,49,6.452337951005415,2.150779317001805,67.3834943501267,60.0,900.0,0.0,0.0,0.0,10.21008449990768,0.0,0.0,67.3834943501267,900.0,124.4086557037953,1921.3909848062694,,,,False,False,not_attempted,0,0,0,0,50,15,0.3,167.71471727564924,843.0,False,,,False,8,0
nn,static_live,15,900.0,15.0,3,degrading,degrading,26 31 44 48,4546,1.4814814814814814,0.675,0.0,33.2897046472472,18.25,49,1,48,3.4773772266584624,3.4773772266584624,70.86087157678516,60.0,960.0,0.0,0.0,0.0,10.21008449990768,0.0,0.0,70.86087157678516,960.0,122.77890971925883,1928.7493909823943,,,,False,False,not_attempted,0,0,0,0,35,0,0.0,166.20343873996322,853.0,False,,,False,8,0
nn,static_live,16,960.0,16.0,3,degrading,degrading,26 31 44 48,4546,1.639344262295082,0.61,0.0,32.828391387310525,18.266666666666666,48,5,43,6.424636612564145,1.284927322512829,77.2855081893493,60.0,1020.0,0.0,0.0,0.0,10.21008449990768,0.0,0.0,77.2855081893493,1020.0,125.73110699606111,1965.3403629008683,,,,False,False,not_attempted,0,0,0,0,86,10,0.11627906976744186,164.72423250848738,1087.0,False,,,False,8,0
nn,static_live,17,1020.0,17.0,3,degrading,degrading,26 31 44 48,4546,1.8348623853211008,0.545,0.0,32.27446466839824,18.283333333333335,43,0,43,2.9893849519637707,2.9893849519637707,80.27489314131307,60.0,1080.0,0.0,0.0,0.0,10.21008449990768,0.0,0.0,80.27489314131307,1080.0,127.39724632733554,2004.099461375089,,,,False,False,not_attempted,0,0,0,0,38,1,0.02631578947368421,164.47158796189908,1087.0,False,,,False,8,0
nn,static_live,18,1080.0,18.0,3,degrading,degrading,26 31 44 48,4546,2.0833333333333335,0.48,0.0,31.596922859858367,18.3,43,1,42,1.868256878175907,1.868256878175907,82.14315001948898,60.0,1140.0,0.0,0.0,0.0,10.21008449990768,0.0,0.0,82.14315001948898,1140.0,133.2791498938783,1953.0488249436569,,,,False,False,not_attempted,0,0,0,0,18,0,0.0,164.37825462856574,1087.0,False,,,False,8,0
nn,static_live,19,1140.0,19.0,3,degrading,degrading,26 31 44 48,4546,2.409638554216868,0.4149999999999999,0.0,30.749189772869467,18.316666666666666,42,5,37,6.732114649065993,1.3464229298131987,88.87526466855498,60.0,1200.0,0.0,0.0,0.0,10.21008449990768,0.0,0.0,88.87526466855498,1200.0,143.8924364485463,2047.9215908374647,,,,False,False,not_attempted,0,0,0,0,43,15,0.3488372093023256,164.2614882390681,1087.0,False,,,False,8,0
nn,static_live,20,1200.0,20.0,4,disrupted,holding,26 31 44 48,4546,2.857142857142857,0.35,0.0,29.657929450275514,18.333333333333332,37,1,36,6.74332596691726,6.74332596691726,95.61859063547223,60.0,1260.0,0.0,0.0,0.0,10.21008449990768,0.0,0.0,95.61859063547223,1260.0,151.6284788933565,2068.369062390753,,,,False,False,not_attempted,0,0,0,0,21,9,0.42857142857142855,164.16815490573475,1270.0,False,,,False,7,0
nn,static_live,21,1260.0,21.0,4,disrupted,disrupted,26 31 44 48,4546,2.857142857142857,0.35,0.0,29.657929450275514,18.35,36,2,34,5.520378711083518,2.760189355541759,101.13896934655575,60.0,1320.0,0.0,0.0,0.0,10.21008449990768,0.0,0.0,101.13896934655575,1320.0,144.426829596263,2051.0666139758814,,,,False,False,not_attempted,0,0,0,0,18,10,0.5555555555555556,164.1089189552412,1308.0,False,,,False,7,0
nn,static_live,22,1320.0,22.0,4,disrupted,disrupted,26 31 44 48,4546,2.857142857142857,0.35,0.0,29.657929450275514,18.366666666666667,34,4,30,7.824454769274251,1.9561136923185627,108.96342411583001,60.0,1380.0,0.0,0.0,0.0,10.21008449990768,0.0,0.0,108.96342411583001,1380.0,139.98516571916764,1986.9145559100416,,,,False,False,not_attempted,0,0,0,0,44,10,0.22727272727272727,163.3180117398142,1351.0,False,,,False,7,0
nn,static_live,23,1380.0,23.0,4,disrupted,disrupted,26 31 44 48,4546,2.857142857142857,0.35,0.0,29.657929450275514,18.383333333333333,30,1,29,7.5487373180901365,7.5487373180901365,116.51216143392014,60.0,1440.0,0.0,0.0,0.0,10.21008449990768,0.0,0.0,116.51216143392014,1440.0,131.73355227286723,1850.1650246190106,,,,False,False,not_attempted,0,0,0,0,22,4,0.18181818181818182,160.5274320653911,1351.0,False,,,False,7,0
nn,static_live,24,1440.0,24.0,4,disrupted,disrupted,26 31 44 48,4546,2.857142857142857,0.35,0.0,29.657929450275514,18.4,29,2,27,5.758553524746999,2.8792767623734994,122.27071495866714,60.0,1500.0,0.0,0.0,0.0,10.21008449990768,0.0,0.0,122.27071495866714,1500.0,124.19103745500743,1850.1650246190106,,,,False,False,not_attempted,0,0,0,0,14,11,0.7857142857142857,160.32976634022663,1456.0,False,,,False,7,0
nn,static_live,25,1500.0,25.0,5,disrupted,disrupted,26 31 44 48,4546,2.857142857142857,0.35,0.0,29.657929450275514,18.416666666666668,27,2,25,5.3765545374844566,2.6882772687422283,127.6472694961516,60.0,1560.0,0.0,0.0,0.0,10.21008449990768,0.0,0.0,127.6472694961516,1560.0,118.82240786959855,1805.6317315207982,,,,False,False,not_attempted,0,0,0,0,28,5,0.17857142857142858,160.2364330068933,1567.0,False,,,False,7,0
nn,static_live,26,1560.0,26.0,5,disrupted,disrupted,26 31 44 48,4546,2.857142857142857,0.35,0.0,29.657929450275514,18.433333333333334,25,2,23,6.983377510003212,3.491688755001606,134.63064700615482,60.0,1620.0,0.0,0.0,0.0,10.21008449990768,0.0,0.0,134.63064700615482,1620.0,113.61972177329302,1670.6978257620053,,,,False,False,not_attempted,0,0,0,0,37,2,0.05405405405405406,157.9423229413325,1567.0,False,,,False,7,0
nn,static_live,27,1620.0,27.0,5,disrupted,disrupted,26 31 44 48,4546,2.857142857142857,0.35,0.0,29.657929450275514,18.45,23,2,21,7.0258249193427575,3.5129124596713788,141.65647192549758,60.0,1680.0,0.0,0.0,0.0,10.21008449990768,0.0,0.0,141.65647192549758,1680.0,105.44586684313107,1670.6978257620053,,,,False,False,not_attempted,0,0,0,0,22,7,0.3181818181818182,155.55949666998666,1567.0,False,,,False,6,0
nn,static_live,28,1680.0,28.0,5,disrupted,disrupted,26 31 44 48,4546,2.857142857142857,0.35,0.0,29.657929450275514,18.466666666666665,21,3,18,4.691599759277331,1.563866586425777,146.3480716847749,60.0,1740.0,0.0,0.0,0.0,10.21008449990768,0.0,0.0,146.3480716847749,1740.0,99.01550642389302,1626.6007563550793,,,,False,False,not_attempted,0,0,0,0,16,6,0.375,153.12437402204185,1655.0,False,,,False,6,0
nn,static_live,29,1740.0,29.0,5,disrupted,disrupted,26 31 44 48,4546,2.857142857142857,0.35,0.0,29.657929450275514,18.483333333333334,18,0,18,4.150614002039727,4.150614002039727,150.49868568681464,60.0,1800.0,0.0,0.0,0.0,10.21008449990768,0.0,0.0,150.49868568681464,1800.0,94.36759253821063,1499.1214014056923,,,,False,False,not_attempted,0,0,0,0,8,5,0.625,150.93205289882295,1655.0,False,,,False,6,0
nn,static_live,30,1800.0,30.0,6,recovering,recovering,26 31 44 48,4546,2.857142857142857,0.35,0.0,29.657929450275514,18.5,18,3,15,2.0620139238603077,0.6873379746201026,152.56069961067496,60.0,1860.0,0.0,0.0,0.0,10.21008449990768,0.0,0.0,152.56069961067496,1860.0,90.66699915457735,1499.1214014056923,,,,False,False,not_attempted,0,0,0,0,6,3,0.5,150.8387195654896,1724.0,False,,,False,4,0
nn,static_live,31,1860.0,31.0,6,recovering,recovering,26 31 44 48,4546,2.6595744680851063,0.376,0.04,30.13000790142106,18.516666666666666,15,3,12,3.2851257087514543,1.0950419029171514,155.8458253194264,60.0,1920.0,0.0,0.0,0.0,10.21008449990768,0.0,0.0,155.8458253194264,1920.0,85.38410035776373,1409.7544930110175,,,,False,False,not_attempted,0,0,0,0,9,8,0.8888888888888888,150.33346815976054,1724.0,False,,,False,4,0
nn,static_live,32,1920.0,32.0,6,recovering,recovering,26 31 44 48,4546,2.4875621890547266,0.40199999999999997,0.08,30.553431771897753,18.533333333333335,12,1,11,3.4355670493683843,3.4355670493683843,159.2813923687948,60.0,1980.0,0.0,0.0,0.0,10.21008449990768,0.0,0.0,159.2813923687948,1980.0,79.6103223914203,1332.6692870397492,,,,False,False,not_attempted,0,0,0,0,15,6,0.4,149.04387897031316,1807.0,False,,,False,4,0
nn,static_live,33,1980.0,33.0,6,recovering,recovering,26 31 44 48,4546,2.336448598130841,0.428,0.12,30.93535428745094,18.55,11,1,10,0.9695680478092459,0.9695680478092459,160.25096041660404,60.0,2040.0,0.0,0.0,0.0,10.21008449990768,0.0,0.0,160.25096041660404,2040.0,74.67017582319153,1253.5511387414424,,,,False,False,not_attempted,0,0,0,0,22,0,0.0,148.95054563697983,1814.0,False,,,False,4,0
nn,static_live,34,2040.0,34.0,6,recovering,recovering,26 31 44 48,4546,2.2026431718061676,0.45399999999999996,0.16,31.281591953557413,18.566666666666666,10,1,9,2.643084853453514,2.643084853453514,162.89404527005755,60.0,2100.0,0.0,0.0,0.0,10.21008449990768,0.0,0.0,162.89404527005755,2100.0,71.86850477605293,1086.5834226954962,,,,False,False,not_attempted,0,0,0,0,29,4,0.13793103448275862,147.5747940870403,1814.0,False,,,False,4,0
nn,static_live,35,2100.0,35.0,7,recovering,recovering,26 31 44 48,4546,2.0833333333333335,0.48,0.2,31.596922859858367,18.583333333333332,9,2,7,4.485038159262738,2.242519079631369,167.37908342932027,60.0,2160.0,0.0,0.0,0.0,10.21008449990768,0.0,0.0,167.37908342932027,2160.0,67.69016005439991,1071.8878096437097,,,,False,False,not_attempted,0,0,0,0,38,7,0.18421052631578946,146.20878726060738,1938.0,False,,,False,4,0
nn,static_live,36,2160.0,36.0,7,recovering,recovering,26 31 44 48,4546,1.976284584980237,0.506,0.24,31.885308513607917,18.6,7,0,7,5.418113833154181,5.418113833154181,172.79719726247447,60.0,2220.0,0.0,0.0,0.0,10.21008449990768,0.0,0.0,172.79719726247447,2220.0,61.81000106394801,1032.5778940905375,,,,False,False,not_attempted,0,0,0,0,30,4,0.13333333333333333,145.66339203445128,1938.0,False,,,False,3,0
nn,static_live,37,2220.0,37.0,7,recovering,recovering,26 31 44 48,4546,1.8796992481203008,0.532,0.28,32.150061135766876,18.616666666666667,7,1,6,0.7354145984005644,0.7354145984005644,173.53261186087502,60.0,2280.0,0.0,0.0,0.0,10.21008449990768,0.0,0.0,173.53261186087502,2280.0,55.916149199934566,961.9571260553205,,,,False,False,not_attempted,0,0,0,0,16,0,0.0,145.57005870111794,1996.0,False,,,False,2,0
nn,static_live,38,2280.0,38.0,7,recovering,recovering,26 31 44 48,4546,1.7921146953405016,0.558,0.32,32.393971446583905,18.633333333333333,6,2,4,2.945088983797628,1.472544491898814,176.47770084467265,60.0,2340.0,0.0,0.0,0.0,10.21008449990768,0.0,0.0,176.47770084467265,2340.0,54.58981627687657,887.5497393743162,,,,False,False,not_attempted,0,0,0,0,12,10,0.8333333333333334,144.62851437653552,1996.0,False,,,False,2,0
nn,static_live,39,2340.0,39.0,7,recovering,recovering,26 31 44 48,4546,1.7123287671232879,0.584,0.36,32.61940741483223,18.65,4,0,4,0.27045303442398655,0.27045303442398655,176.74815387909663,60.0,2400.0,0.0,0.0,0.0,10.21008449990768,0.0,0.0,176.74815387909663,2400.0,50.995388505764446,780.5855999408484,,,,False,False,not_attempted,0,0,0,0,0,0,0.0,144.5351810432022,1996.0,False,,,False,2,0
nn,static_live,40,2400.0,40.0,8,recovering,recovering,26 31 44 48,4546,1.639344262295082,0.61,0.4,32.828391387310525,18.666666666666668,4,1,3,0.21060362412532171,0.21060362412532171,176.95875750322196,60.0,2460.0,0.0,0.0,0.0,10.21008449990768,0.0,0.0,176.95875750322196,2460.0,50.23772815855466,656.9642035861784,,,,False,False,not_attempted,0,0,0,0,1,0,0.0,144.4179107524102,1996.0,False,,,False,2,0
nn,static_live,41,2460.0,41.0,8,recovering,recovering,26 31 44 48,4546,1.572327044025157,0.636,0.44,33.02266092642118,18.683333333333334,3,1,2,4.357951874907822,4.357951874907822,181.3167093781298,60.0,2520.0,0.0,0.0,0.0,10.21008449990768,0.0,0.0,181.3167093781298,2520.0,49.668851679590645,653.6388962416388,,,,False,False,not_attempted,0,0,0,0,28,27,0.9642857142857143,142.8785586138706,1996.0,False,,,False,2,0
nn,static_live,42,2520.0,42.0,8,recovering,recovering,26 31 44 48,4546,1.5105740181268883,0.6619999999999999,0.48,33.20371723415564,18.7,2,0,2,1.1415482369180732,1.1415482369180732,182.45825761504787,60.0,2580.0,0.0,0.0,0.0,10.21008449990768,0.0,0.0,182.45825761504787,2580.0,44.987053933046546,597.4322207172172,,,,False,False,not_attempted,0,0,0,0,14,1,0.07142857142857142,142.11102472348335,1996.0,False,,,False,2,0
nn,static_live,43,2580.0,43.0,8,recovering,recovering,26 31 44 48,4546,1.4534883720930234,0.688,0.52,33.37286402038111,18.716666666666665,2,0,2,0.18666666666666665,0.18666666666666665,182.64492428171454,60.0,2640.0,0.0,0.0,0.0,10.21008449990768,0.0,0.0,182.64492428171454,2640.0,43.728761341291936,554.7066687403499,,,,False,False,not_attempted,0,0,0,0,0,0,0.0,142.01769139015002,1996.0,False,,,False,0,0
nn,static_live,44,2640.0,44.0,8,recovering,recovering,26 31 44 48,4546,1.400560224089636,0.714,0.56,33.531238945320474,18.733333333333334,2,2,0,43.68167489388362,21.84083744694181,226.32659917559818,602.5903649014438,3242.5903649014435,0.0,0.0,0.0,10.21008449990768,0.0,0.0,226.32659917559818,3242.5903649014435,43.670018721124805,554.7066687403499,,,,False,False,not_attempted,0,0,0,0,545,5,0.009174311926605505,136.4935719969792,1996.0,True,,,False,0,0
nn,static_frozen,0,0.0,0.0,0,normal,initial,26 31 44 48,0,1.0,1.0,0.0,34.78037077224997,18.0,84,0,84,16.660400703942315,16.660400703942315,16.660400703942315,60.0,60.0,9.957765099941753,0.252319399965927,10.21008449990768,10.21008449990768,0.0,0.0,16.660400703942315,60.0,162.58793156149096,2761.487785832027,,,,False,False,initial_plan,0,0,0,0,97,0,0.0,177.83388229329896,0.0,False,,,True,10,10
nn,static_frozen,1,60.0,1.0,0,normal,normal,26 31 44 48,0,1.0,1.0,0.0,34.78037077224997,18.016666666666666,84,0,84,2.671835477730445,2.671835477730445,19.332236181672762,60.0,120.0,0.0,0.0,0.0,10.21008449990768,0.0,0.0,19.332236181672762,120.0,144.89809698360446,2603.2770542730404,,,,False,False,not_attempted,0,0,0,0,24,0,0.0,177.65141542411558,0.0,False,,,False,9,10
nn,static_frozen,2,120.0,2.0,0,normal,normal,26 31 44 48,0,1.0,1.0,0.0,34.78037077224997,18.033333333333335,84,6,78,2.2336491502253266,0.37227485837088775,21.565885331898087,60.0,180.0,0.0,0.0,0.0,10.21008449990768,0.0,0.0,21.565885331898087,180.0,142.35879798598543,2603.2770542730404,,,,False,False,not_attempted,0,0,0,0,25,0,0.0,177.33697396192156,239.0,False,,,False,9,4
nn,static_frozen,3,180.0,3.0,0,normal,normal,26 31 44 48,0,1.0,1.0,0.0,34.78037077224997,18.05,78,4,74,4.632857667324735,1.1582144168311836,26.198742999222823,60.0,240.0,0.0,0.0,0.0,10.21008449990768,0.0,0.0,26.198742999222823,240.0,140.51455427701427,2575.2504365841983,,,,False,False,not_attempted,0,0,0,0,75,0,0.0,176.58965573332028,239.0,False,,,False,9,0
nn,static_frozen,4,240.0,4.0,0,normal,normal,26 31 44 48,0,1.0,1.0,0.0,34.78037077224997,18.066666666666666,74,0,74,2.1890984112485845,2.1890984112485845,28.387841410471406,60.0,300.0,0.0,0.0,0.0,10.21008449990768,0.0,0.0,28.387841410471406,300.0,135.7776609100203,2453.4542174026838,,,,False,False,not_attempted,0,0,0,0,38,0,0.0,176.38162922177597,239.0,False,,,False,9,0
nn,static_frozen,5,300.0,5.0,1,normal,normal,26 31 44 48,0,1.0,1.0,0.0,34.78037077224997,18.083333333333332,74,3,71,4.763597379502395,1.587865793167465,33.1514387899738,60.0,360.0,0.0,0.0,0.0,10.21008449990768,0.0,0.0,33.1514387899738,360.0,133.8378687044175,2453.4542174026838,,,,False,False,not_attempted,0,0,0,0,105,0,0.0,175.72436508422112,402.0,False,,,False,9,0
nn,static_frozen,6,360.0,6.0,1,normal,normal,26 31 44 48,0,1.0,1.0,0.0,34.78037077224997,18.1,71,2,69,4.5988841917568095,2.2994420958784048,37.75032298173061,60.0,420.0,0.0,0.0,0.0,10.21008449990768,0.0,0.0,37.75032298173061,420.0,128.65555322310212,2295.479016670314,,,,False,False,not_attempted,0,0,0,0,68,0,0.0,173.98774183949396,422.0,False,,,False,9,0
nn,static_frozen,7,420.0,7.0,1,normal,normal,26 31 44 48,0,1.0,1.0,0.0,34.78037077224997,18.116666666666667,69,3,66,4.0596296318654135,1.353209877288471,41.809952613596025,60.0,480.0,0.0,0.0,0.0,10.21008449990768,0.0,0.0,41.809952613596025,480.0,123.9692432558826,2295.479016670314,,,,False,False,not_attempted,0,0,0,0,59,0,0.0,172.73804103501027,477.0,False,,,False,8,0
nn,static_frozen,8,480.0,8.0,1,normal,normal,26 31 44 48,0,1.0,1.0,0.0,34.78037077224997,18.133333333333333,66,3,63,2.9617497333409846,0.9872499111136616,44.77170234693701,60.0,540.0,0.0,0.0,0.0,10.21008449990768,0.0,0.0,44.77170234693701,540.0,120.21492095922403,2165.047520150499,,,,False,False,not_attempted,0,0,0,0,53,0,0.0,172.64470770167694,647.0,False,,,False,8,0
nn,static_frozen,9,540.0,9.0,1,normal,normal,26 31 44 48,0,1.0,1.0,0.0,34.78037077224997,18.15,63,2,61,1.360887868666041,0.6804439343330205,46.13259021560305,60.0,600.0,0.0,0.0,0.0,10.21008449990768,0.0,0.0,46.13259021560305,600.0,117.0907644351915,2165.047520150499,,,,False,False,not_attempted,0,0,0,0,35,0,0.0,172.53888579406538,647.0,False,,,False,8,0
nn,static_frozen,10,600.0,10.0,2,degrading,degrading,26 31 44 48,0,1.0,1.0,0.0,34.78037077224997,18.166666666666668,61,4,57,3.3611376239174127,0.8402844059793532,49.49372783952047,60.0,660.0,0.0,0.0,0.0,10.21008449990768,0.0,0.0,49.49372783952047,660.0,115.72549646918236,2159.671519313145,,,,False,False,not_attempted,0,0,0,0,46,0,0.0,172.28418379893967,647.0,False,,,False,8,0
nn,static_frozen,11,660.0,11.0,2,degrading,degrading,26 31 44 48,4546,1.06951871657754,0.935,0.0,34.55694772339093,18.183333333333334,57,1,56,5.4236794438777745,5.4236794438777745,54.91740728339824,60.0,720.0,0.0,0.0,0.0,10.21008449990768,0.0,0.0,54.91740728339824,720.0,118.98310341714952,2095.041068711737,,,,False,False,not_attempted,0,0,0,0,51,13,0.2549019607843137,170.6107783742012,659.0,False,,,False,8,0
nn,static_frozen,12,720.0,12.0,2,degrading,degrading,26 31 44 48,4546,1.1494252873563218,0.87,0.0,34.30365951795914,18.2,56,2,54,2.018081123143918,1.009040561571959,56.935488406542156,60.0,780.0,0.0,0.0,0.0,10.21008449990768,0.0,0.0,56.935488406542156,780.0,119.41380001014277,1953.3219952809986,,,,False,False,not_attempted,0,0,0,0,36,12,0.3333333333333333,170.20338483629783,743.0,False,,,False,8,0
nn,static_frozen,13,780.0,13.0,2,degrading,degrading,26 31 44 48,4546,1.2422360248447206,0.8049999999999999,0.0,34.014089117506785,18.216666666666665,54,2,52,4.366765740625711,2.1833828703128555,61.302254147167865,60.0,840.0,0.0,0.0,0.0,10.21008449990768,0.0,0.0,61.302254147167865,840.0,122.95972554920215,1953.3219952809986,,,,False,False,not_attempted,0,0,0,0,47,28,0.5957446808510638,170.1100515029645,843.0,False,,,False,8,0
nn,static_frozen,14,840.0,14.0,2,degrading,degrading,26 31 44 48,4546,1.3513513513513513,0.74,0.0,33.679839240303636,18.233333333333334,52,3,49,6.189300534503574,2.063100178167858,67.49155468167145,60.0,900.0,0.0,0.0,0.0,10.21008449990768,0.0,0.0,67.49155468167145,900.0,124.0851169599662,1921.3909848062694,,,,False,False,not_attempted,0,0,0,0,46,11,0.2391304347826087,167.71471727564924,843.0,False,,,False,8,0
nn,static_frozen,15,900.0,15.0,3,degrading,degrading,26 31 44 48,4546,1.4814814814814814,0.675,0.0,33.2897046472472,18.25,49,1,48,3.4773772266584624,3.4773772266584624,70.9689319083299,60.0,960.0,0.0,0.0,0.0,10.21008449990768,0.0,0.0,70.9689319083299,960.0,122.77890971925883,1928.7493909823943,,,,False,False,not_attempted,0,0,0,0,35,0,0.0,166.20343873996322,853.0,False,,,False,8,0
nn,static_frozen,16,960.0,16.0,3,degrading,degrading,26 31 44 48,4546,1.639344262295082,0.61,0.0,32.828391387310525,18.266666666666666,48,5,43,6.52173528398173,1.304347056796346,77.49066719231163,60.0,1020.0,0.0,0.0,0.0,10.21008449990768,0.0,0.0,77.49066719231163,1020.0,125.73110699606111,1965.3403629008683,,,,False,False,not_attempted,0,0,0,0,89,13,0.14606741573033707,164.72423250848738,1087.0,False,,,False,8,0
nn,static_frozen,17,1020.0,17.0,3,degrading,degrading,26 31 44 48,4546,1.8348623853211008,0.545,0.0,32.27446466839824,18.283333333333335,43,0,43,2.9387175952007567,2.9387175952007567,80.42938478751239,60.0,1080.0,0.0,0.0,0.0,10.21008449990768,0.0,0.0,80.42938478751239,1080.0,128.13102762692372,2004.099461375089,,,,False,False,not_attempted,0,0,0,0,29,9,0.3103448275862069,164.47158796189908,1087.0,False,,,False,8,0
nn,static_frozen,18,1080.0,18.0,3,degrading,degrading,26 31 44 48,4546,2.0833333333333335,0.48,0.0,31.596922859858367,18.3,43,2,41,2.9404995263772657,1.4702497631886329,83.36988431388966,60.0,1140.0,0.0,0.0,0.0,10.21008449990768,0.0,0.0,83.36988431388966,1140.0,136.6534822963258,1953.0488249436569,,,,False,False,not_attempted,0,0,0,0,16,9,0.5625,164.37825462856574,1087.0,False,,,False,8,0
nn,static_frozen,19,1140.0,19.0,3,degrading,degrading,26 31 44 48,4546,2.409638554216868,0.4149999999999999,0.0,30.749189772869467,18.316666666666666,41,4,37,7.9875247413015185,1.9968811853253796,91.35740905519117,60.0,1200.0,0.0,0.0,0.0,10.21008449990768,0.0,0.0,91.35740905519117,1200.0,146.75180626795725,2047.9215908374647,,,,False,False,not_attempted,0,0,0,0,47,19,0.40425531914893614,164.2614882390681,1087.0,False,,,False,8,0
nn,static_frozen,20,1200.0,20.0,4,disrupted,holding,26 31 44 48,4546,2.857142857142857,0.35,0.0,29.657929450275514,18.333333333333332,37,1,36,7.881485641065216,7.881485641065216,99.23889469625638,60.0,1260.0,0.0,0.0,0.0,10.21008449990768,0.0,0.0,99.23889469625638,1260.0,156.49491440663883,2041.9139067956603,,,,False,False,not_attempted,0,0,0,0,27,15,0.5555555555555556,164.16815490573475,1270.0,False,,,False,7,0
nn,static_frozen,21,1260.0,21.0,4,disrupted,disrupted,26 31 44 48,4546,2.857142857142857,0.35,0.0,29.657929450275514,18.35,36,3,33,4.872000314516372,1.6240001048387906,104.11089501077275,60.0,1320.0,0.0,0.0,0.0,10.21008449990768,0.0,0.0,104.11089501077275,1320.0,148.56964981784216,1982.3652052492348,,,,False,False,not_attempted,0,0,0,0,17,9,0.5294117647058824,164.1089189552412,1308.0,False,,,False,7,0
nn,static_frozen,22,1320.0,22.0,4,disrupted,disrupted,26 31 44 48,4546,2.857142857142857,0.35,0.0,29.657929450275514,18.366666666666667,33,3,30,8.119815538446996,2.7066051794823323,112.23071054921975,60.0,1380.0,0.0,0.0,0.0,10.21008449990768,0.0,0.0,112.23071054921975,1380.0,145.12979875796205,1850.1650246190106,,,,False,False,not_attempted,0,0,0,0,69,11,0.15942028985507245,162.1419459882146,1351.0,False,,,False,7,0
nn,static_frozen,23,1380.0,23.0,4,disrupted,disrupted,26 31 44 48,4546,2.857142857142857,0.35,0.0,29.657929450275514,18.383333333333333,30,1,29,14.341845303490182,14.341845303490182,126.57255585270994,60.0,1440.0,0.0,0.0,0.0,10.21008449990768,0.0,0.0,126.57255585270994,1440.0,140.01583361422794,1850.1650246190106,,,,False,False,not_attempted,0,0,0,0,43,25,0.5813953488372093,158.25667454086556,1351.0,False,,,False,7,0
nn,static_frozen,24,1440.0,24.0,4,disrupted,disrupted,26 31 44 48,4546,2.857142857142857,0.35,0.0,29.657929450275514,18.4,29,1,28,6.088362571494773,6.088362571494773,132.6609184242047,60.0,1500.0,0.0,0.0,0.0,10.21008449990768,0.0,0.0,132.6609184242047,1500.0,128.14443642147248,1790.6978257620053,,,,False,False,not_attempted,0,0,0,0,15,12,0.8,156.21416150566714,1456.0,False,,,False,7,0
nn,static_frozen,25,1500.0,25.0,5,disrupted,disrupted,26 31 44 48,4546,2.857142857142857,0.35,0.0,29.657929450275514,18.416666666666668,28,3,25,5.372914380478008,1.790971460159336,138.03383280468273,60.0,1560.0,0.0,0.0,0.0,10.21008449990768,0.0,0.0,138.03383280468273,1560.0,122.66151613154835,1670.6978257620053,,,,False,False,not_attempted,0,0,0,0,23,1,0.043478260869565216,154.74422720735132,1567.0,False,,,False,7,0
nn,static_frozen,26,1560.0,26.0,5,disrupted,disrupted,26 31 44 48,4546,2.857142857142857,0.35,0.0,29.657929450275514,18.433333333333334,25,2,23,13.231271892008262,6.615635946004131,151.265104696691,60.0,1620.0,0.0,0.0,0.0,10.21008449990768,0.0,0.0,151.265104696691,1620.0,117.86730666025048,1670.6978257620053,,,,False,False,not_attempted,0,0,0,0,42,23,0.5476190476190477,151.60922065087496,1567.0,False,,,False,7,0
nn,static_frozen,27,1620.0,27.0,5,disrupted,disrupted,26 31 44 48,4546,2.857142857142857,0.35,0.0,29.657929450275514,18.45,23,2,21,7.126887530992643,3.5634437654963214,158.39199222768363,60.0,1680.0,0.0,0.0,0.0,10.21008449990768,0.0,0.0,158.39199222768363,1680.0,107.48933315534609,1499.1214014056923,,,,False,False,not_attempted,0,0,0,0,22,10,0.45454545454545453,147.97376400382393,1567.0,False,,,False,6,0
nn,static_frozen,28,1680.0,28.0,5,disrupted,disrupted,26 31 44 48,4546,2.857142857142857,0.35,0.0,29.657929450275514,18.466666666666665,21,4,17,8.266514919646584,2.066628729911646,166.65850714733023,60.0,1740.0,0.0,0.0,0.0,10.21008449990768,0.0,0.0,166.65850714733023,1740.0,101.443571370509,1499.1214014056923,,,,False,False,not_attempted,0,0,0,0,25,15,0.6,146.20725567676823,1655.0,False,,,False,6,0
nn,static_frozen,29,1740.0,29.0,5,disrupted,disrupted,26 31 44 48,4546,2.857142857142857,0.35,0.0,29.657929450275514,18.483333333333334,17,0,17,10.738659484404636,10.738659484404636,177.39716663173488,60.0,1800.0,0.0,0.0,0.0,10.21008449990768,0.0,0.0,177.39716663173488,1800.0,94.53510760754524,1479.4407241752283,,,,False,False,not_attempted,0,0,0,0,27,23,0.8518518518518519,146.1139223434349,1655.0,False,,,False,6,0
nn,static_frozen,30,1800.0,30.0,6,recovering,recovering,26 31 44 48,4546,2.857142857142857,0.35,0.0,29.657929450275514,18.5,17,3,14,7.568210055142901,2.5227366850476334,184.9653766868778,60.0,1860.0,0.0,0.0,0.0,10.21008449990768,0.0,0.0,184.9653766868778,1860.0,89.69234759805178,1386.4186033500603,,,,False,False,not_attempted,0,0,0,0,33,12,0.36363636363636365,144.81864100833928,1724.0,False,,,False,5,0
nn,static_frozen,31,1860.0,31.0,6,recovering,recovering,26 31 44 48,4546,2.6595744680851063,0.376,0.04,30.13000790142106,18.516666666666666,14,1,13,1.706994658903052,1.706994658903052,186.67237134578085,60.0,1920.0,0.0,0.0,0.0,10.21008449990768,0.0,0.0,186.67237134578085,1920.0,79.99832280189418,1142.8644939576575,,,,False,False,not_attempted,0,0,0,0,4,1,0.25,144.11823987944948,1724.0,False,,,False,5,0
nn,static_frozen,32,1920.0,32.0,6,recovering,recovering,26 31 44 48,4546,2.4875621890547266,0.40199999999999997,0.08,30.553431771897753,18.533333333333335,13,2,11,0.9610904169967152,0.4805452084983576,187.63346176277756,60.0,1980.0,0.0,0.0,0.0,10.21008449990768,0.0,0.0,187.63346176277756,1980.0,76.37170201397103,1121.6774240131954,,,,False,False,not_attempted,0,0,0,0,3,0,0.0,144.02490654611614,1807.0,False,,,False,5,0
nn,static_frozen,33,1980.0,33.0,6,recovering,recovering,26 31 44 48,4546,2.336448598130841,0.428,0.12,30.93535428745094,18.55,11,2,9,8.481171251759717,4.240585625879858,196.11463301453728,60.0,2040.0,0.0,0.0,0.0,10.21008449990768,0.0,0.0,196.11463301453728,2040.0,73.822354156523,1087.2919040540837,,,,False,False,not_attempted,0,0,0,0,36,27,0.75,138.25871213525429,1814.0,False,,,False,5,0
nn,static_frozen,34,2040.0,34.0,6,recovering,recovering,26 31 44 48,4546,2.2026431718061676,0.45399999999999996,0.16,31.281591953557413,18.566666666666666,9,0,9,7.893227006214721,7.893227006214721,204.007860020752,60.0,2100.0,0.0,0.0,0.0,10.21008449990768,0.0,0.0,204.007860020752,2100.0,70.40341707403431,991.479175200986,,,,False,False,not_attempted,0,0,0,0,46,21,0.45652173913043476,134.68932262544962,1814.0,False,,,False,4,0
nn,static_frozen,35,2100.0,35.0,7,recovering,recovering,26 31 44 48,4546,2.0833333333333335,0.48,0.2,31.596922859858367,18.583333333333332,9,2,7,4.5164658906100295,2.2582329453050147,208.524325911362,60.0,2160.0,0.0,0.0,0.0,10.21008449990768,0.0,0.0,208.524325911362,2160.0,62.678074147428816,911.8377295378885,,,,False,False,not_attempted,0,0,0,0,33,8,0.24242424242424243,132.03227869071847,1938.0,False,,,False,4,0
nn,static_frozen,36,2160.0,36.0,7,recovering,recovering,26 31 44 48,4546,1.976284584980237,0.506,0.24,31.885308513607917,18.6,7,1,6,4.295356729025643,4.295356729025643,212.81968264038767,60.0,2220.0,0.0,0.0,0.0,10.21008449990768,0.0,0.0,212.81968264038767,2220.0,57.28833763626264,840.04706227542,,,,False,False,not_attempted,0,0,0,0,15,2,0.13333333333333333,131.88782582693258,1938.0,False,,,False,3,0
nn,static_frozen,37,2220.0,37.0,7,recovering,recovering,26 31 44 48,4546,1.8796992481203008,0.532,0.28,32.150061135766876,18.616666666666667,6,1,5,0.7254403150437627,0.7254403150437627,213.54512295543142,60.0,2280.0,0.0,0.0,0.0,10.21008449990768,0.0,0.0,213.54512295543142,2280.0,52.28440324682554,712.9886979952554,,,,False,False,not_attempted,0,0,0,0,1,0,0.0,131.79449249359925,1996.0,False,,,False,2,0
nn,static_frozen,38,2280.0,38.0,7,recovering,recovering,26 31 44 48,4546,1.7921146953405016,0.558,0.32,32.393971446583905,18.633333333333333,5,2,3,2.7742138390637665,1.3871069195318833,216.3193367944952,60.0,2340.0,0.0,0.0,0.0,10.21008449990768,0.0,0.0,216.3193367944952,2340.0,51.373788959280155,706.5881024293715,,,,False,False,not_attempted,0,0,0,0,12,12,1.0,129.20364975895856,1996.0,False,,,False,2,0
nn,static_frozen,39,2340.0,39.0,7,recovering,recovering,26 31 44 48,4546,1.7123287671232879,0.584,0.36,32.61940741483223,18.65,3,1,2,2.389166259994769,2.389166259994769,218.70850305448997,60.0,2400.0,0.0,0.0,0.0,10.21008449990768,0.0,0.0,218.70850305448997,2400.0,48.52527408476968,615.124775597419,,,,False,False,not_attempted,0,0,0,0,13,11,0.8461538461538461,127.62404794504425,1996.0,False,,,False,2,0
nn,static_frozen,40,2400.0,40.0,8,recovering,recovering,26 31 44 48,4546,1.639344262295082,0.61,0.4,32.828391387310525,18.666666666666668,2,0,2,1.521196475092367,1.521196475092367,220.22969952958232,60.0,2460.0,0.0,0.0,0.0,10.21008449990768,0.0,0.0,220.22969952958232,2460.0,45.751918729182364,554.7066687403499,,,,False,False,not_attempted,0,0,0,0,15,6,0.4,127.53071461171092,1996.0,False,,,False,1,0
nn,static_frozen,41,2460.0,41.0,8,recovering,recovering,26 31 44 48,4546,1.572327044025157,0.636,0.44,33.02266092642118,18.683333333333334,2,1,1,0.4414463787150752,0.4414463787150752,220.6711459082974,60.0,2520.0,0.0,0.0,0.0,10.21008449990768,0.0,0.0,220.6711459082974,2520.0,44.3619173896126,554.7066687403499,,,,False,False,not_attempted,0,0,0,0,4,0,0.0,127.50316301261876,1996.0,False,,,False,1,0
nn,static_frozen,42,2520.0,42.0,8,recovering,recovering,26 31 44 48,4546,1.5105740181268883,0.6619999999999999,0.48,33.20371723415564,18.7,1,0,1,0.09333333333333332,0.09333333333333332,220.76447924163074,60.0,2580.0,0.0,0.0,0.0,10.21008449990768,0.0,0.0,220.76447924163074,2580.0,43.79222634445225,554.7066687403499,,,,False,False,not_attempted,0,0,0,0,0,0,0.0,127.50316301261876,1996.0,False,,,False,0,0
nn,static_frozen,43,2580.0,43.0,8,recovering,recovering,26 31 44 48,4546,1.4534883720930234,0.688,0.52,33.37286402038111,18.716666666666665,1,1,0,50.51414319736037,50.51414319736037,271.2786224389911,537.5685222605597,3117.56852226056,0.0,0.0,0.0,10.21008449990768,0.0,0.0,271.2786224389911,3117.56852226056,43.728761341291936,554.7066687403499,,,,False,False,not_attempted,0,0,0,0,632,160,0.25316455696202533,118.66083880706691,1996.0,True,,,False,0,0
aco,adaptive,0,0.0,0.0,0,normal,initial,26 31 44 48,0,1.0,1.0,0.0,34.78037077224997,18.0,84,0,84,18.680839634308782,18.680839634308782,18.680839634308782,60.0,60.0,9.003784299944527,22.83633279998321,31.84011709992774,31.84011709992774,0.0,0.0,18.680839634308782,60.0,129.8572811733068,2948.952446263193,,,,False,False,initial_plan,0,0,0,0,130,0,0.0,177.2717760608753,0.0,False,,,True,10,10
aco,adaptive,1,60.0,1.0,0,normal,normal,26 31 44 48,0,1.0,1.0,0.0,34.78037077224997,18.016666666666666,84,0,84,4.7680615934003905,4.7680615934003905,23.44890122770917,60.0,120.0,0.0,0.0,0.0,31.84011709992774,0.0,0.0,23.44890122770917,120.0,110.44402959570512,2884.5846107093394,,,,False,False,not_attempted,0,0,0,0,76,0,0.0,176.09020652430007,0.0,False,,,False,10,10
aco,adaptive,2,120.0,2.0,0,normal,normal,26 31 44 48,0,1.0,1.0,0.0,34.78037077224997,18.033333333333335,84,3,81,5.306297452810553,1.7687658176035177,28.755198680519726,60.0,180.0,0.0,0.0,0.0,31.84011709992774,0.0,0.0,28.755198680519726,180.0,105.15915328473176,2752.5964808827875,,,,False,False,not_attempted,0,0,0,0,66,0,0.0,174.7596401655785,215.0,False,,,False,9,7
aco,adaptive,3,180.0,3.0,0,normal,normal,26 31 44 48,0,1.0,1.0,0.0,34.78037077224997,18.05,81,3,78,4.660065898009958,1.5533552993366528,33.41526457852969,60.0,240.0,0.0,0.0,0.0,31.84011709992774,0.0,0.0,33.41526457852969,240.0,100.06592291517671,2752.5964808827875,,,,False,False,not_attempted,0,0,0,0,63,0,0.0,174.60001662259305,215.0,False,,,False,9,4
aco,adaptive,4,240.0,4.0,0,normal,normal,26 31 44 48,0,1.0,1.0,0.0,34.78037077224997,18.066666666666666,78,1,77,3.024516702171434,3.024516702171434,36.43978128070112,60.0,300.0,0.0,0.0,0.0,31.84011709992774,0.0,0.0,36.43978128070112,300.0,95.6512867909427,2700.7402108848582,,,,False,False,not_attempted,0,0,0,0,41,0,0.0,174.23595111138894,241.0,False,,,False,9,4
aco,adaptive,5,300.0,5.0,1,normal,normal,26 31 44 48,0,1.0,1.0,0.0,34.78037077224997,18.083333333333332,77,4,73,2.8679341198432,0.7169835299608,39.30771540054432,60.0,360.0,10.693809099961072,215.27999310009181,225.9738022000529,257.8139192999806,0.0,0.0,39.30771540054432,360.0,92.80451466956619,2531.148694412799,92.80451466956619,97.76350319187286,-4.958988522306669,True,False,incumbent_not_worse,6,28,0,0,31,0,0.0,174.1426177780556,402.0,False,,,True,9,2
aco,adaptive,6,360.0,6.0,1,normal,normal,26 31 44 48,0,1.0,1.0,0.0,34.78037077224997,18.1,73,3,70,3.5198933529509064,1.1732977843169687,42.82760875349523,60.0,420.0,0.0,0.0,0.0,257.8139192999806,0.0,0.0,42.82760875349523,420.0,89.49872562010101,2531.148694412799,,,,False,False,not_attempted,0,0,0,0,44,0,0.0,173.80269504982573,422.0,False,,,False,9,1
aco,adaptive,7,420.0,7.0,1,normal,normal,26 31 44 48,0,1.0,1.0,0.0,34.78037077224997,18.116666666666667,70,3,67,4.091652081357425,1.3638840271191415,46.91926083485265,60.0,480.0,0.0,0.0,0.0,257.8139192999806,0.0,0.0,46.91926083485265,480.0,86.23763270067052,2527.8765656637133,,,,False,False,not_attempted,0,0,0,0,30,0,0.0,171.7315048732715,641.0,False,,,False,9,1
aco,adaptive,8,480.0,8.0,1,normal,normal,26 31 44 48,0,1.0,1.0,0.0,34.78037077224997,18.133333333333333,67,4,63,1.9465284663171223,0.48663211657928057,48.86578930116977,60.0,540.0,0.0,0.0,0.0,257.8139192999806,0.0,0.0,48.86578930116977,540.0,82.12902723057795,2353.8339100285225,,,,False,False,not_attempted,0,0,0,0,27,0,0.0,171.63817153993816,647.0,False,,,False,9,0
aco,adaptive,9,540.0,9.0,1,normal,normal,26 31 44 48,0,1.0,1.0,0.0,34.78037077224997,18.15,63,4,59,3.8465037675471145,0.9616259418867786,52.71229306871688,60.0,600.0,0.0,0.0,0.0,257.8139192999806,0.0,0.0,52.71229306871688,600.0,80.2902564326039,2353.8339100285225,,,,False,False,not_attempted,0,0,0,0,34,0,0.0,171.54640459197284,647.0,False,,,False,9,0
aco,adaptive,10,600.0,10.0,2,degrading,degrading,26 31 44 48,0,1.0,1.0,0.0,34.78037077224997,18.166666666666668,59,2,57,2.2406318836965116,1.1203159418482558,54.95292495241339,60.0,660.0,5.689996760338545e-05,128.8129695999669,128.8130264999345,386.6269457999151,0.0,0.0,54.95292495241339,660.0,76.26459852359919,2334.9570515159016,76.26459852359919,84.2003470171799,-7.935748493580704,True,False,incumbent_not_worse,7,16,0,0,28,0,0.0,171.29011539682318,871.0,False,,,True,9,0
aco,adaptive,11,660.0,11.0,2,degrading,degrading,26 31 44 48,4546,1.06951871657754,0.935,0.0,34.55694772339093,18.183333333333334,57,3,54,1.8420770413683605,0.6140256804561202,56.79500199378175,60.0,720.0,0.0,0.0,0.0,386.6269457999151,0.0,0.0,56.79500199378175,720.0,78.57426315920532,2209.933988883063,,,,False,False,not_attempted,0,0,0,0,24,6,0.25,171.19678206348985,871.0,False,,,False,7,0
aco,adaptive,12,720.0,12.0,2,degrading,degrading,26 31 44 48,4546,1.1494252873563218,0.87,0.0,34.30365951795914,18.2,54,4,50,2.2844602393644373,0.5711150598411093,59.07946223314619,60.0,780.0,0.0,0.0,0.0,386.6269457999151,0.0,0.0,59.07946223314619,780.0,81.38564168536122,2230.416138228375,,,,False,False,not_attempted,0,0,0,0,28,0,0.0,170.7053520396286,1037.0,False,,,False,7,0
aco,adaptive,13,780.0,13.0,2,degrading,degrading,26 31 44 48,4546,1.2422360248447206,0.8049999999999999,0.0,34.014089117506785,18.216666666666665,50,3,47,2.0113986619434994,0.6704662206478331,61.09086089508969,60.0,840.0,0.0,0.0,0.0,386.6269457999151,0.0,0.0,61.09086089508969,840.0,84.05216221129636,2208.473440045296,,,,False,False,not_attempted,0,0,0,0,21,9,0.42857142857142855,170.01502271405593,1037.0,False,,,False,7,0
aco,adaptive,14,840.0,14.0,2,degrading,degrading,26 31 44 48,4546,1.3513513513513513,0.74,0.0,33.679839240303636,18.233333333333334,47,2,45,1.7488120855788787,0.8744060427894393,62.83967298066857,60.0,900.0,0.0,0.0,0.0,386.6269457999151,0.0,0.0,62.83967298066857,900.0,87.08653762077196,2351.474663054306,,,,False,False,not_attempted,0,0,0,0,13,1,0.07692307692307693,169.912246448997,1037.0,False,,,False,7,0
aco,adaptive,15,900.0,15.0,3,degrading,degrading,26 31 44 48,4546,1.4814814814814814,0.675,0.0,33.2897046472472,18.25,45,3,42,2.6835769346285185,0.8945256448761728,65.52324991529709,60.0,960.0,10.712897500023246,100.54928440006915,111.2621819000924,497.8891277000075,0.0,0.0,65.52324991529709,960.0,90.07108749409359,2193.5028983032485,90.63720168366432,90.07108749409359,0.566114189570726,True,True,lower_residual_energy,3,15,3,15,25,5,0.2,169.80947018393806,1142.0,False,,,True,7,0
aco,adaptive,16,960.0,16.0,3,degrading,degrading,26 31 44 48,4546,1.639344262295082,0.61,0.0,32.828391387310525,18.266666666666666,42,2,40,4.411497510260967,2.2057487551304833,69.93474742555806,60.0,1020.0,0.0,0.0,0.0,497.8891277000075,0.0,0.0,69.93474742555806,1020.0,93.54256912024404,2157.9905066489746,,,,False,False,not_attempted,0,0,0,0,43,11,0.2558139534883721,169.77380980944514,1142.0,False,,,False,7,0
aco,adaptive,17,1020.0,17.0,3,degrading,degrading,26 31 44 48,4546,1.8348623853211008,0.545,0.0,32.27446466839824,18.283333333333335,40,2,38,4.66298235509812,2.33149117754906,74.59772978065618,60.0,1080.0,0.0,0.0,0.0,497.8891277000075,0.0,0.0,74.59772978065618,1080.0,96.94807180800794,2130.6114710329266,,,,False,False,not_attempted,0,0,0,0,59,0,0.0,169.77380980944514,1142.0,False,,,False,7,0
aco,adaptive,18,1080.0,18.0,3,degrading,degrading,26 31 44 48,4546,2.0833333333333335,0.48,0.0,31.596922859858367,18.3,38,1,37,4.240352298308464,4.240352298308464,78.83808207896465,60.0,1140.0,0.0,0.0,0.0,497.8891277000075,0.0,0.0,78.83808207896465,1140.0,100.99637886764133,2168.5673173946348,,,,False,False,not_attempted,0,0,0,0,23,5,0.21739130434782608,169.51826736799322,1391.0,False,,,False,6,0
aco,adaptive,19,1140.0,19.0,3,degrading,degrading,26 31 44 48,4546,2.409638554216868,0.4149999999999999,0.0,30.749189772869467,18.316666666666666,37,3,34,2.5015476213353325,0.8338492071117775,81.33962970029998,60.0,1200.0,0.0,0.0,0.0,497.8891277000075,0.0,0.0,81.33962970029998,1200.0,108.05814858223992,2165.966428643859,,,,False,False,not_attempted,0,0,0,0,31,1,0.03225806451612903,169.42493403465988,1391.0,False,,,False,6,0
aco,adaptive,20,1200.0,20.0,4,disrupted,holding,26 31 44 48,4546,2.857142857142857,0.35,0.0,29.657929450275514,18.333333333333332,34,2,32,3.735415409106579,1.8677077045532895,85.07504510940656,60.0,1260.0,10.810706199961714,81.84181429992896,92.65252049989067,590.5416481998982,0.0,0.0,85.07504510940656,1260.0,120.27765099911211,2393.8107566160757,120.27765099911211,121.48133637460268,-1.203685375490565,True,False,incumbent_not_worse,6,24,0,0,23,1,0.043478260869565216,168.85975222937142,1391.0,False,,,True,5,0
aco,adaptive,21,1260.0,21.0,4,disrupted,disrupted,26 31 44 48,4546,2.857142857142857,0.35,0.0,29.657929450275514,18.35,32,1,31,3.358587162740817,3.358587162740817,88.43363227214738,60.0,1320.0,0.0,0.0,0.0,590.5416481998982,0.0,0.0,88.43363227214738,1320.0,116.32193068322559,2393.8107566160757,,,,False,False,not_attempted,0,0,0,0,12,5,0.4166666666666667,167.01466404636352,1530.0,False,,,False,5,0
aco,adaptive,22,1320.0,22.0,4,disrupted,disrupted,26 31 44 48,4546,2.857142857142857,0.35,0.0,29.657929450275514,18.366666666666667,31,1,30,1.328652124264128,1.328652124264128,89.7622843964115,60.0,1380.0,0.0,0.0,0.0,590.5416481998982,0.0,0.0,89.7622843964115,1380.0,113.2344355743725,2356.737785422179,,,,False,False,not_attempted,0,0,0,0,12,0,0.0,166.9213307130302,1530.0,False,,,False,5,0
aco,adaptive,23,1380.0,23.0,4,disrupted,disrupted,26 31 44 48,4546,2.857142857142857,0.35,0.0,29.657929450275514,18.383333333333333,30,2,28,2.7668361080329626,1.3834180540164813,92.52912050444446,60.0,1440.0,0.0,0.0,0.0,590.5416481998982,0.0,0.0,92.52912050444446,1440.0,111.57754168281241,2287.303963982953,,,,False,False,not_attempted,0,0,0,0,9,2,0.2222222222222222,165.7852736957062,1530.0,False,,,False,5,0
aco,adaptive,24,1440.0,24.0,4,disrupted,disrupted,26 31 44 48,4546,2.857142857142857,0.35,0.0,29.657929450275514,18.4,28,2,26,2.955273945425428,1.477636972712714,95.4843944498699,60.0,1500.0,0.0,0.0,0.0,590.5416481998982,0.0,0.0,95.4843944498699,1500.0,109.21491754642472,2257.8385217920045,,,,False,False,not_attempted,0,0,0,0,10,0,0.0,165.48662199678114,1530.0,False,,,False,5,0
aco,adaptive,25,1500.0,25.0,5,disrupted,disrupted,26 31 44 48,4546,2.857142857142857,0.35,0.0,29.657929450275514,18.416666666666668,26,0,26,0.7347137845618986,0.7347137845618986,96.2191082344318,60.0,1560.0,5.519995465874672e-05,32.15716219996102,32.15721739991568,622.6988655998139,0.0,0.0,96.2191082344318,1560.0,105.88744254573714,2155.1974972584912,105.88744254573714,111.00063180573994,-5.113189260002798,True,False,incumbent_not_worse,5,11,0,0,1,0,0.0,165.3932886634478,1530.0,False,,,True,5,0
aco,adaptive,26,1560.0,26.0,5,disrupted,disrupted,26 31 44 48,4546,2.857142857142857,0.35,0.0,29.657929450275514,18.433333333333334,26,3,23,2.8106634977556073,0.9368878325852025,99.02977173218741,60.0,1620.0,0.0,0.0,0.0,622.6988655998139,0.0,0.0,99.02977173218741,1620.0,105.40143665795327,2035.1974972584912,,,,False,False,not_attempted,0,0,0,0,12,2,0.16666666666666666,163.7938398214706,1530.0,False,,,False,5,0
aco,adaptive,27,1620.0,27.0,5,disrupted,disrupted,26 31 44 48,4546,2.857142857142857,0.35,0.0,29.657929450275514,18.45,23,2,21,3.798986180308044,1.899493090154022,102.82875791249546,60.0,1680.0,0.0,0.0,0.0,622.6988655998139,0.0,0.0,102.82875791249546,1680.0,102.68989540538483,2035.1974972584912,,,,False,False,not_attempted,0,0,0,0,24,4,0.16666666666666666,161.80476975323697,1530.0,False,,,False,5,0
aco,adaptive,28,1680.0,28.0,5,disrupted,disrupted,26 31 44 48,4546,2.857142857142857,0.35,0.0,29.657929450275514,18.466666666666665,21,0,21,1.884410737949054,1.884410737949054,104.71316865044452,60.0,1740.0,0.0,0.0,0.0,622.6988655998139,0.0,0.0,104.71316865044452,1740.0,98.69072939348744,2013.6168240141496,,,,False,False,not_attempted,0,0,0,0,18,0,0.0,161.71143641990363,1530.0,False,,,False,5,0
aco,adaptive,29,1740.0,29.0,5,disrupted,disrupted,26 31 44 48,4546,2.857142857142857,0.35,0.0,29.657929450275514,18.483333333333334,21,3,18,1.4620811250710357,0.48736037502367857,106.17524977551555,60.0,1800.0,0.0,0.0,0.0,622.6988655998139,0.0,0.0,106.17524977551555,1800.0,96.96637763344027,1951.0695332947548,,,,False,False,not_attempted,0,0,0,0,15,1,0.06666666666666667,161.5143657002777,1564.0,False,,,False,4,0
aco,adaptive,30,1800.0,30.0,6,recovering,recovering,26 31 44 48,4546,2.857142857142857,0.35,0.0,29.657929450275514,18.5,18,1,17,2.4803783209332746,2.4803783209332746,108.65562809644882,60.0,1860.0,5.740008782595396e-05,13.664900399977341,13.664957800065167,636.363823399879,0.0,0.0,108.65562809644882,1860.0,93.1258794771,2274.9859880275744,95.24751067699846,93.1258794771,2.1216311998984594,True,True,lower_residual_energy,3,9,3,9,19,3,0.15789473684210525,159.86977174749018,1564.0,False,,,True,4,0
aco,adaptive,31,1860.0,31.0,6,recovering,recovering,26 31 44 48,4546,2.6595744680851063,0.376,0.04,30.13000790142106,18.516666666666666,17,1,16,1.0218101829507371,1.0218101829507371,109.67743827939955,60.0,1920.0,0.0,0.0,0.0,636.363823399879,0.0,0.0,109.67743827939955,1920.0,85.89006541531514,2173.7035228238224,,,,False,False,not_attempted,0,0,0,0,12,0,0.0,159.77643841415684,1564.0,False,,,False,4,0
aco,adaptive,32,1920.0,32.0,6,recovering,recovering,26 31 44 48,4546,2.4875621890547266,0.40199999999999997,0.08,30.553431771897753,18.533333333333335,16,1,15,2.9255990769655376,2.9255990769655376,112.60303735636509,60.0,1980.0,0.0,0.0,0.0,636.363823399879,0.0,0.0,112.60303735636509,1980.0,80.50109249719942,2069.1200564934834,,,,False,False,not_attempted,0,0,0,0,23,4,0.17391304347826086,158.59550516337262,1564.0,False,,,False,4,0
aco,adaptive,33,1980.0,33.0,6,recovering,recovering,26 31 44 48,4546,2.336448598130841,0.428,0.12,30.93535428745094,18.55,15,0,15,4.875246642061738,4.875246642061738,117.47828399842683,60.0,2040.0,0.0,0.0,0.0,636.363823399879,0.0,0.0,117.47828399842683,2040.0,73.37651201507411,1928.4951606416205,,,,False,False,not_attempted,0,0,0,0,24,3,0.125,156.0824273833903,1564.0,False,,,False,4,0
aco,adaptive,34,2040.0,34.0,6,recovering,recovering,26 31 44 48,4546,2.2026431718061676,0.45399999999999996,0.16,31.281591953557413,18.566666666666666,15,0,15,1.1063649749780624,1.1063649749780624,118.5846489734049,60.0,2100.0,0.0,0.0,0.0,636.363823399879,0.0,0.0,118.5846489734049,2100.0,65.29305895006468,1879.1926453929261,,,,False,False,not_attempted,0,0,0,0,13,0,0.0,155.98909405005696,1564.0,False,,,False,3,0
aco,adaptive,35,2100.0,35.0,7,recovering,recovering,26 31 44 48,4546,2.0833333333333335,0.48,0.2,31.596922859858367,18.583333333333332,15,2,13,1.932070882906813,0.9660354414534065,120.51671985631171,60.0,2160.0,10.788500700029545,8.173565299948677,18.962065999978222,655.3258893998573,0.0,0.0,120.51671985631171,2160.0,60.263302552844515,1774.8244401202764,61.418443962208826,60.263302552844515,1.1551414093643118,True,True,lower_residual_energy,0,0,0,0,14,0,0.0,155.9100648507125,1572.0,False,,,True,2,0
aco,adaptive,36,2160.0,36.0,7,recovering,recovering,26 31 44 48,4546,1.976284584980237,0.506,0.24,31.885308513607917,18.6,13,1,12,1.603789099899613,1.603789099899613,122.12050895621132,60.0,2220.0,0.0,0.0,0.0,655.3258893998573,0.0,0.0,122.12050895621132,2220.0,55.984177853294185,1703.34070094041,,,,False,False,not_attempted,0,0,0,0,17,6,0.35294117647058826,155.9100648507125,1572.0,False,,,False,2,0
aco,adaptive,37,2220.0,37.0,7,recovering,recovering,26 31 44 48,4546,1.8796992481203008,0.532,0.28,32.150061135766876,18.616666666666667,12,1,11,0.4014917261338689,0.4014917261338689,122.5220006823452,60.0,2280.0,0.0,0.0,0.0,655.3258893998573,0.0,0.0,122.5220006823452,2280.0,52.44727185520664,1631.0166365342602,,,,False,False,not_attempted,0,0,0,0,2,0,0.0,155.9100648507125,1722.0,False,,,False,2,0
aco,adaptive,38,2280.0,38.0,7,recovering,recovering,26 31 44 48,4546,1.7921146953405016,0.558,0.32,32.393971446583905,18.633333333333333,11,0,11,0.8624110107431873,0.8624110107431873,123.38441169308838,60.0,2340.0,0.0,0.0,0.0,655.3258893998573,0.0,0.0,123.38441169308838,2340.0,50.01705308759101,1493.973701609762,,,,False,False,not_attempted,0,0,0,0,2,0,0.0,155.9100648507125,1722.0,False,,,False,2,0
aco,adaptive,39,2340.0,39.0,7,recovering,recovering,26 31 44 48,4546,1.7123287671232879,0.584,0.36,32.61940741483223,18.65,11,1,10,1.5275843794499497,1.5275843794499497,124.91199607253833,60.0,2400.0,0.0,0.0,0.0,655.3258893998573,0.0,0.0,124.91199607253833,2400.0,47.4550303600532,1485.5688447451053,,,,False,False,not_attempted,0,0,0,0,9,9,1.0,155.9100648507125,1722.0,False,,,False,2,0
aco,adaptive,40,2400.0,40.0,8,recovering,recovering,26 31 44 48,4546,1.639344262295082,0.61,0.4,32.828391387310525,18.666666666666668,10,1,9,1.9933577224573815,1.9933577224573815,126.9053537949957,60.0,2460.0,10.839749800041318,2.913809400051832,13.75355920009315,669.0794485999504,0.0,0.0,126.9053537949957,2460.0,44.46966076706594,1337.0214700766003,44.84304368838089,44.46966076706594,0.3733829213149491,True,True,lower_residual_energy,0,0,0,0,4,0,0.0,155.9100648507125,1932.0,False,,,True,2,0
aco,adaptive,41,2460.0,41.0,8,recovering,recovering,26 31 44 48,4546,1.572327044025157,0.636,0.44,33.02266092642118,18.683333333333334,9,1,8,1.129676822683699,1.129676822683699,128.0350306176794,60.0,2520.0,0.0,0.0,0.0,669.0794485999504,0.0,0.0,128.0350306176794,2520.0,41.01944663961482,1324.9509974634682,,,,False,False,not_attempted,0,0,0,0,9,9,1.0,155.9100648507125,1932.0,False,,,False,1,0
aco,adaptive,42,2520.0,42.0,8,recovering,recovering,26 31 44 48,4546,1.5105740181268883,0.6619999999999999,0.48,33.20371723415564,18.7,8,1,7,1.256571979888715,1.256571979888715,129.29160259756813,60.0,2580.0,0.0,0.0,0.0,669.0794485999504,0.0,0.0,129.29160259756813,2580.0,38.70601304485561,1299.2221925537033,,,,False,False,not_attempted,0,0,0,0,10,10,1.0,155.9100648507125,1993.0,False,,,False,1,0
aco,adaptive,43,2580.0,43.0,8,recovering,recovering,26 31 44 48,4546,1.4534883720930234,0.688,0.52,33.37286402038111,18.716666666666665,7,0,7,0.09333333333333332,0.09333333333333332,129.38493593090146,60.0,2640.0,0.0,0.0,0.0,669.0794485999504,0.0,0.0,129.38493593090146,2640.0,36.38601840231153,1155.672508469832,,,,False,False,not_attempted,0,0,0,0,0,0,0.0,155.9100648507125,1993.0,False,,,False,1,0
aco,adaptive,44,2640.0,44.0,8,recovering,recovering,26 31 44 48,4546,1.400560224089636,0.714,0.56,33.531238945320474,18.733333333333334,7,1,6,0.6763046607493052,0.6763046607493052,130.06124059165077,60.0,2700.0,0.0,0.0,0.0,669.0794485999504,0.0,0.0,130.06124059165077,2700.0,35.38587260406513,1147.1546547160845,,,,False,False,not_attempted,0,0,0,0,7,7,1.0,155.9100648507125,1993.0,False,,,False,1,0
aco,adaptive,45,2700.0,45.0,9,recovering,recovering,26 31 44 48,4546,1.3513513513513513,0.74,0.6,33.679839240303636,18.75,6,0,6,1.7098206122052242,1.7098206122052242,131.771061203856,60.0,2760.0,10.937251099967398,1.32006029994227,12.257311399909668,681.3367599998601,0.0,0.0,131.771061203856,2760.0,33.38333716444191,866.0929493346337,34.20387762125113,33.38333716444191,0.8205404568092192,True,True,lower_residual_energy,2,4,2,4,15,14,0.9333333333333333,155.9100648507125,1993.0,False,,,True,2,0
aco,adaptive,46,2760.0,46.0,9,recovering,recovering,26 31 44 48,4546,1.3054830287206267,0.766,0.64,33.8195427267193,18.766666666666666,6,1,5,1.3741654454548557,1.3741654454548557,133.14522664931084,60.0,2820.0,0.0,0.0,0.0,681.3367599998601,0.0,0.0,133.14522664931084,2820.0,30.74288008439549,795.7466776248613,,,,False,False,not_attempted,0,0,0,0,16,16,1.0,155.9100648507125,1993.0,False,,,False,2,0
aco,adaptive,47,2820.0,47.0,9,recovering,recovering,26 31 44 48,4546,1.2626262626262625,0.792,0.68,33.951125169435784,18.783333333333335,5,0,5,1.6244101618685374,1.6244101618685374,134.76963681117937,60.0,2880.0,0.0,0.0,0.0,681.3367599998601,0.0,0.0,134.76963681117937,2880.0,28.543483557207374,645.6052674103933,,,,False,False,not_attempted,0,0,0,0,15,15,1.0,155.9100648507125,1993.0,False,,,False,2,0
aco,adaptive,48,2880.0,48.0,9,recovering,recovering,26 31 44 48,4546,1.2224938875305624,0.818,0.72,34.07527468940447,18.8,5,1,4,0.899568942664982,0.899568942664982,135.66920575384435,60.0,2940.0,0.0,0.0,0.0,681.3367599998601,0.0,0.0,135.66920575384435,2940.0,26.435355487240894,642.9801956184164,,,,False,False,not_attempted,0,0,0,0,11,11,1.0,155.9100648507125,1993.0,False,,,False,2,0
aco,adaptive,49,2940.0,49.0,9,recovering,recovering,26 31 44 48,4546,1.1848341232227486,0.8440000000000001,0.76,34.19260380090568,18.816666666666666,4,0,4,0.6585992087627623,0.6585992087627623,136.3278049626071,60.0,3000.0,0.0,0.0,0.0,681.3367599998601,0.0,0.0,136.3278049626071,3000.0,24.960857534519235,610.9690655715541,,,,False,False,not_attempted,0,0,0,0,9,9,1.0,155.9100648507125,1993.0,False,,,False,1,0
aco,adaptive,50,3000.0,50.0,10,recovering,recovering,26 31 44 48,4546,1.1494252873563218,0.87,0.8,34.30365951795914,18.833333333333332,4,1,3,0.6585081056295833,0.6585081056295833,136.98631306823668,60.0,3060.0,10.643094700062647,0.48872960009612143,11.131824300158769,692.4685843000188,0.0,0.0,136.98631306823668,3060.0,23.71544442577848,811.4263164282766,23.960781055657204,23.71544442577848,0.24533662987872518,True,True,lower_residual_energy,2,2,2,2,28,0,0.0,155.9100648507125,1993.0,False,,,True,1,0
aco,adaptive,51,3060.0,51.0,10,recovering,recovering,26 31 44 48,4546,1.1160714285714286,0.896,0.84,34.40893188182611,18.85,3,1,2,0.5147885983605389,0.5147885983605389,137.5011016665972,60.0,3120.0,0.0,0.0,0.0,692.4685843000188,0.0,0.0,137.5011016665972,3120.0,22.765677689877986,748.5306006446464,,,,False,False,not_attempted,0,0,0,0,36,0,0.0,155.9100648507125,1993.0,False,,,False,1,0
aco,adaptive,52,3120.0,52.0,10,recovering,recovering,26 31 44 48,4546,1.0845986984815619,0.922,0.88,34.50886119008177,18.866666666666667,2,0,2,0.36247896213067404,0.36247896213067404,137.86358062872787,60.0,3180.0,0.0,0.0,0.0,692.4685843000188,0.0,0.0,137.86358062872787,3180.0,21.951027775027296,687.1445215248189,,,,False,False,not_attempted,0,0,0,0,26,0,0.0,155.9100648507125,1993.0,False,,,False,1,0
aco,adaptive,53,3180.0,53.0,10,recovering,recovering,26 31 44 48,4546,1.0548523206751055,0.9480000000000001,0.92,34.60384415220391,18.883333333333333,2,0,2,0.296997759405749,0.296997759405749,138.16057838813362,60.0,3240.0,0.0,0.0,0.0,692.4685843000188,0.0,0.0,138.16057838813362,3240.0,21.195448271144365,634.0959430339173,,,,False,False,not_attempted,0,0,0,0,29,0,0.0,155.9100648507125,1993.0,False,,,False,1,0
aco,adaptive,54,3240.0,54.0,10,recovering,recovering,26 31 44 48,4546,1.026694045174538,0.974,0.96,34.694239153161696,18.9,2,0,2,0.36291331521294634,0.36291331521294634,138.52349170334656,60.0,3300.0,0.0,0.0,0.0,692.4685843000188,0.0,0.0,138.52349170334656,3300.0,20.498827707983022,574.8868546882866,,,,False,False,not_attempted,0,0,0,0,30,0,0.0,155.9100648507125,1993.0,False,,,False,1,0
aco,adaptive,55,3300.0,55.0,11,normal,recovered,26 31 44 48,0,1.0,1.0,1.0,34.78037077224997,18.916666666666668,2,0,2,0.4165454777966683,0.4165454777966683,138.94003718114323,60.0,3360.0,10.589838500018232,0.493574499967508,11.08341299998574,703.5519973000046,0.0,0.0,138.94003718114323,3360.0,19.352074620280217,447.5037062985798,19.752764422537076,19.352074620280217,0.4006898022568599,True,True,lower_residual_energy,2,2,2,2,16,0,0.0,155.9100648507125,1993.0,False,,,True,1,0
aco,adaptive,56,3360.0,56.0,11,normal,normal,26 31 44 48,0,1.0,1.0,1.0,34.78037077224997,18.933333333333334,2,0,2,0.09746417373250713,0.09746417373250713,139.03750135487573,60.0,3420.0,0.0,0.0,0.0,703.5519973000046,0.0,0.0,139.03750135487573,3420.0,18.944196047574952,378.86406020353786,,,,False,False,not_attempted,0,0,0,0,2,0,0.0,155.9100648507125,1993.0,False,,,False,1,0
aco,adaptive,57,3420.0,57.0,11,normal,normal,26 31 44 48,0,1.0,1.0,1.0,34.78037077224997,18.95,2,0,2,0.09333333333333332,0.09333333333333332,139.13083468820906,60.0,3480.0,0.0,0.0,0.0,703.5519973000046,0.0,0.0,139.13083468820906,3480.0,19.265812339214726,263.16627765616835,,,,False,False,not_attempted,0,0,0,0,0,0,0.0,155.9100648507125,1993.0,False,,,False,1,0
aco,adaptive,58,3480.0,58.0,11,normal,normal,26 31 44 48,0,1.0,1.0,1.0,34.78037077224997,18.966666666666665,2,1,1,0.215798314937238,0.215798314937238,139.3466330031463,60.0,3540.0,0.0,0.0,0.0,703.5519973000046,0.0,0.0,139.3466330031463,3540.0,18.73740711243294,248.96928680897213,,,,False,False,not_attempted,0,0,0,0,9,0,0.0,155.9100648507125,1993.0,False,,,False,1,0
aco,adaptive,59,3540.0,59.0,11,normal,normal,26 31 44 48,0,1.0,1.0,1.0,34.78037077224997,18.983333333333334,1,0,1,0.09333333333333332,0.09333333333333332,139.43996633647964,60.0,3600.0,0.0,0.0,0.0,703.5519973000046,0.0,0.0,139.43996633647964,3600.0,18.922955213460767,211.65837045709418,,,,False,False,not_attempted,0,0,0,0,0,0,0.0,155.9100648507125,1993.0,False,,,False,0,0
aco,adaptive,60,3600.0,60.0,12,normal,normal,26 31 44 48,0,1.0,1.0,1.0,37.52283759547087,19.0,1,1,0,14.797068140313012,14.797068140313012,154.23703447679264,261.03686852748655,3861.0368685274866,0.0,0.0,0.0,703.5519973000046,0.0,0.0,154.23703447679264,3861.0368685274866,14.737986772915175,220.65514851931613,,,,False,False,not_attempted,0,0,0,0,382,0,0.0,153.24348396465084,1993.0,True,,,False,0,0
aco,static_live,0,0.0,0.0,0,normal,initial,26 31 44 48,0,1.0,1.0,0.0,34.78037077224997,18.0,84,0,84,18.680839634308782,18.680839634308782,18.680839634308782,60.0,60.0,9.003784299944527,22.83633279998321,31.84011709992774,31.84011709992774,0.0,0.0,18.680839634308782,60.0,129.8572811733068,2948.952446263193,,,,False,False,initial_plan,0,0,0,0,130,0,0.0,177.2717760608753,0.0,False,,,True,10,10
aco,static_live,1,60.0,1.0,0,normal,normal,26 31 44 48,0,1.0,1.0,0.0,34.78037077224997,18.016666666666666,84,0,84,4.7680615934003905,4.7680615934003905,23.44890122770917,60.0,120.0,0.0,0.0,0.0,31.84011709992774,0.0,0.0,23.44890122770917,120.0,110.44402959570512,2884.5846107093394,,,,False,False,not_attempted,0,0,0,0,76,0,0.0,176.09020652430007,0.0,False,,,False,10,10
aco,static_live,2,120.0,2.0,0,normal,normal,26 31 44 48,0,1.0,1.0,0.0,34.78037077224997,18.033333333333335,84,3,81,5.306297452810553,1.7687658176035177,28.755198680519726,60.0,180.0,0.0,0.0,0.0,31.84011709992774,0.0,0.0,28.755198680519726,180.0,105.15915328473176,2752.5964808827875,,,,False,False,not_attempted,0,0,0,0,66,0,0.0,174.7596401655785,215.0,False,,,False,9,7
aco,static_live,3,180.0,3.0,0,normal,normal,26 31 44 48,0,1.0,1.0,0.0,34.78037077224997,18.05,81,3,78,4.660065898009958,1.5533552993366528,33.41526457852969,60.0,240.0,0.0,0.0,0.0,31.84011709992774,0.0,0.0,33.41526457852969,240.0,100.06592291517671,2752.5964808827875,,,,False,False,not_attempted,0,0,0,0,63,0,0.0,174.60001662259305,215.0,False,,,False,9,4
aco,static_live,4,240.0,4.0,0,normal,normal,26 31 44 48,0,1.0,1.0,0.0,34.78037077224997,18.066666666666666,78,1,77,3.024516702171434,3.024516702171434,36.43978128070112,60.0,300.0,0.0,0.0,0.0,31.84011709992774,0.0,0.0,36.43978128070112,300.0,95.65128679094272,2700.7402108848582,,,,False,False,not_attempted,0,0,0,0,41,0,0.0,174.23595111138894,241.0,False,,,False,9,4
aco,static_live,5,300.0,5.0,1,normal,normal,26 31 44 48,0,1.0,1.0,0.0,34.78037077224997,18.083333333333332,77,4,73,2.8679341198432,0.7169835299608,39.30771540054432,60.0,360.0,0.0,0.0,0.0,31.84011709992774,0.0,0.0,39.30771540054432,360.0,92.80451466956619,2531.148694412799,,,,False,False,not_attempted,0,0,0,0,31,0,0.0,174.1426177780556,402.0,False,,,False,9,2
aco,static_live,6,360.0,6.0,1,normal,normal,26 31 44 48,0,1.0,1.0,0.0,34.78037077224997,18.1,73,3,70,3.5198933529509064,1.1732977843169687,42.82760875349523,60.0,420.0,0.0,0.0,0.0,31.84011709992774,0.0,0.0,42.82760875349523,420.0,89.49872562010101,2531.148694412799,,,,False,False,not_attempted,0,0,0,0,44,0,0.0,173.80269504982573,422.0,False,,,False,9,1
aco,static_live,7,420.0,7.0,1,normal,normal,26 31 44 48,0,1.0,1.0,0.0,34.78037077224997,18.116666666666667,70,3,67,4.091652081357425,1.3638840271191415,46.91926083485265,60.0,480.0,0.0,0.0,0.0,31.84011709992774,0.0,0.0,46.91926083485265,480.0,86.23763270067052,2527.8765656637133,,,,False,False,not_attempted,0,0,0,0,30,0,0.0,171.7315048732715,641.0,False,,,False,9,1
aco,static_live,8,480.0,8.0,1,normal,normal,26 31 44 48,0,1.0,1.0,0.0,34.78037077224997,18.133333333333333,67,4,63,1.9465284663171223,0.48663211657928057,48.86578930116977,60.0,540.0,0.0,0.0,0.0,31.84011709992774,0.0,0.0,48.86578930116977,540.0,82.12902723057795,2353.8339100285225,,,,False,False,not_attempted,0,0,0,0,27,0,0.0,171.63817153993816,647.0,False,,,False,9,0
aco,static_live,9,540.0,9.0,1,normal,normal,26 31 44 48,0,1.0,1.0,0.0,34.78037077224997,18.15,63,4,59,3.8465037675471145,0.9616259418867786,52.71229306871688,60.0,600.0,0.0,0.0,0.0,31.84011709992774,0.0,0.0,52.71229306871688,600.0,80.2902564326039,2353.8339100285225,,,,False,False,not_attempted,0,0,0,0,34,0,0.0,171.54640459197284,647.0,False,,,False,9,0
aco,static_live,10,600.0,10.0,2,degrading,degrading,26 31 44 48,0,1.0,1.0,0.0,34.78037077224997,18.166666666666668,59,2,57,2.2406318836965116,1.1203159418482558,54.95292495241339,60.0,660.0,0.0,0.0,0.0,31.84011709992774,0.0,0.0,54.95292495241339,660.0,76.26459852359919,2334.9570515159016,,,,False,False,not_attempted,0,0,0,0,28,0,0.0,171.29011539682318,871.0,False,,,False,9,0
aco,static_live,11,660.0,11.0,2,degrading,degrading,26 31 44 48,4546,1.06951871657754,0.935,0.0,34.55694772339093,18.183333333333334,57,3,54,1.8420770413683605,0.6140256804561202,56.79500199378175,60.0,720.0,0.0,0.0,0.0,31.84011709992774,0.0,0.0,56.79500199378175,720.0,78.57426315920532,2209.933988883063,,,,False,False,not_attempted,0,0,0,0,24,6,0.25,171.19678206348985,871.0,False,,,False,7,0
aco,static_live,12,720.0,12.0,2,degrading,degrading,26 31 44 48,4546,1.1494252873563218,0.87,0.0,34.30365951795914,18.2,54,4,50,2.2844602393644373,0.5711150598411093,59.07946223314619,60.0,780.0,0.0,0.0,0.0,31.84011709992774,0.0,0.0,59.07946223314619,780.0,81.38564168536122,2230.416138228375,,,,False,False,not_attempted,0,0,0,0,28,0,0.0,170.7053520396286,1037.0,False,,,False,7,0
aco,static_live,13,780.0,13.0,2,degrading,degrading,26 31 44 48,4546,1.2422360248447206,0.8049999999999999,0.0,34.014089117506785,18.216666666666665,50,3,47,2.0113986619434994,0.6704662206478331,61.09086089508969,60.0,840.0,0.0,0.0,0.0,31.84011709992774,0.0,0.0,61.09086089508969,840.0,84.05216221129636,2208.473440045296,,,,False,False,not_attempted,0,0,0,0,21,9,0.42857142857142855,170.01502271405593,1037.0,False,,,False,7,0
aco,static_live,14,840.0,14.0,2,degrading,degrading,26 31 44 48,4546,1.3513513513513513,0.74,0.0,33.679839240303636,18.233333333333334,47,2,45,1.7488120855788787,0.8744060427894393,62.83967298066857,60.0,900.0,0.0,0.0,0.0,31.84011709992774,0.0,0.0,62.83967298066857,900.0,87.08653762077196,2351.474663054306,,,,False,False,not_attempted,0,0,0,0,13,1,0.07692307692307693,169.912246448997,1037.0,False,,,False,7,0
aco,static_live,15,900.0,15.0,3,degrading,degrading,26 31 44 48,4546,1.4814814814814814,0.675,0.0,33.2897046472472,18.25,45,3,42,1.2472678094140612,0.4157559364713537,64.08694079008262,60.0,960.0,0.0,0.0,0.0,31.84011709992774,0.0,0.0,64.08694079008262,960.0,90.63720168366432,2271.618144066864,,,,False,False,not_attempted,0,0,0,0,16,5,0.3125,169.80947018393806,1142.0,False,,,False,7,0
aco,static_live,16,960.0,16.0,3,degrading,degrading,26 31 44 48,4546,1.639344262295082,0.61,0.0,32.828391387310525,18.266666666666666,42,2,40,4.158392973204483,2.0791964866022417,68.2453337632871,60.0,1020.0,0.0,0.0,0.0,31.84011709992774,0.0,0.0,68.2453337632871,1020.0,95.40205886288607,2691.7029287086098,,,,False,False,not_attempted,0,0,0,0,40,11,0.275,169.5629603131352,1142.0,False,,,False,7,0
aco,static_live,17,1020.0,17.0,3,degrading,degrading,26 31 44 48,4546,1.8348623853211008,0.545,0.0,32.27446466839824,18.283333333333335,40,2,38,4.8296139585657265,2.4148069792828633,73.07494772185284,60.0,1080.0,0.0,0.0,0.0,31.84011709992774,0.0,0.0,73.07494772185284,1080.0,97.68615337742473,2664.3405915332078,,,,False,False,not_attempted,0,0,0,0,39,0,0.0,169.0078052550611,1142.0,False,,,False,7,0
aco,static_live,18,1080.0,18.0,3,degrading,degrading,26 31 44 48,4546,2.0833333333333335,0.48,0.0,31.596922859858367,18.3,38,1,37,3.662429167882452,3.662429167882452,76.73737688973529,60.0,1140.0,0.0,0.0,0.0,31.84011709992774,0.0,0.0,76.73737688973529,1140.0,100.21068597559228,2557.6433177062972,,,,False,False,not_attempted,0,0,0,0,15,5,0.3333333333333333,168.7458575592287,1391.0,False,,,False,6,0
aco,static_live,19,1140.0,19.0,3,degrading,degrading,26 31 44 48,4546,2.409638554216868,0.4149999999999999,0.0,30.749189772869467,18.316666666666666,37,3,34,2.60766642394351,0.8692221413145034,79.3450433136788,60.0,1200.0,0.0,0.0,0.0,31.84011709992774,0.0,0.0,79.3450433136788,1200.0,106.15787453419475,2586.655564346458,,,,False,False,not_attempted,0,0,0,0,27,1,0.037037037037037035,168.53429817409727,1391.0,False,,,False,6,0
aco,static_live,20,1200.0,20.0,4,disrupted,holding,26 31 44 48,4546,2.857142857142857,0.35,0.0,29.657929450275514,18.333333333333332,34,2,32,3.2356600982450554,1.6178300491225277,82.58070341192385,60.0,1260.0,0.0,0.0,0.0,31.84011709992774,0.0,0.0,82.58070341192385,1260.0,117.29133723475778,2637.2037470202813,,,,False,False,not_attempted,0,0,0,0,19,1,0.05263157894736842,168.40267632084857,1391.0,False,,,False,5,0
aco,static_live,21,1260.0,21.0,4,disrupted,disrupted,26 31 44 48,4546,2.857142857142857,0.35,0.0,29.657929450275514,18.35,32,1,31,3.3862465775584933,3.3862465775584933,85.96694998948234,60.0,1320.0,0.0,0.0,0.0,31.84011709992774,0.0,0.0,85.96694998948234,1320.0,114.01031885601903,2580.2601540057417,,,,False,False,not_attempted,0,0,0,0,13,5,0.38461538461538464,167.01466404636352,1530.0,False,,,False,5,0
aco,static_live,22,1320.0,22.0,4,disrupted,disrupted,26 31 44 48,4546,2.857142857142857,0.35,0.0,29.657929450275514,18.366666666666667,31,2,29,1.180303726332109,0.5901518631660545,87.14725371581446,60.0,1380.0,0.0,0.0,0.0,31.84011709992774,0.0,0.0,87.14725371581446,1380.0,110.75313416629547,2436.2406049594783,,,,False,False,not_attempted,0,0,0,0,12,0,0.0,166.9213307130302,1530.0,False,,,False,5,0
aco,static_live,23,1380.0,23.0,4,disrupted,disrupted,26 31 44 48,4546,2.857142857142857,0.35,0.0,29.657929450275514,18.383333333333333,29,2,27,2.7923163770676838,1.3961581885338419,89.93957009288214,60.0,1440.0,0.0,0.0,0.0,31.84011709992774,0.0,0.0,89.93957009288214,1440.0,109.50538125947585,2436.2406049594783,,,,False,False,not_attempted,0,0,0,0,17,2,0.11764705882352941,165.7852736957062,1530.0,False,,,False,5,0
aco,static_live,24,1440.0,24.0,4,disrupted,disrupted,26 31 44 48,4546,2.857142857142857,0.35,0.0,29.657929450275514,18.4,27,2,25,2.2384450387982704,1.1192225193991352,92.17801513168041,60.0,1500.0,0.0,0.0,0.0,31.84011709992774,0.0,0.0,92.17801513168041,1500.0,106.67828914359946,2397.1700651943543,,,,False,False,not_attempted,0,0,0,0,20,1,0.05,165.48662199678114,1530.0,False,,,False,5,0
aco,static_live,25,1500.0,25.0,5,disrupted,disrupted,26 31 44 48,4546,2.857142857142857,0.35,0.0,29.657929450275514,18.416666666666668,25,0,25,2.689749324302917,2.689749324302917,94.86776445598333,60.0,1560.0,0.0,0.0,0.0,31.84011709992774,0.0,0.0,94.86776445598333,1560.0,104.00701340939638,2270.9837710853653,,,,False,False,not_attempted,0,0,0,0,6,5,0.8333333333333334,165.06278710748794,1530.0,False,,,False,5,0
aco,static_live,26,1560.0,26.0,5,disrupted,disrupted,26 31 44 48,4546,2.857142857142857,0.35,0.0,29.657929450275514,18.433333333333334,25,3,22,3.005809115544105,1.001936371848035,97.87357357152744,60.0,1620.0,0.0,0.0,0.0,31.84011709992774,0.0,0.0,97.87357357152744,1620.0,101.74563698124713,2270.9837710853653,,,,False,False,not_attempted,0,0,0,0,13,2,0.15384615384615385,163.7938398214706,1530.0,False,,,False,5,0
aco,static_live,27,1620.0,27.0,5,disrupted,disrupted,26 31 44 48,4546,2.857142857142857,0.35,0.0,29.657929450275514,18.45,22,2,20,6.138873851342605,3.0694369256713023,104.01244742287005,60.0,1680.0,0.0,0.0,0.0,31.84011709992774,0.0,0.0,104.01244742287005,1680.0,98.72728354572537,2218.062745723049,,,,False,False,not_attempted,0,0,0,0,29,12,0.41379310344827586,161.80476975323697,1530.0,False,,,False,5,0
aco,static_live,28,1680.0,28.0,5,disrupted,disrupted,26 31 44 48,4546,2.857142857142857,0.35,0.0,29.657929450275514,18.466666666666665,20,1,19,2.155298618940428,2.155298618940428,106.16774604181049,60.0,1740.0,0.0,0.0,0.0,31.84011709992774,0.0,0.0,106.16774604181049,1740.0,92.12575113509112,2043.1847425597653,,,,False,False,not_attempted,0,0,0,0,10,0,0.0,161.549832647696,1530.0,False,,,False,5,0
aco,static_live,29,1740.0,29.0,5,disrupted,disrupted,26 31 44 48,4546,2.857142857142857,0.35,0.0,29.657929450275514,18.483333333333334,19,2,17,2.976767349548022,1.488383674774011,109.14451339135852,60.0,1800.0,0.0,0.0,0.0,31.84011709992774,0.0,0.0,109.14451339135852,1800.0,89.81300183614532,2043.1847425597653,,,,False,False,not_attempted,0,0,0,0,13,1,0.07692307692307693,161.45649931436267,1564.0,False,,,False,4,0
aco,static_live,30,1800.0,30.0,6,recovering,recovering,26 31 44 48,4546,2.857142857142857,0.35,0.0,29.657929450275514,18.5,17,2,15,7.1929569176850165,3.5964784588425083,116.33747030904354,60.0,1860.0,0.0,0.0,0.0,31.84011709992774,0.0,0.0,116.33747030904354,1860.0,86.934603354151,2032.694553759769,,,,False,False,not_attempted,0,0,0,0,20,11,0.55,158.50607375242132,1564.0,False,,,False,3,0
aco,static_live,31,1860.0,31.0,6,recovering,recovering,26 31 44 48,4546,2.6595744680851063,0.376,0.04,30.13000790142106,18.516666666666666,15,1,14,3.8951721471877043,3.8951721471877043,120.23264245623125,60.0,1920.0,0.0,0.0,0.0,31.84011709992774,0.0,0.0,120.23264245623125,1920.0,76.18238686509987,1867.669579222888,,,,False,False,not_attempted,0,0,0,0,11,11,1.0,154.8248271761391,1589.0,False,,,False,3,0
aco,static_live,32,1920.0,32.0,6,recovering,recovering,26 31 44 48,4546,2.4875621890547266,0.40199999999999997,0.08,30.553431771897753,18.533333333333335,14,2,12,1.8820412777328621,0.9410206388664311,122.11468373396411,60.0,1980.0,0.0,0.0,0.0,31.84011709992774,0.0,0.0,122.11468373396411,1980.0,69.11017866664582,1849.620192310073,,,,False,False,not_attempted,0,0,0,0,7,4,0.5714285714285714,154.73149384280578,1717.0,False,,,False,3,0
aco,static_live,33,1980.0,33.0,6,recovering,recovering,26 31 44 48,4546,2.336448598130841,0.428,0.12,30.93535428745094,18.55,12,1,11,4.061785908731412,4.061785908731412,126.17646964269552,60.0,2040.0,0.0,0.0,0.0,31.84011709992774,0.0,0.0,126.17646964269552,2040.0,64.30591026568817,1799.3305226369835,,,,False,False,not_attempted,0,0,0,0,9,9,1.0,153.27611904739004,1717.0,False,,,False,3,0
aco,static_live,34,2040.0,34.0,6,recovering,recovering,26 31 44 48,4546,2.2026431718061676,0.45399999999999996,0.16,31.281591953557413,18.566666666666666,11,1,10,0.7830837937736396,0.7830837937736396,126.95955343646916,60.0,2100.0,0.0,0.0,0.0,31.84011709992774,0.0,0.0,126.95955343646916,2100.0,58.04467188427747,1627.382354183266,,,,False,False,not_attempted,0,0,0,0,2,1,0.5,152.73483103507712,1774.0,False,,,False,3,0
aco,static_live,35,2100.0,35.0,7,recovering,recovering,26 31 44 48,4546,2.0833333333333335,0.48,0.2,31.596922859858367,18.583333333333332,10,1,9,1.2110176153414125,1.2110176153414125,128.17057105181058,60.0,2160.0,0.0,0.0,0.0,31.84011709992774,0.0,0.0,128.17057105181058,2160.0,55.57866518767386,1618.781550666763,,,,False,False,not_attempted,0,0,0,0,3,1,0.3333333333333333,152.6414977017438,1774.0,False,,,False,3,0
aco,static_live,36,2160.0,36.0,7,recovering,recovering,26 31 44 48,4546,1.976284584980237,0.506,0.24,31.885308513607917,18.6,9,1,8,4.675591663362329,4.675591663362329,132.8461627151729,60.0,2220.0,0.0,0.0,0.0,31.84011709992774,0.0,0.0,132.8461627151729,2220.0,52.121977155430855,1581.768549513756,,,,False,False,not_attempted,0,0,0,0,16,16,1.0,151.2507745171293,1774.0,False,,,False,3,0
aco,static_live,37,2220.0,37.0,7,recovering,recovering,26 31 44 48,4546,1.8796992481203008,0.532,0.28,32.150061135766876,18.616666666666667,8,1,7,1.3110837222452043,1.3110837222452043,134.1572464374181,60.0,2280.0,0.0,0.0,0.0,31.84011709992774,0.0,0.0,134.1572464374181,2280.0,46.849682929688306,1510.9870628498884,,,,False,False,not_attempted,0,0,0,0,8,0,0.0,151.15744118379595,1917.0,False,,,False,3,0
aco,static_live,38,2280.0,38.0,7,recovering,recovering,26 31 44 48,4546,1.7921146953405016,0.558,0.32,32.393971446583905,18.633333333333333,7,1,6,4.395468107545367,4.395468107545367,138.55271454496346,60.0,2340.0,0.0,0.0,0.0,31.84011709992774,0.0,0.0,138.55271454496346,2340.0,44.747541579161926,1475.274498832071,,,,False,False,not_attempted,0,0,0,0,26,2,0.07692307692307693,150.74401058137332,1917.0,False,,,False,3,0
aco,static_live,39,2340.0,39.0,7,recovering,recovering,26 31 44 48,4546,1.7123287671232879,0.584,0.36,32.61940741483223,18.65,6,0,6,2.503388830581576,2.503388830581576,141.05610337554504,60.0,2400.0,0.0,0.0,0.0,31.84011709992774,0.0,0.0,141.05610337554504,2400.0,39.37219148616197,1408.071715232994,,,,False,False,not_attempted,0,0,0,0,15,13,0.8666666666666667,148.5887584605397,1917.0,False,,,False,2,0
aco,static_live,40,2400.0,40.0,8,recovering,recovering,26 31 44 48,4546,1.639344262295082,0.61,0.4,32.828391387310525,18.666666666666668,6,1,5,1.0326603211434149,1.0326603211434149,142.08876369668846,60.0,2460.0,0.0,0.0,0.0,31.84011709992774,0.0,0.0,142.08876369668846,2460.0,35.85661056832512,1297.1087103144305,,,,False,False,not_attempted,0,0,0,0,4,3,0.75,147.86041876276295,1968.0,False,,,False,2,0
aco,static_live,41,2460.0,41.0,8,recovering,recovering,26 31 44 48,4546,1.572327044025157,0.636,0.44,33.02266092642118,18.683333333333334,5,0,5,0.49560070392768546,0.49560070392768546,142.58436440061615,60.0,2520.0,0.0,0.0,0.0,31.84011709992774,0.0,0.0,142.58436440061615,2520.0,34.44866045159306,1274.0167433381298,,,,False,False,not_attempted,0,0,0,0,7,0,0.0,147.7670854294296,1968.0,False,,,False,2,0
aco,static_live,42,2520.0,42.0,8,recovering,recovering,26 31 44 48,4546,1.5105740181268883,0.6619999999999999,0.48,33.20371723415564,18.7,5,1,4,0.7262648221688579,0.7262648221688579,143.310629222785,60.0,2580.0,0.0,0.0,0.0,31.84011709992774,0.0,0.0,143.310629222785,2580.0,33.5360987432535,998.9189963676138,,,,False,False,not_attempted,0,0,0,0,10,3,0.3,147.38832217366328,1968.0,False,,,False,2,0
aco,static_live,43,2580.0,43.0,8,recovering,recovering,26 31 44 48,4546,1.4534883720930234,0.688,0.52,33.37286402038111,18.716666666666665,4,0,4,1.3478421571363561,1.3478421571363561,144.65847137992137,60.0,2640.0,0.0,0.0,0.0,31.84011709992774,0.0,0.0,144.65847137992137,2640.0,32.40432669329143,939.734577268969,,,,False,False,not_attempted,0,0,0,0,19,3,0.15789473684210525,146.44753698536766,1968.0,False,,,False,2,0
aco,static_live,44,2640.0,44.0,8,recovering,recovering,26 31 44 48,4546,1.400560224089636,0.714,0.56,33.531238945320474,18.733333333333334,4,0,4,0.2574337284645518,0.2574337284645518,144.9159051083859,60.0,2700.0,0.0,0.0,0.0,31.84011709992774,0.0,0.0,144.9159051083859,2700.0,30.50283472738605,860.1057935740453,,,,False,False,not_attempted,0,0,0,0,8,0,0.0,146.35420365203433,1968.0,False,,,False,2,0
aco,static_live,45,2700.0,45.0,9,recovering,recovering,26 31 44 48,4546,1.3513513513513513,0.74,0.6,33.679839240303636,18.75,4,1,3,1.4497372997333626,1.4497372997333626,146.36564240811927,60.0,2760.0,0.0,0.0,0.0,31.84011709992774,0.0,0.0,146.36564240811927,2760.0,29.97491146955539,815.8258962045013,,,,False,False,not_attempted,0,0,0,0,20,9,0.45,145.05764026615847,1968.0,False,,,False,2,0
aco,static_live,46,2760.0,46.0,9,recovering,recovering,26 31 44 48,4546,1.3054830287206267,0.766,0.64,33.8195427267193,18.766666666666666,3,0,3,0.7758200283456662,0.7758200283456662,147.14146243646493,60.0,2820.0,0.0,0.0,0.0,31.84011709992774,0.0,0.0,147.14146243646493,2820.0,28.104918223764795,584.38849466076,,,,False,False,not_attempted,0,0,0,0,23,2,0.08695652173913043,144.45764059650355,1968.0,False,,,False,2,0
aco,static_live,47,2820.0,47.0,9,recovering,recovering,26 31 44 48,4546,1.2626262626262625,0.792,0.68,33.951125169435784,18.783333333333335,3,0,3,0.7280446149790842,0.7280446149790842,147.86950705144403,60.0,2880.0,0.0,0.0,0.0,31.84011709992774,0.0,0.0,147.86950705144403,2880.0,26.66055588706952,519.3423734943483,,,,False,False,not_attempted,0,0,0,0,10,0,0.0,144.36430726317022,1968.0,False,,,False,2,0
aco,static_live,48,2880.0,48.0,9,recovering,recovering,26 31 44 48,4546,1.2224938875305624,0.818,0.72,34.07527468940447,18.8,3,1,2,0.30456342411231235,0.30456342411231235,148.17407047555633,60.0,2940.0,0.0,0.0,0.0,31.84011709992774,0.0,0.0,148.17407047555633,2940.0,25.570714547462277,461.70485324375363,,,,False,False,not_attempted,0,0,0,0,8,0,0.0,144.16484046695578,1968.0,False,,,False,2,0
aco,static_live,49,2940.0,49.0,9,recovering,recovering,26 31 44 48,4546,1.1848341232227486,0.8440000000000001,0.76,34.19260380090568,18.816666666666666,2,0,2,0.2029852247788425,0.2029852247788425,148.37705570033518,60.0,3000.0,0.0,0.0,0.0,31.84011709992774,0.0,0.0,148.37705570033518,3000.0,24.78706531171831,336.08093652064514,,,,False,False,not_attempted,0,0,0,0,1,0,0.0,144.05518857551027,1968.0,False,,,False,1,0
aco,static_live,50,3000.0,50.0,10,recovering,recovering,26 31 44 48,4546,1.1494252873563218,0.87,0.8,34.30365951795914,18.833333333333332,2,1,1,0.09688687029936714,0.09688687029936714,148.47394257063453,60.0,3060.0,0.0,0.0,0.0,31.84011709992774,0.0,0.0,148.47394257063453,3060.0,24.1464477352419,335.48695061894523,,,,False,False,not_attempted,0,0,0,0,0,0,0.0,143.96185524217694,1968.0,False,,,False,0,0
aco,static_live,51,3060.0,51.0,10,recovering,recovering,26 31 44 48,4546,1.1160714285714286,0.896,0.84,34.40893188182611,18.85,1,1,0,23.038106113532745,23.038106113532745,171.51204868416727,333.81408523897505,3393.814085238975,0.0,0.0,0.0,31.84011709992774,0.0,0.0,171.51204868416727,3393.814085238975,23.71834072530318,333.742636936275,,,,False,False,not_attempted,0,0,0,0,308,61,0.19805194805194806,141.75819375311613,1968.0,True,,,False,0,0
aco,static_frozen,0,0.0,0.0,0,normal,initial,26 31 44 48,0,1.0,1.0,0.0,34.78037077224997,18.0,84,0,84,18.680839634308782,18.680839634308782,18.680839634308782,60.0,60.0,9.003784299944527,22.83633279998321,31.84011709992774,31.84011709992774,0.0,0.0,18.680839634308782,60.0,129.8572811733068,2948.952446263193,,,,False,False,initial_plan,0,0,0,0,130,0,0.0,177.2717760608753,0.0,False,,,True,10,10
aco,static_frozen,1,60.0,1.0,0,normal,normal,26 31 44 48,0,1.0,1.0,0.0,34.78037077224997,18.016666666666666,84,0,84,4.7680615934003905,4.7680615934003905,23.44890122770917,60.0,120.0,0.0,0.0,0.0,31.84011709992774,0.0,0.0,23.44890122770917,120.0,110.44402959570512,2884.5846107093394,,,,False,False,not_attempted,0,0,0,0,76,0,0.0,176.09020652430007,0.0,False,,,False,10,10
aco,static_frozen,2,120.0,2.0,0,normal,normal,26 31 44 48,0,1.0,1.0,0.0,34.78037077224997,18.033333333333335,84,3,81,5.306297452810553,1.7687658176035177,28.755198680519726,60.0,180.0,0.0,0.0,0.0,31.84011709992774,0.0,0.0,28.755198680519726,180.0,105.15915328473176,2752.5964808827875,,,,False,False,not_attempted,0,0,0,0,66,0,0.0,174.7596401655785,215.0,False,,,False,9,7
aco,static_frozen,3,180.0,3.0,0,normal,normal,26 31 44 48,0,1.0,1.0,0.0,34.78037077224997,18.05,81,3,78,4.660065898009958,1.5533552993366528,33.41526457852969,60.0,240.0,0.0,0.0,0.0,31.84011709992774,0.0,0.0,33.41526457852969,240.0,100.06592291517671,2752.5964808827875,,,,False,False,not_attempted,0,0,0,0,63,0,0.0,174.60001662259305,215.0,False,,,False,9,4
aco,static_frozen,4,240.0,4.0,0,normal,normal,26 31 44 48,0,1.0,1.0,0.0,34.78037077224997,18.066666666666666,78,1,77,3.024516702171434,3.024516702171434,36.43978128070112,60.0,300.0,0.0,0.0,0.0,31.84011709992774,0.0,0.0,36.43978128070112,300.0,95.6512867909427,2700.7402108848582,,,,False,False,not_attempted,0,0,0,0,41,0,0.0,174.23595111138894,241.0,False,,,False,9,4
aco,static_frozen,5,300.0,5.0,1,normal,normal,26 31 44 48,0,1.0,1.0,0.0,34.78037077224997,18.083333333333332,77,4,73,2.8679341198432,0.7169835299608,39.30771540054432,60.0,360.0,0.0,0.0,0.0,31.84011709992774,0.0,0.0,39.30771540054432,360.0,92.80451466956619,2531.148694412799,,,,False,False,not_attempted,0,0,0,0,31,0,0.0,174.1426177780556,402.0,False,,,False,9,2
aco,static_frozen,6,360.0,6.0,1,normal,normal,26 31 44 48,0,1.0,1.0,0.0,34.78037077224997,18.1,73,3,70,3.5198933529509064,1.1732977843169687,42.82760875349523,60.0,420.0,0.0,0.0,0.0,31.84011709992774,0.0,0.0,42.82760875349523,420.0,89.498725620101,2531.148694412799,,,,False,False,not_attempted,0,0,0,0,44,0,0.0,173.80269504982573,422.0,False,,,False,9,1
aco,static_frozen,7,420.0,7.0,1,normal,normal,26 31 44 48,0,1.0,1.0,0.0,34.78037077224997,18.116666666666667,70,3,67,4.091652081357425,1.3638840271191415,46.91926083485265,60.0,480.0,0.0,0.0,0.0,31.84011709992774,0.0,0.0,46.91926083485265,480.0,86.23763270067052,2527.8765656637133,,,,False,False,not_attempted,0,0,0,0,30,0,0.0,171.7315048732715,641.0,False,,,False,9,1
aco,static_frozen,8,480.0,8.0,1,normal,normal,26 31 44 48,0,1.0,1.0,0.0,34.78037077224997,18.133333333333333,67,4,63,1.9465284663171223,0.48663211657928057,48.86578930116977,60.0,540.0,0.0,0.0,0.0,31.84011709992774,0.0,0.0,48.86578930116977,540.0,82.12902723057795,2353.8339100285225,,,,False,False,not_attempted,0,0,0,0,27,0,0.0,171.63817153993816,647.0,False,,,False,9,0
aco,static_frozen,9,540.0,9.0,1,normal,normal,26 31 44 48,0,1.0,1.0,0.0,34.78037077224997,18.15,63,4,59,3.8465037675471145,0.9616259418867786,52.71229306871688,60.0,600.0,0.0,0.0,0.0,31.84011709992774,0.0,0.0,52.71229306871688,600.0,80.29025643260388,2353.8339100285225,,,,False,False,not_attempted,0,0,0,0,34,0,0.0,171.54640459197284,647.0,False,,,False,9,0
aco,static_frozen,10,600.0,10.0,2,degrading,degrading,26 31 44 48,0,1.0,1.0,0.0,34.78037077224997,18.166666666666668,59,2,57,2.2406318836965116,1.1203159418482558,54.95292495241339,60.0,660.0,0.0,0.0,0.0,31.84011709992774,0.0,0.0,54.95292495241339,660.0,76.26459852359919,2334.9570515159016,,,,False,False,not_attempted,0,0,0,0,28,0,0.0,171.29011539682318,871.0,False,,,False,9,0
aco,static_frozen,11,660.0,11.0,2,degrading,degrading,26 31 44 48,4546,1.06951871657754,0.935,0.0,34.55694772339093,18.183333333333334,57,3,54,1.8420770413683605,0.6140256804561202,56.79500199378175,60.0,720.0,0.0,0.0,0.0,31.84011709992774,0.0,0.0,56.79500199378175,720.0,78.57426315920532,2209.933988883063,,,,False,False,not_attempted,0,0,0,0,24,6,0.25,171.19678206348985,871.0,False,,,False,7,0
aco,static_frozen,12,720.0,12.0,2,degrading,degrading,26 31 44 48,4546,1.1494252873563218,0.87,0.0,34.30365951795914,18.2,54,4,50,2.255403956819043,0.5638509892047607,59.0504059506008,60.0,780.0,0.0,0.0,0.0,31.84011709992774,0.0,0.0,59.0504059506008,780.0,81.38564168536122,2230.416138228375,,,,False,False,not_attempted,0,0,0,0,37,7,0.1891891891891892,170.7053520396286,1037.0,False,,,False,7,0
aco,static_frozen,13,780.0,13.0,2,degrading,degrading,26 31 44 48,4546,1.2422360248447206,0.8049999999999999,0.0,34.014089117506785,18.216666666666665,50,3,47,2.2169292400516922,0.7389764133505641,61.26733519065249,60.0,840.0,0.0,0.0,0.0,31.84011709992774,0.0,0.0,61.26733519065249,840.0,84.2221693926378,2208.473440045296,,,,False,False,not_attempted,0,0,0,0,19,10,0.5263157894736842,170.01502271405593,1037.0,False,,,False,7,0
aco,static_frozen,14,840.0,14.0,2,degrading,degrading,26 31 44 48,4546,1.3513513513513513,0.74,0.0,33.679839240303636,18.233333333333334,47,2,45,1.7488120855788787,0.8744060427894393,63.016147276231365,60.0,900.0,0.0,0.0,0.0,31.84011709992774,0.0,0.0,63.016147276231365,900.0,87.08653762077196,2351.474663054306,,,,False,False,not_attempted,0,0,0,0,13,1,0.07692307692307693,169.912246448997,1037.0,False,,,False,7,0
aco,static_frozen,15,900.0,15.0,3,degrading,degrading,26 31 44 48,4546,1.4814814814814814,0.675,0.0,33.2897046472472,18.25,45,3,42,2.3611719583202073,0.7870573194400691,65.37731923455158,60.0,960.0,0.0,0.0,0.0,31.84011709992774,0.0,0.0,65.37731923455158,960.0,90.63720168366432,2271.618144066864,,,,False,False,not_attempted,0,0,0,0,27,16,0.5925925925925926,169.80947018393806,1142.0,False,,,False,7,0
aco,static_frozen,16,960.0,16.0,3,degrading,degrading,26 31 44 48,4546,1.639344262295082,0.61,0.0,32.828391387310525,18.266666666666666,42,2,40,3.9557202505030125,1.9778601252515062,69.33303948505458,60.0,1020.0,0.0,0.0,0.0,31.84011709992774,0.0,0.0,69.33303948505458,1020.0,95.27137534533703,2691.7029287086098,,,,False,False,not_attempted,0,0,0,0,39,10,0.2564102564102564,169.5629603131352,1142.0,False,,,False,7,0
aco,static_frozen,17,1020.0,17.0,3,degrading,degrading,26 31 44 48,4546,1.8348623853211008,0.545,0.0,32.27446466839824,18.283333333333335,40,2,38,4.8296139585657265,2.4148069792828633,74.16265344362031,60.0,1080.0,0.0,0.0,0.0,31.84011709992774,0.0,0.0,74.16265344362031,1080.0,97.68615337742473,2664.3405915332078,,,,False,False,not_attempted,0,0,0,0,39,0,0.0,169.0078052550611,1142.0,False,,,False,7,0
aco,static_frozen,18,1080.0,18.0,3,degrading,degrading,26 31 44 48,4546,2.0833333333333335,0.48,0.0,31.596922859858367,18.3,38,1,37,4.0209314566178955,4.0209314566178955,78.18358490023822,60.0,1140.0,0.0,0.0,0.0,31.84011709992774,0.0,0.0,78.18358490023822,1140.0,100.21068597559228,2557.6433177062972,,,,False,False,not_attempted,0,0,0,0,16,6,0.375,168.7458575592287,1391.0,False,,,False,6,0
aco,static_frozen,19,1140.0,19.0,3,degrading,degrading,26 31 44 48,4546,2.409638554216868,0.4149999999999999,0.0,30.749189772869467,18.316666666666666,37,3,34,1.9880903514522648,0.6626967838174216,80.17167525169049,60.0,1200.0,0.0,0.0,0.0,31.84011709992774,0.0,0.0,80.17167525169049,1200.0,105.66152455416767,2586.655564346458,,,,False,False,not_attempted,0,0,0,0,24,0,0.0,168.53429817409727,1391.0,False,,,False,5,0
aco,static_frozen,20,1200.0,20.0,4,disrupted,holding,26 31 44 48,4546,2.857142857142857,0.35,0.0,29.657929450275514,18.333333333333332,34,3,31,3.456393586912698,1.152131195637566,83.62806883860318,60.0,1260.0,0.0,0.0,0.0,31.84011709992774,0.0,0.0,83.62806883860318,1260.0,117.54366422912246,2670.182389074635,,,,False,False,not_attempted,0,0,0,0,22,5,0.22727272727272727,168.40267632084857,1530.0,False,,,False,5,0
aco,static_frozen,21,1260.0,21.0,4,disrupted,disrupted,26 31 44 48,4546,2.857142857142857,0.35,0.0,29.657929450275514,18.35,31,0,31,2.6082716876352103,2.6082716876352103,86.2363405262384,60.0,1320.0,0.0,0.0,0.0,31.84011709992774,0.0,0.0,86.2363405262384,1320.0,114.56106757155008,2634.3403903908447,,,,False,False,not_attempted,0,0,0,0,12,4,0.3333333333333333,167.68888303530068,1530.0,False,,,False,5,0
aco,static_frozen,22,1320.0,22.0,4,disrupted,disrupted,26 31 44 48,4546,2.857142857142857,0.35,0.0,29.657929450275514,18.366666666666667,31,2,29,2.676862486389704,1.338431243194852,88.9132030126281,60.0,1380.0,0.0,0.0,0.0,31.84011709992774,0.0,0.0,88.9132030126281,1380.0,111.96963796804262,2576.947299308095,,,,False,False,not_attempted,0,0,0,0,14,2,0.14285714285714285,166.09899094190976,1530.0,False,,,False,5,0
aco,static_frozen,23,1380.0,23.0,4,disrupted,disrupted,26 31 44 48,4546,2.857142857142857,0.35,0.0,29.657929450275514,18.383333333333333,29,1,28,1.74959269307702,1.74959269307702,90.66279570570512,60.0,1440.0,0.0,0.0,0.0,31.84011709992774,0.0,0.0,90.66279570570512,1440.0,109.50538125947585,2436.2406049594783,,,,False,False,not_attempted,0,0,0,0,15,0,0.0,166.00565760857643,1530.0,False,,,False,5,0
aco,static_frozen,24,1440.0,24.0,4,disrupted,disrupted,26 31 44 48,4546,2.857142857142857,0.35,0.0,29.657929450275514,18.4,28,3,25,2.7427244940505284,0.9142414980168428,93.40552019975566,60.0,1500.0,0.0,0.0,0.0,31.84011709992774,0.0,0.0,93.40552019975566,1500.0,107.87243742540149,2436.2406049594783,,,,False,False,not_attempted,0,0,0,0,21,3,0.14285714285714285,165.20272645439914,1530.0,False,,,False,5,0
aco,static_frozen,25,1500.0,25.0,5,disrupted,disrupted,26 31 44 48,4546,2.857142857142857,0.35,0.0,29.657929450275514,18.416666666666668,25,0,25,3.228193553041322,3.228193553041322,96.63371375279698,60.0,1560.0,0.0,0.0,0.0,31.84011709992774,0.0,0.0,96.63371375279698,1560.0,104.3178117985063,2397.1700651943543,,,,False,False,not_attempted,0,0,0,0,7,5,0.7142857142857143,164.5709488923274,1530.0,False,,,False,5,0
aco,static_frozen,26,1560.0,26.0,5,disrupted,disrupted,26 31 44 48,4546,2.857142857142857,0.35,0.0,29.657929450275514,18.433333333333334,25,2,23,1.4996936069002595,0.7498468034501298,98.13340735969724,60.0,1620.0,0.0,0.0,0.0,31.84011709992774,0.0,0.0,98.13340735969724,1620.0,101.74563698124713,2270.9837710853653,,,,False,False,not_attempted,0,0,0,0,7,0,0.0,164.47761555899407,1530.0,False,,,False,5,0
aco,static_frozen,27,1620.0,27.0,5,disrupted,disrupted,26 31 44 48,4546,2.857142857142857,0.35,0.0,29.657929450275514,18.45,23,3,20,5.597660635511853,1.865886878503951,103.7310679952091,60.0,1680.0,0.0,0.0,0.0,31.84011709992774,0.0,0.0,103.7310679952091,1680.0,100.42549274645476,2270.9837710853653,,,,False,False,not_attempted,0,0,0,0,29,11,0.3793103448275862,162.09170258487438,1530.0,False,,,False,5,0
aco,static_frozen,28,1680.0,28.0,5,disrupted,disrupted,26 31 44 48,4546,2.857142857142857,0.35,0.0,29.657929450275514,18.466666666666665,20,1,19,5.634694859071356,5.634694859071356,109.36576285428046,60.0,1740.0,0.0,0.0,0.0,31.84011709992774,0.0,0.0,109.36576285428046,1740.0,95.9893328533201,2199.2808566588355,,,,False,False,not_attempted,0,0,0,0,18,8,0.4444444444444444,159.49235571907752,1530.0,False,,,False,5,0
aco,static_frozen,29,1740.0,29.0,5,disrupted,disrupted,26 31 44 48,4546,2.857142857142857,0.35,0.0,29.657929450275514,18.483333333333334,19,1,18,2.8730299632554184,2.8730299632554184,112.23879281753588,60.0,1800.0,0.0,0.0,0.0,31.84011709992774,0.0,0.0,112.23879281753588,1800.0,89.81300183614532,2043.1847425597653,,,,False,False,not_attempted,0,0,0,0,12,0,0.0,159.3990223857442,1564.0,False,,,False,4,0
aco,static_frozen,30,1800.0,30.0,6,recovering,recovering,26 31 44 48,4546,2.857142857142857,0.35,0.0,29.657929450275514,18.5,18,3,15,5.172353590596266,1.7241178635320888,117.41114640813214,60.0,1860.0,0.0,0.0,0.0,31.84011709992774,0.0,0.0,117.41114640813214,1860.0,87.40798032812278,2043.1847425597653,,,,False,False,not_attempted,0,0,0,0,16,7,0.4375,158.30522610174287,1564.0,False,,,False,3,0
aco,static_frozen,31,1860.0,31.0,6,recovering,recovering,26 31 44 48,4546,2.6595744680851063,0.376,0.04,30.13000790142106,18.516666666666666,15,1,14,5.8015255525891565,5.8015255525891565,123.2126719607213,60.0,1920.0,0.0,0.0,0.0,31.84011709992774,0.0,0.0,123.2126719607213,1920.0,78.08959198364369,1992.3060799326436,,,,False,False,not_attempted,0,0,0,0,16,16,1.0,154.94449280421404,1589.0,False,,,False,3,0
aco,static_frozen,32,1920.0,32.0,6,recovering,recovering,26 31 44 48,4546,2.4875621890547266,0.40199999999999997,0.08,30.553431771897753,18.533333333333335,14,1,13,0.7944413602820093,0.7944413602820093,124.0071133210033,60.0,1980.0,0.0,0.0,0.0,31.84011709992774,0.0,0.0,124.0071133210033,1980.0,69.11017866664582,1849.620192310073,,,,False,False,not_attempted,0,0,0,0,3,0,0.0,154.8511594708807,1717.0,False,,,False,3,0
aco,static_frozen,33,1980.0,33.0,6,recovering,recovering,26 31 44 48,4546,2.336448598130841,0.428,0.12,30.93535428745094,18.55,13,2,11,4.014781753152191,2.0073908765760957,128.02189507415548,60.0,2040.0,0.0,0.0,0.0,31.84011709992774,0.0,0.0,128.02189507415548,2040.0,65.50631783106438,1833.7637215642358,,,,False,False,not_attempted,0,0,0,0,15,15,1.0,152.5313482457679,1717.0,False,,,False,3,0
aco,static_frozen,34,2040.0,34.0,6,recovering,recovering,26 31 44 48,4546,2.2026431718061676,0.45399999999999996,0.16,31.281591953557413,18.566666666666666,11,1,10,2.9077350572172627,2.9077350572172627,130.92963013137273,60.0,2100.0,0.0,0.0,0.0,31.84011709992774,0.0,0.0,130.92963013137273,2100.0,59.85451204514306,1760.0633966481632,,,,False,False,not_attempted,0,0,0,0,6,5,0.8333333333333334,152.0648253667965,1774.0,False,,,False,3,0
aco,static_frozen,35,2100.0,35.0,7,recovering,recovering,26 31 44 48,4546,2.0833333333333335,0.48,0.2,31.596922859858367,18.583333333333332,10,0,10,0.8780075724305196,0.8780075724305196,131.80763770380327,60.0,2160.0,0.0,0.0,0.0,31.84011709992774,0.0,0.0,131.80763770380327,2160.0,55.57866518767386,1618.781550666763,,,,False,False,not_attempted,0,0,0,0,2,0,0.0,151.97149203346316,1774.0,False,,,False,3,0
aco,static_frozen,36,2160.0,36.0,7,recovering,recovering,26 31 44 48,4546,1.976284584980237,0.506,0.24,31.885308513607917,18.6,10,2,8,3.2714919541825807,1.6357459770912903,135.07912965798585,60.0,2220.0,0.0,0.0,0.0,31.84011709992774,0.0,0.0,135.07912965798585,2220.0,53.2182335189865,1611.0646241914817,,,,False,False,not_attempted,0,0,0,0,12,12,1.0,149.71184915807444,1774.0,False,,,False,3,0
aco,static_frozen,37,2220.0,37.0,7,recovering,recovering,26 31 44 48,4546,1.8796992481203008,0.532,0.28,32.150061135766876,18.616666666666667,8,1,7,4.091853252875955,4.091853252875955,139.1709829108618,60.0,2280.0,0.0,0.0,0.0,31.84011709992774,0.0,0.0,139.1709829108618,2280.0,49.25377286570689,1576.2376721330902,,,,False,False,not_attempted,0,0,0,0,19,14,0.7368421052631579,149.6185158247411,1917.0,False,,,False,3,0
aco,static_frozen,38,2280.0,38.0,7,recovering,recovering,26 31 44 48,4546,1.7921146953405016,0.558,0.32,32.393971446583905,18.633333333333333,7,1,6,6.499824969019357,6.499824969019357,145.67080787988115,60.0,2340.0,0.0,0.0,0.0,31.84011709992774,0.0,0.0,145.67080787988115,2340.0,46.26954823152367,1527.9823657103993,,,,False,False,not_attempted,0,0,0,0,27,18,0.6666666666666666,146.45516318729617,1917.0,False,,,False,3,0
aco,static_frozen,39,2340.0,39.0,7,recovering,recovering,26 31 44 48,4546,1.7123287671232879,0.584,0.36,32.61940741483223,18.65,6,0,6,4.350834464482834,4.350834464482834,150.02164234436398,60.0,2400.0,0.0,0.0,0.0,31.84011709992774,0.0,0.0,150.02164234436398,2400.0,41.43746018138159,1529.3668023822838,,,,False,False,not_attempted,0,0,0,0,26,26,1.0,144.50547821160586,1917.0,False,,,False,2,0
aco,static_frozen,40,2400.0,40.0,8,recovering,recovering,26 31 44 48,4546,1.639344262295082,0.61,0.4,32.828391387310525,18.666666666666668,6,1,5,3.301585856957877,3.301585856957877,153.32322820132185,60.0,2460.0,0.0,0.0,0.0,31.84011709992774,0.0,0.0,153.32322820132185,2460.0,36.97300753664491,1017.7015902178907,,,,False,False,not_attempted,0,0,0,0,22,22,1.0,141.71431298667488,1968.0,False,,,False,2,0
aco,static_frozen,41,2460.0,41.0,8,recovering,recovering,26 31 44 48,4546,1.572327044025157,0.636,0.44,33.02266092642118,18.683333333333334,5,0,5,3.3246461670248753,3.3246461670248753,156.64787436834672,60.0,2520.0,0.0,0.0,0.0,31.84011709992774,0.0,0.0,156.64787436834672,2520.0,34.48640200698131,977.6377260522188,,,,False,False,not_attempted,0,0,0,0,22,21,0.9545454545454546,138.48300015298338,1968.0,False,,,False,2,0
aco,static_frozen,42,2520.0,42.0,8,recovering,recovering,26 31 44 48,4546,1.5105740181268883,0.6619999999999999,0.48,33.20371723415564,18.7,5,1,4,1.3816908732342676,1.3816908732342676,158.029565241581,60.0,2580.0,0.0,0.0,0.0,31.84011709992774,0.0,0.0,158.029565241581,2580.0,31.5820628677331,621.4679593658082,,,,False,False,not_attempted,0,0,0,0,6,6,1.0,138.38966681965005,1968.0,False,,,False,1,0
aco,static_frozen,43,2580.0,43.0,8,recovering,recovering,26 31 44 48,4546,1.4534883720930234,0.688,0.52,33.37286402038111,18.716666666666665,4,1,3,0.1742209961631308,0.1742209961631308,158.20378623774414,60.0,2640.0,0.0,0.0,0.0,31.84011709992774,0.0,0.0,158.20378623774414,2640.0,29.677958913967196,522.2081517035361,,,,False,False,not_attempted,0,0,0,0,0,0,0.0,138.30877915682024,1968.0,False,,,False,1,0
aco,static_frozen,44,2640.0,44.0,8,recovering,recovering,26 31 44 48,4546,1.400560224089636,0.714,0.56,33.531238945320474,18.733333333333334,3,1,2,1.2103927645258616,1.2103927645258616,159.41417900227,60.0,2700.0,0.0,0.0,0.0,31.84011709992774,0.0,0.0,159.41417900227,2700.0,29.2329169933008,519.5441521586015,,,,False,False,not_attempted,0,0,0,0,9,9,1.0,138.30877915682024,1968.0,False,,,False,1,0
aco,static_frozen,45,2700.0,45.0,9,recovering,recovering,26 31 44 48,4546,1.3513513513513513,0.74,0.6,33.679839240303636,18.75,2,0,2,1.1516439362634794,1.1516439362634794,160.56582293853347,60.0,2760.0,0.0,0.0,0.0,31.84011709992774,0.0,0.0,160.56582293853347,2760.0,27.968989505734825,517.0673525816891,,,,False,False,not_attempted,0,0,0,0,17,7,0.4117647058823529,138.30877915682024,1968.0,False,,,False,1,0
aco,static_frozen,46,2760.0,46.0,9,recovering,recovering,26 31 44 48,4546,1.3054830287206267,0.766,0.64,33.8195427267193,18.766666666666666,2,0,2,0.09339922969261798,0.09339922969261798,160.65922216822608,60.0,2820.0,0.0,0.0,0.0,31.84011709992774,0.0,0.0,160.65922216822608,2820.0,26.57939413849419,383.18427960903756,,,,False,False,not_attempted,0,0,0,0,1,0,0.0,138.30877915682024,1968.0,False,,,False,1,0
aco,static_frozen,47,2820.0,47.0,9,recovering,recovering,26 31 44 48,4546,1.2626262626262625,0.792,0.68,33.951125169435784,18.783333333333335,2,0,2,0.09333333333333332,0.09333333333333332,160.7525555015594,60.0,2880.0,0.0,0.0,0.0,31.84011709992774,0.0,0.0,160.7525555015594,2880.0,25.871482952559404,346.3877762107603,,,,False,False,not_attempted,0,0,0,0,0,0,0.0,138.30877915682024,1968.0,False,,,False,1,0
aco,static_frozen,48,2880.0,48.0,9,recovering,recovering,26 31 44 48,4546,1.2224938875305624,0.818,0.72,34.07527468940447,18.8,2,1,1,0.21578535432663015,0.21578535432663015,160.96834085588605,60.0,2940.0,0.0,0.0,0.0,31.84011709992774,0.0,0.0,160.96834085588605,2940.0,25.384047880795613,341.70485324375363,,,,False,False,not_attempted,0,0,0,0,9,0,0.0,138.30877915682024,1968.0,False,,,False,1,0
aco,static_frozen,49,2940.0,49.0,9,recovering,recovering,26 31 44 48,4546,1.1848341232227486,0.8440000000000001,0.76,34.19260380090568,18.816666666666666,1,0,1,0.09333333333333332,0.09333333333333332,161.0616741892194,60.0,3000.0,0.0,0.0,0.0,31.84011709992774,0.0,0.0,161.0616741892194,3000.0,24.58263512427208,336.08093652064514,,,,False,False,not_attempted,0,0,0,0,0,0,0.0,138.30877915682024,1968.0,False,,,False,0,0
aco,static_frozen,50,3000.0,50.0,10,recovering,recovering,26 31 44 48,4546,1.1494252873563218,0.87,0.8,34.30365951795914,18.833333333333332,1,1,0,23.789024238570146,23.789024238570146,184.85069842778955,343.357868311685,3343.3578683116853,0.0,0.0,0.0,31.84011709992774,0.0,0.0,184.85069842778955,3343.3578683116853,24.1464477352419,335.48695061894523,,,,False,False,not_attempted,0,0,0,0,324,77,0.23765432098765432,133.29223499183806,1968.0,True,,,False,0,0
pso,adaptive,0,0.0,0.0,0,normal,initial,26 31 44 48,0,1.0,1.0,0.0,34.78037077224997,18.0,84,0,84,17.41716950529079,17.41716950529079,17.41716950529079,60.0,60.0,9.01954150001984,12.315022700000554,21.334564200020395,21.334564200020395,0.0,0.0,17.41716950529079,60.0,151.37406968292143,2569.719418511708,,,,False,False,initial_plan,0,0,0,0,96,0,0.0,177.86965881732976,0.0,False,,,True,10,10
pso,adaptive,1,60.0,1.0,0,normal,normal,26 31 44 48,0,1.0,1.0,0.0,34.78037077224997,18.016666666666666,84,0,84,2.9117287974767976,2.9117287974767976,20.328898302767588,60.0,120.0,0.0,0.0,0.0,21.334564200020395,0.0,0.0,20.328898302767588,120.0,133.1191070568551,2507.5518550268002,,,,False,False,not_attempted,0,0,0,0,47,0,0.0,177.4588955213837,0.0,False,,,False,10,10
pso,adaptive,2,120.0,2.0,0,normal,normal,26 31 44 48,0,1.0,1.0,0.0,34.78037077224997,18.033333333333335,84,5,79,4.945953376604522,0.9891906753209044,25.27485167937211,60.0,180.0,0.0,0.0,0.0,21.334564200020395,0.0,0.0,25.27485167937211,180.0,129.7508783653988,2355.035662758609,,,,False,False,not_attempted,0,0,0,0,48,0,0.0,176.84027550943307,239.0,False,,,False,9,5
pso,adaptive,3,180.0,3.0,0,normal,normal,26 31 44 48,0,1.0,1.0,0.0,34.78037077224997,18.05,79,3,76,5.2858708059973845,1.7619569353324616,30.560722485369492,60.0,240.0,0.0,0.0,0.0,21.334564200020395,0.0,0.0,30.560722485369492,240.0,125.54196401841551,2355.035662758609,,,,False,False,not_attempted,0,0,0,0,84,0,0.0,176.08417388140913,239.0,False,,,False,9,2
pso,adaptive,4,240.0,4.0,0,normal,normal,26 31 44 48,0,1.0,1.0,0.0,34.78037077224997,18.066666666666666,76,0,76,4.768439058186637,4.768439058186637,35.329161543556125,60.0,300.0,0.0,0.0,0.0,21.334564200020395,0.0,0.0,35.329161543556125,300.0,119.70961591445298,2307.5810249028364,,,,False,False,not_attempted,0,0,0,0,69,0,0.0,174.23595111138894,239.0,False,,,False,9,2
pso,adaptive,5,300.0,5.0,1,normal,normal,26 31 44 48,0,1.0,1.0,0.0,34.78037077224997,18.083333333333332,76,2,74,2.335379566890029,1.1676897834450144,37.66454111044615,60.0,360.0,10.420121300034225,795.2048804999795,805.6250018000137,826.9595660000341,0.0,0.0,37.66454111044615,360.0,109.77338979096476,2698.550200996692,115.25900310952544,109.77338979096476,5.485613318560681,True,True,lower_residual_energy,5,37,5,37,79,0,0.0,174.1426177780556,324.0,False,,,True,9,2
pso,adaptive,6,360.0,6.0,1,normal,normal,26 31 44 48,0,1.0,1.0,0.0,34.78037077224997,18.1,74,4,70,3.101740268185227,0.7754350670463067,40.766281378631376,60.0,420.0,0.0,0.0,0.0,826.9595660000341,0.0,0.0,40.766281378631376,420.0,107.33923289675523,2639.5028954880127,,,,False,False,not_attempted,0,0,0,0,41,0,0.0,173.80269504982573,430.0,False,,,False,9,1
pso,adaptive,7,420.0,7.0,1,normal,normal,26 31 44 48,0,1.0,1.0,0.0,34.78037077224997,18.116666666666667,70,1,69,5.0773071523580215,5.0773071523580215,45.8435885309894,60.0,480.0,0.0,0.0,0.0,826.9595660000341,0.0,0.0,45.8435885309894,480.0,104.10869149420049,2480.9555026133576,,,,False,False,not_attempted,0,0,0,0,37,0,0.0,171.7427549458747,430.0,False,,,False,9,1
pso,adaptive,8,480.0,8.0,1,normal,normal,26 31 44 48,0,1.0,1.0,0.0,34.78037077224997,18.133333333333333,69,3,66,4.568801367389507,1.5229337891298356,50.412389898378905,60.0,540.0,0.0,0.0,0.0,826.9595660000341,0.0,0.0,50.412389898378905,540.0,99.38973287812432,2480.9555026133576,,,,False,False,not_attempted,0,0,0,0,44,0,0.0,170.12900684926333,574.0,False,,,False,9,1
pso,adaptive,9,540.0,9.0,1,normal,normal,26 31 44 48,0,1.0,1.0,0.0,34.78037077224997,18.15,66,2,64,2.8987751236060793,1.4493875618030396,53.31116502198498,60.0,600.0,0.0,0.0,0.0,826.9595660000341,0.0,0.0,53.31116502198498,600.0,94.4431869676926,2360.9555026133576,,,,False,False,not_attempted,0,0,0,0,17,0,0.0,169.55281890713212,647.0,False,,,False,9,1
pso,adaptive,10,600.0,10.0,2,degrading,degrading,26 31 44 48,0,1.0,1.0,0.0,34.78037077224997,18.166666666666668,64,4,60,2.461197722411713,0.6152994306029282,55.772362744396695,60.0,660.0,5.719996988773346e-05,443.2422304999782,443.24228769994806,1270.2018536999822,0.0,0.0,55.772362744396695,660.0,88.94705862945925,2527.242251851788,91.85049389647273,88.94705862945925,2.903435267013478,True,True,lower_residual_energy,4,17,4,17,28,0,0.0,169.4594855737988,659.0,False,,,True,9,0
pso,adaptive,11,660.0,11.0,2,degrading,degrading,26 31 44 48,4546,1.06951871657754,0.935,0.0,34.55694772339093,18.183333333333334,60,4,56,5.584642342286675,1.3961605855716688,61.35700508668337,60.0,720.0,0.0,0.0,0.0,1270.2018536999822,0.0,0.0,61.35700508668337,720.0,91.92400272635788,2543.5907411234043,,,,False,False,not_attempted,0,0,0,0,95,10,0.10526315789473684,169.0036065577671,725.0,False,,,False,9,0
pso,adaptive,12,720.0,12.0,2,degrading,degrading,26 31 44 48,4546,1.1494252873563218,0.87,0.0,34.30365951795914,18.2,56,1,55,3.6946782687247843,3.6946782687247843,65.05168335540816,60.0,780.0,0.0,0.0,0.0,1270.2018536999822,0.0,0.0,65.05168335540816,780.0,91.44532859806532,2526.6677378000904,,,,False,False,not_attempted,0,0,0,0,43,10,0.23255813953488372,168.70238617422373,743.0,False,,,False,8,0
pso,adaptive,13,780.0,13.0,2,degrading,degrading,26 31 44 48,4546,1.2422360248447206,0.8049999999999999,0.0,34.014089117506785,18.216666666666665,55,3,52,3.5063304284124697,1.1687768094708233,68.55801378382063,60.0,840.0,0.0,0.0,0.0,1270.2018536999822,0.0,0.0,68.55801378382063,840.0,94.09185082822236,2516.1940701419544,,,,False,False,not_attempted,0,0,0,0,62,8,0.12903225806451613,167.33987522043492,940.0,False,,,False,8,0
pso,adaptive,14,840.0,14.0,2,degrading,degrading,26 31 44 48,4546,1.3513513513513513,0.74,0.0,33.679839240303636,18.233333333333334,52,0,52,1.259910800619512,1.259910800619512,69.81792458444014,60.0,900.0,0.0,0.0,0.0,1270.2018536999822,0.0,0.0,69.81792458444014,900.0,97.17933175785494,2465.4675410277678,,,,False,False,not_attempted,0,0,0,0,14,3,0.21428571428571427,167.24654188710159,940.0,False,,,False,7,0
pso,adaptive,15,900.0,15.0,3,degrading,degrading,26 31 44 48,4546,1.4814814814814814,0.675,0.0,33.2897046472472,18.25,52,4,48,3.0556543031979144,0.7639135757994786,72.87357888763805,60.0,960.0,10.701074599986896,300.85998500010464,311.56105960009154,1581.7629133000737,0.0,0.0,72.87357888763805,960.0,100.26900510789264,2120.451834836317,103.53734153927108,100.26900510789264,3.2683364313784438,True,True,lower_residual_energy,5,21,5,21,41,9,0.21951219512195122,167.14922124659896,940.0,False,,,True,9,0
pso,adaptive,16,960.0,16.0,3,degrading,degrading,26 31 44 48,4546,1.639344262295082,0.61,0.0,32.828391387310525,18.266666666666666,48,3,45,4.728065742600564,1.5760219142001881,77.60164463023861,60.0,1020.0,0.0,0.0,0.0,1581.7629133000737,0.0,0.0,77.60164463023861,1020.0,102.84518300175036,2096.4238904074327,,,,False,False,not_attempted,0,0,0,0,58,9,0.15517241379310345,166.8670760414902,968.0,False,,,False,8,0
pso,adaptive,17,1020.0,17.0,3,degrading,degrading,26 31 44 48,4546,1.8348623853211008,0.545,0.0,32.27446466839824,18.283333333333335,45,2,43,3.0548622215085306,1.5274311107542653,80.65650685174714,60.0,1080.0,0.0,0.0,0.0,1581.7629133000737,0.0,0.0,80.65650685174714,1080.0,104.26079481281114,1953.3146433150396,,,,False,False,not_attempted,0,0,0,0,21,9,0.42857142857142855,166.80438726576892,1127.0,False,,,False,8,0
pso,adaptive,18,1080.0,18.0,3,degrading,degrading,26 31 44 48,4546,2.0833333333333335,0.48,0.0,31.596922859858367,18.3,43,4,39,6.81902484201844,1.70475621050461,87.47553169376557,60.0,1140.0,0.0,0.0,0.0,1581.7629133000737,0.0,0.0,87.47553169376557,1140.0,108.7041697569144,1953.3146433150396,,,,False,False,not_attempted,0,0,0,0,30,10,0.3333333333333333,166.7110539324356,1127.0,False,,,False,8,0
pso,adaptive,19,1140.0,19.0,3,degrading,degrading,26 31 44 48,4546,2.409638554216868,0.4149999999999999,0.0,30.749189772869467,18.316666666666666,39,4,35,5.919278690659926,1.4798196726649815,93.3948103844255,60.0,1200.0,0.0,0.0,0.0,1581.7629133000737,0.0,0.0,93.3948103844255,1200.0,109.86625977108434,1912.854974583197,,,,False,False,not_attempted,0,0,0,0,29,8,0.27586206896551724,166.42425297263887,1127.0,False,,,False,8,0
pso,adaptive,20,1200.0,20.0,4,disrupted,holding,26 31 44 48,4546,2.857142857142857,0.35,0.0,29.657929450275514,18.333333333333332,35,0,35,5.300934871530318,5.300934871530318,98.69574525595581,60.0,1260.0,10.850638899952173,237.69878939993214,248.5494282998843,1830.312341599958,0.0,0.0,98.69574525595581,1260.0,115.72560692380901,1773.2764475599017,115.72560692380901,125.75646994966313,-10.030863025854117,True,False,incumbent_not_worse,2,9,0,0,11,7,0.6363636363636364,166.33091963930553,1127.0,False,,,True,8,0
pso,adaptive,21,1260.0,21.0,4,disrupted,disrupted,26 31 44 48,4546,2.857142857142857,0.35,0.0,29.657929450275514,18.35,35,4,31,5.119882529511266,1.2799706323778166,103.81562778546709,60.0,1320.0,0.0,0.0,0.0,1830.312341599958,0.0,0.0,103.81562778546709,1320.0,108.82941842303998,1773.2764475599017,,,,False,False,not_attempted,0,0,0,0,23,8,0.34782608695652173,164.9263613279668,1308.0,False,,,False,8,0
pso,adaptive,22,1320.0,22.0,4,disrupted,disrupted,26 31 44 48,4546,2.857142857142857,0.35,0.0,29.657929450275514,18.366666666666667,31,3,28,9.336120160633605,3.112040053544535,113.1517479461007,60.0,1380.0,0.0,0.0,0.0,1830.312341599958,0.0,0.0,113.1517479461007,1380.0,104.90441716118715,1749.7543911199411,,,,False,False,not_attempted,0,0,0,0,56,10,0.17857142857142858,162.67966523608902,1308.0,False,,,False,8,0
pso,adaptive,23,1380.0,23.0,4,disrupted,disrupted,26 31 44 48,4546,2.857142857142857,0.35,0.0,29.657929450275514,18.383333333333333,28,0,28,6.9234432849525716,6.9234432849525716,120.07519123105327,60.0,1440.0,0.0,0.0,0.0,1830.312341599958,0.0,0.0,120.07519123105327,1440.0,96.20469087112713,1597.0563274947717,,,,False,False,not_attempted,0,0,0,0,26,5,0.19230769230769232,161.58206355822654,1308.0,False,,,False,8,0
pso,adaptive,24,1440.0,24.0,4,disrupted,disrupted,26 31 44 48,4546,2.857142857142857,0.35,0.0,29.657929450275514,18.4,28,2,26,2.7373198018617213,1.3686599009308607,122.81251103291498,60.0,1500.0,0.0,0.0,0.0,1830.312341599958,0.0,0.0,122.81251103291498,1500.0,89.23155606021515,1597.0563274947717,,,,False,False,not_attempted,0,0,0,0,23,0,0.0,161.4887302248932,1358.0,False,,,False,8,0
pso,adaptive,25,1500.0,25.0,5,disrupted,disrupted,26 31 44 48,4546,2.857142857142857,0.35,0.0,29.657929450275514,18.416666666666668,26,4,22,6.851781124819657,1.7129452812049142,129.66429215773465,60.0,1560.0,5.849997978657484e-05,56.88951889995951,56.8895773999393,1887.2019189998973,0.0,0.0,129.66429215773465,1560.0,86.59511178495292,1569.4235741422224,86.59511178495292,89.00476532773227,-2.4096535427793526,True,False,incumbent_not_worse,3,7,0,0,31,6,0.1935483870967742,160.99113972243862,1407.0,False,,,True,7,0
pso,adaptive,26,1560.0,26.0,5,disrupted,disrupted,26 31 44 48,4546,2.857142857142857,0.35,0.0,29.657929450275514,18.433333333333334,22,2,20,7.9974971437820495,3.9987485718910247,137.6617893015167,60.0,1620.0,0.0,0.0,0.0,1887.2019189998973,0.0,0.0,137.6617893015167,1620.0,79.58710462103862,1417.2651418940202,,,,False,False,not_attempted,0,0,0,0,42,11,0.2619047619047619,158.81135740862766,1407.0,False,,,False,6,0
pso,adaptive,27,1620.0,27.0,5,disrupted,disrupted,26 31 44 48,4546,2.857142857142857,0.35,0.0,29.657929450275514,18.45,20,2,18,2.6147107307951893,1.3073553653975947,140.2765000323119,60.0,1680.0,0.0,0.0,0.0,1887.2019189998973,0.0,0.0,140.2765000323119,1680.0,71.98770208111137,1417.2651418940202,,,,False,False,not_attempted,0,0,0,0,15,0,0.0,158.71802407529432,1506.0,False,,,False,5,0
pso,adaptive,28,1680.0,28.0,5,disrupted,disrupted,26 31 44 48,4546,2.857142857142857,0.35,0.0,29.657929450275514,18.466666666666665,18,4,14,3.67225251061495,0.9180631276537375,143.94875254292685,60.0,1740.0,0.0,0.0,0.0,1887.2019189998973,0.0,0.0,143.94875254292685,1740.0,69.77043057165807,1279.4029116687386,,,,False,False,not_attempted,0,0,0,0,21,4,0.19047619047619047,157.88045708519894,1617.0,False,,,False,5,0
pso,adaptive,29,1740.0,29.0,5,disrupted,disrupted,26 31 44 48,4546,2.857142857142857,0.35,0.0,29.657929450275514,18.483333333333334,14,1,13,5.058719036503982,5.058719036503982,149.00747157943084,60.0,1800.0,0.0,0.0,0.0,1887.2019189998973,0.0,0.0,149.00747157943084,1800.0,65.35669905847726,1279.4029116687386,,,,False,False,not_attempted,0,0,0,0,13,8,0.6153846153846154,156.24137268736035,1617.0,False,,,False,4,0
pso,adaptive,30,1800.0,30.0,6,recovering,recovering,26 31 44 48,4546,2.857142857142857,0.35,0.0,29.657929450275514,18.5,13,1,12,0.7974870481976593,0.7974870481976593,149.8049586276285,60.0,1860.0,6.410002242773771e-05,1.6470382999395952,1.647102399962023,1888.8490213998593,0.0,0.0,149.8049586276285,1860.0,60.5720367629405,1243.9987926756037,60.5720367629405,60.5720367629405,0.0,True,False,incumbent_not_worse,0,0,0,0,1,0,0.0,156.14803935402702,1678.0,False,,,True,3,0
pso,adaptive,31,1860.0,31.0,6,recovering,recovering,26 31 44 48,4546,2.6595744680851063,0.376,0.04,30.13000790142106,18.516666666666666,12,3,9,0.8456898351887199,0.2818966117295733,150.65064846281723,60.0,1920.0,0.0,0.0,0.0,1888.8490213998593,0.0,0.0,150.65064846281723,1920.0,58.101285307618184,1107.6894048599797,,,,False,False,not_attempted,0,0,0,0,4,1,0.25,156.08082186289076,1678.0,False,,,False,3,0
pso,adaptive,32,1920.0,32.0,6,recovering,recovering,26 31 44 48,4546,2.4875621890547266,0.40199999999999997,0.08,30.553431771897753,18.533333333333335,9,1,8,2.402954712919913,2.402954712919913,153.05360317573715,60.0,1980.0,0.0,0.0,0.0,1888.8490213998593,0.0,0.0,153.05360317573715,1980.0,55.45756790301817,1107.6894048599797,,,,False,False,not_attempted,0,0,0,0,8,5,0.625,154.36862416724182,1678.0,False,,,False,2,0
pso,adaptive,33,1980.0,33.0,6,recovering,recovering,26 31 44 48,4546,2.336448598130841,0.428,0.12,30.93535428745094,18.55,8,1,7,0.24546811255998013,0.24546811255998013,153.29907128829714,60.0,2040.0,0.0,0.0,0.0,1888.8490213998593,0.0,0.0,153.29907128829714,2040.0,51.651504452932805,1082.617338738181,,,,False,False,not_attempted,0,0,0,0,0,0,0.0,154.27529083390849,1678.0,False,,,False,2,0
pso,adaptive,34,2040.0,34.0,6,recovering,recovering,26 31 44 48,4546,2.2026431718061676,0.45399999999999996,0.16,31.281591953557413,18.566666666666666,7,1,6,1.393535339271905,1.393535339271905,154.69260662756903,60.0,2100.0,0.0,0.0,0.0,1888.8490213998593,0.0,0.0,154.69260662756903,2100.0,50.155815174719265,962.6173387381809,,,,False,False,not_attempted,0,0,0,0,1,1,1.0,152.97508882796993,1678.0,False,,,False,2,0
pso,adaptive,35,2100.0,35.0,7,recovering,recovering,26 31 44 48,4546,2.0833333333333335,0.48,0.2,31.596922859858367,18.583333333333332,6,1,5,1.8636888945776782,1.8636888945776782,156.5562955221467,60.0,2160.0,11.162859000032768,0.34293499996419996,11.505793999996968,1900.3548153998563,0.0,0.0,156.5562955221467,2160.0,47.67288069398006,967.7684246544443,47.67288069398006,47.67288069398006,0.0,True,False,incumbent_not_worse,0,0,0,0,23,1,0.043478260869565216,152.14458960865215,1678.0,False,,,True,2,0
pso,adaptive,36,2160.0,36.0,7,recovering,recovering,26 31 44 48,4546,1.976284584980237,0.506,0.24,31.885308513607917,18.6,5,0,5,2.356865421152657,2.356865421152657,158.91316094329937,60.0,2220.0,0.0,0.0,0.0,1900.3548153998563,0.0,0.0,158.91316094329937,2220.0,44.92492601223023,903.0836412312173,,,,False,False,not_attempted,0,0,0,0,19,0,0.0,151.75896867414625,1678.0,False,,,False,2,0
pso,adaptive,37,2220.0,37.0,7,recovering,recovering,26 31 44 48,4546,1.8796992481203008,0.532,0.28,32.150061135766876,18.616666666666667,5,0,5,2.1462532040280804,2.1462532040280804,161.05941414732746,60.0,2280.0,0.0,0.0,0.0,1900.3548153998563,0.0,0.0,161.05941414732746,2280.0,41.6564670865716,846.0019191016428,,,,False,False,not_attempted,0,0,0,0,12,0,0.0,151.6656353408129,1678.0,False,,,False,2,0
pso,adaptive,38,2280.0,38.0,7,recovering,recovering,26 31 44 48,4546,1.7921146953405016,0.558,0.32,32.393971446583905,18.633333333333333,5,1,4,0.9112113337548465,0.9112113337548465,161.9706254810823,60.0,2340.0,0.0,0.0,0.0,1900.3548153998563,0.0,0.0,161.9706254810823,2340.0,38.77397421539879,776.0717834333389,,,,False,False,not_attempted,0,0,0,0,14,1,0.07142857142857142,150.8732781162818,1678.0,False,,,False,2,0
pso,adaptive,39,2340.0,39.0,7,recovering,recovering,26 31 44 48,4546,1.7123287671232879,0.584,0.36,32.61940741483223,18.65,4,0,4,1.7433018687841477,1.7433018687841477,163.71392734986645,60.0,2400.0,0.0,0.0,0.0,1900.3548153998563,0.0,0.0,163.71392734986645,2400.0,36.99989643354258,656.0717834333389,,,,False,False,not_attempted,0,0,0,0,8,8,1.0,149.22330958083103,1678.0,False,,,False,2,0
pso,adaptive,40,2400.0,40.0,8,recovering,recovering,26 31 44 48,4546,1.639344262295082,0.61,0.4,32.828391387310525,18.666666666666668,4,1,3,0.8194373104357632,0.8194373104357632,164.53336466030223,60.0,2460.0,11.168747500050813,0.18332239997107536,11.352069900021888,1911.7068852998782,0.0,0.0,164.53336466030223,2460.0,34.73596121093578,661.222869349602,34.73596121093578,34.73596121093578,0.0,True,False,incumbent_not_worse,0,0,0,0,3,2,0.6666666666666666,148.52582292728448,1678.0,False,,,True,2,0
pso,adaptive,41,2460.0,41.0,8,recovering,recovering,26 31 44 48,4546,1.572327044025157,0.636,0.44,33.02266092642118,18.683333333333334,3,0,3,0.18666666666666665,0.18666666666666665,164.7200313269689,60.0,2520.0,0.0,0.0,0.0,1911.7068852998782,0.0,0.0,164.7200313269689,2520.0,33.28738456594672,524.0573514671433,,,,False,False,not_attempted,0,0,0,0,0,0,0.0,148.43248959395115,1678.0,False,,,False,1,0
pso,adaptive,42,2520.0,42.0,8,recovering,recovering,26 31 44 48,4546,1.5105740181268883,0.6619999999999999,0.48,33.20371723415564,18.7,3,2,1,0.8579167787856302,0.4289583893928151,165.57794810575453,60.0,2580.0,0.0,0.0,0.0,1911.7068852998782,0.0,0.0,165.57794810575453,2580.0,32.83594629720693,524.0573514671433,,,,False,False,not_attempted,0,0,0,0,3,2,0.6666666666666666,147.60896566597765,1855.0,False,,,False,1,0
pso,adaptive,43,2580.0,43.0,8,recovering,recovering,26 31 44 48,4546,1.4534883720930234,0.688,0.52,33.37286402038111,18.716666666666665,1,0,1,0.09333333333333332,0.09333333333333332,165.67128143908786,60.0,2640.0,0.0,0.0,0.0,1911.7068852998782,0.0,0.0,165.67128143908786,2640.0,31.486185375755504,524.0573514671433,,,,False,False,not_attempted,0,0,0,0,0,0,0.0,147.51563233264432,1855.0,False,,,False,0,0
pso,adaptive,44,2640.0,44.0,8,recovering,recovering,26 31 44 48,4546,1.400560224089636,0.714,0.56,33.531238945320474,18.733333333333334,1,1,0,30.87103939212916,30.87103939212916,196.542320831217,565.7414844601966,3205.7414844601963,0.0,0.0,0.0,1911.7068852998782,0.0,0.0,196.542320831217,3205.7414844601963,31.127252025966307,524.0573514671433,,,,False,False,not_attempted,0,0,0,0,379,33,0.0870712401055409,143.16882022750474,1998.0,True,,,False,0,0
pso,static_live,0,0.0,0.0,0,normal,initial,26 31 44 48,0,1.0,1.0,0.0,34.78037077224997,18.0,84,0,84,17.41716950529079,17.41716950529079,17.41716950529079,60.0,60.0,9.01954150001984,12.315022700000554,21.334564200020395,21.334564200020395,0.0,0.0,17.41716950529079,60.0,151.37406968292143,2569.719418511708,,,,False,False,initial_plan,0,0,0,0,96,0,0.0,177.86965881732976,0.0,False,,,True,10,10
pso,static_live,1,60.0,1.0,0,normal,normal,26 31 44 48,0,1.0,1.0,0.0,34.78037077224997,18.016666666666666,84,0,84,2.9117287974767976,2.9117287974767976,20.328898302767588,60.0,120.0,0.0,0.0,0.0,21.334564200020395,0.0,0.0,20.328898302767588,120.0,133.1191070568551,2507.5518550268002,,,,False,False,not_attempted,0,0,0,0,47,0,0.0,177.4588955213837,0.0,False,,,False,10,10
pso,static_live,2,120.0,2.0,0,normal,normal,26 31 44 48,0,1.0,1.0,0.0,34.78037077224997,18.033333333333335,84,5,79,4.945953376604522,0.9891906753209044,25.27485167937211,60.0,180.0,0.0,0.0,0.0,21.334564200020395,0.0,0.0,25.27485167937211,180.0,129.7508783653988,2355.035662758609,,,,False,False,not_attempted,0,0,0,0,48,0,0.0,176.84027550943307,239.0,False,,,False,9,5
pso,static_live,3,180.0,3.0,0,normal,normal,26 31 44 48,0,1.0,1.0,0.0,34.78037077224997,18.05,79,3,76,5.2858708059973845,1.7619569353324616,30.560722485369492,60.0,240.0,0.0,0.0,0.0,21.334564200020395,0.0,0.0,30.560722485369492,240.0,125.54196401841551,2355.035662758609,,,,False,False,not_attempted,0,0,0,0,84,0,0.0,176.08417388140913,239.0,False,,,False,9,2
pso,static_live,4,240.0,4.0,0,normal,normal,26 31 44 48,0,1.0,1.0,0.0,34.78037077224997,18.066666666666666,76,0,76,4.768439058186637,4.768439058186637,35.329161543556125,60.0,300.0,0.0,0.0,0.0,21.334564200020395,0.0,0.0,35.329161543556125,300.0,119.70961591445298,2307.5810249028364,,,,False,False,not_attempted,0,0,0,0,69,0,0.0,174.23595111138894,239.0,False,,,False,9,2
pso,static_live,5,300.0,5.0,1,normal,normal,26 31 44 48,0,1.0,1.0,0.0,34.78037077224997,18.083333333333332,76,2,74,2.033059245297843,1.0165296226489215,37.36222078885397,60.0,360.0,0.0,0.0,0.0,21.334564200020395,0.0,0.0,37.36222078885397,360.0,115.25900310952544,2179.6312187929043,,,,False,False,not_attempted,0,0,0,0,67,0,0.0,174.1426177780556,324.0,False,,,False,9,2
pso,static_live,6,360.0,6.0,1,normal,normal,26 31 44 48,0,1.0,1.0,0.0,34.78037077224997,18.1,74,4,70,2.8956701116039376,0.7239175279009844,40.25789090045791,60.0,420.0,0.0,0.0,0.0,21.334564200020395,0.0,0.0,40.25789090045791,420.0,113.42229091822706,2179.6312187929043,,,,False,False,not_attempted,0,0,0,0,34,0,0.0,173.80269504982573,430.0,False,,,False,9,1
pso,static_live,7,420.0,7.0,1,normal,normal,26 31 44 48,0,1.0,1.0,0.0,34.78037077224997,18.116666666666667,70,2,68,4.8735631587271255,2.4367815793635628,45.13145405918503,60.0,480.0,0.0,0.0,0.0,21.334564200020395,0.0,0.0,45.13145405918503,480.0,110.51467952032222,2149.403453117163,,,,False,False,not_attempted,0,0,0,0,51,0,0.0,171.7315048732715,430.0,False,,,False,9,0
pso,static_live,8,480.0,8.0,1,normal,normal,26 31 44 48,0,1.0,1.0,0.0,34.78037077224997,18.133333333333333,68,2,66,3.744268046077959,1.8721340230389796,48.875722105262994,60.0,540.0,0.0,0.0,0.0,21.334564200020395,0.0,0.0,48.875722105262994,540.0,105.54802741137986,2029.403453117163,,,,False,False,not_attempted,0,0,0,0,78,0,0.0,171.63817153993816,451.0,False,,,False,8,0
pso,static_live,9,540.0,9.0,1,normal,normal,26 31 44 48,0,1.0,1.0,0.0,34.78037077224997,18.15,66,4,62,2.7954245755306446,0.6988561438826612,51.67114668079364,60.0,600.0,0.0,0.0,0.0,21.334564200020395,0.0,0.0,51.67114668079364,600.0,101.79424707515842,2029.403453117163,,,,False,False,not_attempted,0,0,0,0,21,0,0.0,171.54640459197284,647.0,False,,,False,8,0
pso,static_live,10,600.0,10.0,2,degrading,degrading,26 31 44 48,0,1.0,1.0,0.0,34.78037077224997,18.166666666666668,62,3,59,3.8765201157009246,1.2921733719003081,55.54766679649457,60.0,660.0,0.0,0.0,0.0,21.334564200020395,0.0,0.0,55.54766679649457,660.0,99.26036237241371,1901.7228863742832,,,,False,False,not_attempted,0,0,0,0,34,0,0.0,169.9139712245009,659.0,False,,,False,8,0
pso,static_live,11,660.0,11.0,2,degrading,degrading,26 31 44 48,4546,1.06951871657754,0.935,0.0,34.55694772339093,18.183333333333334,59,2,57,3.962838415297937,1.9814192076489685,59.510505211792506,60.0,720.0,0.0,0.0,0.0,21.334564200020395,0.0,0.0,59.510505211792506,720.0,100.09084757496716,1901.7228863742832,,,,False,False,not_attempted,0,0,0,0,48,16,0.3333333333333333,168.57396062756465,659.0,False,,,False,8,0
pso,static_live,12,720.0,12.0,2,degrading,degrading,26 31 44 48,4546,1.1494252873563218,0.87,0.0,34.30365951795914,18.2,57,2,55,1.488462824084762,0.744231412042381,60.99896803587727,60.0,780.0,0.0,0.0,0.0,21.334564200020395,0.0,0.0,60.99896803587727,780.0,101.0646354565172,1735.6418566659377,,,,False,False,not_attempted,0,0,0,0,19,10,0.5263157894736842,168.36247255001456,751.0,False,,,False,8,0
pso,static_live,13,780.0,13.0,2,degrading,degrading,26 31 44 48,4546,1.2422360248447206,0.8049999999999999,0.0,34.014089117506785,18.216666666666665,55,4,51,3.11787243399187,0.7794681084979675,64.11684046986915,60.0,840.0,0.0,0.0,0.0,21.334564200020395,0.0,0.0,64.11684046986915,840.0,105.32972618493169,1735.6418566659377,,,,False,False,not_attempted,0,0,0,0,33,8,0.24242424242424243,168.26913921668122,751.0,False,,,False,8,0
pso,static_live,14,840.0,14.0,2,degrading,degrading,26 31 44 48,4546,1.3513513513513513,0.74,0.0,33.679839240303636,18.233333333333334,51,2,49,1.0170609053996504,0.5085304526998252,65.13390137526879,60.0,900.0,0.0,0.0,0.0,21.334564200020395,0.0,0.0,65.13390137526879,900.0,107.46831981790679,1726.9603944838832,,,,False,False,not_attempted,0,0,0,0,18,0,0.0,168.1532899592327,832.0,False,,,False,8,0
pso,static_live,15,900.0,15.0,3,degrading,degrading,26 31 44 48,4546,1.4814814814814814,0.675,0.0,33.2897046472472,18.25,49,2,47,2.4629812017843866,1.2314906008921933,67.59688257705318,60.0,960.0,0.0,0.0,0.0,21.334564200020395,0.0,0.0,67.59688257705318,960.0,112.24675087863268,1927.2698283553252,,,,False,False,not_attempted,0,0,0,0,51,4,0.0784313725490196,168.05995662589936,853.0,False,,,False,8,0
pso,static_live,16,960.0,16.0,3,degrading,degrading,26 31 44 48,4546,1.639344262295082,0.61,0.0,32.828391387310525,18.266666666666666,47,3,44,5.343219549610146,1.7810731832033821,72.94010212666332,60.0,1020.0,0.0,0.0,0.0,21.334564200020395,0.0,0.0,72.94010212666332,1020.0,116.1999569722158,2063.435550108226,,,,False,False,not_attempted,0,0,0,0,76,10,0.13157894736842105,167.68069826789986,968.0,False,,,False,8,0
pso,static_live,17,1020.0,17.0,3,degrading,degrading,26 31 44 48,4546,1.8348623853211008,0.545,0.0,32.27446466839824,18.283333333333335,44,2,42,4.275818822423697,2.1379094112118486,77.21592094908702,60.0,1080.0,0.0,0.0,0.0,21.334564200020395,0.0,0.0,77.21592094908702,1080.0,117.9077444684565,2065.390873435771,,,,False,False,not_attempted,0,0,0,0,38,1,0.02631578947368421,166.5343355462216,1048.0,False,,,False,8,0
pso,static_live,18,1080.0,18.0,3,degrading,degrading,26 31 44 48,4546,2.0833333333333335,0.48,0.0,31.596922859858367,18.3,42,2,40,3.6923862899120308,1.8461931449560154,80.90830723899906,60.0,1140.0,0.0,0.0,0.0,21.334564200020395,0.0,0.0,80.90830723899906,1140.0,122.4094361264094,2023.1854318519809,,,,False,False,not_attempted,0,0,0,0,31,1,0.03225806451612903,166.18717092947844,1048.0,False,,,False,8,0
pso,static_live,19,1140.0,19.0,3,degrading,degrading,26 31 44 48,4546,2.409638554216868,0.4149999999999999,0.0,30.749189772869467,18.316666666666666,40,2,38,5.170072102182953,2.5850360510914765,86.07837934118201,60.0,1200.0,0.0,0.0,0.0,21.334564200020395,0.0,0.0,86.07837934118201,1200.0,129.48835234044273,2183.8661260224544,,,,False,False,not_attempted,0,0,0,0,34,5,0.14705882352941177,166.14134481511314,1114.0,False,,,False,8,0
pso,static_live,20,1200.0,20.0,4,disrupted,holding,26 31 44 48,4546,2.857142857142857,0.35,0.0,29.657929450275514,18.333333333333332,38,1,37,5.917520218439587,5.917520218439587,91.9958995596216,60.0,1260.0,0.0,0.0,0.0,21.334564200020395,0.0,0.0,91.9958995596216,1260.0,138.78968828515184,2444.1582236067093,,,,False,False,not_attempted,0,0,0,0,30,4,0.13333333333333333,165.83020920772648,1136.0,False,,,False,8,0
pso,static_live,21,1260.0,21.0,4,disrupted,disrupted,26 31 44 48,4546,2.857142857142857,0.35,0.0,29.657929450275514,18.35,37,1,36,6.947519970295075,6.947519970295075,98.94341952991668,60.0,1320.0,0.0,0.0,0.0,21.334564200020395,0.0,0.0,98.94341952991668,1320.0,133.1421972542871,2426.855775191838,,,,False,False,not_attempted,0,0,0,0,29,15,0.5172413793103449,164.24463012986928,1308.0,False,,,False,8,0
pso,static_live,22,1320.0,22.0,4,disrupted,disrupted,26 31 44 48,4546,2.857142857142857,0.35,0.0,29.657929450275514,18.366666666666667,36,3,33,5.500858717017321,1.833619572339107,104.444278246934,60.0,1380.0,0.0,0.0,0.0,21.334564200020395,0.0,0.0,104.444278246934,1380.0,125.66506614032424,2362.703717125998,,,,False,False,not_attempted,0,0,0,0,26,6,0.23076923076923078,162.7308669301414,1308.0,False,,,False,8,0
pso,static_live,23,1380.0,23.0,4,disrupted,disrupted,26 31 44 48,4546,2.857142857142857,0.35,0.0,29.657929450275514,18.383333333333333,33,0,33,2.4691441886811343,2.4691441886811343,106.91342243561513,60.0,1440.0,0.0,0.0,0.0,21.334564200020395,0.0,0.0,106.91342243561513,1440.0,120.10749394565582,2225.954185834967,,,,False,False,not_attempted,0,0,0,0,6,0,0.0,162.63753359680805,1308.0,False,,,False,8,0
pso,static_live,24,1440.0,24.0,4,disrupted,disrupted,26 31 44 48,4546,2.857142857142857,0.35,0.0,29.657929450275514,18.4,33,4,29,4.7909440235305105,1.1977360058826276,111.70436645914565,60.0,1500.0,0.0,0.0,0.0,21.334564200020395,0.0,0.0,111.70436645914565,1500.0,118.44458115649361,2225.954185834967,,,,False,False,not_attempted,0,0,0,0,25,8,0.32,161.1472664946283,1456.0,False,,,False,8,0
pso,static_live,25,1500.0,25.0,5,disrupted,disrupted,26 31 44 48,4546,2.857142857142857,0.35,0.0,29.657929450275514,18.416666666666668,29,3,26,5.098442051300591,1.6994806837668637,116.80280851044624,60.0,1560.0,0.0,0.0,0.0,21.334564200020395,0.0,0.0,116.80280851044624,1560.0,113.3575809169177,2181.420892736755,,,,False,False,not_attempted,0,0,0,0,22,3,0.13636363636363635,160.6578502146273,1456.0,False,,,False,8,0
pso,static_live,26,1560.0,26.0,5,disrupted,disrupted,26 31 44 48,4546,2.857142857142857,0.35,0.0,29.657929450275514,18.433333333333334,26,1,25,6.474259926531419,6.474259926531419,123.27706843697766,60.0,1620.0,0.0,0.0,0.0,21.334564200020395,0.0,0.0,123.27706843697766,1620.0,108.2418065975207,2046.486986977962,,,,False,False,not_attempted,0,0,0,0,21,8,0.38095238095238093,160.56451688129397,1506.0,False,,,False,8,0
pso,static_live,27,1620.0,27.0,5,disrupted,disrupted,26 31 44 48,4546,2.857142857142857,0.35,0.0,29.657929450275514,18.45,25,3,22,9.651836519922039,3.217278839974013,132.9289049568997,60.0,1680.0,0.0,0.0,0.0,21.334564200020395,0.0,0.0,132.9289049568997,1680.0,101.3758461691789,2046.486986977962,,,,False,False,not_attempted,0,0,0,0,32,12,0.375,158.508738308171,1506.0,False,,,False,8,0
pso,static_live,28,1680.0,28.0,5,disrupted,disrupted,26 31 44 48,4546,2.857142857142857,0.35,0.0,29.657929450275514,18.466666666666665,22,3,19,10.282650311936832,3.427550103978944,143.21155526883652,60.0,1740.0,0.0,0.0,0.0,21.334564200020395,0.0,0.0,143.21155526883652,1740.0,92.5162847647815,2005.823147153951,,,,False,False,not_attempted,0,0,0,0,43,8,0.18604651162790697,157.01150013721607,1617.0,False,,,False,7,0
pso,static_live,29,1740.0,29.0,5,disrupted,disrupted,26 31 44 48,4546,2.857142857142857,0.35,0.0,29.657929450275514,18.483333333333334,19,1,18,3.20043200430737,3.20043200430737,146.4119872731439,60.0,1800.0,0.0,0.0,0.0,21.334564200020395,0.0,0.0,146.4119872731439,1800.0,81.44113064645315,1929.2768547269272,,,,False,False,not_attempted,0,0,0,0,42,0,0.0,156.91816680388274,1617.0,False,,,False,6,0
pso,static_live,30,1800.0,30.0,6,recovering,recovering,26 31 44 48,4546,2.857142857142857,0.35,0.0,29.657929450275514,18.5,18,4,14,3.0182245107107373,0.7545561276776843,149.43021178385462,60.0,1860.0,0.0,0.0,0.0,21.334564200020395,0.0,0.0,149.43021178385462,1860.0,79.17329905330665,1882.355147302134,,,,False,False,not_attempted,0,0,0,0,7,3,0.42857142857142855,156.8094798133541,1678.0,False,,,False,5,0
pso,static_live,31,1860.0,31.0,6,recovering,recovering,26 31 44 48,4546,2.6595744680851063,0.376,0.04,30.13000790142106,18.516666666666666,14,2,12,5.175629949630406,2.587814974815203,154.60584173348502,60.0,1920.0,0.0,0.0,0.0,21.334564200020395,0.0,0.0,154.60584173348502,1920.0,72.89554094357419,1716.2577783565403,,,,False,False,not_attempted,0,0,0,0,16,10,0.625,155.91460876480312,1678.0,False,,,False,5,0
pso,static_live,32,1920.0,32.0,6,recovering,recovering,26 31 44 48,4546,2.4875621890547266,0.40199999999999997,0.08,30.553431771897753,18.533333333333335,12,2,10,6.263911319326874,3.131955659663437,160.8697530528119,60.0,1980.0,0.0,0.0,0.0,21.334564200020395,0.0,0.0,160.8697530528119,1980.0,65.39910891820743,1682.0973229790065,,,,False,False,not_attempted,0,0,0,0,26,8,0.3076923076923077,154.55269680596206,1807.0,False,,,False,5,0
pso,static_live,33,1980.0,33.0,6,recovering,recovering,26 31 44 48,4546,2.336448598130841,0.428,0.12,30.93535428745094,18.55,10,1,9,3.4407084574898437,3.4407084574898437,164.31046151030174,60.0,2040.0,0.0,0.0,0.0,21.334564200020395,0.0,0.0,164.31046151030174,2040.0,57.291724057345526,1381.3004851763385,,,,False,False,not_attempted,0,0,0,0,36,10,0.2777777777777778,152.61240322943772,1807.0,False,,,False,5,0
pso,static_live,34,2040.0,34.0,6,recovering,recovering,26 31 44 48,4546,2.2026431718061676,0.45399999999999996,0.16,31.281591953557413,18.566666666666666,9,0,9,4.379626179185873,4.379626179185873,168.6900876894876,60.0,2100.0,0.0,0.0,0.0,21.334564200020395,0.0,0.0,168.6900876894876,2100.0,52.04147289115254,1216.2034793016676,,,,False,False,not_attempted,0,0,0,0,45,6,0.13333333333333333,151.99651611773317,1807.0,False,,,False,5,0
pso,static_live,35,2100.0,35.0,7,recovering,recovering,26 31 44 48,4546,2.0833333333333335,0.48,0.2,31.596922859858367,18.583333333333332,9,0,9,2.346294170473088,2.346294170473088,171.0363818599607,60.0,2160.0,0.0,0.0,0.0,21.334564200020395,0.0,0.0,171.0363818599607,2160.0,46.65683800136983,1087.6203032966378,,,,False,False,not_attempted,0,0,0,0,36,0,0.0,151.90318278439983,1807.0,False,,,False,5,0
pso,static_live,36,2160.0,36.0,7,recovering,recovering,26 31 44 48,4546,1.976284584980237,0.506,0.24,31.885308513607917,18.6,9,2,7,1.344334857940603,0.6721674289703015,172.3807167179013,60.0,2220.0,0.0,0.0,0.0,21.334564200020395,0.0,0.0,172.3807167179013,2220.0,43.18306919003846,1072.8160735719484,,,,False,False,not_attempted,0,0,0,0,12,3,0.25,151.1778514895459,1807.0,False,,,False,3,0
pso,static_live,37,2220.0,37.0,7,recovering,recovering,26 31 44 48,4546,1.8796992481203008,0.532,0.28,32.150061135766876,18.616666666666667,7,2,5,2.319847215531083,1.1599236077655415,174.70056393343236,60.0,2280.0,0.0,0.0,0.0,21.334564200020395,0.0,0.0,174.70056393343236,2280.0,40.92733475393545,1021.310017748897,,,,False,False,not_attempted,0,0,0,0,10,10,1.0,149.13432143198273,1996.0,False,,,False,2,0
pso,static_live,38,2280.0,38.0,7,recovering,recovering,26 31 44 48,4546,1.7921146953405016,0.558,0.32,32.393971446583905,18.633333333333333,5,2,3,1.7086140239301475,0.8543070119650737,176.40917795736252,60.0,2340.0,0.0,0.0,0.0,21.334564200020395,0.0,0.0,176.40917795736252,2340.0,38.042466139347106,952.8624771898662,,,,False,False,not_attempted,0,0,0,0,31,0,0.0,148.38334099469574,1996.0,False,,,False,2,0
pso,static_live,39,2340.0,39.0,7,recovering,recovering,26 31 44 48,4546,1.7123287671232879,0.584,0.36,32.61940741483223,18.65,3,0,3,0.7949656865946035,0.7949656865946035,177.2041436439571,60.0,2400.0,0.0,0.0,0.0,21.334564200020395,0.0,0.0,177.2041436439571,2400.0,35.77804979788388,888.1711855191686,,,,False,False,not_attempted,0,0,0,0,11,1,0.09090909090909091,147.68170864143445,1996.0,False,,,False,1,0
pso,static_live,40,2400.0,40.0,8,recovering,recovering,26 31 44 48,4546,1.639344262295082,0.61,0.4,32.828391387310525,18.666666666666668,3,1,2,0.40055283873996655,0.40055283873996655,177.60469648269708,60.0,2460.0,0.0,0.0,0.0,21.334564200020395,0.0,0.0,177.60469648269708,2460.0,34.54494148278792,826.2557392392027,,,,False,False,not_attempted,0,0,0,0,1,1,1.0,147.33555360007594,1996.0,False,,,False,1,0
pso,static_live,41,2460.0,41.0,8,recovering,recovering,26 31 44 48,4546,1.572327044025157,0.636,0.44,33.02266092642118,18.683333333333334,2,0,2,0.09333333333333332,0.09333333333333332,177.6980298160304,60.0,2520.0,0.0,0.0,0.0,21.334564200020395,0.0,0.0,177.6980298160304,2520.0,33.67908230441514,699.5309751816778,,,,False,False,not_attempted,0,0,0,0,0,0,0.0,147.2422202667426,1996.0,False,,,False,1,0
pso,static_live,42,2520.0,42.0,8,recovering,recovering,26 31 44 48,4546,1.5105740181268883,0.6619999999999999,0.48,33.20371723415564,18.7,2,1,1,1.273006761882215,1.273006761882215,178.97103657791263,60.0,2580.0,0.0,0.0,0.0,21.334564200020395,0.0,0.0,178.97103657791263,2580.0,33.242092578077944,694.6644622925386,,,,False,False,not_attempted,0,0,0,0,9,9,1.0,145.9692135048604,1996.0,False,,,False,1,0
pso,static_live,43,2580.0,43.0,8,recovering,recovering,26 31 44 48,4546,1.4534883720930234,0.688,0.52,33.37286402038111,18.716666666666665,1,0,1,0.09333333333333332,0.09333333333333332,179.06436991124596,60.0,2640.0,0.0,0.0,0.0,21.334564200020395,0.0,0.0,179.06436991124596,2640.0,31.525943950411484,531.53721249287,,,,False,False,not_attempted,0,0,0,0,0,0,0.0,145.87588017152706,1996.0,False,,,False,0,0
pso,static_live,44,2640.0,44.0,8,recovering,recovering,26 31 44 48,4546,1.400560224089636,0.714,0.56,33.531238945320474,18.733333333333334,1,1,0,30.730611818263277,30.730611818263277,209.79498172950926,369.92424285903655,3009.924242859037,0.0,0.0,0.0,21.334564200020395,0.0,0.0,209.79498172950926,3009.924242859037,31.25458053657439,528.7727955423081,,,,False,False,not_attempted,0,0,0,0,384,47,0.12239583333333333,138.83523233514504,1996.0,True,,,False,0,0
pso,static_frozen,0,0.0,0.0,0,normal,initial,26 31 44 48,0,1.0,1.0,0.0,34.78037077224997,18.0,84,0,84,17.41716950529079,17.41716950529079,17.41716950529079,60.0,60.0,9.01954150001984,12.315022700000554,21.334564200020395,21.334564200020395,0.0,0.0,17.41716950529079,60.0,151.37406968292143,2569.719418511708,,,,False,False,initial_plan,0,0,0,0,96,0,0.0,177.86965881732976,0.0,False,,,True,10,10
pso,static_frozen,1,60.0,1.0,0,normal,normal,26 31 44 48,0,1.0,1.0,0.0,34.78037077224997,18.016666666666666,84,0,84,2.9117287974767976,2.9117287974767976,20.328898302767588,60.0,120.0,0.0,0.0,0.0,21.334564200020395,0.0,0.0,20.328898302767588,120.0,133.1191070568551,2507.5518550268002,,,,False,False,not_attempted,0,0,0,0,47,0,0.0,177.4588955213837,0.0,False,,,False,10,10
pso,static_frozen,2,120.0,2.0,0,normal,normal,26 31 44 48,0,1.0,1.0,0.0,34.78037077224997,18.033333333333335,84,5,79,4.945953376604522,0.9891906753209044,25.27485167937211,60.0,180.0,0.0,0.0,0.0,21.334564200020395,0.0,0.0,25.27485167937211,180.0,129.7508783653988,2355.035662758609,,,,False,False,not_attempted,0,0,0,0,48,0,0.0,176.84027550943307,239.0,False,,,False,9,5
pso,static_frozen,3,180.0,3.0,0,normal,normal,26 31 44 48,0,1.0,1.0,0.0,34.78037077224997,18.05,79,3,76,5.2858708059973845,1.7619569353324616,30.560722485369492,60.0,240.0,0.0,0.0,0.0,21.334564200020395,0.0,0.0,30.560722485369492,240.0,125.54196401841551,2355.035662758609,,,,False,False,not_attempted,0,0,0,0,84,0,0.0,176.08417388140913,239.0,False,,,False,9,2
pso,static_frozen,4,240.0,4.0,0,normal,normal,26 31 44 48,0,1.0,1.0,0.0,34.78037077224997,18.066666666666666,76,0,76,4.768439454899793,4.768439454899793,35.32916194026929,60.0,300.0,0.0,0.0,0.0,21.334564200020395,0.0,0.0,35.32916194026929,300.0,119.70961591445298,2307.5810249028364,,,,False,False,not_attempted,0,0,0,0,69,0,0.0,174.23595111138894,239.0,False,,,False,9,2
pso,static_frozen,5,300.0,5.0,1,normal,normal,26 31 44 48,0,1.0,1.0,0.0,34.78037077224997,18.083333333333332,76,2,74,2.0331806617991015,1.0165903308995508,37.36234260206839,60.0,360.0,0.0,0.0,0.0,21.334564200020395,0.0,0.0,37.36234260206839,360.0,115.25900310952544,2179.6312187929043,,,,False,False,not_attempted,0,0,0,0,67,0,0.0,174.1426177780556,324.0,False,,,False,9,2
pso,static_frozen,6,360.0,6.0,1,normal,normal,26 31 44 48,0,1.0,1.0,0.0,34.78037077224997,18.1,74,4,70,2.8956701116039376,0.7239175279009844,40.25801271367233,60.0,420.0,0.0,0.0,0.0,21.334564200020395,0.0,0.0,40.25801271367233,420.0,113.42229091822706,2179.6312187929043,,,,False,False,not_attempted,0,0,0,0,34,0,0.0,173.80269504982573,430.0,False,,,False,9,1
pso,static_frozen,7,420.0,7.0,1,normal,normal,26 31 44 48,0,1.0,1.0,0.0,34.78037077224997,18.116666666666667,70,2,68,4.874305214044376,2.437152607022188,45.132317927716706,60.0,480.0,0.0,0.0,0.0,21.334564200020395,0.0,0.0,45.132317927716706,480.0,110.51467952032222,2149.403453117163,,,,False,False,not_attempted,0,0,0,0,51,0,0.0,171.7315048732715,430.0,False,,,False,9,0
pso,static_frozen,8,480.0,8.0,1,normal,normal,26 31 44 48,0,1.0,1.0,0.0,34.78037077224997,18.133333333333333,68,2,66,3.7435141569850514,1.8717570784925257,48.875832084701756,60.0,540.0,0.0,0.0,0.0,21.334564200020395,0.0,0.0,48.875832084701756,540.0,105.54802741137986,2029.403453117163,,,,False,False,not_attempted,0,0,0,0,78,0,0.0,171.63817153993816,451.0,False,,,False,8,0
pso,static_frozen,9,540.0,9.0,1,normal,normal,26 31 44 48,0,1.0,1.0,0.0,34.78037077224997,18.15,66,4,62,2.7954364093063027,0.6988591023265757,51.67126849400806,60.0,600.0,0.0,0.0,0.0,21.334564200020395,0.0,0.0,51.67126849400806,600.0,101.79424707515842,2029.403453117163,,,,False,False,not_attempted,0,0,0,0,21,0,0.0,171.54640459197284,647.0,False,,,False,8,0
pso,static_frozen,10,600.0,10.0,2,degrading,degrading,26 31 44 48,0,1.0,1.0,0.0,34.78037077224997,18.166666666666668,62,3,59,3.8765201157009246,1.2921733719003081,55.54778860970899,60.0,660.0,0.0,0.0,0.0,21.334564200020395,0.0,0.0,55.54778860970899,660.0,99.26036237241371,1901.7228863742832,,,,False,False,not_attempted,0,0,0,0,34,0,0.0,169.9139712245009,659.0,False,,,False,8,0
pso,static_frozen,11,660.0,11.0,2,degrading,degrading,26 31 44 48,4546,1.06951871657754,0.935,0.0,34.55694772339093,18.183333333333334,59,2,57,3.962838415297937,1.9814192076489685,59.510627025006926,60.0,720.0,0.0,0.0,0.0,21.334564200020395,0.0,0.0,59.510627025006926,720.0,100.09084757496716,1901.7228863742832,,,,False,False,not_attempted,0,0,0,0,48,16,0.3333333333333333,168.57396062756465,659.0,False,,,False,8,0
pso,static_frozen,12,720.0,12.0,2,degrading,degrading,26 31 44 48,4546,1.1494252873563218,0.87,0.0,34.30365951795914,18.2,57,2,55,1.497772072515928,0.748886036257964,61.008399097522855,60.0,780.0,0.0,0.0,0.0,21.334564200020395,0.0,0.0,61.008399097522855,780.0,101.0646354565172,1735.6418566659377,,,,False,False,not_attempted,0,0,0,0,20,12,0.6,168.36247255001456,751.0,False,,,False,8,0
pso,static_frozen,13,780.0,13.0,2,degrading,degrading,26 31 44 48,4546,1.2422360248447206,0.8049999999999999,0.0,34.014089117506785,18.216666666666665,55,4,51,3.1250314348658934,0.7812578587164734,64.13343053238874,60.0,840.0,0.0,0.0,0.0,21.334564200020395,0.0,0.0,64.13343053238874,840.0,105.32972618493169,1735.6418566659377,,,,False,False,not_attempted,0,0,0,0,32,8,0.25,168.26913921668122,751.0,False,,,False,8,0
pso,static_frozen,14,840.0,14.0,2,degrading,degrading,26 31 44 48,4546,1.3513513513513513,0.74,0.0,33.679839240303636,18.233333333333334,51,2,49,1.0235833564773926,0.5117916782386963,65.15701388886613,60.0,900.0,0.0,0.0,0.0,21.334564200020395,0.0,0.0,65.15701388886613,900.0,107.8335111605019,1726.9603944838832,,,,False,False,not_attempted,0,0,0,0,19,0,0.0,168.1532899592327,832.0,False,,,False,8,0
pso,static_frozen,15,900.0,15.0,3,degrading,degrading,26 31 44 48,4546,1.4814814814814814,0.675,0.0,33.2897046472472,18.25,49,2,47,2.4747293759644085,1.2373646879822042,67.63174326483055,60.0,960.0,0.0,0.0,0.0,21.334564200020395,0.0,0.0,67.63174326483055,960.0,112.24675087863268,1927.2698283553252,,,,False,False,not_attempted,0,0,0,0,51,4,0.0784313725490196,168.05995662589936,853.0,False,,,False,8,0
pso,static_frozen,16,960.0,16.0,3,degrading,degrading,26 31 44 48,4546,1.639344262295082,0.61,0.0,32.828391387310525,18.266666666666666,47,3,44,6.0537585991354534,2.017919533045151,73.685501863966,60.0,1020.0,0.0,0.0,0.0,21.334564200020395,0.0,0.0,73.685501863966,1020.0,116.1999569722158,2063.435550108226,,,,False,False,not_attempted,0,0,0,0,82,16,0.1951219512195122,167.68069826789986,968.0,False,,,False,8,0
pso,static_frozen,17,1020.0,17.0,3,degrading,degrading,26 31 44 48,4546,1.8348623853211008,0.545,0.0,32.27446466839824,18.283333333333335,44,2,42,4.23968392985645,2.119841964928225,77.92518579382245,60.0,1080.0,0.0,0.0,0.0,21.334564200020395,0.0,0.0,77.92518579382245,1080.0,117.9077444684565,2065.390873435771,,,,False,False,not_attempted,0,0,0,0,38,1,0.02631578947368421,166.5343355462216,1048.0,False,,,False,8,0
pso,static_frozen,18,1080.0,18.0,3,degrading,degrading,26 31 44 48,4546,2.0833333333333335,0.48,0.0,31.596922859858367,18.3,42,2,40,3.9031682471957194,1.9515841235978597,81.82835404101817,60.0,1140.0,0.0,0.0,0.0,21.334564200020395,0.0,0.0,81.82835404101817,1140.0,122.4094361264094,2023.1854318519809,,,,False,False,not_attempted,0,0,0,0,31,1,0.03225806451612903,166.18717092947844,1048.0,False,,,False,8,0
pso,static_frozen,19,1140.0,19.0,3,degrading,degrading,26 31 44 48,4546,2.409638554216868,0.4149999999999999,0.0,30.749189772869467,18.316666666666666,40,2,38,9.571407483597609,4.785703741798804,91.39976152461578,60.0,1200.0,0.0,0.0,0.0,21.334564200020395,0.0,0.0,91.39976152461578,1200.0,129.48835234044273,2183.8661260224544,,,,False,False,not_attempted,0,0,0,0,53,24,0.4528301886792453,164.95553297372487,1114.0,False,,,False,8,0
pso,static_frozen,20,1200.0,20.0,4,disrupted,holding,26 31 44 48,4546,2.857142857142857,0.35,0.0,29.657929450275514,18.333333333333332,38,1,37,8.906540818891173,8.906540818891173,100.30630234350696,60.0,1260.0,0.0,0.0,0.0,21.334564200020395,0.0,0.0,100.30630234350696,1260.0,135.16811150965745,2417.703068011617,,,,False,False,not_attempted,0,0,0,0,39,17,0.4358974358974359,162.20487050394166,1136.0,False,,,False,8,0
pso,static_frozen,21,1260.0,21.0,4,disrupted,disrupted,26 31 44 48,4546,2.857142857142857,0.35,0.0,29.657929450275514,18.35,37,1,36,5.544482998851926,5.544482998851926,105.85078534235888,60.0,1320.0,0.0,0.0,0.0,21.334564200020395,0.0,0.0,105.85078534235888,1320.0,131.0633504444532,2358.1543664651917,,,,False,False,not_attempted,0,0,0,0,23,10,0.43478260869565216,160.6918978244105,1308.0,False,,,False,8,0
pso,static_frozen,22,1320.0,22.0,4,disrupted,disrupted,26 31 44 48,4546,2.857142857142857,0.35,0.0,29.657929450275514,18.366666666666667,36,3,33,3.6319308252077147,1.2106436084025716,109.4827161675666,60.0,1380.0,0.0,0.0,0.0,21.334564200020395,0.0,0.0,109.4827161675666,1380.0,128.58871418172166,2225.954185834967,,,,False,False,not_attempted,0,0,0,0,22,2,0.09090909090909091,160.59856449107716,1308.0,False,,,False,8,0
pso,static_frozen,23,1380.0,23.0,4,disrupted,disrupted,26 31 44 48,4546,2.857142857142857,0.35,0.0,29.657929450275514,18.383333333333333,33,2,31,9.742282921675722,4.871141460837861,119.22499908924232,60.0,1440.0,0.0,0.0,0.0,21.334564200020395,0.0,0.0,119.22499908924232,1440.0,125.51974122398381,2225.954185834967,,,,False,False,not_attempted,0,0,0,0,26,20,0.7692307692307693,159.106239913973,1308.0,False,,,False,8,0
pso,static_frozen,24,1440.0,24.0,4,disrupted,disrupted,26 31 44 48,4546,2.857142857142857,0.35,0.0,29.657929450275514,18.4,31,2,29,6.407171420656735,3.2035857103283676,125.63217050989905,60.0,1500.0,0.0,0.0,0.0,21.334564200020395,0.0,0.0,125.63217050989905,1500.0,117.13793054029905,2166.4869869779623,,,,False,False,not_attempted,0,0,0,0,17,11,0.6470588235294118,158.61888110889635,1456.0,False,,,False,8,0
pso,static_frozen,25,1500.0,25.0,5,disrupted,disrupted,26 31 44 48,4546,2.857142857142857,0.35,0.0,29.657929450275514,18.416666666666668,29,3,26,6.364123402792694,2.1213744675975645,131.99629391269175,60.0,1560.0,0.0,0.0,0.0,21.334564200020395,0.0,0.0,131.99629391269175,1560.0,112.67760075844441,2046.486986977962,,,,False,False,not_attempted,0,0,0,0,25,10,0.4,158.4828027247627,1456.0,False,,,False,8,0
pso,static_frozen,26,1560.0,26.0,5,disrupted,disrupted,26 31 44 48,4546,2.857142857142857,0.35,0.0,29.657929450275514,18.433333333333334,26,3,23,15.208823212996684,5.069607737665561,147.20511712568845,60.0,1620.0,0.0,0.0,0.0,21.334564200020395,0.0,0.0,147.20511712568845,1620.0,108.36176661302369,2046.486986977962,,,,False,False,not_attempted,0,0,0,0,43,30,0.6976744186046512,154.6275480773408,1506.0,False,,,False,8,0
pso,static_frozen,27,1620.0,27.0,5,disrupted,disrupted,26 31 44 48,4546,2.857142857142857,0.35,0.0,29.657929450275514,18.45,23,1,22,12.952635337977913,12.952635337977913,160.15775246366636,60.0,1680.0,0.0,0.0,0.0,21.334564200020395,0.0,0.0,160.15775246366636,1680.0,95.04741480262794,2031.0438392044305,,,,False,False,not_attempted,0,0,0,0,40,19,0.475,151.2688022502756,1506.0,False,,,False,8,0
pso,static_frozen,28,1680.0,28.0,5,disrupted,disrupted,26 31 44 48,4546,2.857142857142857,0.35,0.0,29.657929450275514,18.466666666666665,22,3,19,6.688245059205776,2.2294150197352587,166.84599752287212,60.0,1740.0,0.0,0.0,0.0,21.334564200020395,0.0,0.0,166.84599752287212,1740.0,87.04040276444691,1887.8358816065477,,,,False,False,not_attempted,0,0,0,0,32,0,0.0,150.63610231638918,1617.0,False,,,False,7,0
pso,static_frozen,29,1740.0,29.0,5,disrupted,disrupted,26 31 44 48,4546,2.857142857142857,0.35,0.0,29.657929450275514,18.483333333333334,19,3,16,3.0637380459416304,1.0212460153138767,169.90973556881374,60.0,1800.0,0.0,0.0,0.0,21.334564200020395,0.0,0.0,169.90973556881374,1800.0,80.26854853369214,1755.4935013901643,,,,False,False,not_attempted,0,0,0,0,8,3,0.375,150.54276898305585,1617.0,False,,,False,6,0
pso,static_frozen,30,1800.0,30.0,6,recovering,recovering,26 31 44 48,4546,2.857142857142857,0.35,0.0,29.657929450275514,18.5,16,3,13,8.728943833080988,2.9096479443603296,178.63867940189473,60.0,1860.0,0.0,0.0,0.0,21.334564200020395,0.0,0.0,178.63867940189473,1860.0,76.43725104707885,1755.4935013901643,,,,False,False,not_attempted,0,0,0,0,20,17,0.85,146.34571004270907,1678.0,False,,,False,5,0
pso,static_frozen,31,1860.0,31.0,6,recovering,recovering,26 31 44 48,4546,2.6595744680851063,0.376,0.04,30.13000790142106,18.516666666666666,13,2,11,10.311503851614633,5.155751925807317,188.95018325350938,60.0,1920.0,0.0,0.0,0.0,21.334564200020395,0.0,0.0,188.95018325350938,1920.0,66.23983942810186,1660.422385617572,,,,False,False,not_attempted,0,0,0,0,31,24,0.7741935483870968,138.97624362566103,1678.0,False,,,False,5,0
pso,static_frozen,32,1920.0,32.0,6,recovering,recovering,26 31 44 48,4546,2.4875621890547266,0.40199999999999997,0.08,30.553431771897753,18.533333333333335,11,2,9,6.663955220031322,3.331977610015661,195.6141384735407,60.0,1980.0,0.0,0.0,0.0,21.334564200020395,0.0,0.0,195.6141384735407,1980.0,60.47416344435204,1563.88109670833,,,,False,False,not_attempted,0,0,0,0,31,10,0.3225806451612903,137.84806397940898,1807.0,False,,,False,5,0
pso,static_frozen,33,1980.0,33.0,6,recovering,recovering,26 31 44 48,4546,2.336448598130841,0.428,0.12,30.93535428745094,18.55,9,0,9,1.9773638336396162,1.9773638336396162,197.59150230718032,60.0,2040.0,0.0,0.0,0.0,21.334564200020395,0.0,0.0,197.59150230718032,2040.0,52.12484643478191,1180.3548230858778,,,,False,False,not_attempted,0,0,0,0,43,2,0.046511627906976744,137.75473064607564,1807.0,False,,,False,5,0
pso,static_frozen,34,2040.0,34.0,6,recovering,recovering,26 31 44 48,4546,2.2026431718061676,0.45399999999999996,0.16,31.281591953557413,18.566666666666666,9,1,8,4.885638561602767,4.885638561602767,202.4771408687831,60.0,2100.0,0.0,0.0,0.0,21.334564200020395,0.0,0.0,202.4771408687831,2100.0,48.931753057429475,1095.2221636375655,,,,False,False,not_attempted,0,0,0,0,40,10,0.25,134.83262712328096,1807.0,False,,,False,4,0
pso,static_frozen,35,2100.0,35.0,7,recovering,recovering,26 31 44 48,4546,2.0833333333333335,0.48,0.2,31.596922859858367,18.583333333333332,8,2,6,5.483200252626908,2.741600126313454,207.96034112141,60.0,2160.0,0.0,0.0,0.0,21.334564200020395,0.0,0.0,207.96034112141,2160.0,44.15270023968735,899.5418411258219,,,,False,False,not_attempted,0,0,0,0,47,11,0.23404255319148937,131.2920770643946,1807.0,False,,,False,4,0
pso,static_frozen,36,2160.0,36.0,7,recovering,recovering,26 31 44 48,4546,1.976284584980237,0.506,0.24,31.885308513607917,18.6,6,0,6,0.3861786693736622,0.3861786693736622,208.34651979078367,60.0,2220.0,0.0,0.0,0.0,21.334564200020395,0.0,0.0,208.34651979078367,2220.0,37.74774448364966,724.9707101796178,,,,False,False,not_attempted,0,0,0,0,1,0,0.0,131.19874373106126,1807.0,False,,,False,2,0
pso,static_frozen,37,2220.0,37.0,7,recovering,recovering,26 31 44 48,4546,1.8796992481203008,0.532,0.28,32.150061135766876,18.616666666666667,6,3,3,0.7564980074030565,0.2521660024676855,209.10301779818673,60.0,2280.0,0.0,0.0,0.0,21.334564200020395,0.0,0.0,209.10301779818673,2280.0,36.90488100566751,717.6717164906014,,,,False,False,not_attempted,0,0,0,0,3,3,1.0,130.65931651022575,1996.0,False,,,False,2,0
pso,static_frozen,38,2280.0,38.0,7,recovering,recovering,26 31 44 48,4546,1.7921146953405016,0.558,0.32,32.393971446583905,18.633333333333333,3,1,2,2.340488671590329,2.340488671590329,211.44350646977705,60.0,2340.0,0.0,0.0,0.0,21.334564200020395,0.0,0.0,211.44350646977705,2340.0,35.737735775527106,704.4097312792547,,,,False,False,not_attempted,0,0,0,0,17,6,0.35294117647058826,129.25049075572295,1996.0,False,,,False,2,0
pso,static_frozen,39,2340.0,39.0,7,recovering,recovering,26 31 44 48,4546,1.7123287671232879,0.584,0.36,32.61940741483223,18.65,2,0,2,0.18666666666666665,0.18666666666666665,211.63017313644372,60.0,2400.0,0.0,0.0,0.0,21.334564200020395,0.0,0.0,211.63017313644372,2400.0,32.856062034855015,545.0563474428784,,,,False,False,not_attempted,0,0,0,0,0,0,0.0,129.15715742238962,1996.0,False,,,False,0,0
pso,static_frozen,40,2400.0,40.0,8,recovering,recovering,26 31 44 48,4546,1.639344262295082,0.61,0.4,32.828391387310525,18.666666666666668,2,2,0,35.20963652578163,17.604818262890817,246.83980966222535,375.8271986093049,2775.827198609305,0.0,0.0,0.0,21.334564200020395,0.0,0.0,246.83980966222535,2775.827198609305,32.48057079144114,541.2443946373023,,,,False,False,not_attempted,0,0,0,0,360,83,0.23055555555555557,118.90715805956597,1996.0,True,,,False,0,0
ga,adaptive,0,0.0,0.0,0,normal,initial,26 31 44 48,0,1.0,1.0,0.0,34.78037077224997,18.0,84,0,84,17.649882122789972,17.649882122789972,17.649882122789972,60.0,60.0,8.482715899939649,17.265034900046885,25.747750799986534,25.747750799986534,0.0,0.0,17.649882122789972,60.0,137.0202222079973,2575.791665618115,,,,False,False,initial_plan,0,0,0,0,110,0,0.0,177.61134889028398,0.0,False,,,True,10,10
ga,adaptive,1,60.0,1.0,0,normal,normal,26 31 44 48,0,1.0,1.0,0.0,34.78037077224997,18.016666666666666,84,0,84,3.860832221189131,3.860832221189131,21.510714343979103,60.0,120.0,0.0,0.0,0.0,25.747750799986534,0.0,0.0,21.510714343979103,120.0,118.33481725358962,2408.508397267874,,,,False,False,not_attempted,0,0,0,0,48,0,0.0,176.09020652430007,0.0,False,,,False,10,10
ga,adaptive,2,120.0,2.0,0,normal,normal,26 31 44 48,0,1.0,1.0,0.0,34.78037077224997,18.033333333333335,84,5,79,5.469586054369472,1.0939172108738944,26.980300398348575,60.0,180.0,0.0,0.0,0.0,25.747750799986534,0.0,0.0,26.980300398348575,180.0,114.32039977398952,2408.508397267874,,,,False,False,not_attempted,0,0,0,0,54,0,0.0,174.7596401655785,230.0,False,,,False,10,5
ga,adaptive,3,180.0,3.0,0,normal,normal,26 31 44 48,0,1.0,1.0,0.0,34.78037077224997,18.05,79,2,77,7.011609396691212,3.505804698345606,33.99190979503979,60.0,240.0,0.0,0.0,0.0,25.747750799986534,0.0,0.0,33.99190979503979,240.0,109.00105004153725,2395.4649197227227,,,,False,False,not_attempted,0,0,0,0,102,0,0.0,174.34235459366602,230.0,False,,,False,10,3
ga,adaptive,4,240.0,4.0,0,normal,normal,26 31 44 48,0,1.0,1.0,0.0,34.78037077224997,18.066666666666666,77,0,77,7.1547879192985535,7.1547879192985535,41.146697714338345,60.0,300.0,0.0,0.0,0.0,25.747750799986534,0.0,0.0,41.146697714338345,300.0,102.22978058226929,2222.1724931702206,,,,False,False,not_attempted,0,0,0,0,63,0,0.0,173.4394704160569,230.0,False,,,False,10,3
ga,adaptive,5,300.0,5.0,1,normal,normal,26 31 44 48,0,1.0,1.0,0.0,34.78037077224997,18.083333333333332,77,3,74,2.675963325709791,0.891987775236597,43.82266104004813,60.0,360.0,10.551847500028089,1227.2714489999926,1237.8232965000207,1263.5710473000072,0.0,0.0,43.82266104004813,360.0,95.1717140869908,2222.1724931702206,95.1717140869908,106.01582479873737,-10.844110711746566,True,False,incumbent_not_worse,6,37,0,0,34,0,0.0,173.10775928116314,402.0,False,,,True,10,2
ga,adaptive,6,360.0,6.0,1,normal,normal,26 31 44 48,0,1.0,1.0,0.0,34.78037077224997,18.1,74,2,72,2.766193936465484,1.383096968232742,46.588854976513616,60.0,420.0,0.0,0.0,0.0,1263.5710473000072,0.0,0.0,46.588854976513616,420.0,92.60410325990152,2214.6116397759683,,,,False,False,not_attempted,0,0,0,0,81,0,0.0,173.0144259478298,422.0,False,,,False,10,1
ga,adaptive,7,420.0,7.0,1,normal,normal,26 31 44 48,0,1.0,1.0,0.0,34.78037077224997,18.116666666666667,72,4,68,4.347192794898818,1.0867981987247044,50.93604777141243,60.0,480.0,0.0,0.0,0.0,1263.5710473000072,0.0,0.0,50.93604777141243,480.0,89.92368642949396,2148.2053198083527,,,,False,False,not_attempted,0,0,0,0,87,0,0.0,171.7315048732715,422.0,False,,,False,10,0
ga,adaptive,8,480.0,8.0,1,normal,normal,26 31 44 48,0,1.0,1.0,0.0,34.78037077224997,18.133333333333333,68,2,66,2.5250093236515756,1.2625046618257878,53.46105709506401,60.0,540.0,0.0,0.0,0.0,1263.5710473000072,0.0,0.0,53.46105709506401,540.0,85.28714308081315,2087.667082619376,,,,False,False,not_attempted,0,0,0,0,64,0,0.0,171.63817153993816,647.0,False,,,False,10,0
ga,adaptive,9,540.0,9.0,1,normal,normal,26 31 44 48,0,1.0,1.0,0.0,34.78037077224997,18.15,66,4,62,3.0619730013422446,0.7654932503355611,56.52303009640625,60.0,600.0,0.0,0.0,0.0,1263.5710473000072,0.0,0.0,56.52303009640625,600.0,82.77007440456873,1959.541901191854,,,,False,False,not_attempted,0,0,0,0,70,0,0.0,171.54640459197284,647.0,False,,,False,10,0
ga,adaptive,10,600.0,10.0,2,degrading,degrading,26 31 44 48,0,1.0,1.0,0.0,34.78037077224997,18.166666666666668,62,3,59,4.390709018242486,1.4635696727474954,60.913739114648735,60.0,660.0,5.8299978263676167e-05,506.8818977000192,506.88195599999744,1770.4530033000046,0.0,0.0,60.913739114648735,660.0,80.09411359828835,1959.541901191854,80.09411359828835,98.66077012937346,-18.566656531085115,True,False,incumbent_not_worse,6,35,0,0,80,0,0.0,171.29011539682318,647.0,False,,,True,10,0
ga,adaptive,11,660.0,11.0,2,degrading,degrading,26 31 44 48,4546,1.06951871657754,0.935,0.0,34.55694772339093,18.183333333333334,59,1,58,2.7212854381514275,2.7212854381514275,63.63502455280016,60.0,720.0,0.0,0.0,0.0,1770.4530033000046,0.0,0.0,63.63502455280016,720.0,79.34236430594451,1924.1916735795085,,,,False,False,not_attempted,0,0,0,0,47,16,0.3404255319148936,171.00102300959978,647.0,False,,,False,9,0
ga,adaptive,12,720.0,12.0,2,degrading,degrading,26 31 44 48,4546,1.1494252873563218,0.87,0.0,34.30365951795914,18.2,58,4,54,2.5968492142326336,0.6492123035581584,66.2318737670328,60.0,780.0,0.0,0.0,0.0,1770.4530033000046,0.0,0.0,66.2318737670328,780.0,81.27757891777756,1859.2014371100104,,,,False,False,not_attempted,0,0,0,0,31,0,0.0,169.9712503230566,647.0,False,,,False,8,0
ga,adaptive,13,780.0,13.0,2,degrading,degrading,26 31 44 48,4546,1.2422360248447206,0.8049999999999999,0.0,34.014089117506785,18.216666666666665,54,2,52,3.6144522267876966,1.8072261133938483,69.84632599382049,60.0,840.0,0.0,0.0,0.0,1770.4530033000046,0.0,0.0,69.84632599382049,840.0,83.59527991431824,1888.2494714272075,,,,False,False,not_attempted,0,0,0,0,39,19,0.48717948717948717,168.6873506151558,822.0,False,,,False,8,0
ga,adaptive,14,840.0,14.0,2,degrading,degrading,26 31 44 48,4546,1.3513513513513513,0.74,0.0,33.679839240303636,18.233333333333334,52,3,49,2.0628728377358123,0.6876242792452708,71.9091988315563,60.0,900.0,0.0,0.0,0.0,1770.4530033000046,0.0,0.0,71.9091988315563,900.0,85.0360538992018,1982.0401543353223,,,,False,False,not_attempted,0,0,0,0,31,0,0.0,168.44749961377207,822.0,False,,,False,8,0
ga,adaptive,15,900.0,15.0,3,degrading,degrading,26 31 44 48,4546,1.4814814814814814,0.675,0.0,33.2897046472472,18.25,49,3,46,3.59984082571508,1.1999469419050266,75.50903965727137,60.0,960.0,10.600158900022507,338.77192900003865,349.37208790006116,2119.825091200066,0.0,0.0,75.50903965727137,960.0,89.21357688529599,2028.6696681055107,89.21357688529599,90.00812946611548,-0.7945525808194844,True,False,incumbent_not_worse,4,8,0,0,43,12,0.27906976744186046,168.39759137099304,822.0,False,,,True,8,0
ga,adaptive,16,960.0,16.0,3,degrading,degrading,26 31 44 48,4546,1.639344262295082,0.61,0.0,32.828391387310525,18.266666666666666,46,1,45,4.631728588882946,4.631728588882946,80.14076824615432,60.0,1020.0,0.0,0.0,0.0,2119.825091200066,0.0,0.0,80.14076824615432,1020.0,91.99092494807073,2015.6625810309981,,,,False,False,not_attempted,0,0,0,0,48,14,0.2916666666666667,168.04603203450077,822.0,False,,,False,8,0
ga,adaptive,17,1020.0,17.0,3,degrading,degrading,26 31 44 48,4546,1.8348623853211008,0.545,0.0,32.27446466839824,18.283333333333335,45,3,42,4.078940000044155,1.3596466666813851,84.21970824619848,60.0,1080.0,0.0,0.0,0.0,2119.825091200066,0.0,0.0,84.21970824619848,1080.0,95.29390767885931,2004.0793330853885,,,,False,False,not_attempted,0,0,0,0,45,8,0.17777777777777778,167.78109863358927,943.0,False,,,False,8,0
ga,adaptive,18,1080.0,18.0,3,degrading,degrading,26 31 44 48,4546,2.0833333333333335,0.48,0.0,31.596922859858367,18.3,42,1,41,3.0260276309002037,3.0260276309002037,87.24573587709868,60.0,1140.0,0.0,0.0,0.0,2119.825091200066,0.0,0.0,87.24573587709868,1140.0,99.66897127176426,1975.572351818468,,,,False,False,not_attempted,0,0,0,0,15,2,0.13333333333333333,167.68776530025593,943.0,False,,,False,8,0
ga,adaptive,19,1140.0,19.0,3,degrading,degrading,26 31 44 48,4546,2.409638554216868,0.4149999999999999,0.0,30.749189772869467,18.316666666666666,41,2,39,1.3112667790493802,0.6556333895246901,88.55700265614806,60.0,1200.0,0.0,0.0,0.0,2119.825091200066,0.0,0.0,88.55700265614806,1200.0,108.66646804016516,2027.1744554624308,,,,False,False,not_attempted,0,0,0,0,14,0,0.0,167.15027002620576,967.0,False,,,False,8,0
ga,adaptive,20,1200.0,20.0,4,disrupted,holding,26 31 44 48,4546,2.857142857142857,0.35,0.0,29.657929450275514,18.333333333333332,39,5,34,10.389769275117727,2.0779538550235452,98.94677193126579,60.0,1260.0,10.54020190006122,349.27305259997956,359.8132545000408,2479.6383457001066,0.0,0.0,98.94677193126579,1260.0,120.40315032190142,1699.8123058448575,123.41950257255445,120.40315032190142,3.0163522506530285,True,True,lower_residual_energy,2,9,2,9,64,12,0.1875,167.05693669287243,1016.0,False,,,True,10,0
ga,adaptive,21,1260.0,21.0,4,disrupted,disrupted,26 31 44 48,4546,2.857142857142857,0.35,0.0,29.657929450275514,18.35,34,1,33,5.975978698130398,5.975978698130398,104.92275062939619,60.0,1320.0,0.0,0.0,0.0,2479.6383457001066,0.0,0.0,104.92275062939619,1320.0,109.33137650019742,1664.4081868517226,,,,False,False,not_attempted,0,0,0,0,50,1,0.02,166.45211780365688,1016.0,False,,,False,10,0
ga,adaptive,22,1320.0,22.0,4,disrupted,disrupted,26 31 44 48,4546,2.857142857142857,0.35,0.0,29.657929450275514,18.366666666666667,33,2,31,3.412485362286046,1.706242681143023,108.33523599168224,60.0,1380.0,0.0,0.0,0.0,2479.6383457001066,0.0,0.0,108.33523599168224,1380.0,103.64885176000995,1533.2498849523615,,,,False,False,not_attempted,0,0,0,0,24,0,0.0,166.30240376299795,1118.0,False,,,False,10,0
ga,adaptive,23,1380.0,23.0,4,disrupted,disrupted,26 31 44 48,4546,2.857142857142857,0.35,0.0,29.657929450275514,18.383333333333333,31,4,27,6.258904690993306,1.5647261727483266,114.59414068267554,60.0,1440.0,0.0,0.0,0.0,2479.6383457001066,0.0,0.0,114.59414068267554,1440.0,100.30488842772054,1533.2498849523615,,,,False,False,not_attempted,0,0,0,0,26,7,0.2692307692307692,163.25040192002893,1168.0,False,,,False,8,0
ga,adaptive,24,1440.0,24.0,4,disrupted,disrupted,26 31 44 48,4546,2.857142857142857,0.35,0.0,29.657929450275514,18.4,27,4,23,9.352278320834985,2.3380695802087463,123.94641900351053,60.0,1500.0,0.0,0.0,0.0,2479.6383457001066,0.0,0.0,123.94641900351053,1500.0,93.91492462833821,1508.177818830563,,,,False,False,not_attempted,0,0,0,0,32,13,0.40625,160.63455664113852,1236.0,False,,,False,7,0
ga,adaptive,25,1500.0,25.0,5,disrupted,disrupted,26 31 44 48,4546,2.857142857142857,0.35,0.0,29.657929450275514,18.416666666666668,23,1,22,6.26633035597363,6.26633035597363,130.21274935948415,60.0,1560.0,5.7299970649182796e-05,42.48310449998826,42.48316179995891,2522.1215075000655,0.0,0.0,130.21274935948415,1560.0,84.21941437082684,1388.177818830563,84.21941437082684,87.98056904972634,-3.7611546788995014,True,False,incumbent_not_worse,1,6,0,0,21,9,0.42857142857142855,160.12021334252222,1236.0,False,,,True,6,0
ga,adaptive,26,1560.0,26.0,5,disrupted,disrupted,26 31 44 48,4546,2.857142857142857,0.35,0.0,29.657929450275514,18.433333333333334,22,2,20,2.8268194137124723,1.4134097068562361,133.03956877319663,60.0,1620.0,0.0,0.0,0.0,2522.1215075000655,0.0,0.0,133.03956877319663,1620.0,78.37191519476195,1388.177818830563,,,,False,False,not_attempted,0,0,0,0,23,4,0.17391304347826086,160.0268800091889,1318.0,False,,,False,6,0
ga,adaptive,27,1620.0,27.0,5,disrupted,disrupted,26 31 44 48,4546,2.857142857142857,0.35,0.0,29.657929450275514,18.45,20,4,16,5.348625410886532,1.337156352721633,138.38819418408318,60.0,1680.0,0.0,0.0,0.0,2522.1215075000655,0.0,0.0,138.38819418408318,1680.0,76.17037616034501,1330.8749181492665,,,,False,False,not_attempted,0,0,0,0,50,4,0.08,157.91192942098985,1318.0,False,,,False,6,0
ga,adaptive,28,1680.0,28.0,5,disrupted,disrupted,26 31 44 48,4546,2.857142857142857,0.35,0.0,29.657929450275514,18.466666666666665,16,1,15,3.899043056092147,3.899043056092147,142.28723724017533,60.0,1740.0,0.0,0.0,0.0,2522.1215075000655,0.0,0.0,142.28723724017533,1740.0,69.34379266211747,1268.2638990184914,,,,False,False,not_attempted,0,0,0,0,30,4,0.13333333333333333,155.73002846615142,1318.0,False,,,False,5,0
ga,adaptive,29,1740.0,29.0,5,disrupted,disrupted,26 31 44 48,4546,2.857142857142857,0.35,0.0,29.657929450275514,18.483333333333334,15,3,12,6.19190079162362,2.063966930541207,148.47913803179895,60.0,1800.0,0.0,0.0,0.0,2522.1215075000655,0.0,0.0,148.47913803179895,1800.0,66.06852969645531,1206.9710797081973,,,,False,False,not_attempted,0,0,0,0,20,7,0.35,152.2028960785325,1468.0,False,,,False,5,0
ga,adaptive,30,1800.0,30.0,6,recovering,recovering,26 31 44 48,4546,2.857142857142857,0.35,0.0,29.657929450275514,18.5,12,0,12,3.353090528270524,3.353090528270524,151.83222856006947,60.0,1860.0,5.849997978657484e-05,15.785608799895272,15.785667299875058,2537.9071747999405,0.0,0.0,151.83222856006947,1860.0,59.608780078523594,1148.3459451241297,60.397594779752154,59.608780078523594,0.78881470122856,True,True,lower_residual_energy,1,3,1,3,40,0,0.0,152.10956274519916,1468.0,False,,,True,6,0
ga,adaptive,31,1860.0,31.0,6,recovering,recovering,26 31 44 48,4546,2.6595744680851063,0.376,0.04,30.13000790142106,18.516666666666666,12,2,10,5.4202316234560275,2.7101158117280137,157.2524601835255,60.0,1920.0,0.0,0.0,0.0,2537.9071747999405,0.0,0.0,157.2524601835255,1920.0,53.49150599455708,728.6048180470185,,,,False,False,not_attempted,0,0,0,0,41,10,0.24390243902439024,150.31602440147552,1468.0,False,,,False,5,0
ga,adaptive,32,1920.0,32.0,6,recovering,recovering,26 31 44 48,4546,2.4875621890547266,0.40199999999999997,0.08,30.553431771897753,18.533333333333335,10,2,8,7.398716773345928,3.699358386672964,164.65117695687144,60.0,1980.0,0.0,0.0,0.0,2537.9071747999405,0.0,0.0,164.65117695687144,1980.0,45.510565629735574,641.592614858682,,,,False,False,not_attempted,0,0,0,0,36,14,0.3888888888888889,148.2316784440111,1468.0,False,,,False,5,0
ga,adaptive,33,1980.0,33.0,6,recovering,recovering,26 31 44 48,4546,2.336448598130841,0.428,0.12,30.93535428745094,18.55,8,0,8,3.03258903232627,3.03258903232627,167.6837659891977,60.0,2040.0,0.0,0.0,0.0,2537.9071747999405,0.0,0.0,167.6837659891977,2040.0,35.702714178303964,497.1589359044469,,,,False,False,not_attempted,0,0,0,0,4,4,1.0,148.12587003327693,1468.0,False,,,False,4,0
ga,adaptive,34,2040.0,34.0,6,recovering,recovering,26 31 44 48,4546,2.2026431718061676,0.45399999999999996,0.16,31.281591953557413,18.566666666666666,8,2,6,1.0941355274838074,0.5470677637419037,168.7779015166815,60.0,2100.0,0.0,0.0,0.0,2537.9071747999405,0.0,0.0,168.7779015166815,2100.0,32.38466810843745,450.3303341588017,,,,False,False,not_attempted,0,0,0,0,11,0,0.0,148.0325366999436,1468.0,False,,,False,3,0
ga,adaptive,35,2100.0,35.0,7,recovering,recovering,26 31 44 48,4546,2.0833333333333335,0.48,0.2,31.596922859858367,18.583333333333332,6,2,4,1.5989057328855556,0.7994528664427778,170.37680724956707,60.0,2160.0,10.640656700008549,2.57732899999246,13.217985700001009,2551.1251604999416,0.0,0.0,170.37680724956707,2160.0,31.096768692903986,370.6577368445814,31.096768692903986,31.096768692903986,0.0,True,False,incumbent_not_worse,0,0,0,0,4,4,1.0,146.69646100580795,1468.0,False,,,True,3,0
ga,adaptive,36,2160.0,36.0,7,recovering,recovering,26 31 44 48,4546,1.976284584980237,0.506,0.24,31.885308513607917,18.6,4,1,3,0.6107050551837061,0.6107050551837061,170.98751230475077,60.0,2220.0,0.0,0.0,0.0,2551.1251604999416,0.0,0.0,170.98751230475077,2220.0,28.684426573695557,314.3921729559862,,,,False,False,not_attempted,0,0,0,0,2,2,1.0,146.6031276724746,1468.0,False,,,False,1,0
ga,adaptive,37,2220.0,37.0,7,recovering,recovering,26 31 44 48,4546,1.8796992481203008,0.532,0.28,32.150061135766876,18.616666666666667,3,2,1,0.9420104498019327,0.47100522490096636,171.9295227545527,60.0,2280.0,0.0,0.0,0.0,2551.1251604999416,0.0,0.0,171.9295227545527,2280.0,27.59660527116281,288.9250384774358,,,,False,False,not_attempted,0,0,0,0,4,4,1.0,146.56338135996273,1575.0,False,,,False,1,0
ga,adaptive,38,2280.0,38.0,7,recovering,recovering,26 31 44 48,4546,1.7921146953405016,0.558,0.32,32.393971446583905,18.633333333333333,1,0,1,0.09333333333333332,0.09333333333333332,172.02285608788603,60.0,2340.0,0.0,0.0,0.0,2551.1251604999416,0.0,0.0,172.02285608788603,2340.0,26.147145746741273,221.32636151512477,,,,False,False,not_attempted,0,0,0,0,0,0,0.0,146.56338135996273,1575.0,False,,,False,0,0
ga,adaptive,39,2340.0,39.0,7,recovering,recovering,26 31 44 48,4546,1.7123287671232879,0.584,0.36,32.61940741483223,18.65,1,1,0,25.050414572296813,25.050414572296813,197.07327066018283,254.57979492696865,2594.579794926969,0.0,0.0,0.0,2551.1251604999416,0.0,0.0,197.07327066018283,2594.579794926969,25.587323944586885,245.79307206809213,,,,False,False,not_attempted,0,0,0,0,292,34,0.11643835616438356,142.26134373140988,1575.0,True,,,False,0,0
ga,static_live,0,0.0,0.0,0,normal,initial,26 31 44 48,0,1.0,1.0,0.0,34.78037077224997,18.0,84,0,84,17.649882122789972,17.649882122789972,17.649882122789972,60.0,60.0,8.482715899939649,17.265034900046885,25.747750799986534,25.747750799986534,0.0,0.0,17.649882122789972,60.0,137.0202222079973,2575.791665618115,,,,False,False,initial_plan,0,0,0,0,110,0,0.0,177.61134889028398,0.0,False,,,True,10,10
ga,static_live,1,60.0,1.0,0,normal,normal,26 31 44 48,0,1.0,1.0,0.0,34.78037077224997,18.016666666666666,84,0,84,3.860832221189131,3.860832221189131,21.510714343979103,60.0,120.0,0.0,0.0,0.0,25.747750799986534,0.0,0.0,21.510714343979103,120.0,118.33481725358962,2408.508397267874,,,,False,False,not_attempted,0,0,0,0,48,0,0.0,176.09020652430007,0.0,False,,,False,10,10
ga,static_live,2,120.0,2.0,0,normal,normal,26 31 44 48,0,1.0,1.0,0.0,34.78037077224997,18.033333333333335,84,5,79,5.469586054369472,1.0939172108738944,26.980300398348575,60.0,180.0,0.0,0.0,0.0,25.747750799986534,0.0,0.0,26.980300398348575,180.0,114.32039977398952,2408.508397267874,,,,False,False,not_attempted,0,0,0,0,54,0,0.0,174.7596401655785,230.0,False,,,False,10,5
ga,static_live,3,180.0,3.0,0,normal,normal,26 31 44 48,0,1.0,1.0,0.0,34.78037077224997,18.05,79,2,77,7.011609396691212,3.505804698345606,33.99190979503979,60.0,240.0,0.0,0.0,0.0,25.747750799986534,0.0,0.0,33.99190979503979,240.0,109.00105004153725,2395.4649197227227,,,,False,False,not_attempted,0,0,0,0,102,0,0.0,174.34235459366602,230.0,False,,,False,10,3
ga,static_live,4,240.0,4.0,0,normal,normal,26 31 44 48,0,1.0,1.0,0.0,34.78037077224997,18.066666666666666,77,0,77,7.1547879192985535,7.1547879192985535,41.146697714338345,60.0,300.0,0.0,0.0,0.0,25.747750799986534,0.0,0.0,41.146697714338345,300.0,102.22978058226929,2222.1724931702206,,,,False,False,not_attempted,0,0,0,0,63,0,0.0,173.4394704160569,230.0,False,,,False,10,3
ga,static_live,5,300.0,5.0,1,normal,normal,26 31 44 48,0,1.0,1.0,0.0,34.78037077224997,18.083333333333332,77,3,74,2.675963325709791,0.891987775236597,43.82266104004813,60.0,360.0,0.0,0.0,0.0,25.747750799986534,0.0,0.0,43.82266104004813,360.0,95.1717140869908,2222.1724931702206,,,,False,False,not_attempted,0,0,0,0,34,0,0.0,173.10775928116314,402.0,False,,,False,10,2
ga,static_live,6,360.0,6.0,1,normal,normal,26 31 44 48,0,1.0,1.0,0.0,34.78037077224997,18.1,74,2,72,2.766193936465484,1.383096968232742,46.588854976513616,60.0,420.0,0.0,0.0,0.0,25.747750799986534,0.0,0.0,46.588854976513616,420.0,92.60410325990152,2214.6116397759683,,,,False,False,not_attempted,0,0,0,0,81,0,0.0,173.0144259478298,422.0,False,,,False,10,1
ga,static_live,7,420.0,7.0,1,normal,normal,26 31 44 48,0,1.0,1.0,0.0,34.78037077224997,18.116666666666667,72,4,68,4.347192794898818,1.0867981987247044,50.93604777141243,60.0,480.0,0.0,0.0,0.0,25.747750799986534,0.0,0.0,50.93604777141243,480.0,89.92368642949396,2148.2053198083527,,,,False,False,not_attempted,0,0,0,0,87,0,0.0,171.7315048732715,422.0,False,,,False,10,0
ga,static_live,8,480.0,8.0,1,normal,normal,26 31 44 48,0,1.0,1.0,0.0,34.78037077224997,18.133333333333333,68,2,66,2.5250093236515756,1.2625046618257878,53.46105709506401,60.0,540.0,0.0,0.0,0.0,25.747750799986534,0.0,0.0,53.46105709506401,540.0,85.28714308081315,2087.667082619376,,,,False,False,not_attempted,0,0,0,0,64,0,0.0,171.63817153993816,647.0,False,,,False,10,0
ga,static_live,9,540.0,9.0,1,normal,normal,26 31 44 48,0,1.0,1.0,0.0,34.78037077224997,18.15,66,4,62,3.0619730013422446,0.7654932503355611,56.52303009640625,60.0,600.0,0.0,0.0,0.0,25.747750799986534,0.0,0.0,56.52303009640625,600.0,82.77007440456873,1959.541901191854,,,,False,False,not_attempted,0,0,0,0,70,0,0.0,171.54640459197284,647.0,False,,,False,10,0
ga,static_live,10,600.0,10.0,2,degrading,degrading,26 31 44 48,0,1.0,1.0,0.0,34.78037077224997,18.166666666666668,62,3,59,4.390709018242486,1.4635696727474954,60.913739114648735,60.0,660.0,0.0,0.0,0.0,25.747750799986534,0.0,0.0,60.913739114648735,660.0,80.09411359828835,1959.541901191854,,,,False,False,not_attempted,0,0,0,0,80,0,0.0,171.29011539682318,647.0,False,,,False,10,0
ga,static_live,11,660.0,11.0,2,degrading,degrading,26 31 44 48,4546,1.06951871657754,0.935,0.0,34.55694772339093,18.183333333333334,59,1,58,2.7212854381514275,2.7212854381514275,63.63502455280016,60.0,720.0,0.0,0.0,0.0,25.747750799986534,0.0,0.0,63.63502455280016,720.0,79.34236430594451,1924.1916735795085,,,,False,False,not_attempted,0,0,0,0,47,16,0.3404255319148936,171.00102300959978,647.0,False,,,False,9,0
ga,static_live,12,720.0,12.0,2,degrading,degrading,26 31 44 48,4546,1.1494252873563218,0.87,0.0,34.30365951795914,18.2,58,4,54,2.5968492142326336,0.6492123035581584,66.2318737670328,60.0,780.0,0.0,0.0,0.0,25.747750799986534,0.0,0.0,66.2318737670328,780.0,81.27757891777756,1859.2014371100104,,,,False,False,not_attempted,0,0,0,0,31,0,0.0,169.9712503230566,647.0,False,,,False,8,0
ga,static_live,13,780.0,13.0,2,degrading,degrading,26 31 44 48,4546,1.2422360248447206,0.8049999999999999,0.0,34.014089117506785,18.216666666666665,54,2,52,3.6144522267876966,1.8072261133938483,69.84632599382049,60.0,840.0,0.0,0.0,0.0,25.747750799986534,0.0,0.0,69.84632599382049,840.0,83.59527991431824,1888.2494714272075,,,,False,False,not_attempted,0,0,0,0,39,19,0.48717948717948717,168.6873506151558,822.0,False,,,False,8,0
ga,static_live,14,840.0,14.0,2,degrading,degrading,26 31 44 48,4546,1.3513513513513513,0.74,0.0,33.679839240303636,18.233333333333334,52,3,49,2.0628728377358123,0.6876242792452708,71.9091988315563,60.0,900.0,0.0,0.0,0.0,25.747750799986534,0.0,0.0,71.9091988315563,900.0,85.0360538992018,1982.0401543353223,,,,False,False,not_attempted,0,0,0,0,31,0,0.0,168.44749961377207,822.0,False,,,False,8,0
ga,static_live,15,900.0,15.0,3,degrading,degrading,26 31 44 48,4546,1.4814814814814814,0.675,0.0,33.2897046472472,18.25,49,3,46,3.59984082571508,1.1999469419050266,75.50903965727137,60.0,960.0,0.0,0.0,0.0,25.747750799986534,0.0,0.0,75.50903965727137,960.0,89.21357688529599,2028.6696681055107,,,,False,False,not_attempted,0,0,0,0,43,12,0.27906976744186046,168.39759137099304,822.0,False,,,False,8,0
ga,static_live,16,960.0,16.0,3,degrading,degrading,26 31 44 48,4546,1.639344262295082,0.61,0.0,32.828391387310525,18.266666666666666,46,1,45,4.631728588882946,4.631728588882946,80.14076824615432,60.0,1020.0,0.0,0.0,0.0,25.747750799986534,0.0,0.0,80.14076824615432,1020.0,91.99092494807073,2015.6625810309981,,,,False,False,not_attempted,0,0,0,0,48,14,0.2916666666666667,168.04603203450077,822.0,False,,,False,8,0
ga,static_live,17,1020.0,17.0,3,degrading,degrading,26 31 44 48,4546,1.8348623853211008,0.545,0.0,32.27446466839824,18.283333333333335,45,3,42,4.078940000044155,1.3596466666813851,84.21970824619848,60.0,1080.0,0.0,0.0,0.0,25.747750799986534,0.0,0.0,84.21970824619848,1080.0,95.29390767885931,2004.0793330853885,,,,False,False,not_attempted,0,0,0,0,45,8,0.17777777777777778,167.78109863358927,943.0,False,,,False,8,0
ga,static_live,18,1080.0,18.0,3,degrading,degrading,26 31 44 48,4546,2.0833333333333335,0.48,0.0,31.596922859858367,18.3,42,1,41,3.0260276309002037,3.0260276309002037,87.24573587709868,60.0,1140.0,0.0,0.0,0.0,25.747750799986534,0.0,0.0,87.24573587709868,1140.0,99.66897127176426,1975.572351818468,,,,False,False,not_attempted,0,0,0,0,15,2,0.13333333333333333,167.68776530025593,943.0,False,,,False,8,0
ga,static_live,19,1140.0,19.0,3,degrading,degrading,26 31 44 48,4546,2.409638554216868,0.4149999999999999,0.0,30.749189772869467,18.316666666666666,41,2,39,1.3112667790493802,0.6556333895246901,88.55700265614806,60.0,1200.0,0.0,0.0,0.0,25.747750799986534,0.0,0.0,88.55700265614806,1200.0,108.66646804016516,2027.1744554624308,,,,False,False,not_attempted,0,0,0,0,14,0,0.0,167.15027002620576,967.0,False,,,False,8,0
ga,static_live,20,1200.0,20.0,4,disrupted,holding,26 31 44 48,4546,2.857142857142857,0.35,0.0,29.657929450275514,18.333333333333332,39,5,34,8.646085451471023,1.7292170902942048,97.20308810761908,60.0,1260.0,0.0,0.0,0.0,25.747750799986534,0.0,0.0,97.20308810761908,1260.0,123.41950257255445,2094.555100773987,,,,False,False,not_attempted,0,0,0,0,44,12,0.2727272727272727,167.05693669287243,1016.0,False,,,False,8,0
ga,static_live,21,1260.0,21.0,4,disrupted,disrupted,26 31 44 48,4546,2.857142857142857,0.35,0.0,29.657929450275514,18.35,34,1,33,4.225937805867608,4.225937805867608,101.42902591348668,60.0,1320.0,0.0,0.0,0.0,25.747750799986534,0.0,0.0,101.42902591348668,1320.0,114.3057586802386,2034.346003134633,,,,False,False,not_attempted,0,0,0,0,37,1,0.02702702702702703,166.45211780365688,1016.0,False,,,False,8,0
ga,static_live,22,1320.0,22.0,4,disrupted,disrupted,26 31 44 48,4546,2.857142857142857,0.35,0.0,29.657929450275514,18.366666666666667,33,1,32,2.0587856646792018,2.0587856646792018,103.48781157816589,60.0,1380.0,0.0,0.0,0.0,25.747750799986534,0.0,0.0,103.48781157816589,1380.0,110.38108009315027,1972.075371628322,,,,False,False,not_attempted,0,0,0,0,11,0,0.0,166.30240376299795,1118.0,False,,,False,8,0
ga,static_live,23,1380.0,23.0,4,disrupted,disrupted,26 31 44 48,4546,2.857142857142857,0.35,0.0,29.657929450275514,18.383333333333333,32,4,28,4.868632507380332,1.217158126845083,108.35644408554622,60.0,1440.0,0.0,0.0,0.0,25.747750799986534,0.0,0.0,108.35644408554622,1440.0,108.3199630750253,1845.2137257163522,,,,False,False,not_attempted,0,0,0,0,17,7,0.4117647058823529,163.25040192002893,1168.0,False,,,False,8,0
ga,static_live,24,1440.0,24.0,4,disrupted,disrupted,26 31 44 48,4546,2.857142857142857,0.35,0.0,29.657929450275514,18.4,28,4,24,9.47787979271383,2.3694699481784576,117.83432387826005,60.0,1500.0,0.0,0.0,0.0,25.747750799986534,0.0,0.0,117.83432387826005,1500.0,103.43277581121558,1845.2137257163522,,,,False,False,not_attempted,0,0,0,0,43,11,0.2558139534883721,160.63455664113852,1236.0,False,,,False,8,0
ga,static_live,25,1500.0,25.0,5,disrupted,disrupted,26 31 44 48,4546,2.857142857142857,0.35,0.0,29.657929450275514,18.416666666666668,24,0,24,6.677362049444631,6.677362049444631,124.51168592770468,60.0,1560.0,0.0,0.0,0.0,25.747750799986534,0.0,0.0,124.51168592770468,1560.0,93.46574757301737,1788.8556473226813,,,,False,False,not_attempted,0,0,0,0,29,9,0.3103448275862069,160.12021334252222,1236.0,False,,,False,7,0
ga,static_live,26,1560.0,26.0,5,disrupted,disrupted,26 31 44 48,4546,2.857142857142857,0.35,0.0,29.657929450275514,18.433333333333334,24,3,21,3.840490302992949,1.280163434330983,128.35217623069764,60.0,1620.0,0.0,0.0,0.0,25.747750799986534,0.0,0.0,128.35217623069764,1620.0,87.08297115373834,1725.704796657464,,,,False,False,not_attempted,0,0,0,0,10,4,0.4,160.0268800091889,1318.0,False,,,False,7,0
ga,static_live,27,1620.0,27.0,5,disrupted,disrupted,26 31 44 48,4546,2.857142857142857,0.35,0.0,29.657929450275514,18.45,21,3,18,3.6676845083506744,1.2225615027835581,132.0198607390483,60.0,1680.0,0.0,0.0,0.0,25.747750799986534,0.0,0.0,132.0198607390483,1680.0,83.44017738957841,1580.0545855263808,,,,False,False,not_attempted,0,0,0,0,9,2,0.2222222222222222,157.91192942098985,1318.0,False,,,False,4,0
ga,static_live,28,1680.0,28.0,5,disrupted,disrupted,26 31 44 48,4546,2.857142857142857,0.35,0.0,29.657929450275514,18.466666666666665,18,4,14,3.6153141354783624,0.9038285338695906,135.63517487452668,60.0,1740.0,0.0,0.0,0.0,25.747750799986534,0.0,0.0,135.63517487452668,1740.0,78.73284038954205,1580.0545855263808,,,,False,False,not_attempted,0,0,0,0,4,4,1.0,155.73002846615142,1382.0,False,,,False,3,0
ga,static_live,29,1740.0,29.0,5,disrupted,disrupted,26 31 44 48,4546,2.857142857142857,0.35,0.0,29.657929450275514,18.483333333333334,14,2,12,5.239691380042189,2.6198456900210947,140.87486625456887,60.0,1800.0,0.0,0.0,0.0,25.747750799986534,0.0,0.0,140.87486625456887,1800.0,75.95991171805468,1551.7580873235227,,,,False,False,not_attempted,0,0,0,0,9,7,0.7777777777777778,152.2028960785325,1468.0,False,,,False,3,0
ga,static_live,30,1800.0,30.0,6,recovering,recovering,26 31 44 48,4546,2.857142857142857,0.35,0.0,29.657929450275514,18.5,12,0,12,1.0257162255232055,1.0257162255232055,141.90058248009208,60.0,1860.0,0.0,0.0,0.0,25.747750799986534,0.0,0.0,141.90058248009208,1860.0,71.24816427328958,1401.0229251511548,,,,False,False,not_attempted,0,0,0,0,13,0,0.0,152.10956274519916,1468.0,False,,,False,3,0
ga,static_live,31,1860.0,31.0,6,recovering,recovering,26 31 44 48,4546,2.6595744680851063,0.376,0.04,30.13000790142106,18.516666666666666,12,2,10,4.596917429071219,2.2984587145356095,146.4974999091633,60.0,1920.0,0.0,0.0,0.0,25.747750799986534,0.0,0.0,146.4974999091633,1920.0,66.23131333757459,1360.3829896841605,,,,False,False,not_attempted,0,0,0,0,21,8,0.38095238095238093,150.31602440147552,1468.0,False,,,False,3,0
ga,static_live,32,1920.0,32.0,6,recovering,recovering,26 31 44 48,4546,2.4875621890547266,0.40199999999999997,0.08,30.553431771897753,18.533333333333335,10,0,10,4.973892176146668,4.973892176146668,151.47139208531,60.0,1980.0,0.0,0.0,0.0,25.747750799986534,0.0,0.0,151.47139208531,1980.0,57.689643363567235,1298.2225998280035,,,,False,False,not_attempted,0,0,0,0,13,13,1.0,148.29572248929188,1468.0,False,,,False,2,0
ga,static_live,33,1980.0,33.0,6,recovering,recovering,26 31 44 48,4546,2.336448598130841,0.428,0.12,30.93535428745094,18.55,10,1,9,4.858048430997728,4.858048430997728,156.32944051630773,60.0,2040.0,0.0,0.0,0.0,25.747750799986534,0.0,0.0,156.32944051630773,2040.0,50.878007674863724,1214.5741807768618,,,,False,False,not_attempted,0,0,0,0,12,12,1.0,145.4670565925445,1635.0,False,,,False,2,0
ga,static_live,34,2040.0,34.0,6,recovering,recovering,26 31 44 48,4546,2.2026431718061676,0.45399999999999996,0.16,31.281591953557413,18.566666666666666,9,0,9,0.6982358215804785,0.6982358215804785,157.0276763378882,60.0,2100.0,0.0,0.0,0.0,25.747750799986534,0.0,0.0,157.0276763378882,2100.0,43.9826686716199,1034.0096801896784,,,,False,False,not_attempted,0,0,0,0,2,1,0.5,144.8621541042974,1635.0,False,,,False,2,0
ga,static_live,35,2100.0,35.0,7,recovering,recovering,26 31 44 48,4546,2.0833333333333335,0.48,0.2,31.596922859858367,18.583333333333332,9,1,8,1.5993835888744476,1.5993835888744476,158.62705992676266,60.0,2160.0,0.0,0.0,0.0,25.747750799986534,0.0,0.0,158.62705992676266,2160.0,41.84735839697568,1015.5549481759462,,,,False,False,not_attempted,0,0,0,0,4,4,1.0,144.76882077096406,1635.0,False,,,False,2,0
ga,static_live,36,2160.0,36.0,7,recovering,recovering,26 31 44 48,4546,1.976284584980237,0.506,0.24,31.885308513607917,18.6,8,1,7,2.408521103501604,2.408521103501604,161.03558103026427,60.0,2220.0,0.0,0.0,0.0,25.747750799986534,0.0,0.0,161.03558103026427,2220.0,38.78162402473927,973.7515745150263,,,,False,False,not_attempted,0,0,0,0,19,4,0.21052631578947367,144.14958750674884,1635.0,False,,,False,2,0
ga,static_live,37,2220.0,37.0,7,recovering,recovering,26 31 44 48,4546,1.8796992481203008,0.532,0.28,32.150061135766876,18.616666666666667,7,0,7,0.29295685430824925,0.29295685430824925,161.3285378845725,60.0,2280.0,0.0,0.0,0.0,25.747750799986534,0.0,0.0,161.3285378845725,2280.0,35.3871371032356,902.7630245969186,,,,False,False,not_attempted,0,0,0,0,19,0,0.0,144.0562541734155,1635.0,False,,,False,2,0
ga,static_live,38,2280.0,38.0,7,recovering,recovering,26 31 44 48,4546,1.7921146953405016,0.558,0.32,32.393971446583905,18.633333333333333,7,1,6,1.2851101847749324,1.2851101847749324,162.61364806934745,60.0,2340.0,0.0,0.0,0.0,25.747750799986534,0.0,0.0,162.61364806934745,2340.0,34.15587425534079,835.0986279706367,,,,False,False,not_attempted,0,0,0,0,14,5,0.35714285714285715,142.9897901871016,1635.0,False,,,False,2,0
ga,static_live,39,2340.0,39.0,7,recovering,recovering,26 31 44 48,4546,1.7123287671232879,0.584,0.36,32.61940741483223,18.65,6,0,6,1.887665773705691,1.887665773705691,164.50131384305314,60.0,2400.0,0.0,0.0,0.0,25.747750799986534,0.0,0.0,164.50131384305314,2400.0,31.81010980935849,694.4865480792085,,,,False,False,not_attempted,0,0,0,0,6,6,1.0,141.19545774672923,1635.0,False,,,False,2,0
ga,static_live,40,2400.0,40.0,8,recovering,recovering,26 31 44 48,4546,1.639344262295082,0.61,0.4,32.828391387310525,18.666666666666668,6,1,5,0.7567308031348507,0.7567308031348507,165.25804464618798,60.0,2460.0,0.0,0.0,0.0,25.747750799986534,0.0,0.0,165.25804464618798,2460.0,29.377563695655038,684.5512798361603,,,,False,False,not_attempted,0,0,0,0,11,5,0.45454545454545453,141.1021244133959,1635.0,False,,,False,2,0
ga,static_live,41,2460.0,41.0,8,recovering,recovering,26 31 44 48,4546,1.572327044025157,0.636,0.44,33.02266092642118,18.683333333333334,5,1,4,1.4942909001867606,1.4942909001867606,166.75233554637475,60.0,2520.0,0.0,0.0,0.0,25.747750799986534,0.0,0.0,166.75233554637475,2520.0,28.022717766131226,605.9198762257682,,,,False,False,not_attempted,0,0,0,0,9,9,1.0,140.39258270937341,1725.0,False,,,False,2,0
ga,static_live,42,2520.0,42.0,8,recovering,recovering,26 31 44 48,4546,1.5105740181268883,0.6619999999999999,0.48,33.20371723415564,18.7,4,0,4,0.18666666666666665,0.18666666666666665,166.93900221304142,60.0,2580.0,0.0,0.0,0.0,25.747750799986534,0.0,0.0,166.93900221304142,2580.0,26.00610056316324,521.3298457810387,,,,False,False,not_attempted,0,0,0,0,0,0,0.0,140.29924937604008,1725.0,False,,,False,1,0
ga,static_live,43,2580.0,43.0,8,recovering,recovering,26 31 44 48,4546,1.4534883720930234,0.688,0.52,33.37286402038111,18.716666666666665,4,2,2,0.650842271164651,0.3254211355823255,167.58984448420608,60.0,2640.0,0.0,0.0,0.0,25.747750799986534,0.0,0.0,167.58984448420608,2640.0,25.649748473066502,521.3298457810387,,,,False,False,not_attempted,0,0,0,0,5,5,1.0,140.2201176047807,1937.0,False,,,False,1,0
ga,static_live,44,2640.0,44.0,8,recovering,recovering,26 31 44 48,4546,1.400560224089636,0.714,0.56,33.531238945320474,18.733333333333334,2,0,2,0.19893231783523904,0.19893231783523904,167.78877680204133,60.0,2700.0,0.0,0.0,0.0,25.747750799986534,0.0,0.0,167.78877680204133,2700.0,24.83408267774449,509.0192962754303,,,,False,False,not_attempted,0,0,0,0,1,1,1.0,140.2201176047807,1937.0,False,,,False,1,0
ga,static_live,45,2700.0,45.0,9,recovering,recovering,26 31 44 48,4546,1.3513513513513513,0.74,0.6,33.679839240303636,18.75,2,0,2,0.09333333333333332,0.09333333333333332,167.88211013537466,60.0,2760.0,0.0,0.0,0.0,25.747750799986534,0.0,0.0,167.88211013537466,2760.0,24.218236290811163,507.65219750147594,,,,False,False,not_attempted,0,0,0,0,0,0,0.0,140.2201176047807,1937.0,False,,,False,1,0
ga,static_live,46,2760.0,46.0,9,recovering,recovering,26 31 44 48,4546,1.3054830287206267,0.766,0.64,33.8195427267193,18.766666666666666,2,1,1,0.7617554862685746,0.7617554862685746,168.64386562164324,60.0,2820.0,0.0,0.0,0.0,25.747750799986534,0.0,0.0,168.64386562164324,2820.0,23.907819690180965,506.3779043884167,,,,False,False,not_attempted,0,0,0,0,9,9,1.0,140.2201176047807,1937.0,False,,,False,1,0
ga,static_live,47,2820.0,47.0,9,recovering,recovering,26 31 44 48,4546,1.2626262626262625,0.792,0.68,33.951125169435784,18.783333333333335,1,0,1,1.133528219818837,1.133528219818837,169.77739384146207,60.0,2880.0,0.0,0.0,0.0,25.747750799986534,0.0,0.0,169.77739384146207,2880.0,22.82509454425921,505.18727698480086,,,,False,False,not_attempted,0,0,0,0,11,4,0.36363636363636365,140.2201176047807,1937.0,False,,,False,1,0
ga,static_live,48,2880.0,48.0,9,recovering,recovering,26 31 44 48,4546,1.2224938875305624,0.818,0.72,34.07527468940447,18.8,1,0,1,0.48826720100538495,0.48826720100538495,170.26566104246746,60.0,2940.0,0.0,0.0,0.0,25.747750799986534,0.0,0.0,170.26566104246746,2940.0,21.52040716413706,504.0723373867937,,,,False,False,not_attempted,0,0,0,0,7,0,0.0,140.2201176047807,1937.0,False,,,False,1,0
ga,static_live,49,2940.0,49.0,9,recovering,recovering,26 31 44 48,4546,1.1848341232227486,0.8440000000000001,0.76,34.19260380090568,18.816666666666666,1,0,1,0.09333333333333332,0.09333333333333332,170.3589943758008,60.0,3000.0,0.0,0.0,0.0,25.747750799986534,0.0,0.0,170.3589943758008,3000.0,20.85648885238755,503.02609074980126,,,,False,False,not_attempted,0,0,0,0,0,0,0.0,140.2201176047807,1937.0,False,,,False,0,0
ga,static_live,50,3000.0,50.0,10,recovering,recovering,26 31 44 48,4546,1.1494252873563218,0.87,0.8,34.30365951795914,18.833333333333332,1,1,0,20.28478415256398,20.28478415256398,190.64377852836475,559.7437317238732,3559.743731723873,0.0,0.0,0.0,25.747750799986534,0.0,0.0,190.64377852836475,3559.743731723873,20.714741017389958,502.04237839456005,,,,False,False,not_attempted,0,0,0,0,379,11,0.029023746701846966,137.39093111667776,1937.0,True,,,False,0,0
ga,static_frozen,0,0.0,0.0,0,normal,initial,26 31 44 48,0,1.0,1.0,0.0,34.78037077224997,18.0,84,0,84,17.649882122789972,17.649882122789972,17.649882122789972,60.0,60.0,8.482715899939649,17.265034900046885,25.747750799986534,25.747750799986534,0.0,0.0,17.649882122789972,60.0,137.0202222079973,2575.791665618115,,,,False,False,initial_plan,0,0,0,0,110,0,0.0,177.61134889028398,0.0,False,,,True,10,10
ga,static_frozen,1,60.0,1.0,0,normal,normal,26 31 44 48,0,1.0,1.0,0.0,34.78037077224997,18.016666666666666,84,0,84,3.860832221189131,3.860832221189131,21.510714343979103,60.0,120.0,0.0,0.0,0.0,25.747750799986534,0.0,0.0,21.510714343979103,120.0,118.33481725358962,2408.508397267874,,,,False,False,not_attempted,0,0,0,0,48,0,0.0,176.09020652430007,0.0,False,,,False,10,10
ga,static_frozen,2,120.0,2.0,0,normal,normal,26 31 44 48,0,1.0,1.0,0.0,34.78037077224997,18.033333333333335,84,5,79,5.469586054369472,1.0939172108738944,26.980300398348575,60.0,180.0,0.0,0.0,0.0,25.747750799986534,0.0,0.0,26.980300398348575,180.0,114.32039977398952,2408.508397267874,,,,False,False,not_attempted,0,0,0,0,54,0,0.0,174.7596401655785,230.0,False,,,False,10,5
ga,static_frozen,3,180.0,3.0,0,normal,normal,26 31 44 48,0,1.0,1.0,0.0,34.78037077224997,18.05,79,2,77,7.011609396691212,3.505804698345606,33.99190979503979,60.0,240.0,0.0,0.0,0.0,25.747750799986534,0.0,0.0,33.99190979503979,240.0,109.00105004153725,2395.4649197227227,,,,False,False,not_attempted,0,0,0,0,102,0,0.0,174.34235459366602,230.0,False,,,False,10,3
ga,static_frozen,4,240.0,4.0,0,normal,normal,26 31 44 48,0,1.0,1.0,0.0,34.78037077224997,18.066666666666666,77,0,77,7.1547879192985535,7.1547879192985535,41.146697714338345,60.0,300.0,0.0,0.0,0.0,25.747750799986534,0.0,0.0,41.146697714338345,300.0,102.22978058226929,2222.1724931702206,,,,False,False,not_attempted,0,0,0,0,63,0,0.0,173.4394704160569,230.0,False,,,False,10,3
ga,static_frozen,5,300.0,5.0,1,normal,normal,26 31 44 48,0,1.0,1.0,0.0,34.78037077224997,18.083333333333332,77,3,74,2.675963325709791,0.891987775236597,43.82266104004813,60.0,360.0,0.0,0.0,0.0,25.747750799986534,0.0,0.0,43.82266104004813,360.0,95.1717140869908,2222.1724931702206,,,,False,False,not_attempted,0,0,0,0,34,0,0.0,173.10775928116314,402.0,False,,,False,10,2
ga,static_frozen,6,360.0,6.0,1,normal,normal,26 31 44 48,0,1.0,1.0,0.0,34.78037077224997,18.1,74,2,72,2.766193936465484,1.383096968232742,46.588854976513616,60.0,420.0,0.0,0.0,0.0,25.747750799986534,0.0,0.0,46.588854976513616,420.0,92.60410325990152,2214.6116397759683,,,,False,False,not_attempted,0,0,0,0,81,0,0.0,173.0144259478298,422.0,False,,,False,10,1
ga,static_frozen,7,420.0,7.0,1,normal,normal,26 31 44 48,0,1.0,1.0,0.0,34.78037077224997,18.116666666666667,72,4,68,4.347192794898818,1.0867981987247044,50.93604777141243,60.0,480.0,0.0,0.0,0.0,25.747750799986534,0.0,0.0,50.93604777141243,480.0,89.92368642949396,2148.2053198083527,,,,False,False,not_attempted,0,0,0,0,87,0,0.0,171.7315048732715,422.0,False,,,False,10,0
ga,static_frozen,8,480.0,8.0,1,normal,normal,26 31 44 48,0,1.0,1.0,0.0,34.78037077224997,18.133333333333333,68,2,66,2.5250093236515756,1.2625046618257878,53.46105709506401,60.0,540.0,0.0,0.0,0.0,25.747750799986534,0.0,0.0,53.46105709506401,540.0,85.28714308081315,2087.667082619376,,,,False,False,not_attempted,0,0,0,0,64,0,0.0,171.63817153993816,647.0,False,,,False,10,0
ga,static_frozen,9,540.0,9.0,1,normal,normal,26 31 44 48,0,1.0,1.0,0.0,34.78037077224997,18.15,66,4,62,3.0619730013422446,0.7654932503355611,56.52303009640625,60.0,600.0,0.0,0.0,0.0,25.747750799986534,0.0,0.0,56.52303009640625,600.0,82.77007440456873,1959.541901191854,,,,False,False,not_attempted,0,0,0,0,70,0,0.0,171.54640459197284,647.0,False,,,False,10,0
ga,static_frozen,10,600.0,10.0,2,degrading,degrading,26 31 44 48,0,1.0,1.0,0.0,34.78037077224997,18.166666666666668,62,3,59,4.390709018242486,1.4635696727474954,60.913739114648735,60.0,660.0,0.0,0.0,0.0,25.747750799986534,0.0,0.0,60.913739114648735,660.0,80.09411359828835,1959.541901191854,,,,False,False,not_attempted,0,0,0,0,80,0,0.0,171.29011539682318,647.0,False,,,False,10,0
ga,static_frozen,11,660.0,11.0,2,degrading,degrading,26 31 44 48,4546,1.06951871657754,0.935,0.0,34.55694772339093,18.183333333333334,59,1,58,2.7212854381514275,2.7212854381514275,63.63502455280016,60.0,720.0,0.0,0.0,0.0,25.747750799986534,0.0,0.0,63.63502455280016,720.0,79.34236430594451,1924.1916735795085,,,,False,False,not_attempted,0,0,0,0,47,16,0.3404255319148936,171.00102300959978,647.0,False,,,False,9,0
ga,static_frozen,12,720.0,12.0,2,degrading,degrading,26 31 44 48,4546,1.1494252873563218,0.87,0.0,34.30365951795914,18.2,58,4,54,2.5968492142326336,0.6492123035581584,66.2318737670328,60.0,780.0,0.0,0.0,0.0,25.747750799986534,0.0,0.0,66.2318737670328,780.0,81.27757891777756,1859.2014371100104,,,,False,False,not_attempted,0,0,0,0,31,0,0.0,169.9712503230566,647.0,False,,,False,8,0
ga,static_frozen,13,780.0,13.0,2,degrading,degrading,26 31 44 48,4546,1.2422360248447206,0.8049999999999999,0.0,34.014089117506785,18.216666666666665,54,2,52,3.6144522267876966,1.8072261133938483,69.84632599382049,60.0,840.0,0.0,0.0,0.0,25.747750799986534,0.0,0.0,69.84632599382049,840.0,83.59527991431824,1888.2494714272075,,,,False,False,not_attempted,0,0,0,0,39,19,0.48717948717948717,168.6873506151558,822.0,False,,,False,8,0
ga,static_frozen,14,840.0,14.0,2,degrading,degrading,26 31 44 48,4546,1.3513513513513513,0.74,0.0,33.679839240303636,18.233333333333334,52,3,49,2.0628728377358123,0.6876242792452708,71.9091988315563,60.0,900.0,0.0,0.0,0.0,25.747750799986534,0.0,0.0,71.9091988315563,900.0,85.0360538992018,1982.0401543353223,,,,False,False,not_attempted,0,0,0,0,31,0,0.0,168.44749961377207,822.0,False,,,False,8,0
ga,static_frozen,15,900.0,15.0,3,degrading,degrading,26 31 44 48,4546,1.4814814814814814,0.675,0.0,33.2897046472472,18.25,49,3,46,3.7714807949568057,1.257160264985602,75.6806796265131,60.0,960.0,0.0,0.0,0.0,25.747750799986534,0.0,0.0,75.6806796265131,960.0,89.21357688529599,2028.6696681055107,,,,False,False,not_attempted,0,0,0,0,46,15,0.32608695652173914,168.39759137099304,822.0,False,,,False,8,0
ga,static_frozen,16,960.0,16.0,3,degrading,degrading,26 31 44 48,4546,1.639344262295082,0.61,0.0,32.828391387310525,18.266666666666666,46,1,45,4.943016717870816,4.943016717870816,80.62369634438392,60.0,1020.0,0.0,0.0,0.0,25.747750799986534,0.0,0.0,80.62369634438392,1020.0,92.53544729552793,2015.6625810309981,,,,False,False,not_attempted,0,0,0,0,51,17,0.3333333333333333,168.04603203450077,822.0,False,,,False,8,0
ga,static_frozen,17,1020.0,17.0,3,degrading,degrading,26 31 44 48,4546,1.8348623853211008,0.545,0.0,32.27446466839824,18.283333333333335,45,3,42,5.9407251012219255,1.9802417004073085,86.56442144560584,60.0,1080.0,0.0,0.0,0.0,25.747750799986534,0.0,0.0,86.56442144560584,1080.0,95.60870337470399,2004.0793330853885,,,,False,False,not_attempted,0,0,0,0,52,20,0.38461538461538464,167.78109863358927,943.0,False,,,False,8,0
ga,static_frozen,18,1080.0,18.0,3,degrading,degrading,26 31 44 48,4546,2.0833333333333335,0.48,0.0,31.596922859858367,18.3,42,1,41,3.3054954011946998,3.3054954011946998,89.86991684680055,60.0,1140.0,0.0,0.0,0.0,25.747750799986534,0.0,0.0,89.86991684680055,1140.0,99.1284104243831,1830.7108968605041,,,,False,False,not_attempted,0,0,0,0,16,2,0.125,167.68776530025593,943.0,False,,,False,8,0
ga,static_frozen,19,1140.0,19.0,3,degrading,degrading,26 31 44 48,4546,2.409638554216868,0.4149999999999999,0.0,30.749189772869467,18.316666666666666,41,3,38,2.7191938130771653,0.9063979376923884,92.58911065987772,60.0,1200.0,0.0,0.0,0.0,25.747750799986534,0.0,0.0,92.58911065987772,1200.0,107.99643385738604,1862.9436434988208,,,,False,False,not_attempted,0,0,0,0,15,5,0.3333333333333333,167.15027002620576,967.0,False,,,False,8,0
ga,static_frozen,20,1200.0,20.0,4,disrupted,holding,26 31 44 48,4546,2.857142857142857,0.35,0.0,29.657929450275514,18.333333333333332,38,4,34,8.129113514274602,2.0322783785686505,100.71822417415233,60.0,1260.0,0.0,0.0,0.0,25.747750799986534,0.0,0.0,100.71822417415233,1260.0,120.84822329639616,1855.3388708757686,,,,False,False,not_attempted,0,0,0,0,37,10,0.2702702702702703,166.06124558391437,1016.0,False,,,False,8,0
ga,static_frozen,21,1260.0,21.0,4,disrupted,disrupted,26 31 44 48,4546,2.857142857142857,0.35,0.0,29.657929450275514,18.35,34,2,32,6.897775029043147,3.4488875145215734,107.61599920319547,60.0,1320.0,0.0,0.0,0.0,25.747750799986534,0.0,0.0,107.61599920319547,1320.0,113.27579167611954,1845.2137257163522,,,,False,False,not_attempted,0,0,0,0,27,9,0.3333333333333333,165.90850817353802,1016.0,False,,,False,8,0
ga,static_frozen,22,1320.0,22.0,4,disrupted,disrupted,26 31 44 48,4546,2.857142857142857,0.35,0.0,29.657929450275514,18.366666666666667,32,1,31,7.743484474856177,7.743484474856177,115.35948367805165,60.0,1380.0,0.0,0.0,0.0,25.747750799986534,0.0,0.0,115.35948367805165,1380.0,106.88481381251103,1803.1401759844139,,,,False,False,not_attempted,0,0,0,0,26,17,0.6538461538461539,162.0146583590413,1118.0,False,,,False,8,0
ga,static_frozen,23,1380.0,23.0,4,disrupted,disrupted,26 31 44 48,4546,2.857142857142857,0.35,0.0,29.657929450275514,18.383333333333333,31,5,26,7.659373184081243,1.5318746368162486,123.01885686213289,60.0,1440.0,0.0,0.0,0.0,25.747750799986534,0.0,0.0,123.01885686213289,1440.0,101.5845208940751,1725.704796657464,,,,False,False,not_attempted,0,0,0,0,28,13,0.4642857142857143,160.21524010300612,1168.0,False,,,False,8,0
ga,static_frozen,24,1440.0,24.0,4,disrupted,disrupted,26 31 44 48,4546,2.857142857142857,0.35,0.0,29.657929450275514,18.4,26,2,24,7.74628080506586,3.87314040253293,130.76513766719876,60.0,1500.0,0.0,0.0,0.0,25.747750799986534,0.0,0.0,130.76513766719876,1500.0,96.37349073197484,1607.8904105282772,,,,False,False,not_attempted,0,0,0,0,33,7,0.21212121212121213,158.09216661173355,1236.0,False,,,False,8,0
ga,static_frozen,25,1500.0,25.0,5,disrupted,disrupted,26 31 44 48,4546,2.857142857142857,0.35,0.0,29.657929450275514,18.416666666666668,24,1,23,6.04496611431642,6.04496611431642,136.81010378151518,60.0,1560.0,0.0,0.0,0.0,25.747750799986534,0.0,0.0,136.81010378151518,1560.0,88.52946281505304,1580.0545855263808,,,,False,False,not_attempted,0,0,0,0,28,8,0.2857142857142857,157.28596428235787,1236.0,False,,,False,7,0
ga,static_frozen,26,1560.0,26.0,5,disrupted,disrupted,26 31 44 48,4546,2.857142857142857,0.35,0.0,29.657929450275514,18.433333333333334,23,3,20,3.290048266722899,1.0966827555742997,140.10015204823807,60.0,1620.0,0.0,0.0,0.0,25.747750799986534,0.0,0.0,140.10015204823807,1620.0,84.17079228802807,1547.3932143970067,,,,False,False,not_attempted,0,0,0,0,9,3,0.3333333333333333,155.9696872552067,1318.0,False,,,False,7,0
ga,static_frozen,27,1620.0,27.0,5,disrupted,disrupted,26 31 44 48,4546,2.857142857142857,0.35,0.0,29.657929450275514,18.45,20,3,17,6.681704319848123,2.227234773282708,146.7818563680862,60.0,1680.0,0.0,0.0,0.0,25.747750799986534,0.0,0.0,146.7818563680862,1680.0,80.87020487260818,1427.8045886156792,,,,False,False,not_attempted,0,0,0,0,17,10,0.5882352941176471,152.68908840504085,1318.0,False,,,False,4,0
ga,static_frozen,28,1680.0,28.0,5,disrupted,disrupted,26 31 44 48,4546,2.857142857142857,0.35,0.0,29.657929450275514,18.466666666666665,17,4,13,6.95714867289108,1.73928716822277,153.7390050409773,60.0,1740.0,0.0,0.0,0.0,25.747750799986534,0.0,0.0,153.7390050409773,1740.0,75.76120595403033,1401.0229251511548,,,,False,False,not_attempted,0,0,0,0,14,14,1.0,148.52836907486778,1382.0,False,,,False,3,0
ga,static_frozen,29,1740.0,29.0,5,disrupted,disrupted,26 31 44 48,4546,2.857142857142857,0.35,0.0,29.657929450275514,18.483333333333334,13,2,11,3.409648099144694,1.704824049572347,157.148653140122,60.0,1800.0,0.0,0.0,0.0,25.747750799986534,0.0,0.0,157.148653140122,1800.0,68.66767856350216,1362.8915555792319,,,,False,False,not_attempted,0,0,0,0,9,7,0.7777777777777778,148.43503574153445,1468.0,False,,,False,3,0
ga,static_frozen,30,1800.0,30.0,6,recovering,recovering,26 31 44 48,4546,2.857142857142857,0.35,0.0,29.657929450275514,18.5,11,1,10,5.799713761288043,5.799713761288043,162.94836690141005,60.0,1860.0,0.0,0.0,0.0,25.747750799986534,0.0,0.0,162.94836690141005,1860.0,65.70156362275954,1303.9994526213611,,,,False,False,not_attempted,0,0,0,0,20,7,0.35,146.12355399074505,1468.0,False,,,False,3,0
ga,static_frozen,31,1860.0,31.0,6,recovering,recovering,26 31 44 48,4546,2.6595744680851063,0.376,0.04,30.13000790142106,18.516666666666666,10,0,10,4.131674291285341,4.131674291285341,167.0800411926954,60.0,1920.0,0.0,0.0,0.0,25.747750799986534,0.0,0.0,167.0800411926954,1920.0,57.533215762938426,1104.687377263546,,,,False,False,not_attempted,0,0,0,0,21,8,0.38095238095238093,143.00655396162097,1468.0,False,,,False,3,0
ga,static_frozen,32,1920.0,32.0,6,recovering,recovering,26 31 44 48,4546,2.4875621890547266,0.40199999999999997,0.08,30.553431771897753,18.533333333333335,10,1,9,4.5340440359860095,4.5340440359860095,171.6140852286814,60.0,1980.0,0.0,0.0,0.0,25.747750799986534,0.0,0.0,171.6140852286814,1980.0,51.52035009745312,1078.0806820135163,,,,False,False,not_attempted,0,0,0,0,12,12,1.0,139.23724490357208,1468.0,False,,,False,2,0
ga,static_frozen,33,1980.0,33.0,6,recovering,recovering,26 31 44 48,4546,2.336448598130841,0.428,0.12,30.93535428745094,18.55,9,1,8,4.938049198236002,4.938049198236002,176.5521344269174,60.0,2040.0,0.0,0.0,0.0,25.747750799986534,0.0,0.0,176.5521344269174,2040.0,44.52694814750179,1039.0474051652923,,,,False,False,not_attempted,0,0,0,0,15,14,0.9333333333333333,138.79490136760617,1635.0,False,,,False,2,0
ga,static_frozen,34,2040.0,34.0,6,recovering,recovering,26 31 44 48,4546,2.2026431718061676,0.45399999999999996,0.16,31.281591953557413,18.566666666666666,8,0,8,1.1225498590252012,1.1225498590252012,177.67468428594262,60.0,2100.0,0.0,0.0,0.0,25.747750799986534,0.0,0.0,177.67468428594262,2100.0,40.19917990160063,982.6964987924947,,,,False,False,not_attempted,0,0,0,0,24,2,0.08333333333333333,138.70156803427284,1635.0,False,,,False,2,0
ga,static_frozen,35,2100.0,35.0,7,recovering,recovering,26 31 44 48,4546,2.0833333333333335,0.48,0.2,31.596922859858367,18.583333333333332,8,1,7,0.8989505152290386,0.8989505152290386,178.57363480117166,60.0,2160.0,0.0,0.0,0.0,25.747750799986534,0.0,0.0,178.57363480117166,2160.0,38.41411542772974,908.9440824038699,,,,False,False,not_attempted,0,0,0,0,20,2,0.1,138.03282863071897,1635.0,False,,,False,2,0
ga,static_frozen,36,2160.0,36.0,7,recovering,recovering,26 31 44 48,4546,1.976284584980237,0.506,0.24,31.885308513607917,18.6,7,0,7,0.18666666666666665,0.18666666666666665,178.76030146783833,60.0,2220.0,0.0,0.0,0.0,25.747750799986534,0.0,0.0,178.76030146783833,2220.0,35.99807986483964,730.4184470609836,,,,False,False,not_attempted,0,0,0,0,0,0,0.0,137.93949529738563,1635.0,False,,,False,2,0
ga,static_frozen,37,2220.0,37.0,7,recovering,recovering,26 31 44 48,4546,1.8796992481203008,0.532,0.28,32.150061135766876,18.616666666666667,7,2,5,1.5896904366804072,0.7948452183402036,180.34999190451873,60.0,2280.0,0.0,0.0,0.0,25.747750799986534,0.0,0.0,180.34999190451873,2280.0,34.86078656922672,717.2704338997326,,,,False,False,not_attempted,0,0,0,0,13,7,0.5384615384615384,136.78533800273647,1635.0,False,,,False,2,0
ga,static_frozen,38,2280.0,38.0,7,recovering,recovering,26 31 44 48,4546,1.7921146953405016,0.558,0.32,32.393971446583905,18.633333333333333,5,0,5,3.4297712330838888,3.4297712330838888,183.77976313760263,60.0,2340.0,0.0,0.0,0.0,25.747750799986534,0.0,0.0,183.77976313760263,2340.0,32.27540924420703,688.3062577264035,,,,False,False,not_attempted,0,0,0,0,15,15,1.0,134.85575042979588,1635.0,False,,,False,2,0
ga,static_frozen,39,2340.0,39.0,7,recovering,recovering,26 31 44 48,4546,1.7123287671232879,0.584,0.36,32.61940741483223,18.65,5,0,5,0.6874970335232395,0.6874970335232395,184.46726017112587,60.0,2400.0,0.0,0.0,0.0,25.747750799986534,0.0,0.0,184.46726017112587,2400.0,28.853086011995437,610.951248573706,,,,False,False,not_attempted,0,0,0,0,3,3,1.0,134.76241709646254,1635.0,False,,,False,2,0
ga,static_frozen,40,2400.0,40.0,8,recovering,recovering,26 31 44 48,4546,1.639344262295082,0.61,0.4,32.828391387310525,18.666666666666668,5,1,4,0.8631691055377331,0.8631691055377331,185.3304292766636,60.0,2460.0,0.0,0.0,0.0,25.747750799986534,0.0,0.0,185.3304292766636,2460.0,27.703220773243622,521.3298457810387,,,,False,False,not_attempted,0,0,0,0,4,4,1.0,133.99258132425814,1725.0,False,,,False,2,0
ga,static_frozen,41,2460.0,41.0,8,recovering,recovering,26 31 44 48,4546,1.572327044025157,0.636,0.44,33.02266092642118,18.683333333333334,4,1,3,0.9289839884734667,0.9289839884734667,186.25941326513708,60.0,2520.0,0.0,0.0,0.0,25.747750799986534,0.0,0.0,186.25941326513708,2520.0,26.39194061390485,521.3298457810387,,,,False,False,not_attempted,0,0,0,0,6,6,1.0,133.8992479909248,1725.0,False,,,False,1,0
ga,static_frozen,42,2520.0,42.0,8,recovering,recovering,26 31 44 48,4546,1.5105740181268883,0.6619999999999999,0.48,33.20371723415564,18.7,3,1,2,0.17618981530280037,0.17618981530280037,186.43560308043988,60.0,2580.0,0.0,0.0,0.0,25.747750799986534,0.0,0.0,186.43560308043988,2580.0,25.107841918772806,521.3298457810387,,,,False,False,not_attempted,0,0,0,0,0,0,0.0,133.81639150895535,1937.0,False,,,False,1,0
ga,static_frozen,43,2580.0,43.0,8,recovering,recovering,26 31 44 48,4546,1.4534883720930234,0.688,0.52,33.37286402038111,18.716666666666665,2,1,1,0.32703783522119667,0.32703783522119667,186.76264091566108,60.0,2640.0,0.0,0.0,0.0,25.747750799986534,0.0,0.0,186.76264091566108,2640.0,24.82315708607942,521.3298457810387,,,,False,False,not_attempted,0,0,0,0,3,3,1.0,133.81639150895535,1937.0,False,,,False,1,0
ga,static_frozen,44,2640.0,44.0,8,recovering,recovering,26 31 44 48,4546,1.400560224089636,0.714,0.56,33.531238945320474,18.733333333333334,1,0,1,1.7017380125248514,1.7017380125248514,188.46437892818594,60.0,2700.0,0.0,0.0,0.0,25.747750799986534,0.0,0.0,188.46437892818594,2700.0,24.21597778262267,509.0192962754303,,,,False,False,not_attempted,0,0,0,0,17,17,1.0,133.81639150895535,1937.0,False,,,False,1,0
ga,static_frozen,45,2700.0,45.0,9,recovering,recovering,26 31 44 48,4546,1.3513513513513513,0.74,0.6,33.679839240303636,18.75,1,0,1,1.142231103374734,1.142231103374734,189.60661003156068,60.0,2760.0,0.0,0.0,0.0,25.747750799986534,0.0,0.0,189.60661003156068,2760.0,23.01772418890147,507.65219750147594,,,,False,False,not_attempted,0,0,0,0,15,3,0.2,133.81639150895535,1937.0,False,,,False,1,0
ga,static_frozen,46,2760.0,46.0,9,recovering,recovering,26 31 44 48,4546,1.3054830287206267,0.766,0.64,33.8195427267193,18.766666666666666,1,0,1,0.2896023890416378,0.2896023890416378,189.89621242060232,60.0,2820.0,0.0,0.0,0.0,25.747750799986534,0.0,0.0,189.89621242060232,2820.0,21.70180153571767,506.3779043884167,,,,False,False,not_attempted,0,0,0,0,2,0,0.0,133.81639150895535,1937.0,False,,,False,1,0
ga,static_frozen,47,2820.0,47.0,9,recovering,recovering,26 31 44 48,4546,1.2626262626262625,0.792,0.68,33.951125169435784,18.783333333333335,1,0,1,0.09333333333333332,0.09333333333333332,189.98954575393566,60.0,2880.0,0.0,0.0,0.0,25.747750799986534,0.0,0.0,189.98954575393566,2880.0,21.168510300436715,505.18727698480086,,,,False,False,not_attempted,0,0,0,0,0,0,0.0,133.81639150895535,1937.0,False,,,False,0,0
ga,static_frozen,48,2880.0,48.0,9,recovering,recovering,26 31 44 48,4546,1.2224938875305624,0.818,0.72,34.07527468940447,18.8,1,1,0,20.266221821696554,20.266221821696554,210.25576757563223,514.3160249854012,3394.3160249854013,0.0,0.0,0.0,25.747750799986534,0.0,0.0,210.25576757563223,3394.3160249854013,21.007445079281613,504.0723373867937,,,,False,False,not_attempted,0,0,0,0,358,15,0.04189944134078212,130.81925281859844,1937.0,True,,,False,0,0
