method,policy,epoch,elapsed_s,elapsed_min,replan_epoch,traffic_state,traffic_change,center_bins,affected_edges,peak_tt_multiplier,speed_multiplier,recovery_progress,network_speed_kmh,sim_hour,remaining_bins_before,served_bins_epoch,remaining_bins_after,epoch_energy_kwh,epoch_energy_per_served_bin_kwh,cumulative_energy_kwh,epoch_operating_s,cumulative_operating_s,oracle_runtime_s,solver_runtime_s,planning_runtime_s,cumulative_planning_runtime_s,compute_wait_aux_energy_kwh,cumulative_compute_wait_aux_energy_kwh,latency_adjusted_energy_kwh,latency_adjusted_time_s,planned_remaining_energy_kwh,planned_remaining_makespan_s,incumbent_plan_energy_kwh,candidate_plan_energy_kwh,candidate_energy_improvement_kwh,replan_attempted,replan_accepted,acceptance_reason,candidate_next_choice_changes,candidate_reassigned_bins,next_choice_changes,reassigned_bins,traversed_edges,disrupted_edges_traversed,disrupted_edge_share,min_battery_kwh,max_payload_kg,returned_to_depot,converged,rounds,replanned,active_planning_vehicles,vehicles_still_requiring_first_service
proposed,adaptive,0,0.0,0.0,0,normal,initial,7 11 57 73,0,1.0,1.0,0.0,34.78037077224997,18.0,84,0,84,18.947812200580838,18.947812200580838,18.947812200580838,60.0,60.0,10.709383900044486,1128.8861950000282,1139.5955789000727,1139.5955789000727,0.0,0.0,18.947812200580838,60.0,124.98723160038621,2771.5048752969888,,,,False,False,initial_plan,0,0,0,0,123,0,0.0,177.2717760608753,0.0,False,,,True,10,10
proposed,adaptive,1,60.0,1.0,0,normal,normal,7 11 57 73,0,1.0,1.0,0.0,34.78037077224997,18.016666666666666,84,0,84,3.6431287464134887,3.6431287464134887,22.590940946994326,60.0,120.0,0.0,0.0,0.0,1139.5955789000727,0.0,0.0,22.590940946994326,120.0,105.50890338066785,2707.1370397431347,,,,False,False,not_attempted,0,0,0,0,83,0,0.0,176.43141531177028,0.0,False,,,False,9,10
proposed,adaptive,2,120.0,2.0,0,normal,normal,7 11 57 73,0,1.0,1.0,0.0,34.78037077224997,18.033333333333335,84,3,81,2.150613593169741,0.716871197723247,24.741554540164067,60.0,180.0,0.0,0.0,0.0,1139.5955789000727,0.0,0.0,24.741554540164067,180.0,101.10086336244001,2575.1489099165824,,,,False,False,not_attempted,0,0,0,0,49,0,0.0,176.33808197843695,215.0,False,,,False,8,7
proposed,adaptive,3,180.0,3.0,0,normal,normal,7 11 57 73,0,1.0,1.0,0.0,34.78037077224997,18.05,81,3,78,3.271356097706687,1.0904520325688958,28.012910637870753,60.0,240.0,0.0,0.0,0.0,1139.5955789000727,0.0,0.0,28.012910637870753,240.0,99.24169389457438,2575.1489099165824,,,,False,False,not_attempted,0,0,0,0,57,0,0.0,176.08417388140913,215.0,False,,,False,8,4
proposed,adaptive,4,240.0,4.0,0,normal,normal,7 11 57 73,0,1.0,1.0,0.0,34.78037077224997,18.066666666666666,78,1,77,3.7024315460081656,3.7024315460081656,31.715342183878917,60.0,300.0,0.0,0.0,0.0,1139.5955789000727,0.0,0.0,31.715342183878917,300.0,96.4371557706104,2523.292639918653,,,,False,False,not_attempted,0,0,0,0,61,0,0.0,174.23595111138894,249.0,False,,,False,7,3
proposed,adaptive,5,300.0,5.0,1,normal,normal,7 11 57 73,0,1.0,1.0,0.0,34.78037077224997,18.083333333333332,77,2,75,2.7189758189326834,1.3594879094663417,34.4343180028116,60.0,360.0,9.641902800067328,137.27181669999845,146.91371950006578,1286.5092984001385,0.0,0.0,34.4343180028116,360.0,92.79090225860935,2353.701123446594,92.79090225860935,96.66345094303185,-3.8725486844224974,True,False,incumbent_not_worse,8,51,0,0,41,0,0.0,174.1426177780556,402.0,False,True,21.0,True,7,3
proposed,adaptive,6,360.0,6.0,1,normal,normal,7 11 57 73,0,1.0,1.0,0.0,34.78037077224997,18.1,75,3,72,4.611279417259635,1.5370931390865452,39.04559742007124,60.0,420.0,0.0,0.0,0.0,1286.5092984001385,0.0,0.0,39.04559742007124,420.0,90.05551392370413,2353.701123446594,,,,False,False,not_attempted,0,0,0,0,41,0,0.0,173.80269504982573,402.0,False,,,False,7,2
proposed,adaptive,7,420.0,7.0,1,normal,normal,7 11 57 73,0,1.0,1.0,0.0,34.78037077224997,18.116666666666667,72,1,71,5.190400002822974,5.190400002822974,44.235997422894215,60.0,480.0,0.0,0.0,0.0,1286.5092984001385,0.0,0.0,44.235997422894215,480.0,85.29960763845678,2350.428994697508,,,,False,False,not_attempted,0,0,0,0,51,0,0.0,171.7315048732715,402.0,False,,,False,7,1
proposed,adaptive,8,480.0,8.0,1,normal,normal,7 11 57 73,0,1.0,1.0,0.0,34.78037077224997,18.133333333333333,71,2,69,2.495136967710586,1.247568483855293,46.7311343906048,60.0,540.0,0.0,0.0,0.0,1286.5092984001385,0.0,0.0,46.7311343906048,540.0,79.97940923294234,2176.3863390623183,,,,False,False,not_attempted,0,0,0,0,19,0,0.0,171.63817153993816,422.0,False,,,False,7,0
proposed,adaptive,9,540.0,9.0,1,normal,normal,7 11 57 73,0,1.0,1.0,0.0,34.78037077224997,18.15,69,4,65,2.2682353970901716,0.5670588492725429,48.999369787694974,60.0,600.0,0.0,0.0,0.0,1286.5092984001385,0.0,0.0,48.999369787694974,600.0,77.62879857543831,2176.3863390623183,,,,False,False,not_attempted,0,0,0,0,19,0,0.0,171.54640459197284,574.0,False,,,False,7,0
proposed,adaptive,10,600.0,10.0,2,degrading,degrading,7 11 57 73,0,1.0,1.0,0.0,34.78037077224997,18.166666666666668,65,1,64,2.264359248722955,2.264359248722955,51.26372903641793,60.0,660.0,5.9399986639618874e-05,72.89865860005375,72.89871800004039,1359.408016400179,0.0,0.0,51.26372903641793,660.0,75.37762181306357,2157.509480549697,75.37762181306357,80.01441057614328,-4.636788763079707,True,False,incumbent_not_worse,4,25,0,0,29,0,0.0,171.29011539682318,574.0,False,True,22.0,True,7,0
proposed,adaptive,11,660.0,11.0,2,degrading,degrading,7 11 57 73,3397,1.06951871657754,0.935,0.0,34.565163142647755,18.183333333333334,64,2,62,3.1370702845759384,1.5685351422879692,54.40079932099387,60.0,720.0,0.0,0.0,0.0,1359.408016400179,0.0,0.0,54.40079932099387,720.0,76.4000606775175,2028.9926248309519,,,,False,False,not_attempted,0,0,0,0,40,7,0.175,171.19678206348985,700.0,False,,,False,7,0
proposed,adaptive,12,720.0,12.0,2,degrading,degrading,7 11 57 73,3397,1.1494252873563218,0.87,0.0,34.321064729417685,18.2,62,3,59,3.9330918547334326,1.3110306182444775,58.3338911757273,60.0,780.0,0.0,0.0,0.0,1359.408016400179,0.0,0.0,58.3338911757273,780.0,77.07341173128182,2045.7654884788235,,,,False,False,not_attempted,0,0,0,0,40,10,0.25,169.9712503230566,791.0,False,,,False,7,0
proposed,adaptive,13,780.0,13.0,2,degrading,degrading,7 11 57 73,3397,1.2422360248447206,0.8049999999999999,0.0,34.04183921998553,18.216666666666665,59,1,58,3.392990605210576,3.392990605210576,61.72688178093788,60.0,840.0,0.0,0.0,0.0,1359.408016400179,0.0,0.0,61.72688178093788,840.0,77.30140479418198,2042.0481855948142,,,,False,False,not_attempted,0,0,0,0,46,1,0.021739130434782608,168.5742888930247,791.0,False,,,False,7,0
proposed,adaptive,14,840.0,14.0,2,degrading,degrading,7 11 57 73,3397,1.3513513513513513,0.74,0.0,33.71931626348574,18.233333333333334,58,2,56,1.7981347687846376,0.8990673843923188,63.525016549722515,60.0,900.0,0.0,0.0,0.0,1359.408016400179,0.0,0.0,63.525016549722515,900.0,78.87821822919908,2003.6174484899898,,,,False,False,not_attempted,0,0,0,0,42,0,0.0,168.15686244557824,848.0,False,,,False,7,0
proposed,adaptive,15,900.0,15.0,3,degrading,degrading,7 11 57 73,3397,1.4814814814814814,0.675,0.0,33.34257871389501,18.25,56,2,54,1.9075525846111852,0.9537762923055926,65.4325691343337,60.0,960.0,9.365659900009632,102.89832809998188,112.26398799999151,1471.6720044001704,0.0,0.0,65.4325691343337,960.0,82.82194912956822,1894.8663413893887,82.82194912956822,83.17548107669069,-0.3535319471224625,True,False,incumbent_not_worse,2,6,0,0,34,0,0.0,168.0635291122449,848.0,False,True,19.0,True,7,0
proposed,adaptive,16,960.0,16.0,3,degrading,degrading,7 11 57 73,3397,1.639344262295082,0.61,0.0,32.89670240247868,18.266666666666666,54,2,52,2.0395355967443773,1.0197677983721887,67.47210473107808,60.0,1020.0,0.0,0.0,0.0,1471.6720044001704,0.0,0.0,67.47210473107808,1020.0,88.00394162987482,1928.0026763848016,,,,False,False,not_attempted,0,0,0,0,28,0,0.0,167.08289017604287,907.0,False,,,False,7,0
proposed,adaptive,17,1020.0,17.0,3,degrading,degrading,7 11 57 73,3397,1.8348623853211008,0.545,0.0,32.36073198260743,18.283333333333335,52,4,48,4.4646237783234906,1.1161559445808726,71.93672850940156,60.0,1080.0,0.0,0.0,0.0,1471.6720044001704,0.0,0.0,71.93672850940156,1080.0,94.9972599043414,1925.9686732694213,,,,False,False,not_attempted,0,0,0,0,41,3,0.07317073170731707,165.7490023305006,930.0,False,,,False,7,0
proposed,adaptive,18,1080.0,18.0,3,degrading,degrading,7 11 57 73,3397,2.0833333333333335,0.48,0.0,31.70429187079012,18.3,48,1,47,2.5920545507543613,2.5920545507543613,74.52878306015592,60.0,1140.0,0.0,0.0,0.0,1471.6720044001704,0.0,0.0,74.52878306015592,1140.0,100.77253060877905,1840.1065818359384,,,,False,False,not_attempted,0,0,0,0,35,0,0.0,165.65566899716725,930.0,False,,,False,7,0
proposed,adaptive,19,1140.0,19.0,3,degrading,degrading,7 11 57 73,3397,2.409638554216868,0.4149999999999999,0.0,30.881622571183307,18.316666666666666,47,2,45,3.4063916668982657,1.7031958334491328,77.93517472705418,60.0,1200.0,0.0,0.0,0.0,1471.6720044001704,0.0,0.0,77.93517472705418,1200.0,110.50849462954943,2447.963464716819,,,,False,False,not_attempted,0,0,0,0,7,4,0.5714285714285714,163.31242486889093,988.0,False,,,False,7,0
proposed,adaptive,20,1200.0,20.0,4,disrupted,holding,7 11 57 73,3397,2.857142857142857,0.35,0.0,29.820429701252063,18.333333333333332,45,5,40,1.2910293343808306,0.2582058668761661,79.226204061435,60.0,1260.0,9.673375700018369,72.95617519994266,82.62955089996103,1554.3015553001314,0.0,0.0,79.226204061435,1260.0,123.28656034478571,2501.4790907214133,123.28656034478571,123.59983361497248,-0.31327327018676954,True,False,incumbent_not_worse,5,20,0,0,37,0,0.0,163.1459560802134,1072.0,False,True,22.0,True,7,0
proposed,adaptive,21,1260.0,21.0,4,disrupted,disrupted,7 11 57 73,3397,2.857142857142857,0.35,0.0,29.820429701252063,18.35,40,1,39,1.7177883527755362,1.7177883527755362,80.94399241421054,60.0,1320.0,0.0,0.0,0.0,1554.3015553001314,0.0,0.0,80.94399241421054,1320.0,121.92875226493314,2381.4790907214133,,,,False,False,not_attempted,0,0,0,0,22,0,0.0,163.05262274688008,1171.0,False,,,False,6,0
proposed,adaptive,22,1320.0,22.0,4,disrupted,disrupted,7 11 57 73,3397,2.857142857142857,0.35,0.0,29.820429701252063,18.366666666666667,39,3,36,2.0428700066434384,0.6809566688811461,82.98686242085398,60.0,1380.0,0.0,0.0,0.0,1554.3015553001314,0.0,0.0,82.98686242085398,1380.0,120.0635640074295,2381.4790907214133,,,,False,False,not_attempted,0,0,0,0,31,2,0.06451612903225806,162.16227621972513,1215.0,False,,,False,6,0
proposed,adaptive,23,1380.0,23.0,4,disrupted,disrupted,7 11 57 73,3397,2.857142857142857,0.35,0.0,29.820429701252063,18.383333333333333,36,2,34,1.9560930361806221,0.9780465180903111,84.9429554570346,60.0,1440.0,0.0,0.0,0.0,1554.3015553001314,0.0,0.0,84.9429554570346,1440.0,117.78998358486753,2280.3244650267416,,,,False,False,not_attempted,0,0,0,0,18,1,0.05555555555555555,161.2095026730471,1215.0,False,,,False,6,0
proposed,adaptive,24,1440.0,24.0,4,disrupted,disrupted,7 11 57 73,3397,2.857142857142857,0.35,0.0,29.820429701252063,18.4,34,1,33,1.5389165688710449,1.5389165688710449,86.48187202590564,60.0,1500.0,0.0,0.0,0.0,1554.3015553001314,0.0,0.0,86.48187202590564,1500.0,116.15721893434197,2248.443602457139,,,,False,False,not_attempted,0,0,0,0,20,0,0.0,160.8798975289357,1215.0,False,,,False,6,0
proposed,adaptive,25,1500.0,25.0,5,disrupted,disrupted,7 11 57 73,3397,2.857142857142857,0.35,0.0,29.820429701252063,18.416666666666668,33,2,31,1.9777762308176947,0.9888881154088474,88.45964825672334,60.0,1560.0,5.959998816251755e-05,51.57663569995202,51.576695299940184,1605.8782506000716,0.0,0.0,88.45964825672334,1560.0,114.83112888080026,2128.443602457139,114.83112888080026,121.84774294324409,-7.016614062443821,True,False,incumbent_not_worse,4,13,0,0,53,0,0.0,160.78656419560235,1215.0,False,True,25.0,True,6,0
proposed,adaptive,26,1560.0,26.0,5,disrupted,disrupted,7 11 57 73,3397,2.857142857142857,0.35,0.0,29.820429701252063,18.433333333333334,31,2,29,1.824922887539807,0.9124614437699035,90.28457114426315,60.0,1620.0,0.0,0.0,0.0,1605.8782506000716,0.0,0.0,90.28457114426315,1620.0,112.95168807417002,2128.443602457139,,,,False,False,not_attempted,0,0,0,0,42,2,0.047619047619047616,159.9111542495581,1373.0,False,,,False,6,0
proposed,adaptive,27,1620.0,27.0,5,disrupted,disrupted,7 11 57 73,3397,2.857142857142857,0.35,0.0,29.820429701252063,18.45,29,1,28,4.997927743898455,4.997927743898455,95.28249888816161,60.0,1680.0,0.0,0.0,0.0,1605.8782506000716,0.0,0.0,95.28249888816161,1680.0,110.94940981906285,2077.3619087521756,,,,False,False,not_attempted,0,0,0,0,16,2,0.125,159.18896291820522,1373.0,False,,,False,6,0
proposed,adaptive,28,1680.0,28.0,5,disrupted,disrupted,7 11 57 73,3397,2.857142857142857,0.35,0.0,29.820429701252063,18.466666666666665,28,2,26,1.765666368238592,0.882833184119296,97.04816525640021,60.0,1740.0,0.0,0.0,0.0,1605.8782506000716,0.0,0.0,97.04816525640021,1740.0,105.62911038003294,1936.809127823429,,,,False,False,not_attempted,0,0,0,0,24,0,0.0,159.0956295848719,1419.0,False,,,False,6,0
proposed,adaptive,29,1740.0,29.0,5,disrupted,disrupted,7 11 57 73,3397,2.857142857142857,0.35,0.0,29.820429701252063,18.483333333333334,26,3,23,2.802345378765109,0.9341151262550363,99.85051063516532,60.0,1800.0,0.0,0.0,0.0,1605.8782506000716,0.0,0.0,99.85051063516532,1800.0,104.16001800501368,1936.809127823429,,,,False,False,not_attempted,0,0,0,0,42,2,0.047619047619047616,157.95525735107591,1419.0,False,,,False,6,0
proposed,adaptive,30,1800.0,30.0,6,recovering,recovering,7 11 57 73,3397,2.857142857142857,0.35,0.0,29.820429701252063,18.5,23,2,21,5.2277602043485984,2.6138801021742992,105.07827083951392,60.0,1860.0,6.029999349266291e-05,55.90405750006903,55.90411780006252,1661.7823684001341,0.0,0.0,105.07827083951392,1860.0,101.66555933530819,1903.2776288781818,101.66555933530819,102.14226783999717,-0.47670850468898607,True,False,incumbent_not_worse,5,8,0,0,42,7,0.16666666666666666,155.93165858175095,1669.0,False,True,21.0,True,6,0
proposed,adaptive,31,1860.0,31.0,6,recovering,recovering,7 11 57 73,3397,2.6595744680851063,0.376,0.04,30.27980488269011,18.516666666666666,21,0,21,3.065167338314833,3.065167338314833,108.14343817782876,60.0,1920.0,0.0,0.0,0.0,1661.7823684001341,0.0,0.0,108.14343817782876,1920.0,89.40753952477718,1813.0115618446132,,,,False,False,not_attempted,0,0,0,0,15,3,0.2,154.5451046591727,1669.0,False,,,False,6,0
proposed,adaptive,32,1920.0,32.0,6,recovering,recovering,7 11 57 73,3397,2.4875621890547266,0.40199999999999997,0.08,30.691440450918655,18.533333333333335,21,2,19,3.900410145882275,1.9502050729411375,112.04384832371103,60.0,1980.0,0.0,0.0,0.0,1661.7823684001341,0.0,0.0,112.04384832371103,1980.0,81.59735037230972,1740.2085106099364,,,,False,False,not_attempted,0,0,0,0,19,3,0.15789473684210525,152.4759461240866,1669.0,False,,,False,6,0
proposed,adaptive,33,1980.0,33.0,6,recovering,recovering,7 11 57 73,3397,2.336448598130841,0.428,0.12,31.062410676936217,18.55,19,3,16,3.943062576285345,1.314354192095115,115.98691089999637,60.0,2040.0,0.0,0.0,0.0,1661.7823684001341,0.0,0.0,115.98691089999637,2040.0,73.58646688043764,1672.8410528953432,,,,False,False,not_attempted,0,0,0,0,41,1,0.024390243902439025,150.54406189893004,1820.0,False,,,False,6,0
proposed,adaptive,34,2040.0,34.0,6,recovering,recovering,7 11 57 73,3397,2.2026431718061676,0.45399999999999996,0.16,31.39845789284001,18.566666666666666,16,1,15,1.707843450099571,1.707843450099571,117.69475435009595,60.0,2100.0,0.0,0.0,0.0,1661.7823684001341,0.0,0.0,117.69475435009595,2100.0,65.73512279217084,1599.0440291951045,,,,False,False,not_attempted,0,0,0,0,31,0,0.0,150.00218896041054,1820.0,False,,,False,6,0
proposed,adaptive,35,2100.0,35.0,7,recovering,recovering,7 11 57 73,3397,2.0833333333333335,0.48,0.2,31.70429187079012,18.583333333333332,15,2,13,2.042790644900484,1.021395322450242,119.73754499499643,60.0,2160.0,10.287561799981631,23.215576800052077,33.50313860003371,1695.2855070001679,0.0,0.0,119.73754499499643,2160.0,60.32789013749271,1510.96315342156,60.71411105758042,60.32789013749271,0.3862209200877089,True,True,lower_residual_energy,5,3,5,3,18,2,0.1111111111111111,149.95682161927067,1820.0,False,True,28.0,True,6,0
proposed,adaptive,36,2160.0,36.0,7,recovering,recovering,7 11 57 73,3397,1.976284584980237,0.506,0.24,31.983811926372642,18.6,13,1,12,0.7872369528009131,0.7872369528009131,120.52478194779734,60.0,2220.0,0.0,0.0,0.0,1695.2855070001679,0.0,0.0,120.52478194779734,2220.0,54.97527005149108,1434.0234909629098,,,,False,False,not_attempted,0,0,0,0,15,0,0.0,149.85302235527448,1866.0,False,,,False,3,0
proposed,adaptive,37,2220.0,37.0,7,recovering,recovering,7 11 57 73,3397,1.8796992481203008,0.532,0.28,32.24027405729201,18.616666666666667,12,3,9,0.7903999691485534,0.2634666563828511,121.31518191694589,60.0,2280.0,0.0,0.0,0.0,1695.2855070001679,0.0,0.0,121.31518191694589,2280.0,51.61231897694038,1360.275022279768,,,,False,False,not_attempted,0,0,0,0,12,0,0.0,149.42329998955864,1966.0,False,,,False,2,0
proposed,adaptive,38,2280.0,38.0,7,recovering,recovering,7 11 57 73,3397,1.7921146953405016,0.558,0.32,32.47641835812188,18.633333333333333,9,1,8,1.2693621189678266,1.2693621189678266,122.58454403591371,60.0,2340.0,0.0,0.0,0.0,1695.2855070001679,0.0,0.0,122.58454403591371,2340.0,48.50730799180321,1311.6147167872975,,,,False,False,not_attempted,0,0,0,0,7,0,0.0,148.30899187014114,1966.0,False,,,False,1,0
proposed,adaptive,39,2340.0,39.0,7,recovering,recovering,7 11 57 73,3397,1.7123287671232879,0.584,0.36,32.69456730617113,18.65,8,1,7,0.5202348522408939,0.5202348522408939,123.1047788881546,60.0,2400.0,0.0,0.0,0.0,1695.2855070001679,0.0,0.0,123.1047788881546,2400.0,45.03594617701957,1219.804586260125,,,,False,False,not_attempted,0,0,0,0,2,0,0.0,147.83275252893273,1973.0,False,,,False,1,0
proposed,adaptive,40,2400.0,40.0,8,recovering,recovering,7 11 57 73,3397,1.639344262295082,0.61,0.4,32.89670240247868,18.666666666666668,7,0,7,0.09333333333333332,0.09333333333333332,123.19811222148793,60.0,2460.0,10.389757400029339,0.11524329998064786,10.505000700009987,1705.7905077001778,0.0,0.0,123.19811222148793,2460.0,42.455245346115845,1075.3370357379165,42.455245346115845,42.455245346115845,0.0,True,False,incumbent_not_worse,0,0,0,0,0,0,0.0,147.7394191955994,1973.0,False,True,22.0,True,1,0
proposed,adaptive,41,2460.0,41.0,8,recovering,recovering,7 11 57 73,3397,1.572327044025157,0.636,0.44,33.084524532211674,18.683333333333334,7,1,6,0.4898415560247055,0.4898415560247055,123.68795377751263,60.0,2520.0,0.0,0.0,0.0,1705.7905077001778,0.0,0.0,123.68795377751263,2520.0,40.568462386234216,1069.9324993961973,,,,False,False,not_attempted,0,0,0,0,3,0,0.0,147.24957763957468,1973.0,False,,,False,1,0
proposed,adaptive,42,2520.0,42.0,8,recovering,recovering,7 11 57 73,3397,1.5105740181268883,0.6619999999999999,0.48,33.259501941339856,18.7,6,0,6,0.8149040970326209,0.8149040970326209,124.50285787454526,60.0,2580.0,0.0,0.0,0.0,1705.7905077001778,0.0,0.0,124.50285787454526,2580.0,38.07334027931765,1042.251601007016,,,,False,False,not_attempted,0,0,0,0,2,1,0.5,146.43467354254207,1973.0,False,,,False,1,0
proposed,adaptive,43,2580.0,43.0,8,recovering,recovering,7 11 57 73,3397,1.4534883720930234,0.688,0.52,33.4229086957123,18.716666666666665,6,0,6,0.09333333333333332,0.09333333333333332,124.59619120787859,60.0,2640.0,0.0,0.0,0.0,1705.7905077001778,0.0,0.0,124.59619120787859,2640.0,35.85855059424282,890.1853509050004,,,,False,False,not_attempted,0,0,0,0,0,0,0.0,146.34134020920874,1973.0,False,,,False,1,0
proposed,adaptive,44,2640.0,44.0,8,recovering,recovering,7 11 57 73,3397,1.400560224089636,0.714,0.56,33.57585575481711,18.733333333333334,6,1,5,0.7816844184321761,0.7816844184321761,125.37787562631077,60.0,2700.0,0.0,0.0,0.0,1705.7905077001778,0.0,0.0,125.37787562631077,2700.0,34.38942279940863,886.400492111477,,,,False,False,not_attempted,0,0,0,0,3,3,1.0,145.5596557907766,1973.0,False,,,False,1,0
proposed,adaptive,45,2700.0,45.0,9,recovering,recovering,7 11 57 73,3397,1.3513513513513513,0.74,0.6,33.71931626348574,18.75,5,0,5,0.3239745929018314,0.3239745929018314,125.7018502192126,60.0,2760.0,10.587107499944977,0.10206790000665933,10.689175399951637,1716.4796831001295,0.0,0.0,125.7018502192126,2760.0,32.103759015506036,852.4772944897456,32.103759015506036,32.103759015506036,0.0,True,False,incumbent_not_worse,0,0,0,0,0,0,0.0,145.23568119787475,1973.0,False,True,21.0,True,1,0
proposed,adaptive,46,2760.0,46.0,9,recovering,recovering,7 11 57 73,3397,1.3054830287206267,0.766,0.64,33.85414627899872,18.766666666666666,5,0,5,0.09333333333333332,0.09333333333333332,125.79518355254594,60.0,2820.0,0.0,0.0,0.0,1716.4796831001295,0.0,0.0,125.79518355254594,2820.0,30.701584027188606,730.2292792002168,,,,False,False,not_attempted,0,0,0,0,0,0,0.0,145.14234786454142,1973.0,False,,,False,1,0
proposed,adaptive,47,2820.0,47.0,9,recovering,recovering,7 11 57 73,3397,1.2626262626262625,0.792,0.68,33.98110186663873,18.783333333333335,5,1,4,1.0947494502901627,1.0947494502901627,126.8899330028361,60.0,2880.0,0.0,0.0,0.0,1716.4796831001295,0.0,0.0,126.8899330028361,2880.0,29.545684198396646,728.1288608741418,,,,False,False,not_attempted,0,0,0,0,6,0,0.0,144.04759841425124,1973.0,False,,,False,1,0
proposed,adaptive,48,2880.0,48.0,9,recovering,recovering,7 11 57 73,3397,1.2224938875305624,0.818,0.72,34.10085328495213,18.8,4,0,4,2.2650289069534875,2.2650289069534875,129.1549619097896,60.0,2940.0,0.0,0.0,0.0,1716.4796831001295,0.0,0.0,129.1549619097896,2940.0,27.20813344825571,671.6468291907372,,,,False,False,not_attempted,0,0,0,0,8,0,0.0,141.78256950729778,1973.0,False,,,False,1,0
proposed,adaptive,49,2940.0,49.0,9,recovering,recovering,7 11 57 73,3397,1.1848341232227486,0.8440000000000001,0.76,34.21399682278319,18.816666666666666,4,0,4,0.09333333333333332,0.09333333333333332,129.24829524312293,60.0,3000.0,0.0,0.0,0.0,1716.4796831001295,0.0,0.0,129.24829524312293,3000.0,23.85882958252951,518.7156081586248,,,,False,False,not_attempted,0,0,0,0,0,0,0.0,141.68923617396445,1973.0,False,,,False,1,0
proposed,adaptive,50,3000.0,50.0,10,recovering,recovering,7 11 57 73,3397,1.1494252873563218,0.87,0.8,34.321064729417685,18.833333333333332,4,1,3,0.9768099738387774,0.9768099738387774,130.2251052169617,60.0,3060.0,10.525734600028954,0.07961220003198832,10.605346800060943,1727.0850299001904,0.0,0.0,130.2251052169617,3060.0,22.90378505189294,516.9802143215102,22.903785051892942,22.90378505189294,3.552713678800501e-15,True,False,incumbent_not_worse,0,0,0,0,6,0,0.0,140.7124262001257,1973.0,False,True,22.0,True,1,0
proposed,adaptive,51,3060.0,51.0,10,recovering,recovering,7 11 57 73,3397,1.1160714285714286,0.896,0.84,34.422533586854556,18.85,3,0,3,0.5138381116829357,0.5138381116829357,130.73894332864464,60.0,3120.0,0.0,0.0,0.0,1727.0850299001904,0.0,0.0,130.73894332864464,3120.0,20.89529378086887,482.0694406446487,,,,False,False,not_attempted,0,0,0,0,1,0,0.0,140.19858808844273,1973.0,False,,,False,1,0
proposed,adaptive,52,3120.0,52.0,10,recovering,recovering,7 11 57 73,3397,1.0845986984815619,0.922,0.88,34.518831402077744,18.866666666666667,3,0,3,0.09333333333333332,0.09333333333333332,130.83227666197797,60.0,3180.0,0.0,0.0,0.0,1727.0850299001904,0.0,0.0,130.83227666197797,3180.0,19.642086150187627,355.8960950665075,,,,False,False,not_attempted,0,0,0,0,0,0,0.0,140.1052547551094,1973.0,False,,,False,1,0
proposed,adaptive,53,3180.0,53.0,10,recovering,recovering,7 11 57 73,3397,1.0548523206751055,0.9480000000000001,0.92,34.610343641964526,18.883333333333333,3,1,2,0.9629912977700141,0.9629912977700141,131.79526795974797,60.0,3240.0,0.0,0.0,0.0,1727.0850299001904,0.0,0.0,131.79526795974797,3240.0,18.859350764985034,354.43821938495324,,,,False,False,not_attempted,0,0,0,0,4,0,0.0,139.1422634573394,1973.0,False,,,False,1,0
proposed,adaptive,54,3240.0,54.0,10,recovering,recovering,7 11 57 73,3397,1.026694045174538,0.974,0.96,34.69741839028319,18.9,2,0,2,0.09333333333333332,0.09333333333333332,131.8886012930813,60.0,3300.0,0.0,0.0,0.0,1727.0850299001904,0.0,0.0,131.8886012930813,3300.0,17.016391373438424,201.257488096018,,,,False,False,not_attempted,0,0,0,0,0,0,0.0,139.04893012400606,1973.0,False,,,False,1,0
proposed,adaptive,55,3300.0,55.0,11,normal,recovered,7 11 57 73,0,1.0,1.0,1.0,34.78037077224997,18.916666666666668,2,1,1,0.787500033928507,0.787500033928507,132.6761013270098,60.0,3360.0,10.749309299979359,0.03714979998767376,10.786459099967033,1737.8714890001575,0.0,0.0,132.6761013270098,3360.0,16.41778409870196,199.94920782218168,16.41778409870196,16.41778409870196,0.0,True,False,incumbent_not_worse,0,0,0,0,1,0,0.0,138.26143009007754,1973.0,False,True,18.0,True,1,0
proposed,adaptive,56,3360.0,56.0,11,normal,normal,7 11 57 73,0,1.0,1.0,1.0,34.78037077224997,18.933333333333334,1,0,1,1.1791934452974182,1.1791934452974182,133.85529477230722,60.0,3420.0,0.0,0.0,0.0,1737.8714890001575,0.0,0.0,133.85529477230722,3420.0,15.58862351951944,182.05226568257135,,,,False,False,not_attempted,0,0,0,0,3,0,0.0,137.08223664478012,1973.0,False,,,False,1,0
proposed,adaptive,57,3420.0,57.0,11,normal,normal,7 11 57 73,0,1.0,1.0,1.0,34.78037077224997,18.95,1,0,1,0.09333333333333332,0.09333333333333332,133.94862810564055,60.0,3480.0,0.0,0.0,0.0,1737.8714890001575,0.0,0.0,133.94862810564055,3480.0,14.416430208626435,81.84868277849249,,,,False,False,not_attempted,0,0,0,0,0,0,0.0,136.9889033114468,1973.0,False,,,False,0,0
proposed,adaptive,58,3480.0,58.0,11,normal,normal,7 11 57 73,0,1.0,1.0,1.0,34.78037077224997,18.966666666666665,1,1,0,13.927648805193456,13.927648805193456,147.876276910834,86.06200055917522,3566.0620005591754,0.0,0.0,0.0,1737.8714890001575,0.0,0.0,147.876276910834,3566.0620005591754,14.416430208626435,81.84868277849249,,,,False,False,not_attempted,0,0,0,0,151,0,0.0,134.29410910110957,1973.0,True,,,False,0,0
proposed,static_live,0,0.0,0.0,0,normal,initial,7 11 57 73,0,1.0,1.0,0.0,34.78037077224997,18.0,84,0,84,18.947812200580838,18.947812200580838,18.947812200580838,60.0,60.0,10.709383900044486,1128.8861950000282,1139.5955789000727,1139.5955789000727,0.0,0.0,18.947812200580838,60.0,124.98723160038621,2771.5048752969888,,,,False,False,initial_plan,0,0,0,0,123,0,0.0,177.2717760608753,0.0,False,,,True,10,10
proposed,static_live,1,60.0,1.0,0,normal,normal,7 11 57 73,0,1.0,1.0,0.0,34.78037077224997,18.016666666666666,84,0,84,3.6431287464134887,3.6431287464134887,22.590940946994326,60.0,120.0,0.0,0.0,0.0,1139.5955789000727,0.0,0.0,22.590940946994326,120.0,105.50890338066785,2707.1370397431347,,,,False,False,not_attempted,0,0,0,0,83,0,0.0,176.43141531177028,0.0,False,,,False,9,10
proposed,static_live,2,120.0,2.0,0,normal,normal,7 11 57 73,0,1.0,1.0,0.0,34.78037077224997,18.033333333333335,84,3,81,2.150613593169741,0.716871197723247,24.741554540164067,60.0,180.0,0.0,0.0,0.0,1139.5955789000727,0.0,0.0,24.741554540164067,180.0,101.10086336244001,2575.1489099165824,,,,False,False,not_attempted,0,0,0,0,49,0,0.0,176.33808197843695,215.0,False,,,False,8,7
proposed,static_live,3,180.0,3.0,0,normal,normal,7 11 57 73,0,1.0,1.0,0.0,34.78037077224997,18.05,81,3,78,3.271356097706687,1.0904520325688958,28.012910637870753,60.0,240.0,0.0,0.0,0.0,1139.5955789000727,0.0,0.0,28.012910637870753,240.0,99.24169389457438,2575.1489099165824,,,,False,False,not_attempted,0,0,0,0,57,0,0.0,176.08417388140913,215.0,False,,,False,8,4
proposed,static_live,4,240.0,4.0,0,normal,normal,7 11 57 73,0,1.0,1.0,0.0,34.78037077224997,18.066666666666666,78,1,77,3.7024315460081656,3.7024315460081656,31.715342183878917,60.0,300.0,0.0,0.0,0.0,1139.5955789000727,0.0,0.0,31.715342183878917,300.0,96.4371557706104,2523.292639918653,,,,False,False,not_attempted,0,0,0,0,61,0,0.0,174.23595111138894,249.0,False,,,False,7,3
proposed,static_live,5,300.0,5.0,1,normal,normal,7 11 57 73,0,1.0,1.0,0.0,34.78037077224997,18.083333333333332,77,2,75,2.7189758189326834,1.3594879094663417,34.4343180028116,60.0,360.0,0.0,0.0,0.0,1139.5955789000727,0.0,0.0,34.4343180028116,360.0,92.79090225860935,2353.701123446594,,,,False,False,not_attempted,0,0,0,0,41,0,0.0,174.1426177780556,402.0,False,,,False,7,3
proposed,static_live,6,360.0,6.0,1,normal,normal,7 11 57 73,0,1.0,1.0,0.0,34.78037077224997,18.1,75,3,72,4.611279417259635,1.5370931390865452,39.04559742007124,60.0,420.0,0.0,0.0,0.0,1139.5955789000727,0.0,0.0,39.04559742007124,420.0,90.05551392370413,2353.701123446594,,,,False,False,not_attempted,0,0,0,0,41,0,0.0,173.80269504982573,402.0,False,,,False,7,2
proposed,static_live,7,420.0,7.0,1,normal,normal,7 11 57 73,0,1.0,1.0,0.0,34.78037077224997,18.116666666666667,72,1,71,5.190400002822974,5.190400002822974,44.235997422894215,60.0,480.0,0.0,0.0,0.0,1139.5955789000727,0.0,0.0,44.235997422894215,480.0,85.29960763845678,2350.428994697508,,,,False,False,not_attempted,0,0,0,0,51,0,0.0,171.7315048732715,402.0,False,,,False,7,1
proposed,static_live,8,480.0,8.0,1,normal,normal,7 11 57 73,0,1.0,1.0,0.0,34.78037077224997,18.133333333333333,71,2,69,2.495136967710586,1.247568483855293,46.7311343906048,60.0,540.0,0.0,0.0,0.0,1139.5955789000727,0.0,0.0,46.7311343906048,540.0,79.97940923294234,2176.3863390623183,,,,False,False,not_attempted,0,0,0,0,19,0,0.0,171.63817153993816,422.0,False,,,False,7,0
proposed,static_live,9,540.0,9.0,1,normal,normal,7 11 57 73,0,1.0,1.0,0.0,34.78037077224997,18.15,69,4,65,2.2682353970901716,0.5670588492725429,48.999369787694974,60.0,600.0,0.0,0.0,0.0,1139.5955789000727,0.0,0.0,48.999369787694974,600.0,77.62879857543831,2176.3863390623183,,,,False,False,not_attempted,0,0,0,0,19,0,0.0,171.54640459197284,574.0,False,,,False,7,0
proposed,static_live,10,600.0,10.0,2,degrading,degrading,7 11 57 73,0,1.0,1.0,0.0,34.78037077224997,18.166666666666668,65,1,64,2.264359248722955,2.264359248722955,51.26372903641793,60.0,660.0,0.0,0.0,0.0,1139.5955789000727,0.0,0.0,51.26372903641793,660.0,75.37762181306357,2157.509480549697,,,,False,False,not_attempted,0,0,0,0,29,0,0.0,171.29011539682318,574.0,False,,,False,7,0
proposed,static_live,11,660.0,11.0,2,degrading,degrading,7 11 57 73,3397,1.06951871657754,0.935,0.0,34.565163142647755,18.183333333333334,64,2,62,3.1370702845759384,1.5685351422879692,54.40079932099387,60.0,720.0,0.0,0.0,0.0,1139.5955789000727,0.0,0.0,54.40079932099387,720.0,76.4000606775175,2028.9926248309519,,,,False,False,not_attempted,0,0,0,0,40,7,0.175,171.19678206348985,700.0,False,,,False,7,0
proposed,static_live,12,720.0,12.0,2,degrading,degrading,7 11 57 73,3397,1.1494252873563218,0.87,0.0,34.321064729417685,18.2,62,3,59,3.9330918547334326,1.3110306182444775,58.3338911757273,60.0,780.0,0.0,0.0,0.0,1139.5955789000727,0.0,0.0,58.3338911757273,780.0,77.07341173128182,2045.7654884788235,,,,False,False,not_attempted,0,0,0,0,40,10,0.25,169.9712503230566,791.0,False,,,False,7,0
proposed,static_live,13,780.0,13.0,2,degrading,degrading,7 11 57 73,3397,1.2422360248447206,0.8049999999999999,0.0,34.04183921998553,18.216666666666665,59,1,58,3.392990605210576,3.392990605210576,61.72688178093788,60.0,840.0,0.0,0.0,0.0,1139.5955789000727,0.0,0.0,61.72688178093788,840.0,77.30140479418198,2042.0481855948142,,,,False,False,not_attempted,0,0,0,0,46,1,0.021739130434782608,168.5742888930247,791.0,False,,,False,7,0
proposed,static_live,14,840.0,14.0,2,degrading,degrading,7 11 57 73,3397,1.3513513513513513,0.74,0.0,33.71931626348574,18.233333333333334,58,2,56,1.7981347687846376,0.8990673843923188,63.525016549722515,60.0,900.0,0.0,0.0,0.0,1139.5955789000727,0.0,0.0,63.525016549722515,900.0,78.87821822919908,2003.6174484899898,,,,False,False,not_attempted,0,0,0,0,42,0,0.0,168.15686244557824,848.0,False,,,False,7,0
proposed,static_live,15,900.0,15.0,3,degrading,degrading,7 11 57 73,3397,1.4814814814814814,0.675,0.0,33.34257871389501,18.25,56,2,54,1.9075525846111852,0.9537762923055926,65.4325691343337,60.0,960.0,0.0,0.0,0.0,1139.5955789000727,0.0,0.0,65.4325691343337,960.0,82.82194912956822,1894.8663413893887,,,,False,False,not_attempted,0,0,0,0,34,0,0.0,168.0635291122449,848.0,False,,,False,7,0
proposed,static_live,16,960.0,16.0,3,degrading,degrading,7 11 57 73,3397,1.639344262295082,0.61,0.0,32.89670240247868,18.266666666666666,54,2,52,2.0395355967443773,1.0197677983721887,67.47210473107808,60.0,1020.0,0.0,0.0,0.0,1139.5955789000727,0.0,0.0,67.47210473107808,1020.0,88.00394162987482,1928.0026763848016,,,,False,False,not_attempted,0,0,0,0,28,0,0.0,167.08289017604287,907.0,False,,,False,7,0
proposed,static_live,17,1020.0,17.0,3,degrading,degrading,7 11 57 73,3397,1.8348623853211008,0.545,0.0,32.36073198260743,18.283333333333335,52,4,48,4.4646237783234906,1.1161559445808726,71.93672850940156,60.0,1080.0,0.0,0.0,0.0,1139.5955789000727,0.0,0.0,71.93672850940156,1080.0,94.9972599043414,1925.9686732694213,,,,False,False,not_attempted,0,0,0,0,41,3,0.07317073170731707,165.7490023305006,930.0,False,,,False,7,0
proposed,static_live,18,1080.0,18.0,3,degrading,degrading,7 11 57 73,3397,2.0833333333333335,0.48,0.0,31.70429187079012,18.3,48,1,47,2.5920545507543613,2.5920545507543613,74.52878306015592,60.0,1140.0,0.0,0.0,0.0,1139.5955789000727,0.0,0.0,74.52878306015592,1140.0,100.77253060877905,1840.1065818359384,,,,False,False,not_attempted,0,0,0,0,35,0,0.0,165.65566899716725,930.0,False,,,False,7,0
proposed,static_live,19,1140.0,19.0,3,degrading,degrading,7 11 57 73,3397,2.409638554216868,0.4149999999999999,0.0,30.881622571183307,18.316666666666666,47,2,45,3.4063916668982657,1.7031958334491328,77.93517472705418,60.0,1200.0,0.0,0.0,0.0,1139.5955789000727,0.0,0.0,77.93517472705418,1200.0,110.50849462954943,2447.963464716819,,,,False,False,not_attempted,0,0,0,0,7,4,0.5714285714285714,163.31242486889093,988.0,False,,,False,7,0
proposed,static_live,20,1200.0,20.0,4,disrupted,holding,7 11 57 73,3397,2.857142857142857,0.35,0.0,29.820429701252063,18.333333333333332,45,5,40,1.2910293343808306,0.2582058668761661,79.226204061435,60.0,1260.0,0.0,0.0,0.0,1139.5955789000727,0.0,0.0,79.226204061435,1260.0,123.28656034478571,2501.4790907214133,,,,False,False,not_attempted,0,0,0,0,37,0,0.0,163.1459560802134,1072.0,False,,,False,7,0
proposed,static_live,21,1260.0,21.0,4,disrupted,disrupted,7 11 57 73,3397,2.857142857142857,0.35,0.0,29.820429701252063,18.35,40,1,39,1.7177883527755362,1.7177883527755362,80.94399241421054,60.0,1320.0,0.0,0.0,0.0,1139.5955789000727,0.0,0.0,80.94399241421054,1320.0,121.92875226493314,2381.4790907214133,,,,False,False,not_attempted,0,0,0,0,22,0,0.0,163.05262274688008,1171.0,False,,,False,6,0
proposed,static_live,22,1320.0,22.0,4,disrupted,disrupted,7 11 57 73,3397,2.857142857142857,0.35,0.0,29.820429701252063,18.366666666666667,39,3,36,2.0428700066434384,0.6809566688811461,82.98686242085398,60.0,1380.0,0.0,0.0,0.0,1139.5955789000727,0.0,0.0,82.98686242085398,1380.0,120.0635640074295,2381.4790907214133,,,,False,False,not_attempted,0,0,0,0,31,2,0.06451612903225806,162.16227621972513,1215.0,False,,,False,6,0
proposed,static_live,23,1380.0,23.0,4,disrupted,disrupted,7 11 57 73,3397,2.857142857142857,0.35,0.0,29.820429701252063,18.383333333333333,36,2,34,1.9560930361806221,0.9780465180903111,84.9429554570346,60.0,1440.0,0.0,0.0,0.0,1139.5955789000727,0.0,0.0,84.9429554570346,1440.0,117.78998358486753,2280.3244650267416,,,,False,False,not_attempted,0,0,0,0,18,1,0.05555555555555555,161.2095026730471,1215.0,False,,,False,6,0
proposed,static_live,24,1440.0,24.0,4,disrupted,disrupted,7 11 57 73,3397,2.857142857142857,0.35,0.0,29.820429701252063,18.4,34,1,33,1.5389165688710449,1.5389165688710449,86.48187202590564,60.0,1500.0,0.0,0.0,0.0,1139.5955789000727,0.0,0.0,86.48187202590564,1500.0,116.15721893434197,2248.443602457139,,,,False,False,not_attempted,0,0,0,0,20,0,0.0,160.8798975289357,1215.0,False,,,False,6,0
proposed,static_live,25,1500.0,25.0,5,disrupted,disrupted,7 11 57 73,3397,2.857142857142857,0.35,0.0,29.820429701252063,18.416666666666668,33,2,31,1.9777762308176947,0.9888881154088474,88.45964825672334,60.0,1560.0,0.0,0.0,0.0,1139.5955789000727,0.0,0.0,88.45964825672334,1560.0,114.83112888080026,2128.443602457139,,,,False,False,not_attempted,0,0,0,0,53,0,0.0,160.78656419560235,1215.0,False,,,False,6,0
proposed,static_live,26,1560.0,26.0,5,disrupted,disrupted,7 11 57 73,3397,2.857142857142857,0.35,0.0,29.820429701252063,18.433333333333334,31,2,29,1.824922887539807,0.9124614437699035,90.28457114426315,60.0,1620.0,0.0,0.0,0.0,1139.5955789000727,0.0,0.0,90.28457114426315,1620.0,112.95168807417002,2128.443602457139,,,,False,False,not_attempted,0,0,0,0,42,2,0.047619047619047616,159.9111542495581,1373.0,False,,,False,6,0
proposed,static_live,27,1620.0,27.0,5,disrupted,disrupted,7 11 57 73,3397,2.857142857142857,0.35,0.0,29.820429701252063,18.45,29,1,28,4.997927743898455,4.997927743898455,95.28249888816161,60.0,1680.0,0.0,0.0,0.0,1139.5955789000727,0.0,0.0,95.28249888816161,1680.0,110.94940981906285,2077.3619087521756,,,,False,False,not_attempted,0,0,0,0,16,2,0.125,159.18896291820522,1373.0,False,,,False,6,0
proposed,static_live,28,1680.0,28.0,5,disrupted,disrupted,7 11 57 73,3397,2.857142857142857,0.35,0.0,29.820429701252063,18.466666666666665,28,2,26,1.765666368238592,0.882833184119296,97.04816525640021,60.0,1740.0,0.0,0.0,0.0,1139.5955789000727,0.0,0.0,97.04816525640021,1740.0,105.62911038003294,1936.809127823429,,,,False,False,not_attempted,0,0,0,0,24,0,0.0,159.0956295848719,1419.0,False,,,False,6,0
proposed,static_live,29,1740.0,29.0,5,disrupted,disrupted,7 11 57 73,3397,2.857142857142857,0.35,0.0,29.820429701252063,18.483333333333334,26,3,23,2.802345378765109,0.9341151262550363,99.85051063516532,60.0,1800.0,0.0,0.0,0.0,1139.5955789000727,0.0,0.0,99.85051063516532,1800.0,104.16001800501368,1936.809127823429,,,,False,False,not_attempted,0,0,0,0,42,2,0.047619047619047616,157.95525735107591,1419.0,False,,,False,6,0
proposed,static_live,30,1800.0,30.0,6,recovering,recovering,7 11 57 73,3397,2.857142857142857,0.35,0.0,29.820429701252063,18.5,23,2,21,5.2277602043485984,2.6138801021742992,105.07827083951392,60.0,1860.0,0.0,0.0,0.0,1139.5955789000727,0.0,0.0,105.07827083951392,1860.0,101.66555933530819,1903.2776288781818,,,,False,False,not_attempted,0,0,0,0,42,7,0.16666666666666666,155.93165858175095,1669.0,False,,,False,6,0
proposed,static_live,31,1860.0,31.0,6,recovering,recovering,7 11 57 73,3397,2.6595744680851063,0.376,0.04,30.27980488269011,18.516666666666666,21,0,21,3.065167338314833,3.065167338314833,108.14343817782876,60.0,1920.0,0.0,0.0,0.0,1139.5955789000727,0.0,0.0,108.14343817782876,1920.0,89.40753952477718,1813.0115618446132,,,,False,False,not_attempted,0,0,0,0,15,3,0.2,154.5451046591727,1669.0,False,,,False,6,0
proposed,static_live,32,1920.0,32.0,6,recovering,recovering,7 11 57 73,3397,2.4875621890547266,0.40199999999999997,0.08,30.691440450918655,18.533333333333335,21,2,19,3.900410145882275,1.9502050729411375,112.04384832371103,60.0,1980.0,0.0,0.0,0.0,1139.5955789000727,0.0,0.0,112.04384832371103,1980.0,81.59735037230972,1740.2085106099364,,,,False,False,not_attempted,0,0,0,0,19,3,0.15789473684210525,152.4759461240866,1669.0,False,,,False,6,0
proposed,static_live,33,1980.0,33.0,6,recovering,recovering,7 11 57 73,3397,2.336448598130841,0.428,0.12,31.062410676936217,18.55,19,3,16,3.943062576285345,1.314354192095115,115.98691089999637,60.0,2040.0,0.0,0.0,0.0,1139.5955789000727,0.0,0.0,115.98691089999637,2040.0,73.58646688043764,1672.8410528953432,,,,False,False,not_attempted,0,0,0,0,41,1,0.024390243902439025,150.54406189893004,1820.0,False,,,False,6,0
proposed,static_live,34,2040.0,34.0,6,recovering,recovering,7 11 57 73,3397,2.2026431718061676,0.45399999999999996,0.16,31.39845789284001,18.566666666666666,16,1,15,1.707843450099571,1.707843450099571,117.69475435009595,60.0,2100.0,0.0,0.0,0.0,1139.5955789000727,0.0,0.0,117.69475435009595,2100.0,65.73512279217084,1599.0440291951045,,,,False,False,not_attempted,0,0,0,0,31,0,0.0,150.00218896041054,1820.0,False,,,False,6,0
proposed,static_live,35,2100.0,35.0,7,recovering,recovering,7 11 57 73,3397,2.0833333333333335,0.48,0.2,31.70429187079012,18.583333333333332,15,2,13,1.4430592539107165,0.7215296269553583,119.13781360400667,60.0,2160.0,0.0,0.0,0.0,1139.5955789000727,0.0,0.0,119.13781360400667,2160.0,60.71411105758042,1525.9075987866468,,,,False,False,not_attempted,0,0,0,0,17,1,0.058823529411764705,149.95682161927067,1820.0,False,,,False,6,0
proposed,static_live,36,2160.0,36.0,7,recovering,recovering,7 11 57 73,3397,1.976284584980237,0.506,0.24,31.983811926372642,18.6,13,1,12,1.773366080747518,1.773366080747518,120.91117968475419,60.0,2220.0,0.0,0.0,0.0,1139.5955789000727,0.0,0.0,120.91117968475419,2220.0,55.83228032682877,1448.967936327997,,,,False,False,not_attempted,0,0,0,0,16,2,0.125,149.85302235527448,1866.0,False,,,False,4,0
proposed,static_live,37,2220.0,37.0,7,recovering,recovering,7 11 57 73,3397,1.8796992481203008,0.532,0.28,32.24027405729201,18.616666666666667,12,2,10,0.9083957129486133,0.45419785647430666,121.8195753977028,60.0,2280.0,0.0,0.0,0.0,1139.5955789000727,0.0,0.0,121.8195753977028,2280.0,51.46223265059329,1375.2194676448553,,,,False,False,not_attempted,0,0,0,0,13,0,0.0,149.42329998955864,1966.0,False,,,False,2,0
proposed,static_live,38,2280.0,38.0,7,recovering,recovering,7 11 57 73,3397,1.7921146953405016,0.558,0.32,32.47641835812188,18.633333333333333,10,2,8,1.339520540201504,0.669760270100752,123.15909593790431,60.0,2340.0,0.0,0.0,0.0,1139.5955789000727,0.0,0.0,123.15909593790431,2340.0,48.32350142728634,1326.5591621523843,,,,False,False,not_attempted,0,0,0,0,7,0,0.0,148.30899187014114,1966.0,False,,,False,1,0
proposed,static_live,39,2340.0,39.0,7,recovering,recovering,7 11 57 73,3397,1.7123287671232879,0.584,0.36,32.69456730617113,18.65,8,1,7,0.8451808263598157,0.8451808263598157,124.00427676426413,60.0,2400.0,0.0,0.0,0.0,1139.5955789000727,0.0,0.0,124.00427676426413,2400.0,44.87958798192099,1234.7490316252122,,,,False,False,not_attempted,0,0,0,0,4,0,0.0,147.52019316989276,1976.0,False,,,False,1,0
proposed,static_live,40,2400.0,40.0,8,recovering,recovering,7 11 57 73,3397,1.639344262295082,0.61,0.4,32.89670240247868,18.666666666666668,7,0,7,0.6999219275781134,0.6999219275781134,124.70419869184225,60.0,2460.0,0.0,0.0,0.0,1139.5955789000727,0.0,0.0,124.70419869184225,2460.0,41.98278023519269,1191.6930248546953,,,,False,False,not_attempted,0,0,0,0,2,1,0.5,146.82027124231465,1976.0,False,,,False,1,0
proposed,static_live,41,2460.0,41.0,8,recovering,recovering,7 11 57 73,3397,1.572327044025157,0.636,0.44,33.084524532211674,18.683333333333334,7,0,7,0.09333333333333332,0.09333333333333332,124.79753202517558,60.0,2520.0,0.0,0.0,0.0,1139.5955789000727,0.0,0.0,124.79753202517558,2520.0,39.48716139598824,1037.7403067603989,,,,False,False,not_attempted,0,0,0,0,0,0,0.0,146.7269379089813,1976.0,False,,,False,1,0
proposed,static_live,42,2520.0,42.0,8,recovering,recovering,7 11 57 73,3397,1.5105740181268883,0.6619999999999999,0.48,33.259501941339856,18.7,7,1,6,0.8893828281809449,0.8893828281809449,125.68691485335653,60.0,2580.0,0.0,0.0,0.0,1139.5955789000727,0.0,0.0,125.68691485335653,2580.0,37.78740991227856,1033.3243864625115,,,,False,False,not_attempted,0,0,0,0,3,3,1.0,145.83755508080034,1976.0,False,,,False,1,0
proposed,static_live,43,2580.0,43.0,8,recovering,recovering,7 11 57 73,3397,1.4534883720930234,0.688,0.52,33.4229086957123,18.716666666666665,6,0,6,0.3188964670590393,0.3188964670590393,126.00581132041556,60.0,2640.0,0.0,0.0,0.0,1139.5955789000727,0.0,0.0,126.00581132041556,2640.0,35.19268566296842,996.5399261433349,,,,False,False,not_attempted,0,0,0,0,0,0,0.0,145.5186586137413,1976.0,False,,,False,1,0
proposed,static_live,44,2640.0,44.0,8,recovering,recovering,7 11 57 73,3397,1.400560224089636,0.714,0.56,33.57585575481711,18.733333333333334,6,0,6,0.09333333333333332,0.09333333333333332,126.0991446537489,60.0,2700.0,0.0,0.0,0.0,1139.5955789000727,0.0,0.0,126.0991446537489,2700.0,33.6140012312123,873.9459074582401,,,,False,False,not_attempted,0,0,0,0,0,0,0.0,145.42532528040798,1976.0,False,,,False,1,0
proposed,static_live,45,2700.0,45.0,9,recovering,recovering,7 11 57 73,3397,1.3513513513513513,0.74,0.6,33.71931626348574,18.75,6,1,5,0.7060908421894496,0.7060908421894496,126.80523549593835,60.0,2760.0,0.0,0.0,0.0,1139.5955789000727,0.0,0.0,126.80523549593835,2760.0,32.322597101129894,871.5341711672329,,,,False,False,not_attempted,0,0,0,0,3,0,0.0,144.7192344382185,1976.0,False,,,False,1,0
proposed,static_live,46,2760.0,46.0,9,recovering,recovering,7 11 57 73,3397,1.3054830287206267,0.766,0.64,33.85414627899872,18.766666666666666,5,0,5,0.09333333333333332,0.09333333333333332,126.89856882927168,60.0,2820.0,0.0,0.0,0.0,1139.5955789000727,0.0,0.0,126.89856882927168,2820.0,30.281155133708207,720.615825054042,,,,False,False,not_attempted,0,0,0,0,0,0,0.0,144.62590110488517,1976.0,False,,,False,1,0
proposed,static_live,47,2820.0,47.0,9,recovering,recovering,7 11 57 73,3397,1.2626262626262625,0.792,0.68,33.98110186663873,18.783333333333335,5,1,4,0.7002596833974304,0.7002596833974304,127.59882851266912,60.0,2880.0,0.0,0.0,0.0,1139.5955789000727,0.0,0.0,127.59882851266912,2880.0,29.138815553620528,718.515406727967,,,,False,False,not_attempted,0,0,0,0,4,0,0.0,143.92564142148777,1976.0,False,,,False,1,0
proposed,static_live,48,2880.0,48.0,9,recovering,recovering,7 11 57 73,3397,1.2224938875305624,0.818,0.72,34.10085328495213,18.8,4,0,4,2.6728105722962567,2.6728105722962567,130.2716390849654,60.0,2940.0,0.0,0.0,0.0,1139.5955789000727,0.0,0.0,130.2716390849654,2940.0,27.181777665203242,683.298995738641,,,,False,False,not_attempted,0,0,0,0,10,0,0.0,141.25283084919153,1976.0,False,,,False,1,0
proposed,static_live,49,2940.0,49.0,9,recovering,recovering,7 11 57 73,3397,1.1848341232227486,0.8440000000000001,0.76,34.21399682278319,18.816666666666666,4,0,4,0.09333333333333332,0.09333333333333332,130.36497241829872,60.0,3000.0,0.0,0.0,0.0,1139.5955789000727,0.0,0.0,130.36497241829872,3000.0,23.47813411453291,518.7156081586248,,,,False,False,not_attempted,0,0,0,0,0,0,0.0,141.1594975158582,1976.0,False,,,False,1,0
proposed,static_live,50,3000.0,50.0,10,recovering,recovering,7 11 57 73,3397,1.1494252873563218,0.87,0.8,34.321064729417685,18.833333333333332,4,1,3,0.353519267153763,0.353519267153763,130.71849168545248,60.0,3060.0,0.0,0.0,0.0,1139.5955789000727,0.0,0.0,130.71849168545248,3060.0,22.53427703765641,516.9802143215102,,,,False,False,not_attempted,0,0,0,0,4,0,0.0,140.80597824870443,1976.0,False,,,False,1,0
proposed,static_live,51,3060.0,51.0,10,recovering,recovering,7 11 57 73,3397,1.1160714285714286,0.896,0.84,34.422533586854556,18.85,3,0,3,1.1371288183679502,1.1371288183679502,131.85562050382043,60.0,3120.0,0.0,0.0,0.0,1139.5955789000727,0.0,0.0,131.85562050382043,3120.0,21.13661870039244,502.39321955052037,,,,False,False,not_attempted,0,0,0,0,3,0,0.0,139.66884943033648,1976.0,False,,,False,1,0
proposed,static_live,52,3120.0,52.0,10,recovering,recovering,7 11 57 73,3397,1.0845986984815619,0.922,0.88,34.518831402077744,18.866666666666667,3,0,3,0.09333333333333332,0.09333333333333332,131.94895383715377,60.0,3180.0,0.0,0.0,0.0,1139.5955789000727,0.0,0.0,131.94895383715377,3180.0,19.292650461715827,355.8960950665075,,,,False,False,not_attempted,0,0,0,0,0,0,0.0,139.57551609700315,1976.0,False,,,False,1,0
proposed,static_live,53,3180.0,53.0,10,recovering,recovering,7 11 57 73,3397,1.0548523206751055,0.9480000000000001,0.92,34.610343641964526,18.883333333333333,3,1,2,0.8062508767983071,0.8062508767983071,132.75520471395208,60.0,3240.0,0.0,0.0,0.0,1139.5955789000727,0.0,0.0,132.75520471395208,3240.0,18.519044773472014,354.43821938495324,,,,False,False,not_attempted,0,0,0,0,4,0,0.0,138.76926522020486,1976.0,False,,,False,1,0
proposed,static_live,54,3240.0,54.0,10,recovering,recovering,7 11 57 73,3397,1.026694045174538,0.974,0.96,34.69741839028319,18.9,2,0,2,0.2500737543050405,0.2500737543050405,133.00527846825713,60.0,3300.0,0.0,0.0,0.0,1139.5955789000727,0.0,0.0,133.00527846825713,3300.0,16.871339973241188,321.257488096018,,,,False,False,not_attempted,0,0,0,0,0,0,0.0,138.5191914658998,1976.0,False,,,False,1,0
proposed,static_live,55,3300.0,55.0,11,normal,recovered,7 11 57 73,0,1.0,1.0,1.0,34.78037077224997,18.916666666666668,2,0,2,0.09333333333333332,0.09333333333333332,133.09861180159047,60.0,3360.0,0.0,0.0,0.0,1139.5955789000727,0.0,0.0,133.09861180159047,3360.0,16.0940882549748,199.94920782218168,,,,False,False,not_attempted,0,0,0,0,0,0,0.0,138.42585813256647,1976.0,False,,,False,1,0
proposed,static_live,56,3360.0,56.0,11,normal,normal,7 11 57 73,0,1.0,1.0,1.0,34.78037077224997,18.933333333333334,2,1,1,1.873360145892592,1.873360145892592,134.97197194748307,60.0,3420.0,0.0,0.0,0.0,1139.5955789000727,0.0,0.0,134.97197194748307,3420.0,16.0940882549748,199.94920782218168,,,,False,False,not_attempted,0,0,0,0,4,0,0.0,136.5524979866739,1976.0,False,,,False,1,0
proposed,static_live,57,3420.0,57.0,11,normal,normal,7 11 57 73,0,1.0,1.0,1.0,34.78037077224997,18.95,1,0,1,0.09333333333333332,0.09333333333333332,135.0653052808164,60.0,3480.0,0.0,0.0,0.0,1139.5955789000727,0.0,0.0,135.0653052808164,3480.0,14.092734364899274,81.84868277849249,,,,False,False,not_attempted,0,0,0,0,0,0,0.0,136.45916465334057,1976.0,False,,,False,0,0
proposed,static_live,58,3480.0,58.0,11,normal,normal,7 11 57 73,0,1.0,1.0,1.0,34.78037077224997,18.966666666666665,1,1,0,13.635534887094746,13.635534887094746,148.70084016791114,104.65006553830104,3584.650065538301,0.0,0.0,0.0,1139.5955789000727,0.0,0.0,148.70084016791114,3584.650065538301,14.092734364899274,81.84868277849249,,,,False,False,not_attempted,0,0,0,0,150,0,0.0,133.73545567525804,1976.0,True,,,False,0,0
proposed,static_frozen,0,0.0,0.0,0,normal,initial,7 11 57 73,0,1.0,1.0,0.0,34.78037077224997,18.0,84,0,84,18.947812200580838,18.947812200580838,18.947812200580838,60.0,60.0,10.709383900044486,1128.8861950000282,1139.5955789000727,1139.5955789000727,0.0,0.0,18.947812200580838,60.0,124.98723160038621,2771.5048752969888,,,,False,False,initial_plan,0,0,0,0,123,0,0.0,177.2717760608753,0.0,False,,,True,10,10
proposed,static_frozen,1,60.0,1.0,0,normal,normal,7 11 57 73,0,1.0,1.0,0.0,34.78037077224997,18.016666666666666,84,0,84,3.6431287464134887,3.6431287464134887,22.590940946994326,60.0,120.0,0.0,0.0,0.0,1139.5955789000727,0.0,0.0,22.590940946994326,120.0,105.50890338066785,2707.1370397431347,,,,False,False,not_attempted,0,0,0,0,83,0,0.0,176.43141531177028,0.0,False,,,False,9,10
proposed,static_frozen,2,120.0,2.0,0,normal,normal,7 11 57 73,0,1.0,1.0,0.0,34.78037077224997,18.033333333333335,84,3,81,2.150613593169741,0.716871197723247,24.741554540164067,60.0,180.0,0.0,0.0,0.0,1139.5955789000727,0.0,0.0,24.741554540164067,180.0,101.10086336244001,2575.1489099165824,,,,False,False,not_attempted,0,0,0,0,49,0,0.0,176.33808197843695,215.0,False,,,False,8,7
proposed,static_frozen,3,180.0,3.0,0,normal,normal,7 11 57 73,0,1.0,1.0,0.0,34.78037077224997,18.05,81,3,78,3.271356097706687,1.0904520325688958,28.012910637870753,60.0,240.0,0.0,0.0,0.0,1139.5955789000727,0.0,0.0,28.012910637870753,240.0,99.24169389457438,2575.1489099165824,,,,False,False,not_attempted,0,0,0,0,57,0,0.0,176.08417388140913,215.0,False,,,False,8,4
proposed,static_frozen,4,240.0,4.0,0,normal,normal,7 11 57 73,0,1.0,1.0,0.0,34.78037077224997,18.066666666666666,78,1,77,3.7024319427213226,3.7024319427213226,31.715342580592075,60.0,300.0,0.0,0.0,0.0,1139.5955789000727,0.0,0.0,31.715342580592075,300.0,96.4371557706104,2523.292639918653,,,,False,False,not_attempted,0,0,0,0,61,0,0.0,174.23595111138894,249.0,False,,,False,7,3
proposed,static_frozen,5,300.0,5.0,1,normal,normal,7 11 57 73,0,1.0,1.0,0.0,34.78037077224997,18.083333333333332,77,2,75,2.7190972354339418,1.3595486177169709,34.434439816026014,60.0,360.0,0.0,0.0,0.0,1139.5955789000727,0.0,0.0,34.434439816026014,360.0,92.79090225860935,2353.701123446594,,,,False,False,not_attempted,0,0,0,0,41,0,0.0,174.1426177780556,402.0,False,,,False,7,3
proposed,static_frozen,6,360.0,6.0,1,normal,normal,7 11 57 73,0,1.0,1.0,0.0,34.78037077224997,18.1,75,3,72,4.611279417259635,1.5370931390865452,39.04571923328565,60.0,420.0,0.0,0.0,0.0,1139.5955789000727,0.0,0.0,39.04571923328565,420.0,90.05551392370413,2353.701123446594,,,,False,False,not_attempted,0,0,0,0,41,0,0.0,173.80269504982573,402.0,False,,,False,7,2
proposed,static_frozen,7,420.0,7.0,1,normal,normal,7 11 57 73,0,1.0,1.0,0.0,34.78037077224997,18.116666666666667,72,1,71,5.191142058140224,5.191142058140224,44.236861291425875,60.0,480.0,0.0,0.0,0.0,1139.5955789000727,0.0,0.0,44.236861291425875,480.0,85.29960763845678,2350.428994697508,,,,False,False,not_attempted,0,0,0,0,51,0,0.0,171.7315048732715,402.0,False,,,False,7,1
proposed,static_frozen,8,480.0,8.0,1,normal,normal,7 11 57 73,0,1.0,1.0,0.0,34.78037077224997,18.133333333333333,71,2,69,2.4943949123933358,1.2471974561966679,46.731256203819214,60.0,540.0,0.0,0.0,0.0,1139.5955789000727,0.0,0.0,46.731256203819214,540.0,79.97940923294234,2176.3863390623183,,,,False,False,not_attempted,0,0,0,0,19,0,0.0,171.63817153993816,422.0,False,,,False,7,0
proposed,static_frozen,9,540.0,9.0,1,normal,normal,7 11 57 73,0,1.0,1.0,0.0,34.78037077224997,18.15,69,4,65,2.2682353970901716,0.5670588492725429,48.99949160090939,60.0,600.0,0.0,0.0,0.0,1139.5955789000727,0.0,0.0,48.99949160090939,600.0,77.62879857543831,2176.3863390623183,,,,False,False,not_attempted,0,0,0,0,19,0,0.0,171.54640459197284,574.0,False,,,False,7,0
proposed,static_frozen,10,600.0,10.0,2,degrading,degrading,7 11 57 73,0,1.0,1.0,0.0,34.78037077224997,18.166666666666668,65,1,64,2.2646830485948937,2.2646830485948937,51.264174649504284,60.0,660.0,0.0,0.0,0.0,1139.5955789000727,0.0,0.0,51.264174649504284,660.0,75.37762181306358,2157.509480549697,,,,False,False,not_attempted,0,0,0,0,29,0,0.0,171.29011539682318,574.0,False,,,False,7,0
proposed,static_frozen,11,660.0,11.0,2,degrading,degrading,7 11 57 73,3397,1.06951871657754,0.935,0.0,34.565163142647755,18.183333333333334,64,2,62,3.136746484703999,1.5683732423519996,54.40092113420828,60.0,720.0,0.0,0.0,0.0,1139.5955789000727,0.0,0.0,54.40092113420828,720.0,76.4000606775175,2028.9926248309519,,,,False,False,not_attempted,0,0,0,0,40,7,0.175,171.19678206348985,700.0,False,,,False,7,0
proposed,static_frozen,12,720.0,12.0,2,degrading,degrading,7 11 57 73,3397,1.1494252873563218,0.87,0.0,34.321064729417685,18.2,62,3,59,3.9330918547334326,1.3110306182444775,58.334012988941716,60.0,780.0,0.0,0.0,0.0,1139.5955789000727,0.0,0.0,58.334012988941716,780.0,77.07341173128182,2045.7654884788235,,,,False,False,not_attempted,0,0,0,0,40,10,0.25,169.9712503230566,791.0,False,,,False,7,0
proposed,static_frozen,13,780.0,13.0,2,degrading,degrading,7 11 57 73,3397,1.2422360248447206,0.8049999999999999,0.0,34.04183921998553,18.216666666666665,59,1,58,3.392990605210576,3.392990605210576,61.72700359415229,60.0,840.0,0.0,0.0,0.0,1139.5955789000727,0.0,0.0,61.72700359415229,840.0,77.30140479418198,2042.0481855948142,,,,False,False,not_attempted,0,0,0,0,46,1,0.021739130434782608,168.5742888930247,791.0,False,,,False,7,0
proposed,static_frozen,14,840.0,14.0,2,degrading,degrading,7 11 57 73,3397,1.3513513513513513,0.74,0.0,33.71931626348574,18.233333333333334,58,2,56,1.7981347687846376,0.8990673843923188,63.52513836293693,60.0,900.0,0.0,0.0,0.0,1139.5955789000727,0.0,0.0,63.52513836293693,900.0,78.87821822919908,2003.6174484899898,,,,False,False,not_attempted,0,0,0,0,42,0,0.0,168.15686244557824,848.0,False,,,False,7,0
proposed,static_frozen,15,900.0,15.0,3,degrading,degrading,7 11 57 73,3397,1.4814814814814814,0.675,0.0,33.34257871389501,18.25,56,2,54,1.9081703799435186,0.9540851899717593,65.43330874288044,60.0,960.0,0.0,0.0,0.0,1139.5955789000727,0.0,0.0,65.43330874288044,960.0,82.82194912956822,1894.8663413893887,,,,False,False,not_attempted,0,0,0,0,34,0,0.0,168.0635291122449,848.0,False,,,False,7,0
proposed,static_frozen,16,960.0,16.0,3,degrading,degrading,7 11 57 73,3397,1.639344262295082,0.61,0.0,32.89670240247868,18.266666666666666,54,2,52,2.038917801412044,1.019458900706022,67.47222654429248,60.0,1020.0,0.0,0.0,0.0,1139.5955789000727,0.0,0.0,67.47222654429248,1020.0,88.00394162987482,1928.0026763848016,,,,False,False,not_attempted,0,0,0,0,28,0,0.0,167.08289017604287,907.0,False,,,False,7,0
proposed,static_frozen,17,1020.0,17.0,3,degrading,degrading,7 11 57 73,3397,1.8348623853211008,0.545,0.0,32.36073198260743,18.283333333333335,52,4,48,4.4646237783234906,1.1161559445808726,71.93685032261597,60.0,1080.0,0.0,0.0,0.0,1139.5955789000727,0.0,0.0,71.93685032261597,1080.0,94.9972599043414,1925.9686732694213,,,,False,False,not_attempted,0,0,0,0,41,3,0.07317073170731707,165.7490023305006,930.0,False,,,False,7,0
proposed,static_frozen,18,1080.0,18.0,3,degrading,degrading,7 11 57 73,3397,2.0833333333333335,0.48,0.0,31.70429187079012,18.3,48,1,47,2.5920545507543613,2.5920545507543613,74.52890487337032,60.0,1140.0,0.0,0.0,0.0,1139.5955789000727,0.0,0.0,74.52890487337032,1140.0,100.77253060877905,1840.1065818359384,,,,False,False,not_attempted,0,0,0,0,35,0,0.0,165.65566899716725,930.0,False,,,False,7,0
proposed,static_frozen,19,1140.0,19.0,3,degrading,degrading,7 11 57 73,3397,2.409638554216868,0.4149999999999999,0.0,30.881622571183307,18.316666666666666,47,2,45,3.4063916668982657,1.7031958334491328,77.93529654026858,60.0,1200.0,0.0,0.0,0.0,1139.5955789000727,0.0,0.0,77.93529654026858,1200.0,110.50849462954943,2447.963464716819,,,,False,False,not_attempted,0,0,0,0,7,4,0.5714285714285714,163.31242486889093,988.0,False,,,False,7,0
proposed,static_frozen,20,1200.0,20.0,4,disrupted,holding,7 11 57 73,3397,2.857142857142857,0.35,0.0,29.820429701252063,18.333333333333332,45,5,40,1.2915377373239125,0.2583075474647825,79.22683427759249,60.0,1260.0,0.0,0.0,0.0,1139.5955789000727,0.0,0.0,79.22683427759249,1260.0,123.28656034478571,2501.4790907214133,,,,False,False,not_attempted,0,0,0,0,37,0,0.0,163.1459560802134,1072.0,False,,,False,7,0
proposed,static_frozen,21,1260.0,21.0,4,disrupted,disrupted,7 11 57 73,3397,2.857142857142857,0.35,0.0,29.820429701252063,18.35,40,1,39,1.717279949832454,1.717279949832454,80.94411422742495,60.0,1320.0,0.0,0.0,0.0,1139.5955789000727,0.0,0.0,80.94411422742495,1320.0,121.92875226493314,2381.4790907214133,,,,False,False,not_attempted,0,0,0,0,22,0,0.0,163.05262274688008,1171.0,False,,,False,6,0
proposed,static_frozen,22,1320.0,22.0,4,disrupted,disrupted,7 11 57 73,3397,2.857142857142857,0.35,0.0,29.820429701252063,18.366666666666667,39,3,36,2.0428700066434384,0.6809566688811461,82.98698423406839,60.0,1380.0,0.0,0.0,0.0,1139.5955789000727,0.0,0.0,82.98698423406839,1380.0,120.0635640074295,2381.4790907214133,,,,False,False,not_attempted,0,0,0,0,31,2,0.06451612903225806,162.16227621972513,1215.0,False,,,False,6,0
proposed,static_frozen,23,1380.0,23.0,4,disrupted,disrupted,7 11 57 73,3397,2.857142857142857,0.35,0.0,29.820429701252063,18.383333333333333,36,2,34,1.9577727787062877,0.9788863893531439,84.94475701277467,60.0,1440.0,0.0,0.0,0.0,1139.5955789000727,0.0,0.0,84.94475701277467,1440.0,117.78998358486753,2280.3244650267416,,,,False,False,not_attempted,0,0,0,0,18,1,0.05555555555555555,161.2095026730471,1215.0,False,,,False,6,0
proposed,static_frozen,24,1440.0,24.0,4,disrupted,disrupted,7 11 57 73,3397,2.857142857142857,0.35,0.0,29.820429701252063,18.4,34,1,33,1.5378147375634694,1.5378147375634694,86.48257175033814,60.0,1500.0,0.0,0.0,0.0,1139.5955789000727,0.0,0.0,86.48257175033814,1500.0,116.15721893434197,2248.443602457139,,,,False,False,not_attempted,0,0,0,0,20,0,0.0,160.8798975289357,1215.0,False,,,False,6,0
proposed,static_frozen,25,1500.0,25.0,5,disrupted,disrupted,7 11 57 73,3397,2.857142857142857,0.35,0.0,29.820429701252063,18.416666666666668,33,2,31,2.016920932137726,1.008460466068863,88.49949268247586,60.0,1560.0,0.0,0.0,0.0,1139.5955789000727,0.0,0.0,88.49949268247586,1560.0,114.83112888080026,2128.443602457139,,,,False,False,not_attempted,0,0,0,0,53,0,0.0,160.78656419560235,1215.0,False,,,False,6,0
proposed,static_frozen,26,1560.0,26.0,5,disrupted,disrupted,7 11 57 73,3397,2.857142857142857,0.35,0.0,29.820429701252063,18.433333333333334,31,2,29,1.8075191554422203,0.9037595777211102,90.30701183791808,60.0,1620.0,0.0,0.0,0.0,1139.5955789000727,0.0,0.0,90.30701183791808,1620.0,112.95168807417002,2128.443602457139,,,,False,False,not_attempted,0,0,0,0,42,3,0.07142857142857142,159.9111542495581,1373.0,False,,,False,6,0
proposed,static_frozen,27,1620.0,27.0,5,disrupted,disrupted,7 11 57 73,3397,2.857142857142857,0.35,0.0,29.820429701252063,18.45,29,1,28,4.990110567650325,4.990110567650325,95.2971224055684,60.0,1680.0,0.0,0.0,0.0,1139.5955789000727,0.0,0.0,95.2971224055684,1680.0,111.48670323653857,2077.3619087521756,,,,False,False,not_attempted,0,0,0,0,18,7,0.3888888888888889,159.18896291820522,1373.0,False,,,False,6,0
proposed,static_frozen,28,1680.0,28.0,5,disrupted,disrupted,7 11 57 73,3397,2.857142857142857,0.35,0.0,29.820429701252063,18.466666666666665,28,2,26,2.020199060357639,1.0100995301788196,97.31732146592604,60.0,1740.0,0.0,0.0,0.0,1139.5955789000727,0.0,0.0,97.31732146592604,1740.0,107.86479313266841,1936.809127823429,,,,False,False,not_attempted,0,0,0,0,18,2,0.1111111111111111,159.0956295848719,1419.0,False,,,False,6,0
proposed,static_frozen,29,1740.0,29.0,5,disrupted,disrupted,7 11 57 73,3397,2.857142857142857,0.35,0.0,29.820429701252063,18.483333333333334,26,3,23,7.341289052140297,2.4470963507134322,104.65861051806634,60.0,1800.0,0.0,0.0,0.0,1139.5955789000727,0.0,0.0,104.65861051806634,1800.0,106.16065526225927,1936.809127823429,,,,False,False,not_attempted,0,0,0,0,26,13,0.5,155.1305936676915,1419.0,False,,,False,6,0
proposed,static_frozen,30,1800.0,30.0,6,recovering,recovering,7 11 57 73,3397,2.857142857142857,0.35,0.0,29.820429701252063,18.5,23,2,21,14.993774736929424,7.496887368464712,119.65238525499576,60.0,1860.0,0.0,0.0,0.0,1139.5955789000727,0.0,0.0,119.65238525499576,1860.0,100.97470972499441,1342.481120137022,,,,False,False,not_attempted,0,0,0,0,43,13,0.3023255813953488,145.82354695905593,1669.0,False,,,False,6,0
proposed,static_frozen,31,1860.0,31.0,6,recovering,recovering,7 11 57 73,3397,2.6595744680851063,0.376,0.04,30.27980488269011,18.516666666666666,21,0,21,2.8726328372398733,2.8726328372398733,122.52501809223564,60.0,1920.0,0.0,0.0,0.0,1139.5955789000727,0.0,0.0,122.52501809223564,1920.0,81.49934348236748,1266.953214974197,,,,False,False,not_attempted,0,0,0,0,16,4,0.25,143.87217626060414,1669.0,False,,,False,6,0
proposed,static_frozen,32,1920.0,32.0,6,recovering,recovering,7 11 57 73,3397,2.4875621890547266,0.40199999999999997,0.08,30.691440450918655,18.533333333333335,21,3,18,2.085318437528181,0.6951061458427269,124.61033652976383,60.0,1980.0,0.0,0.0,0.0,1139.5955789000727,0.0,0.0,124.61033652976383,1980.0,73.7393141159316,1103.1882001305805,,,,False,False,not_attempted,0,0,0,0,11,2,0.18181818181818182,143.7788429272708,1669.0,False,,,False,6,0
proposed,static_frozen,33,1980.0,33.0,6,recovering,recovering,7 11 57 73,3397,2.336448598130841,0.428,0.12,31.062410676936217,18.55,18,3,15,2.8347463068212284,0.9449154356070761,127.44508283658506,60.0,2040.0,0.0,0.0,0.0,1139.5955789000727,0.0,0.0,127.44508283658506,2040.0,67.1968235377164,1092.3821616613604,,,,False,False,not_attempted,0,0,0,0,32,2,0.0625,142.91938423599262,1820.0,False,,,False,6,0
proposed,static_frozen,34,2040.0,34.0,6,recovering,recovering,7 11 57 73,3397,2.2026431718061676,0.45399999999999996,0.16,31.39845789284001,18.566666666666666,15,1,14,2.2338669020176103,2.2338669020176103,129.67894973860268,60.0,2100.0,0.0,0.0,0.0,1139.5955789000727,0.0,0.0,129.67894973860268,2100.0,60.410594730236284,1052.1326372772426,,,,False,False,not_attempted,0,0,0,0,26,1,0.038461538461538464,141.74593926692498,1820.0,False,,,False,6,0
proposed,static_frozen,35,2100.0,35.0,7,recovering,recovering,7 11 57 73,3397,2.0833333333333335,0.48,0.2,31.70429187079012,18.583333333333332,14,2,12,1.688607634455482,0.844303817227741,131.36755737305816,60.0,2160.0,0.0,0.0,0.0,1139.5955789000727,0.0,0.0,131.36755737305816,2160.0,55.39600348153302,907.4087484959649,,,,False,False,not_attempted,0,0,0,0,17,2,0.11764705882352941,141.65260593359164,1820.0,False,,,False,6,0
proposed,static_frozen,36,2160.0,36.0,7,recovering,recovering,7 11 57 73,3397,1.976284584980237,0.506,0.24,31.983811926372642,18.6,12,2,10,2.189521515210022,1.094760757605011,133.5570788882682,60.0,2220.0,0.0,0.0,0.0,1139.5955789000727,0.0,0.0,133.5570788882682,2220.0,50.342103457856126,902.1622688075732,,,,False,False,not_attempted,0,0,0,0,14,1,0.07142857142857142,140.94651509140218,1866.0,False,,,False,5,0
proposed,static_frozen,37,2220.0,37.0,7,recovering,recovering,7 11 57 73,3397,1.8796992481203008,0.532,0.28,32.24027405729201,18.616666666666667,10,1,9,0.566542882118428,0.566542882118428,134.12362177038662,60.0,2280.0,0.0,0.0,0.0,1139.5955789000727,0.0,0.0,134.12362177038662,2280.0,45.74561594886572,748.7582720996481,,,,False,False,not_attempted,0,0,0,0,8,0,0.0,140.85318175806884,1966.0,False,,,False,2,0
proposed,static_frozen,38,2280.0,38.0,7,recovering,recovering,7 11 57 73,3397,1.7921146953405016,0.558,0.32,32.47641835812188,18.633333333333333,9,4,5,0.30629881819270705,0.07657470454817676,134.42992058857934,60.0,2340.0,0.0,0.0,0.0,1139.5955789000727,0.0,0.0,134.42992058857934,2340.0,43.12233115090465,744.465736369474,,,,False,False,not_attempted,0,0,0,0,1,0,0.0,140.73991203822544,1966.0,False,,,False,1,0
proposed,static_frozen,39,2340.0,39.0,7,recovering,recovering,7 11 57 73,3397,1.7123287671232879,0.584,0.36,32.69456730617113,18.65,5,1,4,1.4911549168445934,1.4911549168445934,135.92107550542394,60.0,2400.0,0.0,0.0,0.0,1139.5955789000727,0.0,0.0,135.92107550542394,2400.0,40.76906537527925,731.6637594535446,,,,False,False,not_attempted,0,0,0,0,7,0,0.0,139.3051392474923,1976.0,False,,,False,1,0
proposed,static_frozen,40,2400.0,40.0,8,recovering,recovering,7 11 57 73,3397,1.639344262295082,0.61,0.4,32.89670240247868,18.666666666666668,4,0,4,1.918361078450471,1.918361078450471,137.8394365838744,60.0,2460.0,0.0,0.0,0.0,1139.5955789000727,0.0,0.0,137.8394365838744,2460.0,37.48039593427824,669.1608184642996,,,,False,False,not_attempted,0,0,0,0,6,0,0.0,137.38677816904186,1976.0,False,,,False,1,0
proposed,static_frozen,41,2460.0,41.0,8,recovering,recovering,7 11 57 73,3397,1.572327044025157,0.636,0.44,33.084524532211674,18.683333333333334,4,0,4,0.09333333333333332,0.09333333333333332,137.93276991720774,60.0,2520.0,0.0,0.0,0.0,1139.5955789000727,0.0,0.0,137.93276991720774,2520.0,33.80475509494903,537.7067105270495,,,,False,False,not_attempted,0,0,0,0,0,0,0.0,137.29344483570853,1976.0,False,,,False,1,0
proposed,static_frozen,42,2520.0,42.0,8,recovering,recovering,7 11 57 73,3397,1.5105740181268883,0.6619999999999999,0.48,33.259501941339856,18.7,4,1,3,1.3973147521883797,1.3973147521883797,139.33008466939611,60.0,2580.0,0.0,0.0,0.0,1139.5955789000727,0.0,0.0,139.33008466939611,2580.0,32.174367273363146,534.6801828837431,,,,False,False,not_attempted,0,0,0,0,7,0,0.0,135.89613008352018,1976.0,False,,,False,1,0
proposed,static_frozen,43,2580.0,43.0,8,recovering,recovering,7 11 57 73,3397,1.4534883720930234,0.688,0.52,33.4229086957123,18.716666666666665,3,0,3,0.09333333333333332,0.09333333333333332,139.42341800272945,60.0,2640.0,0.0,0.0,0.0,1139.5955789000727,0.0,0.0,139.42341800272945,2640.0,29.126550657056423,373.9754487220607,,,,False,False,not_attempted,0,0,0,0,0,0,0.0,135.80279675018684,1976.0,False,,,False,1,0
proposed,static_frozen,44,2640.0,44.0,8,recovering,recovering,7 11 57 73,3397,1.400560224089636,0.714,0.56,33.57585575481711,18.733333333333334,3,1,2,0.28764038490575083,0.28764038490575083,139.7110583876352,60.0,2700.0,0.0,0.0,0.0,1139.5955789000727,0.0,0.0,139.7110583876352,2700.0,27.734532891966968,371.3814300369658,,,,False,False,not_attempted,0,0,0,0,2,0,0.0,135.5151563652811,1976.0,False,,,False,1,0
proposed,static_frozen,45,2700.0,45.0,9,recovering,recovering,7 11 57 73,3397,1.3513513513513513,0.74,0.6,33.71931626348574,18.75,2,0,2,0.7686842461975967,0.7686842461975967,140.4797426338328,60.0,2760.0,0.0,0.0,0.0,1139.5955789000727,0.0,0.0,140.4797426338328,2760.0,26.081751776377317,347.6540637533913,,,,False,False,not_attempted,0,0,0,0,2,0,0.0,134.7464721190835,1976.0,False,,,False,1,0
proposed,static_frozen,46,2760.0,46.0,9,recovering,recovering,7 11 57 73,3397,1.3054830287206267,0.766,0.64,33.85414627899872,18.766666666666666,2,0,2,0.09333333333333332,0.09333333333333332,140.57307596716615,60.0,2820.0,0.0,0.0,0.0,1139.5955789000727,0.0,0.0,140.57307596716615,2820.0,24.135346565286515,214.92098965044414,,,,False,False,not_attempted,0,0,0,0,0,0,0.0,134.65313878575017,1976.0,False,,,False,1,0
proposed,static_frozen,47,2820.0,47.0,9,recovering,recovering,7 11 57 73,3397,1.2626262626262625,0.792,0.68,33.98110186663873,18.783333333333335,2,1,1,1.8733601458925921,1.8733601458925921,142.44643611305875,60.0,2880.0,0.0,0.0,0.0,1139.5955789000727,0.0,0.0,142.44643611305875,2880.0,22.993006985198832,212.82057132436913,,,,False,False,not_attempted,0,0,0,0,4,0,0.0,132.7797786398576,1976.0,False,,,False,1,0
proposed,static_frozen,48,2880.0,48.0,9,recovering,recovering,7 11 57 73,3397,1.2224938875305624,0.818,0.72,34.10085328495213,18.8,1,0,1,0.09333333333333332,0.09333333333333332,142.53976944639209,60.0,2940.0,0.0,0.0,0.0,1139.5955789000727,0.0,0.0,142.53976944639209,2940.0,19.87182567468047,91.39711996416158,,,,False,False,not_attempted,0,0,0,0,0,0,0.0,132.68644530652426,1976.0,False,,,False,0,0
proposed,static_frozen,49,2940.0,49.0,9,recovering,recovering,7 11 57 73,3397,1.1848341232227486,0.8440000000000001,0.76,34.21399682278319,18.816666666666666,1,1,0,17.722364053669267,17.722364053669267,160.26213350006137,132.8405227147562,3072.8405227147564,0.0,0.0,0.0,1139.5955789000727,0.0,0.0,160.26213350006137,3072.8405227147564,18.82649115445892,88.82500465101211,,,,False,False,not_attempted,0,0,0,0,150,96,0.64,129.22778865695398,1976.0,True,,,False,0,0
nn,adaptive,0,0.0,0.0,0,normal,initial,7 11 57 73,0,1.0,1.0,0.0,34.78037077224997,18.0,84,0,84,16.660400703942315,16.660400703942315,16.660400703942315,60.0,60.0,9.957765099941753,0.252319399965927,10.21008449990768,10.21008449990768,0.0,0.0,16.660400703942315,60.0,162.58793156149096,2761.487785832027,,,,False,False,initial_plan,0,0,0,0,97,0,0.0,177.83388229329896,0.0,False,,,True,10,10
nn,adaptive,1,60.0,1.0,0,normal,normal,7 11 57 73,0,1.0,1.0,0.0,34.78037077224997,18.016666666666666,84,0,84,2.671835477730445,2.671835477730445,19.332236181672762,60.0,120.0,0.0,0.0,0.0,10.21008449990768,0.0,0.0,19.332236181672762,120.0,144.89809698360446,2603.2770542730404,,,,False,False,not_attempted,0,0,0,0,24,0,0.0,177.65141542411558,0.0,False,,,False,9,10
nn,adaptive,2,120.0,2.0,0,normal,normal,7 11 57 73,0,1.0,1.0,0.0,34.78037077224997,18.033333333333335,84,6,78,2.2336491502253266,0.37227485837088775,21.565885331898087,60.0,180.0,0.0,0.0,0.0,10.21008449990768,0.0,0.0,21.565885331898087,180.0,142.35879798598543,2603.2770542730404,,,,False,False,not_attempted,0,0,0,0,25,0,0.0,177.33697396192156,239.0,False,,,False,9,4
nn,adaptive,3,180.0,3.0,0,normal,normal,7 11 57 73,0,1.0,1.0,0.0,34.78037077224997,18.05,78,4,74,4.632857667324735,1.1582144168311836,26.198742999222823,60.0,240.0,0.0,0.0,0.0,10.21008449990768,0.0,0.0,26.198742999222823,240.0,140.51455427701427,2575.2504365841983,,,,False,False,not_attempted,0,0,0,0,75,0,0.0,176.58965573332028,239.0,False,,,False,9,0
nn,adaptive,4,240.0,4.0,0,normal,normal,7 11 57 73,0,1.0,1.0,0.0,34.78037077224997,18.066666666666666,74,0,74,2.1890984112485845,2.1890984112485845,28.387841410471406,60.0,300.0,0.0,0.0,0.0,10.21008449990768,0.0,0.0,28.387841410471406,300.0,135.7776609100203,2453.4542174026838,,,,False,False,not_attempted,0,0,0,0,38,0,0.0,176.38162922177597,239.0,False,,,False,9,0
nn,adaptive,5,300.0,5.0,1,normal,normal,7 11 57 73,0,1.0,1.0,0.0,34.78037077224997,18.083333333333332,74,3,71,4.763597379502395,1.587865793167465,33.1514387899738,60.0,360.0,10.498897400102578,0.1776411000173539,10.676538500119932,20.886623000027612,0.0,0.0,33.1514387899738,360.0,128.7959290546367,2784.3357844494485,133.8378687044175,128.7959290546367,5.041939649780801,True,True,lower_residual_energy,2,25,2,25,105,0,0.0,175.72436508422112,402.0,False,,,True,9,0
nn,adaptive,6,360.0,6.0,1,normal,normal,7 11 57 73,0,1.0,1.0,0.0,34.78037077224997,18.1,71,2,69,4.485811166703238,2.242905583351619,37.63724995667704,60.0,420.0,0.0,0.0,0.0,20.886623000027612,0.0,0.0,37.63724995667704,420.0,123.61361357332132,2717.1313092372607,,,,False,False,not_attempted,0,0,0,0,59,0,0.0,173.98774183949396,422.0,False,,,False,9,0
nn,adaptive,7,420.0,7.0,1,normal,normal,7 11 57 73,0,1.0,1.0,0.0,34.78037077224997,18.116666666666667,69,3,66,2.9812824839435574,0.9937608279811858,40.6185324406206,60.0,480.0,0.0,0.0,0.0,20.886623000027612,0.0,0.0,40.6185324406206,480.0,118.92085678662227,2561.270737883113,,,,False,False,not_attempted,0,0,0,0,37,0,0.0,172.73804103501027,477.0,False,,,False,8,0
nn,adaptive,8,480.0,8.0,1,normal,normal,7 11 57 73,0,1.0,1.0,0.0,34.78037077224997,18.133333333333333,66,4,62,2.178098861828392,0.544524715457098,42.796631302448986,60.0,540.0,0.0,0.0,0.0,20.886623000027612,0.0,0.0,42.796631302448986,540.0,116.30503232303343,2561.270737883113,,,,False,False,not_attempted,0,0,0,0,45,0,0.0,172.64470770167694,647.0,False,,,False,8,0
nn,adaptive,9,540.0,9.0,1,normal,normal,7 11 57 73,0,1.0,1.0,0.0,34.78037077224997,18.15,62,2,60,1.8453221570217784,0.9226610785108892,44.64195345947076,60.0,600.0,0.0,0.0,0.0,20.886623000027612,0.0,0.0,44.64195345947076,600.0,114.16194557950111,2541.1547650102475,,,,False,False,not_attempted,0,0,0,0,56,0,0.0,172.53888579406538,647.0,False,,,False,7,0
nn,adaptive,10,600.0,10.0,2,degrading,degrading,7 11 57 73,0,1.0,1.0,0.0,34.78037077224997,18.166666666666668,60,3,57,3.0870488429308645,1.0290162809769547,47.729002302401625,60.0,660.0,5.579995922744274e-05,0.10923739999998361,0.10929319995921105,20.995916199986823,0.0,0.0,47.729002302401625,660.0,112.11863421063464,2395.4798719351247,112.11863421063464,113.9377236595066,-1.8190894488719636,True,False,incumbent_not_worse,5,31,0,0,64,0,0.0,172.28418379893967,647.0,False,,,True,7,0
nn,adaptive,11,660.0,11.0,2,degrading,degrading,7 11 57 73,3397,1.06951871657754,0.935,0.0,34.565163142647755,18.183333333333334,57,2,55,1.5354407415177926,0.7677203707588963,49.26444304391942,60.0,720.0,0.0,0.0,0.0,20.995916199986823,0.0,0.0,49.26444304391942,720.0,113.97581326031677,2417.51589449677,,,,False,False,not_attempted,0,0,0,0,42,5,0.11904761904761904,172.24042914206362,659.0,False,,,False,7,0
nn,adaptive,12,720.0,12.0,2,degrading,degrading,7 11 57 73,3397,1.1494252873563218,0.87,0.0,34.321064729417685,18.2,55,1,54,1.2661010750472337,1.2661010750472337,50.53054411896665,60.0,780.0,0.0,0.0,0.0,20.995916199986823,0.0,0.0,50.53054411896665,780.0,117.04908176219327,2307.4491037266134,,,,False,False,not_attempted,0,0,0,0,23,11,0.4782608695652174,171.7226756070062,743.0,False,,,False,7,0
nn,adaptive,13,780.0,13.0,2,degrading,degrading,7 11 57 73,3397,1.2422360248447206,0.8049999999999999,0.0,34.04183921998553,18.216666666666665,54,4,50,3.268931288719547,0.8172328221798868,53.7994754076862,60.0,840.0,0.0,0.0,0.0,20.995916199986823,0.0,0.0,53.7994754076862,840.0,121.76233203441986,2322.8874414668257,,,,False,False,not_attempted,0,0,0,0,45,6,0.13333333333333333,170.73770176629702,843.0,False,,,False,7,0
nn,adaptive,14,840.0,14.0,2,degrading,degrading,7 11 57 73,3397,1.3513513513513513,0.74,0.0,33.71931626348574,18.233333333333334,50,0,50,3.54303997597841,3.54303997597841,57.34251538366461,60.0,900.0,0.0,0.0,0.0,20.995916199986823,0.0,0.0,57.34251538366461,900.0,124.30572869779753,2344.2311554449343,,,,False,False,not_attempted,0,0,0,0,45,9,0.2,169.74453825365364,843.0,False,,,False,7,0
nn,adaptive,15,900.0,15.0,3,degrading,degrading,7 11 57 73,3397,1.4814814814814814,0.675,0.0,33.34257871389501,18.25,50,2,48,3.799210707694133,1.8996053538470665,61.14172609135875,60.0,960.0,10.426769700017758,0.07826720003504306,10.5050369000528,31.500953100039624,0.0,0.0,61.14172609135875,960.0,125.09985645522879,2169.7797278586186,127.70991545848922,125.09985645522879,2.6100590032604316,True,True,lower_residual_energy,3,6,3,6,41,8,0.1951219512195122,168.98413799345806,853.0,False,,,True,8,0
nn,adaptive,16,960.0,16.0,3,degrading,degrading,7 11 57 73,3397,1.639344262295082,0.61,0.0,32.89670240247868,18.266666666666666,48,2,46,3.1411416599451853,1.5705708299725927,64.28286775130394,60.0,1020.0,0.0,0.0,0.0,31.500953100039624,0.0,0.0,64.28286775130394,1020.0,127.71349590586266,2054.328767594443,,,,False,False,not_attempted,0,0,0,0,27,0,0.0,167.99989669101856,1087.0,False,,,False,8,0
nn,adaptive,17,1020.0,17.0,3,degrading,degrading,7 11 57 73,3397,1.8348623853211008,0.545,0.0,32.36073198260743,18.283333333333335,46,3,43,2.6622386247425087,0.8874128749141695,66.94510637604645,60.0,1080.0,0.0,0.0,0.0,31.500953100039624,0.0,0.0,66.94510637604645,1080.0,133.66181276841493,2059.962899377344,,,,False,False,not_attempted,0,0,0,0,52,0,0.0,167.5951739989538,1087.0,False,,,False,8,0
nn,adaptive,18,1080.0,18.0,3,degrading,degrading,7 11 57 73,3397,2.0833333333333335,0.48,0.0,31.70429187079012,18.3,43,2,41,3.817016324248499,1.9085081621242495,70.76212270029495,60.0,1140.0,0.0,0.0,0.0,31.500953100039624,0.0,0.0,70.76212270029495,1140.0,141.36897434089315,1898.1807479789932,,,,False,False,not_attempted,0,0,0,0,26,0,0.0,167.4016917340099,1087.0,False,,,False,8,0
nn,adaptive,19,1140.0,19.0,3,degrading,degrading,7 11 57 73,3397,2.409638554216868,0.4149999999999999,0.0,30.881622571183307,18.316666666666666,41,2,39,3.603894191311545,1.8019470956557726,74.36601689160649,60.0,1200.0,0.0,0.0,0.0,31.500953100039624,0.0,0.0,74.36601689160649,1200.0,151.5140434902966,1907.5836953245034,,,,False,False,not_attempted,0,0,0,0,43,1,0.023255813953488372,167.30835840067655,1138.0,False,,,False,8,0
nn,adaptive,20,1200.0,20.0,4,disrupted,holding,7 11 57 73,3397,2.857142857142857,0.35,0.0,29.820429701252063,18.333333333333332,39,4,35,4.482288448032762,1.1205721120081904,78.84830533963925,60.0,1260.0,10.429736300022341,0.05218769994098693,10.481923999963328,41.98287710000295,0.0,0.0,78.84830533963925,1260.0,166.27236022989302,1909.0758289247678,166.27236022989302,184.84126609799702,-18.568905868103997,True,False,incumbent_not_worse,1,7,0,0,48,0,0.0,166.42434219570598,1270.0,False,,,True,8,0
nn,adaptive,21,1260.0,21.0,4,disrupted,disrupted,7 11 57 73,3397,2.857142857142857,0.35,0.0,29.820429701252063,18.35,35,0,35,3.5461946736758256,3.5461946736758256,82.39450001331508,60.0,1320.0,0.0,0.0,0.0,41.98287710000295,0.0,0.0,82.39450001331508,1320.0,161.84354093003145,1781.738232935275,,,,False,False,not_attempted,0,0,0,0,32,1,0.03125,166.33100886237264,1270.0,False,,,False,8,0
nn,adaptive,22,1320.0,22.0,4,disrupted,disrupted,7 11 57 73,3397,2.857142857142857,0.35,0.0,29.820429701252063,18.366666666666667,35,4,31,4.024141903413689,1.0060354758534222,86.41864191672877,60.0,1380.0,0.0,0.0,0.0,41.98287710000295,0.0,0.0,86.41864191672877,1380.0,158.00635767344937,1781.738232935275,,,,False,False,not_attempted,0,0,0,0,37,0,0.0,165.81820060672632,1351.0,False,,,False,8,0
nn,adaptive,23,1380.0,23.0,4,disrupted,disrupted,7 11 57 73,3397,2.857142857142857,0.35,0.0,29.820429701252063,18.383333333333333,31,2,29,4.1607141013047215,2.0803570506523608,90.5793560180335,60.0,1440.0,0.0,0.0,0.0,41.98287710000295,0.0,0.0,90.5793560180335,1440.0,154.06445633067773,1649.233411539568,,,,False,False,not_attempted,0,0,0,0,18,1,0.05555555555555555,165.10198491520777,1351.0,False,,,False,7,0
nn,adaptive,24,1440.0,24.0,4,disrupted,disrupted,7 11 57 73,3397,2.857142857142857,0.35,0.0,29.820429701252063,18.4,29,2,27,1.048101516207566,0.524050758103783,91.62745753424106,60.0,1500.0,0.0,0.0,0.0,41.98287710000295,0.0,0.0,91.62745753424106,1500.0,150.2121138519932,1649.233411539568,,,,False,False,not_attempted,0,0,0,0,34,0,0.0,165.00865158187443,1351.0,False,,,False,7,0
nn,adaptive,25,1500.0,25.0,5,disrupted,disrupted,7 11 57 73,3397,2.857142857142857,0.35,0.0,29.820429701252063,18.416666666666668,27,5,22,4.554626542013624,0.9109253084027248,96.18208407625468,60.0,1560.0,5.4699950851500034e-05,0.017529499949887395,0.017584199900738895,42.00046129990369,0.0,0.0,96.18208407625468,1560.0,146.11654683184864,1606.104238102353,149.6927265609203,146.11654683184864,3.5761797290716686,True,True,lower_residual_energy,2,4,2,4,28,3,0.10714285714285714,164.13115480145333,1567.0,False,,,True,7,0
nn,adaptive,26,1560.0,26.0,5,disrupted,disrupted,7 11 57 73,3397,2.857142857142857,0.35,0.0,29.820429701252063,18.433333333333334,22,1,21,6.602227797148742,6.602227797148742,102.78431187340342,60.0,1620.0,0.0,0.0,0.0,42.00046129990369,0.0,0.0,102.78431187340342,1620.0,140.6708259625226,1474.3407028652557,,,,False,False,not_attempted,0,0,0,0,31,5,0.16129032258064516,162.318164595669,1567.0,False,,,False,7,0
nn,adaptive,27,1620.0,27.0,5,disrupted,disrupted,7 11 57 73,3397,2.857142857142857,0.35,0.0,29.820429701252063,18.45,21,2,19,3.6058071391702873,1.8029035695851436,106.3901190125737,60.0,1680.0,0.0,0.0,0.0,42.00046129990369,0.0,0.0,106.3901190125737,1680.0,134.3844696566375,1474.3407028652557,,,,False,False,not_attempted,0,0,0,0,38,2,0.05263157894736842,161.05018104851277,1567.0,False,,,False,7,0
nn,adaptive,28,1680.0,28.0,5,disrupted,disrupted,7 11 57 73,3397,2.857142857142857,0.35,0.0,29.820429701252063,18.466666666666665,19,3,16,9.385266624046835,3.128422208015612,115.77538563662054,60.0,1740.0,0.0,0.0,0.0,42.00046129990369,0.0,0.0,115.77538563662054,1740.0,131.22180051252158,1425.8535733171257,,,,False,False,not_attempted,0,0,0,0,48,7,0.14583333333333334,159.39403303845336,1655.0,False,,,False,7,0
nn,adaptive,29,1740.0,29.0,5,disrupted,disrupted,7 11 57 73,3397,2.857142857142857,0.35,0.0,29.820429701252063,18.483333333333334,16,0,16,3.695121422738253,3.695121422738253,119.4705070593588,60.0,1800.0,0.0,0.0,0.0,42.00046129990369,0.0,0.0,119.4705070593588,1800.0,121.17773286767253,1365.6825589779905,,,,False,False,not_attempted,0,0,0,0,17,2,0.11764705882352941,159.30069970512002,1655.0,False,,,False,7,0
nn,adaptive,30,1800.0,30.0,6,recovering,recovering,7 11 57 73,3397,2.857142857142857,0.35,0.0,29.820429701252063,18.5,16,3,13,1.9700627907376909,0.6566875969125636,121.44056985009648,60.0,1860.0,6.140000186860561e-05,0.003801100072450936,0.0038625000743195415,42.00432379997801,0.0,0.0,121.44056985009648,1860.0,117.98179288978245,1229.171766355698,117.98179288978245,117.98179288978245,0.0,True,False,incumbent_not_worse,0,0,0,0,18,0,0.0,158.01414013600754,1677.0,False,,,True,5,0
nn,adaptive,31,1860.0,31.0,6,recovering,recovering,7 11 57 73,3397,2.6595744680851063,0.376,0.04,30.27980488269011,18.516666666666666,13,4,9,2.8098406515484338,0.7024601628871084,124.25041050164491,60.0,1920.0,0.0,0.0,0.0,42.00432379997801,0.0,0.0,124.25041050164491,1920.0,109.04749745519749,1223.478553251669,,,,False,False,not_attempted,0,0,0,0,42,1,0.023809523809523808,157.9208068026742,1724.0,False,,,False,4,0
nn,adaptive,32,1920.0,32.0,6,recovering,recovering,7 11 57 73,3397,2.4875621890547266,0.40199999999999997,0.08,30.691440450918655,18.533333333333335,9,1,8,1.748921525814747,1.748921525814747,125.99933202745966,60.0,1980.0,0.0,0.0,0.0,42.00432379997801,0.0,0.0,125.99933202745966,1980.0,99.06632175274973,1058.4802600848252,,,,False,False,not_attempted,0,0,0,0,5,1,0.2,157.8484612866729,1724.0,False,,,False,4,0
nn,adaptive,33,1980.0,33.0,6,recovering,recovering,7 11 57 73,3397,2.336448598130841,0.428,0.12,31.062410676936217,18.55,8,2,6,0.8484660060122,0.4242330030061,126.84779803347186,60.0,2040.0,0.0,0.0,0.0,42.00432379997801,0.0,0.0,126.84779803347186,2040.0,92.59836130115458,1054.1257078199217,,,,False,False,not_attempted,0,0,0,0,13,0,0.0,157.8484612866729,1797.0,False,,,False,4,0
nn,adaptive,34,2040.0,34.0,6,recovering,recovering,7 11 57 73,3397,2.2026431718061676,0.45399999999999996,0.16,31.39845789284001,18.566666666666666,6,1,5,1.6974279525804223,1.6974279525804223,128.5452259860523,60.0,2100.0,0.0,0.0,0.0,42.00432379997801,0.0,0.0,128.5452259860523,2100.0,86.80084750091629,1033.3798138391116,,,,False,False,not_attempted,0,0,0,0,61,0,0.0,157.8484612866729,1797.0,False,,,False,4,0
nn,adaptive,35,2100.0,35.0,7,recovering,recovering,7 11 57 73,3397,2.0833333333333335,0.48,0.2,31.70429187079012,18.583333333333332,5,1,4,2.1950383938842872,2.1950383938842872,130.74026437993658,60.0,2160.0,10.418700100039132,0.0011918999953195453,10.419892000034451,52.42421580001246,0.0,0.0,130.74026437993658,2160.0,80.95159731895329,863.1227745361175,80.95159731895329,80.95159731895329,0.0,True,False,incumbent_not_worse,0,0,0,0,28,3,0.10714285714285714,157.8484612866729,1814.0,False,,,True,4,0
nn,adaptive,36,2160.0,36.0,7,recovering,recovering,7 11 57 73,3397,1.976284584980237,0.506,0.24,31.983811926372642,18.6,4,0,4,0.948908778814494,0.948908778814494,131.68917315875106,60.0,2220.0,0.0,0.0,0.0,52.42421580001246,0.0,0.0,131.68917315875106,2220.0,74.81235271742314,860.0380131539936,,,,False,False,not_attempted,0,0,0,0,2,0,0.0,157.8484612866729,1814.0,False,,,False,3,0
nn,adaptive,37,2220.0,37.0,7,recovering,recovering,7 11 57 73,3397,1.8796992481203008,0.532,0.28,32.24027405729201,18.616666666666667,4,1,3,0.5511743467089781,0.5511743467089781,132.24034750546005,60.0,2280.0,0.0,0.0,0.0,52.42421580001246,0.0,0.0,132.24034750546005,2280.0,70.36265879971603,857.2547698017013,,,,False,False,not_attempted,0,0,0,0,3,0,0.0,157.8484612866729,1898.0,False,,,False,1,0
nn,adaptive,38,2280.0,38.0,7,recovering,recovering,7 11 57 73,3397,1.7921146953405016,0.558,0.32,32.47641835812188,18.633333333333333,3,2,1,0.6287205924090069,0.31436029620450345,132.86906809786905,60.0,2340.0,0.0,0.0,0.0,52.42421580001246,0.0,0.0,132.86906809786905,2340.0,66.83975240440914,794.3807003138836,,,,False,False,not_attempted,0,0,0,0,2,0,0.0,157.8484612866729,1938.0,False,,,False,1,0
nn,adaptive,39,2340.0,39.0,7,recovering,recovering,7 11 57 73,3397,1.7123287671232879,0.584,0.36,32.69456730617113,18.65,1,0,1,0.22474018268232876,0.22474018268232876,133.09380828055137,60.0,2400.0,0.0,0.0,0.0,52.42421580001246,0.0,0.0,133.09380828055137,2400.0,63.296476676575146,723.1356367906843,,,,False,False,not_attempted,0,0,0,0,2,0,0.0,157.8484612866729,1938.0,False,,,False,1,0
nn,adaptive,40,2400.0,40.0,8,recovering,recovering,7 11 57 73,3397,1.639344262295082,0.61,0.4,32.89670240247868,18.666666666666668,1,0,1,0.2171184583064991,0.2171184583064991,133.31092673885786,60.0,2460.0,10.451429200009443,0.00030969991348683834,10.45173889992293,62.87595469993539,0.0,0.0,133.31092673885786,2460.0,60.07145607702152,611.7153409215273,60.07145607702152,60.07145607702152,0.0,True,False,incumbent_not_worse,0,0,0,0,0,0,0.0,157.8484612866729,1938.0,False,,,True,1,0
nn,adaptive,41,2460.0,41.0,8,recovering,recovering,7 11 57 73,3397,1.572327044025157,0.636,0.44,33.084524532211674,18.683333333333334,1,0,1,0.09333333333333332,0.09333333333333332,133.4042600721912,60.0,2520.0,0.0,0.0,0.0,62.87595469993539,0.0,0.0,133.4042600721912,2520.0,57.28654059407071,531.6770064934857,,,,False,False,not_attempted,0,0,0,0,0,0,0.0,157.8484612866729,1938.0,False,,,False,0,0
nn,adaptive,42,2520.0,42.0,8,recovering,recovering,7 11 57 73,3397,1.5105740181268883,0.6619999999999999,0.48,33.259501941339856,18.7,1,1,0,49.0105098346063,49.0105098346063,182.4147699067975,572.099807488264,3092.0998074882637,0.0,0.0,0.0,62.87595469993539,0.0,0.0,182.4147699067975,3092.0998074882637,54.89646333604632,526.9824373872679,,,,False,False,not_attempted,0,0,0,0,686,136,0.19825072886297376,151.34093005847575,1938.0,True,,,False,0,0
nn,static_live,0,0.0,0.0,0,normal,initial,7 11 57 73,0,1.0,1.0,0.0,34.78037077224997,18.0,84,0,84,16.660400703942315,16.660400703942315,16.660400703942315,60.0,60.0,9.957765099941753,0.252319399965927,10.21008449990768,10.21008449990768,0.0,0.0,16.660400703942315,60.0,162.58793156149096,2761.487785832027,,,,False,False,initial_plan,0,0,0,0,97,0,0.0,177.83388229329896,0.0,False,,,True,10,10
nn,static_live,1,60.0,1.0,0,normal,normal,7 11 57 73,0,1.0,1.0,0.0,34.78037077224997,18.016666666666666,84,0,84,2.671835477730445,2.671835477730445,19.332236181672762,60.0,120.0,0.0,0.0,0.0,10.21008449990768,0.0,0.0,19.332236181672762,120.0,144.89809698360446,2603.2770542730404,,,,False,False,not_attempted,0,0,0,0,24,0,0.0,177.65141542411558,0.0,False,,,False,9,10
nn,static_live,2,120.0,2.0,0,normal,normal,7 11 57 73,0,1.0,1.0,0.0,34.78037077224997,18.033333333333335,84,6,78,2.2336491502253266,0.37227485837088775,21.565885331898087,60.0,180.0,0.0,0.0,0.0,10.21008449990768,0.0,0.0,21.565885331898087,180.0,142.35879798598543,2603.2770542730404,,,,False,False,not_attempted,0,0,0,0,25,0,0.0,177.33697396192156,239.0,False,,,False,9,4
nn,static_live,3,180.0,3.0,0,normal,normal,7 11 57 73,0,1.0,1.0,0.0,34.78037077224997,18.05,78,4,74,4.632857667324735,1.1582144168311836,26.198742999222823,60.0,240.0,0.0,0.0,0.0,10.21008449990768,0.0,0.0,26.198742999222823,240.0,140.51455427701427,2575.2504365841983,,,,False,False,not_attempted,0,0,0,0,75,0,0.0,176.58965573332028,239.0,False,,,False,9,0
nn,static_live,4,240.0,4.0,0,normal,normal,7 11 57 73,0,1.0,1.0,0.0,34.78037077224997,18.066666666666666,74,0,74,2.1890984112485845,2.1890984112485845,28.387841410471406,60.0,300.0,0.0,0.0,0.0,10.21008449990768,0.0,0.0,28.387841410471406,300.0,135.7776609100203,2453.4542174026838,,,,False,False,not_attempted,0,0,0,0,38,0,0.0,176.38162922177597,239.0,False,,,False,9,0
nn,static_live,5,300.0,5.0,1,normal,normal,7 11 57 73,0,1.0,1.0,0.0,34.78037077224997,18.083333333333332,74,3,71,4.763597379502395,1.587865793167465,33.1514387899738,60.0,360.0,0.0,0.0,0.0,10.21008449990768,0.0,0.0,33.1514387899738,360.0,133.8378687044175,2453.4542174026838,,,,False,False,not_attempted,0,0,0,0,105,0,0.0,175.72436508422112,402.0,False,,,False,9,0
nn,static_live,6,360.0,6.0,1,normal,normal,7 11 57 73,0,1.0,1.0,0.0,34.78037077224997,18.1,71,2,69,4.5988841917568095,2.2994420958784048,37.75032298173061,60.0,420.0,0.0,0.0,0.0,10.21008449990768,0.0,0.0,37.75032298173061,420.0,128.65555322310212,2295.479016670314,,,,False,False,not_attempted,0,0,0,0,68,0,0.0,173.98774183949396,422.0,False,,,False,9,0
nn,static_live,7,420.0,7.0,1,normal,normal,7 11 57 73,0,1.0,1.0,0.0,34.78037077224997,18.116666666666667,69,3,66,4.0596296318654135,1.353209877288471,41.809952613596025,60.0,480.0,0.0,0.0,0.0,10.21008449990768,0.0,0.0,41.809952613596025,480.0,123.9692432558826,2295.479016670314,,,,False,False,not_attempted,0,0,0,0,59,0,0.0,172.73804103501027,477.0,False,,,False,8,0
nn,static_live,8,480.0,8.0,1,normal,normal,7 11 57 73,0,1.0,1.0,0.0,34.78037077224997,18.133333333333333,66,3,63,2.9617497333409846,0.9872499111136616,44.77170234693701,60.0,540.0,0.0,0.0,0.0,10.21008449990768,0.0,0.0,44.77170234693701,540.0,120.21492095922403,2165.047520150499,,,,False,False,not_attempted,0,0,0,0,53,0,0.0,172.64470770167694,647.0,False,,,False,8,0
nn,static_live,9,540.0,9.0,1,normal,normal,7 11 57 73,0,1.0,1.0,0.0,34.78037077224997,18.15,63,2,61,1.3608862693802408,0.6804431346901204,46.13258861631725,60.0,600.0,0.0,0.0,0.0,10.21008449990768,0.0,0.0,46.13258861631725,600.0,117.0907644351915,2165.047520150499,,,,False,False,not_attempted,0,0,0,0,35,0,0.0,172.53888579406538,647.0,False,,,False,8,0
nn,static_live,10,600.0,10.0,2,degrading,degrading,7 11 57 73,0,1.0,1.0,0.0,34.78037077224997,18.166666666666668,61,4,57,3.361017409988798,0.8402543524971995,49.49360602630605,60.0,660.0,0.0,0.0,0.0,10.21008449990768,0.0,0.0,49.49360602630605,660.0,115.72549646918236,2159.671519313145,,,,False,False,not_attempted,0,0,0,0,46,0,0.0,172.28418379893967,647.0,False,,,False,8,0
nn,static_live,11,660.0,11.0,2,degrading,degrading,7 11 57 73,3397,1.06951871657754,0.935,0.0,34.565163142647755,18.183333333333334,57,1,56,5.420075674574994,5.420075674574994,54.91368170088104,60.0,720.0,0.0,0.0,0.0,10.21008449990768,0.0,0.0,54.91368170088104,720.0,117.59852011152002,2111.7204406174196,,,,False,False,not_attempted,0,0,0,0,51,11,0.21568627450980393,170.6107783742012,659.0,False,,,False,8,0
nn,static_live,12,720.0,12.0,2,degrading,degrading,7 11 57 73,3397,1.1494252873563218,0.87,0.0,34.321064729417685,18.2,56,2,54,2.0669161165061576,1.0334580582530788,56.9805978173872,60.0,780.0,0.0,0.0,0.0,10.21008449990768,0.0,0.0,56.9805978173872,780.0,117.92809931319341,1921.2608595833394,,,,False,False,not_attempted,0,0,0,0,36,13,0.3611111111111111,170.20338483629783,743.0,False,,,False,8,0
nn,static_live,13,780.0,13.0,2,degrading,degrading,7 11 57 73,3397,1.2422360248447206,0.8049999999999999,0.0,34.04183921998553,18.216666666666665,54,2,52,3.1821564580204904,1.5910782290102452,60.16275427540769,60.0,840.0,0.0,0.0,0.0,10.21008449990768,0.0,0.0,60.16275427540769,840.0,121.74304560458006,1938.564368461549,,,,False,False,not_attempted,0,0,0,0,54,4,0.07407407407407407,170.1100515029645,843.0,False,,,False,8,0
nn,static_live,14,840.0,14.0,2,degrading,degrading,7 11 57 73,3397,1.3513513513513513,0.74,0.0,33.71931626348574,18.233333333333334,52,3,49,5.543067859351893,1.8476892864506311,65.70582213475959,60.0,900.0,0.0,0.0,0.0,10.21008449990768,0.0,0.0,65.70582213475959,900.0,125.07683071554892,1950.2836167602936,,,,False,False,not_attempted,0,0,0,0,36,5,0.1388888888888889,167.71471727564924,843.0,False,,,False,8,0
nn,static_live,15,900.0,15.0,3,degrading,degrading,7 11 57 73,3397,1.4814814814814814,0.675,0.0,33.34257871389501,18.25,49,1,48,3.2407638601814415,3.2407638601814415,68.94658599494103,60.0,960.0,0.0,0.0,0.0,10.21008449990768,0.0,0.0,68.94658599494103,960.0,126.33082593634828,1809.926475977908,,,,False,False,not_attempted,0,0,0,0,42,0,0.0,166.20343873996322,853.0,False,,,False,8,0
nn,static_live,16,960.0,16.0,3,degrading,degrading,7 11 57 73,3397,1.639344262295082,0.61,0.0,32.89670240247868,18.266666666666666,48,5,43,6.008763341723228,1.2017526683446456,74.95534933666426,60.0,1020.0,0.0,0.0,0.0,10.21008449990768,0.0,0.0,74.95534933666426,1020.0,131.7502265616084,1839.2930766950192,,,,False,False,not_attempted,0,0,0,0,87,6,0.06896551724137931,164.72423250848738,1087.0,False,,,False,8,0
nn,static_live,17,1020.0,17.0,3,degrading,degrading,7 11 57 73,3397,1.8348623853211008,0.545,0.0,32.36073198260743,18.283333333333335,43,0,43,3.1853698908952923,3.1853698908952923,78.14071922755954,60.0,1080.0,0.0,0.0,0.0,10.21008449990768,0.0,0.0,78.14071922755954,1080.0,135.45418133676804,2273.324831570732,,,,False,False,not_attempted,0,0,0,0,29,9,0.3103448275862069,164.47158796189908,1087.0,False,,,False,8,0
nn,static_live,18,1080.0,18.0,3,degrading,degrading,7 11 57 73,3397,2.0833333333333335,0.48,0.0,31.70429187079012,18.3,43,3,40,3.460146003869867,1.1533820012899556,81.60086523142941,60.0,1140.0,0.0,0.0,0.0,10.21008449990768,0.0,0.0,81.60086523142941,1140.0,143.20610341972196,2309.9864986644734,,,,False,False,not_attempted,0,0,0,0,41,4,0.0975609756097561,164.37825462856574,1087.0,False,,,False,8,0
nn,static_live,19,1140.0,19.0,3,degrading,degrading,7 11 57 73,3397,2.409638554216868,0.4149999999999999,0.0,30.881622571183307,18.316666666666666,40,1,39,2.4358485503263694,2.4358485503263694,84.03671378175578,60.0,1200.0,0.0,0.0,0.0,10.21008449990768,0.0,0.0,84.03671378175578,1200.0,153.09626606209426,2243.954811133315,,,,False,False,not_attempted,0,0,0,0,64,0,0.0,164.2614882390681,1087.0,False,,,False,8,0
nn,static_live,20,1200.0,20.0,4,disrupted,holding,7 11 57 73,3397,2.857142857142857,0.35,0.0,29.820429701252063,18.333333333333332,39,4,35,3.747288310209754,0.9368220775524385,87.78400209196553,60.0,1260.0,0.0,0.0,0.0,10.21008449990768,0.0,0.0,87.78400209196553,1260.0,168.78914841030564,2324.2001527366806,,,,False,False,not_attempted,0,0,0,0,40,4,0.1,164.16815490573475,1270.0,False,,,False,7,0
nn,static_live,21,1260.0,21.0,4,disrupted,disrupted,7 11 57 73,3397,2.857142857142857,0.35,0.0,29.820429701252063,18.35,35,2,33,3.511686401138042,1.755843200569021,91.29568849310357,60.0,1320.0,0.0,0.0,0.0,10.21008449990768,0.0,0.0,91.29568849310357,1320.0,164.14990414625467,2189.4977854690305,,,,False,False,not_attempted,0,0,0,0,22,2,0.09090909090909091,163.9819846902396,1270.0,False,,,False,7,0
nn,static_live,22,1320.0,22.0,4,disrupted,disrupted,7 11 57 73,3397,2.857142857142857,0.35,0.0,29.820429701252063,18.366666666666667,33,4,29,4.08814613260329,1.0220365331508225,95.38383462570685,60.0,1380.0,0.0,0.0,0.0,10.21008449990768,0.0,0.0,95.38383462570685,1380.0,161.6526514843038,2189.4977854690305,,,,False,False,not_attempted,0,0,0,0,27,2,0.07407407407407407,163.26851145620034,1351.0,False,,,False,7,0
nn,static_live,23,1380.0,23.0,4,disrupted,disrupted,7 11 57 73,3397,2.857142857142857,0.35,0.0,29.820429701252063,18.383333333333333,29,1,28,5.595405850678937,5.595405850678937,100.9792404763858,60.0,1440.0,0.0,0.0,0.0,10.21008449990768,0.0,0.0,100.9792404763858,1440.0,157.20719362213228,2149.3438594601794,,,,False,False,not_attempted,0,0,0,0,48,5,0.10416666666666667,162.95345413893838,1351.0,False,,,False,7,0
nn,static_live,24,1440.0,24.0,4,disrupted,disrupted,7 11 57 73,3397,2.857142857142857,0.35,0.0,29.820429701252063,18.4,28,2,26,3.9804426770924897,1.9902213385462448,104.95968315347828,60.0,1500.0,0.0,0.0,0.0,10.21008449990768,0.0,0.0,104.95968315347828,1500.0,152.0502237727641,2013.2776654039003,,,,False,False,not_attempted,0,0,0,0,52,0,0.0,161.80123026938685,1362.0,False,,,False,7,0
nn,static_live,25,1500.0,25.0,5,disrupted,disrupted,7 11 57 73,3397,2.857142857142857,0.35,0.0,29.820429701252063,18.416666666666668,26,2,24,5.034866608994563,2.5174333044972816,109.99454976247284,60.0,1560.0,0.0,0.0,0.0,10.21008449990768,0.0,0.0,109.99454976247284,1560.0,147.9745538264048,2013.2776654039003,,,,False,False,not_attempted,0,0,0,0,34,0,0.0,160.10132450158997,1567.0,False,,,False,7,0
nn,static_live,26,1560.0,26.0,5,disrupted,disrupted,7 11 57 73,3397,2.857142857142857,0.35,0.0,29.820429701252063,18.433333333333334,24,2,22,5.5232832454629,2.76164162273145,115.51783300793575,60.0,1620.0,0.0,0.0,0.0,10.21008449990768,0.0,0.0,115.51783300793575,1620.0,142.58611695073347,1970.2032473859454,,,,False,False,not_attempted,0,0,0,0,50,3,0.06,160.00799116825664,1567.0,False,,,False,7,0
nn,static_live,27,1620.0,27.0,5,disrupted,disrupted,7 11 57 73,3397,2.857142857142857,0.35,0.0,29.820429701252063,18.45,22,2,20,1.9083411068913476,0.9541705534456738,117.42617411482709,60.0,1680.0,0.0,0.0,0.0,10.21008449990768,0.0,0.0,117.42617411482709,1680.0,137.1282968188288,1831.256449307075,,,,False,False,not_attempted,0,0,0,0,8,0,0.0,159.44558911638498,1567.0,False,,,False,7,0
nn,static_live,28,1680.0,28.0,5,disrupted,disrupted,7 11 57 73,3397,2.857142857142857,0.35,0.0,29.820429701252063,18.466666666666665,20,3,17,4.831094554657709,1.6103648515525697,122.2572686694848,60.0,1740.0,0.0,0.0,0.0,10.21008449990768,0.0,0.0,122.2572686694848,1740.0,135.25312525605685,1831.256449307075,,,,False,False,not_attempted,0,0,0,0,9,4,0.4444444444444444,158.63689080819992,1655.0,False,,,False,6,0
nn,static_live,29,1740.0,29.0,5,disrupted,disrupted,7 11 57 73,3397,2.857142857142857,0.35,0.0,29.820429701252063,18.483333333333334,17,3,14,4.764419237553729,1.588139745851243,127.02168790703853,60.0,1800.0,0.0,0.0,0.0,10.21008449990768,0.0,0.0,127.02168790703853,1800.0,130.37835799894782,1791.672206149317,,,,False,False,not_attempted,0,0,0,0,48,1,0.020833333333333332,158.5435574748666,1716.0,False,,,False,5,0
nn,static_live,30,1800.0,30.0,6,recovering,recovering,7 11 57 73,3397,2.857142857142857,0.35,0.0,29.820429701252063,18.5,14,1,13,1.9930170310677826,1.9930170310677826,129.01470493810632,60.0,1860.0,0.0,0.0,0.0,10.21008449990768,0.0,0.0,129.01470493810632,1860.0,125.84635541396972,1660.2215058062702,,,,False,False,not_attempted,0,0,0,0,27,1,0.037037037037037035,158.50511196598802,1716.0,False,,,False,4,0
nn,static_live,31,1860.0,31.0,6,recovering,recovering,7 11 57 73,3397,2.6595744680851063,0.376,0.04,30.27980488269011,18.516666666666666,13,3,10,1.601372062161381,0.533790687387127,130.6160770002677,60.0,1920.0,0.0,0.0,0.0,10.21008449990768,0.0,0.0,130.6160770002677,1920.0,117.21578340883359,1628.5602904996354,,,,False,False,not_attempted,0,0,0,0,4,1,0.25,158.4327519361356,1724.0,False,,,False,4,0
nn,static_live,32,1920.0,32.0,6,recovering,recovering,7 11 57 73,3397,2.4875621890547266,0.40199999999999997,0.08,30.691440450918655,18.533333333333335,10,2,8,1.5433354290507522,0.7716677145253761,132.15941242931845,60.0,1980.0,0.0,0.0,0.0,10.21008449990768,0.0,0.0,132.15941242931845,1980.0,109.17166151671077,1512.9246080358112,,,,False,False,not_attempted,0,0,0,0,12,1,0.08333333333333333,158.27699062090366,1865.0,False,,,False,4,0
nn,static_live,33,1980.0,33.0,6,recovering,recovering,7 11 57 73,3397,2.336448598130841,0.428,0.12,31.062410676936217,18.55,8,1,7,1.1344664313917796,1.1344664313917796,133.29387886071024,60.0,2040.0,0.0,0.0,0.0,10.21008449990768,0.0,0.0,133.29387886071024,2040.0,103.0635946314111,1467.987225996971,,,,False,False,not_attempted,0,0,0,0,13,0,0.0,158.03514228883077,1865.0,False,,,False,4,0
nn,static_live,34,2040.0,34.0,6,recovering,recovering,7 11 57 73,3397,2.2026431718061676,0.45399999999999996,0.16,31.39845789284001,18.566666666666666,7,0,7,0.733387320736947,0.733387320736947,134.02726618144717,60.0,2100.0,0.0,0.0,0.0,10.21008449990768,0.0,0.0,134.02726618144717,2100.0,97.4360611592516,1332.7746143664576,,,,False,False,not_attempted,0,0,0,0,17,0,0.0,157.94180895549744,1865.0,False,,,False,3,0
nn,static_live,35,2100.0,35.0,7,recovering,recovering,7 11 57 73,3397,2.0833333333333335,0.48,0.2,31.70429187079012,18.583333333333332,7,3,4,3.3232966409440503,1.10776554698135,137.35056282239123,60.0,2160.0,0.0,0.0,0.0,10.21008449990768,0.0,0.0,137.35056282239123,2160.0,92.81739717822921,1319.2100356625833,,,,False,False,not_attempted,0,0,0,0,13,4,0.3076923076923077,156.17697867860764,1991.0,False,,,False,3,0
nn,static_live,36,2160.0,36.0,7,recovering,recovering,7 11 57 73,3397,1.976284584980237,0.506,0.24,31.983811926372642,18.6,4,0,4,1.0007006715812614,1.0007006715812614,138.35126349397248,60.0,2220.0,0.0,0.0,0.0,10.21008449990768,0.0,0.0,138.35126349397248,2220.0,85.82566299998906,1257.4899074938926,,,,False,False,not_attempted,0,0,0,0,11,0,0.0,155.40567051146425,1991.0,False,,,False,2,0
nn,static_live,37,2220.0,37.0,7,recovering,recovering,7 11 57 73,3397,1.8796992481203008,0.532,0.28,32.24027405729201,18.616666666666667,4,1,3,1.1659820634106184,1.1659820634106184,139.5172455573831,60.0,2280.0,0.0,0.0,0.0,10.21008449990768,0.0,0.0,139.5172455573831,2280.0,81.29379673076271,1128.9305176458233,,,,False,False,not_attempted,0,0,0,0,12,0,0.0,154.36945852576605,1991.0,False,,,False,2,0
nn,static_live,38,2280.0,38.0,7,recovering,recovering,7 11 57 73,3397,1.7921146953405016,0.558,0.32,32.47641835812188,18.633333333333333,3,1,2,2.4264209936323815,2.4264209936323815,141.94366655101547,60.0,2340.0,0.0,0.0,0.0,10.21008449990768,0.0,0.0,141.94366655101547,2340.0,77.69486149210378,1121.1687770309072,,,,False,False,not_attempted,0,0,0,0,22,6,0.2727272727272727,153.64029540700838,1991.0,False,,,False,2,0
nn,static_live,39,2340.0,39.0,7,recovering,recovering,7 11 57 73,3397,1.7123287671232879,0.584,0.36,32.69456730617113,18.65,2,0,2,1.7651179802367332,1.7651179802367332,143.7087845312522,60.0,2400.0,0.0,0.0,0.0,10.21008449990768,0.0,0.0,143.7087845312522,2400.0,72.57683703125899,1058.2082809707335,,,,False,False,not_attempted,0,0,0,0,7,5,0.7142857142857143,153.54696207367505,1991.0,False,,,False,1,0
nn,static_live,40,2400.0,40.0,8,recovering,recovering,7 11 57 73,3397,1.639344262295082,0.61,0.4,32.89670240247868,18.666666666666668,2,1,1,2.026660813673893,2.026660813673893,145.7354453449261,60.0,2460.0,0.0,0.0,0.0,10.21008449990768,0.0,0.0,145.7354453449261,2460.0,68.40975540155269,990.8839517424624,,,,False,False,not_attempted,0,0,0,0,11,0,0.0,152.73175742237302,1996.0,False,,,False,1,0
nn,static_live,41,2460.0,41.0,8,recovering,recovering,7 11 57 73,3397,1.572327044025157,0.636,0.44,33.084524532211674,18.683333333333334,1,0,1,1.5122859649483353,1.5122859649483353,147.24773130987444,60.0,2520.0,0.0,0.0,0.0,10.21008449990768,0.0,0.0,147.24773130987444,2520.0,64.41545098925162,935.0792989842666,,,,False,False,not_attempted,0,0,0,0,8,0,0.0,151.21947145742467,1996.0,False,,,False,1,0
nn,static_live,42,2520.0,42.0,8,recovering,recovering,7 11 57 73,3397,1.5105740181268883,0.6619999999999999,0.48,33.259501941339856,18.7,1,0,1,0.33206996289554996,0.33206996289554996,147.57980127277,60.0,2580.0,0.0,0.0,0.0,10.21008449990768,0.0,0.0,147.57980127277,2580.0,60.796832830469,854.7909667409713,,,,False,False,not_attempted,0,0,0,0,3,0,0.0,150.88740149452912,1996.0,False,,,False,1,0
nn,static_live,43,2580.0,43.0,8,recovering,recovering,7 11 57 73,3397,1.4534883720930234,0.688,0.52,33.4229086957123,18.716666666666665,1,0,1,0.03868428409487484,0.03868428409487484,147.61848555686487,60.0,2640.0,0.0,0.0,0.0,10.21008449990768,0.0,0.0,147.61848555686487,2640.0,58.68505080336367,763.471919535391,,,,False,False,not_attempted,0,0,0,0,1,0,0.0,150.84871721043424,1996.0,False,,,False,1,0
nn,static_live,44,2640.0,44.0,8,recovering,recovering,7 11 57 73,3397,1.400560224089636,0.714,0.56,33.57585575481711,18.733333333333334,1,0,1,0.34347344710436567,0.34347344710436567,147.96195900396924,60.0,2700.0,0.0,0.0,0.0,10.21008449990768,0.0,0.0,147.96195900396924,2700.0,56.936877354196675,744.6297212081641,,,,False,False,not_attempted,0,0,0,0,5,0,0.0,150.5052437633299,1996.0,False,,,False,1,0
nn,static_live,45,2700.0,45.0,9,recovering,recovering,7 11 57 73,3397,1.3513513513513513,0.74,0.6,33.71931626348574,18.75,1,0,1,0.9416851697257336,0.9416851697257336,148.90364417369497,60.0,2760.0,0.0,0.0,0.0,10.21008449990768,0.0,0.0,148.90364417369497,2760.0,55.00728778708197,689.4612223565692,,,,False,False,not_attempted,0,0,0,0,7,0,0.0,149.56355859360414,1996.0,False,,,False,1,0
nn,static_live,46,2760.0,46.0,9,recovering,recovering,7 11 57 73,3397,1.3054830287206267,0.766,0.64,33.85414627899872,18.766666666666666,1,0,1,0.6369829186301814,0.6369829186301814,149.54062709232517,60.0,2820.0,0.0,0.0,0.0,10.21008449990768,0.0,0.0,149.54062709232517,2820.0,52.538272608566004,625.722655936584,,,,False,False,not_attempted,0,0,0,0,3,0,0.0,148.92657567497395,1996.0,False,,,False,1,0
nn,static_live,47,2820.0,47.0,9,recovering,recovering,7 11 57 73,3397,1.2626262626262625,0.792,0.68,33.98110186663873,18.783333333333335,1,0,1,1.1687614017545003,1.1687614017545003,150.70938849407966,60.0,2880.0,0.0,0.0,0.0,10.21008449990768,0.0,0.0,150.70938849407966,2880.0,50.52810536521996,542.3994843509441,,,,False,False,not_attempted,0,0,0,0,5,0,0.0,147.7578142732194,1996.0,False,,,False,1,0
nn,static_live,48,2880.0,48.0,9,recovering,recovering,7 11 57 73,3397,1.2224938875305624,0.818,0.72,34.10085328495213,18.8,1,0,1,0.09333333333333332,0.09333333333333332,150.802721827413,60.0,2940.0,0.0,0.0,0.0,10.21008449990768,0.0,0.0,150.802721827413,2940.0,47.790937275272306,529.7404922138384,,,,False,False,not_attempted,0,0,0,0,0,0,0.0,147.66448093988606,1996.0,False,,,False,0,0
nn,static_live,49,2940.0,49.0,9,recovering,recovering,7 11 57 73,3397,1.1848341232227486,0.8440000000000001,0.76,34.21399682278319,18.816666666666666,1,1,0,42.92871463487535,42.92871463487535,193.73143646228834,577.6170749384718,3517.6170749384714,0.0,0.0,0.0,10.21008449990768,0.0,0.0,193.73143646228834,3517.6170749384714,46.42236124128866,528.7785523447296,,,,False,False,not_attempted,0,0,0,0,647,89,0.1375579598145286,140.11790797528337,1996.0,True,,,False,0,0
nn,static_frozen,0,0.0,0.0,0,normal,initial,7 11 57 73,0,1.0,1.0,0.0,34.78037077224997,18.0,84,0,84,16.660400703942315,16.660400703942315,16.660400703942315,60.0,60.0,9.957765099941753,0.252319399965927,10.21008449990768,10.21008449990768,0.0,0.0,16.660400703942315,60.0,162.58793156149096,2761.487785832027,,,,False,False,initial_plan,0,0,0,0,97,0,0.0,177.83388229329896,0.0,False,,,True,10,10
nn,static_frozen,1,60.0,1.0,0,normal,normal,7 11 57 73,0,1.0,1.0,0.0,34.78037077224997,18.016666666666666,84,0,84,2.671835477730445,2.671835477730445,19.332236181672762,60.0,120.0,0.0,0.0,0.0,10.21008449990768,0.0,0.0,19.332236181672762,120.0,144.89809698360446,2603.2770542730404,,,,False,False,not_attempted,0,0,0,0,24,0,0.0,177.65141542411558,0.0,False,,,False,9,10
nn,static_frozen,2,120.0,2.0,0,normal,normal,7 11 57 73,0,1.0,1.0,0.0,34.78037077224997,18.033333333333335,84,6,78,2.2336491502253266,0.37227485837088775,21.565885331898087,60.0,180.0,0.0,0.0,0.0,10.21008449990768,0.0,0.0,21.565885331898087,180.0,142.35879798598543,2603.2770542730404,,,,False,False,not_attempted,0,0,0,0,25,0,0.0,177.33697396192156,239.0,False,,,False,9,4
nn,static_frozen,3,180.0,3.0,0,normal,normal,7 11 57 73,0,1.0,1.0,0.0,34.78037077224997,18.05,78,4,74,4.632857667324735,1.1582144168311836,26.198742999222823,60.0,240.0,0.0,0.0,0.0,10.21008449990768,0.0,0.0,26.198742999222823,240.0,140.51455427701427,2575.2504365841983,,,,False,False,not_attempted,0,0,0,0,75,0,0.0,176.58965573332028,239.0,False,,,False,9,0
nn,static_frozen,4,240.0,4.0,0,normal,normal,7 11 57 73,0,1.0,1.0,0.0,34.78037077224997,18.066666666666666,74,0,74,2.1890984112485845,2.1890984112485845,28.387841410471406,60.0,300.0,0.0,0.0,0.0,10.21008449990768,0.0,0.0,28.387841410471406,300.0,135.7776609100203,2453.4542174026838,,,,False,False,not_attempted,0,0,0,0,38,0,0.0,176.38162922177597,239.0,False,,,False,9,0
nn,static_frozen,5,300.0,5.0,1,normal,normal,7 11 57 73,0,1.0,1.0,0.0,34.78037077224997,18.083333333333332,74,3,71,4.763597379502395,1.587865793167465,33.1514387899738,60.0,360.0,0.0,0.0,0.0,10.21008449990768,0.0,0.0,33.1514387899738,360.0,133.8378687044175,2453.4542174026838,,,,False,False,not_attempted,0,0,0,0,105,0,0.0,175.72436508422112,402.0,False,,,False,9,0
nn,static_frozen,6,360.0,6.0,1,normal,normal,7 11 57 73,0,1.0,1.0,0.0,34.78037077224997,18.1,71,2,69,4.5988841917568095,2.2994420958784048,37.75032298173061,60.0,420.0,0.0,0.0,0.0,10.21008449990768,0.0,0.0,37.75032298173061,420.0,128.65555322310212,2295.479016670314,,,,False,False,not_attempted,0,0,0,0,68,0,0.0,173.98774183949396,422.0,False,,,False,9,0
nn,static_frozen,7,420.0,7.0,1,normal,normal,7 11 57 73,0,1.0,1.0,0.0,34.78037077224997,18.116666666666667,69,3,66,4.0596296318654135,1.353209877288471,41.809952613596025,60.0,480.0,0.0,0.0,0.0,10.21008449990768,0.0,0.0,41.809952613596025,480.0,123.9692432558826,2295.479016670314,,,,False,False,not_attempted,0,0,0,0,59,0,0.0,172.73804103501027,477.0,False,,,False,8,0
nn,static_frozen,8,480.0,8.0,1,normal,normal,7 11 57 73,0,1.0,1.0,0.0,34.78037077224997,18.133333333333333,66,3,63,2.9617497333409846,0.9872499111136616,44.77170234693701,60.0,540.0,0.0,0.0,0.0,10.21008449990768,0.0,0.0,44.77170234693701,540.0,120.21492095922403,2165.047520150499,,,,False,False,not_attempted,0,0,0,0,53,0,0.0,172.64470770167694,647.0,False,,,False,8,0
nn,static_frozen,9,540.0,9.0,1,normal,normal,7 11 57 73,0,1.0,1.0,0.0,34.78037077224997,18.15,63,2,61,1.360887868666041,0.6804439343330205,46.13259021560305,60.0,600.0,0.0,0.0,0.0,10.21008449990768,0.0,0.0,46.13259021560305,600.0,117.0907644351915,2165.047520150499,,,,False,False,not_attempted,0,0,0,0,35,0,0.0,172.53888579406538,647.0,False,,,False,8,0
nn,static_frozen,10,600.0,10.0,2,degrading,degrading,7 11 57 73,0,1.0,1.0,0.0,34.78037077224997,18.166666666666668,61,4,57,3.3611376239174127,0.8402844059793532,49.49372783952047,60.0,660.0,0.0,0.0,0.0,10.21008449990768,0.0,0.0,49.49372783952047,660.0,115.72549646918236,2159.671519313145,,,,False,False,not_attempted,0,0,0,0,46,0,0.0,172.28418379893967,647.0,False,,,False,8,0
nn,static_frozen,11,660.0,11.0,2,degrading,degrading,7 11 57 73,3397,1.06951871657754,0.935,0.0,34.565163142647755,18.183333333333334,57,1,56,5.420075674574994,5.420075674574994,54.91380351409546,60.0,720.0,0.0,0.0,0.0,10.21008449990768,0.0,0.0,54.91380351409546,720.0,117.59852011152002,2111.7204406174196,,,,False,False,not_attempted,0,0,0,0,51,11,0.21568627450980393,170.6107783742012,659.0,False,,,False,8,0
nn,static_frozen,12,720.0,12.0,2,degrading,degrading,7 11 57 73,3397,1.1494252873563218,0.87,0.0,34.321064729417685,18.2,56,2,54,2.067687413205536,1.033843706602768,56.981490927300996,60.0,780.0,0.0,0.0,0.0,10.21008449990768,0.0,0.0,56.981490927300996,780.0,117.92809931319341,1921.2608595833394,,,,False,False,not_attempted,0,0,0,0,36,13,0.3611111111111111,170.20338483629783,743.0,False,,,False,8,0
nn,static_frozen,13,780.0,13.0,2,degrading,degrading,7 11 57 73,3397,1.2422360248447206,0.8049999999999999,0.0,34.04183921998553,18.216666666666665,54,2,52,3.181433316284351,1.5907166581421754,60.162924243585344,60.0,840.0,0.0,0.0,0.0,10.21008449990768,0.0,0.0,60.162924243585344,840.0,121.74304560458006,1938.564368461549,,,,False,False,not_attempted,0,0,0,0,54,4,0.07407407407407407,170.1100515029645,843.0,False,,,False,8,0
nn,static_frozen,14,840.0,14.0,2,degrading,degrading,7 11 57 73,3397,1.3513513513513513,0.74,0.0,33.71931626348574,18.233333333333334,52,3,49,5.558090748929232,1.8526969163097442,65.72101499251458,60.0,900.0,0.0,0.0,0.0,10.21008449990768,0.0,0.0,65.72101499251458,900.0,125.07683071554892,1950.2836167602936,,,,False,False,not_attempted,0,0,0,0,36,5,0.1388888888888889,167.71471727564924,843.0,False,,,False,8,0
nn,static_frozen,15,900.0,15.0,3,degrading,degrading,7 11 57 73,3397,1.4814814814814814,0.675,0.0,33.34257871389501,18.25,49,1,48,3.61911053707999,3.61911053707999,69.34012552959457,60.0,960.0,0.0,0.0,0.0,10.21008449990768,0.0,0.0,69.34012552959457,960.0,126.37185439478793,1809.926475977908,,,,False,False,not_attempted,0,0,0,0,38,0,0.0,166.20343873996322,853.0,False,,,False,8,0
nn,static_frozen,16,960.0,16.0,3,degrading,degrading,7 11 57 73,3397,1.639344262295082,0.61,0.0,32.89670240247868,18.266666666666666,48,5,43,5.9829666286429175,1.1965933257285835,75.32309215823749,60.0,1020.0,0.0,0.0,0.0,10.21008449990768,0.0,0.0,75.32309215823749,1020.0,131.52412157694027,1839.2930766950192,,,,False,False,not_attempted,0,0,0,0,86,9,0.10465116279069768,164.72423250848738,1087.0,False,,,False,8,0
nn,static_frozen,17,1020.0,17.0,3,degrading,degrading,7 11 57 73,3397,1.8348623853211008,0.545,0.0,32.36073198260743,18.283333333333335,43,0,43,4.369884907355459,4.369884907355459,79.69297706559294,60.0,1080.0,0.0,0.0,0.0,10.21008449990768,0.0,0.0,79.69297706559294,1080.0,136.2098978967995,2273.324831570732,,,,False,False,not_attempted,0,0,0,0,34,16,0.47058823529411764,164.47158796189908,1087.0,False,,,False,8,0
nn,static_frozen,18,1080.0,18.0,3,degrading,degrading,7 11 57 73,3397,2.0833333333333335,0.48,0.0,31.70429187079012,18.3,43,3,40,2.489377066191316,0.8297923553971054,82.18235413178425,60.0,1140.0,0.0,0.0,0.0,10.21008449990768,0.0,0.0,82.18235413178425,1140.0,142.77149784298638,2309.9864986644734,,,,False,False,not_attempted,0,0,0,0,37,3,0.08108108108108109,164.37825462856574,1087.0,False,,,False,8,0
nn,static_frozen,19,1140.0,19.0,3,degrading,degrading,7 11 57 73,3397,2.409638554216868,0.4149999999999999,0.0,30.881622571183307,18.316666666666666,40,2,38,3.82583143261639,1.912915716308195,86.00818556440063,60.0,1200.0,0.0,0.0,0.0,10.21008449990768,0.0,0.0,86.00818556440063,1200.0,154.3410521925693,2243.954811133315,,,,False,False,not_attempted,0,0,0,0,69,4,0.057971014492753624,164.2614882390681,1087.0,False,,,False,8,0
nn,static_frozen,20,1200.0,20.0,4,disrupted,holding,7 11 57 73,3397,2.857142857142857,0.35,0.0,29.820429701252063,18.333333333333332,38,2,36,3.290536512865694,1.645268256432847,89.29872207726633,60.0,1260.0,0.0,0.0,0.0,10.21008449990768,0.0,0.0,89.29872207726633,1260.0,168.3960205317346,2324.2001527366806,,,,False,False,not_attempted,0,0,0,0,37,2,0.05405405405405406,164.16815490573475,1270.0,False,,,False,7,0
nn,static_frozen,21,1260.0,21.0,4,disrupted,disrupted,7 11 57 73,3397,2.857142857142857,0.35,0.0,29.820429701252063,18.35,36,3,33,2.925818109355682,0.9752727031185606,92.22454018662202,60.0,1320.0,0.0,0.0,0.0,10.21008449990768,0.0,0.0,92.22454018662202,1320.0,164.94556130920057,2189.4977854690305,,,,False,False,not_attempted,0,0,0,0,23,3,0.13043478260869565,163.0204314775488,1270.0,False,,,False,7,0
nn,static_frozen,22,1320.0,22.0,4,disrupted,disrupted,7 11 57 73,3397,2.857142857142857,0.35,0.0,29.820429701252063,18.366666666666667,33,4,29,6.4241360640445375,1.6060340160111344,98.64867625066655,60.0,1380.0,0.0,0.0,0.0,10.21008449990768,0.0,0.0,98.64867625066655,1380.0,161.6526514843038,2189.4977854690305,,,,False,False,not_attempted,0,0,0,0,32,6,0.1875,161.64526153077347,1351.0,False,,,False,7,0
nn,static_frozen,23,1380.0,23.0,4,disrupted,disrupted,7 11 57 73,3397,2.857142857142857,0.35,0.0,29.820429701252063,18.383333333333333,29,1,28,5.2085445283073355,5.2085445283073355,103.8572207789739,60.0,1440.0,0.0,0.0,0.0,10.21008449990768,0.0,0.0,103.8572207789739,1440.0,156.13654637745643,2149.3438594601794,,,,False,False,not_attempted,0,0,0,0,43,6,0.13953488372093023,161.55192819744013,1351.0,False,,,False,7,0
nn,static_frozen,24,1440.0,24.0,4,disrupted,disrupted,7 11 57 73,3397,2.857142857142857,0.35,0.0,29.820429701252063,18.4,28,2,26,3.1281993688187537,1.5640996844093769,106.98542014779265,60.0,1500.0,0.0,0.0,0.0,10.21008449990768,0.0,0.0,106.98542014779265,1500.0,151.04181028783398,2013.2776654039003,,,,False,False,not_attempted,0,0,0,0,42,0,0.0,160.9286596695736,1362.0,False,,,False,7,0
nn,static_frozen,25,1500.0,25.0,5,disrupted,disrupted,7 11 57 73,3397,2.857142857142857,0.35,0.0,29.820429701252063,18.416666666666668,26,2,24,3.9805261259757736,1.9902630629878868,110.96594627376842,60.0,1560.0,0.0,0.0,0.0,10.21008449990768,0.0,0.0,110.96594627376842,1560.0,148.5135186633892,2013.2776654039003,,,,False,False,not_attempted,0,0,0,0,31,0,0.0,160.0199913790296,1567.0,False,,,False,7,0
nn,static_frozen,26,1560.0,26.0,5,disrupted,disrupted,7 11 57 73,3397,2.857142857142857,0.35,0.0,29.820429701252063,18.433333333333334,24,2,22,7.166681545281732,3.583340772640866,118.13262781905016,60.0,1620.0,0.0,0.0,0.0,10.21008449990768,0.0,0.0,118.13262781905016,1620.0,143.78068040743727,1970.2032473859454,,,,False,False,not_attempted,0,0,0,0,55,4,0.07272727272727272,158.38474124282973,1567.0,False,,,False,7,0
nn,static_frozen,27,1620.0,27.0,5,disrupted,disrupted,7 11 57 73,3397,2.857142857142857,0.35,0.0,29.820429701252063,18.45,22,1,21,1.4392723883529945,1.4392723883529945,119.57190020740315,60.0,1680.0,0.0,0.0,0.0,10.21008449990768,0.0,0.0,119.57190020740315,1680.0,137.1282968188288,1831.256449307075,,,,False,False,not_attempted,0,0,0,0,3,0,0.0,158.2914079094964,1567.0,False,,,False,7,0
nn,static_frozen,28,1680.0,28.0,5,disrupted,disrupted,7 11 57 73,3397,2.857142857142857,0.35,0.0,29.820429701252063,18.466666666666665,21,4,17,5.299489688054466,1.3248724220136165,124.87138989545761,60.0,1740.0,0.0,0.0,0.0,10.21008449990768,0.0,0.0,124.87138989545761,1740.0,135.89822356628088,1831.256449307075,,,,False,False,not_attempted,0,0,0,0,13,4,0.3076923076923077,157.013640882773,1655.0,False,,,False,6,0
nn,static_frozen,29,1740.0,29.0,5,disrupted,disrupted,7 11 57 73,3397,2.857142857142857,0.35,0.0,29.820429701252063,18.483333333333334,17,3,14,5.360945888144998,1.7869819627149992,130.23233578360262,60.0,1800.0,0.0,0.0,0.0,10.21008449990768,0.0,0.0,130.23233578360262,1800.0,130.38511083981226,1791.672206149317,,,,False,False,not_attempted,0,0,0,0,55,1,0.01818181818181818,156.92030754943966,1716.0,False,,,False,5,0
nn,static_frozen,30,1800.0,30.0,6,recovering,recovering,7 11 57 73,3397,2.857142857142857,0.35,0.0,29.820429701252063,18.5,14,1,13,1.4303744576401276,1.4303744576401276,131.66271024124276,60.0,1860.0,0.0,0.0,0.0,10.21008449990768,0.0,0.0,131.66271024124276,1860.0,125.2949671312186,1660.2215058062702,,,,False,False,not_attempted,0,0,0,0,21,1,0.047619047619047616,156.84865154853907,1716.0,False,,,False,4,0
nn,static_frozen,31,1860.0,31.0,6,recovering,recovering,7 11 57 73,3397,2.6595744680851063,0.376,0.04,30.27980488269011,18.516666666666666,13,3,10,1.601372062161381,0.533790687387127,133.26408230340414,60.0,1920.0,0.0,0.0,0.0,10.21008449990768,0.0,0.0,133.26408230340414,1920.0,117.21578340883359,1628.5602904996354,,,,False,False,not_attempted,0,0,0,0,4,1,0.25,156.84865154853907,1724.0,False,,,False,4,0
nn,static_frozen,32,1920.0,32.0,6,recovering,recovering,7 11 57 73,3397,2.4875621890547266,0.40199999999999997,0.08,30.691440450918655,18.533333333333335,10,2,8,1.6918504277903037,0.8459252138951519,134.95593273119445,60.0,1980.0,0.0,0.0,0.0,10.21008449990768,0.0,0.0,134.95593273119445,1980.0,109.17166151671077,1512.9246080358112,,,,False,False,not_attempted,0,0,0,0,13,1,0.07692307692307693,156.84865154853907,1865.0,False,,,False,4,0
nn,static_frozen,33,1980.0,33.0,6,recovering,recovering,7 11 57 73,3397,2.336448598130841,0.428,0.12,31.062410676936217,18.55,8,1,7,0.9759901412447818,0.9759901412447818,135.93192287243923,60.0,2040.0,0.0,0.0,0.0,10.21008449990768,0.0,0.0,135.93192287243923,2040.0,102.83638230455026,1467.987225996971,,,,False,False,not_attempted,0,0,0,0,11,0,0.0,156.84865154853907,1865.0,False,,,False,4,0
nn,static_frozen,34,2040.0,34.0,6,recovering,recovering,7 11 57 73,3397,2.2026431718061676,0.45399999999999996,0.16,31.39845789284001,18.566666666666666,7,1,6,0.7253474805121882,0.7253474805121882,136.65727035295143,60.0,2100.0,0.0,0.0,0.0,10.21008449990768,0.0,0.0,136.65727035295143,2100.0,97.47286816898735,1332.7746143664576,,,,False,False,not_attempted,0,0,0,0,17,0,0.0,156.84865154853907,1865.0,False,,,False,3,0
nn,static_frozen,35,2100.0,35.0,7,recovering,recovering,7 11 57 73,3397,2.0833333333333335,0.48,0.2,31.70429187079012,18.583333333333332,6,2,4,1.8884169794195196,0.9442084897097598,138.54568733237096,60.0,2160.0,0.0,0.0,0.0,10.21008449990768,0.0,0.0,138.54568733237096,2160.0,92.81789155717387,1319.2100356625833,,,,False,False,not_attempted,0,0,0,0,13,4,0.3076923076923077,156.73991789624324,1991.0,False,,,False,3,0
nn,static_frozen,36,2160.0,36.0,7,recovering,recovering,7 11 57 73,3397,1.976284584980237,0.506,0.24,31.983811926372642,18.6,4,0,4,1.4003952344023112,1.4003952344023112,139.94608256677327,60.0,2220.0,0.0,0.0,0.0,10.21008449990768,0.0,0.0,139.94608256677327,2220.0,88.52709111857688,1257.4899074938926,,,,False,False,not_attempted,0,0,0,0,4,4,1.0,155.56891516627874,1991.0,False,,,False,2,0
nn,static_frozen,37,2220.0,37.0,7,recovering,recovering,7 11 57 73,3397,1.8796992481203008,0.532,0.28,32.24027405729201,18.616666666666667,4,1,3,2.829487864967256,2.829487864967256,142.77557043174053,60.0,2280.0,0.0,0.0,0.0,10.21008449990768,0.0,0.0,142.77557043174053,2280.0,85.83650473531151,1128.9305176458233,,,,False,False,not_attempted,0,0,0,0,12,12,1.0,152.87266410926918,1991.0,False,,,False,2,0
nn,static_frozen,38,2280.0,38.0,7,recovering,recovering,7 11 57 73,3397,1.7921146953405016,0.558,0.32,32.47641835812188,18.633333333333333,3,1,2,11.609509314875043,11.609509314875043,154.3850797466156,60.0,2340.0,0.0,0.0,0.0,10.21008449990768,0.0,0.0,154.3850797466156,2340.0,80.42373457749996,1121.1687770309072,,,,False,False,not_attempted,0,0,0,0,31,26,0.8387096774193549,149.37993388944275,1991.0,False,,,False,2,0
nn,static_frozen,39,2340.0,39.0,7,recovering,recovering,7 11 57 73,3397,1.7123287671232879,0.584,0.36,32.69456730617113,18.65,2,0,2,2.9454915820858583,2.9454915820858583,157.33057132870144,60.0,2400.0,0.0,0.0,0.0,10.21008449990768,0.0,0.0,157.33057132870144,2400.0,67.16017572346477,583.8235340107107,,,,False,False,not_attempted,0,0,0,0,20,7,0.35,147.62387733583355,1991.0,False,,,False,2,0
nn,static_frozen,40,2400.0,40.0,8,recovering,recovering,7 11 57 73,3397,1.639344262295082,0.61,0.4,32.89670240247868,18.666666666666668,2,0,2,0.32348713072788027,0.32348713072788027,157.6540584594293,60.0,2460.0,0.0,0.0,0.0,10.21008449990768,0.0,0.0,157.6540584594293,2460.0,61.661723886163124,563.5762006115283,,,,False,False,not_attempted,0,0,0,0,0,0,0.0,147.393723538439,1991.0,False,,,False,1,0
nn,static_frozen,41,2460.0,41.0,8,recovering,recovering,7 11 57 73,3397,1.572327044025157,0.636,0.44,33.084524532211674,18.683333333333334,2,1,1,0.12202052234297986,0.12202052234297986,157.7760789817723,60.0,2520.0,0.0,0.0,0.0,10.21008449990768,0.0,0.0,157.7760789817723,2520.0,59.28502871580689,561.892032782164,,,,False,False,not_attempted,0,0,0,0,0,0,0.0,147.30039020510566,1996.0,False,,,False,0,0
nn,static_frozen,42,2520.0,42.0,8,recovering,recovering,7 11 57 73,3397,1.5105740181268883,0.6619999999999999,0.48,33.259501941339856,18.7,1,1,0,52.69090419543425,52.69090419543425,210.46698317720654,531.5252693524881,3051.525269352488,0.0,0.0,0.0,10.21008449990768,0.0,0.0,210.46698317720654,3051.525269352488,57.2705178592465,560.34015608139,,,,False,False,not_attempted,0,0,0,0,632,139,0.2199367088607595,138.63177435840674,1996.0,True,,,False,0,0
aco,adaptive,0,0.0,0.0,0,normal,initial,7 11 57 73,0,1.0,1.0,0.0,34.78037077224997,18.0,84,0,84,18.680839634308782,18.680839634308782,18.680839634308782,60.0,60.0,9.003784299944527,22.83633279998321,31.84011709992774,31.84011709992774,0.0,0.0,18.680839634308782,60.0,129.8572811733068,2948.952446263193,,,,False,False,initial_plan,0,0,0,0,130,0,0.0,177.2717760608753,0.0,False,,,True,10,10
aco,adaptive,1,60.0,1.0,0,normal,normal,7 11 57 73,0,1.0,1.0,0.0,34.78037077224997,18.016666666666666,84,0,84,4.7680615934003905,4.7680615934003905,23.44890122770917,60.0,120.0,0.0,0.0,0.0,31.84011709992774,0.0,0.0,23.44890122770917,120.0,110.44402959570512,2884.5846107093394,,,,False,False,not_attempted,0,0,0,0,76,0,0.0,176.09020652430007,0.0,False,,,False,10,10
aco,adaptive,2,120.0,2.0,0,normal,normal,7 11 57 73,0,1.0,1.0,0.0,34.78037077224997,18.033333333333335,84,3,81,5.306297452810553,1.7687658176035177,28.755198680519726,60.0,180.0,0.0,0.0,0.0,31.84011709992774,0.0,0.0,28.755198680519726,180.0,105.15915328473176,2752.5964808827875,,,,False,False,not_attempted,0,0,0,0,66,0,0.0,174.7596401655785,215.0,False,,,False,9,7
aco,adaptive,3,180.0,3.0,0,normal,normal,7 11 57 73,0,1.0,1.0,0.0,34.78037077224997,18.05,81,3,78,4.660065898009958,1.5533552993366528,33.41526457852969,60.0,240.0,0.0,0.0,0.0,31.84011709992774,0.0,0.0,33.41526457852969,240.0,100.06592291517671,2752.5964808827875,,,,False,False,not_attempted,0,0,0,0,63,0,0.0,174.60001662259305,215.0,False,,,False,9,4
aco,adaptive,4,240.0,4.0,0,normal,normal,7 11 57 73,0,1.0,1.0,0.0,34.78037077224997,18.066666666666666,78,1,77,3.024516702171434,3.024516702171434,36.43978128070112,60.0,300.0,0.0,0.0,0.0,31.84011709992774,0.0,0.0,36.43978128070112,300.0,95.6512867909427,2700.7402108848582,,,,False,False,not_attempted,0,0,0,0,41,0,0.0,174.23595111138894,241.0,False,,,False,9,4
aco,adaptive,5,300.0,5.0,1,normal,normal,7 11 57 73,0,1.0,1.0,0.0,34.78037077224997,18.083333333333332,77,4,73,2.8679341198432,0.7169835299608,39.30771540054432,60.0,360.0,10.440104600042105,218.570534999948,229.0106395999901,260.85075669991784,0.0,0.0,39.30771540054432,360.0,92.80451466956619,2531.148694412799,92.80451466956619,97.76350319187286,-4.958988522306669,True,False,incumbent_not_worse,6,28,0,0,31,0,0.0,174.1426177780556,402.0,False,,,True,9,2
aco,adaptive,6,360.0,6.0,1,normal,normal,7 11 57 73,0,1.0,1.0,0.0,34.78037077224997,18.1,73,3,70,3.5198933529509064,1.1732977843169687,42.82760875349523,60.0,420.0,0.0,0.0,0.0,260.85075669991784,0.0,0.0,42.82760875349523,420.0,89.49872562010101,2531.148694412799,,,,False,False,not_attempted,0,0,0,0,44,0,0.0,173.80269504982573,422.0,False,,,False,9,1
aco,adaptive,7,420.0,7.0,1,normal,normal,7 11 57 73,0,1.0,1.0,0.0,34.78037077224997,18.116666666666667,70,3,67,4.091652081357425,1.3638840271191415,46.91926083485265,60.0,480.0,0.0,0.0,0.0,260.85075669991784,0.0,0.0,46.91926083485265,480.0,86.23763270067052,2527.8765656637133,,,,False,False,not_attempted,0,0,0,0,30,0,0.0,171.7315048732715,641.0,False,,,False,9,1
aco,adaptive,8,480.0,8.0,1,normal,normal,7 11 57 73,0,1.0,1.0,0.0,34.78037077224997,18.133333333333333,67,4,63,1.9465284663171223,0.48663211657928057,48.86578930116977,60.0,540.0,0.0,0.0,0.0,260.85075669991784,0.0,0.0,48.86578930116977,540.0,82.12902723057795,2353.8339100285225,,,,False,False,not_attempted,0,0,0,0,27,0,0.0,171.63817153993816,647.0,False,,,False,9,0
aco,adaptive,9,540.0,9.0,1,normal,normal,7 11 57 73,0,1.0,1.0,0.0,34.78037077224997,18.15,63,4,59,3.8465037675471145,0.9616259418867786,52.71229306871688,60.0,600.0,0.0,0.0,0.0,260.85075669991784,0.0,0.0,52.71229306871688,600.0,80.2902564326039,2353.8339100285225,,,,False,False,not_attempted,0,0,0,0,34,0,0.0,171.54640459197284,647.0,False,,,False,9,0
aco,adaptive,10,600.0,10.0,2,degrading,degrading,7 11 57 73,0,1.0,1.0,0.0,34.78037077224997,18.166666666666668,59,2,57,2.2406318836965116,1.1203159418482558,54.95292495241339,60.0,660.0,5.6299963034689426e-05,130.1416254999349,130.14168179989792,390.99243849981576,0.0,0.0,54.95292495241339,660.0,76.26459852359919,2334.9570515159016,76.26459852359919,84.2003470171799,-7.935748493580704,True,False,incumbent_not_worse,7,16,0,0,28,0,0.0,171.29011539682318,871.0,False,,,True,9,0
aco,adaptive,11,660.0,11.0,2,degrading,degrading,7 11 57 73,3397,1.06951871657754,0.935,0.0,34.565163142647755,18.183333333333334,57,3,54,1.8144403562860987,0.6048134520953662,56.76736530869949,60.0,720.0,0.0,0.0,0.0,390.99243849981576,0.0,0.0,56.76736530869949,720.0,77.19469863332691,2193.8510847563703,,,,False,False,not_attempted,0,0,0,0,24,7,0.2916666666666667,171.19678206348985,871.0,False,,,False,7,0
aco,adaptive,12,720.0,12.0,2,degrading,degrading,7 11 57 73,3397,1.1494252873563218,0.87,0.0,34.321064729417685,18.2,54,4,50,2.3031370225642704,0.5757842556410676,59.07050233126376,60.0,780.0,0.0,0.0,0.0,390.99243849981576,0.0,0.0,59.07050233126376,780.0,78.86317240582531,2196.153705828625,,,,False,False,not_attempted,0,0,0,0,37,5,0.13513513513513514,170.7053520396286,1037.0,False,,,False,7,0
aco,adaptive,13,780.0,13.0,2,degrading,degrading,7 11 57 73,3397,1.2422360248447206,0.8049999999999999,0.0,34.04183921998553,18.216666666666665,50,3,47,1.7650161852240975,0.5883387284080325,60.83551851648786,60.0,840.0,0.0,0.0,0.0,390.99243849981576,0.0,0.0,60.83551851648786,840.0,80.531622024051,2158.8051436151486,,,,False,False,not_attempted,0,0,0,0,20,0,0.0,170.01502271405593,1037.0,False,,,False,7,0
aco,adaptive,14,840.0,14.0,2,degrading,degrading,7 11 57 73,3397,1.3513513513513513,0.74,0.0,33.71931626348574,18.233333333333334,47,2,45,1.425050665740022,0.712525332870011,62.26056918222788,60.0,900.0,0.0,0.0,0.0,390.99243849981576,0.0,0.0,62.26056918222788,900.0,83.198660815849,1978.258878588015,,,,False,False,not_attempted,0,0,0,0,12,0,0.0,169.912246448997,1037.0,False,,,False,7,0
aco,adaptive,15,900.0,15.0,3,degrading,degrading,7 11 57 73,3397,1.4814814814814814,0.675,0.0,33.34257871389501,18.25,45,4,41,1.0872219490309896,0.2718054872577474,63.34779113125887,60.0,960.0,10.38195840001572,100.61700790002942,110.99896630004514,501.9914047998609,0.0,0.0,63.34779113125887,960.0,87.10797702378025,1982.389416319385,87.10797702378025,90.7565679538817,-3.6485909301014487,True,False,incumbent_not_worse,5,24,0,0,32,0,0.0,169.80947018393806,1142.0,False,,,True,7,0
aco,adaptive,16,960.0,16.0,3,degrading,degrading,7 11 57 73,3397,1.639344262295082,0.61,0.0,32.89670240247868,18.266666666666666,41,1,40,2.805842605962733,2.805842605962733,66.15363373722161,60.0,1020.0,0.0,0.0,0.0,501.9914047998609,0.0,0.0,66.15363373722161,1020.0,92.43032238862068,1994.9575698728304,,,,False,False,not_attempted,0,0,0,0,39,0,0.0,169.5629603131352,1142.0,False,,,False,7,0
aco,adaptive,17,1020.0,17.0,3,degrading,degrading,7 11 57 73,3397,1.8348623853211008,0.545,0.0,32.36073198260743,18.283333333333335,40,3,37,4.58259549070752,1.52753183023584,70.73622922792913,60.0,1080.0,0.0,0.0,0.0,501.9914047998609,0.0,0.0,70.73622922792913,1080.0,97.42406675171003,1973.6029094990126,,,,False,False,not_attempted,0,0,0,0,38,0,0.0,169.0078052550611,1391.0,False,,,False,7,0
aco,adaptive,18,1080.0,18.0,3,degrading,degrading,7 11 57 73,3397,2.0833333333333335,0.48,0.0,31.70429187079012,18.3,37,0,37,2.7751550955814834,2.7751550955814834,73.51138432351061,60.0,1140.0,0.0,0.0,0.0,501.9914047998609,0.0,0.0,73.51138432351061,1140.0,102.0245391406238,1892.8451840542793,,,,False,False,not_attempted,0,0,0,0,12,0,0.0,168.7458575592287,1391.0,False,,,False,6,0
aco,adaptive,19,1140.0,19.0,3,degrading,degrading,7 11 57 73,3397,2.409638554216868,0.4149999999999999,0.0,30.881622571183307,18.316666666666666,37,3,34,2.2547243508134502,0.7515747836044834,75.76610867432406,60.0,1200.0,0.0,0.0,0.0,501.9914047998609,0.0,0.0,75.76610867432406,1200.0,110.45176632610003,2487.435572439448,,,,False,False,not_attempted,0,0,0,0,32,0,0.0,168.53429817409727,1391.0,False,,,False,5,0
aco,adaptive,20,1200.0,20.0,4,disrupted,holding,7 11 57 73,3397,2.857142857142857,0.35,0.0,29.820429701252063,18.333333333333332,34,3,31,3.836534330312214,1.278844776770738,79.60264300463628,60.0,1260.0,10.204637499991804,84.25087220000569,94.45550969999749,596.4469144998584,0.0,0.0,79.60264300463628,1260.0,123.57511257406864,2534.860639258493,123.57511257406864,124.04257197752182,-0.4674594034531765,True,False,incumbent_not_worse,6,16,0,0,20,3,0.15,167.16166653303247,1530.0,False,,,True,5,0
aco,adaptive,21,1260.0,21.0,4,disrupted,disrupted,7 11 57 73,3397,2.857142857142857,0.35,0.0,29.820429701252063,18.35,31,0,31,1.0443642505231532,1.0443642505231532,80.64700725515944,60.0,1320.0,0.0,0.0,0.0,596.4469144998584,0.0,0.0,80.64700725515944,1320.0,119.48375879630098,2401.465481523042,,,,False,False,not_attempted,0,0,0,0,8,0,0.0,167.06833319969914,1530.0,False,,,False,5,0
aco,adaptive,22,1320.0,22.0,4,disrupted,disrupted,7 11 57 73,3397,2.857142857142857,0.35,0.0,29.820429701252063,18.366666666666667,31,3,28,4.014269696276252,1.3380898987587508,84.6612769514357,60.0,1380.0,0.0,0.0,0.0,596.4469144998584,0.0,0.0,84.6612769514357,1380.0,118.7091075201589,2401.465481523042,,,,False,False,not_attempted,0,0,0,0,15,5,0.3333333333333333,164.24923750463194,1530.0,False,,,False,5,0
aco,adaptive,23,1380.0,23.0,4,disrupted,disrupted,7 11 57 73,3397,2.857142857142857,0.35,0.0,29.820429701252063,18.383333333333333,28,1,27,2.157986189447636,2.157986189447636,86.81926314088334,60.0,1440.0,0.0,0.0,0.0,596.4469144998584,0.0,0.0,86.81926314088334,1440.0,114.3062969660665,2350.4305380222377,,,,False,False,not_attempted,0,0,0,0,15,0,0.0,163.8094916972352,1530.0,False,,,False,5,0
aco,adaptive,24,1440.0,24.0,4,disrupted,disrupted,7 11 57 73,3397,2.857142857142857,0.35,0.0,29.820429701252063,18.4,27,1,26,1.700791013846535,1.700791013846535,88.52005415472988,60.0,1500.0,0.0,0.0,0.0,596.4469144998584,0.0,0.0,88.52005415472988,1500.0,112.3000197986588,2230.4305380222377,,,,False,False,not_attempted,0,0,0,0,18,0,0.0,163.71615836390185,1530.0,False,,,False,5,0
aco,adaptive,25,1500.0,25.0,5,disrupted,disrupted,7 11 57 73,3397,2.857142857142857,0.35,0.0,29.820429701252063,18.416666666666668,26,2,24,3.5285408755175522,1.7642704377587761,92.04859503024743,60.0,1560.0,5.879998207092285e-05,28.6607688999502,28.66082769993227,625.1077421997907,0.0,0.0,92.04859503024743,1560.0,109.23686180749542,1710.9014776513582,110.71331037242696,109.23686180749542,1.4764485649315446,True,True,lower_residual_energy,6,11,6,11,51,1,0.0196078431372549,162.86090340661812,1530.0,False,,,True,5,0
aco,adaptive,26,1560.0,26.0,5,disrupted,disrupted,7 11 57 73,3397,2.857142857142857,0.35,0.0,29.820429701252063,18.433333333333334,24,2,22,3.901437806263913,1.9507189031319565,95.95003283651134,60.0,1620.0,0.0,0.0,0.0,625.1077421997907,0.0,0.0,95.95003283651134,1620.0,105.03843785773789,1651.2390871151447,,,,False,False,not_attempted,0,0,0,0,36,1,0.027777777777777776,161.861891215713,1530.0,False,,,False,5,0
aco,adaptive,27,1620.0,27.0,5,disrupted,disrupted,7 11 57 73,3397,2.857142857142857,0.35,0.0,29.820429701252063,18.45,22,0,22,2.851484074176209,2.851484074176209,98.80151691068755,60.0,1680.0,0.0,0.0,0.0,625.1077421997907,0.0,0.0,98.80151691068755,1680.0,101.55122525267157,1515.854304428106,,,,False,False,not_attempted,0,0,0,0,24,0,0.0,161.40926619949667,1530.0,False,,,False,5,0
aco,adaptive,28,1680.0,28.0,5,disrupted,disrupted,7 11 57 73,3397,2.857142857142857,0.35,0.0,29.820429701252063,18.466666666666665,22,1,21,2.3498752375279803,2.3498752375279803,101.15139214821554,60.0,1740.0,0.0,0.0,0.0,625.1077421997907,0.0,0.0,101.15139214821554,1740.0,98.46007389485904,1515.854304428106,,,,False,False,not_attempted,0,0,0,0,27,0,0.0,161.31593286616334,1530.0,False,,,False,5,0
aco,adaptive,29,1740.0,29.0,5,disrupted,disrupted,7 11 57 73,3397,2.857142857142857,0.35,0.0,29.820429701252063,18.483333333333334,21,2,19,1.8513553617443717,0.9256776808721858,103.0027475099599,60.0,1800.0,0.0,0.0,0.0,625.1077421997907,0.0,0.0,103.0027475099599,1800.0,96.55754761829076,1472.469743727358,,,,False,False,not_attempted,0,0,0,0,29,2,0.06896551724137931,160.54365200362247,1530.0,False,,,False,4,0
aco,adaptive,30,1800.0,30.0,6,recovering,recovering,7 11 57 73,3397,2.857142857142857,0.35,0.0,29.820429701252063,18.5,19,2,17,2.334263750070426,1.167131875035213,105.33701126003032,60.0,1860.0,5.789997521787882e-05,15.732915699947625,15.732973599922843,640.8407157997135,0.0,0.0,105.33701126003032,1860.0,93.01479287349338,1228.6399451516181,94.50446288189491,93.01479287349338,1.4896700084015322,True,True,lower_residual_energy,2,2,2,2,36,1,0.027777777777777776,159.62080558921525,1530.0,False,,,True,4,0
aco,adaptive,31,1860.0,31.0,6,recovering,recovering,7 11 57 73,3397,2.6595744680851063,0.376,0.04,30.27980488269011,18.516666666666666,17,1,16,1.9113395411853826,1.9113395411853826,107.24835080121571,60.0,1920.0,0.0,0.0,0.0,640.8407157997135,0.0,0.0,107.24835080121571,1920.0,85.0486227257971,1222.946732047589,,,,False,False,not_attempted,0,0,0,0,12,1,0.08333333333333333,159.52747225588192,1530.0,False,,,False,3,0
aco,adaptive,32,1920.0,32.0,6,recovering,recovering,7 11 57 73,3397,2.4875621890547266,0.40199999999999997,0.08,30.691440450918655,18.533333333333335,16,1,15,0.5031039334458877,0.5031039334458877,107.75145473466159,60.0,1980.0,0.0,0.0,0.0,640.8407157997135,0.0,0.0,107.75145473466159,1980.0,78.42903716659143,1211.0474057740714,,,,False,False,not_attempted,0,0,0,0,6,0,0.0,159.47653535094145,1564.0,False,,,False,3,0
aco,adaptive,33,1980.0,33.0,6,recovering,recovering,7 11 57 73,3397,2.336448598130841,0.428,0.12,31.062410676936217,18.55,15,2,13,1.552302875808623,0.7761514379043115,109.30375761047021,60.0,2040.0,0.0,0.0,0.0,640.8407157997135,0.0,0.0,109.30375761047021,2040.0,73.66490149015,1067.0589565398714,,,,False,False,not_attempted,0,0,0,0,10,1,0.1,159.47653535094145,1614.0,False,,,False,3,0
aco,adaptive,34,2040.0,34.0,6,recovering,recovering,7 11 57 73,3397,2.2026431718061676,0.45399999999999996,0.16,31.39845789284001,18.566666666666666,13,1,12,1.8375209969427182,1.8375209969427182,111.14127860741293,60.0,2100.0,0.0,0.0,0.0,640.8407157997135,0.0,0.0,111.14127860741293,2100.0,68.23648081406532,1063.203163565221,,,,False,False,not_attempted,0,0,0,0,21,2,0.09523809523809523,159.47653535094145,1614.0,False,,,False,3,0
aco,adaptive,35,2100.0,35.0,7,recovering,recovering,7 11 57 73,3397,2.0833333333333335,0.48,0.2,31.70429187079012,18.583333333333332,12,0,12,1.1663824950288104,1.1663824950288104,112.30766110244174,60.0,2160.0,10.284898999962024,2.4271822000155225,12.712081199977547,653.552796999691,0.0,0.0,112.30766110244174,2160.0,62.644980722128956,796.9928417642722,62.85560346693974,62.644980722128956,0.21062274481078447,True,True,lower_residual_energy,2,2,2,2,11,1,0.09090909090909091,159.47653535094145,1614.0,False,,,True,3,0
aco,adaptive,36,2160.0,36.0,7,recovering,recovering,7 11 57 73,3397,1.976284584980237,0.506,0.24,31.983811926372642,18.6,12,3,9,0.679521898748298,0.22650729958276603,112.98718300119003,60.0,2220.0,0.0,0.0,0.0,653.552796999691,0.0,0.0,112.98718300119003,2220.0,58.63570443012046,793.9080803821482,,,,False,False,not_attempted,0,0,0,0,12,0,0.0,159.47653535094145,1695.0,False,,,False,3,0
aco,adaptive,37,2220.0,37.0,7,recovering,recovering,7 11 57 73,3397,1.8796992481203008,0.532,0.28,32.24027405729201,18.616666666666667,9,1,8,3.4701469644457608,3.4701469644457608,116.4573299656358,60.0,2280.0,0.0,0.0,0.0,653.552796999691,0.0,0.0,116.4573299656358,2280.0,55.29567133568655,658.617315341219,,,,False,False,not_attempted,0,0,0,0,23,1,0.043478260869565216,157.92308904845893,1695.0,False,,,False,3,0
aco,adaptive,38,2280.0,38.0,7,recovering,recovering,7 11 57 73,3397,1.7921146953405016,0.558,0.32,32.47641835812188,18.633333333333333,8,1,7,0.5603529501348533,0.5603529501348533,117.01768291577065,60.0,2340.0,0.0,0.0,0.0,653.552796999691,0.0,0.0,117.01768291577065,2340.0,49.50170843709059,656.093442337169,,,,False,False,not_attempted,0,0,0,0,20,0,0.0,157.5110240309773,1695.0,False,,,False,3,0
aco,adaptive,39,2340.0,39.0,7,recovering,recovering,7 11 57 73,3397,1.7123287671232879,0.584,0.36,32.69456730617113,18.65,7,0,7,0.33058059787811583,0.33058059787811583,117.34826351364876,60.0,2400.0,0.0,0.0,0.0,653.552796999691,0.0,0.0,117.34826351364876,2400.0,46.714367455708974,643.7852119560026,,,,False,False,not_attempted,0,0,0,0,3,0,0.0,157.41769069764396,1695.0,False,,,False,3,0
aco,adaptive,40,2400.0,40.0,8,recovering,recovering,7 11 57 73,3397,1.639344262295082,0.61,0.4,32.89670240247868,18.666666666666668,7,1,6,1.1559364449849459,1.1559364449849459,118.5041999586337,60.0,2460.0,10.223407899960876,0.8982808999717236,11.121688799932599,664.6744857996237,0.0,0.0,118.5041999586337,2460.0,44.17221778805695,536.7717683759714,44.17221778805695,44.17221778805695,0.0,True,False,incumbent_not_worse,0,0,0,0,5,0,0.0,156.44842091932568,1722.0,False,,,True,2,0
aco,adaptive,41,2460.0,41.0,8,recovering,recovering,7 11 57 73,3397,1.572327044025157,0.636,0.44,33.084524532211674,18.683333333333334,6,2,4,0.5331284241007891,0.26656421205039454,119.0373283827345,60.0,2520.0,0.0,0.0,0.0,664.6744857996237,0.0,0.0,119.0373283827345,2520.0,41.09912435536216,531.6770064934857,,,,False,False,not_attempted,0,0,0,0,20,0,0.0,156.35508758599235,1722.0,False,,,False,2,0
aco,adaptive,42,2520.0,42.0,8,recovering,recovering,7 11 57 73,3397,1.5105740181268883,0.6619999999999999,0.48,33.259501941339856,18.7,4,1,3,1.9933577224573813,1.9933577224573813,121.03068610519188,60.0,2580.0,0.0,0.0,0.0,664.6744857996237,0.0,0.0,121.03068610519188,2580.0,38.63081974037953,526.9824373872679,,,,False,False,not_attempted,0,0,0,0,4,0,0.0,154.4550631968683,1932.0,False,,,False,2,0
aco,adaptive,43,2580.0,43.0,8,recovering,recovering,7 11 57 73,3397,1.4534883720930234,0.688,0.52,33.4229086957123,18.716666666666665,3,1,2,0.1943415864079191,0.1943415864079191,121.22502769159979,60.0,2640.0,0.0,0.0,0.0,664.6744857996237,0.0,0.0,121.22502769159979,2640.0,34.893884376867646,522.6426903646595,,,,False,False,not_attempted,0,0,0,0,1,0,0.0,154.36172986353498,1932.0,False,,,False,1,0
aco,adaptive,44,2640.0,44.0,8,recovering,recovering,7 11 57 73,3397,1.400560224089636,0.714,0.56,33.57585575481711,18.733333333333334,2,1,1,0.548709768611494,0.548709768611494,121.77373746021128,60.0,2700.0,0.0,0.0,0.0,664.6744857996237,0.0,0.0,121.77373746021128,2700.0,33.28653782384569,518.6190033493,,,,False,False,not_attempted,0,0,0,0,5,0,0.0,154.2908972142475,1993.0,False,,,False,1,0
aco,adaptive,45,2700.0,45.0,9,recovering,recovering,7 11 57 73,3397,1.3513513513513513,0.74,0.6,33.71931626348574,18.75,1,0,1,0.09333333333333332,0.09333333333333332,121.86707079354461,60.0,2760.0,0.0,0.0,0.0,664.6744857996237,0.0,0.0,121.86707079354461,2760.0,31.206290743825807,514.8780619079927,,,,False,False,not_attempted,0,0,0,0,0,0,0.0,154.2908972142475,1993.0,False,,,False,0,0
aco,adaptive,46,2760.0,46.0,9,recovering,recovering,7 11 57 73,3397,1.3054830287206267,0.766,0.64,33.85414627899872,18.766666666666666,1,1,0,26.95690344851466,26.95690344851466,148.82397424205928,520.5915686204279,3280.591568620428,0.0,0.0,0.0,664.6744857996237,0.0,0.0,148.82397424205928,3280.591568620428,29.796853313404522,511.39107471596486,,,,False,False,not_attempted,0,0,0,0,482,108,0.22406639004149378,150.25154887889428,1993.0,True,,,False,0,0
aco,static_live,0,0.0,0.0,0,normal,initial,7 11 57 73,0,1.0,1.0,0.0,34.78037077224997,18.0,84,0,84,18.680839634308782,18.680839634308782,18.680839634308782,60.0,60.0,9.003784299944527,22.83633279998321,31.84011709992774,31.84011709992774,0.0,0.0,18.680839634308782,60.0,129.8572811733068,2948.952446263193,,,,False,False,initial_plan,0,0,0,0,130,0,0.0,177.2717760608753,0.0,False,,,True,10,10
aco,static_live,1,60.0,1.0,0,normal,normal,7 11 57 73,0,1.0,1.0,0.0,34.78037077224997,18.016666666666666,84,0,84,4.7680615934003905,4.7680615934003905,23.44890122770917,60.0,120.0,0.0,0.0,0.0,31.84011709992774,0.0,0.0,23.44890122770917,120.0,110.44402959570512,2884.5846107093394,,,,False,False,not_attempted,0,0,0,0,76,0,0.0,176.09020652430007,0.0,False,,,False,10,10
aco,static_live,2,120.0,2.0,0,normal,normal,7 11 57 73,0,1.0,1.0,0.0,34.78037077224997,18.033333333333335,84,3,81,5.306297452810553,1.7687658176035177,28.755198680519726,60.0,180.0,0.0,0.0,0.0,31.84011709992774,0.0,0.0,28.755198680519726,180.0,105.15915328473176,2752.5964808827875,,,,False,False,not_attempted,0,0,0,0,66,0,0.0,174.7596401655785,215.0,False,,,False,9,7
aco,static_live,3,180.0,3.0,0,normal,normal,7 11 57 73,0,1.0,1.0,0.0,34.78037077224997,18.05,81,3,78,4.660065898009958,1.5533552993366528,33.41526457852969,60.0,240.0,0.0,0.0,0.0,31.84011709992774,0.0,0.0,33.41526457852969,240.0,100.06592291517671,2752.5964808827875,,,,False,False,not_attempted,0,0,0,0,63,0,0.0,174.60001662259305,215.0,False,,,False,9,4
aco,static_live,4,240.0,4.0,0,normal,normal,7 11 57 73,0,1.0,1.0,0.0,34.78037077224997,18.066666666666666,78,1,77,3.024516702171434,3.024516702171434,36.43978128070112,60.0,300.0,0.0,0.0,0.0,31.84011709992774,0.0,0.0,36.43978128070112,300.0,95.6512867909427,2700.7402108848582,,,,False,False,not_attempted,0,0,0,0,41,0,0.0,174.23595111138894,241.0,False,,,False,9,4
aco,static_live,5,300.0,5.0,1,normal,normal,7 11 57 73,0,1.0,1.0,0.0,34.78037077224997,18.083333333333332,77,4,73,2.8679341198432,0.7169835299608,39.30771540054432,60.0,360.0,0.0,0.0,0.0,31.84011709992774,0.0,0.0,39.30771540054432,360.0,92.80451466956619,2531.148694412799,,,,False,False,not_attempted,0,0,0,0,31,0,0.0,174.1426177780556,402.0,False,,,False,9,2
aco,static_live,6,360.0,6.0,1,normal,normal,7 11 57 73,0,1.0,1.0,0.0,34.78037077224997,18.1,73,3,70,3.5198933529509064,1.1732977843169687,42.82760875349523,60.0,420.0,0.0,0.0,0.0,31.84011709992774,0.0,0.0,42.82760875349523,420.0,89.498725620101,2531.148694412799,,,,False,False,not_attempted,0,0,0,0,44,0,0.0,173.80269504982573,422.0,False,,,False,9,1
aco,static_live,7,420.0,7.0,1,normal,normal,7 11 57 73,0,1.0,1.0,0.0,34.78037077224997,18.116666666666667,70,3,67,4.091652081357425,1.3638840271191415,46.91926083485265,60.0,480.0,0.0,0.0,0.0,31.84011709992774,0.0,0.0,46.91926083485265,480.0,86.23763270067052,2527.8765656637133,,,,False,False,not_attempted,0,0,0,0,30,0,0.0,171.7315048732715,641.0,False,,,False,9,1
aco,static_live,8,480.0,8.0,1,normal,normal,7 11 57 73,0,1.0,1.0,0.0,34.78037077224997,18.133333333333333,67,4,63,1.9465284663171223,0.48663211657928057,48.86578930116977,60.0,540.0,0.0,0.0,0.0,31.84011709992774,0.0,0.0,48.86578930116977,540.0,82.12902723057795,2353.8339100285225,,,,False,False,not_attempted,0,0,0,0,27,0,0.0,171.63817153993816,647.0,False,,,False,9,0
aco,static_live,9,540.0,9.0,1,normal,normal,7 11 57 73,0,1.0,1.0,0.0,34.78037077224997,18.15,63,4,59,3.8465037675471145,0.9616259418867786,52.71229306871688,60.0,600.0,0.0,0.0,0.0,31.84011709992774,0.0,0.0,52.71229306871688,600.0,80.29025643260388,2353.8339100285225,,,,False,False,not_attempted,0,0,0,0,34,0,0.0,171.54640459197284,647.0,False,,,False,9,0
aco,static_live,10,600.0,10.0,2,degrading,degrading,7 11 57 73,0,1.0,1.0,0.0,34.78037077224997,18.166666666666668,59,2,57,2.2406318836965116,1.1203159418482558,54.95292495241339,60.0,660.0,0.0,0.0,0.0,31.84011709992774,0.0,0.0,54.95292495241339,660.0,76.26459852359919,2334.9570515159016,,,,False,False,not_attempted,0,0,0,0,28,0,0.0,171.29011539682318,871.0,False,,,False,9,0
aco,static_live,11,660.0,11.0,2,degrading,degrading,7 11 57 73,3397,1.06951871657754,0.935,0.0,34.565163142647755,18.183333333333334,57,3,54,1.8144403562860987,0.6048134520953662,56.76736530869949,60.0,720.0,0.0,0.0,0.0,31.84011709992774,0.0,0.0,56.76736530869949,720.0,77.19469863332691,2193.8510847563703,,,,False,False,not_attempted,0,0,0,0,24,7,0.2916666666666667,171.19678206348985,871.0,False,,,False,7,0
aco,static_live,12,720.0,12.0,2,degrading,degrading,7 11 57 73,3397,1.1494252873563218,0.87,0.0,34.321064729417685,18.2,54,4,50,2.3031370225642704,0.5757842556410676,59.07050233126376,60.0,780.0,0.0,0.0,0.0,31.84011709992774,0.0,0.0,59.07050233126376,780.0,78.86317240582531,2196.153705828625,,,,False,False,not_attempted,0,0,0,0,37,5,0.13513513513513514,170.7053520396286,1037.0,False,,,False,7,0
aco,static_live,13,780.0,13.0,2,degrading,degrading,7 11 57 73,3397,1.2422360248447206,0.8049999999999999,0.0,34.04183921998553,18.216666666666665,50,3,47,1.7650161852240975,0.5883387284080325,60.83551851648786,60.0,840.0,0.0,0.0,0.0,31.84011709992774,0.0,0.0,60.83551851648786,840.0,80.531622024051,2158.8051436151486,,,,False,False,not_attempted,0,0,0,0,20,0,0.0,170.01502271405593,1037.0,False,,,False,7,0
aco,static_live,14,840.0,14.0,2,degrading,degrading,7 11 57 73,3397,1.3513513513513513,0.74,0.0,33.71931626348574,18.233333333333334,47,2,45,1.425050665740022,0.712525332870011,62.26056918222788,60.0,900.0,0.0,0.0,0.0,31.84011709992774,0.0,0.0,62.26056918222788,900.0,83.198660815849,1978.258878588015,,,,False,False,not_attempted,0,0,0,0,12,0,0.0,169.912246448997,1037.0,False,,,False,7,0
aco,static_live,15,900.0,15.0,3,degrading,degrading,7 11 57 73,3397,1.4814814814814814,0.675,0.0,33.34257871389501,18.25,45,4,41,1.0872219490309896,0.2718054872577474,63.34779113125887,60.0,960.0,0.0,0.0,0.0,31.84011709992774,0.0,0.0,63.34779113125887,960.0,87.10797702378025,1982.389416319385,,,,False,False,not_attempted,0,0,0,0,32,0,0.0,169.80947018393806,1142.0,False,,,False,7,0
aco,static_live,16,960.0,16.0,3,degrading,degrading,7 11 57 73,3397,1.639344262295082,0.61,0.0,32.89670240247868,18.266666666666666,41,1,40,2.805842605962733,2.805842605962733,66.15363373722161,60.0,1020.0,0.0,0.0,0.0,31.84011709992774,0.0,0.0,66.15363373722161,1020.0,92.43032238862068,1994.9575698728304,,,,False,False,not_attempted,0,0,0,0,39,0,0.0,169.5629603131352,1142.0,False,,,False,7,0
aco,static_live,17,1020.0,17.0,3,degrading,degrading,7 11 57 73,3397,1.8348623853211008,0.545,0.0,32.36073198260743,18.283333333333335,40,3,37,4.58259549070752,1.52753183023584,70.73622922792913,60.0,1080.0,0.0,0.0,0.0,31.84011709992774,0.0,0.0,70.73622922792913,1080.0,97.42406675171003,1973.6029094990126,,,,False,False,not_attempted,0,0,0,0,38,0,0.0,169.0078052550611,1391.0,False,,,False,7,0
aco,static_live,18,1080.0,18.0,3,degrading,degrading,7 11 57 73,3397,2.0833333333333335,0.48,0.0,31.70429187079012,18.3,37,0,37,2.7751550955814834,2.7751550955814834,73.51138432351061,60.0,1140.0,0.0,0.0,0.0,31.84011709992774,0.0,0.0,73.51138432351061,1140.0,102.0245391406238,1892.8451840542793,,,,False,False,not_attempted,0,0,0,0,12,0,0.0,168.7458575592287,1391.0,False,,,False,6,0
aco,static_live,19,1140.0,19.0,3,degrading,degrading,7 11 57 73,3397,2.409638554216868,0.4149999999999999,0.0,30.881622571183307,18.316666666666666,37,3,34,2.2547243508134502,0.7515747836044834,75.76610867432406,60.0,1200.0,0.0,0.0,0.0,31.84011709992774,0.0,0.0,75.76610867432406,1200.0,110.45176632610003,2487.435572439448,,,,False,False,not_attempted,0,0,0,0,32,0,0.0,168.53429817409727,1391.0,False,,,False,5,0
aco,static_live,20,1200.0,20.0,4,disrupted,holding,7 11 57 73,3397,2.857142857142857,0.35,0.0,29.820429701252063,18.333333333333332,34,3,31,3.836534330312214,1.278844776770738,79.60264300463628,60.0,1260.0,0.0,0.0,0.0,31.84011709992774,0.0,0.0,79.60264300463628,1260.0,123.57511257406864,2534.860639258493,,,,False,False,not_attempted,0,0,0,0,20,3,0.15,167.16166653303247,1530.0,False,,,False,5,0
aco,static_live,21,1260.0,21.0,4,disrupted,disrupted,7 11 57 73,3397,2.857142857142857,0.35,0.0,29.820429701252063,18.35,31,0,31,1.0443642505231532,1.0443642505231532,80.64700725515944,60.0,1320.0,0.0,0.0,0.0,31.84011709992774,0.0,0.0,80.64700725515944,1320.0,119.48375879630098,2401.465481523042,,,,False,False,not_attempted,0,0,0,0,8,0,0.0,167.06833319969914,1530.0,False,,,False,5,0
aco,static_live,22,1320.0,22.0,4,disrupted,disrupted,7 11 57 73,3397,2.857142857142857,0.35,0.0,29.820429701252063,18.366666666666667,31,3,28,4.014269696276252,1.3380898987587508,84.6612769514357,60.0,1380.0,0.0,0.0,0.0,31.84011709992774,0.0,0.0,84.6612769514357,1380.0,118.7091075201589,2401.465481523042,,,,False,False,not_attempted,0,0,0,0,15,5,0.3333333333333333,164.24923750463194,1530.0,False,,,False,5,0
aco,static_live,23,1380.0,23.0,4,disrupted,disrupted,7 11 57 73,3397,2.857142857142857,0.35,0.0,29.820429701252063,18.383333333333333,28,1,27,2.157986189447636,2.157986189447636,86.81926314088334,60.0,1440.0,0.0,0.0,0.0,31.84011709992774,0.0,0.0,86.81926314088334,1440.0,114.3062969660665,2350.4305380222377,,,,False,False,not_attempted,0,0,0,0,15,0,0.0,163.8094916972352,1530.0,False,,,False,5,0
aco,static_live,24,1440.0,24.0,4,disrupted,disrupted,7 11 57 73,3397,2.857142857142857,0.35,0.0,29.820429701252063,18.4,27,1,26,1.700791013846535,1.700791013846535,88.52005415472988,60.0,1500.0,0.0,0.0,0.0,31.84011709992774,0.0,0.0,88.52005415472988,1500.0,112.30001979865878,2230.4305380222377,,,,False,False,not_attempted,0,0,0,0,18,0,0.0,163.71615836390185,1530.0,False,,,False,5,0
aco,static_live,25,1500.0,25.0,5,disrupted,disrupted,7 11 57 73,3397,2.857142857142857,0.35,0.0,29.820429701252063,18.416666666666668,26,2,24,2.2473085340531638,1.1236542670265819,90.76736268878304,60.0,1560.0,0.0,0.0,0.0,31.84011709992774,0.0,0.0,90.76736268878304,1560.0,110.71331037242696,2230.4305380222377,,,,False,False,not_attempted,0,0,0,0,17,2,0.11764705882352941,162.86090340661812,1530.0,False,,,False,5,0
aco,static_live,26,1560.0,26.0,5,disrupted,disrupted,7 11 57 73,3397,2.857142857142857,0.35,0.0,29.820429701252063,18.433333333333334,24,2,22,2.2845090118044102,1.1422545059022051,93.05187170058745,60.0,1620.0,0.0,0.0,0.0,31.84011709992774,0.0,0.0,93.05187170058745,1620.0,107.62112114256433,2129.275912327566,,,,False,False,not_attempted,0,0,0,0,7,1,0.14285714285714285,161.861891215713,1530.0,False,,,False,5,0
aco,static_live,27,1620.0,27.0,5,disrupted,disrupted,7 11 57 73,3397,2.857142857142857,0.35,0.0,29.820429701252063,18.45,22,2,20,4.720861920494105,2.3604309602470526,97.77273362108156,60.0,1680.0,0.0,0.0,0.0,31.84011709992774,0.0,0.0,97.77273362108156,1680.0,105.83613817825801,2097.3950497579635,,,,False,False,not_attempted,0,0,0,0,17,1,0.058823529411764705,161.40926619949667,1530.0,False,,,False,5,0
aco,static_live,28,1680.0,28.0,5,disrupted,disrupted,7 11 57 73,3397,2.857142857142857,0.35,0.0,29.820429701252063,18.466666666666665,20,1,19,1.63397234281264,1.63397234281264,99.4067059638942,60.0,1740.0,0.0,0.0,0.0,31.84011709992774,0.0,0.0,99.4067059638942,1740.0,100.94756895052696,1977.3950497579635,,,,False,False,not_attempted,0,0,0,0,9,0,0.0,161.31593286616334,1530.0,False,,,False,5,0
aco,static_live,29,1740.0,29.0,5,disrupted,disrupted,7 11 57 73,3397,2.857142857142857,0.35,0.0,29.820429701252063,18.483333333333334,19,3,16,3.7293854837732434,1.2431284945910812,103.13609144766744,60.0,1800.0,0.0,0.0,0.0,31.84011709992774,0.0,0.0,103.13609144766744,1800.0,99.38531221432886,1977.3950497579635,,,,False,False,not_attempted,0,0,0,0,53,2,0.03773584905660377,160.54365200362247,1530.0,False,,,False,5,0
aco,static_live,30,1800.0,30.0,6,recovering,recovering,7 11 57 73,3397,2.857142857142857,0.35,0.0,29.820429701252063,18.5,16,0,16,2.954156721431159,2.954156721431159,106.0902481690986,60.0,1860.0,0.0,0.0,0.0,31.84011709992774,0.0,0.0,106.0902481690986,1860.0,95.77938529869051,1926.313356053,,,,False,False,not_attempted,0,0,0,0,15,1,0.06666666666666667,159.62080558921525,1530.0,False,,,False,4,0
aco,static_live,31,1860.0,31.0,6,recovering,recovering,7 11 57 73,3397,2.6595744680851063,0.376,0.04,30.27980488269011,18.516666666666666,16,2,14,0.42716685151400285,0.21358342575700143,106.5174150206126,60.0,1920.0,0.0,0.0,0.0,31.84011709992774,0.0,0.0,106.5174150206126,1920.0,87.41157551676316,1761.2739847153753,,,,False,False,not_attempted,0,0,0,0,7,0,0.0,159.52747225588192,1589.0,False,,,False,3,0
aco,static_live,32,1920.0,32.0,6,recovering,recovering,7 11 57 73,3397,2.4875621890547266,0.40199999999999997,0.08,30.691440450918655,18.533333333333335,14,3,11,1.8760220292295997,0.6253406764098666,108.3934370498422,60.0,1980.0,0.0,0.0,0.0,31.84011709992774,0.0,0.0,108.3934370498422,1980.0,82.59544375268031,1739.9548139613769,,,,False,False,not_attempted,0,0,0,0,13,2,0.15384615384615385,158.58300292630443,1589.0,False,,,False,3,0
aco,static_live,33,1980.0,33.0,6,recovering,recovering,7 11 57 73,3397,2.336448598130841,0.428,0.12,31.062410676936217,18.55,11,0,11,2.754332684814415,2.754332684814415,111.14776973465662,60.0,2040.0,0.0,0.0,0.0,31.84011709992774,0.0,0.0,111.14776973465662,2040.0,76.59358827535299,1693.8052045353484,,,,False,False,not_attempted,0,0,0,0,31,6,0.1935483870967742,156.49150958133455,1589.0,False,,,False,3,0
aco,static_live,34,2040.0,34.0,6,recovering,recovering,7 11 57 73,3397,2.2026431718061676,0.45399999999999996,0.16,31.39845789284001,18.566666666666666,11,1,10,2.0271953272342214,2.0271953272342214,113.17496506189084,60.0,2100.0,0.0,0.0,0.0,31.84011709992774,0.0,0.0,113.17496506189084,2100.0,70.01084559494882,1591.2570993845598,,,,False,False,not_attempted,0,0,0,0,42,3,0.07142857142857142,154.8734064151856,1589.0,False,,,False,3,0
aco,static_live,35,2100.0,35.0,7,recovering,recovering,7 11 57 73,3397,2.0833333333333335,0.48,0.2,31.70429187079012,18.583333333333332,10,0,10,2.6049315762367105,2.6049315762367105,115.77989663812755,60.0,2160.0,0.0,0.0,0.0,31.84011709992774,0.0,0.0,115.77989663812755,2160.0,65.25742309803267,1552.5730505216611,,,,False,False,not_attempted,0,0,0,0,35,0,0.0,152.9911840043489,1589.0,False,,,False,3,0
aco,static_live,36,2160.0,36.0,7,recovering,recovering,7 11 57 73,3397,1.976284584980237,0.506,0.24,31.983811926372642,18.6,10,1,9,2.1021982772492143,2.1021982772492143,117.88209491537677,60.0,2220.0,0.0,0.0,0.0,31.84011709992774,0.0,0.0,117.88209491537677,2220.0,59.887858153383284,1484.3281561741776,,,,False,False,not_attempted,0,0,0,0,22,0,0.0,151.3590827900279,1589.0,False,,,False,2,0
aco,static_live,37,2220.0,37.0,7,recovering,recovering,7 11 57 73,3397,1.8796992481203008,0.532,0.28,32.24027405729201,18.616666666666667,9,1,8,0.5563278347387521,0.5563278347387521,118.43842275011552,60.0,2280.0,0.0,0.0,0.0,31.84011709992774,0.0,0.0,118.43842275011552,2280.0,55.43820266132627,1222.2117716520117,,,,False,False,not_attempted,0,0,0,0,10,0,0.0,151.00911206276447,1750.0,False,,,False,2,0
aco,static_live,38,2280.0,38.0,7,recovering,recovering,7 11 57 73,3397,1.7921146953405016,0.558,0.32,32.47641835812188,18.633333333333333,8,0,8,0.7367291521893664,0.7367291521893664,119.17515190230489,60.0,2340.0,0.0,0.0,0.0,31.84011709992774,0.0,0.0,119.17515190230489,2340.0,52.528853414934254,1172.2588192409855,,,,False,False,not_attempted,0,0,0,0,4,2,0.5,150.36571624390842,1750.0,False,,,False,2,0
aco,static_live,39,2340.0,39.0,7,recovering,recovering,7 11 57 73,3397,1.7123287671232879,0.584,0.36,32.69456730617113,18.65,8,1,7,2.0392643111947346,2.0392643111947346,121.21441621349962,60.0,2400.0,0.0,0.0,0.0,31.84011709992774,0.0,0.0,121.21441621349962,2400.0,49.74633074715269,1107.8723723468227,,,,False,False,not_attempted,0,0,0,0,13,7,0.5384615384615384,148.80183146050481,1750.0,False,,,False,2,0
aco,static_live,40,2400.0,40.0,8,recovering,recovering,7 11 57 73,3397,1.639344262295082,0.61,0.4,32.89670240247868,18.666666666666668,7,0,7,0.6767422412930373,0.6767422412930373,121.89115845479266,60.0,2460.0,0.0,0.0,0.0,31.84011709992774,0.0,0.0,121.89115845479266,2460.0,45.69965800989502,1043.6058521536681,,,,False,False,not_attempted,0,0,0,0,2,2,1.0,148.2184225525451,1750.0,False,,,False,2,0
aco,static_live,41,2460.0,41.0,8,recovering,recovering,7 11 57 73,3397,1.572327044025157,0.636,0.44,33.084524532211674,18.683333333333334,7,1,6,0.6111125667436967,0.6111125667436967,122.50227102153636,60.0,2520.0,0.0,0.0,0.0,31.84011709992774,0.0,0.0,122.50227102153636,2520.0,43.45408913951581,912.6370351236201,,,,False,False,not_attempted,0,0,0,0,15,0,0.0,148.12508921921176,1750.0,False,,,False,2,0
aco,static_live,42,2520.0,42.0,8,recovering,recovering,7 11 57 73,3397,1.5105740181268883,0.6619999999999999,0.48,33.259501941339856,18.7,6,1,5,1.6896858664205199,1.6896858664205199,124.19195688795688,60.0,2580.0,0.0,0.0,0.0,31.84011709992774,0.0,0.0,124.19195688795688,2580.0,41.4501592029922,909.4681415178279,,,,False,False,not_attempted,0,0,0,0,15,3,0.2,146.9255268118875,1750.0,False,,,False,2,0
aco,static_live,43,2580.0,43.0,8,recovering,recovering,7 11 57 73,3397,1.4534883720930234,0.688,0.52,33.4229086957123,18.716666666666665,5,0,5,0.18666666666666665,0.18666666666666665,124.37862355462354,60.0,2640.0,0.0,0.0,0.0,31.84011709992774,0.0,0.0,124.37862355462354,2640.0,38.18891051298937,753.8364558733211,,,,False,False,not_attempted,0,0,0,0,0,0,0.0,146.83219347855416,1750.0,False,,,False,2,0
aco,static_live,44,2640.0,44.0,8,recovering,recovering,7 11 57 73,3397,1.400560224089636,0.714,0.56,33.57585575481711,18.733333333333334,5,2,3,0.4854467384284371,0.24272336921421855,124.86407029305198,60.0,2700.0,0.0,0.0,0.0,31.84011709992774,0.0,0.0,124.86407029305198,2700.0,36.976123048546306,752.3112562843485,,,,False,False,not_attempted,0,0,0,0,10,0,0.0,146.54624047112208,1774.0,False,,,False,2,0
aco,static_live,45,2700.0,45.0,9,recovering,recovering,7 11 57 73,3397,1.3513513513513513,0.74,0.6,33.71931626348574,18.75,3,0,3,0.6634753031227609,0.6634753031227609,125.52754559617475,60.0,2760.0,0.0,0.0,0.0,31.84011709992774,0.0,0.0,125.52754559617475,2760.0,35.2116868995498,439.85584364315355,,,,False,False,not_attempted,0,0,0,0,2,0,0.0,145.99239012466293,1774.0,False,,,False,2,0
aco,static_live,46,2760.0,46.0,9,recovering,recovering,7 11 57 73,3397,1.3054830287206267,0.766,0.64,33.85414627899872,18.766666666666666,3,0,3,0.18666666666666665,0.18666666666666665,125.71421226284141,60.0,2820.0,0.0,0.0,0.0,31.84011709992774,0.0,0.0,125.71421226284141,2820.0,33.37897335343939,319.82450458116034,,,,False,False,not_attempted,0,0,0,0,0,0,0.0,145.8990567913296,1774.0,False,,,False,1,0
aco,static_live,47,2820.0,47.0,9,recovering,recovering,7 11 57 73,3397,1.2626262626262625,0.792,0.68,33.98110186663873,18.783333333333335,3,2,1,1.3609050895210162,0.6804525447605081,127.07511735236243,60.0,2880.0,0.0,0.0,0.0,31.84011709992774,0.0,0.0,127.07511735236243,2880.0,32.273210569642515,318.58952613400874,,,,False,False,not_attempted,0,0,0,0,7,0,0.0,144.55002598711508,1952.0,False,,,False,1,0
aco,static_live,48,2880.0,48.0,9,recovering,recovering,7 11 57 73,3397,1.2224938875305624,0.818,0.72,34.10085328495213,18.8,1,0,1,2.228160036439704,2.228160036439704,129.30327738880214,60.0,2940.0,0.0,0.0,0.0,31.84011709992774,0.0,0.0,129.30327738880214,2940.0,29.754560099298267,317.4330548742069,,,,False,False,not_attempted,0,0,0,0,7,0,0.0,142.32186595067537,1952.0,False,,,False,1,0
aco,static_live,49,2940.0,49.0,9,recovering,recovering,7 11 57 73,3397,1.1848341232227486,0.8440000000000001,0.76,34.21399682278319,18.816666666666666,1,0,1,0.09333333333333332,0.09333333333333332,129.39661072213548,60.0,3000.0,0.0,0.0,0.0,31.84011709992774,0.0,0.0,129.39661072213548,3000.0,26.54344055485178,316.34783539818426,,,,False,False,not_attempted,0,0,0,0,0,0,0.0,142.22853261734204,1952.0,False,,,False,0,0
aco,static_live,50,3000.0,50.0,10,recovering,recovering,7 11 57 73,3397,1.1494252873563218,0.87,0.8,34.321064729417685,18.833333333333332,1,1,0,24.134154670192864,24.134154670192864,153.53076539232836,338.61947905317015,3338.61947905317,0.0,0.0,0.0,31.84011709992774,0.0,0.0,153.53076539232836,3338.61947905317,25.669591507516934,315.32747961498126,,,,False,False,not_attempted,0,0,0,0,328,83,0.2530487804878049,136.2687064516721,1968.0,True,,,False,0,0
aco,static_frozen,0,0.0,0.0,0,normal,initial,7 11 57 73,0,1.0,1.0,0.0,34.78037077224997,18.0,84,0,84,18.680839634308782,18.680839634308782,18.680839634308782,60.0,60.0,9.003784299944527,22.83633279998321,31.84011709992774,31.84011709992774,0.0,0.0,18.680839634308782,60.0,129.8572811733068,2948.952446263193,,,,False,False,initial_plan,0,0,0,0,130,0,0.0,177.2717760608753,0.0,False,,,True,10,10
aco,static_frozen,1,60.0,1.0,0,normal,normal,7 11 57 73,0,1.0,1.0,0.0,34.78037077224997,18.016666666666666,84,0,84,4.7680615934003905,4.7680615934003905,23.44890122770917,60.0,120.0,0.0,0.0,0.0,31.84011709992774,0.0,0.0,23.44890122770917,120.0,110.44402959570512,2884.5846107093394,,,,False,False,not_attempted,0,0,0,0,76,0,0.0,176.09020652430007,0.0,False,,,False,10,10
aco,static_frozen,2,120.0,2.0,0,normal,normal,7 11 57 73,0,1.0,1.0,0.0,34.78037077224997,18.033333333333335,84,3,81,5.306297452810553,1.7687658176035177,28.755198680519726,60.0,180.0,0.0,0.0,0.0,31.84011709992774,0.0,0.0,28.755198680519726,180.0,105.15915328473176,2752.5964808827875,,,,False,False,not_attempted,0,0,0,0,66,0,0.0,174.7596401655785,215.0,False,,,False,9,7
aco,static_frozen,3,180.0,3.0,0,normal,normal,7 11 57 73,0,1.0,1.0,0.0,34.78037077224997,18.05,81,3,78,4.660065898009958,1.5533552993366528,33.41526457852969,60.0,240.0,0.0,0.0,0.0,31.84011709992774,0.0,0.0,33.41526457852969,240.0,100.06592291517671,2752.5964808827875,,,,False,False,not_attempted,0,0,0,0,63,0,0.0,174.60001662259305,215.0,False,,,False,9,4
aco,static_frozen,4,240.0,4.0,0,normal,normal,7 11 57 73,0,1.0,1.0,0.0,34.78037077224997,18.066666666666666,78,1,77,3.024516702171434,3.024516702171434,36.43978128070112,60.0,300.0,0.0,0.0,0.0,31.84011709992774,0.0,0.0,36.43978128070112,300.0,95.6512867909427,2700.7402108848582,,,,False,False,not_attempted,0,0,0,0,41,0,0.0,174.23595111138894,241.0,False,,,False,9,4
aco,static_frozen,5,300.0,5.0,1,normal,normal,7 11 57 73,0,1.0,1.0,0.0,34.78037077224997,18.083333333333332,77,4,73,2.8679341198432,0.7169835299608,39.30771540054432,60.0,360.0,0.0,0.0,0.0,31.84011709992774,0.0,0.0,39.30771540054432,360.0,92.80451466956619,2531.148694412799,,,,False,False,not_attempted,0,0,0,0,31,0,0.0,174.1426177780556,402.0,False,,,False,9,2
aco,static_frozen,6,360.0,6.0,1,normal,normal,7 11 57 73,0,1.0,1.0,0.0,34.78037077224997,18.1,73,3,70,3.5198933529509064,1.1732977843169687,42.82760875349523,60.0,420.0,0.0,0.0,0.0,31.84011709992774,0.0,0.0,42.82760875349523,420.0,89.498725620101,2531.148694412799,,,,False,False,not_attempted,0,0,0,0,44,0,0.0,173.80269504982573,422.0,False,,,False,9,1
aco,static_frozen,7,420.0,7.0,1,normal,normal,7 11 57 73,0,1.0,1.0,0.0,34.78037077224997,18.116666666666667,70,3,67,4.091652081357425,1.3638840271191415,46.91926083485265,60.0,480.0,0.0,0.0,0.0,31.84011709992774,0.0,0.0,46.91926083485265,480.0,86.23763270067052,2527.8765656637133,,,,False,False,not_attempted,0,0,0,0,30,0,0.0,171.7315048732715,641.0,False,,,False,9,1
aco,static_frozen,8,480.0,8.0,1,normal,normal,7 11 57 73,0,1.0,1.0,0.0,34.78037077224997,18.133333333333333,67,4,63,1.9465284663171223,0.48663211657928057,48.86578930116977,60.0,540.0,0.0,0.0,0.0,31.84011709992774,0.0,0.0,48.86578930116977,540.0,82.12902723057795,2353.8339100285225,,,,False,False,not_attempted,0,0,0,0,27,0,0.0,171.63817153993816,647.0,False,,,False,9,0
aco,static_frozen,9,540.0,9.0,1,normal,normal,7 11 57 73,0,1.0,1.0,0.0,34.78037077224997,18.15,63,4,59,3.8465037675471145,0.9616259418867786,52.71229306871688,60.0,600.0,0.0,0.0,0.0,31.84011709992774,0.0,0.0,52.71229306871688,600.0,80.29025643260388,2353.8339100285225,,,,False,False,not_attempted,0,0,0,0,34,0,0.0,171.54640459197284,647.0,False,,,False,9,0
aco,static_frozen,10,600.0,10.0,2,degrading,degrading,7 11 57 73,0,1.0,1.0,0.0,34.78037077224997,18.166666666666668,59,2,57,2.2406318836965116,1.1203159418482558,54.95292495241339,60.0,660.0,0.0,0.0,0.0,31.84011709992774,0.0,0.0,54.95292495241339,660.0,76.26459852359919,2334.9570515159016,,,,False,False,not_attempted,0,0,0,0,28,0,0.0,171.29011539682318,871.0,False,,,False,9,0
aco,static_frozen,11,660.0,11.0,2,degrading,degrading,7 11 57 73,3397,1.06951871657754,0.935,0.0,34.565163142647755,18.183333333333334,57,3,54,1.8144403562860987,0.6048134520953662,56.76736530869949,60.0,720.0,0.0,0.0,0.0,31.84011709992774,0.0,0.0,56.76736530869949,720.0,77.19469863332691,2193.8510847563703,,,,False,False,not_attempted,0,0,0,0,24,7,0.2916666666666667,171.19678206348985,871.0,False,,,False,7,0
aco,static_frozen,12,720.0,12.0,2,degrading,degrading,7 11 57 73,3397,1.1494252873563218,0.87,0.0,34.321064729417685,18.2,54,4,50,2.3031370225642704,0.5757842556410676,59.07050233126376,60.0,780.0,0.0,0.0,0.0,31.84011709992774,0.0,0.0,59.07050233126376,780.0,78.86317240582531,2196.153705828625,,,,False,False,not_attempted,0,0,0,0,37,5,0.13513513513513514,170.7053520396286,1037.0,False,,,False,7,0
aco,static_frozen,13,780.0,13.0,2,degrading,degrading,7 11 57 73,3397,1.2422360248447206,0.8049999999999999,0.0,34.04183921998553,18.216666666666665,50,3,47,1.7650161852240975,0.5883387284080325,60.83551851648786,60.0,840.0,0.0,0.0,0.0,31.84011709992774,0.0,0.0,60.83551851648786,840.0,80.531622024051,2158.8051436151486,,,,False,False,not_attempted,0,0,0,0,20,0,0.0,170.01502271405593,1037.0,False,,,False,7,0
aco,static_frozen,14,840.0,14.0,2,degrading,degrading,7 11 57 73,3397,1.3513513513513513,0.74,0.0,33.71931626348574,18.233333333333334,47,2,45,1.425050665740022,0.712525332870011,62.26056918222788,60.0,900.0,0.0,0.0,0.0,31.84011709992774,0.0,0.0,62.26056918222788,900.0,83.198660815849,1978.258878588015,,,,False,False,not_attempted,0,0,0,0,12,0,0.0,169.912246448997,1037.0,False,,,False,7,0
aco,static_frozen,15,900.0,15.0,3,degrading,degrading,7 11 57 73,3397,1.4814814814814814,0.675,0.0,33.34257871389501,18.25,45,4,41,1.0872219490309896,0.2718054872577474,63.34779113125887,60.0,960.0,0.0,0.0,0.0,31.84011709992774,0.0,0.0,63.34779113125887,960.0,87.10797702378025,1982.389416319385,,,,False,False,not_attempted,0,0,0,0,32,0,0.0,169.80947018393806,1142.0,False,,,False,7,0
aco,static_frozen,16,960.0,16.0,3,degrading,degrading,7 11 57 73,3397,1.639344262295082,0.61,0.0,32.89670240247868,18.266666666666666,41,1,40,2.805842605962733,2.805842605962733,66.15363373722161,60.0,1020.0,0.0,0.0,0.0,31.84011709992774,0.0,0.0,66.15363373722161,1020.0,92.43032238862068,1994.9575698728304,,,,False,False,not_attempted,0,0,0,0,39,0,0.0,169.5629603131352,1142.0,False,,,False,7,0
aco,static_frozen,17,1020.0,17.0,3,degrading,degrading,7 11 57 73,3397,1.8348623853211008,0.545,0.0,32.36073198260743,18.283333333333335,40,3,37,4.58259549070752,1.52753183023584,70.73622922792913,60.0,1080.0,0.0,0.0,0.0,31.84011709992774,0.0,0.0,70.73622922792913,1080.0,97.42406675171003,1973.6029094990126,,,,False,False,not_attempted,0,0,0,0,38,0,0.0,169.0078052550611,1391.0,False,,,False,7,0
aco,static_frozen,18,1080.0,18.0,3,degrading,degrading,7 11 57 73,3397,2.0833333333333335,0.48,0.0,31.70429187079012,18.3,37,0,37,2.7751550955814834,2.7751550955814834,73.51138432351061,60.0,1140.0,0.0,0.0,0.0,31.84011709992774,0.0,0.0,73.51138432351061,1140.0,102.0245391406238,1892.8451840542793,,,,False,False,not_attempted,0,0,0,0,12,0,0.0,168.7458575592287,1391.0,False,,,False,6,0
aco,static_frozen,19,1140.0,19.0,3,degrading,degrading,7 11 57 73,3397,2.409638554216868,0.4149999999999999,0.0,30.881622571183307,18.316666666666666,37,3,34,2.2547243508134502,0.7515747836044834,75.76610867432406,60.0,1200.0,0.0,0.0,0.0,31.84011709992774,0.0,0.0,75.76610867432406,1200.0,110.45176632610003,2487.435572439448,,,,False,False,not_attempted,0,0,0,0,32,0,0.0,168.53429817409727,1391.0,False,,,False,5,0
aco,static_frozen,20,1200.0,20.0,4,disrupted,holding,7 11 57 73,3397,2.857142857142857,0.35,0.0,29.820429701252063,18.333333333333332,34,3,31,3.836534330312214,1.278844776770738,79.60264300463628,60.0,1260.0,0.0,0.0,0.0,31.84011709992774,0.0,0.0,79.60264300463628,1260.0,123.57511257406864,2534.860639258493,,,,False,False,not_attempted,0,0,0,0,20,3,0.15,167.16166653303247,1530.0,False,,,False,5,0
aco,static_frozen,21,1260.0,21.0,4,disrupted,disrupted,7 11 57 73,3397,2.857142857142857,0.35,0.0,29.820429701252063,18.35,31,0,31,1.0443642505231532,1.0443642505231532,80.64700725515944,60.0,1320.0,0.0,0.0,0.0,31.84011709992774,0.0,0.0,80.64700725515944,1320.0,119.48375879630098,2401.465481523042,,,,False,False,not_attempted,0,0,0,0,8,0,0.0,167.06833319969914,1530.0,False,,,False,5,0
aco,static_frozen,22,1320.0,22.0,4,disrupted,disrupted,7 11 57 73,3397,2.857142857142857,0.35,0.0,29.820429701252063,18.366666666666667,31,3,28,4.014269696276252,1.3380898987587508,84.6612769514357,60.0,1380.0,0.0,0.0,0.0,31.84011709992774,0.0,0.0,84.6612769514357,1380.0,118.7091075201589,2401.465481523042,,,,False,False,not_attempted,0,0,0,0,15,5,0.3333333333333333,164.24923750463194,1530.0,False,,,False,5,0
aco,static_frozen,23,1380.0,23.0,4,disrupted,disrupted,7 11 57 73,3397,2.857142857142857,0.35,0.0,29.820429701252063,18.383333333333333,28,1,27,2.157986189447636,2.157986189447636,86.81926314088334,60.0,1440.0,0.0,0.0,0.0,31.84011709992774,0.0,0.0,86.81926314088334,1440.0,114.3062969660665,2350.4305380222377,,,,False,False,not_attempted,0,0,0,0,15,0,0.0,163.8094916972352,1530.0,False,,,False,5,0
aco,static_frozen,24,1440.0,24.0,4,disrupted,disrupted,7 11 57 73,3397,2.857142857142857,0.35,0.0,29.820429701252063,18.4,27,1,26,1.700791013846535,1.700791013846535,88.52005415472988,60.0,1500.0,0.0,0.0,0.0,31.84011709992774,0.0,0.0,88.52005415472988,1500.0,112.30001979865878,2230.4305380222377,,,,False,False,not_attempted,0,0,0,0,18,0,0.0,163.71615836390185,1530.0,False,,,False,5,0
aco,static_frozen,25,1500.0,25.0,5,disrupted,disrupted,7 11 57 73,3397,2.857142857142857,0.35,0.0,29.820429701252063,18.416666666666668,26,2,24,2.2473085340531638,1.1236542670265819,90.76736268878304,60.0,1560.0,0.0,0.0,0.0,31.84011709992774,0.0,0.0,90.76736268878304,1560.0,110.71331037242696,2230.4305380222377,,,,False,False,not_attempted,0,0,0,0,17,2,0.11764705882352941,162.86090340661812,1530.0,False,,,False,5,0
aco,static_frozen,26,1560.0,26.0,5,disrupted,disrupted,7 11 57 73,3397,2.857142857142857,0.35,0.0,29.820429701252063,18.433333333333334,24,2,22,2.298815091930758,1.149407545965379,93.0661777807138,60.0,1620.0,0.0,0.0,0.0,31.84011709992774,0.0,0.0,93.0661777807138,1620.0,107.62112114256433,2129.275912327566,,,,False,False,not_attempted,0,0,0,0,7,2,0.2857142857142857,161.861891215713,1530.0,False,,,False,5,0
aco,static_frozen,27,1620.0,27.0,5,disrupted,disrupted,7 11 57 73,3397,2.857142857142857,0.35,0.0,29.820429701252063,18.45,22,2,20,4.720808841224096,2.360404420612048,97.7869866219379,60.0,1680.0,0.0,0.0,0.0,31.84011709992774,0.0,0.0,97.7869866219379,1680.0,106.37343159573373,2097.3950497579635,,,,False,False,not_attempted,0,0,0,0,19,7,0.3684210526315789,161.40926619949667,1530.0,False,,,False,5,0
aco,static_frozen,28,1680.0,28.0,5,disrupted,disrupted,7 11 57 73,3397,2.857142857142857,0.35,0.0,29.820429701252063,18.466666666666665,20,1,19,1.8885050349316872,1.8885050349316872,99.67549165686958,60.0,1740.0,0.0,0.0,0.0,31.84011709992774,0.0,0.0,99.67549165686958,1740.0,103.24486747507447,1977.3950497579635,,,,False,False,not_attempted,0,0,0,0,3,2,0.6666666666666666,161.31593286616334,1530.0,False,,,False,5,0
aco,static_frozen,29,1740.0,29.0,5,disrupted,disrupted,7 11 57 73,3397,2.857142857142857,0.35,0.0,29.820429701252063,18.483333333333334,19,3,16,5.442850838437866,1.8142836128126218,105.11834249530745,60.0,1800.0,0.0,0.0,0.0,31.84011709992774,0.0,0.0,105.11834249530745,1800.0,101.4475652434865,1977.3950497579635,,,,False,False,not_attempted,0,0,0,0,31,7,0.22580645161290322,160.52018306338655,1530.0,False,,,False,5,0
aco,static_frozen,30,1800.0,30.0,6,recovering,recovering,7 11 57 73,3397,2.857142857142857,0.35,0.0,29.820429701252063,18.5,16,0,16,4.633357041478188,4.633357041478188,109.75169953678564,60.0,1860.0,0.0,0.0,0.0,31.84011709992774,0.0,0.0,109.75169953678564,1860.0,96.90533622353543,1926.313356053,,,,False,False,not_attempted,0,0,0,0,20,4,0.2,157.6446889162131,1530.0,False,,,False,4,0
aco,static_frozen,31,1860.0,31.0,6,recovering,recovering,7 11 57 73,3397,2.6595744680851063,0.376,0.04,30.27980488269011,18.516666666666666,16,2,14,0.5275736124131405,0.26378680620657025,110.27927314919877,60.0,1920.0,0.0,0.0,0.0,31.84011709992774,0.0,0.0,110.27927314919877,1920.0,87.59824218342983,1761.2739847153753,,,,False,False,not_attempted,0,0,0,0,7,0,0.0,157.45094882198063,1589.0,False,,,False,4,0
aco,static_frozen,32,1920.0,32.0,6,recovering,recovering,7 11 57 73,3397,2.4875621890547266,0.40199999999999997,0.08,30.691440450918655,18.533333333333335,14,2,12,4.222022892482447,2.1110114462412235,114.50129604168121,60.0,1980.0,0.0,0.0,0.0,31.84011709992774,0.0,0.0,114.50129604168121,1980.0,82.59544375268031,1739.9548139613769,,,,False,False,not_attempted,0,0,0,0,19,8,0.42105263157894735,156.2599985767314,1589.0,False,,,False,3,0
aco,static_frozen,33,1980.0,33.0,6,recovering,recovering,7 11 57 73,3397,2.336448598130841,0.428,0.12,31.062410676936217,18.55,12,1,11,8.903333567153233,8.903333567153233,123.40462960883445,60.0,2040.0,0.0,0.0,0.0,31.84011709992774,0.0,0.0,123.40462960883445,2040.0,74.04564976829607,1147.7889360789386,,,,False,False,not_attempted,0,0,0,0,31,7,0.22580645161290322,148.01210272977923,1589.0,False,,,False,3,0
aco,static_frozen,34,2040.0,34.0,6,recovering,recovering,7 11 57 73,3397,2.2026431718061676,0.45399999999999996,0.16,31.39845789284001,18.566666666666666,11,1,10,1.8523250264543714,1.8523250264543714,125.25695463528882,60.0,2100.0,0.0,0.0,0.0,31.84011709992774,0.0,0.0,125.25695463528882,2100.0,62.668065809937275,1080.465588165442,,,,False,False,not_attempted,0,0,0,0,42,3,0.07142857142857142,146.57773314345656,1589.0,False,,,False,3,0
aco,static_frozen,35,2100.0,35.0,7,recovering,recovering,7 11 57 73,3397,2.0833333333333335,0.48,0.2,31.70429187079012,18.583333333333332,10,0,10,0.8187501874050946,0.8187501874050946,126.07570482269392,60.0,2160.0,0.0,0.0,0.0,31.84011709992774,0.0,0.0,126.07570482269392,2160.0,57.918454778160914,938.8596297115485,,,,False,False,not_attempted,0,0,0,0,23,0,0.0,146.48439981012322,1589.0,False,,,False,3,0
aco,static_frozen,36,2160.0,36.0,7,recovering,recovering,7 11 57 73,3397,1.976284584980237,0.506,0.24,31.983811926372642,18.6,10,2,8,1.9250522795338427,0.9625261397669214,128.00075710222777,60.0,2220.0,0.0,0.0,0.0,31.84011709992774,0.0,0.0,128.00075710222777,2220.0,54.515030582248116,933.3663589085436,,,,False,False,not_attempted,0,0,0,0,17,3,0.17647058823529413,145.02944459351764,1717.0,False,,,False,2,0
aco,static_frozen,37,2220.0,37.0,7,recovering,recovering,7 11 57 73,3397,1.8796992481203008,0.532,0.28,32.24027405729201,18.616666666666667,8,1,7,0.5661049661770807,0.5661049661770807,128.56686206840484,60.0,2280.0,0.0,0.0,0.0,31.84011709992774,0.0,0.0,128.56686206840484,2280.0,50.21562167663013,886.1183262476802,,,,False,False,not_attempted,0,0,0,0,6,0,0.0,144.67109100946647,1750.0,False,,,False,2,0
aco,static_frozen,38,2280.0,38.0,7,recovering,recovering,7 11 57 73,3397,1.7921146953405016,0.558,0.32,32.47641835812188,18.633333333333333,7,0,7,0.18666666666666665,0.18666666666666665,128.7535287350715,60.0,2340.0,0.0,0.0,0.0,31.84011709992774,0.0,0.0,128.7535287350715,2340.0,47.7277739127809,763.5944532436304,,,,False,False,not_attempted,0,0,0,0,0,0,0.0,144.57775767613313,1750.0,False,,,False,2,0
aco,static_frozen,39,2340.0,39.0,7,recovering,recovering,7 11 57 73,3397,1.7123287671232879,0.584,0.36,32.69456730617113,18.65,7,2,5,1.2218495483489908,0.6109247741744954,129.9753782834205,60.0,2400.0,0.0,0.0,0.0,31.84011709992774,0.0,0.0,129.9753782834205,2400.0,45.875273839660885,761.2953086577494,,,,False,False,not_attempted,0,0,0,0,9,0,0.0,143.83128765557524,1774.0,False,,,False,2,0
aco,static_frozen,40,2400.0,40.0,8,recovering,recovering,7 11 57 73,3397,1.639344262295082,0.61,0.4,32.89670240247868,18.666666666666668,5,0,5,0.18666666666666665,0.18666666666666665,130.16204495008716,60.0,2460.0,0.0,0.0,0.0,31.84011709992774,0.0,0.0,130.16204495008716,2460.0,42.699461293018615,610.521825901429,,,,False,False,not_attempted,0,0,0,0,0,0,0.0,143.7379543222419,1774.0,False,,,False,2,0
aco,static_frozen,41,2460.0,41.0,8,recovering,recovering,7 11 57 73,3397,1.572327044025157,0.636,0.44,33.084524532211674,18.683333333333334,5,2,3,1.2634025633419301,0.6317012816709651,131.4254475134291,60.0,2520.0,0.0,0.0,0.0,31.84011709992774,0.0,0.0,131.4254475134291,2520.0,41.15060254406994,608.5906297871641,,,,False,False,not_attempted,0,0,0,0,19,0,0.0,142.99233099231037,1917.0,False,,,False,2,0
aco,static_frozen,42,2520.0,42.0,8,recovering,recovering,7 11 57 73,3397,1.5105740181268883,0.6619999999999999,0.48,33.259501941339856,18.7,3,0,3,3.3216909698189196,3.3216909698189196,134.74713848324802,60.0,2580.0,0.0,0.0,0.0,31.84011709992774,0.0,0.0,134.74713848324802,2580.0,38.33451427152466,573.561613247328,,,,False,False,not_attempted,0,0,0,0,22,0,0.0,140.16076348158768,1917.0,False,,,False,2,0
aco,static_frozen,43,2580.0,43.0,8,recovering,recovering,7 11 57 73,3397,1.4534883720930234,0.688,0.52,33.4229086957123,18.716666666666665,3,0,3,0.18666666666666665,0.18666666666666665,134.9338051499147,60.0,2640.0,0.0,0.0,0.0,31.84011709992774,0.0,0.0,134.9338051499147,2640.0,33.61370049116952,409.1789341527658,,,,False,False,not_attempted,0,0,0,0,0,0,0.0,140.06743014825435,1917.0,False,,,False,1,0
aco,static_frozen,44,2640.0,44.0,8,recovering,recovering,7 11 57 73,3397,1.400560224089636,0.714,0.56,33.57585575481711,18.733333333333334,3,2,1,0.28202788037718,0.14101394018859,135.21583303029186,60.0,2700.0,0.0,0.0,0.0,31.84011709992774,0.0,0.0,135.21583303029186,2700.0,32.40091302672646,407.65373456379314,,,,False,False,not_attempted,0,0,0,0,8,0,0.0,139.9848959988735,1968.0,False,,,False,1,0
aco,static_frozen,45,2700.0,45.0,9,recovering,recovering,7 11 57 73,3397,1.3513513513513513,0.74,0.6,33.71931626348574,18.75,1,0,1,0.10962495666362135,0.10962495666362135,135.32545798695548,60.0,2760.0,0.0,0.0,0.0,31.84011709992774,0.0,0.0,135.32545798695548,2760.0,31.06784821083955,321.1462652975709,,,,False,False,not_attempted,0,0,0,0,1,0,0.0,139.9848959988735,1968.0,False,,,False,1,0
aco,static_frozen,46,2760.0,46.0,9,recovering,recovering,7 11 57 73,3397,1.3054830287206267,0.766,0.64,33.85414627899872,18.766666666666666,1,0,1,0.09333333333333332,0.09333333333333332,135.41879132028882,60.0,2820.0,0.0,0.0,0.0,31.84011709992774,0.0,0.0,135.41879132028882,2820.0,29.690153346534924,319.82450458116034,,,,False,False,not_attempted,0,0,0,0,0,0,0.0,139.9848959988735,1968.0,False,,,False,0,0
aco,static_frozen,47,2820.0,47.0,9,recovering,recovering,7 11 57 73,3397,1.2626262626262625,0.792,0.68,33.98110186663873,18.783333333333335,1,1,0,26.555933152763945,26.555933152763945,161.97472447305276,320.7929425670971,3140.7929425670973,0.0,0.0,0.0,31.84011709992774,0.0,0.0,161.97472447305276,3140.7929425670973,28.584390562738044,318.58952613400874,,,,False,False,not_attempted,0,0,0,0,324,93,0.28703703703703703,133.55024078985497,1968.0,True,,,False,0,0
pso,adaptive,0,0.0,0.0,0,normal,initial,7 11 57 73,0,1.0,1.0,0.0,34.78037077224997,18.0,84,0,84,17.41716950529079,17.41716950529079,17.41716950529079,60.0,60.0,9.01954150001984,12.315022700000554,21.334564200020395,21.334564200020395,0.0,0.0,17.41716950529079,60.0,151.37406968292143,2569.719418511708,,,,False,False,initial_plan,0,0,0,0,96,0,0.0,177.86965881732976,0.0,False,,,True,10,10
pso,adaptive,1,60.0,1.0,0,normal,normal,7 11 57 73,0,1.0,1.0,0.0,34.78037077224997,18.016666666666666,84,0,84,2.9117287974767976,2.9117287974767976,20.328898302767588,60.0,120.0,0.0,0.0,0.0,21.334564200020395,0.0,0.0,20.328898302767588,120.0,133.1191070568551,2507.5518550268002,,,,False,False,not_attempted,0,0,0,0,47,0,0.0,177.4588955213837,0.0,False,,,False,10,10
pso,adaptive,2,120.0,2.0,0,normal,normal,7 11 57 73,0,1.0,1.0,0.0,34.78037077224997,18.033333333333335,84,5,79,4.945953376604522,0.9891906753209044,25.27485167937211,60.0,180.0,0.0,0.0,0.0,21.334564200020395,0.0,0.0,25.27485167937211,180.0,129.7508783653988,2355.035662758609,,,,False,False,not_attempted,0,0,0,0,48,0,0.0,176.84027550943307,239.0,False,,,False,9,5
pso,adaptive,3,180.0,3.0,0,normal,normal,7 11 57 73,0,1.0,1.0,0.0,34.78037077224997,18.05,79,3,76,5.2858708059973845,1.7619569353324616,30.560722485369492,60.0,240.0,0.0,0.0,0.0,21.334564200020395,0.0,0.0,30.560722485369492,240.0,125.54196401841551,2355.035662758609,,,,False,False,not_attempted,0,0,0,0,84,0,0.0,176.08417388140913,239.0,False,,,False,9,2
pso,adaptive,4,240.0,4.0,0,normal,normal,7 11 57 73,0,1.0,1.0,0.0,34.78037077224997,18.066666666666666,76,0,76,4.768439058186637,4.768439058186637,35.329161543556125,60.0,300.0,0.0,0.0,0.0,21.334564200020395,0.0,0.0,35.329161543556125,300.0,119.70961591445298,2307.5810249028364,,,,False,False,not_attempted,0,0,0,0,69,0,0.0,174.23595111138894,239.0,False,,,False,9,2
pso,adaptive,5,300.0,5.0,1,normal,normal,7 11 57 73,0,1.0,1.0,0.0,34.78037077224997,18.083333333333332,76,2,74,2.335379566890029,1.1676897834450144,37.66454111044615,60.0,360.0,10.659547800081782,808.7348170999903,819.3943649000721,840.7289291000925,0.0,0.0,37.66454111044615,360.0,109.77338979096476,2698.550200996692,115.25900310952544,109.77338979096476,5.485613318560681,True,True,lower_residual_energy,5,37,5,37,79,0,0.0,174.1426177780556,324.0,False,,,True,9,2
pso,adaptive,6,360.0,6.0,1,normal,normal,7 11 57 73,0,1.0,1.0,0.0,34.78037077224997,18.1,74,4,70,3.101740268185227,0.7754350670463067,40.766281378631376,60.0,420.0,0.0,0.0,0.0,840.7289291000925,0.0,0.0,40.766281378631376,420.0,107.33923289675523,2639.5028954880127,,,,False,False,not_attempted,0,0,0,0,41,0,0.0,173.80269504982573,430.0,False,,,False,9,1
pso,adaptive,7,420.0,7.0,1,normal,normal,7 11 57 73,0,1.0,1.0,0.0,34.78037077224997,18.116666666666667,70,1,69,5.0773071523580215,5.0773071523580215,45.8435885309894,60.0,480.0,0.0,0.0,0.0,840.7289291000925,0.0,0.0,45.8435885309894,480.0,104.10869149420049,2480.9555026133576,,,,False,False,not_attempted,0,0,0,0,37,0,0.0,171.7427549458747,430.0,False,,,False,9,1
pso,adaptive,8,480.0,8.0,1,normal,normal,7 11 57 73,0,1.0,1.0,0.0,34.78037077224997,18.133333333333333,69,3,66,4.568801367389507,1.5229337891298356,50.412389898378905,60.0,540.0,0.0,0.0,0.0,840.7289291000925,0.0,0.0,50.412389898378905,540.0,99.38973287812432,2480.9555026133576,,,,False,False,not_attempted,0,0,0,0,44,0,0.0,170.12900684926333,574.0,False,,,False,9,1
pso,adaptive,9,540.0,9.0,1,normal,normal,7 11 57 73,0,1.0,1.0,0.0,34.78037077224997,18.15,66,2,64,2.8987751236060793,1.4493875618030396,53.31116502198498,60.0,600.0,0.0,0.0,0.0,840.7289291000925,0.0,0.0,53.31116502198498,600.0,94.4431869676926,2360.9555026133576,,,,False,False,not_attempted,0,0,0,0,17,0,0.0,169.55281890713212,647.0,False,,,False,9,1
pso,adaptive,10,600.0,10.0,2,degrading,degrading,7 11 57 73,0,1.0,1.0,0.0,34.78037077224997,18.166666666666668,64,4,60,2.461197722411713,0.6152994306029282,55.772362744396695,60.0,660.0,5.800009239464998e-05,451.1077551000053,451.1078131000977,1291.8367422001902,0.0,0.0,55.772362744396695,660.0,88.94705862945925,2527.242251851788,91.85049389647273,88.94705862945925,2.903435267013478,True,True,lower_residual_energy,4,17,4,17,28,0,0.0,169.4594855737988,659.0,False,,,True,9,0
pso,adaptive,11,660.0,11.0,2,degrading,degrading,7 11 57 73,3397,1.06951871657754,0.935,0.0,34.565163142647755,18.183333333333334,60,4,56,5.69142349640042,1.422855874100105,61.46378624079711,60.0,720.0,0.0,0.0,0.0,1291.8367422001902,0.0,0.0,61.46378624079711,720.0,90.62524617877148,2508.156025245986,,,,False,False,not_attempted,0,0,0,0,95,14,0.14736842105263157,169.0036065577671,725.0,False,,,False,9,0
pso,adaptive,12,720.0,12.0,2,degrading,degrading,7 11 57 73,3397,1.1494252873563218,0.87,0.0,34.321064729417685,18.2,56,1,55,3.441817312087356,3.441817312087356,64.90560355288447,60.0,780.0,0.0,0.0,0.0,1291.8367422001902,0.0,0.0,64.90560355288447,780.0,88.85347509944593,2448.4759145708895,,,,False,False,not_attempted,0,0,0,0,45,0,0.0,168.65111327174316,743.0,False,,,False,8,0
pso,adaptive,13,780.0,13.0,2,degrading,degrading,7 11 57 73,3397,1.2422360248447206,0.8049999999999999,0.0,34.04183921998553,18.216666666666665,55,3,52,3.17646054053057,1.0588201801768566,68.08206409341504,60.0,840.0,0.0,0.0,0.0,1291.8367422001902,0.0,0.0,68.08206409341504,840.0,90.75990504687097,2387.9641134275034,,,,False,False,not_attempted,0,0,0,0,60,1,0.016666666666666666,167.27338506100386,940.0,False,,,False,8,0
pso,adaptive,14,840.0,14.0,2,degrading,degrading,7 11 57 73,3397,1.3513513513513513,0.74,0.0,33.71931626348574,18.233333333333334,52,0,52,1.7215575990132967,1.7215575990132967,69.80362169242834,60.0,900.0,0.0,0.0,0.0,1291.8367422001902,0.0,0.0,69.80362169242834,900.0,93.58322881731627,2249.7376973353125,,,,False,False,not_attempted,0,0,0,0,14,9,0.6428571428571429,167.17858212101504,940.0,False,,,False,8,0
pso,adaptive,15,900.0,15.0,3,degrading,degrading,7 11 57 73,3397,1.4814814814814814,0.675,0.0,33.34257871389501,18.25,52,3,49,1.8933529053026283,0.6311176351008762,71.69697459773097,60.0,960.0,10.379680100013502,289.8863805999281,300.2660606999416,1592.1028029001318,0.0,0.0,71.69697459773097,960.0,98.06118504642005,2254.40698183388,98.06118504642005,104.3213236415106,-6.260138595090552,True,False,incumbent_not_worse,4,9,0,0,25,6,0.24,167.07084648108662,940.0,False,,,True,7,0
pso,adaptive,16,960.0,16.0,3,degrading,degrading,7 11 57 73,3397,1.639344262295082,0.61,0.0,32.89670240247868,18.266666666666666,49,4,45,2.4778446729988852,0.6194611682497213,74.17481927072986,60.0,1020.0,0.0,0.0,0.0,1592.1028029001318,0.0,0.0,74.17481927072986,1020.0,103.6394528136776,2113.494914085496,,,,False,False,not_attempted,0,0,0,0,48,9,0.1875,166.97751314775329,968.0,False,,,False,7,0
pso,adaptive,17,1020.0,17.0,3,degrading,degrading,7 11 57 73,3397,1.8348623853211008,0.545,0.0,32.36073198260743,18.283333333333335,45,3,42,2.7073636728548283,0.9024545576182761,76.88218294358468,60.0,1080.0,0.0,0.0,0.0,1592.1028029001318,0.0,0.0,76.88218294358468,1080.0,109.25985326046975,2120.510428018523,,,,False,False,not_attempted,0,0,0,0,15,8,0.5333333333333333,166.66910771824325,968.0,False,,,False,7,0
pso,adaptive,18,1080.0,18.0,3,degrading,degrading,7 11 57 73,3397,2.0833333333333335,0.48,0.0,31.70429187079012,18.3,42,3,39,4.969278169035522,1.6564260563451738,81.8514611126202,60.0,1140.0,0.0,0.0,0.0,1592.1028029001318,0.0,0.0,81.8514611126202,1140.0,116.96934389088914,2124.582462213687,,,,False,False,not_attempted,0,0,0,0,66,4,0.06060606060606061,165.32042827980055,1075.0,False,,,False,6,0
pso,adaptive,19,1140.0,19.0,3,degrading,degrading,7 11 57 73,3397,2.409638554216868,0.4149999999999999,0.0,30.881622571183307,18.316666666666666,39,1,38,2.774795775400873,2.774795775400873,84.62625688802108,60.0,1200.0,0.0,0.0,0.0,1592.1028029001318,0.0,0.0,84.62625688802108,1200.0,124.29141627330799,2077.922836263502,,,,False,False,not_attempted,0,0,0,0,24,0,0.0,165.22709494646722,1138.0,False,,,False,6,0
pso,adaptive,20,1200.0,20.0,4,disrupted,holding,7 11 57 73,3397,2.857142857142857,0.35,0.0,29.820429701252063,18.333333333333332,38,2,36,4.263105329888789,2.1315526649443943,88.88936221790986,60.0,1260.0,10.381999199977145,186.77189329999965,197.1538924999768,1789.2566954001086,0.0,0.0,88.88936221790986,1260.0,139.1791259748831,2012.640850077761,139.29555174388406,139.1791259748831,0.11642576900095492,True,True,lower_residual_energy,3,5,3,5,26,3,0.11538461538461539,164.82512112487888,1138.0,False,,,True,8,0
pso,adaptive,21,1260.0,21.0,4,disrupted,disrupted,7 11 57 73,3397,2.857142857142857,0.35,0.0,29.820429701252063,18.35,36,3,33,3.4234629006788087,1.1411543002262696,92.31282511858868,60.0,1320.0,0.0,0.0,0.0,1789.2566954001086,0.0,0.0,92.31282511858868,1320.0,135.05674009597715,2012.640850077761,,,,False,False,not_attempted,0,0,0,0,65,0,0.0,164.48089786970286,1214.0,False,,,False,7,0
pso,adaptive,22,1320.0,22.0,4,disrupted,disrupted,7 11 57 73,3397,2.857142857142857,0.35,0.0,29.820429701252063,18.366666666666667,33,2,31,2.812983505194199,1.4064917525970995,95.12580862378287,60.0,1380.0,0.0,0.0,0.0,1789.2566954001086,0.0,0.0,95.12580862378287,1380.0,131.1759887808712,1985.6738864124704,,,,False,False,not_attempted,0,0,0,0,18,0,0.0,164.38756453636952,1308.0,False,,,False,7,0
pso,adaptive,23,1380.0,23.0,4,disrupted,disrupted,7 11 57 73,3397,2.857142857142857,0.35,0.0,29.820429701252063,18.383333333333333,31,3,28,3.627840456044028,1.2092801520146759,98.7536490798269,60.0,1440.0,0.0,0.0,0.0,1789.2566954001086,0.0,0.0,98.7536490798269,1440.0,128.7207924335819,1838.8565474294899,,,,False,False,not_attempted,0,0,0,0,21,0,0.0,163.16831009820632,1429.0,False,,,False,7,0
pso,adaptive,24,1440.0,24.0,4,disrupted,disrupted,7 11 57 73,3397,2.857142857142857,0.35,0.0,29.820429701252063,18.4,28,2,26,3.0660751573453866,1.5330375786726933,101.81972423717228,60.0,1500.0,0.0,0.0,0.0,1789.2566954001086,0.0,0.0,101.81972423717228,1500.0,124.86938267546145,1838.8565474294899,,,,False,False,not_attempted,0,0,0,0,39,0,0.0,161.28321012268097,1429.0,False,,,False,6,0
pso,adaptive,25,1500.0,25.0,5,disrupted,disrupted,7 11 57 73,3397,2.857142857142857,0.35,0.0,29.820429701252063,18.416666666666668,26,2,24,2.060895055786463,1.0304475278932315,103.88061929295874,60.0,1560.0,8.070003241300583e-05,33.522010699962266,33.52209139999468,1822.7787868001033,0.0,0.0,103.88061929295874,1560.0,117.56435618974031,1706.8421154632942,121.68664581676822,117.56435618974031,4.122289627027911,True,True,lower_residual_energy,2,3,2,3,20,0,0.0,161.18987678934764,1429.0,False,,,True,5,0
pso,adaptive,26,1560.0,26.0,5,disrupted,disrupted,7 11 57 73,3397,2.857142857142857,0.35,0.0,29.820429701252063,18.433333333333334,24,4,20,3.340136114116312,0.835034028529078,107.22075540707505,60.0,1620.0,0.0,0.0,0.0,1822.7787868001033,0.0,0.0,107.22075540707505,1620.0,115.95604391409383,1706.8421154632942,,,,False,False,not_attempted,0,0,0,0,26,0,0.0,160.31682816397253,1522.0,False,,,False,5,0
pso,adaptive,27,1620.0,27.0,5,disrupted,disrupted,7 11 57 73,3397,2.857142857142857,0.35,0.0,29.820429701252063,18.45,20,1,19,2.2015300114693144,2.2015300114693144,109.42228541854436,60.0,1680.0,0.0,0.0,0.0,1822.7787868001033,0.0,0.0,109.42228541854436,1680.0,112.67750923375146,1689.4617794507524,,,,False,False,not_attempted,0,0,0,0,31,1,0.03225806451612903,160.2234948306392,1522.0,False,,,False,4,0
pso,adaptive,28,1680.0,28.0,5,disrupted,disrupted,7 11 57 73,3397,2.857142857142857,0.35,0.0,29.820429701252063,18.466666666666665,19,2,17,1.3232402298591153,0.6616201149295576,110.74552564840347,60.0,1740.0,0.0,0.0,0.0,1822.7787868001033,0.0,0.0,110.74552564840347,1740.0,110.39710038872444,1626.6869845237702,,,,False,False,not_attempted,0,0,0,0,6,0,0.0,159.46285143922887,1557.0,False,,,False,4,0
pso,adaptive,29,1740.0,29.0,5,disrupted,disrupted,7 11 57 73,3397,2.857142857142857,0.35,0.0,29.820429701252063,18.483333333333334,17,2,15,1.4785783764809262,0.7392891882404631,112.2241040248844,60.0,1800.0,0.0,0.0,0.0,1822.7787868001033,0.0,0.0,112.2241040248844,1800.0,109.2249555948803,1496.050283719113,,,,False,False,not_attempted,0,0,0,0,8,0,0.0,158.42769491030577,1557.0,False,,,False,4,0
pso,adaptive,30,1800.0,30.0,6,recovering,recovering,7 11 57 73,3397,2.857142857142857,0.35,0.0,29.820429701252063,18.5,15,1,14,1.680226173870851,1.680226173870851,113.90433019875525,60.0,1860.0,5.9299985878169537e-05,4.98862899991218,4.988688299898058,1827.7674751000013,0.0,0.0,113.90433019875525,1860.0,107.66953931274143,1496.050283719113,107.66953931274143,107.66953931274143,0.0,True,False,incumbent_not_worse,0,0,0,0,23,0,0.0,158.33436157697244,1557.0,False,,,True,3,0
pso,adaptive,31,1860.0,31.0,6,recovering,recovering,7 11 57 73,3397,2.6595744680851063,0.376,0.04,30.27980488269011,18.516666666666666,14,2,12,4.739755215347392,2.369877607673696,118.64408541410263,60.0,1920.0,0.0,0.0,0.0,1827.7674751000013,0.0,0.0,118.64408541410263,1920.0,99.6423875480524,1417.9066711301662,,,,False,False,not_attempted,0,0,0,0,13,6,0.46153846153846156,155.95838524058374,1557.0,False,,,False,3,0
pso,adaptive,32,1920.0,32.0,6,recovering,recovering,7 11 57 73,3397,2.4875621890547266,0.40199999999999997,0.08,30.691440450918655,18.533333333333335,12,1,11,2.675669469079951,2.675669469079951,121.31975488318258,60.0,1980.0,0.0,0.0,0.0,1827.7674751000013,0.0,0.0,121.31975488318258,1980.0,89.62646822640937,1248.8593918944725,,,,False,False,not_attempted,0,0,0,0,11,4,0.36363636363636365,153.73930958106962,1557.0,False,,,False,3,0
pso,adaptive,33,1980.0,33.0,6,recovering,recovering,7 11 57 73,3397,2.336448598130841,0.428,0.12,31.062410676936217,18.55,11,1,10,3.218873194868271,3.218873194868271,124.53862807805085,60.0,2040.0,0.0,0.0,0.0,1827.7674751000013,0.0,0.0,124.53862807805085,2040.0,82.46702804247735,1197.2430903385139,,,,False,False,not_attempted,0,0,0,0,13,4,0.3076923076923077,153.6459762477363,1557.0,False,,,False,2,0
pso,adaptive,34,2040.0,34.0,6,recovering,recovering,7 11 57 73,3397,2.2026431718061676,0.45399999999999996,0.16,31.39845789284001,18.566666666666666,10,1,9,0.2337167152727155,0.2337167152727155,124.77234479332357,60.0,2100.0,0.0,0.0,0.0,1827.7674751000013,0.0,0.0,124.77234479332357,2100.0,75.19022874090898,1041.697524937848,,,,False,False,not_attempted,0,0,0,0,0,0,0.0,153.59892619913023,1557.0,False,,,False,2,0
pso,adaptive,35,2100.0,35.0,7,recovering,recovering,7 11 57 73,3397,2.0833333333333335,0.48,0.2,31.70429187079012,18.583333333333332,9,2,7,0.5026666635219141,0.25133333176095707,125.27501145684548,60.0,2160.0,10.182762599899434,0.21100899996235967,10.393771599861793,1838.161246699863,0.0,0.0,125.27501145684548,2160.0,71.68342268609422,1037.4222675045812,71.68342268609422,71.68342268609422,0.0,True,False,incumbent_not_worse,0,0,0,0,8,1,0.125,153.59892619913023,1626.0,False,,,True,2,0
pso,adaptive,36,2160.0,36.0,7,recovering,recovering,7 11 57 73,3397,1.976284584980237,0.506,0.24,31.983811926372642,18.6,7,0,7,1.6910795715896398,1.6910795715896398,126.96609102843512,60.0,2220.0,0.0,0.0,0.0,1838.161246699863,0.0,0.0,126.96609102843512,2220.0,67.02814130180624,1007.4421656541465,,,,False,False,not_attempted,0,0,0,0,16,0,0.0,153.59892619913023,1626.0,False,,,False,2,0
pso,adaptive,37,2220.0,37.0,7,recovering,recovering,7 11 57 73,3397,1.8796992481203008,0.532,0.28,32.24027405729201,18.616666666666667,7,0,7,0.7537165091801934,0.7537165091801934,127.71980753761531,60.0,2280.0,0.0,0.0,0.0,1838.161246699863,0.0,0.0,127.71980753761531,2280.0,63.39471457829831,941.8032054706175,,,,False,False,not_attempted,0,0,0,0,2,1,0.5,153.59892619913023,1626.0,False,,,False,2,0
pso,adaptive,38,2280.0,38.0,7,recovering,recovering,7 11 57 73,3397,1.7921146953405016,0.558,0.32,32.47641835812188,18.633333333333333,7,0,7,0.18666666666666665,0.18666666666666665,127.90647420428198,60.0,2340.0,0.0,0.0,0.0,1838.161246699863,0.0,0.0,127.90647420428198,2340.0,59.980270345115876,817.0300365296284,,,,False,False,not_attempted,0,0,0,0,0,0,0.0,153.59892619913023,1626.0,False,,,False,2,0
pso,adaptive,39,2340.0,39.0,7,recovering,recovering,7 11 57 73,3397,1.7123287671232879,0.584,0.36,32.69456730617113,18.65,7,2,5,1.0892286405533578,0.5446143202766789,128.99570284483534,60.0,2400.0,0.0,0.0,0.0,1838.161246699863,0.0,0.0,128.99570284483534,2400.0,57.50194253288901,814.1710486452521,,,,False,False,not_attempted,0,0,0,0,6,3,0.5,153.59892619913023,1716.0,False,,,False,2,0
pso,adaptive,40,2400.0,40.0,8,recovering,recovering,7 11 57 73,3397,1.639344262295082,0.61,0.4,32.89670240247868,18.666666666666668,5,0,5,0.40276644222986757,0.40276644222986757,129.3984692870652,60.0,2460.0,10.326470199972391,0.17594599991571158,10.502416199888103,1848.6636628997512,0.0,0.0,129.3984692870652,2460.0,53.65612687276428,671.6947947340731,53.65612687276428,53.65612687276428,0.0,True,False,incumbent_not_worse,0,0,0,0,0,0,0.0,153.59892619913023,1716.0,False,,,True,2,0
pso,adaptive,41,2460.0,41.0,8,recovering,recovering,7 11 57 73,3397,1.572327044025157,0.636,0.44,33.084524532211674,18.683333333333334,5,1,4,0.9015770113856967,0.9015770113856967,130.3000462984509,60.0,2520.0,0.0,0.0,0.0,1848.6636628997512,0.0,0.0,130.3000462984509,2520.0,51.08291310523442,669.2933510289037,,,,False,False,not_attempted,0,0,0,0,11,1,0.09090909090909091,153.59892619913023,1716.0,False,,,False,1,0
pso,adaptive,42,2520.0,42.0,8,recovering,recovering,7 11 57 73,3397,1.5105740181268883,0.6619999999999999,0.48,33.259501941339856,18.7,4,1,3,0.11078513674549242,0.11078513674549242,130.4108314351964,60.0,2580.0,0.0,0.0,0.0,1848.6636628997512,0.0,0.0,130.4108314351964,2580.0,47.883539036218,526.9824373872679,,,,False,False,not_attempted,0,0,0,0,0,0,0.0,153.59892619913023,1840.0,False,,,False,1,0
pso,adaptive,43,2580.0,43.0,8,recovering,recovering,7 11 57 73,3397,1.4534883720930234,0.688,0.52,33.4229086957123,18.716666666666665,3,1,2,0.23433168949014357,0.23433168949014357,130.64516312468655,60.0,2640.0,0.0,0.0,0.0,1848.6636628997512,0.0,0.0,130.64516312468655,2640.0,45.80512945734555,522.6426903646595,,,,False,False,not_attempted,0,0,0,0,2,1,0.5,153.59892619913023,1840.0,False,,,False,1,0
pso,adaptive,44,2640.0,44.0,8,recovering,recovering,7 11 57 73,3397,1.400560224089636,0.714,0.56,33.57585575481711,18.733333333333334,2,0,2,0.16252518368403435,0.16252518368403435,130.8076883083706,60.0,2700.0,0.0,0.0,0.0,1848.6636628997512,0.0,0.0,130.8076883083706,2700.0,43.73957877337165,518.6190033493,,,,False,False,not_attempted,0,0,0,0,2,0,0.0,153.59892619913023,1840.0,False,,,False,1,0
pso,adaptive,45,2700.0,45.0,9,recovering,recovering,7 11 57 73,3397,1.3513513513513513,0.74,0.6,33.71931626348574,18.75,2,0,2,0.09333333333333332,0.09333333333333332,130.90102164170392,60.0,2760.0,10.299615600029938,0.17781829996965826,10.477433899999596,1859.1410967997508,0.0,0.0,130.90102164170392,2760.0,41.65530808699482,514.8780619079927,41.655308086994815,41.65530808699482,-7.105427357601002e-15,True,False,incumbent_not_worse,0,0,0,0,0,0,0.0,153.59892619913023,1840.0,False,,,True,1,0
pso,adaptive,46,2760.0,46.0,9,recovering,recovering,7 11 57 73,3397,1.3054830287206267,0.766,0.64,33.85414627899872,18.766666666666666,2,1,1,0.6846510388947659,0.6846510388947659,131.5856726805987,60.0,2820.0,0.0,0.0,0.0,1859.1410967997508,0.0,0.0,131.5856726805987,2820.0,39.91600976736044,511.39107471596486,,,,False,False,not_attempted,0,0,0,0,10,0,0.0,153.59892619913023,1840.0,False,,,False,1,0
pso,adaptive,47,2820.0,47.0,9,recovering,recovering,7 11 57 73,3397,1.2626262626262625,0.792,0.68,33.98110186663873,18.783333333333335,1,0,1,0.09333333333333332,0.09333333333333332,131.67900601393202,60.0,2880.0,0.0,0.0,0.0,1859.1410967997508,0.0,0.0,131.67900601393202,2880.0,37.43402895134644,508.13303112745376,,,,False,False,not_attempted,0,0,0,0,0,0,0.0,153.59892619913023,1840.0,False,,,False,0,0
pso,adaptive,48,2880.0,48.0,9,recovering,recovering,7 11 57 73,3397,1.2224938875305624,0.818,0.72,34.10085328495213,18.8,1,1,0,32.748409411291924,32.748409411291924,164.42741542522393,542.6576817075085,3422.6576817075083,0.0,0.0,0.0,1859.1410967997508,0.0,0.0,164.42741542522393,3422.6576817075083,35.8049112453053,505.0821003343006,,,,False,False,not_attempted,0,0,0,0,497,140,0.28169014084507044,151.35145333155225,1984.0,True,,,False,0,0
pso,static_live,0,0.0,0.0,0,normal,initial,7 11 57 73,0,1.0,1.0,0.0,34.78037077224997,18.0,84,0,84,17.41716950529079,17.41716950529079,17.41716950529079,60.0,60.0,9.01954150001984,12.315022700000554,21.334564200020395,21.334564200020395,0.0,0.0,17.41716950529079,60.0,151.37406968292143,2569.719418511708,,,,False,False,initial_plan,0,0,0,0,96,0,0.0,177.86965881732976,0.0,False,,,True,10,10
pso,static_live,1,60.0,1.0,0,normal,normal,7 11 57 73,0,1.0,1.0,0.0,34.78037077224997,18.016666666666666,84,0,84,2.9117287974767976,2.9117287974767976,20.328898302767588,60.0,120.0,0.0,0.0,0.0,21.334564200020395,0.0,0.0,20.328898302767588,120.0,133.1191070568551,2507.5518550268002,,,,False,False,not_attempted,0,0,0,0,47,0,0.0,177.4588955213837,0.0,False,,,False,10,10
pso,static_live,2,120.0,2.0,0,normal,normal,7 11 57 73,0,1.0,1.0,0.0,34.78037077224997,18.033333333333335,84,5,79,4.945953376604522,0.9891906753209044,25.27485167937211,60.0,180.0,0.0,0.0,0.0,21.334564200020395,0.0,0.0,25.27485167937211,180.0,129.7508783653988,2355.035662758609,,,,False,False,not_attempted,0,0,0,0,48,0,0.0,176.84027550943307,239.0,False,,,False,9,5
pso,static_live,3,180.0,3.0,0,normal,normal,7 11 57 73,0,1.0,1.0,0.0,34.78037077224997,18.05,79,3,76,5.2858708059973845,1.7619569353324616,30.560722485369492,60.0,240.0,0.0,0.0,0.0,21.334564200020395,0.0,0.0,30.560722485369492,240.0,125.54196401841551,2355.035662758609,,,,False,False,not_attempted,0,0,0,0,84,0,0.0,176.08417388140913,239.0,False,,,False,9,2
pso,static_live,4,240.0,4.0,0,normal,normal,7 11 57 73,0,1.0,1.0,0.0,34.78037077224997,18.066666666666666,76,0,76,4.768439058186637,4.768439058186637,35.329161543556125,60.0,300.0,0.0,0.0,0.0,21.334564200020395,0.0,0.0,35.329161543556125,300.0,119.70961591445298,2307.5810249028364,,,,False,False,not_attempted,0,0,0,0,69,0,0.0,174.23595111138894,239.0,False,,,False,9,2
pso,static_live,5,300.0,5.0,1,normal,normal,7 11 57 73,0,1.0,1.0,0.0,34.78037077224997,18.083333333333332,76,2,74,2.033059245297843,1.0165296226489215,37.36222078885397,60.0,360.0,0.0,0.0,0.0,21.334564200020395,0.0,0.0,37.36222078885397,360.0,115.25900310952544,2179.6312187929043,,,,False,False,not_attempted,0,0,0,0,67,0,0.0,174.1426177780556,324.0,False,,,False,9,2
pso,static_live,6,360.0,6.0,1,normal,normal,7 11 57 73,0,1.0,1.0,0.0,34.78037077224997,18.1,74,4,70,2.8956701116039376,0.7239175279009844,40.25789090045791,60.0,420.0,0.0,0.0,0.0,21.334564200020395,0.0,0.0,40.25789090045791,420.0,113.42229091822706,2179.6312187929043,,,,False,False,not_attempted,0,0,0,0,34,0,0.0,173.80269504982573,430.0,False,,,False,9,1
pso,static_live,7,420.0,7.0,1,normal,normal,7 11 57 73,0,1.0,1.0,0.0,34.78037077224997,18.116666666666667,70,2,68,4.8735631587271255,2.4367815793635628,45.13145405918503,60.0,480.0,0.0,0.0,0.0,21.334564200020395,0.0,0.0,45.13145405918503,480.0,110.51467952032222,2149.403453117163,,,,False,False,not_attempted,0,0,0,0,51,0,0.0,171.7315048732715,430.0,False,,,False,9,0
pso,static_live,8,480.0,8.0,1,normal,normal,7 11 57 73,0,1.0,1.0,0.0,34.78037077224997,18.133333333333333,68,2,66,3.744268046077959,1.8721340230389796,48.875722105262994,60.0,540.0,0.0,0.0,0.0,21.334564200020395,0.0,0.0,48.875722105262994,540.0,105.54802741137986,2029.403453117163,,,,False,False,not_attempted,0,0,0,0,78,0,0.0,171.63817153993816,451.0,False,,,False,8,0
pso,static_live,9,540.0,9.0,1,normal,normal,7 11 57 73,0,1.0,1.0,0.0,34.78037077224997,18.15,66,4,62,2.7954245755306446,0.6988561438826612,51.67114668079364,60.0,600.0,0.0,0.0,0.0,21.334564200020395,0.0,0.0,51.67114668079364,600.0,101.79424707515842,2029.403453117163,,,,False,False,not_attempted,0,0,0,0,21,0,0.0,171.54640459197284,647.0,False,,,False,8,0
pso,static_live,10,600.0,10.0,2,degrading,degrading,7 11 57 73,0,1.0,1.0,0.0,34.78037077224997,18.166666666666668,62,3,59,3.8765201157009246,1.2921733719003081,55.54766679649457,60.0,660.0,0.0,0.0,0.0,21.334564200020395,0.0,0.0,55.54766679649457,660.0,99.26036237241371,1901.7228863742832,,,,False,False,not_attempted,0,0,0,0,34,0,0.0,169.9139712245009,659.0,False,,,False,8,0
pso,static_live,11,660.0,11.0,2,degrading,degrading,7 11 57 73,3397,1.06951871657754,0.935,0.0,34.565163142647755,18.183333333333334,59,2,57,3.9549115326773028,1.9774557663386514,59.50257832917187,60.0,720.0,0.0,0.0,0.0,21.334564200020395,0.0,0.0,59.50257832917187,720.0,99.93986505468077,1923.931175699936,,,,False,False,not_attempted,0,0,0,0,48,11,0.22916666666666666,168.57396062756465,659.0,False,,,False,8,0
pso,static_live,12,720.0,12.0,2,degrading,degrading,7 11 57 73,3397,1.1494252873563218,0.87,0.0,34.321064729417685,18.2,57,2,55,1.3732022282893093,0.6866011141446546,60.87578055746118,60.0,780.0,0.0,0.0,0.0,21.334564200020395,0.0,0.0,60.87578055746118,780.0,101.18944879214614,1777.7053657596994,,,,False,False,not_attempted,0,0,0,0,23,0,0.0,168.36247255001456,751.0,False,,,False,8,0
pso,static_live,13,780.0,13.0,2,degrading,degrading,7 11 57 73,3397,1.2422360248447206,0.8049999999999999,0.0,34.04183921998553,18.216666666666665,55,4,51,2.581837695830056,0.645459423957514,63.45761825329123,60.0,840.0,0.0,0.0,0.0,21.334564200020395,0.0,0.0,63.45761825329123,840.0,105.40684483313787,1863.6572007615625,,,,False,False,not_attempted,0,0,0,0,31,1,0.03225806451612903,168.26913921668122,751.0,False,,,False,8,0
pso,static_live,14,840.0,14.0,2,degrading,degrading,7 11 57 73,3397,1.3513513513513513,0.74,0.0,33.71931626348574,18.233333333333334,51,2,49,1.9122299443868414,0.9561149721934207,65.36984819767807,60.0,900.0,0.0,0.0,0.0,21.334564200020395,0.0,0.0,65.36984819767807,900.0,108.97885686164295,1874.9855541396068,,,,False,False,not_attempted,0,0,0,0,19,4,0.21052631578947367,168.1532899592327,832.0,False,,,False,8,0
pso,static_live,15,900.0,15.0,3,degrading,degrading,7 11 57 73,3397,1.4814814814814814,0.675,0.0,33.34257871389501,18.25,49,2,47,2.5275400418662404,1.2637700209331202,67.89738823954431,60.0,960.0,0.0,0.0,0.0,21.334564200020395,0.0,0.0,67.89738823954431,960.0,114.47391397302225,1757.8478806951587,,,,False,False,not_attempted,0,0,0,0,59,0,0.0,168.05995662589936,853.0,False,,,False,8,0
pso,static_live,16,960.0,16.0,3,degrading,degrading,7 11 57 73,3397,1.639344262295082,0.61,0.0,32.89670240247868,18.266666666666666,47,3,44,5.745630700319531,1.9152102334398435,73.64301893986385,60.0,1020.0,0.0,0.0,0.0,21.334564200020395,0.0,0.0,73.64301893986385,1020.0,120.95217267308828,1780.294118307079,,,,False,False,not_attempted,0,0,0,0,79,9,0.11392405063291139,166.39112283029274,968.0,False,,,False,8,0
pso,static_live,17,1020.0,17.0,3,degrading,degrading,7 11 57 73,3397,1.8348623853211008,0.545,0.0,32.36073198260743,18.283333333333335,44,2,42,4.640767364792611,2.3203836823963053,78.28378630465646,60.0,1080.0,0.0,0.0,0.0,21.334564200020395,0.0,0.0,78.28378630465646,1080.0,124.30875024876516,1972.2060072582108,,,,False,False,not_attempted,0,0,0,0,34,7,0.20588235294117646,166.00360564255547,1048.0,False,,,False,8,0
pso,static_live,18,1080.0,18.0,3,degrading,degrading,7 11 57 73,3397,2.0833333333333335,0.48,0.0,31.70429187079012,18.3,42,3,39,5.622293642503181,1.8740978808343938,83.90607994715964,60.0,1140.0,0.0,0.0,0.0,21.334564200020395,0.0,0.0,83.90607994715964,1140.0,131.0841587975239,1994.163212157958,,,,False,False,not_attempted,0,0,0,0,59,8,0.13559322033898305,165.94190099925612,1048.0,False,,,False,8,0
pso,static_live,19,1140.0,19.0,3,degrading,degrading,7 11 57 73,3397,2.409638554216868,0.4149999999999999,0.0,30.881622571183307,18.316666666666666,39,0,39,2.01880762517285,2.01880762517285,85.9248875723325,60.0,1200.0,0.0,0.0,0.0,21.334564200020395,0.0,0.0,85.9248875723325,1200.0,138.54911583441282,1905.4362682018962,,,,False,False,not_attempted,0,0,0,0,43,0,0.0,165.878335355721,1048.0,False,,,False,8,0
pso,static_live,20,1200.0,20.0,4,disrupted,holding,7 11 57 73,3397,2.857142857142857,0.35,0.0,29.820429701252063,18.333333333333332,39,2,37,5.128458799350666,2.564229399675333,91.05334637168316,60.0,1260.0,0.0,0.0,0.0,21.334564200020395,0.0,0.0,91.05334637168316,1260.0,153.58482698024739,1994.2120479708333,,,,False,False,not_attempted,0,0,0,0,22,5,0.22727272727272727,165.8317546713648,1136.0,False,,,False,8,0
pso,static_live,21,1260.0,21.0,4,disrupted,disrupted,7 11 57 73,3397,2.857142857142857,0.35,0.0,29.820429701252063,18.35,37,2,35,3.586393435721824,1.793196717860912,94.639739807405,60.0,1320.0,0.0,0.0,0.0,21.334564200020395,0.0,0.0,94.639739807405,1320.0,148.38529044873468,1964.4813179583548,,,,False,False,not_attempted,0,0,0,0,46,2,0.043478260869565216,165.411118748116,1269.0,False,,,False,8,0
pso,static_live,22,1320.0,22.0,4,disrupted,disrupted,7 11 57 73,3397,2.857142857142857,0.35,0.0,29.820429701252063,18.366666666666667,35,2,33,3.697418965416781,1.8487094827083905,98.33715877282178,60.0,1380.0,0.0,0.0,0.0,21.334564200020395,0.0,0.0,98.33715877282178,1380.0,144.97034816550502,1823.1771044700286,,,,False,False,not_attempted,0,0,0,0,41,2,0.04878048780487805,164.39688838563313,1308.0,False,,,False,8,0
pso,static_live,23,1380.0,23.0,4,disrupted,disrupted,7 11 57 73,3397,2.857142857142857,0.35,0.0,29.820429701252063,18.383333333333333,33,2,31,5.512355704157431,2.7561778520787157,103.84951447697921,60.0,1440.0,0.0,0.0,0.0,21.334564200020395,0.0,0.0,103.84951447697921,1440.0,140.6720492995502,1823.1771044700286,,,,False,False,not_attempted,0,0,0,0,23,4,0.17391304347826086,163.5348992849085,1308.0,False,,,False,8,0
pso,static_live,24,1440.0,24.0,4,disrupted,disrupted,7 11 57 73,3397,2.857142857142857,0.35,0.0,29.820429701252063,18.4,31,2,29,3.9981118509646394,1.9990559254823197,107.84762632794384,60.0,1500.0,0.0,0.0,0.0,21.334564200020395,0.0,0.0,107.84762632794384,1500.0,134.65944934406048,1722.0224787753573,,,,False,False,not_attempted,0,0,0,0,51,1,0.0196078431372549,162.73235292132776,1362.0,False,,,False,8,0
pso,static_live,25,1500.0,25.0,5,disrupted,disrupted,7 11 57 73,3397,2.857142857142857,0.35,0.0,29.820429701252063,18.416666666666668,29,2,27,3.5880794721367884,1.7940397360683942,111.43570580008063,60.0,1560.0,0.0,0.0,0.0,21.334564200020395,0.0,0.0,111.43570580008063,1560.0,131.36710373579024,1722.0224787753573,,,,False,False,not_attempted,0,0,0,0,21,1,0.047619047619047616,162.63901958799443,1407.0,False,,,False,8,0
pso,static_live,26,1560.0,26.0,5,disrupted,disrupted,7 11 57 73,3397,2.857142857142857,0.35,0.0,29.820429701252063,18.433333333333334,27,4,23,1.875484451041162,0.4688711127602905,113.31119025112179,60.0,1620.0,0.0,0.0,0.0,21.334564200020395,0.0,0.0,113.31119025112179,1620.0,127.9943517427063,1570.1416162057549,,,,False,False,not_attempted,0,0,0,0,19,1,0.05263157894736842,162.49711339940575,1577.0,False,,,False,8,0
pso,static_live,27,1620.0,27.0,5,disrupted,disrupted,7 11 57 73,3397,2.857142857142857,0.35,0.0,29.820429701252063,18.45,23,2,21,5.080677281787754,2.540338640893877,118.39186753290954,60.0,1680.0,0.0,0.0,0.0,21.334564200020395,0.0,0.0,118.39186753290954,1680.0,125.32648644857807,1570.1416162057549,,,,False,False,not_attempted,0,0,0,0,61,3,0.04918032786885246,160.2336304126592,1577.0,False,,,False,8,0
pso,static_live,28,1680.0,28.0,5,disrupted,disrupted,7 11 57 73,3397,2.857142857142857,0.35,0.0,29.820429701252063,18.466666666666665,21,2,19,4.478063475086983,2.2390317375434914,122.86993100799653,60.0,1740.0,0.0,0.0,0.0,21.334564200020395,0.0,0.0,122.86993100799653,1740.0,120.75016370014244,1538.5091351098208,,,,False,False,not_attempted,0,0,0,0,18,2,0.1111111111111111,159.48706131311283,1617.0,False,,,False,7,0
pso,static_live,29,1740.0,29.0,5,disrupted,disrupted,7 11 57 73,3397,2.857142857142857,0.35,0.0,29.820429701252063,18.483333333333334,19,4,15,3.317835347422723,0.8294588368556808,126.18776635541926,60.0,1800.0,0.0,0.0,0.0,21.334564200020395,0.0,0.0,126.18776635541926,1800.0,116.54078355539909,1378.5071415720445,,,,False,False,not_attempted,0,0,0,0,38,0,0.0,159.3937279797795,1716.0,False,,,False,6,0
pso,static_live,30,1800.0,30.0,6,recovering,recovering,7 11 57 73,3397,2.857142857142857,0.35,0.0,29.820429701252063,18.5,15,3,12,2.3166683826049854,0.7722227942016618,128.50443473802423,60.0,1860.0,0.0,0.0,0.0,21.334564200020395,0.0,0.0,128.50443473802423,1860.0,113.29569057425005,1378.5071415720445,,,,False,False,not_attempted,0,0,0,0,21,2,0.09523809523809523,158.65634990359757,1716.0,False,,,False,4,0
pso,static_live,31,1860.0,31.0,6,recovering,recovering,7 11 57 73,3397,2.6595744680851063,0.376,0.04,30.27980488269011,18.516666666666666,12,2,10,4.4908440729805195,2.2454220364902597,132.99527881100474,60.0,1920.0,0.0,0.0,0.0,21.334564200020395,0.0,0.0,132.99527881100474,1920.0,104.46267339835009,1336.3213735392972,,,,False,False,not_attempted,0,0,0,0,13,3,0.23076923076923078,156.28319619041253,1716.0,False,,,False,4,0
pso,static_live,32,1920.0,32.0,6,recovering,recovering,7 11 57 73,3397,2.4875621890547266,0.40199999999999997,0.08,30.691440450918655,18.533333333333335,10,2,8,2.5328885737005473,1.2664442868502737,135.52816738470528,60.0,1980.0,0.0,0.0,0.0,21.334564200020395,0.0,0.0,135.52816738470528,1980.0,95.17723080262179,1274.463379931313,,,,False,False,not_attempted,0,0,0,0,15,4,0.26666666666666666,156.1898628570792,1842.0,False,,,False,4,0
pso,static_live,33,1980.0,33.0,6,recovering,recovering,7 11 57 73,3397,2.336448598130841,0.428,0.12,31.062410676936217,18.55,8,1,7,2.7442414010834795,2.7442414010834795,138.27240878578877,60.0,2040.0,0.0,0.0,0.0,21.334564200020395,0.0,0.0,138.27240878578877,2040.0,87.78207893561296,1201.539614383509,,,,False,False,not_attempted,0,0,0,0,14,3,0.21428571428571427,155.65220241163107,1842.0,False,,,False,3,0
pso,static_live,34,2040.0,34.0,6,recovering,recovering,7 11 57 73,3397,2.2026431718061676,0.45399999999999996,0.16,31.39845789284001,18.566666666666666,7,2,5,3.097775516845858,1.548887758422929,141.37018430263464,60.0,2100.0,0.0,0.0,0.0,21.334564200020395,0.0,0.0,141.37018430263464,2100.0,80.88697076074287,1126.8199609049975,,,,False,False,not_attempted,0,0,0,0,15,0,0.0,153.9006500697369,1991.0,False,,,False,3,0
pso,static_live,35,2100.0,35.0,7,recovering,recovering,7 11 57 73,3397,2.0833333333333335,0.48,0.2,31.70429187079012,18.583333333333332,5,0,5,3.2508499171734146,3.2508499171734146,144.62103421980805,60.0,2160.0,0.0,0.0,0.0,21.334564200020395,0.0,0.0,144.62103421980805,2160.0,74.39443772161489,1070.7851370740568,,,,False,False,not_attempted,0,0,0,0,13,1,0.07692307692307693,153.0151676071499,1991.0,False,,,False,2,0
pso,static_live,36,2160.0,36.0,7,recovering,recovering,7 11 57 73,3397,1.976284584980237,0.506,0.24,31.983811926372642,18.6,5,1,4,0.904110494100597,0.904110494100597,145.52514471390865,60.0,2220.0,0.0,0.0,0.0,21.334564200020395,0.0,0.0,145.52514471390865,2220.0,68.12049988401742,1005.3056583434857,,,,False,False,not_attempted,0,0,0,0,11,0,0.0,152.8411106227833,1991.0,False,,,False,2,0
pso,static_live,37,2220.0,37.0,7,recovering,recovering,7 11 57 73,3397,1.8796992481203008,0.532,0.28,32.24027405729201,18.616666666666667,4,0,4,0.6967856966551209,0.6967856966551209,146.22193041056377,60.0,2280.0,0.0,0.0,0.0,21.334564200020395,0.0,0.0,146.22193041056377,2280.0,64.37768598107,917.332384264082,,,,False,False,not_attempted,0,0,0,0,15,0,0.0,152.78781499236237,1991.0,False,,,False,2,0
pso,static_live,38,2280.0,38.0,7,recovering,recovering,7 11 57 73,3397,1.7921146953405016,0.558,0.32,32.47641835812188,18.633333333333333,4,0,4,1.0918552983376,1.0918552983376,147.31378570890138,60.0,2340.0,0.0,0.0,0.0,21.334564200020395,0.0,0.0,147.31378570890138,2340.0,61.102039457967166,870.5886228327988,,,,False,False,not_attempted,0,0,0,0,19,0,0.0,152.31354232815613,1991.0,False,,,False,2,0
pso,static_live,39,2340.0,39.0,7,recovering,recovering,7 11 57 73,3397,1.7123287671232879,0.584,0.36,32.69456730617113,18.65,4,0,4,1.2425154173554134,1.2425154173554134,148.55630112625678,60.0,2400.0,0.0,0.0,0.0,21.334564200020395,0.0,0.0,148.55630112625678,2400.0,57.46434611523997,802.1782893880354,,,,False,False,not_attempted,0,0,0,0,7,0,0.0,151.16436024413403,1991.0,False,,,False,1,0
pso,static_live,40,2400.0,40.0,8,recovering,recovering,7 11 57 73,3397,1.639344262295082,0.61,0.4,32.89670240247868,18.666666666666668,4,1,3,0.6011110762076414,0.6011110762076414,149.15741220246443,60.0,2460.0,0.0,0.0,0.0,21.334564200020395,0.0,0.0,149.15741220246443,2460.0,53.84788343254814,713.4893995254723,,,,False,False,not_attempted,0,0,0,0,3,0,0.0,150.5904104944801,1996.0,False,,,False,1,0
pso,static_live,41,2460.0,41.0,8,recovering,recovering,7 11 57 73,3397,1.572327044025157,0.636,0.44,33.084524532211674,18.683333333333334,3,0,3,0.7283185007799314,0.7283185007799314,149.88573070324435,60.0,2520.0,0.0,0.0,0.0,21.334564200020395,0.0,0.0,149.88573070324435,2520.0,51.14837370663039,684.0740224763715,,,,False,False,not_attempted,0,0,0,0,2,0,0.0,149.86209199370018,1996.0,False,,,False,1,0
pso,static_live,42,2520.0,42.0,8,recovering,recovering,7 11 57 73,3397,1.5105740181268883,0.6619999999999999,0.48,33.259501941339856,18.7,3,0,3,0.09333333333333332,0.09333333333333332,149.97906403657768,60.0,2580.0,0.0,0.0,0.0,21.334564200020395,0.0,0.0,149.97906403657768,2580.0,48.412527130124616,535.639409659196,,,,False,False,not_attempted,0,0,0,0,0,0,0.0,149.76875866036684,1996.0,False,,,False,1,0
pso,static_live,43,2580.0,43.0,8,recovering,recovering,7 11 57 73,3397,1.4534883720930234,0.688,0.52,33.4229086957123,18.716666666666665,3,1,2,0.6767534105952558,0.6767534105952558,150.65581744717295,60.0,2640.0,0.0,0.0,0.0,21.334564200020395,0.0,0.0,150.65581744717295,2640.0,46.57176786662582,533.0480975775788,,,,False,False,not_attempted,0,0,0,0,3,0,0.0,149.09200524977157,1996.0,False,,,False,1,0
pso,static_live,44,2640.0,44.0,8,recovering,recovering,7 11 57 73,3397,1.400560224089636,0.714,0.56,33.57585575481711,18.733333333333334,2,0,2,0.9668476715626808,0.9668476715626808,151.62266511873563,60.0,2700.0,0.0,0.0,0.0,21.334564200020395,0.0,0.0,151.62266511873563,2700.0,44.19230108243996,501.97517768104484,,,,False,False,not_attempted,0,0,0,0,3,0,0.0,148.1251575782089,1996.0,False,,,False,1,0
pso,static_live,45,2700.0,45.0,9,recovering,recovering,7 11 57 73,3397,1.3513513513513513,0.74,0.6,33.71931626348574,18.75,2,0,2,1.8652995200034181,1.8652995200034181,153.48796463873904,60.0,2760.0,0.0,0.0,0.0,21.334564200020395,0.0,0.0,153.48796463873904,2760.0,41.63268179980923,433.9741907489756,,,,False,False,not_attempted,0,0,0,0,7,0,0.0,146.25985805820548,1996.0,False,,,False,1,0
pso,static_live,46,2760.0,46.0,9,recovering,recovering,7 11 57 73,3397,1.3054830287206267,0.766,0.64,33.85414627899872,18.766666666666666,2,0,2,1.4544334152829759,1.4544334152829759,154.94239805402202,60.0,2820.0,0.0,0.0,0.0,21.334564200020395,0.0,0.0,154.94239805402202,2820.0,38.34209754798603,378.5508972722767,,,,False,False,not_attempted,0,0,0,0,26,0,0.0,144.8054246429224,1996.0,False,,,False,1,0
pso,static_live,47,2820.0,47.0,9,recovering,recovering,7 11 57 73,3397,1.2626262626262625,0.792,0.68,33.98110186663873,18.783333333333335,2,0,2,0.5065461006101144,0.5065461006101144,155.44894415463213,60.0,2880.0,0.0,0.0,0.0,21.334564200020395,0.0,0.0,155.44894415463213,2880.0,35.27750785472304,376.4294107462293,,,,False,False,not_attempted,0,0,0,0,13,0,0.0,144.29887854231228,1996.0,False,,,False,1,0
pso,static_live,48,2880.0,48.0,9,recovering,recovering,7 11 57 73,3397,1.2224938875305624,0.818,0.72,34.10085328495213,18.8,2,0,2,0.09333333333333332,0.09333333333333332,155.54227748796546,60.0,2940.0,0.0,0.0,0.0,21.334564200020395,0.0,0.0,155.54227748796546,2940.0,33.57227865442956,375.27293948642745,,,,False,False,not_attempted,0,0,0,0,0,0,0.0,144.20554520897895,1996.0,False,,,False,1,0
pso,static_live,49,2940.0,49.0,9,recovering,recovering,7 11 57 73,3397,1.1848341232227486,0.8440000000000001,0.76,34.21399682278319,18.816666666666666,2,1,1,1.2704342749174322,1.2704342749174322,156.81271176288288,60.0,3000.0,0.0,0.0,0.0,21.334564200020395,0.0,0.0,156.81271176288288,3000.0,32.28889909015535,339.4964226787588,,,,False,False,not_attempted,0,0,0,0,8,8,1.0,142.9351109340615,1996.0,False,,,False,1,0
pso,static_live,50,3000.0,50.0,10,recovering,recovering,7 11 57 73,3397,1.1494252873563218,0.87,0.8,34.321064729417685,18.833333333333332,1,0,1,0.09333333333333332,0.09333333333333332,156.90604509621622,60.0,3060.0,0.0,0.0,0.0,21.334564200020395,0.0,0.0,156.90604509621622,3060.0,29.794267471880023,336.8025988998316,,,,False,False,not_attempted,0,0,0,0,0,0,0.0,142.84177760072816,1996.0,False,,,False,0,0
pso,static_live,51,3060.0,51.0,10,recovering,recovering,7 11 57 73,3397,1.1160714285714286,0.896,0.84,34.422533586854556,18.85,1,1,0,27.00149212715201,27.00149212715201,183.90753722336822,375.5382079228979,3435.538207922898,0.0,0.0,0.0,21.334564200020395,0.0,0.0,183.90753722336822,3435.538207922898,28.795909561384324,334.26511310807433,,,,False,False,not_attempted,0,0,0,0,360,77,0.21388888888888888,141.1394920274656,1996.0,True,,,False,0,0
pso,static_frozen,0,0.0,0.0,0,normal,initial,7 11 57 73,0,1.0,1.0,0.0,34.78037077224997,18.0,84,0,84,17.41716950529079,17.41716950529079,17.41716950529079,60.0,60.0,9.01954150001984,12.315022700000554,21.334564200020395,21.334564200020395,0.0,0.0,17.41716950529079,60.0,151.37406968292143,2569.719418511708,,,,False,False,initial_plan,0,0,0,0,96,0,0.0,177.86965881732976,0.0,False,,,True,10,10
pso,static_frozen,1,60.0,1.0,0,normal,normal,7 11 57 73,0,1.0,1.0,0.0,34.78037077224997,18.016666666666666,84,0,84,2.9117287974767976,2.9117287974767976,20.328898302767588,60.0,120.0,0.0,0.0,0.0,21.334564200020395,0.0,0.0,20.328898302767588,120.0,133.1191070568551,2507.5518550268002,,,,False,False,not_attempted,0,0,0,0,47,0,0.0,177.4588955213837,0.0,False,,,False,10,10
pso,static_frozen,2,120.0,2.0,0,normal,normal,7 11 57 73,0,1.0,1.0,0.0,34.78037077224997,18.033333333333335,84,5,79,4.945953376604522,0.9891906753209044,25.27485167937211,60.0,180.0,0.0,0.0,0.0,21.334564200020395,0.0,0.0,25.27485167937211,180.0,129.7508783653988,2355.035662758609,,,,False,False,not_attempted,0,0,0,0,48,0,0.0,176.84027550943307,239.0,False,,,False,9,5
pso,static_frozen,3,180.0,3.0,0,normal,normal,7 11 57 73,0,1.0,1.0,0.0,34.78037077224997,18.05,79,3,76,5.2858708059973845,1.7619569353324616,30.560722485369492,60.0,240.0,0.0,0.0,0.0,21.334564200020395,0.0,0.0,30.560722485369492,240.0,125.54196401841551,2355.035662758609,,,,False,False,not_attempted,0,0,0,0,84,0,0.0,176.08417388140913,239.0,False,,,False,9,2
pso,static_frozen,4,240.0,4.0,0,normal,normal,7 11 57 73,0,1.0,1.0,0.0,34.78037077224997,18.066666666666666,76,0,76,4.768439454899793,4.768439454899793,35.32916194026929,60.0,300.0,0.0,0.0,0.0,21.334564200020395,0.0,0.0,35.32916194026929,300.0,119.70961591445298,2307.5810249028364,,,,False,False,not_attempted,0,0,0,0,69,0,0.0,174.23595111138894,239.0,False,,,False,9,2
pso,static_frozen,5,300.0,5.0,1,normal,normal,7 11 57 73,0,1.0,1.0,0.0,34.78037077224997,18.083333333333332,76,2,74,2.0331806617991015,1.0165903308995508,37.36234260206839,60.0,360.0,0.0,0.0,0.0,21.334564200020395,0.0,0.0,37.36234260206839,360.0,115.25900310952544,2179.6312187929043,,,,False,False,not_attempted,0,0,0,0,67,0,0.0,174.1426177780556,324.0,False,,,False,9,2
pso,static_frozen,6,360.0,6.0,1,normal,normal,7 11 57 73,0,1.0,1.0,0.0,34.78037077224997,18.1,74,4,70,2.8956701116039376,0.7239175279009844,40.25801271367233,60.0,420.0,0.0,0.0,0.0,21.334564200020395,0.0,0.0,40.25801271367233,420.0,113.42229091822706,2179.6312187929043,,,,False,False,not_attempted,0,0,0,0,34,0,0.0,173.80269504982573,430.0,False,,,False,9,1
pso,static_frozen,7,420.0,7.0,1,normal,normal,7 11 57 73,0,1.0,1.0,0.0,34.78037077224997,18.116666666666667,70,2,68,4.874305214044376,2.437152607022188,45.132317927716706,60.0,480.0,0.0,0.0,0.0,21.334564200020395,0.0,0.0,45.132317927716706,480.0,110.51467952032222,2149.403453117163,,,,False,False,not_attempted,0,0,0,0,51,0,0.0,171.7315048732715,430.0,False,,,False,9,0
pso,static_frozen,8,480.0,8.0,1,normal,normal,7 11 57 73,0,1.0,1.0,0.0,34.78037077224997,18.133333333333333,68,2,66,3.7435141569850514,1.8717570784925257,48.875832084701756,60.0,540.0,0.0,0.0,0.0,21.334564200020395,0.0,0.0,48.875832084701756,540.0,105.54802741137986,2029.403453117163,,,,False,False,not_attempted,0,0,0,0,78,0,0.0,171.63817153993816,451.0,False,,,False,8,0
pso,static_frozen,9,540.0,9.0,1,normal,normal,7 11 57 73,0,1.0,1.0,0.0,34.78037077224997,18.15,66,4,62,2.7954364093063027,0.6988591023265757,51.67126849400806,60.0,600.0,0.0,0.0,0.0,21.334564200020395,0.0,0.0,51.67126849400806,600.0,101.79424707515842,2029.403453117163,,,,False,False,not_attempted,0,0,0,0,21,0,0.0,171.54640459197284,647.0,False,,,False,8,0
pso,static_frozen,10,600.0,10.0,2,degrading,degrading,7 11 57 73,0,1.0,1.0,0.0,34.78037077224997,18.166666666666668,62,3,59,3.8765201157009246,1.2921733719003081,55.54778860970899,60.0,660.0,0.0,0.0,0.0,21.334564200020395,0.0,0.0,55.54778860970899,660.0,99.26036237241371,1901.7228863742832,,,,False,False,not_attempted,0,0,0,0,34,0,0.0,169.9139712245009,659.0,False,,,False,8,0
pso,static_frozen,11,660.0,11.0,2,degrading,degrading,7 11 57 73,3397,1.06951871657754,0.935,0.0,34.565163142647755,18.183333333333334,59,2,57,3.9549115326773028,1.9774557663386514,59.50270014238629,60.0,720.0,0.0,0.0,0.0,21.334564200020395,0.0,0.0,59.50270014238629,720.0,99.93986505468077,1923.931175699936,,,,False,False,not_attempted,0,0,0,0,48,11,0.22916666666666666,168.57396062756465,659.0,False,,,False,8,0
pso,static_frozen,12,720.0,12.0,2,degrading,degrading,7 11 57 73,3397,1.1494252873563218,0.87,0.0,34.321064729417685,18.2,57,2,55,1.3732022282893093,0.6866011141446546,60.8759023706756,60.0,780.0,0.0,0.0,0.0,21.334564200020395,0.0,0.0,60.8759023706756,780.0,101.18944879214614,1777.7053657596994,,,,False,False,not_attempted,0,0,0,0,23,0,0.0,168.36247255001456,751.0,False,,,False,8,0
pso,static_frozen,13,780.0,13.0,2,degrading,degrading,7 11 57 73,3397,1.2422360248447206,0.8049999999999999,0.0,34.04183921998553,18.216666666666665,55,4,51,2.5173760743466143,0.6293440185866536,63.39327844502221,60.0,840.0,0.0,0.0,0.0,21.334564200020395,0.0,0.0,63.39327844502221,840.0,105.40684483313787,1863.6572007615625,,,,False,False,not_attempted,0,0,0,0,28,1,0.03571428571428571,168.26913921668122,751.0,False,,,False,8,0
pso,static_frozen,14,840.0,14.0,2,degrading,degrading,7 11 57 73,3397,1.3513513513513513,0.74,0.0,33.71931626348574,18.233333333333334,51,2,49,1.3728056364980759,0.6864028182490379,64.76608408152029,60.0,900.0,0.0,0.0,0.0,21.334564200020395,0.0,0.0,64.76608408152029,900.0,109.34224837967574,1874.9855541396068,,,,False,False,not_attempted,0,0,0,0,18,6,0.3333333333333333,168.1532899592327,832.0,False,,,False,8,0
pso,static_frozen,15,900.0,15.0,3,degrading,degrading,7 11 57 73,3397,1.4814814814814814,0.675,0.0,33.34257871389501,18.25,49,2,47,3.2444750904995474,1.6222375452497737,68.01055917201984,60.0,960.0,0.0,0.0,0.0,21.334564200020395,0.0,0.0,68.01055917201984,960.0,115.79696111526219,1757.8478806951587,,,,False,False,not_attempted,0,0,0,0,56,11,0.19642857142857142,168.05995662589936,853.0,False,,,False,8,0
pso,static_frozen,16,960.0,16.0,3,degrading,degrading,7 11 57 73,3397,1.639344262295082,0.61,0.0,32.89670240247868,18.266666666666666,47,3,44,4.435839221463793,1.4786130738212642,72.44639839348363,60.0,1020.0,0.0,0.0,0.0,21.334564200020395,0.0,0.0,72.44639839348363,1020.0,121.24285362636537,1780.294118307079,,,,False,False,not_attempted,0,0,0,0,63,15,0.23809523809523808,167.68069826789986,968.0,False,,,False,8,0
pso,static_frozen,17,1020.0,17.0,3,degrading,degrading,7 11 57 73,3397,1.8348623853211008,0.545,0.0,32.36073198260743,18.283333333333335,44,2,42,5.8813573759139395,2.9406786879569697,78.32775576939757,60.0,1080.0,0.0,0.0,0.0,21.334564200020395,0.0,0.0,78.32775576939757,1080.0,126.03931262928857,1972.2060072582108,,,,False,False,not_attempted,0,0,0,0,48,12,0.25,166.5343355462216,1048.0,False,,,False,8,0
pso,static_frozen,18,1080.0,18.0,3,degrading,degrading,7 11 57 73,3397,2.0833333333333335,0.48,0.0,31.70429187079012,18.3,42,3,39,5.892830701189001,1.9642769003963336,84.22058647058657,60.0,1140.0,0.0,0.0,0.0,21.334564200020395,0.0,0.0,84.22058647058657,1140.0,130.7105473955473,1994.163212157958,,,,False,False,not_attempted,0,0,0,0,58,3,0.05172413793103448,165.5715141890801,1048.0,False,,,False,8,0
pso,static_frozen,19,1140.0,19.0,3,degrading,degrading,7 11 57 73,3397,2.409638554216868,0.4149999999999999,0.0,30.881622571183307,18.316666666666666,39,0,39,2.769629268405652,2.769629268405652,86.99021573899222,60.0,1200.0,0.0,0.0,0.0,21.334564200020395,0.0,0.0,86.99021573899222,1200.0,138.47589227676679,1905.4362682018962,,,,False,False,not_attempted,0,0,0,0,42,0,0.0,164.756575114568,1048.0,False,,,False,8,0
pso,static_frozen,20,1200.0,20.0,4,disrupted,holding,7 11 57 73,3397,2.857142857142857,0.35,0.0,29.820429701252063,18.333333333333332,39,2,37,5.5082461433041505,2.7541230716520753,92.49846188229637,60.0,1260.0,0.0,0.0,0.0,21.334564200020395,0.0,0.0,92.49846188229637,1260.0,153.6083505738474,1994.2120479708333,,,,False,False,not_attempted,0,0,0,0,25,6,0.24,164.3302070862583,1136.0,False,,,False,8,0
pso,static_frozen,21,1260.0,21.0,4,disrupted,disrupted,7 11 57 73,3397,2.857142857142857,0.35,0.0,29.820429701252063,18.35,37,2,35,5.366801782428554,2.683400891214277,97.86526366472492,60.0,1320.0,0.0,0.0,0.0,21.334564200020395,0.0,0.0,97.86526366472492,1320.0,150.04312066319613,1964.4813179583548,,,,False,False,not_attempted,0,0,0,0,44,8,0.18181818181818182,162.22559652589402,1269.0,False,,,False,8,0
pso,static_frozen,22,1320.0,22.0,4,disrupted,disrupted,7 11 57 73,3397,2.857142857142857,0.35,0.0,29.820429701252063,18.366666666666667,35,2,33,4.897626954814514,2.448813477407257,102.76289061953943,60.0,1380.0,0.0,0.0,0.0,21.334564200020395,0.0,0.0,102.76289061953943,1380.0,144.6456066848761,1823.1771044700286,,,,False,False,not_attempted,0,0,0,0,38,6,0.15789473684210525,161.36940432695118,1308.0,False,,,False,8,0
pso,static_frozen,23,1380.0,23.0,4,disrupted,disrupted,7 11 57 73,3397,2.857142857142857,0.35,0.0,29.820429701252063,18.383333333333333,33,2,31,6.4385759799366475,3.2192879899683238,109.20146659947608,60.0,1440.0,0.0,0.0,0.0,21.334564200020395,0.0,0.0,109.20146659947608,1440.0,140.59766933277754,1823.1771044700286,,,,False,False,not_attempted,0,0,0,0,16,10,0.625,159.42292343111578,1308.0,False,,,False,8,0
pso,static_frozen,24,1440.0,24.0,4,disrupted,disrupted,7 11 57 73,3397,2.857142857142857,0.35,0.0,29.820429701252063,18.4,31,2,29,3.0363976153859524,1.5181988076929762,112.23786421486203,60.0,1500.0,0.0,0.0,0.0,21.334564200020395,0.0,0.0,112.23786421486203,1500.0,133.30450548005817,1722.0224787753573,,,,False,False,not_attempted,0,0,0,0,45,0,0.0,159.32959009778244,1362.0,False,,,False,8,0
pso,static_frozen,25,1500.0,25.0,5,disrupted,disrupted,7 11 57 73,3397,2.857142857142857,0.35,0.0,29.820429701252063,18.416666666666668,29,3,26,4.31878899983569,1.4395963332785635,116.55665321469772,60.0,1560.0,0.0,0.0,0.0,21.334564200020395,0.0,0.0,116.55665321469772,1560.0,131.36710373579024,1722.0224787753573,,,,False,False,not_attempted,0,0,0,0,22,2,0.09090909090909091,158.48549131011367,1407.0,False,,,False,8,0
pso,static_frozen,26,1560.0,26.0,5,disrupted,disrupted,7 11 57 73,3397,2.857142857142857,0.35,0.0,29.820429701252063,18.433333333333334,26,3,23,4.04686507194689,1.3489550239822965,120.6035182866446,60.0,1620.0,0.0,0.0,0.0,21.334564200020395,0.0,0.0,120.6035182866446,1620.0,127.18832219224915,1570.1416162057549,,,,False,False,not_attempted,0,0,0,0,22,2,0.09090909090909091,156.69134997606213,1577.0,False,,,False,8,0
pso,static_frozen,27,1620.0,27.0,5,disrupted,disrupted,7 11 57 73,3397,2.857142857142857,0.35,0.0,29.820429701252063,18.45,23,2,21,2.8117669727596724,1.4058834863798362,123.41528525940427,60.0,1680.0,0.0,0.0,0.0,21.334564200020395,0.0,0.0,123.41528525940427,1680.0,122.8744203302577,1570.1416162057549,,,,False,False,not_attempted,0,0,0,0,60,1,0.016666666666666666,156.17763182290082,1577.0,False,,,False,8,0
pso,static_frozen,28,1680.0,28.0,5,disrupted,disrupted,7 11 57 73,3397,2.857142857142857,0.35,0.0,29.820429701252063,18.466666666666665,21,3,18,3.8671547962359982,1.2890515987453328,127.28244005564027,60.0,1740.0,0.0,0.0,0.0,21.334564200020395,0.0,0.0,127.28244005564027,1740.0,119.95554454515536,1538.5091351098208,,,,False,False,not_attempted,0,0,0,0,16,2,0.125,156.0842984895675,1617.0,False,,,False,7,0
pso,static_frozen,29,1740.0,29.0,5,disrupted,disrupted,7 11 57 73,3397,2.857142857142857,0.35,0.0,29.820429701252063,18.483333333333334,18,4,14,4.3354917642939945,1.0838729410734986,131.61793181993426,60.0,1800.0,0.0,0.0,0.0,21.334564200020395,0.0,0.0,131.61793181993426,1800.0,115.9106974456491,1378.5071415720445,,,,False,False,not_attempted,0,0,0,0,46,0,0.0,154.91910660072293,1716.0,False,,,False,6,0
pso,static_frozen,30,1800.0,30.0,6,recovering,recovering,7 11 57 73,3397,2.857142857142857,0.35,0.0,29.820429701252063,18.5,14,2,12,4.42574726808771,2.212873634043855,136.04367908802197,60.0,1860.0,0.0,0.0,0.0,21.334564200020395,0.0,0.0,136.04367908802197,1860.0,112.01376988884815,1378.5071415720445,,,,False,False,not_attempted,0,0,0,0,24,4,0.16666666666666666,152.97376670020054,1716.0,False,,,False,4,0
pso,static_frozen,31,1860.0,31.0,6,recovering,recovering,7 11 57 73,3397,2.6595744680851063,0.376,0.04,30.27980488269011,18.516666666666666,12,2,10,11.812333560456912,5.906166780228456,147.8560126484789,60.0,1920.0,0.0,0.0,0.0,21.334564200020395,0.0,0.0,147.8560126484789,1920.0,103.99992272828223,1366.2903744020732,,,,False,False,not_attempted,0,0,0,0,11,11,1.0,149.2280439521711,1716.0,False,,,False,4,0
pso,static_frozen,32,1920.0,32.0,6,recovering,recovering,7 11 57 73,3397,2.4875621890547266,0.40199999999999997,0.08,30.691440450918655,18.533333333333335,10,3,7,3.9670407992170538,1.3223469330723512,151.82305344769594,60.0,1980.0,0.0,0.0,0.0,21.334564200020395,0.0,0.0,151.82305344769594,1980.0,89.22029978781056,853.629128574486,,,,False,False,not_attempted,0,0,0,0,22,5,0.22727272727272727,146.93555594315438,1842.0,False,,,False,4,0
pso,static_frozen,33,1980.0,33.0,6,recovering,recovering,7 11 57 73,3397,2.336448598130841,0.428,0.12,31.062410676936217,18.55,7,0,7,2.4318519256389566,2.4318519256389566,154.2549053733349,60.0,2040.0,0.0,0.0,0.0,21.334564200020395,0.0,0.0,154.2549053733349,2040.0,80.19609568938486,728.3649747456365,,,,False,False,not_attempted,0,0,0,0,3,2,0.6666666666666666,145.02775919226139,1842.0,False,,,False,3,0
pso,static_frozen,34,2040.0,34.0,6,recovering,recovering,7 11 57 73,3397,2.2026431718061676,0.45399999999999996,0.16,31.39845789284001,18.566666666666666,7,2,5,0.45834492136016347,0.22917246068008174,154.71325029469506,60.0,2100.0,0.0,0.0,0.0,21.334564200020395,0.0,0.0,154.71325029469506,2100.0,74.21976527774795,703.1599472950363,,,,False,False,not_attempted,0,0,0,0,2,0,0.0,144.93442585892805,1991.0,False,,,False,2,0
pso,static_frozen,35,2100.0,35.0,7,recovering,recovering,7 11 57 73,3397,2.0833333333333335,0.48,0.2,31.70429187079012,18.583333333333332,5,2,3,1.2175073927140594,0.6087536963570297,155.9307576874091,60.0,2160.0,0.0,0.0,0.0,21.334564200020395,0.0,0.0,155.9307576874091,2160.0,70.41829590355532,704.0932359065808,,,,False,False,not_attempted,0,0,0,0,5,3,0.6,144.4790519653074,1991.0,False,,,False,2,0
pso,static_frozen,36,2160.0,36.0,7,recovering,recovering,7 11 57 73,3397,1.976284584980237,0.506,0.24,31.983811926372642,18.6,3,0,3,3.383735364539395,3.383735364539395,159.31449305194852,60.0,2220.0,0.0,0.0,0.0,21.334564200020395,0.0,0.0,159.31449305194852,2220.0,69.11689070349598,762.6860619737681,,,,False,False,not_attempted,0,0,0,0,13,12,0.9230769230769231,142.76003123016167,1991.0,False,,,False,2,0
pso,static_frozen,37,2220.0,37.0,7,recovering,recovering,7 11 57 73,3397,1.8796992481203008,0.532,0.28,32.24027405729201,18.616666666666667,3,0,3,5.694196710526677,5.694196710526677,165.0086897624752,60.0,2280.0,0.0,0.0,0.0,21.334564200020395,0.0,0.0,165.0086897624752,2280.0,64.6130697573809,702.691170471946,,,,False,False,not_attempted,0,0,0,0,17,16,0.9411764705882353,140.0429225894345,1991.0,False,,,False,2,0
pso,static_frozen,38,2280.0,38.0,7,recovering,recovering,7 11 57 73,3397,1.7921146953405016,0.558,0.32,32.47641835812188,18.633333333333333,3,0,3,4.177202281782928,4.177202281782928,169.18589204425814,60.0,2340.0,0.0,0.0,0.0,21.334564200020395,0.0,0.0,169.18589204425814,2340.0,56.92137098047697,590.4362220176704,,,,False,False,not_attempted,0,0,0,0,28,7,0.25,138.78305303633937,1991.0,False,,,False,2,0
pso,static_frozen,39,2340.0,39.0,7,recovering,recovering,7 11 57 73,3397,1.7123287671232879,0.584,0.36,32.69456730617113,18.65,3,0,3,0.22166015872178219,0.22166015872178219,169.40755220297993,60.0,2400.0,0.0,0.0,0.0,21.334564200020395,0.0,0.0,169.40755220297993,2400.0,51.0019647401963,509.39828239878284,,,,False,False,not_attempted,0,0,0,0,4,0,0.0,138.6913668483823,1991.0,False,,,False,2,0
pso,static_frozen,40,2400.0,40.0,8,recovering,recovering,7 11 57 73,3397,1.639344262295082,0.61,0.4,32.89670240247868,18.666666666666668,3,0,3,0.5146048072905582,0.5146048072905582,169.9221570102705,60.0,2460.0,0.0,0.0,0.0,21.334564200020395,0.0,0.0,169.9221570102705,2460.0,48.32938118327314,398.9242086112612,,,,False,False,not_attempted,0,0,0,0,8,0,0.0,138.27009537442507,1991.0,False,,,False,1,0
pso,static_frozen,41,2460.0,41.0,8,recovering,recovering,7 11 57 73,3397,1.572327044025157,0.636,0.44,33.084524532211674,18.683333333333334,3,1,2,0.7972625134807269,0.7972625134807269,170.7194195237512,60.0,2520.0,0.0,0.0,0.0,21.334564200020395,0.0,0.0,170.7194195237512,2520.0,45.77883390019427,385.35387763790845,,,,False,False,not_attempted,0,0,0,0,16,0,0.0,137.4745248057832,1996.0,False,,,False,1,0
pso,static_frozen,42,2520.0,42.0,8,recovering,recovering,7 11 57 73,3397,1.5105740181268883,0.6619999999999999,0.48,33.259501941339856,18.7,2,0,2,0.09333333333333332,0.09333333333333332,170.81275285708455,60.0,2580.0,0.0,0.0,0.0,21.334564200020395,0.0,0.0,170.81275285708455,2580.0,42.85519050163619,383.57437668669746,,,,False,False,not_attempted,0,0,0,0,0,0,0.0,137.38119147244987,1996.0,False,,,False,1,0
pso,static_frozen,43,2580.0,43.0,8,recovering,recovering,7 11 57 73,3397,1.4534883720930234,0.688,0.52,33.4229086957123,18.716666666666665,2,1,1,1.943751105200744,1.943751105200744,172.75650396228528,60.0,2640.0,0.0,0.0,0.0,21.334564200020395,0.0,0.0,172.75650396228528,2640.0,41.01443123813739,381.9293729004036,,,,False,False,not_attempted,0,0,0,0,11,11,1.0,135.43744036724914,1996.0,False,,,False,1,0
pso,static_frozen,44,2640.0,44.0,8,recovering,recovering,7 11 57 73,3397,1.400560224089636,0.714,0.56,33.57585575481711,18.733333333333334,1,0,1,0.1723805395738433,0.1723805395738433,172.92888450185913,60.0,2700.0,0.0,0.0,0.0,21.334564200020395,0.0,0.0,172.92888450185913,2700.0,37.61800384647176,380.40417331143095,,,,False,False,not_attempted,0,0,0,0,0,0,0.0,135.2650598276753,1996.0,False,,,False,1,0
pso,static_frozen,45,2700.0,45.0,9,recovering,recovering,7 11 57 73,3397,1.3513513513513513,0.74,0.6,33.71931626348574,18.75,1,0,1,0.09333333333333332,0.09333333333333332,173.02221783519246,60.0,2760.0,0.0,0.0,0.0,21.334564200020395,0.0,0.0,173.02221783519246,2760.0,35.96005714689331,378.98614990979144,,,,False,False,not_attempted,0,0,0,0,0,0,0.0,135.17172649434195,1996.0,False,,,False,0,0
pso,static_frozen,46,2760.0,46.0,9,recovering,recovering,7 11 57 73,3397,1.3054830287206267,0.766,0.64,33.85414627899872,18.766666666666666,1,1,0,31.582787390176577,31.582787390176577,204.60500522536904,334.7908327905809,3094.790832790581,0.0,0.0,0.0,21.334564200020395,0.0,0.0,204.60500522536904,3094.790832790581,34.59225754683826,377.6643891933809,,,,False,False,not_attempted,0,0,0,0,360,104,0.28888888888888886,133.02993965709888,1996.0,True,,,False,0,0
ga,adaptive,0,0.0,0.0,0,normal,initial,7 11 57 73,0,1.0,1.0,0.0,34.78037077224997,18.0,84,0,84,17.649882122789972,17.649882122789972,17.649882122789972,60.0,60.0,8.482715899939649,17.265034900046885,25.747750799986534,25.747750799986534,0.0,0.0,17.649882122789972,60.0,137.0202222079973,2575.791665618115,,,,False,False,initial_plan,0,0,0,0,110,0,0.0,177.61134889028398,0.0,False,,,True,10,10
ga,adaptive,1,60.0,1.0,0,normal,normal,7 11 57 73,0,1.0,1.0,0.0,34.78037077224997,18.016666666666666,84,0,84,3.860832221189131,3.860832221189131,21.510714343979103,60.0,120.0,0.0,0.0,0.0,25.747750799986534,0.0,0.0,21.510714343979103,120.0,118.33481725358962,2408.508397267874,,,,False,False,not_attempted,0,0,0,0,48,0,0.0,176.09020652430007,0.0,False,,,False,10,10
ga,adaptive,2,120.0,2.0,0,normal,normal,7 11 57 73,0,1.0,1.0,0.0,34.78037077224997,18.033333333333335,84,5,79,5.469586054369472,1.0939172108738944,26.980300398348575,60.0,180.0,0.0,0.0,0.0,25.747750799986534,0.0,0.0,26.980300398348575,180.0,114.32039977398952,2408.508397267874,,,,False,False,not_attempted,0,0,0,0,54,0,0.0,174.7596401655785,230.0,False,,,False,10,5
ga,adaptive,3,180.0,3.0,0,normal,normal,7 11 57 73,0,1.0,1.0,0.0,34.78037077224997,18.05,79,2,77,7.011609396691212,3.505804698345606,33.99190979503979,60.0,240.0,0.0,0.0,0.0,25.747750799986534,0.0,0.0,33.99190979503979,240.0,109.00105004153725,2395.4649197227227,,,,False,False,not_attempted,0,0,0,0,102,0,0.0,174.34235459366602,230.0,False,,,False,10,3
ga,adaptive,4,240.0,4.0,0,normal,normal,7 11 57 73,0,1.0,1.0,0.0,34.78037077224997,18.066666666666666,77,0,77,7.1547879192985535,7.1547879192985535,41.146697714338345,60.0,300.0,0.0,0.0,0.0,25.747750799986534,0.0,0.0,41.146697714338345,300.0,102.22978058226929,2222.1724931702206,,,,False,False,not_attempted,0,0,0,0,63,0,0.0,173.4394704160569,230.0,False,,,False,10,3
ga,adaptive,5,300.0,5.0,1,normal,normal,7 11 57 73,0,1.0,1.0,0.0,34.78037077224997,18.083333333333332,77,3,74,2.675963325709791,0.891987775236597,43.82266104004813,60.0,360.0,10.703756800037809,1246.1673493999988,1256.8711062000366,1282.6188570000231,0.0,0.0,43.82266104004813,360.0,95.1717140869908,2222.1724931702206,95.1717140869908,106.01582479873737,-10.844110711746566,True,False,incumbent_not_worse,6,37,0,0,34,0,0.0,173.10775928116314,402.0,False,,,True,10,2
ga,adaptive,6,360.0,6.0,1,normal,normal,7 11 57 73,0,1.0,1.0,0.0,34.78037077224997,18.1,74,2,72,2.766193936465484,1.383096968232742,46.588854976513616,60.0,420.0,0.0,0.0,0.0,1282.6188570000231,0.0,0.0,46.588854976513616,420.0,92.60410325990152,2214.6116397759683,,,,False,False,not_attempted,0,0,0,0,81,0,0.0,173.0144259478298,422.0,False,,,False,10,1
ga,adaptive,7,420.0,7.0,1,normal,normal,7 11 57 73,0,1.0,1.0,0.0,34.78037077224997,18.116666666666667,72,4,68,4.347192794898818,1.0867981987247044,50.93604777141243,60.0,480.0,0.0,0.0,0.0,1282.6188570000231,0.0,0.0,50.93604777141243,480.0,89.92368642949396,2148.2053198083527,,,,False,False,not_attempted,0,0,0,0,87,0,0.0,171.7315048732715,422.0,False,,,False,10,0
ga,adaptive,8,480.0,8.0,1,normal,normal,7 11 57 73,0,1.0,1.0,0.0,34.78037077224997,18.133333333333333,68,2,66,2.5250093236515756,1.2625046618257878,53.46105709506401,60.0,540.0,0.0,0.0,0.0,1282.6188570000231,0.0,0.0,53.46105709506401,540.0,85.28714308081315,2087.667082619376,,,,False,False,not_attempted,0,0,0,0,64,0,0.0,171.63817153993816,647.0,False,,,False,10,0
ga,adaptive,9,540.0,9.0,1,normal,normal,7 11 57 73,0,1.0,1.0,0.0,34.78037077224997,18.15,66,4,62,3.0619730013422446,0.7654932503355611,56.52303009640625,60.0,600.0,0.0,0.0,0.0,1282.6188570000231,0.0,0.0,56.52303009640625,600.0,82.77007440456873,1959.541901191854,,,,False,False,not_attempted,0,0,0,0,70,0,0.0,171.54640459197284,647.0,False,,,False,10,0
ga,adaptive,10,600.0,10.0,2,degrading,degrading,7 11 57 73,0,1.0,1.0,0.0,34.78037077224997,18.166666666666668,62,3,59,4.390709018242486,1.4635696727474954,60.913739114648735,60.0,660.0,5.789997521787882e-05,512.9175364000257,512.9175943000009,1795.536451300024,0.0,0.0,60.913739114648735,660.0,80.09411359828835,1959.541901191854,80.09411359828835,98.66077012937346,-18.566656531085115,True,False,incumbent_not_worse,6,35,0,0,80,0,0.0,171.29011539682318,647.0,False,,,True,10,0
ga,adaptive,11,660.0,11.0,2,degrading,degrading,7 11 57 73,3397,1.06951871657754,0.935,0.0,34.565163142647755,18.183333333333334,59,1,58,2.5435564998420985,2.5435564998420985,63.45729561449083,60.0,720.0,0.0,0.0,0.0,1795.536451300024,0.0,0.0,63.45729561449083,720.0,77.88241726372377,1904.7006601594962,,,,False,False,not_attempted,0,0,0,0,48,0,0.0,171.00102300959978,647.0,False,,,False,9,0
ga,adaptive,12,720.0,12.0,2,degrading,degrading,7 11 57 73,3397,1.1494252873563218,0.87,0.0,34.321064729417685,18.2,58,4,54,2.6601251416679803,0.6650312854169951,66.11742075615881,60.0,780.0,0.0,0.0,0.0,1795.536451300024,0.0,0.0,66.11742075615881,780.0,79.11242931311006,1800.2308427456971,,,,False,False,not_attempted,0,0,0,0,30,3,0.1,169.9712503230566,647.0,False,,,False,8,0
ga,adaptive,13,780.0,13.0,2,degrading,degrading,7 11 57 73,3397,1.2422360248447206,0.8049999999999999,0.0,34.04183921998553,18.216666666666665,54,2,52,2.7842098658841223,1.3921049329420612,68.90163062204293,60.0,840.0,0.0,0.0,0.0,1795.536451300024,0.0,0.0,68.90163062204293,840.0,80.81011450630373,1805.8609673403848,,,,False,False,not_attempted,0,0,0,0,39,0,0.0,168.6873506151558,822.0,False,,,False,8,0
ga,adaptive,14,840.0,14.0,2,degrading,degrading,7 11 57 73,3397,1.3513513513513513,0.74,0.0,33.71931626348574,18.233333333333334,52,3,49,2.289819483354234,0.763273161118078,71.19145010539717,60.0,900.0,0.0,0.0,0.0,1795.536451300024,0.0,0.0,71.19145010539717,900.0,82.85309745555651,1692.480167877383,,,,False,False,not_attempted,0,0,0,0,31,5,0.16129032258064516,168.44749961377207,822.0,False,,,False,8,0
ga,adaptive,15,900.0,15.0,3,degrading,degrading,7 11 57 73,3397,1.4814814814814814,0.675,0.0,33.34257871389501,18.25,49,3,46,3.048312209670419,1.0161040698901396,74.23976231506758,60.0,960.0,10.387636699946597,668.641136799939,679.0287734998856,2474.5652247999096,0.0,0.0,74.23976231506758,960.0,86.41867202378384,1700.3741774066916,86.41867202378384,91.81120521872758,-5.392533194943738,True,False,incumbent_not_worse,7,25,0,0,51,4,0.0784313725490196,168.39759137099304,822.0,False,,,True,8,0
ga,adaptive,16,960.0,16.0,3,degrading,degrading,7 11 57 73,3397,1.639344262295082,0.61,0.0,32.89670240247868,18.266666666666666,46,1,45,3.8636918221823704,3.8636918221823704,78.10345413724995,60.0,1020.0,0.0,0.0,0.0,2474.5652247999096,0.0,0.0,78.10345413724995,1020.0,90.11322877336231,1652.3332186286586,,,,False,False,not_attempted,0,0,0,0,51,7,0.13725490196078433,167.6687585637565,822.0,False,,,False,8,0
ga,adaptive,17,1020.0,17.0,3,degrading,degrading,7 11 57 73,3397,1.8348623853211008,0.545,0.0,32.36073198260743,18.283333333333335,45,2,43,3.3495996283471916,1.6747998141735958,81.45305376559715,60.0,1080.0,0.0,0.0,0.0,2474.5652247999096,0.0,0.0,81.45305376559715,1080.0,93.1717509127027,1605.7605750522648,,,,False,False,not_attempted,0,0,0,0,44,5,0.11363636363636363,166.51995681821958,822.0,False,,,False,8,0
ga,adaptive,18,1080.0,18.0,3,degrading,degrading,7 11 57 73,3397,2.0833333333333335,0.48,0.0,31.70429187079012,18.3,43,3,40,4.939103572061822,1.6463678573539406,86.39215733765897,60.0,1140.0,0.0,0.0,0.0,2474.5652247999096,0.0,0.0,86.39215733765897,1140.0,98.25341550355857,1560.049766708323,,,,False,False,not_attempted,0,0,0,0,28,5,0.17857142857142858,165.6330132478903,943.0,False,,,False,8,0
ga,adaptive,19,1140.0,19.0,3,degrading,degrading,7 11 57 73,3397,2.409638554216868,0.4149999999999999,0.0,30.881622571183307,18.316666666666666,40,2,38,1.8296031311190806,0.9148015655595403,88.22176046877806,60.0,1200.0,0.0,0.0,0.0,2474.5652247999096,0.0,0.0,88.22176046877806,1200.0,104.22731055920376,1518.1494263103166,,,,False,False,not_attempted,0,0,0,0,23,1,0.043478260869565216,165.53967991455696,967.0,False,,,False,8,0
ga,adaptive,20,1200.0,20.0,4,disrupted,holding,7 11 57 73,3397,2.857142857142857,0.35,0.0,29.820429701252063,18.333333333333332,38,3,35,4.992402509458966,1.6641341698196552,93.21416297823703,60.0,1260.0,10.29694579995703,314.8762276999187,325.1731734998757,2799.7383982997853,0.0,0.0,93.21416297823703,1260.0,117.07247303532938,1425.2961234524146,117.07247303532938,117.3905474834357,-0.3180744481063158,True,False,incumbent_not_worse,4,15,0,0,23,3,0.13043478260869565,163.69666072700358,1016.0,False,,,True,8,0
ga,adaptive,21,1260.0,21.0,4,disrupted,disrupted,7 11 57 73,3397,2.857142857142857,0.35,0.0,29.820429701252063,18.35,35,2,33,4.437594015975236,2.218797007987618,97.65175699421226,60.0,1320.0,0.0,0.0,0.0,2799.7383982997853,0.0,0.0,97.65175699421226,1320.0,111.3705243392832,1425.2961234524146,,,,False,False,not_attempted,0,0,0,0,42,1,0.023809523809523808,163.03059203644227,1016.0,False,,,False,8,0
ga,adaptive,22,1320.0,22.0,4,disrupted,disrupted,7 11 57 73,3397,2.857142857142857,0.35,0.0,29.820429701252063,18.366666666666667,33,3,30,3.6048545793317373,1.2016181931105792,101.256611573544,60.0,1380.0,0.0,0.0,0.0,2799.7383982997853,0.0,0.0,101.256611573544,1380.0,106.66426333727989,1248.50280815703,,,,False,False,not_attempted,0,0,0,0,34,1,0.029411764705882353,162.93725870310894,1118.0,False,,,False,8,0
ga,adaptive,23,1380.0,23.0,4,disrupted,disrupted,7 11 57 73,3397,2.857142857142857,0.35,0.0,29.820429701252063,18.383333333333333,30,3,27,2.721880356171096,0.9072934520570319,103.9784919297151,60.0,1440.0,0.0,0.0,0.0,2799.7383982997853,0.0,0.0,103.9784919297151,1440.0,103.3191741790062,1248.50280815703,,,,False,False,not_attempted,0,0,0,0,9,0,0.0,162.27605910656777,1168.0,False,,,False,8,0
ga,adaptive,24,1440.0,24.0,4,disrupted,disrupted,7 11 57 73,3397,2.857142857142857,0.35,0.0,29.820429701252063,18.4,27,4,23,3.0962952229121967,0.7740738057280492,107.0747871526273,60.0,1500.0,0.0,0.0,0.0,2799.7383982997853,0.0,0.0,107.0747871526273,1500.0,101.12372553569679,1245.944730654314,,,,False,False,not_attempted,0,0,0,0,35,0,0.0,162.18272577323444,1236.0,False,,,False,8,0
ga,adaptive,25,1500.0,25.0,5,disrupted,disrupted,7 11 57 73,3397,2.857142857142857,0.35,0.0,29.820429701252063,18.416666666666668,23,2,21,2.7015352024656645,1.3507676012328322,109.77632235509296,60.0,1560.0,5.5900076404213905e-05,36.85682910005562,36.856885000132024,2836.5952832999174,0.0,0.0,109.77632235509296,1560.0,96.67001996866088,914.2816102779668,98.11671843091771,96.67001996866088,1.4466984622568333,True,True,lower_residual_energy,5,8,5,8,35,3,0.08571428571428572,161.76916362250657,1236.0,False,,,True,7,0
ga,adaptive,26,1560.0,26.0,5,disrupted,disrupted,7 11 57 73,3397,2.857142857142857,0.35,0.0,29.820429701252063,18.433333333333334,21,3,18,5.362687018966685,1.7875623396555618,115.13900937405964,60.0,1620.0,0.0,0.0,0.0,2836.5952832999174,0.0,0.0,115.13900937405964,1620.0,93.44020857522503,899.5438700133004,,,,False,False,not_attempted,0,0,0,0,34,1,0.029411764705882353,159.25195733069478,1318.0,False,,,False,7,0
ga,adaptive,27,1620.0,27.0,5,disrupted,disrupted,7 11 57 73,3397,2.857142857142857,0.35,0.0,29.820429701252063,18.45,18,2,16,1.7823846247433366,0.8911923123716683,116.92139399880298,60.0,1680.0,0.0,0.0,0.0,2836.5952832999174,0.0,0.0,116.92139399880298,1680.0,88.45244884592074,839.4193516306852,,,,False,False,not_attempted,0,0,0,0,7,0,0.0,158.94295465440428,1318.0,False,,,False,6,0
ga,adaptive,28,1680.0,28.0,5,disrupted,disrupted,7 11 57 73,3397,2.857142857142857,0.35,0.0,29.820429701252063,18.466666666666665,16,3,13,1.631441479005006,0.543813826335002,118.55283547780799,60.0,1740.0,0.0,0.0,0.0,2836.5952832999174,0.0,0.0,118.55283547780799,1740.0,86.9548396056648,718.2944193810735,,,,False,False,not_attempted,0,0,0,0,9,0,0.0,158.84962132107094,1528.0,False,,,False,6,0
ga,adaptive,29,1740.0,29.0,5,disrupted,disrupted,7 11 57 73,3397,2.857142857142857,0.35,0.0,29.820429701252063,18.483333333333334,13,2,11,4.664288998514042,2.332144499257021,123.21712447632203,60.0,1800.0,0.0,0.0,0.0,2836.5952832999174,0.0,0.0,123.21712447632203,1800.0,84.79671506597936,718.2944193810735,,,,False,False,not_attempted,0,0,0,0,43,0,0.0,156.9266449745267,1528.0,False,,,False,4,0
ga,adaptive,30,1800.0,30.0,6,recovering,recovering,7 11 57 73,3397,2.857142857142857,0.35,0.0,29.820429701252063,18.5,11,3,8,4.438890959545676,1.4796303198485585,127.6560154358677,60.0,1860.0,5.879998207092285e-05,4.3222288999240845,4.3222876999061555,2840.9175709998235,0.0,0.0,127.6560154358677,1860.0,80.61817387834475,818.3241612234988,80.79952803534074,80.61817387834475,0.18135415699599378,True,True,lower_residual_energy,1,2,1,2,36,5,0.1388888888888889,155.99164489957928,1528.0,False,,,True,5,0
ga,adaptive,31,1860.0,31.0,6,recovering,recovering,7 11 57 73,3397,2.6595744680851063,0.376,0.04,30.27980488269011,18.516666666666666,8,1,7,4.255662414759499,4.255662414759499,131.9116778506272,60.0,1920.0,0.0,0.0,0.0,2840.9175709998235,0.0,0.0,131.9116778506272,1920.0,70.32540513257567,738.5109696480215,,,,False,False,not_attempted,0,0,0,0,22,6,0.2727272727272727,155.76778737976198,1589.0,False,,,False,4,0
ga,adaptive,32,1920.0,32.0,6,recovering,recovering,7 11 57 73,3397,2.4875621890547266,0.40199999999999997,0.08,30.691440450918655,18.533333333333335,7,2,5,7.099624987835093,3.5498124939175466,139.01130283846229,60.0,1980.0,0.0,0.0,0.0,2840.9175709998235,0.0,0.0,139.01130283846229,1980.0,61.63497064955758,673.7192058727002,,,,False,False,not_attempted,0,0,0,0,52,11,0.21153846153846154,155.24262520707651,1589.0,False,,,False,4,0
ga,adaptive,33,1980.0,33.0,6,recovering,recovering,7 11 57 73,3397,2.336448598130841,0.428,0.12,31.062410676936217,18.55,5,0,5,1.3510129444569052,1.3510129444569052,140.36231578291918,60.0,2040.0,0.0,0.0,0.0,2840.9175709998235,0.0,0.0,140.36231578291918,2040.0,51.99057556836674,618.666313787607,,,,False,False,not_attempted,0,0,0,0,62,0,0.0,154.88144666543528,1589.0,False,,,False,4,0
ga,adaptive,34,2040.0,34.0,6,recovering,recovering,7 11 57 73,3397,2.2026431718061676,0.45399999999999996,0.16,31.39845789284001,18.566666666666666,5,0,5,0.6531986718672691,0.6531986718672691,141.01551445478646,60.0,2100.0,0.0,0.0,0.0,2840.9175709998235,0.0,0.0,141.01551445478646,2100.0,47.53882048799043,554.2180461668422,,,,False,False,not_attempted,0,0,0,0,36,0,0.0,154.771845197335,1589.0,False,,,False,2,0
ga,adaptive,35,2100.0,35.0,7,recovering,recovering,7 11 57 73,3397,2.0833333333333335,0.48,0.2,31.70429187079012,18.583333333333332,5,2,3,0.6680167569528965,0.33400837847644826,141.68353121173936,60.0,2160.0,10.50555269990582,2.174533599987626,12.680086299893446,2853.597657299717,0.0,0.0,141.68353121173936,2160.0,44.38940609305832,490.9900067419918,44.38940609305832,44.38940609305832,0.0,True,False,incumbent_not_worse,0,0,0,0,23,0,0.0,154.67851186400168,1828.0,False,,,True,2,0
ga,adaptive,36,2160.0,36.0,7,recovering,recovering,7 11 57 73,3397,1.976284584980237,0.506,0.24,31.983811926372642,18.6,3,1,2,0.2635296730260418,0.2635296730260418,141.9470608847654,60.0,2220.0,0.0,0.0,0.0,2853.597657299717,0.0,0.0,141.9470608847654,2220.0,41.44114391886821,396.46889011559495,,,,False,False,not_attempted,0,0,0,0,7,0,0.0,154.52221318437734,1828.0,False,,,False,2,0
ga,adaptive,37,2220.0,37.0,7,recovering,recovering,7 11 57 73,3397,1.8796992481203008,0.532,0.28,32.24027405729201,18.616666666666667,2,0,2,0.542469968162502,0.542469968162502,142.48953085292789,60.0,2280.0,0.0,0.0,0.0,2853.597657299717,0.0,0.0,142.48953085292789,2280.0,38.988038007240796,357.83505260000004,,,,False,False,not_attempted,0,0,0,0,35,0,0.0,154.428879851044,1828.0,False,,,False,1,0
ga,adaptive,38,2280.0,38.0,7,recovering,recovering,7 11 57 73,3397,1.7921146953405016,0.558,0.32,32.47641835812188,18.633333333333333,2,1,1,0.5197180417728073,0.5197180417728073,143.0092488947007,60.0,2340.0,0.0,0.0,0.0,2853.597657299717,0.0,0.0,143.0092488947007,2340.0,36.64233973598558,301.50744334055696,,,,False,False,not_attempted,0,0,0,0,20,0,0.0,154.38791016808617,1828.0,False,,,False,1,0
ga,adaptive,39,2340.0,39.0,7,recovering,recovering,7 11 57 73,3397,1.7123287671232879,0.584,0.36,32.69456730617113,18.65,1,0,1,0.19314874052276018,0.19314874052276018,143.20239763522346,60.0,2400.0,0.0,0.0,0.0,2853.597657299717,0.0,0.0,143.20239763522346,2400.0,34.408253138204955,386.75296788488987,,,,False,False,not_attempted,0,0,0,0,23,0,0.0,154.38791016808617,1828.0,False,,,False,1,0
ga,adaptive,40,2400.0,40.0,8,recovering,recovering,7 11 57 73,3397,1.639344262295082,0.61,0.4,32.89670240247868,18.666666666666668,1,0,1,0.09333333333333332,0.09333333333333332,143.2957309685568,60.0,2460.0,0.0,0.0,0.0,2853.597657299717,0.0,0.0,143.2957309685568,2460.0,32.34386479681059,377.5043921688871,,,,False,False,not_attempted,0,0,0,0,0,0,0.0,154.38791016808617,1828.0,False,,,False,0,0
ga,adaptive,41,2460.0,41.0,8,recovering,recovering,7 11 57 73,3397,1.572327044025157,0.636,0.44,33.084524532211674,18.683333333333334,1,1,0,27.79011501938853,27.79011501938853,171.08584598794533,403.466238295384,2863.466238295384,0.0,0.0,0.0,2853.597657299717,0.0,0.0,171.08584598794533,2863.466238295384,30.78624422498941,369.0119893101674,,,,False,False,not_attempted,0,0,0,0,269,84,0.31226765799256506,151.39686354398825,1828.0,True,,,False,0,0
ga,static_live,0,0.0,0.0,0,normal,initial,7 11 57 73,0,1.0,1.0,0.0,34.78037077224997,18.0,84,0,84,17.649882122789972,17.649882122789972,17.649882122789972,60.0,60.0,8.482715899939649,17.265034900046885,25.747750799986534,25.747750799986534,0.0,0.0,17.649882122789972,60.0,137.0202222079973,2575.791665618115,,,,False,False,initial_plan,0,0,0,0,110,0,0.0,177.61134889028398,0.0,False,,,True,10,10
ga,static_live,1,60.0,1.0,0,normal,normal,7 11 57 73,0,1.0,1.0,0.0,34.78037077224997,18.016666666666666,84,0,84,3.860832221189131,3.860832221189131,21.510714343979103,60.0,120.0,0.0,0.0,0.0,25.747750799986534,0.0,0.0,21.510714343979103,120.0,118.33481725358962,2408.508397267874,,,,False,False,not_attempted,0,0,0,0,48,0,0.0,176.09020652430007,0.0,False,,,False,10,10
ga,static_live,2,120.0,2.0,0,normal,normal,7 11 57 73,0,1.0,1.0,0.0,34.78037077224997,18.033333333333335,84,5,79,5.469586054369472,1.0939172108738944,26.980300398348575,60.0,180.0,0.0,0.0,0.0,25.747750799986534,0.0,0.0,26.980300398348575,180.0,114.32039977398952,2408.508397267874,,,,False,False,not_attempted,0,0,0,0,54,0,0.0,174.7596401655785,230.0,False,,,False,10,5
ga,static_live,3,180.0,3.0,0,normal,normal,7 11 57 73,0,1.0,1.0,0.0,34.78037077224997,18.05,79,2,77,7.011609396691212,3.505804698345606,33.99190979503979,60.0,240.0,0.0,0.0,0.0,25.747750799986534,0.0,0.0,33.99190979503979,240.0,109.00105004153725,2395.4649197227227,,,,False,False,not_attempted,0,0,0,0,102,0,0.0,174.34235459366602,230.0,False,,,False,10,3
ga,static_live,4,240.0,4.0,0,normal,normal,7 11 57 73,0,1.0,1.0,0.0,34.78037077224997,18.066666666666666,77,0,77,7.1547879192985535,7.1547879192985535,41.146697714338345,60.0,300.0,0.0,0.0,0.0,25.747750799986534,0.0,0.0,41.146697714338345,300.0,102.22978058226929,2222.1724931702206,,,,False,False,not_attempted,0,0,0,0,63,0,0.0,173.4394704160569,230.0,False,,,False,10,3
ga,static_live,5,300.0,5.0,1,normal,normal,7 11 57 73,0,1.0,1.0,0.0,34.78037077224997,18.083333333333332,77,3,74,2.675963325709791,0.891987775236597,43.82266104004813,60.0,360.0,0.0,0.0,0.0,25.747750799986534,0.0,0.0,43.82266104004813,360.0,95.1717140869908,2222.1724931702206,,,,False,False,not_attempted,0,0,0,0,34,0,0.0,173.10775928116314,402.0,False,,,False,10,2
ga,static_live,6,360.0,6.0,1,normal,normal,7 11 57 73,0,1.0,1.0,0.0,34.78037077224997,18.1,74,2,72,2.766193936465484,1.383096968232742,46.588854976513616,60.0,420.0,0.0,0.0,0.0,25.747750799986534,0.0,0.0,46.588854976513616,420.0,92.60410325990152,2214.6116397759683,,,,False,False,not_attempted,0,0,0,0,81,0,0.0,173.0144259478298,422.0,False,,,False,10,1
ga,static_live,7,420.0,7.0,1,normal,normal,7 11 57 73,0,1.0,1.0,0.0,34.78037077224997,18.116666666666667,72,4,68,4.347192794898818,1.0867981987247044,50.93604777141243,60.0,480.0,0.0,0.0,0.0,25.747750799986534,0.0,0.0,50.93604777141243,480.0,89.92368642949396,2148.2053198083527,,,,False,False,not_attempted,0,0,0,0,87,0,0.0,171.7315048732715,422.0,False,,,False,10,0
ga,static_live,8,480.0,8.0,1,normal,normal,7 11 57 73,0,1.0,1.0,0.0,34.78037077224997,18.133333333333333,68,2,66,2.5250093236515756,1.2625046618257878,53.46105709506401,60.0,540.0,0.0,0.0,0.0,25.747750799986534,0.0,0.0,53.46105709506401,540.0,85.28714308081315,2087.667082619376,,,,False,False,not_attempted,0,0,0,0,64,0,0.0,171.63817153993816,647.0,False,,,False,10,0
ga,static_live,9,540.0,9.0,1,normal,normal,7 11 57 73,0,1.0,1.0,0.0,34.78037077224997,18.15,66,4,62,3.0619730013422446,0.7654932503355611,56.52303009640625,60.0,600.0,0.0,0.0,0.0,25.747750799986534,0.0,0.0,56.52303009640625,600.0,82.77007440456873,1959.541901191854,,,,False,False,not_attempted,0,0,0,0,70,0,0.0,171.54640459197284,647.0,False,,,False,10,0
ga,static_live,10,600.0,10.0,2,degrading,degrading,7 11 57 73,0,1.0,1.0,0.0,34.78037077224997,18.166666666666668,62,3,59,4.390709018242486,1.4635696727474954,60.913739114648735,60.0,660.0,0.0,0.0,0.0,25.747750799986534,0.0,0.0,60.913739114648735,660.0,80.09411359828835,1959.541901191854,,,,False,False,not_attempted,0,0,0,0,80,0,0.0,171.29011539682318,647.0,False,,,False,10,0
ga,static_live,11,660.0,11.0,2,degrading,degrading,7 11 57 73,3397,1.06951871657754,0.935,0.0,34.565163142647755,18.183333333333334,59,1,58,2.5435564998420985,2.5435564998420985,63.45729561449083,60.0,720.0,0.0,0.0,0.0,25.747750799986534,0.0,0.0,63.45729561449083,720.0,77.88241726372377,1904.7006601594962,,,,False,False,not_attempted,0,0,0,0,48,0,0.0,171.00102300959978,647.0,False,,,False,9,0
ga,static_live,12,720.0,12.0,2,degrading,degrading,7 11 57 73,3397,1.1494252873563218,0.87,0.0,34.321064729417685,18.2,58,4,54,2.6601251416679803,0.6650312854169951,66.11742075615881,60.0,780.0,0.0,0.0,0.0,25.747750799986534,0.0,0.0,66.11742075615881,780.0,79.11242931311006,1800.2308427456971,,,,False,False,not_attempted,0,0,0,0,30,3,0.1,169.9712503230566,647.0,False,,,False,8,0
ga,static_live,13,780.0,13.0,2,degrading,degrading,7 11 57 73,3397,1.2422360248447206,0.8049999999999999,0.0,34.04183921998553,18.216666666666665,54,2,52,2.7842098658841223,1.3921049329420612,68.90163062204293,60.0,840.0,0.0,0.0,0.0,25.747750799986534,0.0,0.0,68.90163062204293,840.0,80.81011450630373,1805.8609673403848,,,,False,False,not_attempted,0,0,0,0,39,0,0.0,168.6873506151558,822.0,False,,,False,8,0
ga,static_live,14,840.0,14.0,2,degrading,degrading,7 11 57 73,3397,1.3513513513513513,0.74,0.0,33.71931626348574,18.233333333333334,52,3,49,2.289819483354234,0.763273161118078,71.19145010539717,60.0,900.0,0.0,0.0,0.0,25.747750799986534,0.0,0.0,71.19145010539717,900.0,82.85309745555651,1692.480167877383,,,,False,False,not_attempted,0,0,0,0,31,5,0.16129032258064516,168.44749961377207,822.0,False,,,False,8,0
ga,static_live,15,900.0,15.0,3,degrading,degrading,7 11 57 73,3397,1.4814814814814814,0.675,0.0,33.34257871389501,18.25,49,3,46,3.048312209670419,1.0161040698901396,74.23976231506758,60.0,960.0,0.0,0.0,0.0,25.747750799986534,0.0,0.0,74.23976231506758,960.0,86.41867202378384,1700.3741774066916,,,,False,False,not_attempted,0,0,0,0,51,4,0.0784313725490196,168.39759137099304,822.0,False,,,False,8,0
ga,static_live,16,960.0,16.0,3,degrading,degrading,7 11 57 73,3397,1.639344262295082,0.61,0.0,32.89670240247868,18.266666666666666,46,1,45,3.8636918221823704,3.8636918221823704,78.10345413724995,60.0,1020.0,0.0,0.0,0.0,25.747750799986534,0.0,0.0,78.10345413724995,1020.0,90.11322877336231,1652.3332186286586,,,,False,False,not_attempted,0,0,0,0,51,7,0.13725490196078433,167.6687585637565,822.0,False,,,False,8,0
ga,static_live,17,1020.0,17.0,3,degrading,degrading,7 11 57 73,3397,1.8348623853211008,0.545,0.0,32.36073198260743,18.283333333333335,45,2,43,3.3495996283471916,1.6747998141735958,81.45305376559715,60.0,1080.0,0.0,0.0,0.0,25.747750799986534,0.0,0.0,81.45305376559715,1080.0,93.1717509127027,1605.7605750522648,,,,False,False,not_attempted,0,0,0,0,44,5,0.11363636363636363,166.51995681821958,822.0,False,,,False,8,0
ga,static_live,18,1080.0,18.0,3,degrading,degrading,7 11 57 73,3397,2.0833333333333335,0.48,0.0,31.70429187079012,18.3,43,3,40,4.939103572061822,1.6463678573539406,86.39215733765897,60.0,1140.0,0.0,0.0,0.0,25.747750799986534,0.0,0.0,86.39215733765897,1140.0,98.25341550355857,1560.049766708323,,,,False,False,not_attempted,0,0,0,0,28,5,0.17857142857142858,165.6330132478903,943.0,False,,,False,8,0
ga,static_live,19,1140.0,19.0,3,degrading,degrading,7 11 57 73,3397,2.409638554216868,0.4149999999999999,0.0,30.881622571183307,18.316666666666666,40,2,38,1.8296031311190806,0.9148015655595403,88.22176046877806,60.0,1200.0,0.0,0.0,0.0,25.747750799986534,0.0,0.0,88.22176046877806,1200.0,104.22731055920376,1518.1494263103166,,,,False,False,not_attempted,0,0,0,0,23,1,0.043478260869565216,165.53967991455696,967.0,False,,,False,8,0
ga,static_live,20,1200.0,20.0,4,disrupted,holding,7 11 57 73,3397,2.857142857142857,0.35,0.0,29.820429701252063,18.333333333333332,38,3,35,4.992402509458966,1.6641341698196552,93.21416297823703,60.0,1260.0,0.0,0.0,0.0,25.747750799986534,0.0,0.0,93.21416297823703,1260.0,117.07247303532938,1425.2961234524146,,,,False,False,not_attempted,0,0,0,0,23,3,0.13043478260869565,163.69666072700358,1016.0,False,,,False,8,0
ga,static_live,21,1260.0,21.0,4,disrupted,disrupted,7 11 57 73,3397,2.857142857142857,0.35,0.0,29.820429701252063,18.35,35,2,33,4.437594015975236,2.218797007987618,97.65175699421226,60.0,1320.0,0.0,0.0,0.0,25.747750799986534,0.0,0.0,97.65175699421226,1320.0,111.3705243392832,1425.2961234524146,,,,False,False,not_attempted,0,0,0,0,42,1,0.023809523809523808,163.03059203644227,1016.0,False,,,False,8,0
ga,static_live,22,1320.0,22.0,4,disrupted,disrupted,7 11 57 73,3397,2.857142857142857,0.35,0.0,29.820429701252063,18.366666666666667,33,3,30,3.6048545793317373,1.2016181931105792,101.256611573544,60.0,1380.0,0.0,0.0,0.0,25.747750799986534,0.0,0.0,101.256611573544,1380.0,106.66426333727989,1248.50280815703,,,,False,False,not_attempted,0,0,0,0,34,1,0.029411764705882353,162.93725870310894,1118.0,False,,,False,8,0
ga,static_live,23,1380.0,23.0,4,disrupted,disrupted,7 11 57 73,3397,2.857142857142857,0.35,0.0,29.820429701252063,18.383333333333333,30,3,27,2.721880356171096,0.9072934520570319,103.9784919297151,60.0,1440.0,0.0,0.0,0.0,25.747750799986534,0.0,0.0,103.9784919297151,1440.0,103.3191741790062,1248.50280815703,,,,False,False,not_attempted,0,0,0,0,9,0,0.0,162.27605910656777,1168.0,False,,,False,8,0
ga,static_live,24,1440.0,24.0,4,disrupted,disrupted,7 11 57 73,3397,2.857142857142857,0.35,0.0,29.820429701252063,18.4,27,4,23,3.0962952229121967,0.7740738057280492,107.0747871526273,60.0,1500.0,0.0,0.0,0.0,25.747750799986534,0.0,0.0,107.0747871526273,1500.0,101.12372553569679,1245.944730654314,,,,False,False,not_attempted,0,0,0,0,35,0,0.0,162.18272577323444,1236.0,False,,,False,8,0
ga,static_live,25,1500.0,25.0,5,disrupted,disrupted,7 11 57 73,3397,2.857142857142857,0.35,0.0,29.820429701252063,18.416666666666668,23,2,21,3.2053137487649885,1.6026568743824943,110.28010090139229,60.0,1560.0,0.0,0.0,0.0,25.747750799986534,0.0,0.0,110.28010090139229,1560.0,98.11671843091771,1109.2641211256966,,,,False,False,not_attempted,0,0,0,0,27,3,0.1111111111111111,161.76916362250657,1236.0,False,,,False,7,0
ga,static_live,26,1560.0,26.0,5,disrupted,disrupted,7 11 57 73,3397,2.857142857142857,0.35,0.0,29.820429701252063,18.433333333333334,21,3,18,5.7315470966916955,1.9105156988972318,116.01164799808399,60.0,1620.0,0.0,0.0,0.0,25.747750799986534,0.0,0.0,116.01164799808399,1620.0,94.49687773485458,1109.2641211256966,,,,False,False,not_attempted,0,0,0,0,34,1,0.029411764705882353,159.25195733069478,1318.0,False,,,False,7,0
ga,static_live,27,1620.0,27.0,5,disrupted,disrupted,7 11 57 73,3397,2.857142857142857,0.35,0.0,29.820429701252063,18.45,18,2,16,2.318780912568886,1.159390456284443,118.33042891065287,60.0,1680.0,0.0,0.0,0.0,25.747750799986534,0.0,0.0,118.33042891065287,1680.0,89.06241512002646,1066.586659868063,,,,False,False,not_attempted,0,0,0,0,21,0,0.0,158.94295465440428,1318.0,False,,,False,4,0
ga,static_live,28,1680.0,28.0,5,disrupted,disrupted,7 11 57 73,3397,2.857142857142857,0.35,0.0,29.820429701252063,18.466666666666665,16,3,13,0.9389155044279835,0.31297183480932783,119.26934441508085,60.0,1740.0,0.0,0.0,0.0,25.747750799986534,0.0,0.0,119.26934441508085,1740.0,86.88739582453249,938.2425708555458,,,,False,False,not_attempted,0,0,0,0,5,0,0.0,158.84962132107094,1382.0,False,,,False,4,0
ga,static_live,29,1740.0,29.0,5,disrupted,disrupted,7 11 57 73,3397,2.857142857142857,0.35,0.0,29.820429701252063,18.483333333333334,13,2,11,1.8366574067816805,0.9183287033908403,121.10600182186253,60.0,1800.0,0.0,0.0,0.0,25.747750799986534,0.0,0.0,121.10600182186253,1800.0,86.28424797631828,938.2425708555458,,,,False,False,not_attempted,0,0,0,0,31,0,0.0,157.9658486612676,1382.0,False,,,False,4,0
ga,static_live,30,1800.0,30.0,6,recovering,recovering,7 11 57 73,3397,2.857142857142857,0.35,0.0,29.820429701252063,18.5,11,2,9,2.798743380857075,1.3993716904285376,123.90474520271961,60.0,1860.0,0.0,0.0,0.0,25.747750799986534,0.0,0.0,123.90474520271961,1860.0,84.52511884689659,887.6831564257158,,,,False,False,not_attempted,0,0,0,0,29,1,0.034482758620689655,157.87251532793425,1468.0,False,,,False,3,0
ga,static_live,31,1860.0,31.0,6,recovering,recovering,7 11 57 73,3397,2.6595744680851063,0.376,0.04,30.27980488269011,18.516666666666666,9,1,8,2.2760716691296627,2.2760716691296627,126.18081687184927,60.0,1920.0,0.0,0.0,0.0,25.747750799986534,0.0,0.0,126.18081687184927,1920.0,75.71644878304373,811.4677112163774,,,,False,False,not_attempted,0,0,0,0,14,0,0.0,157.83724393114048,1468.0,False,,,False,3,0
ga,static_live,32,1920.0,32.0,6,recovering,recovering,7 11 57 73,3397,2.4875621890547266,0.40199999999999997,0.08,30.691440450918655,18.533333333333335,8,1,7,1.6696482862676447,1.6696482862676447,127.85046515811692,60.0,1980.0,0.0,0.0,0.0,25.747750799986534,0.0,0.0,127.85046515811692,1980.0,68.84635556983804,671.2820845267402,,,,False,False,not_attempted,0,0,0,0,39,1,0.02564102564102564,157.83724393114048,1607.0,False,,,False,3,0
ga,static_live,33,1980.0,33.0,6,recovering,recovering,7 11 57 73,3397,2.336448598130841,0.428,0.12,31.062410676936217,18.55,7,1,6,1.0487778962986003,1.0487778962986003,128.8992430544155,60.0,2040.0,0.0,0.0,0.0,25.747750799986534,0.0,0.0,128.8992430544155,2040.0,62.607247574407815,662.1151673372443,,,,False,False,not_attempted,0,0,0,0,21,0,0.0,157.83724393114048,1607.0,False,,,False,3,0
ga,static_live,34,2040.0,34.0,6,recovering,recovering,7 11 57 73,3397,2.2026431718061676,0.45399999999999996,0.16,31.39845789284001,18.566666666666666,6,0,6,0.294877690482092,0.294877690482092,129.1941207448976,60.0,2100.0,0.0,0.0,0.0,25.747750799986534,0.0,0.0,129.1941207448976,2100.0,57.848352373038054,606.6232586910199,,,,False,False,not_attempted,0,0,0,0,3,0,0.0,157.83724393114048,1607.0,False,,,False,2,0
ga,static_live,35,2100.0,35.0,7,recovering,recovering,7 11 57 73,3397,2.0833333333333335,0.48,0.2,31.70429187079012,18.583333333333332,6,2,4,0.587005958740795,0.2935029793703975,129.7811267036384,60.0,2160.0,0.0,0.0,0.0,25.747750799986534,0.0,0.0,129.7811267036384,2160.0,54.19555009226944,570.5245658474382,,,,False,False,not_attempted,0,0,0,0,4,1,0.25,157.83724393114048,1725.0,False,,,False,2,0
ga,static_live,36,2160.0,36.0,7,recovering,recovering,7 11 57 73,3397,1.976284584980237,0.506,0.24,31.983811926372642,18.6,4,1,3,0.23878687577792307,0.23878687577792307,130.0199135794163,60.0,2220.0,0.0,0.0,0.0,25.747750799986534,0.0,0.0,130.0199135794163,2220.0,50.55729987512862,562.3865395796142,,,,False,False,not_attempted,0,0,0,0,6,0,0.0,157.83724393114048,1725.0,False,,,False,1,0
ga,static_live,37,2220.0,37.0,7,recovering,recovering,7 11 57 73,3397,1.8796992481203008,0.532,0.28,32.24027405729201,18.616666666666667,3,1,2,0.12754666597834957,0.12754666597834957,130.14746024539465,60.0,2280.0,0.0,0.0,0.0,25.747750799986534,0.0,0.0,130.14746024539465,2280.0,47.53161323209811,555.0439594883444,,,,False,False,not_attempted,0,0,0,0,0,0,0.0,157.83724393114048,1937.0,False,,,False,1,0
ga,static_live,38,2280.0,38.0,7,recovering,recovering,7 11 57 73,3397,1.7921146953405016,0.558,0.32,32.47641835812188,18.633333333333333,2,1,1,0.2536637886641754,0.2536637886641754,130.40112403405882,60.0,2340.0,0.0,0.0,0.0,25.747750799986534,0.0,0.0,130.40112403405882,2340.0,45.03551478303444,548.3856341726051,,,,False,False,not_attempted,0,0,0,0,14,0,0.0,157.83724393114048,1937.0,False,,,False,1,0
ga,static_live,39,2340.0,39.0,7,recovering,recovering,7 11 57 73,3397,1.7123287671232879,0.584,0.36,32.69456730617113,18.65,1,0,1,0.6096984100044891,0.6096984100044891,131.0108224440633,60.0,2400.0,0.0,0.0,0.0,25.747750799986534,0.0,0.0,131.0108224440633,2400.0,42.55294751761331,542.3201734397741,,,,False,False,not_attempted,0,0,0,0,18,1,0.05555555555555555,157.83724393114048,1937.0,False,,,False,1,0
ga,static_live,40,2400.0,40.0,8,recovering,recovering,7 11 57 73,3397,1.639344262295082,0.61,0.4,32.89670240247868,18.666666666666668,1,0,1,1.2179530097207556,1.2179530097207556,132.22877545378407,60.0,2460.0,0.0,0.0,0.0,25.747750799986534,0.0,0.0,132.22877545378407,2460.0,39.61524515100422,536.7717683759714,,,,False,False,not_attempted,0,0,0,0,4,4,1.0,157.83724393114048,1937.0,False,,,False,1,0
ga,static_live,41,2460.0,41.0,8,recovering,recovering,7 11 57 73,3397,1.572327044025157,0.636,0.44,33.084524532211674,18.683333333333334,1,0,1,0.46368223735123953,0.46368223735123953,132.6924576911353,60.0,2520.0,0.0,0.0,0.0,25.747750799986534,0.0,0.0,132.6924576911353,2520.0,36.40973376686092,531.6770064934857,,,,False,False,not_attempted,0,0,0,0,1,1,1.0,157.83724393114048,1937.0,False,,,False,1,0
ga,static_live,42,2520.0,42.0,8,recovering,recovering,7 11 57 73,3397,1.5105740181268883,0.6619999999999999,0.48,33.259501941339856,18.7,1,0,1,0.09333333333333332,0.09333333333333332,132.78579102446864,60.0,2580.0,0.0,0.0,0.0,25.747750799986534,0.0,0.0,132.78579102446864,2580.0,34.15850622296486,526.9824373872679,,,,False,False,not_attempted,0,0,0,0,0,0,0.0,157.83724393114048,1937.0,False,,,False,0,0
ga,static_live,43,2580.0,43.0,8,recovering,recovering,7 11 57 73,3397,1.4534883720930234,0.688,0.52,33.4229086957123,18.716666666666665,1,1,0,29.414315973589808,29.414315973589808,162.20010699805846,524.9881546630779,3104.988154663078,0.0,0.0,0.0,25.747750799986534,0.0,0.0,162.20010699805846,3104.988154663078,32.4950812919353,522.6426903646595,,,,False,False,not_attempted,0,0,0,0,360,101,0.28055555555555556,152.03453818604132,1937.0,True,,,False,0,0
ga,static_frozen,0,0.0,0.0,0,normal,initial,7 11 57 73,0,1.0,1.0,0.0,34.78037077224997,18.0,84,0,84,17.649882122789972,17.649882122789972,17.649882122789972,60.0,60.0,8.482715899939649,17.265034900046885,25.747750799986534,25.747750799986534,0.0,0.0,17.649882122789972,60.0,137.0202222079973,2575.791665618115,,,,False,False,initial_plan,0,0,0,0,110,0,0.0,177.61134889028398,0.0,False,,,True,10,10
ga,static_frozen,1,60.0,1.0,0,normal,normal,7 11 57 73,0,1.0,1.0,0.0,34.78037077224997,18.016666666666666,84,0,84,3.860832221189131,3.860832221189131,21.510714343979103,60.0,120.0,0.0,0.0,0.0,25.747750799986534,0.0,0.0,21.510714343979103,120.0,118.33481725358962,2408.508397267874,,,,False,False,not_attempted,0,0,0,0,48,0,0.0,176.09020652430007,0.0,False,,,False,10,10
ga,static_frozen,2,120.0,2.0,0,normal,normal,7 11 57 73,0,1.0,1.0,0.0,34.78037077224997,18.033333333333335,84,5,79,5.469586054369472,1.0939172108738944,26.980300398348575,60.0,180.0,0.0,0.0,0.0,25.747750799986534,0.0,0.0,26.980300398348575,180.0,114.32039977398952,2408.508397267874,,,,False,False,not_attempted,0,0,0,0,54,0,0.0,174.7596401655785,230.0,False,,,False,10,5
ga,static_frozen,3,180.0,3.0,0,normal,normal,7 11 57 73,0,1.0,1.0,0.0,34.78037077224997,18.05,79,2,77,7.011609396691212,3.505804698345606,33.99190979503979,60.0,240.0,0.0,0.0,0.0,25.747750799986534,0.0,0.0,33.99190979503979,240.0,109.00105004153725,2395.4649197227227,,,,False,False,not_attempted,0,0,0,0,102,0,0.0,174.34235459366602,230.0,False,,,False,10,3
ga,static_frozen,4,240.0,4.0,0,normal,normal,7 11 57 73,0,1.0,1.0,0.0,34.78037077224997,18.066666666666666,77,0,77,7.1547879192985535,7.1547879192985535,41.146697714338345,60.0,300.0,0.0,0.0,0.0,25.747750799986534,0.0,0.0,41.146697714338345,300.0,102.22978058226929,2222.1724931702206,,,,False,False,not_attempted,0,0,0,0,63,0,0.0,173.4394704160569,230.0,False,,,False,10,3
ga,static_frozen,5,300.0,5.0,1,normal,normal,7 11 57 73,0,1.0,1.0,0.0,34.78037077224997,18.083333333333332,77,3,74,2.675963325709791,0.891987775236597,43.82266104004813,60.0,360.0,0.0,0.0,0.0,25.747750799986534,0.0,0.0,43.82266104004813,360.0,95.1717140869908,2222.1724931702206,,,,False,False,not_attempted,0,0,0,0,34,0,0.0,173.10775928116314,402.0,False,,,False,10,2
ga,static_frozen,6,360.0,6.0,1,normal,normal,7 11 57 73,0,1.0,1.0,0.0,34.78037077224997,18.1,74,2,72,2.766193936465484,1.383096968232742,46.588854976513616,60.0,420.0,0.0,0.0,0.0,25.747750799986534,0.0,0.0,46.588854976513616,420.0,92.60410325990152,2214.6116397759683,,,,False,False,not_attempted,0,0,0,0,81,0,0.0,173.0144259478298,422.0,False,,,False,10,1
ga,static_frozen,7,420.0,7.0,1,normal,normal,7 11 57 73,0,1.0,1.0,0.0,34.78037077224997,18.116666666666667,72,4,68,4.347192794898818,1.0867981987247044,50.93604777141243,60.0,480.0,0.0,0.0,0.0,25.747750799986534,0.0,0.0,50.93604777141243,480.0,89.92368642949396,2148.2053198083527,,,,False,False,not_attempted,0,0,0,0,87,0,0.0,171.7315048732715,422.0,False,,,False,10,0
ga,static_frozen,8,480.0,8.0,1,normal,normal,7 11 57 73,0,1.0,1.0,0.0,34.78037077224997,18.133333333333333,68,2,66,2.5250093236515756,1.2625046618257878,53.46105709506401,60.0,540.0,0.0,0.0,0.0,25.747750799986534,0.0,0.0,53.46105709506401,540.0,85.28714308081315,2087.667082619376,,,,False,False,not_attempted,0,0,0,0,64,0,0.0,171.63817153993816,647.0,False,,,False,10,0
ga,static_frozen,9,540.0,9.0,1,normal,normal,7 11 57 73,0,1.0,1.0,0.0,34.78037077224997,18.15,66,4,62,3.0619730013422446,0.7654932503355611,56.52303009640625,60.0,600.0,0.0,0.0,0.0,25.747750799986534,0.0,0.0,56.52303009640625,600.0,82.77007440456873,1959.541901191854,,,,False,False,not_attempted,0,0,0,0,70,0,0.0,171.54640459197284,647.0,False,,,False,10,0
ga,static_frozen,10,600.0,10.0,2,degrading,degrading,7 11 57 73,0,1.0,1.0,0.0,34.78037077224997,18.166666666666668,62,3,59,4.390709018242486,1.4635696727474954,60.913739114648735,60.0,660.0,0.0,0.0,0.0,25.747750799986534,0.0,0.0,60.913739114648735,660.0,80.09411359828835,1959.541901191854,,,,False,False,not_attempted,0,0,0,0,80,0,0.0,171.29011539682318,647.0,False,,,False,10,0
ga,static_frozen,11,660.0,11.0,2,degrading,degrading,7 11 57 73,3397,1.06951871657754,0.935,0.0,34.565163142647755,18.183333333333334,59,1,58,2.5435564998420985,2.5435564998420985,63.45729561449083,60.0,720.0,0.0,0.0,0.0,25.747750799986534,0.0,0.0,63.45729561449083,720.0,77.88241726372377,1904.7006601594962,,,,False,False,not_attempted,0,0,0,0,48,0,0.0,171.00102300959978,647.0,False,,,False,9,0
ga,static_frozen,12,720.0,12.0,2,degrading,degrading,7 11 57 73,3397,1.1494252873563218,0.87,0.0,34.321064729417685,18.2,58,4,54,2.6601251416679803,0.6650312854169951,66.11742075615881,60.0,780.0,0.0,0.0,0.0,25.747750799986534,0.0,0.0,66.11742075615881,780.0,79.11242931311006,1800.2308427456971,,,,False,False,not_attempted,0,0,0,0,30,3,0.1,169.9712503230566,647.0,False,,,False,8,0
ga,static_frozen,13,780.0,13.0,2,degrading,degrading,7 11 57 73,3397,1.2422360248447206,0.8049999999999999,0.0,34.04183921998553,18.216666666666665,54,2,52,2.7842098658841223,1.3921049329420612,68.90163062204293,60.0,840.0,0.0,0.0,0.0,25.747750799986534,0.0,0.0,68.90163062204293,840.0,80.81011450630373,1805.8609673403848,,,,False,False,not_attempted,0,0,0,0,39,0,0.0,168.6873506151558,822.0,False,,,False,8,0
ga,static_frozen,14,840.0,14.0,2,degrading,degrading,7 11 57 73,3397,1.3513513513513513,0.74,0.0,33.71931626348574,18.233333333333334,52,3,49,2.289819483354234,0.763273161118078,71.19145010539717,60.0,900.0,0.0,0.0,0.0,25.747750799986534,0.0,0.0,71.19145010539717,900.0,82.85309745555651,1692.480167877383,,,,False,False,not_attempted,0,0,0,0,31,5,0.16129032258064516,168.44749961377207,822.0,False,,,False,8,0
ga,static_frozen,15,900.0,15.0,3,degrading,degrading,7 11 57 73,3397,1.4814814814814814,0.675,0.0,33.34257871389501,18.25,49,3,46,3.048312209670419,1.0161040698901396,74.23976231506758,60.0,960.0,0.0,0.0,0.0,25.747750799986534,0.0,0.0,74.23976231506758,960.0,86.41867202378384,1700.3741774066916,,,,False,False,not_attempted,0,0,0,0,51,4,0.0784313725490196,168.39759137099304,822.0,False,,,False,8,0
ga,static_frozen,16,960.0,16.0,3,degrading,degrading,7 11 57 73,3397,1.639344262295082,0.61,0.0,32.89670240247868,18.266666666666666,46,1,45,3.8636918221823704,3.8636918221823704,78.10345413724995,60.0,1020.0,0.0,0.0,0.0,25.747750799986534,0.0,0.0,78.10345413724995,1020.0,90.11322877336231,1652.3332186286586,,,,False,False,not_attempted,0,0,0,0,51,7,0.13725490196078433,167.6687585637565,822.0,False,,,False,8,0
ga,static_frozen,17,1020.0,17.0,3,degrading,degrading,7 11 57 73,3397,1.8348623853211008,0.545,0.0,32.36073198260743,18.283333333333335,45,2,43,3.3495996283471916,1.6747998141735958,81.45305376559715,60.0,1080.0,0.0,0.0,0.0,25.747750799986534,0.0,0.0,81.45305376559715,1080.0,93.1717509127027,1605.7605750522648,,,,False,False,not_attempted,0,0,0,0,44,5,0.11363636363636363,166.51995681821958,822.0,False,,,False,8,0
ga,static_frozen,18,1080.0,18.0,3,degrading,degrading,7 11 57 73,3397,2.0833333333333335,0.48,0.0,31.70429187079012,18.3,43,3,40,4.939103572061822,1.6463678573539406,86.39215733765897,60.0,1140.0,0.0,0.0,0.0,25.747750799986534,0.0,0.0,86.39215733765897,1140.0,98.25341550355857,1560.049766708323,,,,False,False,not_attempted,0,0,0,0,28,5,0.17857142857142858,165.6330132478903,943.0,False,,,False,8,0
ga,static_frozen,19,1140.0,19.0,3,degrading,degrading,7 11 57 73,3397,2.409638554216868,0.4149999999999999,0.0,30.881622571183307,18.316666666666666,40,2,38,1.8296031311190806,0.9148015655595403,88.22176046877806,60.0,1200.0,0.0,0.0,0.0,25.747750799986534,0.0,0.0,88.22176046877806,1200.0,104.22731055920376,1518.1494263103166,,,,False,False,not_attempted,0,0,0,0,23,1,0.043478260869565216,165.53967991455696,967.0,False,,,False,8,0
ga,static_frozen,20,1200.0,20.0,4,disrupted,holding,7 11 57 73,3397,2.857142857142857,0.35,0.0,29.820429701252063,18.333333333333332,38,3,35,4.992402509458966,1.6641341698196552,93.21416297823703,60.0,1260.0,0.0,0.0,0.0,25.747750799986534,0.0,0.0,93.21416297823703,1260.0,117.07247303532938,1425.2961234524146,,,,False,False,not_attempted,0,0,0,0,23,3,0.13043478260869565,163.69666072700358,1016.0,False,,,False,8,0
ga,static_frozen,21,1260.0,21.0,4,disrupted,disrupted,7 11 57 73,3397,2.857142857142857,0.35,0.0,29.820429701252063,18.35,35,2,33,4.437594015975236,2.218797007987618,97.65175699421226,60.0,1320.0,0.0,0.0,0.0,25.747750799986534,0.0,0.0,97.65175699421226,1320.0,111.3705243392832,1425.2961234524146,,,,False,False,not_attempted,0,0,0,0,42,1,0.023809523809523808,163.03059203644227,1016.0,False,,,False,8,0
ga,static_frozen,22,1320.0,22.0,4,disrupted,disrupted,7 11 57 73,3397,2.857142857142857,0.35,0.0,29.820429701252063,18.366666666666667,33,3,30,3.6048545793317373,1.2016181931105792,101.256611573544,60.0,1380.0,0.0,0.0,0.0,25.747750799986534,0.0,0.0,101.256611573544,1380.0,106.66426333727989,1248.50280815703,,,,False,False,not_attempted,0,0,0,0,34,1,0.029411764705882353,162.93725870310894,1118.0,False,,,False,8,0
ga,static_frozen,23,1380.0,23.0,4,disrupted,disrupted,7 11 57 73,3397,2.857142857142857,0.35,0.0,29.820429701252063,18.383333333333333,30,3,27,2.721880356171096,0.9072934520570319,103.9784919297151,60.0,1440.0,0.0,0.0,0.0,25.747750799986534,0.0,0.0,103.9784919297151,1440.0,103.3191741790062,1248.50280815703,,,,False,False,not_attempted,0,0,0,0,9,0,0.0,162.27605910656777,1168.0,False,,,False,8,0
ga,static_frozen,24,1440.0,24.0,4,disrupted,disrupted,7 11 57 73,3397,2.857142857142857,0.35,0.0,29.820429701252063,18.4,27,4,23,3.0962952229121967,0.7740738057280492,107.0747871526273,60.0,1500.0,0.0,0.0,0.0,25.747750799986534,0.0,0.0,107.0747871526273,1500.0,101.12372553569679,1245.944730654314,,,,False,False,not_attempted,0,0,0,0,35,0,0.0,162.18272577323444,1236.0,False,,,False,8,0
ga,static_frozen,25,1500.0,25.0,5,disrupted,disrupted,7 11 57 73,3397,2.857142857142857,0.35,0.0,29.820429701252063,18.416666666666668,23,2,21,3.2053137487649885,1.6026568743824943,110.28010090139229,60.0,1560.0,0.0,0.0,0.0,25.747750799986534,0.0,0.0,110.28010090139229,1560.0,98.11671843091771,1109.2641211256966,,,,False,False,not_attempted,0,0,0,0,27,3,0.1111111111111111,161.76916362250657,1236.0,False,,,False,7,0
ga,static_frozen,26,1560.0,26.0,5,disrupted,disrupted,7 11 57 73,3397,2.857142857142857,0.35,0.0,29.820429701252063,18.433333333333334,21,3,18,5.7315470966916955,1.9105156988972318,116.01164799808399,60.0,1620.0,0.0,0.0,0.0,25.747750799986534,0.0,0.0,116.01164799808399,1620.0,94.49687773485458,1109.2641211256966,,,,False,False,not_attempted,0,0,0,0,34,1,0.029411764705882353,159.25195733069478,1318.0,False,,,False,7,0
ga,static_frozen,27,1620.0,27.0,5,disrupted,disrupted,7 11 57 73,3397,2.857142857142857,0.35,0.0,29.820429701252063,18.45,18,2,16,2.318780912568886,1.159390456284443,118.33042891065287,60.0,1680.0,0.0,0.0,0.0,25.747750799986534,0.0,0.0,118.33042891065287,1680.0,89.06241512002646,1066.586659868063,,,,False,False,not_attempted,0,0,0,0,21,0,0.0,158.94295465440428,1318.0,False,,,False,4,0
ga,static_frozen,28,1680.0,28.0,5,disrupted,disrupted,7 11 57 73,3397,2.857142857142857,0.35,0.0,29.820429701252063,18.466666666666665,16,3,13,0.9389155044279835,0.31297183480932783,119.26934441508085,60.0,1740.0,0.0,0.0,0.0,25.747750799986534,0.0,0.0,119.26934441508085,1740.0,86.88739582453249,938.2425708555458,,,,False,False,not_attempted,0,0,0,0,5,0,0.0,158.84962132107094,1382.0,False,,,False,4,0
ga,static_frozen,29,1740.0,29.0,5,disrupted,disrupted,7 11 57 73,3397,2.857142857142857,0.35,0.0,29.820429701252063,18.483333333333334,13,2,11,1.8366574067816805,0.9183287033908403,121.10600182186253,60.0,1800.0,0.0,0.0,0.0,25.747750799986534,0.0,0.0,121.10600182186253,1800.0,86.28424797631828,938.2425708555458,,,,False,False,not_attempted,0,0,0,0,31,0,0.0,157.9658486612676,1382.0,False,,,False,4,0
ga,static_frozen,30,1800.0,30.0,6,recovering,recovering,7 11 57 73,3397,2.857142857142857,0.35,0.0,29.820429701252063,18.5,11,2,9,2.9284866842899144,1.4642433421449572,124.03448850615244,60.0,1860.0,0.0,0.0,0.0,25.747750799986534,0.0,0.0,124.03448850615244,1860.0,84.52511884689659,887.6831564257158,,,,False,False,not_attempted,0,0,0,0,31,5,0.16129032258064516,157.87251532793425,1468.0,False,,,False,3,0
ga,static_frozen,31,1860.0,31.0,6,recovering,recovering,7 11 57 73,3397,2.6595744680851063,0.376,0.04,30.27980488269011,18.516666666666666,9,1,8,2.097358620833718,2.097358620833718,126.13184712698616,60.0,1920.0,0.0,0.0,0.0,25.747750799986534,0.0,0.0,126.13184712698616,1920.0,78.51185013486607,811.4677112163774,,,,False,False,not_attempted,0,0,0,0,13,4,0.3076923076923077,157.83724393114048,1468.0,False,,,False,3,0
ga,static_frozen,32,1920.0,32.0,6,recovering,recovering,7 11 57 73,3397,2.4875621890547266,0.40199999999999997,0.08,30.691440450918655,18.533333333333335,8,1,7,3.3678509551690943,3.3678509551690943,129.49969808215525,60.0,1980.0,0.0,0.0,0.0,25.747750799986534,0.0,0.0,129.49969808215525,1980.0,71.08441892693297,671.2820845267402,,,,False,False,not_attempted,0,0,0,0,16,6,0.375,157.83724393114048,1607.0,False,,,False,3,0
ga,static_frozen,33,1980.0,33.0,6,recovering,recovering,7 11 57 73,3397,2.336448598130841,0.428,0.12,31.062410676936217,18.55,7,1,6,2.785397360942157,2.785397360942157,132.28509544309742,60.0,2040.0,0.0,0.0,0.0,25.747750799986534,0.0,0.0,132.28509544309742,2040.0,63.95990316431613,662.1151673372443,,,,False,False,not_attempted,0,0,0,0,30,3,0.1,157.54188530128226,1607.0,False,,,False,3,0
ga,static_frozen,34,2040.0,34.0,6,recovering,recovering,7 11 57 73,3397,2.2026431718061676,0.45399999999999996,0.16,31.39845789284001,18.566666666666666,6,0,6,0.29638246838615656,0.29638246838615656,132.58147791148357,60.0,2100.0,0.0,0.0,0.0,25.747750799986534,0.0,0.0,132.58147791148357,2100.0,58.03501903970472,606.6232586910199,,,,False,False,not_attempted,0,0,0,0,3,0,0.0,157.44704719004486,1607.0,False,,,False,3,0
ga,static_frozen,35,2100.0,35.0,7,recovering,recovering,7 11 57 73,3397,2.0833333333333335,0.48,0.2,31.70429187079012,18.583333333333332,6,1,5,0.6480701455232958,0.6480701455232958,133.22954805700687,60.0,2160.0,0.0,0.0,0.0,25.747750799986534,0.0,0.0,133.22954805700687,2160.0,54.19555009226944,570.5245658474382,,,,False,False,not_attempted,0,0,0,0,4,1,0.25,157.35371385671152,1725.0,False,,,False,2,0
ga,static_frozen,36,2160.0,36.0,7,recovering,recovering,7 11 57 73,3397,1.976284584980237,0.506,0.24,31.983811926372642,18.6,5,2,3,0.24006050848269123,0.12003025424134561,133.46960856548955,60.0,2220.0,0.0,0.0,0.0,25.747750799986534,0.0,0.0,133.46960856548955,2220.0,50.55729987512862,562.3865395796142,,,,False,False,not_attempted,0,0,0,0,6,0,0.0,157.35244022400676,1725.0,False,,,False,1,0
ga,static_frozen,37,2220.0,37.0,7,recovering,recovering,7 11 57 73,3397,1.8796992481203008,0.532,0.28,32.24027405729201,18.616666666666667,3,1,2,0.12754666597834957,0.12754666597834957,133.5971552314679,60.0,2280.0,0.0,0.0,0.0,25.747750799986534,0.0,0.0,133.5971552314679,2280.0,47.53161323209811,555.0439594883444,,,,False,False,not_attempted,0,0,0,0,0,0,0.0,157.35244022400676,1937.0,False,,,False,1,0
ga,static_frozen,38,2280.0,38.0,7,recovering,recovering,7 11 57 73,3397,1.7921146953405016,0.558,0.32,32.47641835812188,18.633333333333333,2,1,1,0.2536637886641754,0.2536637886641754,133.85081902013206,60.0,2340.0,0.0,0.0,0.0,25.747750799986534,0.0,0.0,133.85081902013206,2340.0,45.03551478303444,548.3856341726051,,,,False,False,not_attempted,0,0,0,0,14,0,0.0,157.35244022400676,1937.0,False,,,False,1,0
ga,static_frozen,39,2340.0,39.0,7,recovering,recovering,7 11 57 73,3397,1.7123287671232879,0.584,0.36,32.69456730617113,18.65,1,0,1,0.6096984100044891,0.6096984100044891,134.46051743013655,60.0,2400.0,0.0,0.0,0.0,25.747750799986534,0.0,0.0,134.46051743013655,2400.0,42.55294751761331,542.3201734397741,,,,False,False,not_attempted,0,0,0,0,18,1,0.05555555555555555,157.35244022400676,1937.0,False,,,False,1,0
ga,static_frozen,40,2400.0,40.0,8,recovering,recovering,7 11 57 73,3397,1.639344262295082,0.61,0.4,32.89670240247868,18.666666666666668,1,0,1,1.2179530097207556,1.2179530097207556,135.6784704398573,60.0,2460.0,0.0,0.0,0.0,25.747750799986534,0.0,0.0,135.6784704398573,2460.0,39.61524515100422,536.7717683759714,,,,False,False,not_attempted,0,0,0,0,4,4,1.0,157.35244022400676,1937.0,False,,,False,1,0
ga,static_frozen,41,2460.0,41.0,8,recovering,recovering,7 11 57 73,3397,1.572327044025157,0.636,0.44,33.084524532211674,18.683333333333334,1,0,1,0.46368223735123953,0.46368223735123953,136.14215267720854,60.0,2520.0,0.0,0.0,0.0,25.747750799986534,0.0,0.0,136.14215267720854,2520.0,36.40973376686092,531.6770064934857,,,,False,False,not_attempted,0,0,0,0,1,1,1.0,157.35244022400676,1937.0,False,,,False,1,0
ga,static_frozen,42,2520.0,42.0,8,recovering,recovering,7 11 57 73,3397,1.5105740181268883,0.6619999999999999,0.48,33.259501941339856,18.7,1,0,1,0.09333333333333332,0.09333333333333332,136.23548601054188,60.0,2580.0,0.0,0.0,0.0,25.747750799986534,0.0,0.0,136.23548601054188,2580.0,34.15850622296486,526.9824373872679,,,,False,False,not_attempted,0,0,0,0,0,0,0.0,157.35244022400676,1937.0,False,,,False,0,0
ga,static_frozen,43,2580.0,43.0,8,recovering,recovering,7 11 57 73,3397,1.4534883720930234,0.688,0.52,33.4229086957123,18.716666666666665,1,1,0,29.589431603082367,29.589431603082367,165.82491761362425,524.9881546630779,3104.988154663078,0.0,0.0,0.0,25.747750799986534,0.0,0.0,165.82491761362425,3104.988154663078,32.4950812919353,522.6426903646595,,,,False,False,not_attempted,0,0,0,0,358,104,0.2905027932960894,152.03453818604132,1937.0,True,,,False,0,0
