method,policy,epoch,elapsed_s,elapsed_min,replan_epoch,traffic_state,traffic_change,center_bins,affected_edges,peak_tt_multiplier,speed_multiplier,recovery_progress,network_speed_kmh,sim_hour,remaining_bins_before,served_bins_epoch,remaining_bins_after,epoch_energy_kwh,epoch_energy_per_served_bin_kwh,cumulative_energy_kwh,epoch_operating_s,cumulative_operating_s,oracle_runtime_s,solver_runtime_s,planning_runtime_s,cumulative_planning_runtime_s,compute_wait_aux_energy_kwh,cumulative_compute_wait_aux_energy_kwh,latency_adjusted_energy_kwh,latency_adjusted_time_s,planned_remaining_energy_kwh,planned_remaining_makespan_s,incumbent_plan_energy_kwh,candidate_plan_energy_kwh,candidate_energy_improvement_kwh,replan_attempted,replan_accepted,acceptance_reason,candidate_next_choice_changes,candidate_reassigned_bins,next_choice_changes,reassigned_bins,traversed_edges,disrupted_edges_traversed,disrupted_edge_share,min_battery_kwh,max_payload_kg,returned_to_depot,converged,rounds,replanned,active_planning_vehicles,vehicles_still_requiring_first_service
proposed,adaptive,0,0.0,0.0,0,normal,initial,13 24 25 68,0,1.0,1.0,0.0,34.78037077224997,18.0,84,0,84,18.947812200580838,18.947812200580838,18.947812200580838,60.0,60.0,10.709383900044486,1128.8861950000282,1139.5955789000727,1139.5955789000727,0.0,0.0,18.947812200580838,60.0,124.98723160038621,2771.5048752969888,,,,False,False,initial_plan,0,0,0,0,123,0,0.0,177.2717760608753,0.0,False,,,True,10,10
proposed,adaptive,1,60.0,1.0,0,normal,normal,13 24 25 68,0,1.0,1.0,0.0,34.78037077224997,18.016666666666666,84,0,84,3.6431287464134887,3.6431287464134887,22.590940946994326,60.0,120.0,0.0,0.0,0.0,1139.5955789000727,0.0,0.0,22.590940946994326,120.0,105.50890338066785,2707.1370397431347,,,,False,False,not_attempted,0,0,0,0,83,0,0.0,176.43141531177028,0.0,False,,,False,9,10
proposed,adaptive,2,120.0,2.0,0,normal,normal,13 24 25 68,0,1.0,1.0,0.0,34.78037077224997,18.033333333333335,84,3,81,2.150613593169741,0.716871197723247,24.741554540164067,60.0,180.0,0.0,0.0,0.0,1139.5955789000727,0.0,0.0,24.741554540164067,180.0,101.10086336244001,2575.1489099165824,,,,False,False,not_attempted,0,0,0,0,49,0,0.0,176.33808197843695,215.0,False,,,False,8,7
proposed,adaptive,3,180.0,3.0,0,normal,normal,13 24 25 68,0,1.0,1.0,0.0,34.78037077224997,18.05,81,3,78,3.271356097706687,1.0904520325688958,28.012910637870753,60.0,240.0,0.0,0.0,0.0,1139.5955789000727,0.0,0.0,28.012910637870753,240.0,99.24169389457438,2575.1489099165824,,,,False,False,not_attempted,0,0,0,0,57,0,0.0,176.08417388140913,215.0,False,,,False,8,4
proposed,adaptive,4,240.0,4.0,0,normal,normal,13 24 25 68,0,1.0,1.0,0.0,34.78037077224997,18.066666666666666,78,1,77,3.7024315460081656,3.7024315460081656,31.715342183878917,60.0,300.0,0.0,0.0,0.0,1139.5955789000727,0.0,0.0,31.715342183878917,300.0,96.4371557706104,2523.292639918653,,,,False,False,not_attempted,0,0,0,0,61,0,0.0,174.23595111138894,249.0,False,,,False,7,3
proposed,adaptive,5,300.0,5.0,1,normal,normal,13 24 25 68,0,1.0,1.0,0.0,34.78037077224997,18.083333333333332,77,2,75,2.7189758189326834,1.3594879094663417,34.4343180028116,60.0,360.0,9.751672499929555,137.71697029995266,147.46864279988222,1287.064221699955,0.0,0.0,34.4343180028116,360.0,92.79090225860935,2353.701123446594,92.79090225860935,96.66345094303185,-3.8725486844224974,True,False,incumbent_not_worse,8,51,0,0,41,0,0.0,174.1426177780556,402.0,False,True,21.0,True,7,3
proposed,adaptive,6,360.0,6.0,1,normal,normal,13 24 25 68,0,1.0,1.0,0.0,34.78037077224997,18.1,75,3,72,4.611279417259635,1.5370931390865452,39.04559742007124,60.0,420.0,0.0,0.0,0.0,1287.064221699955,0.0,0.0,39.04559742007124,420.0,90.05551392370413,2353.701123446594,,,,False,False,not_attempted,0,0,0,0,41,0,0.0,173.80269504982573,402.0,False,,,False,7,2
proposed,adaptive,7,420.0,7.0,1,normal,normal,13 24 25 68,0,1.0,1.0,0.0,34.78037077224997,18.116666666666667,72,1,71,5.190400002822974,5.190400002822974,44.235997422894215,60.0,480.0,0.0,0.0,0.0,1287.064221699955,0.0,0.0,44.235997422894215,480.0,85.29960763845678,2350.428994697508,,,,False,False,not_attempted,0,0,0,0,51,0,0.0,171.7315048732715,402.0,False,,,False,7,1
proposed,adaptive,8,480.0,8.0,1,normal,normal,13 24 25 68,0,1.0,1.0,0.0,34.78037077224997,18.133333333333333,71,2,69,2.495136967710586,1.247568483855293,46.7311343906048,60.0,540.0,0.0,0.0,0.0,1287.064221699955,0.0,0.0,46.7311343906048,540.0,79.97940923294234,2176.3863390623183,,,,False,False,not_attempted,0,0,0,0,19,0,0.0,171.63817153993816,422.0,False,,,False,7,0
proposed,adaptive,9,540.0,9.0,1,normal,normal,13 24 25 68,0,1.0,1.0,0.0,34.78037077224997,18.15,69,4,65,2.2682353970901716,0.5670588492725429,48.999369787694974,60.0,600.0,0.0,0.0,0.0,1287.064221699955,0.0,0.0,48.999369787694974,600.0,77.62879857543831,2176.3863390623183,,,,False,False,not_attempted,0,0,0,0,19,0,0.0,171.54640459197284,574.0,False,,,False,7,0
proposed,adaptive,10,600.0,10.0,2,degrading,degrading,13 24 25 68,0,1.0,1.0,0.0,34.78037077224997,18.166666666666668,65,1,64,2.264359248722955,2.264359248722955,51.26372903641793,60.0,660.0,5.849997978657484e-05,73.3263622999657,73.32642079994548,1360.3906424999004,0.0,0.0,51.26372903641793,660.0,75.37762181306357,2157.509480549697,75.37762181306357,80.01441057614328,-4.636788763079707,True,False,incumbent_not_worse,4,25,0,0,29,0,0.0,171.29011539682318,574.0,False,True,22.0,True,7,0
proposed,adaptive,11,660.0,11.0,2,degrading,degrading,13 24 25 68,2681,1.06951871657754,0.935,0.0,34.60155362914376,18.183333333333334,64,2,62,3.1924565475870352,1.5962282737935176,54.45618558400496,60.0,720.0,0.0,0.0,0.0,1360.3906424999004,0.0,0.0,54.45618558400496,720.0,75.26677719890463,2028.151336758179,,,,False,False,not_attempted,0,0,0,0,39,9,0.23076923076923078,171.19678206348985,700.0,False,,,False,7,0
proposed,adaptive,12,720.0,12.0,2,degrading,degrading,13 24 25 68,2681,1.1494252873563218,0.87,0.0,34.39569006737746,18.2,62,3,59,3.6010711421850123,1.200357047395004,58.057256726189976,60.0,780.0,0.0,0.0,0.0,1360.3906424999004,0.0,0.0,58.057256726189976,780.0,74.2878355867732,2043.9572026212552,,,,False,False,not_attempted,0,0,0,0,41,1,0.024390243902439025,169.9712503230566,791.0,False,,,False,7,0
proposed,adaptive,13,780.0,13.0,2,degrading,degrading,13 24 25 68,2681,1.2422360248447206,0.8049999999999999,0.0,34.15939207694038,18.216666666666665,59,1,58,3.4683859940599824,3.4683859940599824,61.52564272024996,60.0,840.0,0.0,0.0,0.0,1360.3906424999004,0.0,0.0,61.52564272024996,840.0,72.99161620789174,2039.1167408195015,,,,False,False,not_attempted,0,0,0,0,48,0,0.0,168.5742888930247,791.0,False,,,False,7,0
proposed,adaptive,14,840.0,14.0,2,degrading,degrading,13 24 25 68,2681,1.3513513513513513,0.74,0.0,33.885701393776806,18.233333333333334,58,2,56,1.8447899412817517,0.9223949706408758,63.370432661531716,60.0,900.0,0.0,0.0,0.0,1360.3906424999004,0.0,0.0,63.370432661531716,900.0,72.51289163228721,1999.365533095167,,,,False,False,not_attempted,0,0,0,0,42,0,0.0,168.15686244557824,848.0,False,,,False,7,0
proposed,adaptive,15,900.0,15.0,3,degrading,degrading,13 24 25 68,2681,1.4814814814814814,0.675,0.0,33.56497967065395,18.25,56,2,54,1.7049707123781843,0.8524853561890922,65.0754033739099,60.0,960.0,9.560912999906577,125.09119409997948,134.65210709988605,1495.0427495997865,0.0,0.0,65.0754033739099,960.0,74.15457810500992,1889.039642515002,74.15457810500992,83.21266811060043,-9.058090005590515,True,False,incumbent_not_worse,5,33,0,0,32,0,0.0,168.0635291122449,848.0,False,False,32.0,True,7,0
proposed,adaptive,16,960.0,16.0,3,degrading,degrading,13 24 25 68,2681,1.639344262295082,0.61,0.0,33.18396468746468,18.266666666666666,54,2,52,2.0395326477836626,1.0197663238918313,67.11493602169355,60.0,1020.0,0.0,0.0,0.0,1495.0427495997865,0.0,0.0,67.11493602169355,1020.0,76.33065239458104,1920.2655844368453,,,,False,False,not_attempted,0,0,0,0,28,0,0.0,167.08289017604287,907.0,False,,,False,7,0
proposed,adaptive,17,1020.0,17.0,3,degrading,degrading,13 24 25 68,2681,1.8348623853211008,0.545,0.0,32.72389050058952,18.283333333333335,52,4,48,3.84285201607133,0.9607130040178326,70.95778803776489,60.0,1080.0,0.0,0.0,0.0,1495.0427495997865,0.0,0.0,70.95778803776489,1080.0,79.62233635060778,1915.8654981569525,,,,False,False,not_attempted,0,0,0,0,43,0,0.0,166.46306654949578,930.0,False,,,False,7,0
proposed,adaptive,18,1080.0,18.0,3,degrading,degrading,13 24 25 68,2681,2.0833333333333335,0.48,0.0,32.157301947836125,18.3,48,1,47,2.499765042972072,2.499765042972072,73.45755308073696,60.0,1140.0,0.0,0.0,0.0,1495.0427495997865,0.0,0.0,73.45755308073696,1140.0,81.98215565446544,1828.2973604912777,,,,False,False,not_attempted,0,0,0,0,33,0,0.0,166.36973321616244,930.0,False,,,False,7,0
proposed,adaptive,19,1140.0,19.0,3,degrading,degrading,13 24 25 68,2681,2.409638554216868,0.4149999999999999,0.0,31.44236703830193,18.316666666666666,47,2,45,1.6825675060822607,0.8412837530411303,75.14012058681922,60.0,1200.0,0.0,0.0,0.0,1495.0427495997865,0.0,0.0,75.14012058681922,1200.0,87.55341957341447,1892.8419467679796,,,,False,False,not_attempted,0,0,0,0,7,0,0.0,165.7503132487021,988.0,False,,,False,7,0
proposed,adaptive,20,1200.0,20.0,4,disrupted,holding,13 24 25 68,2681,2.857142857142857,0.35,0.0,30.51204894886194,18.333333333333332,45,5,40,1.5133723083243753,0.30267446166487505,76.6534928951436,60.0,1260.0,9.789062600000761,107.30262139998376,117.09168399998453,1612.134433599771,0.0,0.0,76.6534928951436,1260.0,97.56924069784766,1843.4980062936027,97.56924069784766,99.99928871518402,-2.430048017336361,True,False,incumbent_not_worse,7,22,0,0,35,0,0.0,165.65697991536877,1072.0,False,True,23.0,True,7,0
proposed,adaptive,21,1260.0,21.0,4,disrupted,disrupted,13 24 25 68,2681,2.857142857142857,0.35,0.0,30.51204894886194,18.35,40,2,38,3.360514484594994,1.680257242297497,80.0140073797386,60.0,1320.0,0.0,0.0,0.0,1612.134433599771,0.0,0.0,80.0140073797386,1320.0,96.24603021180009,1843.4980062936027,,,,False,False,not_attempted,0,0,0,0,27,5,0.18518518518518517,165.32368468334354,1171.0,False,,,False,6,0
proposed,adaptive,22,1320.0,22.0,4,disrupted,disrupted,13 24 25 68,2681,2.857142857142857,0.35,0.0,30.51204894886194,18.366666666666667,38,1,37,0.9652518546336065,0.9652518546336065,80.97925923437221,60.0,1380.0,0.0,0.0,0.0,1612.134433599771,0.0,0.0,80.97925923437221,1380.0,91.93885287946397,1808.0938873004677,,,,False,False,not_attempted,0,0,0,0,6,0,0.0,165.03699232660028,1215.0,False,,,False,6,0
proposed,adaptive,23,1380.0,23.0,4,disrupted,disrupted,13 24 25 68,2681,2.857142857142857,0.35,0.0,30.51204894886194,18.383333333333333,37,3,34,1.2407071527783733,0.41356905092612445,82.21996638715058,60.0,1440.0,0.0,0.0,0.0,1612.134433599771,0.0,0.0,82.21996638715058,1440.0,91.43847442385342,1676.935585401107,,,,False,False,not_attempted,0,0,0,0,6,2,0.3333333333333333,164.94365899326695,1215.0,False,,,False,6,0
proposed,adaptive,24,1440.0,24.0,4,disrupted,disrupted,13 24 25 68,2681,2.857142857142857,0.35,0.0,30.51204894886194,18.4,34,2,32,2.823475451229408,1.411737725614704,85.04344183837999,60.0,1500.0,0.0,0.0,0.0,1612.134433599771,0.0,0.0,85.04344183837999,1500.0,90.29291587291323,1676.935585401107,,,,False,False,not_attempted,0,0,0,0,26,3,0.11538461538461539,164.71876669802194,1215.0,False,,,False,6,0
proposed,adaptive,25,1500.0,25.0,5,disrupted,disrupted,13 24 25 68,2681,2.857142857142857,0.35,0.0,30.51204894886194,18.416666666666668,32,1,31,2.048194602947538,2.048194602947538,87.09163644132752,60.0,1560.0,6.009999196976423e-05,50.24829650006723,50.248356600059196,1662.3827901998302,0.0,0.0,87.09163644132752,1560.0,87.68357541819542,1531.8635192793083,87.68357541819542,90.18349809512524,-2.4999226769298275,True,False,incumbent_not_worse,4,18,0,0,44,1,0.022727272727272728,164.6254333646886,1215.0,False,True,19.0,True,6,0
proposed,adaptive,26,1560.0,26.0,5,disrupted,disrupted,13 24 25 68,2681,2.857142857142857,0.35,0.0,30.51204894886194,18.433333333333334,31,2,29,1.6212135744504659,0.8106067872252329,88.71285001577799,60.0,1620.0,0.0,0.0,0.0,1662.3827901998302,0.0,0.0,88.71285001577799,1620.0,85.7100542041743,1531.8635192793083,,,,False,False,not_attempted,0,0,0,0,39,1,0.02564102564102564,163.96632685146568,1373.0,False,,,False,6,0
proposed,adaptive,27,1620.0,27.0,5,disrupted,disrupted,13 24 25 68,2681,2.857142857142857,0.35,0.0,30.51204894886194,18.45,29,2,27,4.9906095848509,2.49530479242545,93.70345960062889,60.0,1680.0,0.0,0.0,0.0,1662.3827901998302,0.0,0.0,93.70345960062889,1680.0,83.76052818903281,1516.6670129784363,,,,False,False,not_attempted,0,0,0,0,45,0,0.0,161.41371659174663,1373.0,False,,,False,6,0
proposed,adaptive,28,1680.0,28.0,5,disrupted,disrupted,13 24 25 68,2681,2.857142857142857,0.35,0.0,30.51204894886194,18.466666666666665,27,0,27,3.6582221068953276,3.6582221068953276,97.36168170752421,60.0,1740.0,0.0,0.0,0.0,1662.3827901998302,0.0,0.0,97.36168170752421,1740.0,78.78456061970346,1364.164459905834,,,,False,False,not_attempted,0,0,0,0,15,8,0.5333333333333333,161.3203832584133,1373.0,False,,,False,6,0
proposed,adaptive,29,1740.0,29.0,5,disrupted,disrupted,13 24 25 68,2681,2.857142857142857,0.35,0.0,30.51204894886194,18.483333333333334,27,3,24,1.8751571147447708,0.6250523715815902,99.23683882226898,60.0,1800.0,0.0,0.0,0.0,1662.3827901998302,0.0,0.0,99.23683882226898,1800.0,75.31625557993,1364.164459905834,,,,False,False,not_attempted,0,0,0,0,16,2,0.125,160.74588886392843,1373.0,False,,,False,6,0
proposed,adaptive,30,1800.0,30.0,6,recovering,recovering,13 24 25 68,2681,2.857142857142857,0.35,0.0,30.51204894886194,18.5,24,1,23,2.918546008071032,2.918546008071032,102.15538483034001,60.0,1860.0,5.889998283237219e-05,36.69682770001236,36.696886599995196,1699.0796767998254,0.0,0.0,102.15538483034001,1860.0,73.08498776687388,1221.665276515697,73.28210503738872,73.08498776687388,0.19711727051483763,True,True,lower_residual_energy,3,5,3,5,26,1,0.038461538461538464,160.6525555305951,1587.0,False,True,21.0,True,7,0
proposed,adaptive,31,1860.0,31.0,6,recovering,recovering,13 24 25 68,2681,2.6595744680851063,0.376,0.04,30.91589731653039,18.516666666666666,23,2,21,3.0931403457543825,1.5465701728771912,105.24852517609439,60.0,1920.0,0.0,0.0,0.0,1699.0796767998254,0.0,0.0,105.24852517609439,1920.0,65.75768897539764,1182.585393274606,,,,False,False,not_attempted,0,0,0,0,8,7,0.875,160.51038962066076,1587.0,False,,,False,6,0
proposed,adaptive,32,1920.0,32.0,6,recovering,recovering,13 24 25 68,2681,2.4875621890547266,0.40199999999999997,0.08,31.276313688751998,18.533333333333335,21,4,17,2.979774452792995,0.7449436131982488,108.22829962888738,60.0,1980.0,0.0,0.0,0.0,1699.0796767998254,0.0,0.0,108.22829962888738,1980.0,59.32247201509707,1107.7611592892558,,,,False,False,not_attempted,0,0,0,0,15,2,0.13333333333333333,158.60741715819793,1587.0,False,,,False,6,0
proposed,adaptive,33,1980.0,33.0,6,recovering,recovering,13 24 25 68,2681,2.336448598130841,0.428,0.12,31.59994690075087,18.55,17,0,17,1.2950593478052315,1.2950593478052315,109.52335897669262,60.0,2040.0,0.0,0.0,0.0,1699.0796767998254,0.0,0.0,109.52335897669262,2040.0,53.49842373339801,1051.6829421240789,,,,False,False,not_attempted,0,0,0,0,5,0,0.0,158.13736726821074,1587.0,False,,,False,5,0
proposed,adaptive,34,2040.0,34.0,6,recovering,recovering,13 24 25 68,2681,2.2026431718061676,0.45399999999999996,0.16,31.89215455207436,18.566666666666666,17,4,13,4.295796182508662,1.0739490456271654,113.81915515920129,60.0,2100.0,0.0,0.0,0.0,1699.0796767998254,0.0,0.0,113.81915515920129,2100.0,50.23775912126698,909.0518949776732,,,,False,False,not_attempted,0,0,0,0,29,12,0.41379310344827586,158.0440339348774,1669.0,False,,,False,4,0
proposed,adaptive,35,2100.0,35.0,7,recovering,recovering,13 24 25 68,2681,2.0833333333333335,0.48,0.2,32.157301947836125,18.583333333333332,13,2,11,3.2650912343810754,1.6325456171905377,117.08424639358236,60.0,2160.0,10.542225899989717,22.318454599939287,32.860680499929,1731.9403572997544,0.0,0.0,117.08424639358236,2160.0,44.2982578160117,888.8725446054616,44.2982578160117,44.2982578160117,0.0,True,False,incumbent_not_worse,0,0,0,0,17,7,0.4117647058823529,155.93302631600778,1669.0,False,True,29.0,True,4,0
proposed,adaptive,36,2160.0,36.0,7,recovering,recovering,13 24 25 68,2681,1.976284584980237,0.506,0.24,32.398981663836956,18.6,11,0,11,3.0673226102248936,3.0673226102248936,120.15156900380725,60.0,2220.0,0.0,0.0,0.0,1731.9403572997544,0.0,0.0,120.15156900380725,2220.0,39.02149403844243,805.0564563493169,,,,False,False,not_attempted,0,0,0,0,11,6,0.5454545454545454,153.93526358419712,1669.0,False,,,False,4,0
proposed,adaptive,37,2220.0,37.0,7,recovering,recovering,13 24 25 68,2681,1.8796992481203008,0.532,0.28,32.62017728250752,18.616666666666667,11,1,10,5.704269338491661,5.704269338491661,125.85583834229891,60.0,2280.0,0.0,0.0,0.0,1731.9403572997544,0.0,0.0,125.85583834229891,2280.0,35.065702197665644,747.5659888973455,,,,False,False,not_attempted,0,0,0,0,13,7,0.5384615384615384,148.9954909702778,1669.0,False,,,False,3,0
proposed,adaptive,38,2280.0,38.0,7,recovering,recovering,13 24 25 68,2681,1.7921146953405016,0.558,0.32,32.82338718808226,18.633333333333333,10,2,8,1.2193072566384586,0.6096536283192293,127.07514559893737,60.0,2340.0,0.0,0.0,0.0,1731.9403572997544,0.0,0.0,127.07514559893737,2340.0,28.5486561087301,583.4398096523332,,,,False,False,not_attempted,0,0,0,0,5,5,1.0,148.90215763694448,1746.0,False,,,False,3,0
proposed,adaptive,39,2340.0,39.0,7,recovering,recovering,13 24 25 68,2681,1.7123287671232879,0.584,0.36,33.010719343667866,18.65,8,2,6,3.054589281189994,1.527294640594997,130.12973488012736,60.0,2400.0,0.0,0.0,0.0,1731.9403572997544,0.0,0.0,130.12973488012736,2400.0,26.93383806851254,576.0080049259585,,,,False,False,not_attempted,0,0,0,0,22,11,0.5,147.57122789784822,1820.0,False,,,False,3,0
proposed,adaptive,40,2400.0,40.0,8,recovering,recovering,13 24 25 68,2681,1.639344262295082,0.61,0.4,33.18396468746468,18.666666666666668,6,0,6,2.666887923201048,2.666887923201048,132.7966228033284,60.0,2460.0,10.585765599971637,27.488618799950927,38.074384399922565,1770.014741699677,0.0,0.0,132.7966228033284,2460.0,23.624275242213137,547.9764265782601,23.624275242213134,23.624275242213137,-3.552713678800501e-15,True,False,incumbent_not_worse,0,0,0,0,21,3,0.14285714285714285,145.90491613740434,1820.0,False,True,26.0,True,3,0
proposed,adaptive,41,2460.0,41.0,8,recovering,recovering,13 24 25 68,2681,1.572327044025157,0.636,0.44,33.34465457144562,18.683333333333334,6,0,6,0.28351327334731524,0.28351327334731524,133.08013607667573,60.0,2520.0,0.0,0.0,0.0,1770.014741699677,0.0,0.0,133.08013607667573,2520.0,20.46753831603992,383.3651593672274,,,,False,False,not_attempted,0,0,0,0,0,0,0.0,145.811582804071,1820.0,False,,,False,3,0
proposed,adaptive,42,2520.0,42.0,8,recovering,recovering,13 24 25 68,2681,1.5105740181268883,0.6619999999999999,0.48,33.49410614862006,18.7,6,2,4,0.9807613022376134,0.4903806511188067,134.06089737891335,60.0,2580.0,0.0,0.0,0.0,1770.014741699677,0.0,0.0,134.06089737891335,2580.0,20.049112835337105,379.9539311908075,,,,False,False,not_attempted,0,0,0,0,8,2,0.25,145.19972279498833,1866.0,False,,,False,2,0
proposed,adaptive,43,2580.0,43.0,8,recovering,recovering,13 24 25 68,2681,1.4534883720930234,0.688,0.52,33.63345855918624,18.716666666666665,4,1,3,1.3105807444637554,1.3105807444637554,135.3714781233771,60.0,2640.0,0.0,0.0,0.0,1770.014741699677,0.0,0.0,135.3714781233771,2640.0,18.88963323932727,345.8185080617807,,,,False,False,not_attempted,0,0,0,0,5,2,0.4,144.01969382531155,1966.0,False,,,False,2,0
proposed,adaptive,44,2640.0,44.0,8,recovering,recovering,13 24 25 68,2681,1.400560224089636,0.714,0.56,33.76370202062083,18.733333333333334,3,0,3,0.18666666666666665,0.18666666666666665,135.55814479004377,60.0,2700.0,0.0,0.0,0.0,1770.014741699677,0.0,0.0,135.55814479004377,2700.0,17.45797290862056,209.33800535552484,,,,False,False,not_attempted,0,0,0,0,0,0,0.0,143.92636049197822,1966.0,False,,,False,1,0
proposed,adaptive,45,2700.0,45.0,9,recovering,recovering,13 24 25 68,2681,1.3513513513513513,0.74,0.6,33.885701393776806,18.75,3,2,1,2.558380134494993,1.2791900672474965,138.11652492453877,60.0,2760.0,10.876853800029494,0.060826599947176874,10.93768039997667,1780.9524220996536,0.0,0.0,138.11652492453877,2760.0,17.352773977125207,208.1845904251387,17.352773977125207,17.352773977125207,0.0,True,False,incumbent_not_worse,0,0,0,0,4,4,1.0,141.3845185960754,1973.0,False,True,19.0,True,1,0
proposed,adaptive,46,2760.0,46.0,9,recovering,recovering,13 24 25 68,2681,1.3054830287206267,0.766,0.64,34.00021541123871,18.766666666666666,1,0,1,0.09333333333333332,0.09333333333333332,138.2098582578721,60.0,2820.0,0.0,0.0,0.0,1780.9524220996536,0.0,0.0,138.2098582578721,2820.0,14.662044725249993,81.84868277849249,,,,False,False,not_attempted,0,0,0,0,0,0,0.0,141.29118526274206,1973.0,False,,,False,0,0
proposed,adaptive,47,2820.0,47.0,9,recovering,recovering,13 24 25 68,2681,1.2626262626262625,0.792,0.68,34.10791247171747,18.783333333333335,1,1,0,14.72628376040134,14.72628376040134,152.93614201827344,140.89338307010928,2960.893383070109,0.0,0.0,0.0,1780.9524220996536,0.0,0.0,152.93614201827344,2960.893383070109,14.65394348585108,81.84868277849249,,,,False,False,not_attempted,0,0,0,0,154,1,0.006493506493506494,138.49558788023177,1973.0,True,,,False,0,0
proposed,static_live,0,0.0,0.0,0,normal,initial,13 24 25 68,0,1.0,1.0,0.0,34.78037077224997,18.0,84,0,84,18.947812200580838,18.947812200580838,18.947812200580838,60.0,60.0,10.709383900044486,1128.8861950000282,1139.5955789000727,1139.5955789000727,0.0,0.0,18.947812200580838,60.0,124.98723160038621,2771.5048752969888,,,,False,False,initial_plan,0,0,0,0,123,0,0.0,177.2717760608753,0.0,False,,,True,10,10
proposed,static_live,1,60.0,1.0,0,normal,normal,13 24 25 68,0,1.0,1.0,0.0,34.78037077224997,18.016666666666666,84,0,84,3.6431287464134887,3.6431287464134887,22.590940946994326,60.0,120.0,0.0,0.0,0.0,1139.5955789000727,0.0,0.0,22.590940946994326,120.0,105.50890338066785,2707.1370397431347,,,,False,False,not_attempted,0,0,0,0,83,0,0.0,176.43141531177028,0.0,False,,,False,9,10
proposed,static_live,2,120.0,2.0,0,normal,normal,13 24 25 68,0,1.0,1.0,0.0,34.78037077224997,18.033333333333335,84,3,81,2.150613593169741,0.716871197723247,24.741554540164067,60.0,180.0,0.0,0.0,0.0,1139.5955789000727,0.0,0.0,24.741554540164067,180.0,101.10086336244001,2575.1489099165824,,,,False,False,not_attempted,0,0,0,0,49,0,0.0,176.33808197843695,215.0,False,,,False,8,7
proposed,static_live,3,180.0,3.0,0,normal,normal,13 24 25 68,0,1.0,1.0,0.0,34.78037077224997,18.05,81,3,78,3.271356097706687,1.0904520325688958,28.012910637870753,60.0,240.0,0.0,0.0,0.0,1139.5955789000727,0.0,0.0,28.012910637870753,240.0,99.24169389457438,2575.1489099165824,,,,False,False,not_attempted,0,0,0,0,57,0,0.0,176.08417388140913,215.0,False,,,False,8,4
proposed,static_live,4,240.0,4.0,0,normal,normal,13 24 25 68,0,1.0,1.0,0.0,34.78037077224997,18.066666666666666,78,1,77,3.7024315460081656,3.7024315460081656,31.715342183878917,60.0,300.0,0.0,0.0,0.0,1139.5955789000727,0.0,0.0,31.715342183878917,300.0,96.4371557706104,2523.292639918653,,,,False,False,not_attempted,0,0,0,0,61,0,0.0,174.23595111138894,249.0,False,,,False,7,3
proposed,static_live,5,300.0,5.0,1,normal,normal,13 24 25 68,0,1.0,1.0,0.0,34.78037077224997,18.083333333333332,77,2,75,2.7189758189326834,1.3594879094663417,34.4343180028116,60.0,360.0,0.0,0.0,0.0,1139.5955789000727,0.0,0.0,34.4343180028116,360.0,92.79090225860935,2353.701123446594,,,,False,False,not_attempted,0,0,0,0,41,0,0.0,174.1426177780556,402.0,False,,,False,7,3
proposed,static_live,6,360.0,6.0,1,normal,normal,13 24 25 68,0,1.0,1.0,0.0,34.78037077224997,18.1,75,3,72,4.611279417259635,1.5370931390865452,39.04559742007124,60.0,420.0,0.0,0.0,0.0,1139.5955789000727,0.0,0.0,39.04559742007124,420.0,90.05551392370413,2353.701123446594,,,,False,False,not_attempted,0,0,0,0,41,0,0.0,173.80269504982573,402.0,False,,,False,7,2
proposed,static_live,7,420.0,7.0,1,normal,normal,13 24 25 68,0,1.0,1.0,0.0,34.78037077224997,18.116666666666667,72,1,71,5.190400002822974,5.190400002822974,44.235997422894215,60.0,480.0,0.0,0.0,0.0,1139.5955789000727,0.0,0.0,44.235997422894215,480.0,85.29960763845678,2350.428994697508,,,,False,False,not_attempted,0,0,0,0,51,0,0.0,171.7315048732715,402.0,False,,,False,7,1
proposed,static_live,8,480.0,8.0,1,normal,normal,13 24 25 68,0,1.0,1.0,0.0,34.78037077224997,18.133333333333333,71,2,69,2.495136967710586,1.247568483855293,46.7311343906048,60.0,540.0,0.0,0.0,0.0,1139.5955789000727,0.0,0.0,46.7311343906048,540.0,79.97940923294234,2176.3863390623183,,,,False,False,not_attempted,0,0,0,0,19,0,0.0,171.63817153993816,422.0,False,,,False,7,0
proposed,static_live,9,540.0,9.0,1,normal,normal,13 24 25 68,0,1.0,1.0,0.0,34.78037077224997,18.15,69,4,65,2.2682353970901716,0.5670588492725429,48.999369787694974,60.0,600.0,0.0,0.0,0.0,1139.5955789000727,0.0,0.0,48.999369787694974,600.0,77.62879857543831,2176.3863390623183,,,,False,False,not_attempted,0,0,0,0,19,0,0.0,171.54640459197284,574.0,False,,,False,7,0
proposed,static_live,10,600.0,10.0,2,degrading,degrading,13 24 25 68,0,1.0,1.0,0.0,34.78037077224997,18.166666666666668,65,1,64,2.264359248722955,2.264359248722955,51.26372903641793,60.0,660.0,0.0,0.0,0.0,1139.5955789000727,0.0,0.0,51.26372903641793,660.0,75.37762181306358,2157.509480549697,,,,False,False,not_attempted,0,0,0,0,29,0,0.0,171.29011539682318,574.0,False,,,False,7,0
proposed,static_live,11,660.0,11.0,2,degrading,degrading,13 24 25 68,2681,1.06951871657754,0.935,0.0,34.60155362914376,18.183333333333334,64,2,62,3.1924565475870352,1.5962282737935176,54.45618558400496,60.0,720.0,0.0,0.0,0.0,1139.5955789000727,0.0,0.0,54.45618558400496,720.0,75.26677719890463,2028.151336758179,,,,False,False,not_attempted,0,0,0,0,39,9,0.23076923076923078,171.19678206348985,700.0,False,,,False,7,0
proposed,static_live,12,720.0,12.0,2,degrading,degrading,13 24 25 68,2681,1.1494252873563218,0.87,0.0,34.39569006737746,18.2,62,3,59,3.6010711421850123,1.200357047395004,58.057256726189976,60.0,780.0,0.0,0.0,0.0,1139.5955789000727,0.0,0.0,58.057256726189976,780.0,74.2878355867732,2043.9572026212552,,,,False,False,not_attempted,0,0,0,0,41,1,0.024390243902439025,169.9712503230566,791.0,False,,,False,7,0
proposed,static_live,13,780.0,13.0,2,degrading,degrading,13 24 25 68,2681,1.2422360248447206,0.8049999999999999,0.0,34.15939207694038,18.216666666666665,59,1,58,3.4683859940599824,3.4683859940599824,61.52564272024996,60.0,840.0,0.0,0.0,0.0,1139.5955789000727,0.0,0.0,61.52564272024996,840.0,72.99161620789174,2039.1167408195015,,,,False,False,not_attempted,0,0,0,0,48,0,0.0,168.5742888930247,791.0,False,,,False,7,0
proposed,static_live,14,840.0,14.0,2,degrading,degrading,13 24 25 68,2681,1.3513513513513513,0.74,0.0,33.885701393776806,18.233333333333334,58,2,56,1.8447899412817517,0.9223949706408758,63.370432661531716,60.0,900.0,0.0,0.0,0.0,1139.5955789000727,0.0,0.0,63.370432661531716,900.0,72.51289163228721,1999.365533095167,,,,False,False,not_attempted,0,0,0,0,42,0,0.0,168.15686244557824,848.0,False,,,False,7,0
proposed,static_live,15,900.0,15.0,3,degrading,degrading,13 24 25 68,2681,1.4814814814814814,0.675,0.0,33.56497967065395,18.25,56,2,54,1.7049707123781843,0.8524853561890922,65.0754033739099,60.0,960.0,0.0,0.0,0.0,1139.5955789000727,0.0,0.0,65.0754033739099,960.0,74.15457810500992,1889.039642515002,,,,False,False,not_attempted,0,0,0,0,32,0,0.0,168.0635291122449,848.0,False,,,False,7,0
proposed,static_live,16,960.0,16.0,3,degrading,degrading,13 24 25 68,2681,1.639344262295082,0.61,0.0,33.18396468746468,18.266666666666666,54,2,52,2.0395326477836626,1.0197663238918313,67.11493602169355,60.0,1020.0,0.0,0.0,0.0,1139.5955789000727,0.0,0.0,67.11493602169355,1020.0,76.33065239458104,1920.2655844368453,,,,False,False,not_attempted,0,0,0,0,28,0,0.0,167.08289017604287,907.0,False,,,False,7,0
proposed,static_live,17,1020.0,17.0,3,degrading,degrading,13 24 25 68,2681,1.8348623853211008,0.545,0.0,32.72389050058952,18.283333333333335,52,4,48,3.84285201607133,0.9607130040178326,70.95778803776489,60.0,1080.0,0.0,0.0,0.0,1139.5955789000727,0.0,0.0,70.95778803776489,1080.0,79.62233635060778,1915.8654981569525,,,,False,False,not_attempted,0,0,0,0,43,0,0.0,166.46306654949578,930.0,False,,,False,7,0
proposed,static_live,18,1080.0,18.0,3,degrading,degrading,13 24 25 68,2681,2.0833333333333335,0.48,0.0,32.157301947836125,18.3,48,1,47,2.499765042972072,2.499765042972072,73.45755308073696,60.0,1140.0,0.0,0.0,0.0,1139.5955789000727,0.0,0.0,73.45755308073696,1140.0,81.98215565446544,1828.2973604912777,,,,False,False,not_attempted,0,0,0,0,33,0,0.0,166.36973321616244,930.0,False,,,False,7,0
proposed,static_live,19,1140.0,19.0,3,degrading,degrading,13 24 25 68,2681,2.409638554216868,0.4149999999999999,0.0,31.44236703830193,18.316666666666666,47,2,45,1.6825675060822607,0.8412837530411303,75.14012058681922,60.0,1200.0,0.0,0.0,0.0,1139.5955789000727,0.0,0.0,75.14012058681922,1200.0,87.55341957341447,1892.8419467679796,,,,False,False,not_attempted,0,0,0,0,7,0,0.0,165.7503132487021,988.0,False,,,False,7,0
proposed,static_live,20,1200.0,20.0,4,disrupted,holding,13 24 25 68,2681,2.857142857142857,0.35,0.0,30.51204894886194,18.333333333333332,45,5,40,1.5133723083243753,0.30267446166487505,76.6534928951436,60.0,1260.0,0.0,0.0,0.0,1139.5955789000727,0.0,0.0,76.6534928951436,1260.0,97.56924069784766,1843.4980062936027,,,,False,False,not_attempted,0,0,0,0,35,0,0.0,165.65697991536877,1072.0,False,,,False,7,0
proposed,static_live,21,1260.0,21.0,4,disrupted,disrupted,13 24 25 68,2681,2.857142857142857,0.35,0.0,30.51204894886194,18.35,40,2,38,3.360514484594994,1.680257242297497,80.0140073797386,60.0,1320.0,0.0,0.0,0.0,1139.5955789000727,0.0,0.0,80.0140073797386,1320.0,96.24603021180009,1843.4980062936027,,,,False,False,not_attempted,0,0,0,0,27,5,0.18518518518518517,165.32368468334354,1171.0,False,,,False,6,0
proposed,static_live,22,1320.0,22.0,4,disrupted,disrupted,13 24 25 68,2681,2.857142857142857,0.35,0.0,30.51204894886194,18.366666666666667,38,1,37,0.9652518546336065,0.9652518546336065,80.97925923437221,60.0,1380.0,0.0,0.0,0.0,1139.5955789000727,0.0,0.0,80.97925923437221,1380.0,91.93885287946397,1808.0938873004677,,,,False,False,not_attempted,0,0,0,0,6,0,0.0,165.03699232660028,1215.0,False,,,False,6,0
proposed,static_live,23,1380.0,23.0,4,disrupted,disrupted,13 24 25 68,2681,2.857142857142857,0.35,0.0,30.51204894886194,18.383333333333333,37,3,34,1.2407071527783733,0.41356905092612445,82.21996638715058,60.0,1440.0,0.0,0.0,0.0,1139.5955789000727,0.0,0.0,82.21996638715058,1440.0,91.43847442385342,1676.935585401107,,,,False,False,not_attempted,0,0,0,0,6,2,0.3333333333333333,164.94365899326695,1215.0,False,,,False,6,0
proposed,static_live,24,1440.0,24.0,4,disrupted,disrupted,13 24 25 68,2681,2.857142857142857,0.35,0.0,30.51204894886194,18.4,34,2,32,2.823475451229408,1.411737725614704,85.04344183837999,60.0,1500.0,0.0,0.0,0.0,1139.5955789000727,0.0,0.0,85.04344183837999,1500.0,90.29291587291323,1676.935585401107,,,,False,False,not_attempted,0,0,0,0,26,3,0.11538461538461539,164.71876669802194,1215.0,False,,,False,6,0
proposed,static_live,25,1500.0,25.0,5,disrupted,disrupted,13 24 25 68,2681,2.857142857142857,0.35,0.0,30.51204894886194,18.416666666666668,32,1,31,2.048194602947538,2.048194602947538,87.09163644132752,60.0,1560.0,0.0,0.0,0.0,1139.5955789000727,0.0,0.0,87.09163644132752,1560.0,87.68357541819542,1531.8635192793083,,,,False,False,not_attempted,0,0,0,0,44,1,0.022727272727272728,164.6254333646886,1215.0,False,,,False,6,0
proposed,static_live,26,1560.0,26.0,5,disrupted,disrupted,13 24 25 68,2681,2.857142857142857,0.35,0.0,30.51204894886194,18.433333333333334,31,2,29,1.6212135744504659,0.8106067872252329,88.71285001577799,60.0,1620.0,0.0,0.0,0.0,1139.5955789000727,0.0,0.0,88.71285001577799,1620.0,85.7100542041743,1531.8635192793083,,,,False,False,not_attempted,0,0,0,0,39,1,0.02564102564102564,163.96632685146568,1373.0,False,,,False,6,0
proposed,static_live,27,1620.0,27.0,5,disrupted,disrupted,13 24 25 68,2681,2.857142857142857,0.35,0.0,30.51204894886194,18.45,29,2,27,4.9906095848509,2.49530479242545,93.70345960062889,60.0,1680.0,0.0,0.0,0.0,1139.5955789000727,0.0,0.0,93.70345960062889,1680.0,83.76052818903281,1516.6670129784363,,,,False,False,not_attempted,0,0,0,0,45,0,0.0,161.41371659174663,1373.0,False,,,False,6,0
proposed,static_live,28,1680.0,28.0,5,disrupted,disrupted,13 24 25 68,2681,2.857142857142857,0.35,0.0,30.51204894886194,18.466666666666665,27,0,27,3.6582221068953276,3.6582221068953276,97.36168170752421,60.0,1740.0,0.0,0.0,0.0,1139.5955789000727,0.0,0.0,97.36168170752421,1740.0,78.78456061970346,1364.164459905834,,,,False,False,not_attempted,0,0,0,0,15,8,0.5333333333333333,161.3203832584133,1373.0,False,,,False,6,0
proposed,static_live,29,1740.0,29.0,5,disrupted,disrupted,13 24 25 68,2681,2.857142857142857,0.35,0.0,30.51204894886194,18.483333333333334,27,3,24,1.8751571147447708,0.6250523715815902,99.23683882226898,60.0,1800.0,0.0,0.0,0.0,1139.5955789000727,0.0,0.0,99.23683882226898,1800.0,75.31625557993,1364.164459905834,,,,False,False,not_attempted,0,0,0,0,16,2,0.125,160.74588886392843,1373.0,False,,,False,6,0
proposed,static_live,30,1800.0,30.0,6,recovering,recovering,13 24 25 68,2681,2.857142857142857,0.35,0.0,30.51204894886194,18.5,24,1,23,2.8694968197693442,2.8694968197693442,102.10633564203832,60.0,1860.0,0.0,0.0,0.0,1139.5955789000727,0.0,0.0,102.10633564203832,1860.0,73.28210503738872,1221.665276515697,,,,False,False,not_attempted,0,0,0,0,27,1,0.037037037037037035,160.6525555305951,1587.0,False,,,False,6,0
proposed,static_live,31,1860.0,31.0,6,recovering,recovering,13 24 25 68,2681,2.6595744680851063,0.376,0.04,30.91589731653039,18.516666666666666,23,2,21,2.999807012421049,1.4999035062105246,105.10614265445936,60.0,1920.0,0.0,0.0,0.0,1139.5955789000727,0.0,0.0,105.10614265445936,1920.0,66.08480267009472,1182.585393274606,,,,False,False,not_attempted,0,0,0,0,8,7,0.875,160.51038962066076,1587.0,False,,,False,6,0
proposed,static_live,32,1920.0,32.0,6,recovering,recovering,13 24 25 68,2681,2.4875621890547266,0.40199999999999997,0.08,31.276313688751998,18.533333333333335,21,3,18,2.9729327903816776,0.9909775967938925,108.07907544484104,60.0,1980.0,0.0,0.0,0.0,1139.5955789000727,0.0,0.0,108.07907544484104,1980.0,59.64958570979415,1107.7611592892558,,,,False,False,not_attempted,0,0,0,0,15,2,0.13333333333333333,158.60741715819793,1762.0,False,,,False,6,0
proposed,static_live,33,1980.0,33.0,6,recovering,recovering,13 24 25 68,2681,2.336448598130841,0.428,0.12,31.59994690075087,18.55,18,0,18,1.3970875471301514,1.3970875471301514,109.4761629919712,60.0,2040.0,0.0,0.0,0.0,1139.5955789000727,0.0,0.0,109.4761629919712,2040.0,53.779489112215266,1051.6829421240789,,,,False,False,not_attempted,0,0,0,0,5,0,0.0,158.13736726821074,1762.0,False,,,False,6,0
proposed,static_live,34,2040.0,34.0,6,recovering,recovering,13 24 25 68,2681,2.2026431718061676,0.45399999999999996,0.16,31.89215455207436,18.566666666666666,18,4,14,4.473798700415526,1.1184496751038815,113.94996169238672,60.0,2100.0,0.0,0.0,0.0,1139.5955789000727,0.0,0.0,113.94996169238672,2100.0,50.45072133662444,909.0518949776732,,,,False,False,not_attempted,0,0,0,0,30,12,0.4,158.0440339348774,1762.0,False,,,False,5,0
proposed,static_live,35,2100.0,35.0,7,recovering,recovering,13 24 25 68,2681,2.0833333333333335,0.48,0.2,32.157301947836125,18.583333333333332,14,2,12,3.7284489090454143,1.8642244545227071,117.67841060143213,60.0,2160.0,0.0,0.0,0.0,1139.5955789000727,0.0,0.0,117.67841060143213,2160.0,44.27734276926189,888.8725446054616,,,,False,False,not_attempted,0,0,0,0,19,7,0.3684210526315789,155.93302631600778,1929.0,False,,,False,5,0
proposed,static_live,36,2160.0,36.0,7,recovering,recovering,13 24 25 68,2681,1.976284584980237,0.506,0.24,32.398981663836956,18.6,12,0,12,3.110168042679967,3.110168042679967,120.7885786441121,60.0,2220.0,0.0,0.0,0.0,1139.5955789000727,0.0,0.0,120.7885786441121,2220.0,38.48860566067791,805.0564563493169,,,,False,False,not_attempted,0,0,0,0,10,6,0.6,153.93526358419712,1929.0,False,,,False,4,0
proposed,static_live,37,2220.0,37.0,7,recovering,recovering,13 24 25 68,2681,1.8796992481203008,0.532,0.28,32.62017728250752,18.616666666666667,12,2,10,5.73990114260808,2.86995057130404,126.52847978672018,60.0,2280.0,0.0,0.0,0.0,1139.5955789000727,0.0,0.0,126.52847978672018,2280.0,34.59554711900597,747.5659888973455,,,,False,False,not_attempted,0,0,0,0,13,7,0.5384615384615384,148.9954909702778,1929.0,False,,,False,3,0
proposed,static_live,38,2280.0,38.0,7,recovering,recovering,13 24 25 68,2681,1.7921146953405016,0.558,0.32,32.82338718808226,18.633333333333333,10,2,8,1.2069206415594897,0.6034603207797449,127.73540042827968,60.0,2340.0,0.0,0.0,0.0,1139.5955789000727,0.0,0.0,127.73540042827968,2340.0,28.078501030070427,583.4398096523332,,,,False,False,not_attempted,0,0,0,0,5,5,1.0,148.90215763694448,1929.0,False,,,False,3,0
proposed,static_live,39,2340.0,39.0,7,recovering,recovering,13 24 25 68,2681,1.7123287671232879,0.584,0.36,33.010719343667866,18.65,8,2,6,3.054589281189994,1.527294640594997,130.78998970946967,60.0,2400.0,0.0,0.0,0.0,1139.5955789000727,0.0,0.0,130.78998970946967,2400.0,26.463682989852867,576.0080049259585,,,,False,False,not_attempted,0,0,0,0,22,11,0.5,147.57122789784822,1929.0,False,,,False,3,0
proposed,static_live,40,2400.0,40.0,8,recovering,recovering,13 24 25 68,2681,1.639344262295082,0.61,0.4,33.18396468746468,18.666666666666668,6,0,6,2.666887923201048,2.666887923201048,133.4568776326707,60.0,2460.0,0.0,0.0,0.0,1139.5955789000727,0.0,0.0,133.4568776326707,2460.0,23.15412016355346,547.9764265782601,,,,False,False,not_attempted,0,0,0,0,21,3,0.14285714285714285,145.90491613740434,1929.0,False,,,False,3,0
proposed,static_live,41,2460.0,41.0,8,recovering,recovering,13 24 25 68,2681,1.572327044025157,0.636,0.44,33.34465457144562,18.683333333333334,6,0,6,0.28351327334731524,0.28351327334731524,133.74039090601804,60.0,2520.0,0.0,0.0,0.0,1139.5955789000727,0.0,0.0,133.74039090601804,2520.0,19.997383237380248,383.3651593672274,,,,False,False,not_attempted,0,0,0,0,0,0,0.0,145.811582804071,1929.0,False,,,False,3,0
proposed,static_live,42,2520.0,42.0,8,recovering,recovering,13 24 25 68,2681,1.5105740181268883,0.6619999999999999,0.48,33.49410614862006,18.7,6,2,4,0.9807613022376134,0.4903806511188067,134.72115220825566,60.0,2580.0,0.0,0.0,0.0,1139.5955789000727,0.0,0.0,134.72115220825566,2580.0,19.578957756677433,379.9539311908075,,,,False,False,not_attempted,0,0,0,0,8,2,0.25,145.19972279498833,1929.0,False,,,False,2,0
proposed,static_live,43,2580.0,43.0,8,recovering,recovering,13 24 25 68,2681,1.4534883720930234,0.688,0.52,33.63345855918624,18.716666666666665,4,1,3,1.3619708641211543,1.3619708641211543,136.08312307237682,60.0,2640.0,0.0,0.0,0.0,1139.5955789000727,0.0,0.0,136.08312307237682,2640.0,18.419478160667598,345.8185080617807,,,,False,False,not_attempted,0,0,0,0,6,2,0.3333333333333333,144.01969382531155,1966.0,False,,,False,2,0
proposed,static_live,44,2640.0,44.0,8,recovering,recovering,13 24 25 68,2681,1.400560224089636,0.714,0.56,33.76370202062083,18.733333333333334,3,0,3,0.18666666666666665,0.18666666666666665,136.2697897390435,60.0,2700.0,0.0,0.0,0.0,1139.5955789000727,0.0,0.0,136.2697897390435,2700.0,16.92390772375282,209.33800535552484,,,,False,False,not_attempted,0,0,0,0,0,0,0.0,143.92636049197822,1966.0,False,,,False,1,0
proposed,static_live,45,2700.0,45.0,9,recovering,recovering,13 24 25 68,2681,1.3513513513513513,0.74,0.6,33.885701393776806,18.75,3,2,1,2.570766749573962,1.285383374786981,138.84055648861744,60.0,2760.0,0.0,0.0,0.0,1139.5955789000727,0.0,0.0,138.84055648861744,2760.0,16.818708792257468,208.1845904251387,,,,False,False,not_attempted,0,0,0,0,4,4,1.0,141.3845185960754,1976.0,False,,,False,1,0
proposed,static_live,46,2760.0,46.0,9,recovering,recovering,13 24 25 68,2681,1.3054830287206267,0.766,0.64,34.00021541123871,18.766666666666666,1,0,1,0.09333333333333332,0.09333333333333332,138.93388982195077,60.0,2820.0,0.0,0.0,0.0,1139.5955789000727,0.0,0.0,138.93388982195077,2820.0,14.127979540382253,81.84868277849249,,,,False,False,not_attempted,0,0,0,0,0,0,0.0,141.29118526274206,1976.0,False,,,False,0,0
proposed,static_live,47,2820.0,47.0,9,recovering,recovering,13 24 25 68,2681,1.2626262626262625,0.792,0.68,34.10791247171747,18.783333333333335,1,1,0,14.193969006119266,14.193969006119266,153.12785882807006,140.89338307010928,2960.893383070109,0.0,0.0,0.0,1139.5955789000727,0.0,0.0,153.12785882807006,2960.893383070109,14.11987830098334,81.84868277849249,,,,False,False,not_attempted,0,0,0,0,150,1,0.006666666666666667,138.49558788023177,1976.0,True,,,False,0,0
proposed,static_frozen,0,0.0,0.0,0,normal,initial,13 24 25 68,0,1.0,1.0,0.0,34.78037077224997,18.0,84,0,84,18.947812200580838,18.947812200580838,18.947812200580838,60.0,60.0,10.709383900044486,1128.8861950000282,1139.5955789000727,1139.5955789000727,0.0,0.0,18.947812200580838,60.0,124.98723160038621,2771.5048752969888,,,,False,False,initial_plan,0,0,0,0,123,0,0.0,177.2717760608753,0.0,False,,,True,10,10
proposed,static_frozen,1,60.0,1.0,0,normal,normal,13 24 25 68,0,1.0,1.0,0.0,34.78037077224997,18.016666666666666,84,0,84,3.6431287464134887,3.6431287464134887,22.590940946994326,60.0,120.0,0.0,0.0,0.0,1139.5955789000727,0.0,0.0,22.590940946994326,120.0,105.50890338066785,2707.1370397431347,,,,False,False,not_attempted,0,0,0,0,83,0,0.0,176.43141531177028,0.0,False,,,False,9,10
proposed,static_frozen,2,120.0,2.0,0,normal,normal,13 24 25 68,0,1.0,1.0,0.0,34.78037077224997,18.033333333333335,84,3,81,2.150613593169741,0.716871197723247,24.741554540164067,60.0,180.0,0.0,0.0,0.0,1139.5955789000727,0.0,0.0,24.741554540164067,180.0,101.10086336244001,2575.1489099165824,,,,False,False,not_attempted,0,0,0,0,49,0,0.0,176.33808197843695,215.0,False,,,False,8,7
proposed,static_frozen,3,180.0,3.0,0,normal,normal,13 24 25 68,0,1.0,1.0,0.0,34.78037077224997,18.05,81,3,78,3.271356097706687,1.0904520325688958,28.012910637870753,60.0,240.0,0.0,0.0,0.0,1139.5955789000727,0.0,0.0,28.012910637870753,240.0,99.24169389457438,2575.1489099165824,,,,False,False,not_attempted,0,0,0,0,57,0,0.0,176.08417388140913,215.0,False,,,False,8,4
proposed,static_frozen,4,240.0,4.0,0,normal,normal,13 24 25 68,0,1.0,1.0,0.0,34.78037077224997,18.066666666666666,78,1,77,3.7024319427213226,3.7024319427213226,31.715342580592075,60.0,300.0,0.0,0.0,0.0,1139.5955789000727,0.0,0.0,31.715342580592075,300.0,96.4371557706104,2523.292639918653,,,,False,False,not_attempted,0,0,0,0,61,0,0.0,174.23595111138894,249.0,False,,,False,7,3
proposed,static_frozen,5,300.0,5.0,1,normal,normal,13 24 25 68,0,1.0,1.0,0.0,34.78037077224997,18.083333333333332,77,2,75,2.7190972354339418,1.3595486177169709,34.434439816026014,60.0,360.0,0.0,0.0,0.0,1139.5955789000727,0.0,0.0,34.434439816026014,360.0,92.79090225860935,2353.701123446594,,,,False,False,not_attempted,0,0,0,0,41,0,0.0,174.1426177780556,402.0,False,,,False,7,3
proposed,static_frozen,6,360.0,6.0,1,normal,normal,13 24 25 68,0,1.0,1.0,0.0,34.78037077224997,18.1,75,3,72,4.611279417259635,1.5370931390865452,39.04571923328565,60.0,420.0,0.0,0.0,0.0,1139.5955789000727,0.0,0.0,39.04571923328565,420.0,90.05551392370413,2353.701123446594,,,,False,False,not_attempted,0,0,0,0,41,0,0.0,173.80269504982573,402.0,False,,,False,7,2
proposed,static_frozen,7,420.0,7.0,1,normal,normal,13 24 25 68,0,1.0,1.0,0.0,34.78037077224997,18.116666666666667,72,1,71,5.191142058140224,5.191142058140224,44.236861291425875,60.0,480.0,0.0,0.0,0.0,1139.5955789000727,0.0,0.0,44.236861291425875,480.0,85.29960763845678,2350.428994697508,,,,False,False,not_attempted,0,0,0,0,51,0,0.0,171.7315048732715,402.0,False,,,False,7,1
proposed,static_frozen,8,480.0,8.0,1,normal,normal,13 24 25 68,0,1.0,1.0,0.0,34.78037077224997,18.133333333333333,71,2,69,2.4943949123933358,1.2471974561966679,46.731256203819214,60.0,540.0,0.0,0.0,0.0,1139.5955789000727,0.0,0.0,46.731256203819214,540.0,79.97940923294234,2176.3863390623183,,,,False,False,not_attempted,0,0,0,0,19,0,0.0,171.63817153993816,422.0,False,,,False,7,0
proposed,static_frozen,9,540.0,9.0,1,normal,normal,13 24 25 68,0,1.0,1.0,0.0,34.78037077224997,18.15,69,4,65,2.2682353970901716,0.5670588492725429,48.99949160090939,60.0,600.0,0.0,0.0,0.0,1139.5955789000727,0.0,0.0,48.99949160090939,600.0,77.62879857543831,2176.3863390623183,,,,False,False,not_attempted,0,0,0,0,19,0,0.0,171.54640459197284,574.0,False,,,False,7,0
proposed,static_frozen,10,600.0,10.0,2,degrading,degrading,13 24 25 68,0,1.0,1.0,0.0,34.78037077224997,18.166666666666668,65,1,64,2.2646830485948937,2.2646830485948937,51.264174649504284,60.0,660.0,0.0,0.0,0.0,1139.5955789000727,0.0,0.0,51.264174649504284,660.0,75.37762181306358,2157.509480549697,,,,False,False,not_attempted,0,0,0,0,29,0,0.0,171.29011539682318,574.0,False,,,False,7,0
proposed,static_frozen,11,660.0,11.0,2,degrading,degrading,13 24 25 68,2681,1.06951871657754,0.935,0.0,34.60155362914376,18.183333333333334,64,2,62,3.192132747715096,1.596066373857548,54.456307397219376,60.0,720.0,0.0,0.0,0.0,1139.5955789000727,0.0,0.0,54.456307397219376,720.0,75.26677719890463,2028.151336758179,,,,False,False,not_attempted,0,0,0,0,39,9,0.23076923076923078,171.19678206348985,700.0,False,,,False,7,0
proposed,static_frozen,12,720.0,12.0,2,degrading,degrading,13 24 25 68,2681,1.1494252873563218,0.87,0.0,34.39569006737746,18.2,62,3,59,3.6010711421850123,1.200357047395004,58.05737853940439,60.0,780.0,0.0,0.0,0.0,1139.5955789000727,0.0,0.0,58.05737853940439,780.0,74.2878355867732,2043.9572026212552,,,,False,False,not_attempted,0,0,0,0,41,1,0.024390243902439025,169.9712503230566,791.0,False,,,False,7,0
proposed,static_frozen,13,780.0,13.0,2,degrading,degrading,13 24 25 68,2681,1.2422360248447206,0.8049999999999999,0.0,34.15939207694038,18.216666666666665,59,1,58,3.4683859940599824,3.4683859940599824,61.52576453346437,60.0,840.0,0.0,0.0,0.0,1139.5955789000727,0.0,0.0,61.52576453346437,840.0,72.99161620789174,2039.1167408195015,,,,False,False,not_attempted,0,0,0,0,48,0,0.0,168.5742888930247,791.0,False,,,False,7,0
proposed,static_frozen,14,840.0,14.0,2,degrading,degrading,13 24 25 68,2681,1.3513513513513513,0.74,0.0,33.885701393776806,18.233333333333334,58,2,56,1.8447899412817517,0.9223949706408758,63.37055447474612,60.0,900.0,0.0,0.0,0.0,1139.5955789000727,0.0,0.0,63.37055447474612,900.0,72.51289163228721,1999.365533095167,,,,False,False,not_attempted,0,0,0,0,42,0,0.0,168.15686244557824,848.0,False,,,False,7,0
proposed,static_frozen,15,900.0,15.0,3,degrading,degrading,13 24 25 68,2681,1.4814814814814814,0.675,0.0,33.56497967065395,18.25,56,2,54,1.7055885077105177,0.8527942538552589,65.07614298245664,60.0,960.0,0.0,0.0,0.0,1139.5955789000727,0.0,0.0,65.07614298245664,960.0,74.15457810500992,1889.039642515002,,,,False,False,not_attempted,0,0,0,0,32,0,0.0,168.0635291122449,848.0,False,,,False,7,0
proposed,static_frozen,16,960.0,16.0,3,degrading,degrading,13 24 25 68,2681,1.639344262295082,0.61,0.0,33.18396468746468,18.266666666666666,54,2,52,2.038914852451329,1.0194574262256646,67.11505783490797,60.0,1020.0,0.0,0.0,0.0,1139.5955789000727,0.0,0.0,67.11505783490797,1020.0,76.33065239458104,1920.2655844368453,,,,False,False,not_attempted,0,0,0,0,28,0,0.0,167.08289017604287,907.0,False,,,False,7,0
proposed,static_frozen,17,1020.0,17.0,3,degrading,degrading,13 24 25 68,2681,1.8348623853211008,0.545,0.0,32.72389050058952,18.283333333333335,52,4,48,3.84285201607133,0.9607130040178326,70.9579098509793,60.0,1080.0,0.0,0.0,0.0,1139.5955789000727,0.0,0.0,70.9579098509793,1080.0,79.62233635060778,1915.8654981569525,,,,False,False,not_attempted,0,0,0,0,43,0,0.0,166.46306654949578,930.0,False,,,False,7,0
proposed,static_frozen,18,1080.0,18.0,3,degrading,degrading,13 24 25 68,2681,2.0833333333333335,0.48,0.0,32.157301947836125,18.3,48,1,47,2.499765042972072,2.499765042972072,73.45767489395138,60.0,1140.0,0.0,0.0,0.0,1139.5955789000727,0.0,0.0,73.45767489395138,1140.0,81.98215565446544,1828.2973604912777,,,,False,False,not_attempted,0,0,0,0,33,0,0.0,166.36973321616244,930.0,False,,,False,7,0
proposed,static_frozen,19,1140.0,19.0,3,degrading,degrading,13 24 25 68,2681,2.409638554216868,0.4149999999999999,0.0,31.44236703830193,18.316666666666666,47,2,45,1.6825675060822607,0.8412837530411303,75.14024240003364,60.0,1200.0,0.0,0.0,0.0,1139.5955789000727,0.0,0.0,75.14024240003364,1200.0,87.55341957341447,1892.8419467679796,,,,False,False,not_attempted,0,0,0,0,7,0,0.0,165.7503132487021,988.0,False,,,False,7,0
proposed,static_frozen,20,1200.0,20.0,4,disrupted,holding,13 24 25 68,2681,2.857142857142857,0.35,0.0,30.51204894886194,18.333333333333332,45,5,40,4.419068017944976,0.8838136035889953,79.55931041797862,60.0,1260.0,0.0,0.0,0.0,1139.5955789000727,0.0,0.0,79.55931041797862,1260.0,97.56924069784766,1843.4980062936027,,,,False,False,not_attempted,0,0,0,0,37,9,0.24324324324324326,165.65697991536877,1072.0,False,,,False,7,0
proposed,static_frozen,21,1260.0,21.0,4,disrupted,disrupted,13 24 25 68,2681,2.857142857142857,0.35,0.0,30.51204894886194,18.35,40,2,38,1.8883820160986042,0.9441910080493021,81.44769243407723,60.0,1320.0,0.0,0.0,0.0,1139.5955789000727,0.0,0.0,81.44769243407723,1320.0,94.49248592737442,1843.4980062936027,,,,False,False,not_attempted,0,0,0,0,23,1,0.043478260869565216,165.32368468334354,1171.0,False,,,False,6,0
proposed,static_frozen,22,1320.0,22.0,4,disrupted,disrupted,13 24 25 68,2681,2.857142857142857,0.35,0.0,30.51204894886194,18.366666666666667,38,2,36,1.8008052980417473,0.9004026490208736,83.24849773211898,60.0,1380.0,0.0,0.0,0.0,1139.5955789000727,0.0,0.0,83.24849773211898,1380.0,91.93885287946397,1808.0938873004677,,,,False,False,not_attempted,0,0,0,0,9,3,0.3333333333333333,165.03699232660028,1215.0,False,,,False,6,0
proposed,static_frozen,23,1380.0,23.0,4,disrupted,disrupted,13 24 25 68,2681,2.857142857142857,0.35,0.0,30.51204894886194,18.383333333333333,36,2,34,5.78707713625451,2.893538568127255,89.03557486837349,60.0,1440.0,0.0,0.0,0.0,1139.5955789000727,0.0,0.0,89.03557486837349,1440.0,91.38395529128925,1676.935585401107,,,,False,False,not_attempted,0,0,0,0,35,12,0.34285714285714286,163.67543569723048,1215.0,False,,,False,6,0
proposed,static_frozen,24,1440.0,24.0,4,disrupted,disrupted,13 24 25 68,2681,2.857142857142857,0.35,0.0,30.51204894886194,18.4,34,2,32,1.9011748213308999,0.9505874106654499,90.93674968970438,60.0,1500.0,0.0,0.0,0.0,1139.5955789000727,0.0,0.0,90.93674968970438,1500.0,88.96594956183452,1676.935585401107,,,,False,False,not_attempted,0,0,0,0,23,1,0.043478260869565216,163.40060399434637,1215.0,False,,,False,6,0
proposed,static_frozen,25,1500.0,25.0,5,disrupted,disrupted,13 24 25 68,2681,2.857142857142857,0.35,0.0,30.51204894886194,18.416666666666668,32,1,31,1.558394246887506,1.558394246887506,92.49514393659189,60.0,1560.0,0.0,0.0,0.0,1139.5955789000727,0.0,0.0,92.49514393659189,1560.0,86.98026927524609,1531.8635192793083,,,,False,False,not_attempted,0,0,0,0,31,1,0.03225806451612903,163.30727066101304,1215.0,False,,,False,6,0
proposed,static_frozen,26,1560.0,26.0,5,disrupted,disrupted,13 24 25 68,2681,2.857142857142857,0.35,0.0,30.51204894886194,18.433333333333334,31,3,28,3.9603171530252785,1.3201057176750928,96.45546108961716,60.0,1620.0,0.0,0.0,0.0,1139.5955789000727,0.0,0.0,96.45546108961716,1620.0,85.7100542041743,1531.8635192793083,,,,False,False,not_attempted,0,0,0,0,63,6,0.09523809523809523,160.87483374910485,1373.0,False,,,False,6,0
proposed,static_frozen,27,1620.0,27.0,5,disrupted,disrupted,13 24 25 68,2681,2.857142857142857,0.35,0.0,30.51204894886194,18.45,28,1,27,6.810301661982917,6.810301661982917,103.26576275160008,60.0,1680.0,0.0,0.0,0.0,1139.5955789000727,0.0,0.0,103.26576275160008,1680.0,82.0229811342318,1516.6670129784363,,,,False,False,not_attempted,0,0,0,0,41,6,0.14634146341463414,158.48337090596496,1373.0,False,,,False,6,0
proposed,static_frozen,28,1680.0,28.0,5,disrupted,disrupted,13 24 25 68,2681,2.857142857142857,0.35,0.0,30.51204894886194,18.466666666666665,27,0,27,0.7591932296774788,0.7591932296774788,104.02495598127756,60.0,1740.0,0.0,0.0,0.0,1139.5955789000727,0.0,0.0,104.02495598127756,1740.0,75.0801101122063,1364.164459905834,,,,False,False,not_attempted,0,0,0,0,3,0,0.0,158.39003757263163,1373.0,False,,,False,6,0
proposed,static_frozen,29,1740.0,29.0,5,disrupted,disrupted,13 24 25 68,2681,2.857142857142857,0.35,0.0,30.51204894886194,18.483333333333334,27,4,23,3.5738971434243485,0.8934742858560871,107.5988531247019,60.0,1800.0,0.0,0.0,0.0,1139.5955789000727,0.0,0.0,107.5988531247019,1800.0,74.74974652588324,1364.164459905834,,,,False,False,not_attempted,0,0,0,0,21,7,0.3333333333333333,156.06886905270082,1373.0,False,,,False,6,0
proposed,static_frozen,30,1800.0,30.0,6,recovering,recovering,13 24 25 68,2681,2.857142857142857,0.35,0.0,30.51204894886194,18.5,23,1,22,5.0370156914101685,5.0370156914101685,112.63586881611207,60.0,1860.0,0.0,0.0,0.0,1139.5955789000727,0.0,0.0,112.63586881611207,1860.0,72.72097355692121,1221.665276515697,,,,False,False,not_attempted,0,0,0,0,32,6,0.1875,154.03727258147194,1587.0,False,,,False,6,0
proposed,static_frozen,31,1860.0,31.0,6,recovering,recovering,13 24 25 68,2681,2.6595744680851063,0.376,0.04,30.91589731653039,18.516666666666666,22,1,21,1.296144444507303,1.296144444507303,113.93201326061937,60.0,1920.0,0.0,0.0,0.0,1139.5955789000727,0.0,0.0,113.93201326061937,1920.0,63.96235652617142,1182.585393274606,,,,False,False,not_attempted,0,0,0,0,5,2,0.4,153.9439392481386,1587.0,False,,,False,6,0
proposed,static_frozen,32,1920.0,32.0,6,recovering,recovering,13 24 25 68,2681,2.4875621890547266,0.40199999999999997,0.08,31.276313688751998,18.533333333333335,21,4,17,4.720285855103972,1.180071463775993,118.65229911572334,60.0,1980.0,0.0,0.0,0.0,1139.5955789000727,0.0,0.0,118.65229911572334,1980.0,59.02893900800952,1107.7611592892558,,,,False,False,not_attempted,0,0,0,0,16,8,0.5,151.85174281865335,1762.0,False,,,False,6,0
proposed,static_frozen,33,1980.0,33.0,6,recovering,recovering,13 24 25 68,2681,2.336448598130841,0.428,0.12,31.59994690075087,18.55,17,1,16,4.117529699658816,4.117529699658816,122.76982881538216,60.0,2040.0,0.0,0.0,0.0,1139.5955789000727,0.0,0.0,122.76982881538216,2040.0,51.94054598651857,1051.6829421240789,,,,False,False,not_attempted,0,0,0,0,17,10,0.5882352941176471,149.08765681654234,1762.0,False,,,False,6,0
proposed,static_frozen,34,2040.0,34.0,6,recovering,recovering,13 24 25 68,2681,2.2026431718061676,0.45399999999999996,0.16,31.89215455207436,18.566666666666666,16,2,14,2.44890004202042,1.22445002101021,125.21872885740258,60.0,2100.0,0.0,0.0,0.0,1139.5955789000727,0.0,0.0,125.21872885740258,2100.0,46.21603048379278,909.0518949776732,,,,False,False,not_attempted,0,0,0,0,20,4,0.2,147.73325936570302,1762.0,False,,,False,5,0
proposed,static_frozen,35,2100.0,35.0,7,recovering,recovering,13 24 25 68,2681,2.0833333333333335,0.48,0.2,32.157301947836125,18.583333333333332,14,2,12,2.963635728743032,1.481817864371516,128.1823645861456,60.0,2160.0,0.0,0.0,0.0,1139.5955789000727,0.0,0.0,128.1823645861456,2160.0,42.231161537542214,888.8725446054616,,,,False,False,not_attempted,0,0,0,0,16,4,0.25,147.6399260323697,1929.0,False,,,False,5,0
proposed,static_frozen,36,2160.0,36.0,7,recovering,recovering,13 24 25 68,2681,1.976284584980237,0.506,0.24,32.398981663836956,18.6,12,2,10,4.1526682858611945,2.0763341429305973,132.3350328720068,60.0,2220.0,0.0,0.0,0.0,1139.5955789000727,0.0,0.0,132.3350328720068,2220.0,37.6368947285149,805.0564563493169,,,,False,False,not_attempted,0,0,0,0,19,9,0.47368421052631576,146.21436094413926,1929.0,False,,,False,4,0
proposed,static_frozen,37,2220.0,37.0,7,recovering,recovering,13 24 25 68,2681,1.8796992481203008,0.532,0.28,32.62017728250752,18.616666666666667,10,1,9,7.123594554297071,7.123594554297071,139.45862742630385,60.0,2280.0,0.0,0.0,0.0,1139.5955789000727,0.0,0.0,139.45862742630385,2280.0,32.944971471871035,747.5659888973455,,,,False,False,not_attempted,0,0,0,0,17,16,0.9411764705882353,144.27127007278384,1929.0,False,,,False,3,0
proposed,static_frozen,38,2280.0,38.0,7,recovering,recovering,13 24 25 68,2681,1.7921146953405016,0.558,0.32,32.82338718808226,18.633333333333333,9,1,8,0.3761351919658212,0.3761351919658212,139.83476261826968,60.0,2340.0,0.0,0.0,0.0,1139.5955789000727,0.0,0.0,139.83476261826968,2340.0,25.599115242010523,583.4398096523332,,,,False,False,not_attempted,0,0,0,0,7,0,0.0,144.11285377457045,1929.0,False,,,False,3,0
proposed,static_frozen,39,2340.0,39.0,7,recovering,recovering,13 24 25 68,2681,1.7123287671232879,0.584,0.36,33.010719343667866,18.65,8,2,6,2.499572811729934,1.249786405864967,142.3343354299996,60.0,2400.0,0.0,0.0,0.0,1139.5955789000727,0.0,0.0,142.3343354299996,2400.0,24.84449250614527,576.0080049259585,,,,False,False,not_attempted,0,0,0,0,25,4,0.16,144.01952044123712,1929.0,False,,,False,3,0
proposed,static_frozen,40,2400.0,40.0,8,recovering,recovering,13 24 25 68,2681,1.639344262295082,0.61,0.4,33.18396468746468,18.666666666666668,6,1,5,2.0486457544332493,2.0486457544332493,144.38298118443285,60.0,2460.0,0.0,0.0,0.0,1139.5955789000727,0.0,0.0,144.38298118443285,2460.0,22.01852640563879,547.9764265782601,,,,False,False,not_attempted,0,0,0,0,11,3,0.2727272727272727,143.73744809317304,1929.0,False,,,False,3,0
proposed,static_frozen,41,2460.0,41.0,8,recovering,recovering,13 24 25 68,2681,1.572327044025157,0.636,0.44,33.34465457144562,18.683333333333334,5,0,5,0.32296473551273924,0.32296473551273924,144.70594591994558,60.0,2520.0,0.0,0.0,0.0,1139.5955789000727,0.0,0.0,144.70594591994558,2520.0,19.568226697655298,383.3651593672274,,,,False,False,not_attempted,0,0,0,0,2,0,0.0,143.60115002432696,1929.0,False,,,False,2,0
proposed,static_frozen,42,2520.0,42.0,8,recovering,recovering,13 24 25 68,2681,1.5105740181268883,0.6619999999999999,0.48,33.49410614862006,18.7,5,2,3,0.7823778452620178,0.3911889226310089,145.48832376520758,60.0,2580.0,0.0,0.0,0.0,1139.5955789000727,0.0,0.0,145.48832376520758,2580.0,19.085891110744413,379.9539311908075,,,,False,False,not_attempted,0,0,0,0,2,2,1.0,143.50781669099362,1966.0,False,,,False,1,0
proposed,static_frozen,43,2580.0,43.0,8,recovering,recovering,13 24 25 68,2681,1.4534883720930234,0.688,0.52,33.63345855918624,18.716666666666665,3,1,2,1.2008685838032531,1.2008685838032531,146.68919234901082,60.0,2640.0,0.0,0.0,0.0,1139.5955789000727,0.0,0.0,146.68919234901082,2640.0,18.154260587720085,345.8185080617807,,,,False,False,not_attempted,0,0,0,0,2,2,1.0,143.48697707686716,1976.0,False,,,False,1,0
proposed,static_frozen,44,2640.0,44.0,8,recovering,recovering,13 24 25 68,2681,1.400560224089636,0.714,0.56,33.76370202062083,18.733333333333334,2,0,2,0.09333333333333332,0.09333333333333332,146.78252568234416,60.0,2700.0,0.0,0.0,0.0,1139.5955789000727,0.0,0.0,146.78252568234416,2700.0,16.92390772375282,209.33800535552484,,,,False,False,not_attempted,0,0,0,0,0,0,0.0,143.48697707686716,1976.0,False,,,False,1,0
proposed,static_frozen,45,2700.0,45.0,9,recovering,recovering,13 24 25 68,2681,1.3513513513513513,0.74,0.6,33.885701393776806,18.75,2,1,1,2.5418418959028353,2.5418418959028353,149.324367578247,60.0,2760.0,0.0,0.0,0.0,1139.5955789000727,0.0,0.0,149.324367578247,2760.0,16.818708792257468,208.1845904251387,,,,False,False,not_attempted,0,0,0,0,4,4,1.0,141.3845185960754,1976.0,False,,,False,1,0
proposed,static_frozen,46,2760.0,46.0,9,recovering,recovering,13 24 25 68,2681,1.3054830287206267,0.766,0.64,34.00021541123871,18.766666666666666,1,0,1,0.09333333333333332,0.09333333333333332,149.41770091158034,60.0,2820.0,0.0,0.0,0.0,1139.5955789000727,0.0,0.0,149.41770091158034,2820.0,14.127979540382253,81.84868277849249,,,,False,False,not_attempted,0,0,0,0,0,0,0.0,141.29118526274206,1976.0,False,,,False,0,0
proposed,static_frozen,47,2820.0,47.0,9,recovering,recovering,13 24 25 68,2681,1.2626262626262625,0.792,0.68,34.10791247171747,18.783333333333335,1,1,0,14.193969006119266,14.193969006119266,163.61166991769963,140.89338307010928,2960.893383070109,0.0,0.0,0.0,1139.5955789000727,0.0,0.0,163.61166991769963,2960.893383070109,14.11987830098334,81.84868277849249,,,,False,False,not_attempted,0,0,0,0,150,1,0.006666666666666667,138.49558788023177,1976.0,True,,,False,0,0
nn,adaptive,0,0.0,0.0,0,normal,initial,13 24 25 68,0,1.0,1.0,0.0,34.78037077224997,18.0,84,0,84,16.660400703942315,16.660400703942315,16.660400703942315,60.0,60.0,9.957765099941753,0.252319399965927,10.21008449990768,10.21008449990768,0.0,0.0,16.660400703942315,60.0,162.58793156149096,2761.487785832027,,,,False,False,initial_plan,0,0,0,0,97,0,0.0,177.83388229329896,0.0,False,,,True,10,10
nn,adaptive,1,60.0,1.0,0,normal,normal,13 24 25 68,0,1.0,1.0,0.0,34.78037077224997,18.016666666666666,84,0,84,2.671835477730445,2.671835477730445,19.332236181672762,60.0,120.0,0.0,0.0,0.0,10.21008449990768,0.0,0.0,19.332236181672762,120.0,144.89809698360446,2603.2770542730404,,,,False,False,not_attempted,0,0,0,0,24,0,0.0,177.65141542411558,0.0,False,,,False,9,10
nn,adaptive,2,120.0,2.0,0,normal,normal,13 24 25 68,0,1.0,1.0,0.0,34.78037077224997,18.033333333333335,84,6,78,2.2336491502253266,0.37227485837088775,21.565885331898087,60.0,180.0,0.0,0.0,0.0,10.21008449990768,0.0,0.0,21.565885331898087,180.0,142.35879798598543,2603.2770542730404,,,,False,False,not_attempted,0,0,0,0,25,0,0.0,177.33697396192156,239.0,False,,,False,9,4
nn,adaptive,3,180.0,3.0,0,normal,normal,13 24 25 68,0,1.0,1.0,0.0,34.78037077224997,18.05,78,4,74,4.632857667324735,1.1582144168311836,26.198742999222823,60.0,240.0,0.0,0.0,0.0,10.21008449990768,0.0,0.0,26.198742999222823,240.0,140.51455427701427,2575.2504365841983,,,,False,False,not_attempted,0,0,0,0,75,0,0.0,176.58965573332028,239.0,False,,,False,9,0
nn,adaptive,4,240.0,4.0,0,normal,normal,13 24 25 68,0,1.0,1.0,0.0,34.78037077224997,18.066666666666666,74,0,74,2.1890984112485845,2.1890984112485845,28.387841410471406,60.0,300.0,0.0,0.0,0.0,10.21008449990768,0.0,0.0,28.387841410471406,300.0,135.7776609100203,2453.4542174026838,,,,False,False,not_attempted,0,0,0,0,38,0,0.0,176.38162922177597,239.0,False,,,False,9,0
nn,adaptive,5,300.0,5.0,1,normal,normal,13 24 25 68,0,1.0,1.0,0.0,34.78037077224997,18.083333333333332,74,3,71,4.763597379502395,1.587865793167465,33.1514387899738,60.0,360.0,10.735581899993122,0.17433920002076775,10.90992110001389,21.12000559992157,0.0,0.0,33.1514387899738,360.0,128.7959290546367,2784.3357844494485,133.8378687044175,128.7959290546367,5.041939649780801,True,True,lower_residual_energy,2,25,2,25,105,0,0.0,175.72436508422112,402.0,False,,,True,9,0
nn,adaptive,6,360.0,6.0,1,normal,normal,13 24 25 68,0,1.0,1.0,0.0,34.78037077224997,18.1,71,2,69,4.485811166703238,2.242905583351619,37.63724995667704,60.0,420.0,0.0,0.0,0.0,21.12000559992157,0.0,0.0,37.63724995667704,420.0,123.61361357332132,2717.1313092372607,,,,False,False,not_attempted,0,0,0,0,59,0,0.0,173.98774183949396,422.0,False,,,False,9,0
nn,adaptive,7,420.0,7.0,1,normal,normal,13 24 25 68,0,1.0,1.0,0.0,34.78037077224997,18.116666666666667,69,3,66,2.9812824839435574,0.9937608279811858,40.6185324406206,60.0,480.0,0.0,0.0,0.0,21.12000559992157,0.0,0.0,40.6185324406206,480.0,118.92085678662227,2561.270737883113,,,,False,False,not_attempted,0,0,0,0,37,0,0.0,172.73804103501027,477.0,False,,,False,8,0
nn,adaptive,8,480.0,8.0,1,normal,normal,13 24 25 68,0,1.0,1.0,0.0,34.78037077224997,18.133333333333333,66,4,62,2.178098861828392,0.544524715457098,42.796631302448986,60.0,540.0,0.0,0.0,0.0,21.12000559992157,0.0,0.0,42.796631302448986,540.0,116.30503232303343,2561.270737883113,,,,False,False,not_attempted,0,0,0,0,45,0,0.0,172.64470770167694,647.0,False,,,False,8,0
nn,adaptive,9,540.0,9.0,1,normal,normal,13 24 25 68,0,1.0,1.0,0.0,34.78037077224997,18.15,62,2,60,1.8453221570217784,0.9226610785108892,44.64195345947076,60.0,600.0,0.0,0.0,0.0,21.12000559992157,0.0,0.0,44.64195345947076,600.0,114.16194557950111,2541.1547650102475,,,,False,False,not_attempted,0,0,0,0,56,0,0.0,172.53888579406538,647.0,False,,,False,7,0
nn,adaptive,10,600.0,10.0,2,degrading,degrading,13 24 25 68,0,1.0,1.0,0.0,34.78037077224997,18.166666666666668,60,3,57,3.0870488429308645,1.0290162809769547,47.729002302401625,60.0,660.0,5.789997521787882e-05,0.10847640002612025,0.10853430000133812,21.228539899922907,0.0,0.0,47.729002302401625,660.0,112.11863421063464,2395.4798719351247,112.11863421063464,113.9377236595066,-1.8190894488719636,True,False,incumbent_not_worse,5,31,0,0,64,0,0.0,172.28418379893967,647.0,False,,,True,7,0
nn,adaptive,11,660.0,11.0,2,degrading,degrading,13 24 25 68,2681,1.06951871657754,0.935,0.0,34.60155362914376,18.183333333333334,57,2,55,1.4863995443005678,0.7431997721502839,49.21540184670219,60.0,720.0,0.0,0.0,0.0,21.228539899922907,0.0,0.0,49.21540184670219,720.0,113.82388206808172,2476.8948106840353,,,,False,False,not_attempted,0,0,0,0,42,0,0.0,172.2499756154787,659.0,False,,,False,7,0
nn,adaptive,12,720.0,12.0,2,degrading,degrading,13 24 25 68,2681,1.1494252873563218,0.87,0.0,34.39569006737746,18.2,55,1,54,0.9551948370376433,0.9551948370376433,50.17059668373984,60.0,780.0,0.0,0.0,0.0,21.228539899922907,0.0,0.0,50.17059668373984,780.0,115.94367321873521,2335.505534613246,,,,False,False,not_attempted,0,0,0,0,26,0,0.0,172.0431283184309,743.0,False,,,False,7,0
nn,adaptive,13,780.0,13.0,2,degrading,degrading,13 24 25 68,2681,1.2422360248447206,0.8049999999999999,0.0,34.15939207694038,18.216666666666665,54,4,50,2.9763195915703617,0.7440798978925904,53.1469162753102,60.0,840.0,0.0,0.0,0.0,21.228539899922907,0.0,0.0,53.1469162753102,840.0,119.9122829179337,2335.505534613246,,,,False,False,not_attempted,0,0,0,0,45,1,0.022222222222222223,171.06531426806038,843.0,False,,,False,7,0
nn,adaptive,14,840.0,14.0,2,degrading,degrading,13 24 25 68,2681,1.3513513513513513,0.74,0.0,33.885701393776806,18.233333333333334,50,0,50,3.8910564290061873,3.8910564290061873,57.03797270431638,60.0,900.0,0.0,0.0,0.0,21.228539899922907,0.0,0.0,57.03797270431638,900.0,121.71533190386586,2324.45145177089,,,,False,False,not_attempted,0,0,0,0,45,12,0.26666666666666666,169.89585072783962,843.0,False,,,False,7,0
nn,adaptive,15,900.0,15.0,3,degrading,degrading,13 24 25 68,2681,1.4814814814814814,0.675,0.0,33.56497967065395,18.25,50,2,48,3.3190526484518617,1.6595263242259308,60.35702535276824,60.0,960.0,10.99375359993428,0.08021769998595119,11.073971299920231,32.30251119984314,0.0,0.0,60.35702535276824,960.0,112.90468205919343,2752.266556244348,123.81484090686338,112.90468205919343,10.910158847669948,True,True,lower_residual_energy,0,4,0,4,30,9,0.3,169.10581156201178,853.0,False,,,True,7,0
nn,adaptive,16,960.0,16.0,3,degrading,degrading,13 24 25 68,2681,1.639344262295082,0.61,0.0,33.18396468746468,18.266666666666666,48,1,47,1.6182270121949132,1.6182270121949132,61.975252364963154,60.0,1020.0,0.0,0.0,0.0,32.30251119984314,0.0,0.0,61.975252364963154,1020.0,113.62137515139729,2627.3297662685995,,,,False,False,not_attempted,0,0,0,0,9,0,0.0,168.53466560198407,968.0,False,,,False,7,0
nn,adaptive,17,1020.0,17.0,3,degrading,degrading,13 24 25 68,2681,1.8348623853211008,0.545,0.0,32.72389050058952,18.283333333333335,47,5,42,4.839812381296249,0.9679624762592498,66.81506474625941,60.0,1080.0,0.0,0.0,0.0,32.30251119984314,0.0,0.0,66.81506474625941,1080.0,118.90418382501205,2635.370319268723,,,,False,False,not_attempted,0,0,0,0,44,10,0.22727272727272727,168.23147232403574,1087.0,False,,,False,7,0
nn,adaptive,18,1080.0,18.0,3,degrading,degrading,13 24 25 68,2681,2.0833333333333335,0.48,0.0,32.157301947836125,18.3,42,1,41,2.427091618593893,2.427091618593893,69.2421563648533,60.0,1140.0,0.0,0.0,0.0,32.30251119984314,0.0,0.0,69.2421563648533,1140.0,120.9931768773748,2483.068868660528,,,,False,False,not_attempted,0,0,0,0,23,0,0.0,167.7769391687232,1087.0,False,,,False,7,0
nn,adaptive,19,1140.0,19.0,3,degrading,degrading,13 24 25 68,2681,2.409638554216868,0.4149999999999999,0.0,31.44236703830193,18.316666666666666,41,2,39,2.1323032123296835,1.0661516061648417,71.37445957718299,60.0,1200.0,0.0,0.0,0.0,32.30251119984314,0.0,0.0,71.37445957718299,1200.0,128.0592511697959,2496.48795422725,,,,False,False,not_attempted,0,0,0,0,20,2,0.1,167.64341012661794,1138.0,False,,,False,7,0
nn,adaptive,20,1200.0,20.0,4,disrupted,holding,13 24 25 68,2681,2.857142857142857,0.35,0.0,30.51204894886194,18.333333333333332,39,2,37,9.713344289853977,4.856672144926988,81.08780386703697,60.0,1260.0,11.01012210000772,0.046583799994550645,11.056705900002271,43.35921709984541,0.0,0.0,81.08780386703697,1260.0,137.04407053653532,2493.4063143530584,137.04407053653532,156.76191894922562,-19.7178484126903,True,False,incumbent_not_worse,3,6,0,0,30,12,0.4,165.81793145353413,1138.0,False,,,True,7,0
nn,adaptive,21,1260.0,21.0,4,disrupted,disrupted,13 24 25 68,2681,2.857142857142857,0.35,0.0,30.51204894886194,18.35,37,2,35,5.654385324881007,2.8271926624405035,86.74218919191797,60.0,1320.0,0.0,0.0,0.0,43.35921709984541,0.0,0.0,86.74218919191797,1320.0,128.28759028399287,2373.4063143530584,,,,False,False,not_attempted,0,0,0,0,19,4,0.21052631578947367,165.7245981202008,1270.0,False,,,False,7,0
nn,adaptive,22,1320.0,22.0,4,disrupted,disrupted,13 24 25 68,2681,2.857142857142857,0.35,0.0,30.51204894886194,18.366666666666667,35,2,33,3.8806737531103694,1.9403368765551847,90.62286294502834,60.0,1380.0,0.0,0.0,0.0,43.35921709984541,0.0,0.0,90.62286294502834,1380.0,121.71343526471716,2373.4063143530584,,,,False,False,not_attempted,0,0,0,0,15,1,0.06666666666666667,165.56304749420045,1270.0,False,,,False,7,0
nn,adaptive,23,1380.0,23.0,4,disrupted,disrupted,13 24 25 68,2681,2.857142857142857,0.35,0.0,30.51204894886194,18.383333333333333,33,2,31,5.206437621426484,2.603218810713242,95.82930056645483,60.0,1440.0,0.0,0.0,0.0,43.35921709984541,0.0,0.0,95.82930056645483,1440.0,118.80284294872493,2326.404421691176,,,,False,False,not_attempted,0,0,0,0,19,6,0.3157894736842105,163.1811938666787,1270.0,False,,,False,7,0
nn,adaptive,24,1440.0,24.0,4,disrupted,disrupted,13 24 25 68,2681,2.857142857142857,0.35,0.0,30.51204894886194,18.4,31,2,29,3.7179703229568974,1.8589851614784487,99.54727088941173,60.0,1500.0,0.0,0.0,0.0,43.35921709984541,0.0,0.0,99.54727088941173,1500.0,113.68703021581167,2180.865359944133,,,,False,False,not_attempted,0,0,0,0,22,3,0.13636363636363635,163.08786053334538,1351.0,False,,,False,7,0
nn,adaptive,25,1500.0,25.0,5,disrupted,disrupted,13 24 25 68,2681,2.857142857142857,0.35,0.0,30.51204894886194,18.416666666666668,29,4,25,5.198506433807318,1.2996266084518295,104.74577732321906,60.0,1560.0,5.8399979025125504e-05,0.02254260005429387,0.022601000033318996,43.38181809987873,0.0,0.0,104.74577732321906,1560.0,109.87214988769264,2180.865359944133,109.87214988769264,122.4901000597396,-12.61795017204696,True,False,incumbent_not_worse,2,2,0,0,22,3,0.13636363636363635,162.67583195334734,1351.0,False,,,True,7,0
nn,adaptive,26,1560.0,26.0,5,disrupted,disrupted,13 24 25 68,2681,2.857142857142857,0.35,0.0,30.51204894886194,18.433333333333334,25,1,24,7.71564764145671,7.71564764145671,112.46142496467577,60.0,1620.0,0.0,0.0,0.0,43.38181809987873,0.0,0.0,112.46142496467577,1620.0,105.17494435048685,2043.8548948611665,,,,False,False,not_attempted,0,0,0,0,30,11,0.36666666666666664,159.44216957272542,1351.0,False,,,False,7,0
nn,adaptive,27,1620.0,27.0,5,disrupted,disrupted,13 24 25 68,2681,2.857142857142857,0.35,0.0,30.51204894886194,18.45,24,2,22,7.672652941828786,3.836326470914393,120.13407790650456,60.0,1680.0,0.0,0.0,0.0,43.38181809987873,0.0,0.0,120.13407790650456,1680.0,97.16599740389216,2043.8548948611665,,,,False,False,not_attempted,0,0,0,0,49,3,0.061224489795918366,158.87011327630304,1567.0,False,,,False,7,0
nn,adaptive,28,1680.0,28.0,5,disrupted,disrupted,13 24 25 68,2681,2.857142857142857,0.35,0.0,30.51204894886194,18.466666666666665,22,2,20,7.061828573974257,3.5309142869871284,127.19590648047881,60.0,1740.0,0.0,0.0,0.0,43.38181809987873,0.0,0.0,127.19590648047881,1740.0,89.4874965561147,2026.0291571335697,,,,False,False,not_attempted,0,0,0,0,33,5,0.15151515151515152,158.7767799429697,1567.0,False,,,False,7,0
nn,adaptive,29,1740.0,29.0,5,disrupted,disrupted,13 24 25 68,2681,2.857142857142857,0.35,0.0,30.51204894886194,18.483333333333334,20,1,19,4.309656870210801,4.309656870210801,131.5055633506896,60.0,1800.0,0.0,0.0,0.0,43.38181809987873,0.0,0.0,131.5055633506896,1800.0,81.45462573776094,1969.3422162146662,,,,False,False,not_attempted,0,0,0,0,35,3,0.08571428571428572,157.30539080361956,1567.0,False,,,False,7,0
nn,adaptive,30,1800.0,30.0,6,recovering,recovering,13 24 25 68,2681,2.857142857142857,0.35,0.0,30.51204894886194,18.5,19,3,16,11.356811487300693,3.7856038291002307,142.8623748379903,60.0,1860.0,5.6999968364834785e-05,0.009328000014647841,0.009384999983012676,43.39120309986174,0.0,0.0,142.8623748379903,1860.0,75.27631532453809,1257.0705019267343,76.14446332182413,75.27631532453809,0.8681479972860444,True,True,lower_residual_energy,0,3,0,3,33,8,0.24242424242424243,150.8087915514503,1677.0,False,,,True,7,0
nn,adaptive,31,1860.0,31.0,6,recovering,recovering,13 24 25 68,2681,2.6595744680851063,0.376,0.04,30.91589731653039,18.516666666666666,16,1,15,2.680615473563263,2.680615473563263,145.54299031155355,60.0,1920.0,0.0,0.0,0.0,43.39120309986174,0.0,0.0,145.54299031155355,1920.0,64.19021549933527,1257.0705019267343,,,,False,False,not_attempted,0,0,0,0,27,1,0.037037037037037035,150.71545821811696,1677.0,False,,,False,7,0
nn,adaptive,32,1920.0,32.0,6,recovering,recovering,13 24 25 68,2681,2.4875621890547266,0.40199999999999997,0.08,31.276313688751998,18.533333333333335,15,2,13,4.124566844922023,2.0622834224610114,149.66755715647557,60.0,1980.0,0.0,0.0,0.0,43.39120309986174,0.0,0.0,149.66755715647557,1980.0,60.30376652703273,1244.8429918247555,,,,False,False,not_attempted,0,0,0,0,14,5,0.35714285714285715,148.286095665657,1724.0,False,,,False,5,0
nn,adaptive,33,1980.0,33.0,6,recovering,recovering,13 24 25 68,2681,2.336448598130841,0.428,0.12,31.59994690075087,18.55,13,3,10,2.8940830996701665,0.9646943665567221,152.56164025614572,60.0,2040.0,0.0,0.0,0.0,43.39120309986174,0.0,0.0,152.56164025614572,2040.0,54.96194704065454,1097.0289863380253,,,,False,False,not_attempted,0,0,0,0,21,2,0.09523809523809523,146.41354703694603,1764.0,False,,,False,5,0
nn,adaptive,34,2040.0,34.0,6,recovering,recovering,13 24 25 68,2681,2.2026431718061676,0.45399999999999996,0.16,31.89215455207436,18.566666666666666,10,2,8,1.5079374896644202,0.7539687448322101,154.06957774581014,60.0,2100.0,0.0,0.0,0.0,43.39120309986174,0.0,0.0,154.06957774581014,2100.0,51.440502433972235,1097.0289863380253,,,,False,False,not_attempted,0,0,0,0,21,0,0.0,146.3202137036127,1776.0,False,,,False,5,0
nn,adaptive,35,2100.0,35.0,7,recovering,recovering,13 24 25 68,2681,2.0833333333333335,0.48,0.2,32.157301947836125,18.583333333333332,8,3,5,1.9303063114134735,0.6434354371378245,155.9998840572236,60.0,2160.0,10.965865399921313,0.00165350001771003,10.967518899939023,54.358721999800764,0.0,0.0,155.9998840572236,2160.0,49.4956937404037,1062.6188827550704,49.4956937404037,49.4956937404037,0.0,True,False,incumbent_not_worse,0,0,0,0,32,1,0.03125,145.93024659135213,1814.0,False,,,True,5,0
nn,adaptive,36,2160.0,36.0,7,recovering,recovering,13 24 25 68,2681,1.976284584980237,0.506,0.24,32.398981663836956,18.6,5,0,5,3.8358011695266416,3.8358011695266416,159.83568522675023,60.0,2220.0,0.0,0.0,0.0,54.358721999800764,0.0,0.0,159.83568522675023,2220.0,46.55471837054048,913.3199280979346,,,,False,False,not_attempted,0,0,0,0,25,4,0.16,143.04735068132953,1814.0,False,,,False,3,0
nn,adaptive,37,2220.0,37.0,7,recovering,recovering,13 24 25 68,2681,1.8796992481203008,0.532,0.28,32.62017728250752,18.616666666666667,5,2,3,1.3476686568265983,0.6738343284132992,161.1833538835768,60.0,2280.0,0.0,0.0,0.0,54.358721999800764,0.0,0.0,161.1833538835768,2280.0,42.63495231064242,913.3199280979346,,,,False,False,not_attempted,0,0,0,0,5,4,0.8,142.9540173479962,1938.0,False,,,False,2,0
nn,adaptive,38,2280.0,38.0,7,recovering,recovering,13 24 25 68,2681,1.7921146953405016,0.558,0.32,32.82338718808226,18.633333333333333,3,1,2,0.644592010476375,0.644592010476375,161.8279458940532,60.0,2340.0,0.0,0.0,0.0,54.358721999800764,0.0,0.0,161.8279458940532,2340.0,41.07321039036026,876.2469569040377,,,,False,False,not_attempted,0,0,0,0,3,0,0.0,142.92620270884635,1938.0,False,,,False,1,0
nn,adaptive,39,2340.0,39.0,7,recovering,recovering,13 24 25 68,2681,1.7123287671232879,0.584,0.36,33.010719343667866,18.65,2,1,1,0.44960291939012165,0.44960291939012165,162.2775488134433,60.0,2400.0,0.0,0.0,0.0,54.358721999800764,0.0,0.0,162.2775488134433,2400.0,40.099179712777506,806.8131354648117,,,,False,False,not_attempted,0,0,0,0,3,0,0.0,142.92620270884635,1938.0,False,,,False,1,0
nn,adaptive,40,2400.0,40.0,8,recovering,recovering,13 24 25 68,2681,1.639344262295082,0.61,0.4,33.18396468746468,18.666666666666668,1,0,1,0.2207952057206558,0.2207952057206558,162.49834401916397,60.0,2460.0,10.88845849991776,0.000318199978210032,10.88877669989597,65.24749869969673,0.0,0.0,162.49834401916397,2460.0,39.3937202051591,674.7066687403499,39.3937202051591,39.3937202051591,0.0,True,False,incumbent_not_worse,0,0,0,0,0,0,0.0,142.92620270884635,1938.0,False,,,True,1,0
nn,adaptive,41,2460.0,41.0,8,recovering,recovering,13 24 25 68,2681,1.572327044025157,0.636,0.44,33.34465457144562,18.683333333333334,1,0,1,0.16016945258661908,0.16016945258661908,162.65851347175058,60.0,2520.0,0.0,0.0,0.0,65.24749869969673,0.0,0.0,162.65851347175058,2520.0,39.18184057834094,674.7066687403499,,,,False,False,not_attempted,0,0,0,0,0,0,0.0,142.92620270884635,1938.0,False,,,False,1,0
nn,adaptive,42,2520.0,42.0,8,recovering,recovering,13 24 25 68,2681,1.5105740181268883,0.6619999999999999,0.48,33.49410614862006,18.7,1,0,1,0.09333333333333332,0.09333333333333332,162.75184680508391,60.0,2580.0,0.0,0.0,0.0,65.24749869969673,0.0,0.0,162.75184680508391,2580.0,38.80016209157535,554.7066687403499,,,,False,False,not_attempted,0,0,0,0,0,0,0.0,142.92620270884635,1938.0,False,,,False,0,0
nn,adaptive,43,2580.0,43.0,8,recovering,recovering,13 24 25 68,2681,1.4534883720930234,0.688,0.52,33.63345855918624,18.716666666666665,1,1,0,38.561186273046715,38.561186273046715,201.31303307813062,586.1683684634743,3166.1683684634745,0.0,0.0,0.0,65.24749869969673,0.0,0.0,201.31303307813062,3166.1683684634745,38.62011457811813,554.7066687403499,,,,False,False,not_attempted,0,0,0,0,665,10,0.015037593984962405,140.47261975383657,1938.0,True,,,False,0,0
nn,static_live,0,0.0,0.0,0,normal,initial,13 24 25 68,0,1.0,1.0,0.0,34.78037077224997,18.0,84,0,84,16.660400703942315,16.660400703942315,16.660400703942315,60.0,60.0,9.957765099941753,0.252319399965927,10.21008449990768,10.21008449990768,0.0,0.0,16.660400703942315,60.0,162.58793156149096,2761.487785832027,,,,False,False,initial_plan,0,0,0,0,97,0,0.0,177.83388229329896,0.0,False,,,True,10,10
nn,static_live,1,60.0,1.0,0,normal,normal,13 24 25 68,0,1.0,1.0,0.0,34.78037077224997,18.016666666666666,84,0,84,2.671835477730445,2.671835477730445,19.332236181672762,60.0,120.0,0.0,0.0,0.0,10.21008449990768,0.0,0.0,19.332236181672762,120.0,144.89809698360446,2603.2770542730404,,,,False,False,not_attempted,0,0,0,0,24,0,0.0,177.65141542411558,0.0,False,,,False,9,10
nn,static_live,2,120.0,2.0,0,normal,normal,13 24 25 68,0,1.0,1.0,0.0,34.78037077224997,18.033333333333335,84,6,78,2.2336491502253266,0.37227485837088775,21.565885331898087,60.0,180.0,0.0,0.0,0.0,10.21008449990768,0.0,0.0,21.565885331898087,180.0,142.35879798598543,2603.2770542730404,,,,False,False,not_attempted,0,0,0,0,25,0,0.0,177.33697396192156,239.0,False,,,False,9,4
nn,static_live,3,180.0,3.0,0,normal,normal,13 24 25 68,0,1.0,1.0,0.0,34.78037077224997,18.05,78,4,74,4.632857667324735,1.1582144168311836,26.198742999222823,60.0,240.0,0.0,0.0,0.0,10.21008449990768,0.0,0.0,26.198742999222823,240.0,140.51455427701427,2575.2504365841983,,,,False,False,not_attempted,0,0,0,0,75,0,0.0,176.58965573332028,239.0,False,,,False,9,0
nn,static_live,4,240.0,4.0,0,normal,normal,13 24 25 68,0,1.0,1.0,0.0,34.78037077224997,18.066666666666666,74,0,74,2.1890984112485845,2.1890984112485845,28.387841410471406,60.0,300.0,0.0,0.0,0.0,10.21008449990768,0.0,0.0,28.387841410471406,300.0,135.7776609100203,2453.4542174026838,,,,False,False,not_attempted,0,0,0,0,38,0,0.0,176.38162922177597,239.0,False,,,False,9,0
nn,static_live,5,300.0,5.0,1,normal,normal,13 24 25 68,0,1.0,1.0,0.0,34.78037077224997,18.083333333333332,74,3,71,4.763597379502395,1.587865793167465,33.1514387899738,60.0,360.0,0.0,0.0,0.0,10.21008449990768,0.0,0.0,33.1514387899738,360.0,133.8378687044175,2453.4542174026838,,,,False,False,not_attempted,0,0,0,0,105,0,0.0,175.72436508422112,402.0,False,,,False,9,0
nn,static_live,6,360.0,6.0,1,normal,normal,13 24 25 68,0,1.0,1.0,0.0,34.78037077224997,18.1,71,2,69,4.5988841917568095,2.2994420958784048,37.75032298173061,60.0,420.0,0.0,0.0,0.0,10.21008449990768,0.0,0.0,37.75032298173061,420.0,128.65555322310212,2295.479016670314,,,,False,False,not_attempted,0,0,0,0,68,0,0.0,173.98774183949396,422.0,False,,,False,9,0
nn,static_live,7,420.0,7.0,1,normal,normal,13 24 25 68,0,1.0,1.0,0.0,34.78037077224997,18.116666666666667,69,3,66,4.0596296318654135,1.353209877288471,41.809952613596025,60.0,480.0,0.0,0.0,0.0,10.21008449990768,0.0,0.0,41.809952613596025,480.0,123.9692432558826,2295.479016670314,,,,False,False,not_attempted,0,0,0,0,59,0,0.0,172.73804103501027,477.0,False,,,False,8,0
nn,static_live,8,480.0,8.0,1,normal,normal,13 24 25 68,0,1.0,1.0,0.0,34.78037077224997,18.133333333333333,66,3,63,2.9617497333409846,0.9872499111136616,44.77170234693701,60.0,540.0,0.0,0.0,0.0,10.21008449990768,0.0,0.0,44.77170234693701,540.0,120.21492095922403,2165.047520150499,,,,False,False,not_attempted,0,0,0,0,53,0,0.0,172.64470770167694,647.0,False,,,False,8,0
nn,static_live,9,540.0,9.0,1,normal,normal,13 24 25 68,0,1.0,1.0,0.0,34.78037077224997,18.15,63,2,61,1.3608862693802408,0.6804431346901204,46.13258861631725,60.0,600.0,0.0,0.0,0.0,10.21008449990768,0.0,0.0,46.13258861631725,600.0,117.0907644351915,2165.047520150499,,,,False,False,not_attempted,0,0,0,0,35,0,0.0,172.53888579406538,647.0,False,,,False,8,0
nn,static_live,10,600.0,10.0,2,degrading,degrading,13 24 25 68,0,1.0,1.0,0.0,34.78037077224997,18.166666666666668,61,4,57,3.361017409988798,0.8402543524971995,49.49360602630605,60.0,660.0,0.0,0.0,0.0,10.21008449990768,0.0,0.0,49.49360602630605,660.0,115.72549646918236,2159.671519313145,,,,False,False,not_attempted,0,0,0,0,46,0,0.0,172.28418379893967,647.0,False,,,False,8,0
nn,static_live,11,660.0,11.0,2,degrading,degrading,13 24 25 68,2681,1.06951871657754,0.935,0.0,34.60155362914376,18.183333333333334,57,1,56,5.294232427588922,5.294232427588922,54.78783845389497,60.0,720.0,0.0,0.0,0.0,10.21008449990768,0.0,0.0,54.78783845389497,720.0,117.45332110932277,2107.419017656441,,,,False,False,not_attempted,0,0,0,0,52,0,0.0,170.6107783742012,659.0,False,,,False,8,0
nn,static_live,12,720.0,12.0,2,degrading,degrading,13 24 25 68,2681,1.1494252873563218,0.87,0.0,34.39569006737746,18.2,56,2,54,1.8891150994242354,0.9445575497121177,56.67695355331921,60.0,780.0,0.0,0.0,0.0,10.21008449990768,0.0,0.0,56.67695355331921,780.0,116.41723079230964,1984.0294839059998,,,,False,False,not_attempted,0,0,0,0,34,9,0.2647058823529412,170.20338483629783,743.0,False,,,False,8,0
nn,static_live,13,780.0,13.0,2,degrading,degrading,13 24 25 68,2681,1.2422360248447206,0.8049999999999999,0.0,34.15939207694038,18.216666666666665,54,2,52,3.5660362728995416,1.7830181364497708,60.242989826218746,60.0,840.0,0.0,0.0,0.0,10.21008449990768,0.0,0.0,60.242989826218746,840.0,118.31355339400417,2018.196615711044,,,,False,False,not_attempted,0,0,0,0,48,13,0.2708333333333333,170.1100515029645,843.0,False,,,False,8,0
nn,static_live,14,840.0,14.0,2,degrading,degrading,13 24 25 68,2681,1.3513513513513513,0.74,0.0,33.885701393776806,18.233333333333334,52,3,49,5.488021888110055,1.8293406293700183,65.7310117143288,60.0,900.0,0.0,0.0,0.0,10.21008449990768,0.0,0.0,65.7310117143288,900.0,118.92353612117844,2016.3502573064795,,,,False,False,not_attempted,0,0,0,0,43,4,0.09302325581395349,167.71471727564924,843.0,False,,,False,8,0
nn,static_live,15,900.0,15.0,3,degrading,degrading,13 24 25 68,2681,1.4814814814814814,0.675,0.0,33.56497967065395,18.25,49,1,48,3.7330726562521663,3.7330726562521663,69.46408437058096,60.0,960.0,0.0,0.0,0.0,10.21008449990768,0.0,0.0,69.46408437058096,960.0,117.9304222407212,1984.41373677122,,,,False,False,not_attempted,0,0,0,0,40,5,0.125,166.20343873996322,853.0,False,,,False,8,0
nn,static_live,16,960.0,16.0,3,degrading,degrading,13 24 25 68,2681,1.639344262295082,0.61,0.0,33.18396468746468,18.266666666666666,48,4,44,4.770256930760878,1.1925642326902195,74.23434130134184,60.0,1020.0,0.0,0.0,0.0,10.21008449990768,0.0,0.0,74.23434130134184,1020.0,119.14552627738101,1930.8025236720837,,,,False,False,not_attempted,0,0,0,0,73,0,0.0,164.72423250848738,968.0,False,,,False,8,0
nn,static_live,17,1020.0,17.0,3,degrading,degrading,13 24 25 68,2681,1.8348623853211008,0.545,0.0,32.72389050058952,18.283333333333335,44,1,43,2.659387466666903,2.659387466666903,76.89372876800874,60.0,1080.0,0.0,0.0,0.0,10.21008449990768,0.0,0.0,76.89372876800874,1080.0,122.09605177067195,1922.1345185110167,,,,False,False,not_attempted,0,0,0,0,42,4,0.09523809523809523,164.47158796189908,1087.0,False,,,False,8,0
nn,static_live,18,1080.0,18.0,3,degrading,degrading,13 24 25 68,2681,2.0833333333333335,0.48,0.0,32.157301947836125,18.3,43,2,41,3.0183600052709063,1.5091800026354532,79.91208877327965,60.0,1140.0,0.0,0.0,0.0,10.21008449990768,0.0,0.0,79.91208877327965,1140.0,128.10931148764905,1891.33471621646,,,,False,False,not_attempted,0,0,0,0,43,4,0.09302325581395349,164.37825462856574,1087.0,False,,,False,8,0
nn,static_live,19,1140.0,19.0,3,degrading,degrading,13 24 25 68,2681,2.409638554216868,0.4149999999999999,0.0,31.44236703830193,18.316666666666666,41,2,39,6.125002737528598,3.062501368764299,86.03709151080825,60.0,1200.0,0.0,0.0,0.0,10.21008449990768,0.0,0.0,86.03709151080825,1200.0,135.83621009364066,1863.3995809847984,,,,False,False,not_attempted,0,0,0,0,43,13,0.3023255813953488,164.2614882390681,1087.0,False,,,False,8,0
nn,static_live,20,1200.0,20.0,4,disrupted,holding,13 24 25 68,2681,2.857142857142857,0.35,0.0,30.51204894886194,18.333333333333332,39,1,38,5.556483603090573,5.556483603090573,91.59357511389882,60.0,1260.0,0.0,0.0,0.0,10.21008449990768,0.0,0.0,91.59357511389882,1260.0,141.9909430307112,1878.2000638189886,,,,False,False,not_attempted,0,0,0,0,21,6,0.2857142857142857,164.16815490573475,1087.0,False,,,False,7,0
nn,static_live,21,1260.0,21.0,4,disrupted,disrupted,13 24 25 68,2681,2.857142857142857,0.35,0.0,30.51204894886194,18.35,38,4,34,4.312737720415649,1.0781844301039123,95.90631283431448,60.0,1320.0,0.0,0.0,0.0,10.21008449990768,0.0,0.0,95.90631283431448,1320.0,137.50568770374156,1780.6686107898577,,,,False,False,not_attempted,0,0,0,0,31,2,0.06451612903225806,164.1089189552412,1308.0,False,,,False,7,0
nn,static_live,22,1320.0,22.0,4,disrupted,disrupted,13 24 25 68,2681,2.857142857142857,0.35,0.0,30.51204894886194,18.366666666666667,34,1,33,4.510768142619137,4.510768142619137,100.41708097693362,60.0,1380.0,0.0,0.0,0.0,10.21008449990768,0.0,0.0,100.41708097693362,1380.0,133.3419413576205,1765.966243522208,,,,False,False,not_attempted,0,0,0,0,18,6,0.3333333333333333,164.1089189552412,1308.0,False,,,False,7,0
nn,static_live,23,1380.0,23.0,4,disrupted,disrupted,13 24 25 68,2681,2.857142857142857,0.35,0.0,30.51204894886194,18.383333333333333,33,3,30,6.193260132659291,2.0644200442197636,106.61034110959291,60.0,1440.0,0.0,0.0,0.0,10.21008449990768,0.0,0.0,106.61034110959291,1440.0,128.31989043273757,1645.966243522208,,,,False,False,not_attempted,0,0,0,0,32,5,0.15625,162.26662403423555,1308.0,False,,,False,7,0
nn,static_live,24,1440.0,24.0,4,disrupted,disrupted,13 24 25 68,2681,2.857142857142857,0.35,0.0,30.51204894886194,18.4,30,3,27,6.968849646264948,2.322949882088316,113.57919075585785,60.0,1500.0,0.0,0.0,0.0,10.21008449990768,0.0,0.0,113.57919075585785,1500.0,122.27451932164975,1645.966243522208,,,,False,False,not_attempted,0,0,0,0,55,10,0.18181818181818182,160.08554952795095,1456.0,False,,,False,7,0
nn,static_live,25,1500.0,25.0,5,disrupted,disrupted,13 24 25 68,2681,2.857142857142857,0.35,0.0,30.51204894886194,18.416666666666668,27,0,27,7.796390926563012,7.796390926563012,121.37558168242086,60.0,1560.0,0.0,0.0,0.0,10.21008449990768,0.0,0.0,121.37558168242086,1560.0,114.16453184462729,1590.5296255233839,,,,False,False,not_attempted,0,0,0,0,38,10,0.2631578947368421,158.84453973383668,1456.0,False,,,False,7,0
nn,static_live,26,1560.0,26.0,5,disrupted,disrupted,13 24 25 68,2681,2.857142857142857,0.35,0.0,30.51204894886194,18.433333333333334,27,1,26,3.3087393119420065,3.3087393119420065,124.68432099436286,60.0,1620.0,0.0,0.0,0.0,10.21008449990768,0.0,0.0,124.68432099436286,1620.0,107.44034845294263,1469.7461234570778,,,,False,False,not_attempted,0,0,0,0,23,3,0.13043478260869565,158.75120640050335,1456.0,False,,,False,7,0
nn,static_live,27,1620.0,27.0,5,disrupted,disrupted,13 24 25 68,2681,2.857142857142857,0.35,0.0,30.51204894886194,18.45,26,4,22,5.849704966772813,1.4624262416932032,130.53402596113568,60.0,1680.0,0.0,0.0,0.0,10.21008449990768,0.0,0.0,130.53402596113568,1680.0,104.18443493289742,1469.7461234570778,,,,False,False,not_attempted,0,0,0,0,51,4,0.0784313725490196,157.56071639871243,1567.0,False,,,False,7,0
nn,static_live,28,1680.0,28.0,5,disrupted,disrupted,13 24 25 68,2681,2.857142857142857,0.35,0.0,30.51204894886194,18.466666666666665,22,1,21,12.045249765747096,12.045249765747096,142.57927572688277,60.0,1740.0,0.0,0.0,0.0,10.21008449990768,0.0,0.0,142.57927572688277,1740.0,96.32685127826343,1411.1557235080586,,,,False,False,not_attempted,0,0,0,0,30,11,0.36666666666666664,151.11181318093688,1567.0,False,,,False,7,0
nn,static_live,29,1740.0,29.0,5,disrupted,disrupted,13 24 25 68,2681,2.857142857142857,0.35,0.0,30.51204894886194,18.483333333333334,21,0,21,3.9993861963880875,3.9993861963880875,146.57866192327086,60.0,1800.0,0.0,0.0,0.0,10.21008449990768,0.0,0.0,146.57866192327086,1800.0,86.33691489909351,1289.9549378563265,,,,False,False,not_attempted,0,0,0,0,17,3,0.17647058823529413,151.01847984760354,1567.0,False,,,False,7,0
nn,static_live,30,1800.0,30.0,6,recovering,recovering,13 24 25 68,2681,2.857142857142857,0.35,0.0,30.51204894886194,18.5,21,4,17,5.584696335876464,1.396174083969116,152.16335825914732,60.0,1860.0,0.0,0.0,0.0,10.21008449990768,0.0,0.0,152.16335825914732,1860.0,82.33272827775798,1289.9549378563265,,,,False,False,not_attempted,0,0,0,0,14,8,0.5714285714285714,148.59388122868825,1655.0,False,,,False,7,0
nn,static_live,31,1860.0,31.0,6,recovering,recovering,13 24 25 68,2681,2.6595744680851063,0.376,0.04,30.91589731653039,18.516666666666666,17,1,16,7.902293166167083,7.902293166167083,160.0656514253144,60.0,1920.0,0.0,0.0,0.0,10.21008449990768,0.0,0.0,160.0656514253144,1920.0,74.2471515142335,1220.40062714036,,,,False,False,not_attempted,0,0,0,0,14,11,0.7857142857142857,146.46974004587858,1655.0,False,,,False,7,0
nn,static_live,32,1920.0,32.0,6,recovering,recovering,13 24 25 68,2681,2.4875621890547266,0.40199999999999997,0.08,31.276313688751998,18.533333333333335,16,2,14,2.3450648938556147,1.1725324469278073,162.41071631917,60.0,1980.0,0.0,0.0,0.0,10.21008449990768,0.0,0.0,162.41071631917,1980.0,65.0865424561716,1111.0416001432736,,,,False,False,not_attempted,0,0,0,0,4,0,0.0,146.0038246319899,1807.0,False,,,False,6,0
nn,static_live,33,1980.0,33.0,6,recovering,recovering,13 24 25 68,2681,2.336448598130841,0.428,0.12,31.59994690075087,18.55,14,3,11,1.3839734013765919,0.4613244671255306,163.7946897205466,60.0,2040.0,0.0,0.0,0.0,10.21008449990768,0.0,0.0,163.7946897205466,2040.0,63.17069726895853,1059.7209998089286,,,,False,False,not_attempted,0,0,0,0,11,2,0.18181818181818182,145.91049129865655,1807.0,False,,,False,5,0
nn,static_live,34,2040.0,34.0,6,recovering,recovering,13 24 25 68,2681,2.2026431718061676,0.45399999999999996,0.16,31.89215455207436,18.566666666666666,11,2,9,4.733483229423342,2.366741614711671,168.52817294996993,60.0,2100.0,0.0,0.0,0.0,10.21008449990768,0.0,0.0,168.52817294996993,2100.0,61.3385630794368,1031.7888177999644,,,,False,False,not_attempted,0,0,0,0,60,4,0.06666666666666667,145.90125796795877,1807.0,False,,,False,5,0
nn,static_live,35,2100.0,35.0,7,recovering,recovering,13 24 25 68,2681,2.0833333333333335,0.48,0.2,32.157301947836125,18.583333333333332,9,1,8,4.033013995536806,4.033013995536806,172.56118694550673,60.0,2160.0,0.0,0.0,0.0,10.21008449990768,0.0,0.0,172.56118694550673,2160.0,55.92781425647666,972.3148048697425,,,,False,False,not_attempted,0,0,0,0,27,2,0.07407407407407407,145.0751166669147,1814.0,False,,,False,5,0
nn,static_live,36,2160.0,36.0,7,recovering,recovering,13 24 25 68,2681,1.976284584980237,0.506,0.24,32.398981663836956,18.6,8,0,8,0.4666666666666666,0.4666666666666666,173.0278536121734,60.0,2220.0,0.0,0.0,0.0,10.21008449990768,0.0,0.0,173.0278536121734,2220.0,51.34837315295803,852.3148048697426,,,,False,False,not_attempted,0,0,0,0,0,0,0.0,144.98178333358138,1814.0,False,,,False,2,0
nn,static_live,37,2220.0,37.0,7,recovering,recovering,13 24 25 68,2681,1.8796992481203008,0.532,0.28,32.62017728250752,18.616666666666667,8,5,3,4.269719298258051,0.8539438596516102,177.29757291043146,60.0,2280.0,0.0,0.0,0.0,10.21008449990768,0.0,0.0,177.29757291043146,2280.0,51.06337196023436,852.3148048697426,,,,False,False,not_attempted,0,0,0,0,34,0,0.0,144.97607824516749,1996.0,False,,,False,2,0
nn,static_live,38,2280.0,38.0,7,recovering,recovering,13 24 25 68,2681,1.7921146953405016,0.558,0.32,32.82338718808226,18.633333333333333,3,0,3,1.5103075504032926,1.5103075504032926,178.80788046083475,60.0,2340.0,0.0,0.0,0.0,10.21008449990768,0.0,0.0,178.80788046083475,2340.0,46.65704955998807,793.2296631004614,,,,False,False,not_attempted,0,0,0,0,18,0,0.0,144.97607824516749,1996.0,False,,,False,2,0
nn,static_live,39,2340.0,39.0,7,recovering,recovering,13 24 25 68,2681,1.7123287671232879,0.584,0.36,33.010719343667866,18.65,3,0,3,0.18666666666666665,0.18666666666666665,178.99454712750142,60.0,2400.0,0.0,0.0,0.0,10.21008449990768,0.0,0.0,178.99454712750142,2400.0,44.64403100785736,630.526192270795,,,,False,False,not_attempted,0,0,0,0,0,0,0.0,144.97607824516749,1996.0,False,,,False,1,0
nn,static_live,40,2400.0,40.0,8,recovering,recovering,13 24 25 68,2681,1.639344262295082,0.61,0.4,33.18396468746468,18.666666666666668,3,2,1,0.32240732801452165,0.16120366400726083,179.31695445551594,60.0,2460.0,0.0,0.0,0.0,10.21008449990768,0.0,0.0,179.31695445551594,2460.0,44.429066898431905,630.526192270795,,,,False,False,not_attempted,0,0,0,0,10,0,0.0,144.97607824516749,1996.0,False,,,False,1,0
nn,static_live,41,2460.0,41.0,8,recovering,recovering,13 24 25 68,2681,1.572327044025157,0.636,0.44,33.34465457144562,18.683333333333334,1,0,1,0.4847609039307218,0.4847609039307218,179.80171535944666,60.0,2520.0,0.0,0.0,0.0,10.21008449990768,0.0,0.0,179.80171535944666,2520.0,43.98229751150503,606.3106898102997,,,,False,False,not_attempted,0,0,0,0,9,0,0.0,144.97607824516749,1996.0,False,,,False,1,0
nn,static_live,42,2520.0,42.0,8,recovering,recovering,13 24 25 68,2681,1.5105740181268883,0.6619999999999999,0.48,33.49410614862006,18.7,1,0,1,0.09333333333333332,0.09333333333333332,179.89504869278,60.0,2580.0,0.0,0.0,0.0,10.21008449990768,0.0,0.0,179.89504869278,2580.0,43.24253346853793,554.7066687403499,,,,False,False,not_attempted,0,0,0,0,0,0,0.0,144.97607824516749,1996.0,False,,,False,0,0
nn,static_live,43,2580.0,43.0,8,recovering,recovering,13 24 25 68,2681,1.4534883720930234,0.688,0.52,33.63345855918624,18.716666666666665,1,1,0,42.86548965376736,42.86548965376736,222.76053834654735,579.7320389380208,3159.7320389380207,0.0,0.0,0.0,10.21008449990768,0.0,0.0,222.76053834654735,3159.7320389380207,43.07479957903705,554.7066687403499,,,,False,False,not_attempted,0,0,0,0,495,10,0.020202020202020204,141.4576931008449,1996.0,True,,,False,0,0
nn,static_frozen,0,0.0,0.0,0,normal,initial,13 24 25 68,0,1.0,1.0,0.0,34.78037077224997,18.0,84,0,84,16.660400703942315,16.660400703942315,16.660400703942315,60.0,60.0,9.957765099941753,0.252319399965927,10.21008449990768,10.21008449990768,0.0,0.0,16.660400703942315,60.0,162.58793156149096,2761.487785832027,,,,False,False,initial_plan,0,0,0,0,97,0,0.0,177.83388229329896,0.0,False,,,True,10,10
nn,static_frozen,1,60.0,1.0,0,normal,normal,13 24 25 68,0,1.0,1.0,0.0,34.78037077224997,18.016666666666666,84,0,84,2.671835477730445,2.671835477730445,19.332236181672762,60.0,120.0,0.0,0.0,0.0,10.21008449990768,0.0,0.0,19.332236181672762,120.0,144.89809698360446,2603.2770542730404,,,,False,False,not_attempted,0,0,0,0,24,0,0.0,177.65141542411558,0.0,False,,,False,9,10
nn,static_frozen,2,120.0,2.0,0,normal,normal,13 24 25 68,0,1.0,1.0,0.0,34.78037077224997,18.033333333333335,84,6,78,2.2336491502253266,0.37227485837088775,21.565885331898087,60.0,180.0,0.0,0.0,0.0,10.21008449990768,0.0,0.0,21.565885331898087,180.0,142.35879798598543,2603.2770542730404,,,,False,False,not_attempted,0,0,0,0,25,0,0.0,177.33697396192156,239.0,False,,,False,9,4
nn,static_frozen,3,180.0,3.0,0,normal,normal,13 24 25 68,0,1.0,1.0,0.0,34.78037077224997,18.05,78,4,74,4.632857667324735,1.1582144168311836,26.198742999222823,60.0,240.0,0.0,0.0,0.0,10.21008449990768,0.0,0.0,26.198742999222823,240.0,140.51455427701427,2575.2504365841983,,,,False,False,not_attempted,0,0,0,0,75,0,0.0,176.58965573332028,239.0,False,,,False,9,0
nn,static_frozen,4,240.0,4.0,0,normal,normal,13 24 25 68,0,1.0,1.0,0.0,34.78037077224997,18.066666666666666,74,0,74,2.1890984112485845,2.1890984112485845,28.387841410471406,60.0,300.0,0.0,0.0,0.0,10.21008449990768,0.0,0.0,28.387841410471406,300.0,135.7776609100203,2453.4542174026838,,,,False,False,not_attempted,0,0,0,0,38,0,0.0,176.38162922177597,239.0,False,,,False,9,0
nn,static_frozen,5,300.0,5.0,1,normal,normal,13 24 25 68,0,1.0,1.0,0.0,34.78037077224997,18.083333333333332,74,3,71,4.763597379502395,1.587865793167465,33.1514387899738,60.0,360.0,0.0,0.0,0.0,10.21008449990768,0.0,0.0,33.1514387899738,360.0,133.8378687044175,2453.4542174026838,,,,False,False,not_attempted,0,0,0,0,105,0,0.0,175.72436508422112,402.0,False,,,False,9,0
nn,static_frozen,6,360.0,6.0,1,normal,normal,13 24 25 68,0,1.0,1.0,0.0,34.78037077224997,18.1,71,2,69,4.5988841917568095,2.2994420958784048,37.75032298173061,60.0,420.0,0.0,0.0,0.0,10.21008449990768,0.0,0.0,37.75032298173061,420.0,128.65555322310212,2295.479016670314,,,,False,False,not_attempted,0,0,0,0,68,0,0.0,173.98774183949396,422.0,False,,,False,9,0
nn,static_frozen,7,420.0,7.0,1,normal,normal,13 24 25 68,0,1.0,1.0,0.0,34.78037077224997,18.116666666666667,69,3,66,4.0596296318654135,1.353209877288471,41.809952613596025,60.0,480.0,0.0,0.0,0.0,10.21008449990768,0.0,0.0,41.809952613596025,480.0,123.9692432558826,2295.479016670314,,,,False,False,not_attempted,0,0,0,0,59,0,0.0,172.73804103501027,477.0,False,,,False,8,0
nn,static_frozen,8,480.0,8.0,1,normal,normal,13 24 25 68,0,1.0,1.0,0.0,34.78037077224997,18.133333333333333,66,3,63,2.9617497333409846,0.9872499111136616,44.77170234693701,60.0,540.0,0.0,0.0,0.0,10.21008449990768,0.0,0.0,44.77170234693701,540.0,120.21492095922403,2165.047520150499,,,,False,False,not_attempted,0,0,0,0,53,0,0.0,172.64470770167694,647.0,False,,,False,8,0
nn,static_frozen,9,540.0,9.0,1,normal,normal,13 24 25 68,0,1.0,1.0,0.0,34.78037077224997,18.15,63,2,61,1.360887868666041,0.6804439343330205,46.13259021560305,60.0,600.0,0.0,0.0,0.0,10.21008449990768,0.0,0.0,46.13259021560305,600.0,117.0907644351915,2165.047520150499,,,,False,False,not_attempted,0,0,0,0,35,0,0.0,172.53888579406538,647.0,False,,,False,8,0
nn,static_frozen,10,600.0,10.0,2,degrading,degrading,13 24 25 68,0,1.0,1.0,0.0,34.78037077224997,18.166666666666668,61,4,57,3.3611376239174127,0.8402844059793532,49.49372783952047,60.0,660.0,0.0,0.0,0.0,10.21008449990768,0.0,0.0,49.49372783952047,660.0,115.72549646918236,2159.671519313145,,,,False,False,not_attempted,0,0,0,0,46,0,0.0,172.28418379893967,647.0,False,,,False,8,0
nn,static_frozen,11,660.0,11.0,2,degrading,degrading,13 24 25 68,2681,1.06951871657754,0.935,0.0,34.60155362914376,18.183333333333334,57,1,56,5.294232427588922,5.294232427588922,54.78796026710939,60.0,720.0,0.0,0.0,0.0,10.21008449990768,0.0,0.0,54.78796026710939,720.0,117.45332110932277,2107.419017656441,,,,False,False,not_attempted,0,0,0,0,52,0,0.0,170.6107783742012,659.0,False,,,False,8,0
nn,static_frozen,12,720.0,12.0,2,degrading,degrading,13 24 25 68,2681,1.1494252873563218,0.87,0.0,34.39569006737746,18.2,56,2,54,1.9316920026821618,0.9658460013410809,56.71965226979155,60.0,780.0,0.0,0.0,0.0,10.21008449990768,0.0,0.0,56.71965226979155,780.0,116.41723079230964,1984.0294839059998,,,,False,False,not_attempted,0,0,0,0,35,10,0.2857142857142857,170.20338483629783,743.0,False,,,False,8,0
nn,static_frozen,13,780.0,13.0,2,degrading,degrading,13 24 25 68,2681,1.2422360248447206,0.8049999999999999,0.0,34.15939207694038,18.216666666666665,54,2,52,3.823518689493706,1.911759344746853,60.543170959285256,60.0,840.0,0.0,0.0,0.0,10.21008449990768,0.0,0.0,60.543170959285256,840.0,118.31355339400417,2018.196615711044,,,,False,False,not_attempted,0,0,0,0,50,17,0.34,170.1100515029645,843.0,False,,,False,8,0
nn,static_frozen,14,840.0,14.0,2,degrading,degrading,13 24 25 68,2681,1.3513513513513513,0.74,0.0,33.885701393776806,18.233333333333334,52,3,49,5.592959457999151,1.8643198193330504,66.1361304172844,60.0,900.0,0.0,0.0,0.0,10.21008449990768,0.0,0.0,66.1361304172844,900.0,118.91430098642105,2016.3502573064795,,,,False,False,not_attempted,0,0,0,0,42,6,0.14285714285714285,167.71471727564924,843.0,False,,,False,8,0
nn,static_frozen,15,900.0,15.0,3,degrading,degrading,13 24 25 68,2681,1.4814814814814814,0.675,0.0,33.56497967065395,18.25,49,1,48,4.213405341450951,4.213405341450951,70.34953575873536,60.0,960.0,0.0,0.0,0.0,10.21008449990768,0.0,0.0,70.34953575873536,960.0,117.54022709804721,1980.628277349741,,,,False,False,not_attempted,0,0,0,0,35,8,0.22857142857142856,166.20343873996322,853.0,False,,,False,8,0
nn,static_frozen,16,960.0,16.0,3,degrading,degrading,13 24 25 68,2681,1.639344262295082,0.61,0.0,33.18396468746468,18.266666666666666,48,4,44,7.557712336042299,1.8894280840105748,77.90724809477766,60.0,1020.0,0.0,0.0,0.0,10.21008449990768,0.0,0.0,77.90724809477766,1020.0,118.94414629494733,1887.3557767801003,,,,False,False,not_attempted,0,0,0,0,82,22,0.2682926829268293,164.72423250848738,968.0,False,,,False,8,0
nn,static_frozen,17,1020.0,17.0,3,degrading,degrading,13 24 25 68,2681,1.8348623853211008,0.545,0.0,32.72389050058952,18.283333333333335,44,1,43,3.0936148170784437,3.0936148170784437,81.0008629118561,60.0,1080.0,0.0,0.0,0.0,10.21008449990768,0.0,0.0,81.0008629118561,1080.0,120.15948454772739,1922.1345185110167,,,,False,False,not_attempted,0,0,0,0,33,8,0.24242424242424243,164.47158796189908,1087.0,False,,,False,8,0
nn,static_frozen,18,1080.0,18.0,3,degrading,degrading,13 24 25 68,2681,2.0833333333333335,0.48,0.0,32.157301947836125,18.3,43,2,41,1.7243217179171224,0.8621608589585612,82.72518462977322,60.0,1140.0,0.0,0.0,0.0,10.21008449990768,0.0,0.0,82.72518462977322,1140.0,124.98844832101327,1827.1552861584341,,,,False,False,not_attempted,0,0,0,0,37,0,0.0,164.37825462856574,1087.0,False,,,False,8,0
nn,static_frozen,19,1140.0,19.0,3,degrading,degrading,13 24 25 68,2681,2.409638554216868,0.4149999999999999,0.0,31.44236703830193,18.316666666666666,41,3,38,7.318330340629633,2.4394434468765445,90.04351497040285,60.0,1200.0,0.0,0.0,0.0,10.21008449990768,0.0,0.0,90.04351497040285,1200.0,133.89597949886706,1863.3995809847984,,,,False,False,not_attempted,0,0,0,0,54,19,0.35185185185185186,164.2614882390681,1087.0,False,,,False,8,0
nn,static_frozen,20,1200.0,20.0,4,disrupted,holding,13 24 25 68,2681,2.857142857142857,0.35,0.0,30.51204894886194,18.333333333333332,38,2,36,11.291221780453238,5.645610890226619,101.3347367508561,60.0,1260.0,0.0,0.0,0.0,10.21008449990768,0.0,0.0,101.3347367508561,1260.0,143.78322307597992,1780.6686107898577,,,,False,False,not_attempted,0,0,0,0,29,24,0.8275862068965517,164.16815490573475,1087.0,False,,,False,7,0
nn,static_frozen,21,1260.0,21.0,4,disrupted,disrupted,13 24 25 68,2681,2.857142857142857,0.35,0.0,30.51204894886194,18.35,36,3,33,11.871777701636107,3.9572592338787023,113.2065144524922,60.0,1320.0,0.0,0.0,0.0,10.21008449990768,0.0,0.0,113.2065144524922,1320.0,136.4201985895084,1780.6686107898577,,,,False,False,not_attempted,0,0,0,0,51,19,0.37254901960784315,163.58268640097057,1308.0,False,,,False,7,0
nn,static_frozen,22,1320.0,22.0,4,disrupted,disrupted,13 24 25 68,2681,2.857142857142857,0.35,0.0,30.51204894886194,18.366666666666667,33,0,33,2.9114748733509535,2.9114748733509535,116.11798932584315,60.0,1380.0,0.0,0.0,0.0,10.21008449990768,0.0,0.0,116.11798932584315,1380.0,125.04348824523088,1645.966243522208,,,,False,False,not_attempted,0,0,0,0,13,1,0.07692307692307693,163.48935306763724,1308.0,False,,,False,7,0
nn,static_frozen,23,1380.0,23.0,4,disrupted,disrupted,13 24 25 68,2681,2.857142857142857,0.35,0.0,30.51204894886194,18.383333333333333,33,4,29,3.2163842407878143,0.8040960601969536,119.33437356663097,60.0,1440.0,0.0,0.0,0.0,10.21008449990768,0.0,0.0,119.33437356663097,1440.0,122.78687792374983,1645.966243522208,,,,False,False,not_attempted,0,0,0,0,20,4,0.2,162.62951039310957,1351.0,False,,,False,7,0
nn,static_frozen,24,1440.0,24.0,4,disrupted,disrupted,13 24 25 68,2681,2.857142857142857,0.35,0.0,30.51204894886194,18.4,29,3,26,12.254592350631977,4.084864116877326,131.58896591726295,60.0,1500.0,0.0,0.0,0.0,10.21008449990768,0.0,0.0,131.58896591726295,1500.0,120.9871230873376,1628.8340291416266,,,,False,False,not_attempted,0,0,0,0,58,19,0.3275862068965517,159.1350756472529,1456.0,False,,,False,7,0
nn,static_frozen,25,1500.0,25.0,5,disrupted,disrupted,13 24 25 68,2681,2.857142857142857,0.35,0.0,30.51204894886194,18.416666666666668,26,0,26,6.779117197831476,6.779117197831476,138.36808311509444,60.0,1560.0,0.0,0.0,0.0,10.21008449990768,0.0,0.0,138.36808311509444,1560.0,110.40109696582545,1469.7461234570778,,,,False,False,not_attempted,0,0,0,0,18,8,0.4444444444444444,157.54944989748623,1456.0,False,,,False,7,0
nn,static_frozen,26,1560.0,26.0,5,disrupted,disrupted,13 24 25 68,2681,2.857142857142857,0.35,0.0,30.51204894886194,18.433333333333334,26,3,23,6.828858619226232,2.276286206408744,145.19694173432066,60.0,1620.0,0.0,0.0,0.0,10.21008449990768,0.0,0.0,145.19694173432066,1620.0,104.26502426381893,1469.7461234570778,,,,False,False,not_attempted,0,0,0,0,25,7,0.28,157.09471614288813,1567.0,False,,,False,7,0
nn,static_frozen,27,1620.0,27.0,5,disrupted,disrupted,13 24 25 68,2681,2.857142857142857,0.35,0.0,30.51204894886194,18.45,23,1,22,12.864358416924203,12.864358416924203,158.06130015124486,60.0,1680.0,0.0,0.0,0.0,10.21008449990768,0.0,0.0,158.06130015124486,1680.0,97.98193910194422,1452.1877541172157,,,,False,False,not_attempted,0,0,0,0,40,12,0.3,151.9260687820597,1567.0,False,,,False,7,0
nn,static_frozen,28,1680.0,28.0,5,disrupted,disrupted,13 24 25 68,2681,2.857142857142857,0.35,0.0,30.51204894886194,18.466666666666665,22,2,20,2.2517722873819337,1.1258861436909668,160.3130724386268,60.0,1740.0,0.0,0.0,0.0,10.21008449990768,0.0,0.0,160.3130724386268,1740.0,85.78591274063973,1289.9549378563265,,,,False,False,not_attempted,0,0,0,0,11,2,0.18181818181818182,151.0206316250727,1567.0,False,,,False,7,0
nn,static_frozen,29,1740.0,29.0,5,disrupted,disrupted,13 24 25 68,2681,2.857142857142857,0.35,0.0,30.51204894886194,18.483333333333334,20,2,18,9.690433661616856,4.845216830808428,170.00350610024364,60.0,1800.0,0.0,0.0,0.0,10.21008449990768,0.0,0.0,170.00350610024364,1800.0,83.65927018641659,1289.9549378563265,,,,False,False,not_attempted,0,0,0,0,32,17,0.53125,149.89442145447313,1655.0,False,,,False,6,0
nn,static_frozen,30,1800.0,30.0,6,recovering,recovering,13 24 25 68,2681,2.857142857142857,0.35,0.0,30.51204894886194,18.5,18,3,15,6.608879833328583,2.202959944442861,176.61238593357223,60.0,1860.0,0.0,0.0,0.0,10.21008449990768,0.0,0.0,176.61238593357223,1860.0,77.15893269396896,1272.092707631045,,,,False,False,not_attempted,0,0,0,0,30,9,0.3,147.55378802555467,1655.0,False,,,False,6,0
nn,static_frozen,31,1860.0,31.0,6,recovering,recovering,13 24 25 68,2681,2.6595744680851063,0.376,0.04,30.91589731653039,18.516666666666666,15,1,14,3.89545452341569,3.89545452341569,180.5078404569879,60.0,1920.0,0.0,0.0,0.0,10.21008449990768,0.0,0.0,180.5078404569879,1920.0,68.78681690381197,1130.1478336814648,,,,False,False,not_attempted,0,0,0,0,5,2,0.4,145.89679165857032,1655.0,False,,,False,6,0
nn,static_frozen,32,1920.0,32.0,6,recovering,recovering,13 24 25 68,2681,2.4875621890547266,0.40199999999999997,0.08,31.276313688751998,18.533333333333335,14,3,11,4.257837825366848,1.4192792751222827,184.76567828235474,60.0,1980.0,0.0,0.0,0.0,10.21008449990768,0.0,0.0,184.76567828235474,1980.0,65.25624663591854,1111.0416001432736,,,,False,False,not_attempted,0,0,0,0,9,3,0.3333333333333333,145.803458325237,1807.0,False,,,False,5,0
nn,static_frozen,33,1980.0,33.0,6,recovering,recovering,13 24 25 68,2681,2.336448598130841,0.428,0.12,31.59994690075087,18.55,11,2,9,3.7293922871855996,1.8646961435927998,188.49507056954033,60.0,2040.0,0.0,0.0,0.0,10.21008449990768,0.0,0.0,188.49507056954033,2040.0,60.464537795220984,927.6942638060112,,,,False,False,not_attempted,0,0,0,0,36,10,0.2777777777777778,144.58174822817242,1807.0,False,,,False,5,0
nn,static_frozen,34,2040.0,34.0,6,recovering,recovering,13 24 25 68,2681,2.2026431718061676,0.45399999999999996,0.16,31.89215455207436,18.566666666666666,9,2,7,3.565267120119185,1.7826335600595924,192.06033768965952,60.0,2100.0,0.0,0.0,0.0,10.21008449990768,0.0,0.0,192.06033768965952,2100.0,59.2942865226933,912.8318496897205,,,,False,False,not_attempted,0,0,0,0,59,2,0.03389830508474576,143.56694839921286,1814.0,False,,,False,5,0
nn,static_frozen,35,2100.0,35.0,7,recovering,recovering,13 24 25 68,2681,2.0833333333333335,0.48,0.2,32.157301947836125,18.583333333333332,7,0,7,4.977011440566868,4.977011440566868,197.03734913022637,60.0,2160.0,0.0,0.0,0.0,10.21008449990768,0.0,0.0,197.03734913022637,2160.0,54.575599264541715,881.7009376392905,,,,False,False,not_attempted,0,0,0,0,25,3,0.12,143.47361506587953,1814.0,False,,,False,5,0
nn,static_frozen,36,2160.0,36.0,7,recovering,recovering,13 24 25 68,2681,1.976284584980237,0.506,0.24,32.398981663836956,18.6,7,1,6,0.6249995107905029,0.6249995107905029,197.66234864101688,60.0,2220.0,0.0,0.0,0.0,10.21008449990768,0.0,0.0,197.66234864101688,2220.0,49.59795209451501,742.6170434818646,,,,False,False,not_attempted,0,0,0,0,10,0,0.0,143.22194888842236,1865.0,False,,,False,2,0
nn,static_frozen,37,2220.0,37.0,7,recovering,recovering,13 24 25 68,2681,1.8796992481203008,0.532,0.28,32.62017728250752,18.616666666666667,6,4,2,4.089932322524759,1.0224830806311898,201.75228096354164,60.0,2280.0,0.0,0.0,0.0,10.21008449990768,0.0,0.0,201.75228096354164,2280.0,49.06342514129792,731.8888442346183,,,,False,False,not_attempted,0,0,0,0,28,0,0.0,142.73235869923374,1996.0,False,,,False,2,0
nn,static_frozen,38,2280.0,38.0,7,recovering,recovering,13 24 25 68,2681,1.7921146953405016,0.558,0.32,32.82338718808226,18.633333333333333,2,0,2,0.7080105473907337,0.7080105473907337,202.46029151093236,60.0,2340.0,0.0,0.0,0.0,10.21008449990768,0.0,0.0,202.46029151093236,2340.0,44.632150770966156,667.0433001747117,,,,False,False,not_attempted,0,0,0,0,2,0,0.0,142.6390253659004,1996.0,False,,,False,1,0
nn,static_frozen,39,2340.0,39.0,7,recovering,recovering,13 24 25 68,2681,1.7123287671232879,0.584,0.36,33.010719343667866,18.65,2,1,1,0.13349972874694055,0.13349972874694055,202.5937912396793,60.0,2400.0,0.0,0.0,0.0,10.21008449990768,0.0,0.0,202.5937912396793,2400.0,43.83634633028082,554.7066687403499,,,,False,False,not_attempted,0,0,0,0,0,0,0.0,142.5988589704868,1996.0,False,,,False,0,0
nn,static_frozen,40,2400.0,40.0,8,recovering,recovering,13 24 25 68,2681,1.639344262295082,0.61,0.4,33.18396468746468,18.666666666666668,1,1,0,51.88559537195297,51.88559537195297,254.47938661163226,616.4361938064055,3016.4361938064058,0.0,0.0,0.0,10.21008449990768,0.0,0.0,254.47938661163226,3016.4361938064058,43.62138222085537,554.7066687403499,,,,False,False,not_attempted,0,0,0,0,632,126,0.19936708860759494,132.8983636349264,1996.0,True,,,False,0,0
aco,adaptive,0,0.0,0.0,0,normal,initial,13 24 25 68,0,1.0,1.0,0.0,34.78037077224997,18.0,84,0,84,18.680839634308782,18.680839634308782,18.680839634308782,60.0,60.0,9.003784299944527,22.83633279998321,31.84011709992774,31.84011709992774,0.0,0.0,18.680839634308782,60.0,129.8572811733068,2948.952446263193,,,,False,False,initial_plan,0,0,0,0,130,0,0.0,177.2717760608753,0.0,False,,,True,10,10
aco,adaptive,1,60.0,1.0,0,normal,normal,13 24 25 68,0,1.0,1.0,0.0,34.78037077224997,18.016666666666666,84,0,84,4.7680615934003905,4.7680615934003905,23.44890122770917,60.0,120.0,0.0,0.0,0.0,31.84011709992774,0.0,0.0,23.44890122770917,120.0,110.44402959570512,2884.5846107093394,,,,False,False,not_attempted,0,0,0,0,76,0,0.0,176.09020652430007,0.0,False,,,False,10,10
aco,adaptive,2,120.0,2.0,0,normal,normal,13 24 25 68,0,1.0,1.0,0.0,34.78037077224997,18.033333333333335,84,3,81,5.306297452810553,1.7687658176035177,28.755198680519726,60.0,180.0,0.0,0.0,0.0,31.84011709992774,0.0,0.0,28.755198680519726,180.0,105.15915328473176,2752.5964808827875,,,,False,False,not_attempted,0,0,0,0,66,0,0.0,174.7596401655785,215.0,False,,,False,9,7
aco,adaptive,3,180.0,3.0,0,normal,normal,13 24 25 68,0,1.0,1.0,0.0,34.78037077224997,18.05,81,3,78,4.660065898009958,1.5533552993366528,33.41526457852969,60.0,240.0,0.0,0.0,0.0,31.84011709992774,0.0,0.0,33.41526457852969,240.0,100.06592291517671,2752.5964808827875,,,,False,False,not_attempted,0,0,0,0,63,0,0.0,174.60001662259305,215.0,False,,,False,9,4
aco,adaptive,4,240.0,4.0,0,normal,normal,13 24 25 68,0,1.0,1.0,0.0,34.78037077224997,18.066666666666666,78,1,77,3.024516702171434,3.024516702171434,36.43978128070112,60.0,300.0,0.0,0.0,0.0,31.84011709992774,0.0,0.0,36.43978128070112,300.0,95.6512867909427,2700.7402108848582,,,,False,False,not_attempted,0,0,0,0,41,0,0.0,174.23595111138894,241.0,False,,,False,9,4
aco,adaptive,5,300.0,5.0,1,normal,normal,13 24 25 68,0,1.0,1.0,0.0,34.78037077224997,18.083333333333332,77,4,73,2.8679341198432,0.7169835299608,39.30771540054432,60.0,360.0,10.832463299972005,215.59249509999063,226.42495839996263,258.2650754998904,0.0,0.0,39.30771540054432,360.0,92.80451466956619,2531.148694412799,92.80451466956619,97.76350319187286,-4.958988522306669,True,False,incumbent_not_worse,6,28,0,0,31,0,0.0,174.1426177780556,402.0,False,,,True,9,2
aco,adaptive,6,360.0,6.0,1,normal,normal,13 24 25 68,0,1.0,1.0,0.0,34.78037077224997,18.1,73,3,70,3.5198933529509064,1.1732977843169687,42.82760875349523,60.0,420.0,0.0,0.0,0.0,258.2650754998904,0.0,0.0,42.82760875349523,420.0,89.49872562010101,2531.148694412799,,,,False,False,not_attempted,0,0,0,0,44,0,0.0,173.80269504982573,422.0,False,,,False,9,1
aco,adaptive,7,420.0,7.0,1,normal,normal,13 24 25 68,0,1.0,1.0,0.0,34.78037077224997,18.116666666666667,70,3,67,4.091652081357425,1.3638840271191415,46.91926083485265,60.0,480.0,0.0,0.0,0.0,258.2650754998904,0.0,0.0,46.91926083485265,480.0,86.23763270067052,2527.8765656637133,,,,False,False,not_attempted,0,0,0,0,30,0,0.0,171.7315048732715,641.0,False,,,False,9,1
aco,adaptive,8,480.0,8.0,1,normal,normal,13 24 25 68,0,1.0,1.0,0.0,34.78037077224997,18.133333333333333,67,4,63,1.9465284663171223,0.48663211657928057,48.86578930116977,60.0,540.0,0.0,0.0,0.0,258.2650754998904,0.0,0.0,48.86578930116977,540.0,82.12902723057795,2353.8339100285225,,,,False,False,not_attempted,0,0,0,0,27,0,0.0,171.63817153993816,647.0,False,,,False,9,0
aco,adaptive,9,540.0,9.0,1,normal,normal,13 24 25 68,0,1.0,1.0,0.0,34.78037077224997,18.15,63,4,59,3.8465037675471145,0.9616259418867786,52.71229306871688,60.0,600.0,0.0,0.0,0.0,258.2650754998904,0.0,0.0,52.71229306871688,600.0,80.2902564326039,2353.8339100285225,,,,False,False,not_attempted,0,0,0,0,34,0,0.0,171.54640459197284,647.0,False,,,False,9,0
aco,adaptive,10,600.0,10.0,2,degrading,degrading,13 24 25 68,0,1.0,1.0,0.0,34.78037077224997,18.166666666666668,59,2,57,2.2406318836965116,1.1203159418482558,54.95292495241339,60.0,660.0,5.349994171410799e-05,129.39814369997475,129.39819719991647,387.66327269980684,0.0,0.0,54.95292495241339,660.0,76.26459852359919,2334.9570515159016,76.26459852359919,84.2003470171799,-7.935748493580704,True,False,incumbent_not_worse,7,16,0,0,28,0,0.0,171.29011539682318,871.0,False,,,True,9,0
aco,adaptive,11,660.0,11.0,2,degrading,degrading,13 24 25 68,2681,1.06951871657754,0.935,0.0,34.60155362914376,18.183333333333334,57,3,54,1.7566672163478407,0.5855557387826136,56.70959216876123,60.0,720.0,0.0,0.0,0.0,387.66327269980684,0.0,0.0,56.70959216876123,720.0,78.15528333548409,2208.3997703313244,,,,False,False,not_attempted,0,0,0,0,24,0,0.0,171.19678206348985,871.0,False,,,False,7,0
aco,adaptive,12,720.0,12.0,2,degrading,degrading,13 24 25 68,2681,1.1494252873563218,0.87,0.0,34.39569006737746,18.2,54,4,50,2.0834059682333734,0.5208514920583434,58.792998136994605,60.0,780.0,0.0,0.0,0.0,387.66327269980684,0.0,0.0,58.792998136994605,780.0,80.26837871953045,2227.118450076936,,,,False,False,not_attempted,0,0,0,0,38,0,0.0,170.7053520396286,1037.0,False,,,False,7,0
aco,adaptive,13,780.0,13.0,2,degrading,degrading,13 24 25 68,2681,1.2422360248447206,0.8049999999999999,0.0,34.15939207694038,18.216666666666665,50,3,47,1.756350985441396,0.5854503284804653,60.549349122436,60.0,840.0,0.0,0.0,0.0,387.66327269980684,0.0,0.0,60.549349122436,840.0,81.79183156351765,2203.1274983836465,,,,False,False,not_attempted,0,0,0,0,19,0,0.0,170.01502271405593,1037.0,False,,,False,7,0
aco,adaptive,14,840.0,14.0,2,degrading,degrading,13 24 25 68,2681,1.3513513513513513,0.74,0.0,33.885701393776806,18.233333333333334,47,2,45,1.6167015732952945,0.8083507866476473,62.16605069573129,60.0,900.0,0.0,0.0,0.0,387.66327269980684,0.0,0.0,62.16605069573129,900.0,83.72420322769683,2038.2854511302453,,,,False,False,not_attempted,0,0,0,0,12,0,0.0,169.912246448997,1037.0,False,,,False,7,0
aco,adaptive,15,900.0,15.0,3,degrading,degrading,13 24 25 68,2681,1.4814814814814814,0.675,0.0,33.56497967065395,18.25,45,4,41,0.8955710414757171,0.22389276036892927,63.06162173720701,60.0,960.0,10.773850600002334,101.89330450003035,112.66715510003269,500.3304277998395,0.0,0.0,63.06162173720701,960.0,87.06877947305561,2152.3855278848077,87.06877947305563,94.29678252635351,-7.228003053297883,True,False,incumbent_not_worse,5,26,0,0,32,0,0.0,169.80947018393806,1142.0,False,,,True,7,0
aco,adaptive,16,960.0,16.0,3,degrading,degrading,13 24 25 68,2681,1.639344262295082,0.61,0.0,33.18396468746468,18.266666666666666,41,1,40,2.805842605962733,2.805842605962733,65.86746434316974,60.0,1020.0,0.0,0.0,0.0,500.3304277998395,0.0,0.0,65.86746434316974,1020.0,91.74613884996208,2185.801513619502,,,,False,False,not_attempted,0,0,0,0,39,0,0.0,169.5629603131352,1142.0,False,,,False,7,0
aco,adaptive,17,1020.0,17.0,3,degrading,degrading,13 24 25 68,2681,1.8348623853211008,0.545,0.0,32.72389050058952,18.283333333333335,40,3,37,4.540089281046878,1.5133630936822928,70.40755362421662,60.0,1080.0,0.0,0.0,0.0,500.3304277998395,0.0,0.0,70.40755362421662,1080.0,96.08411958201015,2166.838088458521,,,,False,False,not_attempted,0,0,0,0,36,2,0.05555555555555555,169.0078052550611,1391.0,False,,,False,7,0
aco,adaptive,18,1080.0,18.0,3,degrading,degrading,13 24 25 68,2681,2.0833333333333335,0.48,0.0,32.157301947836125,18.3,37,0,37,4.7243403446201055,4.7243403446201055,75.13189396883672,60.0,1140.0,0.0,0.0,0.0,500.3304277998395,0.0,0.0,75.13189396883672,1140.0,99.64830678939607,2165.8517508964796,,,,False,False,not_attempted,0,0,0,0,14,5,0.35714285714285715,168.7458575592287,1391.0,False,,,False,6,0
aco,adaptive,19,1140.0,19.0,3,degrading,degrading,13 24 25 68,2681,2.409638554216868,0.4149999999999999,0.0,31.44236703830193,18.316666666666666,37,3,34,3.212793755789329,1.0709312519297762,78.34468772462606,60.0,1200.0,0.0,0.0,0.0,500.3304277998395,0.0,0.0,78.34468772462606,1200.0,104.77682317686846,2096.9621131747763,,,,False,False,not_attempted,0,0,0,0,32,0,0.0,168.53429817409727,1391.0,False,,,False,5,0
aco,adaptive,20,1200.0,20.0,4,disrupted,holding,13 24 25 68,2681,2.857142857142857,0.35,0.0,30.51204894886194,18.333333333333332,34,2,32,1.5833816713297224,0.7916908356648612,79.92806939595577,60.0,1260.0,10.778734300052747,79.15130139992107,89.93003569997381,590.2604634998133,0.0,0.0,79.92806939595577,1260.0,117.35661968283684,2188.0020985131546,117.35661968283684,121.44487422735763,-4.088254544520794,True,False,incumbent_not_worse,4,12,0,0,17,0,0.0,168.40267632084857,1530.0,False,,,True,5,0
aco,adaptive,21,1260.0,21.0,4,disrupted,disrupted,13 24 25 68,2681,2.857142857142857,0.35,0.0,30.51204894886194,18.35,32,1,31,0.8339749005898429,0.8339749005898429,80.76204429654561,60.0,1320.0,0.0,0.0,0.0,590.2604634998133,0.0,0.0,80.76204429654561,1320.0,115.62582986539422,2068.0020985131546,,,,False,False,not_attempted,0,0,0,0,7,1,0.14285714285714285,168.30934298751524,1530.0,False,,,False,5,0
aco,adaptive,22,1320.0,22.0,4,disrupted,disrupted,13 24 25 68,2681,2.857142857142857,0.35,0.0,30.51204894886194,18.366666666666667,31,3,28,3.06747880461617,1.0224929348720566,83.82952310116178,60.0,1380.0,0.0,0.0,0.0,590.2604634998133,0.0,0.0,83.82952310116178,1380.0,114.40740280952525,2068.0020985131546,,,,False,False,not_attempted,0,0,0,0,16,1,0.0625,166.99485731847722,1530.0,False,,,False,5,0
aco,adaptive,23,1380.0,23.0,4,disrupted,disrupted,13 24 25 68,2681,2.857142857142857,0.35,0.0,30.51204894886194,18.383333333333333,28,0,28,3.4386941376405464,3.4386941376405464,87.26821723880234,60.0,1440.0,0.0,0.0,0.0,590.2604634998133,0.0,0.0,87.26821723880234,1440.0,111.81502299589457,2022.9309206153443,,,,False,False,not_attempted,0,0,0,0,13,3,0.23076923076923078,164.31078553135953,1530.0,False,,,False,5,0
aco,adaptive,24,1440.0,24.0,4,disrupted,disrupted,13 24 25 68,2681,2.857142857142857,0.35,0.0,30.51204894886194,18.4,28,2,26,1.2445550850148501,0.6222775425074251,88.51277232381719,60.0,1500.0,0.0,0.0,0.0,590.2604634998133,0.0,0.0,88.51277232381719,1500.0,108.40834257966954,1951.9515528497795,,,,False,False,not_attempted,0,0,0,0,17,0,0.0,164.2174521980262,1530.0,False,,,False,5,0
aco,adaptive,25,1500.0,25.0,5,disrupted,disrupted,13 24 25 68,2681,2.857142857142857,0.35,0.0,30.51204894886194,18.416666666666668,26,2,24,4.244030886706883,2.1220154433534417,92.75680321052407,60.0,1560.0,6.740004755556583e-05,28.464570099953562,28.464637500001118,618.7251009998145,0.0,0.0,92.75680321052407,1560.0,105.08401644089444,2270.755934357869,107.2230008106718,105.08401644089444,2.1389843697773614,True,True,lower_residual_energy,4,11,4,11,31,3,0.0967741935483871,162.27208566392602,1530.0,False,,,True,5,0
aco,adaptive,26,1560.0,26.0,5,disrupted,disrupted,13 24 25 68,2681,2.857142857142857,0.35,0.0,30.51204894886194,18.433333333333334,24,1,23,5.199355857587664,5.199355857587664,97.95615906811173,60.0,1620.0,0.0,0.0,0.0,618.7251009998145,0.0,0.0,97.95615906811173,1620.0,99.96621615754572,2208.103403782831,,,,False,False,not_attempted,0,0,0,0,11,7,0.6363636363636364,158.3537515373628,1530.0,False,,,False,5,0
aco,adaptive,27,1620.0,27.0,5,disrupted,disrupted,13 24 25 68,2681,2.857142857142857,0.35,0.0,30.51204894886194,18.45,23,3,20,1.6420065602348553,0.5473355200782851,99.59816562834659,60.0,1680.0,0.0,0.0,0.0,618.7251009998145,0.0,0.0,99.59816562834659,1680.0,95.34867422864157,2050.0287707497464,,,,False,False,not_attempted,0,0,0,0,22,0,0.0,157.64570132750003,1530.0,False,,,False,5,0
aco,adaptive,28,1680.0,28.0,5,disrupted,disrupted,13 24 25 68,2681,2.857142857142857,0.35,0.0,30.51204894886194,18.466666666666665,20,1,19,1.0536579550266978,1.0536579550266978,100.65182358337329,60.0,1740.0,0.0,0.0,0.0,618.7251009998145,0.0,0.0,100.65182358337329,1740.0,93.7381970756914,2050.0287707497464,,,,False,False,not_attempted,0,0,0,0,13,0,0.0,157.11158357659897,1530.0,False,,,False,4,0
aco,adaptive,29,1740.0,29.0,5,disrupted,disrupted,13 24 25 68,2681,2.857142857142857,0.35,0.0,30.51204894886194,18.483333333333334,19,3,16,1.0440335841453992,0.34801119471513303,101.69585716751868,60.0,1800.0,0.0,0.0,0.0,618.7251009998145,0.0,0.0,101.69585716751868,1800.0,93.0081548451523,2019.8010050740043,,,,False,False,not_attempted,0,0,0,0,21,0,0.0,156.9670597560441,1564.0,False,,,False,4,0
aco,adaptive,30,1800.0,30.0,6,recovering,recovering,13 24 25 68,2681,2.857142857142857,0.35,0.0,30.51204894886194,18.5,16,0,16,3.0500119345306222,3.0500119345306222,104.7458691020493,60.0,1860.0,6.0399994254112244e-05,12.721279899938963,12.721340299933217,631.4464412997477,0.0,0.0,104.7458691020493,1860.0,91.63370232770225,1855.618170959335,91.82997833322041,91.63370232770225,0.1962760055181576,True,True,lower_residual_energy,2,7,2,7,58,1,0.017241379310344827,156.57338386246295,1564.0,False,,,True,4,0
aco,adaptive,31,1860.0,31.0,6,recovering,recovering,13 24 25 68,2681,2.6595744680851063,0.376,0.04,30.91589731653039,18.516666666666666,16,0,16,1.465729710043008,1.465729710043008,106.2115988120923,60.0,1920.0,0.0,0.0,0.0,631.4464412997477,0.0,0.0,106.2115988120923,1920.0,83.20962635678839,1722.4940264772474,,,,False,False,not_attempted,0,0,0,0,17,2,0.11764705882352941,156.02168762011755,1564.0,False,,,False,4,0
aco,adaptive,32,1920.0,32.0,6,recovering,recovering,13 24 25 68,2681,2.4875621890547266,0.40199999999999997,0.08,31.276313688751998,18.533333333333335,16,2,14,2.479244980890178,1.239622490445089,108.69084379298248,60.0,1980.0,0.0,0.0,0.0,631.4464412997477,0.0,0.0,108.69084379298248,1980.0,76.60381761641278,1504.1467622483212,,,,False,False,not_attempted,0,0,0,0,33,0,0.0,155.7139789141871,1564.0,False,,,False,4,0
aco,adaptive,33,1980.0,33.0,6,recovering,recovering,13 24 25 68,2681,2.336448598130841,0.428,0.12,31.59994690075087,18.55,14,0,14,1.6574333512571562,1.6574333512571562,110.34827714423963,60.0,2040.0,0.0,0.0,0.0,631.4464412997477,0.0,0.0,110.34827714423963,2040.0,70.77054073959316,1474.2558393248105,,,,False,False,not_attempted,0,0,0,0,33,3,0.09090909090909091,155.4805160636469,1564.0,False,,,False,4,0
aco,adaptive,34,2040.0,34.0,6,recovering,recovering,13 24 25 68,2681,2.2026431718061676,0.45399999999999996,0.16,31.89215455207436,18.566666666666666,14,0,14,1.1293545275910988,1.1293545275910988,111.47763167183074,60.0,2100.0,0.0,0.0,0.0,631.4464412997477,0.0,0.0,111.47763167183074,2100.0,65.85136627780527,1447.7885463396751,,,,False,False,not_attempted,0,0,0,0,32,1,0.03125,155.38718273031355,1564.0,False,,,False,3,0
aco,adaptive,35,2100.0,35.0,7,recovering,recovering,13 24 25 68,2681,2.0833333333333335,0.48,0.2,32.157301947836125,18.583333333333332,14,1,13,0.9329964701371294,0.9329964701371294,112.41062814196786,60.0,2160.0,10.987277599982917,9.935053799999878,20.922331399982795,652.3687726997305,0.0,0.0,112.41062814196786,2160.0,61.254122598059325,1370.8434056825095,61.93644515416309,61.254122598059325,0.6823225561037631,True,True,lower_residual_energy,2,1,2,1,24,0,0.0,155.32659137733737,1564.0,False,,,True,3,0
aco,adaptive,36,2160.0,36.0,7,recovering,recovering,13 24 25 68,2681,1.976284584980237,0.506,0.24,32.398981663836956,18.6,13,1,12,1.914475758721605,1.914475758721605,114.32510390068947,60.0,2220.0,0.0,0.0,0.0,652.3687726997305,0.0,0.0,114.32510390068947,2220.0,57.698631069298656,1189.9268777084005,,,,False,False,not_attempted,0,0,0,0,22,7,0.3181818181818182,155.32659137733737,1564.0,False,,,False,3,0
aco,adaptive,37,2220.0,37.0,7,recovering,recovering,13 24 25 68,2681,1.8796992481203008,0.532,0.28,32.62017728250752,18.616666666666667,12,1,11,0.6842315933696139,0.6842315933696139,115.00933549405909,60.0,2280.0,0.0,0.0,0.0,652.3687726997305,0.0,0.0,115.00933549405909,2280.0,53.44691810577223,1170.8218796604365,,,,False,False,not_attempted,0,0,0,0,4,0,0.0,155.32659137733737,1564.0,False,,,False,3,0
aco,adaptive,38,2280.0,38.0,7,recovering,recovering,13 24 25 68,2681,1.7921146953405016,0.558,0.32,32.82338718808226,18.633333333333333,11,1,10,0.7335269382569187,0.7335269382569187,115.742862432316,60.0,2340.0,0.0,0.0,0.0,652.3687726997305,0.0,0.0,115.742862432316,2340.0,50.715123449433335,1130.998092305658,,,,False,False,not_attempted,0,0,0,0,3,3,1.0,155.32659137733737,1564.0,False,,,False,2,0
aco,adaptive,39,2340.0,39.0,7,recovering,recovering,13 24 25 68,2681,1.7123287671232879,0.584,0.36,33.010719343667866,18.65,10,1,9,0.865122883893477,0.865122883893477,116.60798531620948,60.0,2400.0,0.0,0.0,0.0,652.3687726997305,0.0,0.0,116.60798531620948,2400.0,48.184924017754376,995.2160900638959,,,,False,False,not_attempted,0,0,0,0,3,3,1.0,155.32659137733737,1703.0,False,,,False,2,0
aco,adaptive,40,2400.0,40.0,8,recovering,recovering,13 24 25 68,2681,1.639344262295082,0.61,0.4,33.18396468746468,18.666666666666668,9,1,8,1.474904532445641,1.474904532445641,118.08288984865511,60.0,2460.0,10.845837300061248,2.370403900044039,13.216241200105287,665.5850138998358,0.0,0.0,118.08288984865511,2460.0,45.820593152252684,980.7794388329066,45.820593152252684,45.820593152252684,0.0,True,False,incumbent_not_worse,0,0,0,0,3,3,1.0,155.32659137733737,1703.0,False,,,True,2,0
aco,adaptive,41,2460.0,41.0,8,recovering,recovering,13 24 25 68,2681,1.572327044025157,0.636,0.44,33.34465457144562,18.683333333333334,8,1,7,1.6863751312416828,1.6863751312416828,119.7692649798968,60.0,2520.0,0.0,0.0,0.0,665.5850138998358,0.0,0.0,119.7692649798968,2520.0,42.866332048643805,802.444006218819,,,,False,False,not_attempted,0,0,0,0,11,11,1.0,155.32659137733737,1703.0,False,,,False,2,0
aco,adaptive,42,2520.0,42.0,8,recovering,recovering,13 24 25 68,2681,1.5105740181268883,0.6619999999999999,0.48,33.49410614862006,18.7,7,1,6,1.808242474102011,1.808242474102011,121.57750745399882,60.0,2580.0,0.0,0.0,0.0,665.5850138998358,0.0,0.0,121.57750745399882,2580.0,40.06477404258451,791.9994698578956,,,,False,False,not_attempted,0,0,0,0,8,8,1.0,155.32659137733737,1703.0,False,,,False,2,0
aco,adaptive,43,2580.0,43.0,8,recovering,recovering,13 24 25 68,2681,1.4534883720930234,0.688,0.52,33.63345855918624,18.716666666666665,6,0,6,2.100731925524398,2.100731925524398,123.67823937952322,60.0,2640.0,0.0,0.0,0.0,665.5850138998358,0.0,0.0,123.67823937952322,2640.0,37.17626698704257,769.4204314903574,,,,False,False,not_attempted,0,0,0,0,6,6,1.0,155.32659137733737,1703.0,False,,,False,2,0
aco,adaptive,44,2640.0,44.0,8,recovering,recovering,13 24 25 68,2681,1.400560224089636,0.714,0.56,33.76370202062083,18.733333333333334,6,1,5,4.3869498336907915,4.3869498336907915,128.065189213214,60.0,2700.0,0.0,0.0,0.0,665.5850138998358,0.0,0.0,128.065189213214,2700.0,34.28667398849915,693.7674141858448,,,,False,False,not_attempted,0,0,0,0,12,12,1.0,155.32659137733737,1703.0,False,,,False,2,0
aco,adaptive,45,2700.0,45.0,9,recovering,recovering,13 24 25 68,2681,1.3513513513513513,0.74,0.6,33.885701393776806,18.75,5,0,5,1.1115519076907512,1.1115519076907512,129.17674112090475,60.0,2760.0,10.873177300090902,0.956203700043261,11.829381000134163,677.4143948999699,0.0,0.0,129.17674112090475,2760.0,29.51787309276578,542.3841100287935,29.51787309276578,29.51787309276578,0.0,True,False,incumbent_not_worse,0,0,0,0,2,2,1.0,155.32659137733737,1703.0,False,,,True,2,0
aco,adaptive,46,2760.0,46.0,9,recovering,recovering,13 24 25 68,2681,1.3054830287206267,0.766,0.64,34.00021541123871,18.766666666666666,5,1,4,1.1445430154847558,1.1445430154847558,130.3212841363895,60.0,2820.0,0.0,0.0,0.0,677.4143948999699,0.0,0.0,130.3212841363895,2820.0,28.055598895045485,538.111622078414,,,,False,False,not_attempted,0,0,0,0,5,5,1.0,155.32659137733737,1703.0,False,,,False,1,0
aco,adaptive,47,2820.0,47.0,9,recovering,recovering,13 24 25 68,2681,1.2626262626262625,0.792,0.68,34.10791247171747,18.783333333333335,4,1,3,1.0826244026177922,1.0826244026177922,131.4039085390073,60.0,2880.0,0.0,0.0,0.0,677.4143948999699,0.0,0.0,131.4039085390073,2880.0,26.626368569854176,513.2530934125087,,,,False,False,not_attempted,0,0,0,0,2,2,1.0,155.32659137733737,1761.0,False,,,False,1,0
aco,adaptive,48,2880.0,48.0,9,recovering,recovering,13 24 25 68,2681,1.2224938875305624,0.818,0.72,34.209383695280565,18.8,3,0,3,0.09333333333333332,0.09333333333333332,131.49724187234062,60.0,2940.0,0.0,0.0,0.0,677.4143948999699,0.0,0.0,131.49724187234062,2940.0,25.347020235594545,513.2398061388574,,,,False,False,not_attempted,0,0,0,0,0,0,0.0,155.32659137733737,1761.0,False,,,False,1,0
aco,adaptive,49,2940.0,49.0,9,recovering,recovering,13 24 25 68,2681,1.1848341232227486,0.8440000000000001,0.76,34.30515377806556,18.816666666666666,3,1,2,0.8686017330394974,0.8686017330394974,132.36584360538012,60.0,3000.0,0.0,0.0,0.0,677.4143948999699,0.0,0.0,132.36584360538012,3000.0,25.111889254018475,513.2398061388574,,,,False,False,not_attempted,0,0,0,0,4,4,1.0,155.32659137733737,1761.0,False,,,False,1,0
aco,adaptive,50,3000.0,50.0,10,recovering,recovering,13 24 25 68,2681,1.1494252873563218,0.87,0.8,34.39569006737746,18.833333333333332,2,0,2,0.43532987500763487,0.43532987500763487,132.80117348038775,60.0,3060.0,10.935411800048314,0.5160388000076637,11.451450600055978,688.8658455000259,0.0,0.0,132.80117348038775,3060.0,23.75816584787848,513.2398061388574,23.758165847878477,23.75816584787848,-3.552713678800501e-15,True,False,incumbent_not_worse,0,0,0,0,0,0,0.0,155.32659137733737,1761.0,False,,,True,1,0
aco,adaptive,51,3060.0,51.0,10,recovering,recovering,13 24 25 68,2681,1.1160714285714286,0.896,0.84,34.48141018850954,18.85,2,0,2,0.09333333333333332,0.09333333333333332,132.89450681372108,60.0,3120.0,0.0,0.0,0.0,688.8658455000259,0.0,0.0,132.89450681372108,3120.0,23.413436405270186,513.2398061388574,,,,False,False,not_attempted,0,0,0,0,0,0,0.0,155.32659137733737,1761.0,False,,,False,1,0
aco,adaptive,52,3120.0,52.0,10,recovering,recovering,13 24 25 68,2681,1.0845986984815619,0.922,0.88,34.56268848595016,18.866666666666667,2,1,1,1.9909689053009503,1.9909689053009503,134.88547571902203,60.0,3180.0,0.0,0.0,0.0,688.8658455000259,0.0,0.0,134.88547571902203,3180.0,23.26441086663194,513.2398061388574,,,,False,False,not_attempted,0,0,0,0,4,4,1.0,155.32659137733737,1761.0,False,,,False,1,0
aco,adaptive,53,3180.0,53.0,10,recovering,recovering,13 24 25 68,2681,1.0548523206751055,0.9480000000000001,0.92,34.63923648338869,18.883333333333333,1,0,1,0.09333333333333332,0.09333333333333332,134.97880905235536,60.0,3240.0,0.0,0.0,0.0,688.8658455000259,0.0,0.0,134.97880905235536,3240.0,21.061277144980743,513.2398061388574,,,,False,False,not_attempted,0,0,0,0,0,0,0.0,155.32659137733737,1761.0,False,,,False,0,0
aco,adaptive,54,3240.0,54.0,10,recovering,recovering,13 24 25 68,2681,1.026694045174538,0.974,0.96,34.71154397750864,18.9,1,1,0,20.6595309112218,20.6595309112218,155.63833996357715,539.0836402745051,3779.0836402745053,0.0,0.0,0.0,688.8658455000259,0.0,0.0,155.63833996357715,3779.0836402745053,20.971818365628128,513.2398061388574,,,,False,False,not_attempted,0,0,0,0,449,0,0.0,152.76757338755428,1761.0,True,,,False,0,0
aco,static_live,0,0.0,0.0,0,normal,initial,13 24 25 68,0,1.0,1.0,0.0,34.78037077224997,18.0,84,0,84,18.680839634308782,18.680839634308782,18.680839634308782,60.0,60.0,9.003784299944527,22.83633279998321,31.84011709992774,31.84011709992774,0.0,0.0,18.680839634308782,60.0,129.8572811733068,2948.952446263193,,,,False,False,initial_plan,0,0,0,0,130,0,0.0,177.2717760608753,0.0,False,,,True,10,10
aco,static_live,1,60.0,1.0,0,normal,normal,13 24 25 68,0,1.0,1.0,0.0,34.78037077224997,18.016666666666666,84,0,84,4.7680615934003905,4.7680615934003905,23.44890122770917,60.0,120.0,0.0,0.0,0.0,31.84011709992774,0.0,0.0,23.44890122770917,120.0,110.44402959570512,2884.5846107093394,,,,False,False,not_attempted,0,0,0,0,76,0,0.0,176.09020652430007,0.0,False,,,False,10,10
aco,static_live,2,120.0,2.0,0,normal,normal,13 24 25 68,0,1.0,1.0,0.0,34.78037077224997,18.033333333333335,84,3,81,5.306297452810553,1.7687658176035177,28.755198680519726,60.0,180.0,0.0,0.0,0.0,31.84011709992774,0.0,0.0,28.755198680519726,180.0,105.15915328473176,2752.5964808827875,,,,False,False,not_attempted,0,0,0,0,66,0,0.0,174.7596401655785,215.0,False,,,False,9,7
aco,static_live,3,180.0,3.0,0,normal,normal,13 24 25 68,0,1.0,1.0,0.0,34.78037077224997,18.05,81,3,78,4.660065898009958,1.5533552993366528,33.41526457852969,60.0,240.0,0.0,0.0,0.0,31.84011709992774,0.0,0.0,33.41526457852969,240.0,100.06592291517671,2752.5964808827875,,,,False,False,not_attempted,0,0,0,0,63,0,0.0,174.60001662259305,215.0,False,,,False,9,4
aco,static_live,4,240.0,4.0,0,normal,normal,13 24 25 68,0,1.0,1.0,0.0,34.78037077224997,18.066666666666666,78,1,77,3.024516702171434,3.024516702171434,36.43978128070112,60.0,300.0,0.0,0.0,0.0,31.84011709992774,0.0,0.0,36.43978128070112,300.0,95.6512867909427,2700.7402108848582,,,,False,False,not_attempted,0,0,0,0,41,0,0.0,174.23595111138894,241.0,False,,,False,9,4
aco,static_live,5,300.0,5.0,1,normal,normal,13 24 25 68,0,1.0,1.0,0.0,34.78037077224997,18.083333333333332,77,4,73,2.8679341198432,0.7169835299608,39.30771540054432,60.0,360.0,0.0,0.0,0.0,31.84011709992774,0.0,0.0,39.30771540054432,360.0,92.80451466956619,2531.148694412799,,,,False,False,not_attempted,0,0,0,0,31,0,0.0,174.1426177780556,402.0,False,,,False,9,2
aco,static_live,6,360.0,6.0,1,normal,normal,13 24 25 68,0,1.0,1.0,0.0,34.78037077224997,18.1,73,3,70,3.5198933529509064,1.1732977843169687,42.82760875349523,60.0,420.0,0.0,0.0,0.0,31.84011709992774,0.0,0.0,42.82760875349523,420.0,89.498725620101,2531.148694412799,,,,False,False,not_attempted,0,0,0,0,44,0,0.0,173.80269504982573,422.0,False,,,False,9,1
aco,static_live,7,420.0,7.0,1,normal,normal,13 24 25 68,0,1.0,1.0,0.0,34.78037077224997,18.116666666666667,70,3,67,4.091652081357425,1.3638840271191415,46.91926083485265,60.0,480.0,0.0,0.0,0.0,31.84011709992774,0.0,0.0,46.91926083485265,480.0,86.23763270067052,2527.8765656637133,,,,False,False,not_attempted,0,0,0,0,30,0,0.0,171.7315048732715,641.0,False,,,False,9,1
aco,static_live,8,480.0,8.0,1,normal,normal,13 24 25 68,0,1.0,1.0,0.0,34.78037077224997,18.133333333333333,67,4,63,1.9465284663171223,0.48663211657928057,48.86578930116977,60.0,540.0,0.0,0.0,0.0,31.84011709992774,0.0,0.0,48.86578930116977,540.0,82.12902723057795,2353.8339100285225,,,,False,False,not_attempted,0,0,0,0,27,0,0.0,171.63817153993816,647.0,False,,,False,9,0
aco,static_live,9,540.0,9.0,1,normal,normal,13 24 25 68,0,1.0,1.0,0.0,34.78037077224997,18.15,63,4,59,3.8465037675471145,0.9616259418867786,52.71229306871688,60.0,600.0,0.0,0.0,0.0,31.84011709992774,0.0,0.0,52.71229306871688,600.0,80.29025643260388,2353.8339100285225,,,,False,False,not_attempted,0,0,0,0,34,0,0.0,171.54640459197284,647.0,False,,,False,9,0
aco,static_live,10,600.0,10.0,2,degrading,degrading,13 24 25 68,0,1.0,1.0,0.0,34.78037077224997,18.166666666666668,59,2,57,2.2406318836965116,1.1203159418482558,54.95292495241339,60.0,660.0,0.0,0.0,0.0,31.84011709992774,0.0,0.0,54.95292495241339,660.0,76.26459852359919,2334.9570515159016,,,,False,False,not_attempted,0,0,0,0,28,0,0.0,171.29011539682318,871.0,False,,,False,9,0
aco,static_live,11,660.0,11.0,2,degrading,degrading,13 24 25 68,2681,1.06951871657754,0.935,0.0,34.60155362914376,18.183333333333334,57,3,54,1.7566672163478407,0.5855557387826136,56.70959216876123,60.0,720.0,0.0,0.0,0.0,31.84011709992774,0.0,0.0,56.70959216876123,720.0,78.15528333548409,2208.3997703313244,,,,False,False,not_attempted,0,0,0,0,24,0,0.0,171.19678206348985,871.0,False,,,False,7,0
aco,static_live,12,720.0,12.0,2,degrading,degrading,13 24 25 68,2681,1.1494252873563218,0.87,0.0,34.39569006737746,18.2,54,4,50,2.0834059682333734,0.5208514920583434,58.792998136994605,60.0,780.0,0.0,0.0,0.0,31.84011709992774,0.0,0.0,58.792998136994605,780.0,80.26837871953045,2227.118450076936,,,,False,False,not_attempted,0,0,0,0,38,0,0.0,170.7053520396286,1037.0,False,,,False,7,0
aco,static_live,13,780.0,13.0,2,degrading,degrading,13 24 25 68,2681,1.2422360248447206,0.8049999999999999,0.0,34.15939207694038,18.216666666666665,50,3,47,1.756350985441396,0.5854503284804653,60.549349122436,60.0,840.0,0.0,0.0,0.0,31.84011709992774,0.0,0.0,60.549349122436,840.0,81.79183156351765,2203.1274983836465,,,,False,False,not_attempted,0,0,0,0,19,0,0.0,170.01502271405593,1037.0,False,,,False,7,0
aco,static_live,14,840.0,14.0,2,degrading,degrading,13 24 25 68,2681,1.3513513513513513,0.74,0.0,33.885701393776806,18.233333333333334,47,2,45,1.6167015732952945,0.8083507866476473,62.16605069573129,60.0,900.0,0.0,0.0,0.0,31.84011709992774,0.0,0.0,62.16605069573129,900.0,83.72420322769683,2038.2854511302453,,,,False,False,not_attempted,0,0,0,0,12,0,0.0,169.912246448997,1037.0,False,,,False,7,0
aco,static_live,15,900.0,15.0,3,degrading,degrading,13 24 25 68,2681,1.4814814814814814,0.675,0.0,33.56497967065395,18.25,45,4,41,0.8955710414757171,0.22389276036892927,63.06162173720701,60.0,960.0,0.0,0.0,0.0,31.84011709992774,0.0,0.0,63.06162173720701,960.0,87.06877947305563,2152.3855278848077,,,,False,False,not_attempted,0,0,0,0,32,0,0.0,169.80947018393806,1142.0,False,,,False,7,0
aco,static_live,16,960.0,16.0,3,degrading,degrading,13 24 25 68,2681,1.639344262295082,0.61,0.0,33.18396468746468,18.266666666666666,41,1,40,2.805842605962733,2.805842605962733,65.86746434316974,60.0,1020.0,0.0,0.0,0.0,31.84011709992774,0.0,0.0,65.86746434316974,1020.0,91.74613884996208,2185.801513619502,,,,False,False,not_attempted,0,0,0,0,39,0,0.0,169.5629603131352,1142.0,False,,,False,7,0
aco,static_live,17,1020.0,17.0,3,degrading,degrading,13 24 25 68,2681,1.8348623853211008,0.545,0.0,32.72389050058952,18.283333333333335,40,3,37,4.540089281046878,1.5133630936822928,70.40755362421662,60.0,1080.0,0.0,0.0,0.0,31.84011709992774,0.0,0.0,70.40755362421662,1080.0,96.08411958201015,2166.838088458521,,,,False,False,not_attempted,0,0,0,0,36,2,0.05555555555555555,169.0078052550611,1391.0,False,,,False,7,0
aco,static_live,18,1080.0,18.0,3,degrading,degrading,13 24 25 68,2681,2.0833333333333335,0.48,0.0,32.157301947836125,18.3,37,0,37,4.7243403446201055,4.7243403446201055,75.13189396883672,60.0,1140.0,0.0,0.0,0.0,31.84011709992774,0.0,0.0,75.13189396883672,1140.0,99.64830678939607,2165.8517508964796,,,,False,False,not_attempted,0,0,0,0,14,5,0.35714285714285715,168.7458575592287,1391.0,False,,,False,6,0
aco,static_live,19,1140.0,19.0,3,degrading,degrading,13 24 25 68,2681,2.409638554216868,0.4149999999999999,0.0,31.44236703830193,18.316666666666666,37,3,34,3.212793755789329,1.0709312519297762,78.34468772462606,60.0,1200.0,0.0,0.0,0.0,31.84011709992774,0.0,0.0,78.34468772462606,1200.0,104.77682317686846,2096.9621131747763,,,,False,False,not_attempted,0,0,0,0,32,0,0.0,168.53429817409727,1391.0,False,,,False,5,0
aco,static_live,20,1200.0,20.0,4,disrupted,holding,13 24 25 68,2681,2.857142857142857,0.35,0.0,30.51204894886194,18.333333333333332,34,2,32,1.5833816713297224,0.7916908356648612,79.92806939595577,60.0,1260.0,0.0,0.0,0.0,31.84011709992774,0.0,0.0,79.92806939595577,1260.0,117.35661968283684,2188.0020985131546,,,,False,False,not_attempted,0,0,0,0,17,0,0.0,168.40267632084857,1530.0,False,,,False,5,0
aco,static_live,21,1260.0,21.0,4,disrupted,disrupted,13 24 25 68,2681,2.857142857142857,0.35,0.0,30.51204894886194,18.35,32,1,31,0.8339749005898429,0.8339749005898429,80.76204429654561,60.0,1320.0,0.0,0.0,0.0,31.84011709992774,0.0,0.0,80.76204429654561,1320.0,115.62582986539422,2068.0020985131546,,,,False,False,not_attempted,0,0,0,0,7,1,0.14285714285714285,168.30934298751524,1530.0,False,,,False,5,0
aco,static_live,22,1320.0,22.0,4,disrupted,disrupted,13 24 25 68,2681,2.857142857142857,0.35,0.0,30.51204894886194,18.366666666666667,31,3,28,3.06747880461617,1.0224929348720566,83.82952310116178,60.0,1380.0,0.0,0.0,0.0,31.84011709992774,0.0,0.0,83.82952310116178,1380.0,114.40740280952525,2068.0020985131546,,,,False,False,not_attempted,0,0,0,0,16,1,0.0625,166.99485731847722,1530.0,False,,,False,5,0
aco,static_live,23,1380.0,23.0,4,disrupted,disrupted,13 24 25 68,2681,2.857142857142857,0.35,0.0,30.51204894886194,18.383333333333333,28,0,28,3.4386941376405464,3.4386941376405464,87.26821723880234,60.0,1440.0,0.0,0.0,0.0,31.84011709992774,0.0,0.0,87.26821723880234,1440.0,111.81502299589455,2022.9309206153443,,,,False,False,not_attempted,0,0,0,0,13,3,0.23076923076923078,164.31078553135953,1530.0,False,,,False,5,0
aco,static_live,24,1440.0,24.0,4,disrupted,disrupted,13 24 25 68,2681,2.857142857142857,0.35,0.0,30.51204894886194,18.4,28,2,26,1.2445550850148501,0.6222775425074251,88.51277232381719,60.0,1500.0,0.0,0.0,0.0,31.84011709992774,0.0,0.0,88.51277232381719,1500.0,108.40834257966954,1951.9515528497795,,,,False,False,not_attempted,0,0,0,0,17,0,0.0,164.2174521980262,1530.0,False,,,False,5,0
aco,static_live,25,1500.0,25.0,5,disrupted,disrupted,13 24 25 68,2681,2.857142857142857,0.35,0.0,30.51204894886194,18.416666666666668,26,2,24,2.4022400663822023,1.2011200331911012,90.9150123901994,60.0,1560.0,0.0,0.0,0.0,31.84011709992774,0.0,0.0,90.9150123901994,1560.0,107.2230008106718,1904.5202599008662,,,,False,False,not_attempted,0,0,0,0,19,2,0.10526315789473684,162.96160728255734,1530.0,False,,,False,5,0
aco,static_live,26,1560.0,26.0,5,disrupted,disrupted,13 24 25 68,2681,2.857142857142857,0.35,0.0,30.51204894886194,18.433333333333334,24,1,23,1.6268946654973817,1.6268946654973817,92.54190705569678,60.0,1620.0,0.0,0.0,0.0,31.84011709992774,0.0,0.0,92.54190705569678,1620.0,103.92555713766951,1777.890475850546,,,,False,False,not_attempted,0,0,0,0,4,1,0.25,161.9000414269697,1530.0,False,,,False,5,0
aco,static_live,27,1620.0,27.0,5,disrupted,disrupted,13 24 25 68,2681,2.857142857142857,0.35,0.0,30.51204894886194,18.45,23,3,20,3.1586732144446774,1.0528910714815591,95.70058027014146,60.0,1680.0,0.0,0.0,0.0,31.84011709992774,0.0,0.0,95.70058027014146,1680.0,102.67180891919783,1777.890475850546,,,,False,False,not_attempted,0,0,0,0,31,1,0.03225806451612903,160.35431329910756,1530.0,False,,,False,5,0
aco,static_live,28,1680.0,28.0,5,disrupted,disrupted,13 24 25 68,2681,2.857142857142857,0.35,0.0,30.51204894886194,18.466666666666665,20,0,20,3.776530383148257,3.776530383148257,99.47711065328971,60.0,1740.0,0.0,0.0,0.0,31.84011709992774,0.0,0.0,99.47711065328971,1740.0,99.82032415983609,1631.3140301858666,,,,False,False,not_attempted,0,0,0,0,12,3,0.25,158.03770573763774,1530.0,False,,,False,5,0
aco,static_live,29,1740.0,29.0,5,disrupted,disrupted,13 24 25 68,2681,2.857142857142857,0.35,0.0,30.51204894886194,18.483333333333334,20,3,17,2.214511272356268,0.738170424118756,101.69162192564598,60.0,1800.0,0.0,0.0,0.0,31.84011709992774,0.0,0.0,101.69162192564598,1800.0,95.55888811661214,1631.3140301858666,,,,False,False,not_attempted,0,0,0,0,23,0,0.0,157.3197837006906,1564.0,False,,,False,4,0
aco,static_live,30,1800.0,30.0,6,recovering,recovering,13 24 25 68,2681,2.857142857142857,0.35,0.0,30.51204894886194,18.5,17,1,16,4.380777909474759,4.380777909474759,106.07239983512073,60.0,1860.0,0.0,0.0,0.0,31.84011709992774,0.0,0.0,106.07239983512073,1860.0,93.75558100156371,1601.0925710055321,,,,False,False,not_attempted,0,0,0,0,25,3,0.12,157.22645036735727,1564.0,False,,,False,4,0
aco,static_live,31,1860.0,31.0,6,recovering,recovering,13 24 25 68,2681,2.6595744680851063,0.376,0.04,30.91589731653039,18.516666666666666,16,1,15,2.3562521649173522,2.3562521649173522,108.42865200003808,60.0,1920.0,0.0,0.0,0.0,31.84011709992774,0.0,0.0,108.42865200003808,1920.0,83.99967414699317,1490.0672334242704,,,,False,False,not_attempted,0,0,0,0,3,3,1.0,155.7072834228282,1564.0,False,,,False,4,0
aco,static_live,32,1920.0,32.0,6,recovering,recovering,13 24 25 68,2681,2.4875621890547266,0.40199999999999997,0.08,31.276313688751998,18.533333333333335,15,2,13,3.4610845224129347,1.7305422612064674,111.88973652245102,60.0,1980.0,0.0,0.0,0.0,31.84011709992774,0.0,0.0,111.88973652245102,1980.0,77.36943468328613,1336.9990015221802,,,,False,False,not_attempted,0,0,0,0,24,2,0.08333333333333333,153.84065390623653,1717.0,False,,,False,4,0
aco,static_live,33,1980.0,33.0,6,recovering,recovering,13 24 25 68,2681,2.336448598130841,0.428,0.12,31.59994690075087,18.55,13,1,12,3.0033484107189903,3.0033484107189903,114.89308493317,60.0,2040.0,0.0,0.0,0.0,31.84011709992774,0.0,0.0,114.89308493317,2040.0,70.01057422159873,1308.9893335696488,,,,False,False,not_attempted,0,0,0,0,25,7,0.28,153.7473205729032,1717.0,False,,,False,4,0
aco,static_live,34,2040.0,34.0,6,recovering,recovering,13 24 25 68,2681,2.2026431718061676,0.45399999999999996,0.16,31.89215455207436,18.566666666666666,12,2,10,2.0260121722427606,1.0130060861213803,116.91909710541276,60.0,2100.0,0.0,0.0,0.0,31.84011709992774,0.0,0.0,116.91909710541276,2100.0,63.775692809434055,1248.2053096554068,,,,False,False,not_attempted,0,0,0,0,19,2,0.10526315789473684,152.74618341671928,1774.0,False,,,False,4,0
aco,static_live,35,2100.0,35.0,7,recovering,recovering,13 24 25 68,2681,2.0833333333333335,0.48,0.2,32.157301947836125,18.583333333333332,10,0,10,5.4840234616295245,5.4840234616295245,122.40312056704228,60.0,2160.0,0.0,0.0,0.0,31.84011709992774,0.0,0.0,122.40312056704228,2160.0,58.2487719531918,1108.0396807071834,,,,False,False,not_attempted,0,0,0,0,15,5,0.3333333333333333,149.79293226244192,1774.0,False,,,False,4,0
aco,static_live,36,2160.0,36.0,7,recovering,recovering,13 24 25 68,2681,1.976284584980237,0.506,0.24,32.398981663836956,18.6,10,1,9,1.6707231846144812,1.6707231846144812,124.07384375165677,60.0,2220.0,0.0,0.0,0.0,31.84011709992774,0.0,0.0,124.07384375165677,2220.0,51.0829324864683,1096.990295020416,,,,False,False,not_attempted,0,0,0,0,6,6,1.0,149.6995989291086,1774.0,False,,,False,2,0
aco,static_live,37,2220.0,37.0,7,recovering,recovering,13 24 25 68,2681,1.8796992481203008,0.532,0.28,32.62017728250752,18.616666666666667,9,3,6,0.4735813524122889,0.1578604508040963,124.54742510406905,60.0,2280.0,0.0,0.0,0.0,31.84011709992774,0.0,0.0,124.54742510406905,2280.0,47.622598818838675,921.4846697460426,,,,False,False,not_attempted,0,0,0,0,1,1,1.0,149.66931761510435,1917.0,False,,,False,2,0
aco,static_live,38,2280.0,38.0,7,recovering,recovering,13 24 25 68,2681,1.7921146953405016,0.558,0.32,32.82338718808226,18.633333333333333,6,1,5,3.209456328967669,3.209456328967669,127.75688143303672,60.0,2340.0,0.0,0.0,0.0,31.84011709992774,0.0,0.0,127.75688143303672,2340.0,45.30724967077224,908.1786388186164,,,,False,False,not_attempted,0,0,0,0,9,9,1.0,149.66931761510435,1917.0,False,,,False,2,0
aco,static_live,39,2340.0,39.0,7,recovering,recovering,13 24 25 68,2681,1.7123287671232879,0.584,0.36,33.010719343667866,18.65,5,0,5,5.818789110441326,5.818789110441326,133.57567054347805,60.0,2400.0,0.0,0.0,0.0,31.84011709992774,0.0,0.0,133.57567054347805,2400.0,40.890503172459525,879.9585019523183,,,,False,False,not_attempted,0,0,0,0,15,15,1.0,149.66931761510435,1917.0,False,,,False,2,0
aco,static_live,40,2400.0,40.0,8,recovering,recovering,13 24 25 68,2681,1.639344262295082,0.61,0.4,33.18396468746468,18.666666666666668,5,0,5,2.320796180005835,2.320796180005835,135.89646672348388,60.0,2460.0,0.0,0.0,0.0,31.84011709992774,0.0,0.0,135.89646672348388,2460.0,34.16153165951789,778.8418810312645,,,,False,False,not_attempted,0,0,0,0,7,7,1.0,149.66931761510435,1917.0,False,,,False,2,0
aco,static_live,41,2460.0,41.0,8,recovering,recovering,13 24 25 68,2681,1.572327044025157,0.636,0.44,33.34465457144562,18.683333333333334,5,0,5,0.18666666666666665,0.18666666666666665,136.08313339015055,60.0,2520.0,0.0,0.0,0.0,31.84011709992774,0.0,0.0,136.08313339015055,2520.0,31.28121910121299,641.6912003360252,,,,False,False,not_attempted,0,0,0,0,0,0,0.0,149.66931761510435,1917.0,False,,,False,1,0
aco,static_live,42,2520.0,42.0,8,recovering,recovering,13 24 25 68,2681,1.5105740181268883,0.6619999999999999,0.48,33.49410614862006,18.7,5,2,3,0.5620650019491018,0.2810325009745509,136.64519839209964,60.0,2580.0,0.0,0.0,0.0,31.84011709992774,0.0,0.0,136.64519839209964,2580.0,30.692699984783662,636.751419289434,,,,False,False,not_attempted,0,0,0,0,5,5,1.0,149.66931761510435,1968.0,False,,,False,1,0
aco,static_live,43,2580.0,43.0,8,recovering,recovering,13 24 25 68,2681,1.4534883720930234,0.688,0.52,33.63345855918624,18.716666666666665,3,0,3,0.7890988419243641,0.7890988419243641,137.434297234024,60.0,2640.0,0.0,0.0,0.0,31.84011709992774,0.0,0.0,137.434297234024,2640.0,29.64499850690442,614.4198398618355,,,,False,False,not_attempted,0,0,0,0,1,1,1.0,149.66931761510435,1968.0,False,,,False,1,0
aco,static_live,44,2640.0,44.0,8,recovering,recovering,13 24 25 68,2681,1.400560224089636,0.714,0.56,33.76370202062083,18.733333333333334,3,0,3,0.09333333333333332,0.09333333333333332,137.52763056735733,60.0,2700.0,0.0,0.0,0.0,31.84011709992774,0.0,0.0,137.52763056735733,2700.0,28.400777069856847,499.6745704803483,,,,False,False,not_attempted,0,0,0,0,0,0,0.0,149.66931761510435,1968.0,False,,,False,1,0
aco,static_live,45,2700.0,45.0,9,recovering,recovering,13 24 25 68,2681,1.3513513513513513,0.74,0.6,33.885701393776806,18.75,3,1,2,1.4425802090942015,1.4425802090942015,138.97021077645152,60.0,2760.0,0.0,0.0,0.0,31.84011709992774,0.0,0.0,138.97021077645152,2760.0,28.01330027694112,499.6745704803483,,,,False,False,not_attempted,0,0,0,0,11,11,1.0,149.66931761510435,1968.0,False,,,False,1,0
aco,static_live,46,2760.0,46.0,9,recovering,recovering,13 24 25 68,2681,1.3054830287206267,0.766,0.64,34.00021541123871,18.766666666666666,2,0,2,0.8389411265622786,0.8389411265622786,139.8091519030138,60.0,2820.0,0.0,0.0,0.0,31.84011709992774,0.0,0.0,139.8091519030138,2820.0,26.326989294904294,499.6745704803483,,,,False,False,not_attempted,0,0,0,0,11,6,0.5454545454545454,149.66931761510435,1968.0,False,,,False,1,0
aco,static_live,47,2820.0,47.0,9,recovering,recovering,13 24 25 68,2681,1.2626262626262625,0.792,0.68,34.10791247171747,18.783333333333335,2,0,2,0.09333333333333332,0.09333333333333332,139.90248523634713,60.0,2880.0,0.0,0.0,0.0,31.84011709992774,0.0,0.0,139.90248523634713,2880.0,25.182222126475946,499.6745704803483,,,,False,False,not_attempted,0,0,0,0,0,0,0.0,149.66931761510435,1968.0,False,,,False,1,0
aco,static_live,48,2880.0,48.0,9,recovering,recovering,13 24 25 68,2681,1.2224938875305624,0.818,0.72,34.209383695280565,18.8,2,1,1,0.17712688101827312,0.17712688101827312,140.0796121173654,60.0,2940.0,0.0,0.0,0.0,31.84011709992774,0.0,0.0,140.0796121173654,2940.0,25.021930612361544,499.6745704803483,,,,False,False,not_attempted,0,0,0,0,6,0,0.0,149.66931761510435,1968.0,False,,,False,1,0
aco,static_live,49,2940.0,49.0,9,recovering,recovering,13 24 25 68,2681,1.1848341232227486,0.8440000000000001,0.76,34.30515377806556,18.816666666666666,1,0,1,0.1319918066416904,0.1319918066416904,140.21160392400708,60.0,3000.0,0.0,0.0,0.0,31.84011709992774,0.0,0.0,140.21160392400708,3000.0,24.751770513003265,341.6381420853028,,,,False,False,not_attempted,0,0,0,0,3,0,0.0,149.66931761510435,1968.0,False,,,False,1,0
aco,static_live,50,3000.0,50.0,10,recovering,recovering,13 24 25 68,2681,1.1494252873563218,0.87,0.8,34.39569006737746,18.833333333333332,1,0,1,0.09333333333333332,0.09333333333333332,140.3049372573404,60.0,3060.0,0.0,0.0,0.0,31.84011709992774,0.0,0.0,140.3049372573404,3060.0,24.0745284409688,337.466922774431,,,,False,False,not_attempted,0,0,0,0,0,0,0.0,149.66931761510435,1968.0,False,,,False,0,0
aco,static_live,51,3060.0,51.0,10,recovering,recovering,13 24 25 68,2681,1.1160714285714286,0.896,0.84,34.48141018850954,18.85,1,1,0,22.974943719581084,22.974943719581084,163.2798809769215,333.713345566114,3393.713345566114,0.0,0.0,0.0,31.84011709992774,0.0,0.0,163.2798809769215,3393.713345566114,23.6543136347497,335.7867550311341,,,,False,False,not_attempted,0,0,0,0,318,53,0.16666666666666666,146.33203426484883,1968.0,True,,,False,0,0
aco,static_frozen,0,0.0,0.0,0,normal,initial,13 24 25 68,0,1.0,1.0,0.0,34.78037077224997,18.0,84,0,84,18.680839634308782,18.680839634308782,18.680839634308782,60.0,60.0,9.003784299944527,22.83633279998321,31.84011709992774,31.84011709992774,0.0,0.0,18.680839634308782,60.0,129.8572811733068,2948.952446263193,,,,False,False,initial_plan,0,0,0,0,130,0,0.0,177.2717760608753,0.0,False,,,True,10,10
aco,static_frozen,1,60.0,1.0,0,normal,normal,13 24 25 68,0,1.0,1.0,0.0,34.78037077224997,18.016666666666666,84,0,84,4.7680615934003905,4.7680615934003905,23.44890122770917,60.0,120.0,0.0,0.0,0.0,31.84011709992774,0.0,0.0,23.44890122770917,120.0,110.44402959570512,2884.5846107093394,,,,False,False,not_attempted,0,0,0,0,76,0,0.0,176.09020652430007,0.0,False,,,False,10,10
aco,static_frozen,2,120.0,2.0,0,normal,normal,13 24 25 68,0,1.0,1.0,0.0,34.78037077224997,18.033333333333335,84,3,81,5.306297452810553,1.7687658176035177,28.755198680519726,60.0,180.0,0.0,0.0,0.0,31.84011709992774,0.0,0.0,28.755198680519726,180.0,105.15915328473176,2752.5964808827875,,,,False,False,not_attempted,0,0,0,0,66,0,0.0,174.7596401655785,215.0,False,,,False,9,7
aco,static_frozen,3,180.0,3.0,0,normal,normal,13 24 25 68,0,1.0,1.0,0.0,34.78037077224997,18.05,81,3,78,4.660065898009958,1.5533552993366528,33.41526457852969,60.0,240.0,0.0,0.0,0.0,31.84011709992774,0.0,0.0,33.41526457852969,240.0,100.06592291517671,2752.5964808827875,,,,False,False,not_attempted,0,0,0,0,63,0,0.0,174.60001662259305,215.0,False,,,False,9,4
aco,static_frozen,4,240.0,4.0,0,normal,normal,13 24 25 68,0,1.0,1.0,0.0,34.78037077224997,18.066666666666666,78,1,77,3.024516702171434,3.024516702171434,36.43978128070112,60.0,300.0,0.0,0.0,0.0,31.84011709992774,0.0,0.0,36.43978128070112,300.0,95.6512867909427,2700.7402108848582,,,,False,False,not_attempted,0,0,0,0,41,0,0.0,174.23595111138894,241.0,False,,,False,9,4
aco,static_frozen,5,300.0,5.0,1,normal,normal,13 24 25 68,0,1.0,1.0,0.0,34.78037077224997,18.083333333333332,77,4,73,2.8679341198432,0.7169835299608,39.30771540054432,60.0,360.0,0.0,0.0,0.0,31.84011709992774,0.0,0.0,39.30771540054432,360.0,92.80451466956619,2531.148694412799,,,,False,False,not_attempted,0,0,0,0,31,0,0.0,174.1426177780556,402.0,False,,,False,9,2
aco,static_frozen,6,360.0,6.0,1,normal,normal,13 24 25 68,0,1.0,1.0,0.0,34.78037077224997,18.1,73,3,70,3.5198933529509064,1.1732977843169687,42.82760875349523,60.0,420.0,0.0,0.0,0.0,31.84011709992774,0.0,0.0,42.82760875349523,420.0,89.498725620101,2531.148694412799,,,,False,False,not_attempted,0,0,0,0,44,0,0.0,173.80269504982573,422.0,False,,,False,9,1
aco,static_frozen,7,420.0,7.0,1,normal,normal,13 24 25 68,0,1.0,1.0,0.0,34.78037077224997,18.116666666666667,70,3,67,4.091652081357425,1.3638840271191415,46.91926083485265,60.0,480.0,0.0,0.0,0.0,31.84011709992774,0.0,0.0,46.91926083485265,480.0,86.23763270067052,2527.8765656637133,,,,False,False,not_attempted,0,0,0,0,30,0,0.0,171.7315048732715,641.0,False,,,False,9,1
aco,static_frozen,8,480.0,8.0,1,normal,normal,13 24 25 68,0,1.0,1.0,0.0,34.78037077224997,18.133333333333333,67,4,63,1.9465284663171223,0.48663211657928057,48.86578930116977,60.0,540.0,0.0,0.0,0.0,31.84011709992774,0.0,0.0,48.86578930116977,540.0,82.12902723057795,2353.8339100285225,,,,False,False,not_attempted,0,0,0,0,27,0,0.0,171.63817153993816,647.0,False,,,False,9,0
aco,static_frozen,9,540.0,9.0,1,normal,normal,13 24 25 68,0,1.0,1.0,0.0,34.78037077224997,18.15,63,4,59,3.8465037675471145,0.9616259418867786,52.71229306871688,60.0,600.0,0.0,0.0,0.0,31.84011709992774,0.0,0.0,52.71229306871688,600.0,80.29025643260388,2353.8339100285225,,,,False,False,not_attempted,0,0,0,0,34,0,0.0,171.54640459197284,647.0,False,,,False,9,0
aco,static_frozen,10,600.0,10.0,2,degrading,degrading,13 24 25 68,0,1.0,1.0,0.0,34.78037077224997,18.166666666666668,59,2,57,2.2406318836965116,1.1203159418482558,54.95292495241339,60.0,660.0,0.0,0.0,0.0,31.84011709992774,0.0,0.0,54.95292495241339,660.0,76.26459852359919,2334.9570515159016,,,,False,False,not_attempted,0,0,0,0,28,0,0.0,171.29011539682318,871.0,False,,,False,9,0
aco,static_frozen,11,660.0,11.0,2,degrading,degrading,13 24 25 68,2681,1.06951871657754,0.935,0.0,34.60155362914376,18.183333333333334,57,3,54,1.7566672163478407,0.5855557387826136,56.70959216876123,60.0,720.0,0.0,0.0,0.0,31.84011709992774,0.0,0.0,56.70959216876123,720.0,78.15528333548409,2208.3997703313244,,,,False,False,not_attempted,0,0,0,0,24,0,0.0,171.19678206348985,871.0,False,,,False,7,0
aco,static_frozen,12,720.0,12.0,2,degrading,degrading,13 24 25 68,2681,1.1494252873563218,0.87,0.0,34.39569006737746,18.2,54,4,50,2.0834059682333734,0.5208514920583434,58.792998136994605,60.0,780.0,0.0,0.0,0.0,31.84011709992774,0.0,0.0,58.792998136994605,780.0,80.26837871953045,2227.118450076936,,,,False,False,not_attempted,0,0,0,0,38,0,0.0,170.7053520396286,1037.0,False,,,False,7,0
aco,static_frozen,13,780.0,13.0,2,degrading,degrading,13 24 25 68,2681,1.2422360248447206,0.8049999999999999,0.0,34.15939207694038,18.216666666666665,50,3,47,1.756350985441396,0.5854503284804653,60.549349122436,60.0,840.0,0.0,0.0,0.0,31.84011709992774,0.0,0.0,60.549349122436,840.0,81.79183156351765,2203.1274983836465,,,,False,False,not_attempted,0,0,0,0,19,0,0.0,170.01502271405593,1037.0,False,,,False,7,0
aco,static_frozen,14,840.0,14.0,2,degrading,degrading,13 24 25 68,2681,1.3513513513513513,0.74,0.0,33.885701393776806,18.233333333333334,47,2,45,1.6167015732952945,0.8083507866476473,62.16605069573129,60.0,900.0,0.0,0.0,0.0,31.84011709992774,0.0,0.0,62.16605069573129,900.0,83.72420322769683,2038.2854511302453,,,,False,False,not_attempted,0,0,0,0,12,0,0.0,169.912246448997,1037.0,False,,,False,7,0
aco,static_frozen,15,900.0,15.0,3,degrading,degrading,13 24 25 68,2681,1.4814814814814814,0.675,0.0,33.56497967065395,18.25,45,4,41,0.8955710414757171,0.22389276036892927,63.06162173720701,60.0,960.0,0.0,0.0,0.0,31.84011709992774,0.0,0.0,63.06162173720701,960.0,87.06877947305563,2152.3855278848077,,,,False,False,not_attempted,0,0,0,0,32,0,0.0,169.80947018393806,1142.0,False,,,False,7,0
aco,static_frozen,16,960.0,16.0,3,degrading,degrading,13 24 25 68,2681,1.639344262295082,0.61,0.0,33.18396468746468,18.266666666666666,41,1,40,2.805842605962733,2.805842605962733,65.86746434316974,60.0,1020.0,0.0,0.0,0.0,31.84011709992774,0.0,0.0,65.86746434316974,1020.0,91.74613884996208,2185.801513619502,,,,False,False,not_attempted,0,0,0,0,39,0,0.0,169.5629603131352,1142.0,False,,,False,7,0
aco,static_frozen,17,1020.0,17.0,3,degrading,degrading,13 24 25 68,2681,1.8348623853211008,0.545,0.0,32.72389050058952,18.283333333333335,40,3,37,4.540089281046878,1.5133630936822928,70.40755362421662,60.0,1080.0,0.0,0.0,0.0,31.84011709992774,0.0,0.0,70.40755362421662,1080.0,96.08411958201015,2166.838088458521,,,,False,False,not_attempted,0,0,0,0,36,2,0.05555555555555555,169.0078052550611,1391.0,False,,,False,7,0
aco,static_frozen,18,1080.0,18.0,3,degrading,degrading,13 24 25 68,2681,2.0833333333333335,0.48,0.0,32.157301947836125,18.3,37,0,37,4.7243403446201055,4.7243403446201055,75.13189396883672,60.0,1140.0,0.0,0.0,0.0,31.84011709992774,0.0,0.0,75.13189396883672,1140.0,99.64830678939607,2165.8517508964796,,,,False,False,not_attempted,0,0,0,0,14,5,0.35714285714285715,168.7458575592287,1391.0,False,,,False,6,0
aco,static_frozen,19,1140.0,19.0,3,degrading,degrading,13 24 25 68,2681,2.409638554216868,0.4149999999999999,0.0,31.44236703830193,18.316666666666666,37,3,34,3.212793755789329,1.0709312519297762,78.34468772462606,60.0,1200.0,0.0,0.0,0.0,31.84011709992774,0.0,0.0,78.34468772462606,1200.0,104.77682317686846,2096.9621131747763,,,,False,False,not_attempted,0,0,0,0,32,0,0.0,168.53429817409727,1391.0,False,,,False,5,0
aco,static_frozen,20,1200.0,20.0,4,disrupted,holding,13 24 25 68,2681,2.857142857142857,0.35,0.0,30.51204894886194,18.333333333333332,34,2,32,1.5833816713297224,0.7916908356648612,79.92806939595577,60.0,1260.0,0.0,0.0,0.0,31.84011709992774,0.0,0.0,79.92806939595577,1260.0,117.35661968283684,2188.0020985131546,,,,False,False,not_attempted,0,0,0,0,17,0,0.0,168.40267632084857,1530.0,False,,,False,5,0
aco,static_frozen,21,1260.0,21.0,4,disrupted,disrupted,13 24 25 68,2681,2.857142857142857,0.35,0.0,30.51204894886194,18.35,32,1,31,0.8339749005898429,0.8339749005898429,80.76204429654561,60.0,1320.0,0.0,0.0,0.0,31.84011709992774,0.0,0.0,80.76204429654561,1320.0,115.62582986539422,2068.0020985131546,,,,False,False,not_attempted,0,0,0,0,7,1,0.14285714285714285,168.30934298751524,1530.0,False,,,False,5,0
aco,static_frozen,22,1320.0,22.0,4,disrupted,disrupted,13 24 25 68,2681,2.857142857142857,0.35,0.0,30.51204894886194,18.366666666666667,31,3,28,3.06747880461617,1.0224929348720566,83.82952310116178,60.0,1380.0,0.0,0.0,0.0,31.84011709992774,0.0,0.0,83.82952310116178,1380.0,114.40740280952525,2068.0020985131546,,,,False,False,not_attempted,0,0,0,0,16,1,0.0625,166.99485731847722,1530.0,False,,,False,5,0
aco,static_frozen,23,1380.0,23.0,4,disrupted,disrupted,13 24 25 68,2681,2.857142857142857,0.35,0.0,30.51204894886194,18.383333333333333,28,0,28,3.4386941376405464,3.4386941376405464,87.26821723880234,60.0,1440.0,0.0,0.0,0.0,31.84011709992774,0.0,0.0,87.26821723880234,1440.0,111.81502299589455,2022.9309206153443,,,,False,False,not_attempted,0,0,0,0,13,3,0.23076923076923078,164.31078553135953,1530.0,False,,,False,5,0
aco,static_frozen,24,1440.0,24.0,4,disrupted,disrupted,13 24 25 68,2681,2.857142857142857,0.35,0.0,30.51204894886194,18.4,28,2,26,1.2445550850148501,0.6222775425074251,88.51277232381719,60.0,1500.0,0.0,0.0,0.0,31.84011709992774,0.0,0.0,88.51277232381719,1500.0,108.40834257966954,1951.9515528497795,,,,False,False,not_attempted,0,0,0,0,17,0,0.0,164.2174521980262,1530.0,False,,,False,5,0
aco,static_frozen,25,1500.0,25.0,5,disrupted,disrupted,13 24 25 68,2681,2.857142857142857,0.35,0.0,30.51204894886194,18.416666666666668,26,2,24,2.4022400663822023,1.2011200331911012,90.9150123901994,60.0,1560.0,0.0,0.0,0.0,31.84011709992774,0.0,0.0,90.9150123901994,1560.0,107.2230008106718,1904.5202599008662,,,,False,False,not_attempted,0,0,0,0,19,2,0.10526315789473684,162.96160728255734,1530.0,False,,,False,5,0
aco,static_frozen,26,1560.0,26.0,5,disrupted,disrupted,13 24 25 68,2681,2.857142857142857,0.35,0.0,30.51204894886194,18.433333333333334,24,1,23,1.6268946654973817,1.6268946654973817,92.54190705569678,60.0,1620.0,0.0,0.0,0.0,31.84011709992774,0.0,0.0,92.54190705569678,1620.0,103.92555713766951,1777.890475850546,,,,False,False,not_attempted,0,0,0,0,4,1,0.25,161.9000414269697,1530.0,False,,,False,5,0
aco,static_frozen,27,1620.0,27.0,5,disrupted,disrupted,13 24 25 68,2681,2.857142857142857,0.35,0.0,30.51204894886194,18.45,23,3,20,3.1586732144446774,1.0528910714815591,95.70058027014146,60.0,1680.0,0.0,0.0,0.0,31.84011709992774,0.0,0.0,95.70058027014146,1680.0,102.67180891919783,1777.890475850546,,,,False,False,not_attempted,0,0,0,0,31,1,0.03225806451612903,160.35431329910756,1530.0,False,,,False,5,0
aco,static_frozen,28,1680.0,28.0,5,disrupted,disrupted,13 24 25 68,2681,2.857142857142857,0.35,0.0,30.51204894886194,18.466666666666665,20,0,20,3.776530383148257,3.776530383148257,99.47711065328971,60.0,1740.0,0.0,0.0,0.0,31.84011709992774,0.0,0.0,99.47711065328971,1740.0,99.82032415983609,1631.3140301858666,,,,False,False,not_attempted,0,0,0,0,12,3,0.25,158.03770573763774,1530.0,False,,,False,5,0
aco,static_frozen,29,1740.0,29.0,5,disrupted,disrupted,13 24 25 68,2681,2.857142857142857,0.35,0.0,30.51204894886194,18.483333333333334,20,3,17,3.5365379488483533,1.178845982949451,103.01364860213806,60.0,1800.0,0.0,0.0,0.0,31.84011709992774,0.0,0.0,103.01364860213806,1800.0,95.55888811661214,1631.3140301858666,,,,False,False,not_attempted,0,0,0,0,28,4,0.14285714285714285,157.3197837006906,1564.0,False,,,False,4,0
aco,static_frozen,30,1800.0,30.0,6,recovering,recovering,13 24 25 68,2681,2.857142857142857,0.35,0.0,30.51204894886194,18.5,17,1,16,5.117044169026677,5.117044169026677,108.13069277116475,60.0,1860.0,0.0,0.0,0.0,31.84011709992774,0.0,0.0,108.13069277116475,1860.0,93.79578476048029,1531.0697933722759,,,,False,False,not_attempted,0,0,0,0,19,5,0.2631578947368421,157.22645036735727,1564.0,False,,,False,4,0
aco,static_frozen,31,1860.0,31.0,6,recovering,recovering,13 24 25 68,2681,2.6595744680851063,0.376,0.04,30.91589731653039,18.516666666666666,16,1,15,1.7991669445290854,1.7991669445290854,109.92985971569384,60.0,1920.0,0.0,0.0,0.0,31.84011709992774,0.0,0.0,109.92985971569384,1920.0,83.48755700026652,1368.8823469575086,,,,False,False,not_attempted,0,0,0,0,2,2,1.0,155.7072834228282,1564.0,False,,,False,4,0
aco,static_frozen,32,1920.0,32.0,6,recovering,recovering,13 24 25 68,2681,2.4875621890547266,0.40199999999999997,0.08,31.276313688751998,18.533333333333335,15,3,12,8.018214283598768,2.6727380945329227,117.9480739992926,60.0,1980.0,0.0,0.0,0.0,31.84011709992774,0.0,0.0,117.9480739992926,1980.0,77.36943468328613,1336.9990015221802,,,,False,False,not_attempted,0,0,0,0,24,18,0.75,153.84065390623653,1717.0,False,,,False,4,0
aco,static_frozen,33,1980.0,33.0,6,recovering,recovering,13 24 25 68,2681,2.336448598130841,0.428,0.12,31.59994690075087,18.55,12,0,12,3.393599892453076,3.393599892453076,121.34167389174569,60.0,2040.0,0.0,0.0,0.0,31.84011709992774,0.0,0.0,121.34167389174569,2040.0,69.68218982745924,1146.2718718428287,,,,False,False,not_attempted,0,0,0,0,11,11,1.0,153.7473205729032,1717.0,False,,,False,4,0
aco,static_frozen,34,2040.0,34.0,6,recovering,recovering,13 24 25 68,2681,2.2026431718061676,0.45399999999999996,0.16,31.89215455207436,18.566666666666666,12,3,9,6.918325279231032,2.306108426410344,128.25999917097673,60.0,2100.0,0.0,0.0,0.0,31.84011709992774,0.0,0.0,128.25999917097673,2100.0,68.84865284549544,1128.2053096554068,,,,False,False,not_attempted,0,0,0,0,22,22,1.0,152.74618341671928,1774.0,False,,,False,4,0
aco,static_frozen,35,2100.0,35.0,7,recovering,recovering,13 24 25 68,2681,2.0833333333333335,0.48,0.2,32.157301947836125,18.583333333333332,9,0,9,8.020083548880379,8.020083548880379,136.2800827198571,60.0,2160.0,0.0,0.0,0.0,31.84011709992774,0.0,0.0,136.2800827198571,2160.0,62.905185457356886,1128.4494105361564,,,,False,False,not_attempted,0,0,0,0,17,17,1.0,149.79293226244192,1774.0,False,,,False,4,0
aco,static_frozen,36,2160.0,36.0,7,recovering,recovering,13 24 25 68,2681,1.976284584980237,0.506,0.24,32.398981663836956,18.6,9,0,9,3.799534560829785,3.799534560829785,140.07961728068688,60.0,2220.0,0.0,0.0,0.0,31.84011709992774,0.0,0.0,140.07961728068688,2220.0,53.6942876064182,936.1581188715442,,,,False,False,not_attempted,0,0,0,0,16,16,1.0,149.6995989291086,1774.0,False,,,False,3,0
aco,static_frozen,37,2220.0,37.0,7,recovering,recovering,13 24 25 68,2681,1.8796992481203008,0.532,0.28,32.62017728250752,18.616666666666667,9,3,6,4.54837541056988,1.5161251368566269,144.62799269125676,60.0,2280.0,0.0,0.0,0.0,31.84011709992774,0.0,0.0,144.62799269125676,2280.0,49.36461599854457,921.4846697460426,,,,False,False,not_attempted,0,0,0,0,38,19,0.5,149.66931761510435,1917.0,False,,,False,3,0
aco,static_frozen,38,2280.0,38.0,7,recovering,recovering,13 24 25 68,2681,1.7921146953405016,0.558,0.32,32.82338718808226,18.633333333333333,6,0,6,4.050116822727056,4.050116822727056,148.67810951398383,60.0,2340.0,0.0,0.0,0.0,31.84011709992774,0.0,0.0,148.67810951398383,2340.0,43.180915171117455,863.4862787822256,,,,False,False,not_attempted,0,0,0,0,13,13,1.0,149.66931761510435,1917.0,False,,,False,2,0
aco,static_frozen,39,2340.0,39.0,7,recovering,recovering,13 24 25 68,2681,1.7123287671232879,0.584,0.36,33.010719343667866,18.65,6,1,5,4.289832629337893,4.289832629337893,152.96794214332172,60.0,2400.0,0.0,0.0,0.0,31.84011709992774,0.0,0.0,152.96794214332172,2400.0,38.308936539640385,652.8902929827491,,,,False,False,not_attempted,0,0,0,0,5,5,1.0,149.66931761510435,1917.0,False,,,False,2,0
aco,static_frozen,40,2400.0,40.0,8,recovering,recovering,13 24 25 68,2681,1.639344262295082,0.61,0.4,33.18396468746468,18.666666666666668,5,1,4,2.2161261418867846,2.2161261418867846,155.1840682852085,60.0,2460.0,0.0,0.0,0.0,31.84011709992774,0.0,0.0,155.1840682852085,2460.0,33.52527255346061,647.052077471834,,,,False,False,not_attempted,0,0,0,0,8,8,1.0,149.66931761510435,1917.0,False,,,False,2,0
aco,static_frozen,41,2460.0,41.0,8,recovering,recovering,13 24 25 68,2681,1.572327044025157,0.636,0.44,33.34465457144562,18.683333333333334,4,0,4,1.0347893521810978,1.0347893521810978,156.2188576373896,60.0,2520.0,0.0,0.0,0.0,31.84011709992774,0.0,0.0,156.2188576373896,2520.0,30.77227797100337,627.6929836827675,,,,False,False,not_attempted,0,0,0,0,2,2,1.0,149.66931761510435,1917.0,False,,,False,1,0
aco,static_frozen,42,2520.0,42.0,8,recovering,recovering,13 24 25 68,2681,1.5105740181268883,0.6619999999999999,0.48,33.49410614862006,18.7,4,1,3,0.10495810331217557,0.10495810331217557,156.32381574070178,60.0,2580.0,0.0,0.0,0.0,31.84011709992774,0.0,0.0,156.32381574070178,2580.0,29.26922321448785,499.6745704803483,,,,False,False,not_attempted,0,0,0,0,0,0,0.0,149.66931761510435,1968.0,False,,,False,1,0
aco,static_frozen,43,2580.0,43.0,8,recovering,recovering,13 24 25 68,2681,1.4534883720930234,0.688,0.52,33.63345855918624,18.716666666666665,3,1,2,2.063293383715673,2.063293383715673,158.38710912441744,60.0,2640.0,0.0,0.0,0.0,31.84011709992774,0.0,0.0,158.38710912441744,2640.0,28.81824893915534,499.6745704803483,,,,False,False,not_attempted,0,0,0,0,15,15,1.0,149.32630465510664,1968.0,False,,,False,1,0
aco,static_frozen,44,2640.0,44.0,8,recovering,recovering,13 24 25 68,2681,1.400560224089636,0.714,0.56,33.76370202062083,18.733333333333334,2,0,2,1.0453266867543394,1.0453266867543394,159.43243581117179,60.0,2700.0,0.0,0.0,0.0,31.84011709992774,0.0,0.0,159.43243581117179,2700.0,26.932325865673718,499.6745704803483,,,,False,False,not_attempted,0,0,0,0,12,7,0.5833333333333334,148.28097796835232,1968.0,False,,,False,1,0
aco,static_frozen,45,2700.0,45.0,9,recovering,recovering,13 24 25 68,2681,1.3513513513513513,0.74,0.6,33.885701393776806,18.75,2,0,2,0.09333333333333332,0.09333333333333332,159.52576914450512,60.0,2760.0,0.0,0.0,0.0,31.84011709992774,0.0,0.0,159.52576914450512,2760.0,25.537525747998295,499.6745704803483,,,,False,False,not_attempted,0,0,0,0,0,0,0.0,148.18764463501898,1968.0,False,,,False,1,0
aco,static_frozen,46,2760.0,46.0,9,recovering,recovering,13 24 25 68,2681,1.3054830287206267,0.766,0.64,34.00021541123871,18.766666666666666,2,1,1,0.12931914809736494,0.12931914809736494,159.65508829260247,60.0,2820.0,0.0,0.0,0.0,31.84011709992774,0.0,0.0,159.65508829260247,2820.0,25.35369764769573,499.6745704803483,,,,False,False,not_attempted,0,0,0,0,2,0,0.0,148.0583254869216,1968.0,False,,,False,1,0
aco,static_frozen,47,2820.0,47.0,9,recovering,recovering,13 24 25 68,2681,1.2626262626262625,0.792,0.68,34.10791247171747,18.783333333333335,1,0,1,0.17979953956259853,0.17979953956259853,159.83488783216507,60.0,2880.0,0.0,0.0,0.0,31.84011709992774,0.0,0.0,159.83488783216507,2880.0,25.11128814270302,499.6745704803483,,,,False,False,not_attempted,0,0,0,0,7,0,0.0,147.878525947359,1968.0,False,,,False,1,0
aco,static_frozen,48,2880.0,48.0,9,recovering,recovering,13 24 25 68,2681,1.2224938875305624,0.818,0.72,34.209383695280565,18.8,1,0,1,0.09333333333333332,0.09333333333333332,159.9282211654984,60.0,2940.0,0.0,0.0,0.0,31.84011709992774,0.0,0.0,159.9282211654984,2940.0,24.67907348660759,499.6745704803483,,,,False,False,not_attempted,0,0,0,0,0,0,0.0,147.78519261402568,1968.0,False,,,False,0,0
aco,static_frozen,49,2940.0,49.0,9,recovering,recovering,13 24 25 68,2681,1.1848341232227486,0.8440000000000001,0.76,34.30515377806556,18.816666666666666,1,1,0,23.895699326990997,23.895699326990997,183.82392049248938,339.1555842622879,3279.155584262288,0.0,0.0,0.0,31.84011709992774,0.0,0.0,183.82392049248938,3279.155584262288,24.516562577059425,341.6381420853028,,,,False,False,not_attempted,0,0,0,0,324,59,0.18209876543209877,145.56820469284037,1968.0,True,,,False,0,0
pso,adaptive,0,0.0,0.0,0,normal,initial,13 24 25 68,0,1.0,1.0,0.0,34.78037077224997,18.0,84,0,84,17.41716950529079,17.41716950529079,17.41716950529079,60.0,60.0,9.01954150001984,12.315022700000554,21.334564200020395,21.334564200020395,0.0,0.0,17.41716950529079,60.0,151.37406968292143,2569.719418511708,,,,False,False,initial_plan,0,0,0,0,96,0,0.0,177.86965881732976,0.0,False,,,True,10,10
pso,adaptive,1,60.0,1.0,0,normal,normal,13 24 25 68,0,1.0,1.0,0.0,34.78037077224997,18.016666666666666,84,0,84,2.9117287974767976,2.9117287974767976,20.328898302767588,60.0,120.0,0.0,0.0,0.0,21.334564200020395,0.0,0.0,20.328898302767588,120.0,133.1191070568551,2507.5518550268002,,,,False,False,not_attempted,0,0,0,0,47,0,0.0,177.4588955213837,0.0,False,,,False,10,10
pso,adaptive,2,120.0,2.0,0,normal,normal,13 24 25 68,0,1.0,1.0,0.0,34.78037077224997,18.033333333333335,84,5,79,4.945953376604522,0.9891906753209044,25.27485167937211,60.0,180.0,0.0,0.0,0.0,21.334564200020395,0.0,0.0,25.27485167937211,180.0,129.7508783653988,2355.035662758609,,,,False,False,not_attempted,0,0,0,0,48,0,0.0,176.84027550943307,239.0,False,,,False,9,5
pso,adaptive,3,180.0,3.0,0,normal,normal,13 24 25 68,0,1.0,1.0,0.0,34.78037077224997,18.05,79,3,76,5.2858708059973845,1.7619569353324616,30.560722485369492,60.0,240.0,0.0,0.0,0.0,21.334564200020395,0.0,0.0,30.560722485369492,240.0,125.54196401841551,2355.035662758609,,,,False,False,not_attempted,0,0,0,0,84,0,0.0,176.08417388140913,239.0,False,,,False,9,2
pso,adaptive,4,240.0,4.0,0,normal,normal,13 24 25 68,0,1.0,1.0,0.0,34.78037077224997,18.066666666666666,76,0,76,4.768439058186637,4.768439058186637,35.329161543556125,60.0,300.0,0.0,0.0,0.0,21.334564200020395,0.0,0.0,35.329161543556125,300.0,119.70961591445298,2307.5810249028364,,,,False,False,not_attempted,0,0,0,0,69,0,0.0,174.23595111138894,239.0,False,,,False,9,2
pso,adaptive,5,300.0,5.0,1,normal,normal,13 24 25 68,0,1.0,1.0,0.0,34.78037077224997,18.083333333333332,76,2,74,2.335379566890029,1.1676897834450144,37.66454111044615,60.0,360.0,10.700529400026426,802.1392638999969,812.8397933000233,834.1743575000437,0.0,0.0,37.66454111044615,360.0,109.77338979096476,2698.550200996692,115.25900310952544,109.77338979096476,5.485613318560681,True,True,lower_residual_energy,5,37,5,37,79,0,0.0,174.1426177780556,324.0,False,,,True,9,2
pso,adaptive,6,360.0,6.0,1,normal,normal,13 24 25 68,0,1.0,1.0,0.0,34.78037077224997,18.1,74,4,70,3.101740268185227,0.7754350670463067,40.766281378631376,60.0,420.0,0.0,0.0,0.0,834.1743575000437,0.0,0.0,40.766281378631376,420.0,107.33923289675523,2639.5028954880127,,,,False,False,not_attempted,0,0,0,0,41,0,0.0,173.80269504982573,430.0,False,,,False,9,1
pso,adaptive,7,420.0,7.0,1,normal,normal,13 24 25 68,0,1.0,1.0,0.0,34.78037077224997,18.116666666666667,70,1,69,5.0773071523580215,5.0773071523580215,45.8435885309894,60.0,480.0,0.0,0.0,0.0,834.1743575000437,0.0,0.0,45.8435885309894,480.0,104.10869149420049,2480.9555026133576,,,,False,False,not_attempted,0,0,0,0,37,0,0.0,171.7427549458747,430.0,False,,,False,9,1
pso,adaptive,8,480.0,8.0,1,normal,normal,13 24 25 68,0,1.0,1.0,0.0,34.78037077224997,18.133333333333333,69,3,66,4.568801367389507,1.5229337891298356,50.412389898378905,60.0,540.0,0.0,0.0,0.0,834.1743575000437,0.0,0.0,50.412389898378905,540.0,99.38973287812432,2480.9555026133576,,,,False,False,not_attempted,0,0,0,0,44,0,0.0,170.12900684926333,574.0,False,,,False,9,1
pso,adaptive,9,540.0,9.0,1,normal,normal,13 24 25 68,0,1.0,1.0,0.0,34.78037077224997,18.15,66,2,64,2.8987751236060793,1.4493875618030396,53.31116502198498,60.0,600.0,0.0,0.0,0.0,834.1743575000437,0.0,0.0,53.31116502198498,600.0,94.4431869676926,2360.9555026133576,,,,False,False,not_attempted,0,0,0,0,17,0,0.0,169.55281890713212,647.0,False,,,False,9,1
pso,adaptive,10,600.0,10.0,2,degrading,degrading,13 24 25 68,0,1.0,1.0,0.0,34.78037077224997,18.166666666666668,64,4,60,2.461197722411713,0.6152994306029282,55.772362744396695,60.0,660.0,5.630007945001125e-05,448.77419620007277,448.7742525001522,1282.948610000196,0.0,0.0,55.772362744396695,660.0,88.94705862945925,2527.242251851788,91.85049389647273,88.94705862945925,2.903435267013478,True,True,lower_residual_energy,4,17,4,17,28,0,0.0,169.4594855737988,659.0,False,,,True,9,0
pso,adaptive,11,660.0,11.0,2,degrading,degrading,13 24 25 68,2681,1.06951871657754,0.935,0.0,34.60155362914376,18.183333333333334,60,4,56,5.530005001399667,1.3825012503499168,61.30236774579636,60.0,720.0,0.0,0.0,0.0,1282.948610000196,0.0,0.0,61.30236774579636,720.0,90.36736724173358,2505.7772126627838,,,,False,False,not_attempted,0,0,0,0,95,5,0.05263157894736842,169.0036065577671,725.0,False,,,False,9,0
pso,adaptive,12,720.0,12.0,2,degrading,degrading,13 24 25 68,2681,1.1494252873563218,0.87,0.0,34.39569006737746,18.2,56,1,55,3.395857642108973,3.395857642108973,64.69822538790534,60.0,780.0,0.0,0.0,0.0,1282.948610000196,0.0,0.0,64.69822538790534,780.0,88.29093456796981,2452.459596658901,,,,False,False,not_attempted,0,0,0,0,43,2,0.046511627906976744,168.70238617422373,743.0,False,,,False,8,0
pso,adaptive,13,780.0,13.0,2,degrading,degrading,13 24 25 68,2681,1.2422360248447206,0.8049999999999999,0.0,34.15939207694038,18.216666666666665,55,3,52,3.513981699762449,1.1713272332541498,68.21220708766779,60.0,840.0,0.0,0.0,0.0,1282.948610000196,0.0,0.0,68.21220708766779,840.0,89.55885089213814,2404.259373536626,,,,False,False,not_attempted,0,0,0,0,52,8,0.15384615384615385,167.33987522043492,940.0,False,,,False,8,0
pso,adaptive,14,840.0,14.0,2,degrading,degrading,13 24 25 68,2681,1.3513513513513513,0.74,0.0,33.885701393776806,18.233333333333334,52,0,52,1.3364544295246963,1.3364544295246963,69.54866151719249,60.0,900.0,0.0,0.0,0.0,1282.948610000196,0.0,0.0,69.54866151719249,900.0,90.88056748024415,2274.494131984118,,,,False,False,not_attempted,0,0,0,0,15,4,0.26666666666666666,167.24654188710159,940.0,False,,,False,7,0
pso,adaptive,15,900.0,15.0,3,degrading,degrading,13 24 25 68,2681,1.4814814814814814,0.675,0.0,33.56497967065395,18.25,52,4,48,1.2255300834803475,0.3063825208700869,70.77419160067284,60.0,960.0,10.82090980000794,305.5575330000138,316.37844280002173,1599.3270528002176,0.0,0.0,70.77419160067284,960.0,94.9629248375663,2344.5004428795737,94.9629248375663,98.99852476281423,-4.035599925247922,True,False,incumbent_not_worse,5,14,0,0,24,0,0.0,167.1539143351959,940.0,False,,,True,7,0
pso,adaptive,16,960.0,16.0,3,degrading,degrading,13 24 25 68,2681,1.639344262295082,0.61,0.0,33.18396468746468,18.266666666666666,48,3,45,2.302788814951011,0.7675962716503371,73.07698041562385,60.0,1020.0,0.0,0.0,0.0,1599.3270528002176,0.0,0.0,73.07698041562385,1020.0,100.09685868641863,2218.100393900991,,,,False,False,not_attempted,0,0,0,0,43,4,0.09302325581395349,167.1539143351959,968.0,False,,,False,7,0
pso,adaptive,17,1020.0,17.0,3,degrading,degrading,13 24 25 68,2681,1.8348623853211008,0.545,0.0,32.72389050058952,18.283333333333335,45,3,42,2.4660650842409346,0.8220216947469782,75.54304549986479,60.0,1080.0,0.0,0.0,0.0,1599.3270528002176,0.0,0.0,75.54304549986479,1080.0,105.03588198511902,2261.7031071828383,,,,False,False,not_attempted,0,0,0,0,17,7,0.4117647058823529,167.1539143351959,968.0,False,,,False,7,0
pso,adaptive,18,1080.0,18.0,3,degrading,degrading,13 24 25 68,2681,2.0833333333333335,0.48,0.0,32.157301947836125,18.3,42,3,39,4.658237794378559,1.5527459314595198,80.20128329424335,60.0,1140.0,0.0,0.0,0.0,1599.3270528002176,0.0,0.0,80.20128329424335,1140.0,111.6637447393889,2750.054099199525,,,,False,False,not_attempted,0,0,0,0,50,7,0.14,167.1539143351959,1081.0,False,,,False,6,0
pso,adaptive,19,1140.0,19.0,3,degrading,degrading,13 24 25 68,2681,2.409638554216868,0.4149999999999999,0.0,31.44236703830193,18.316666666666666,39,2,37,3.1654405258832954,1.5827202629416477,83.36672382012665,60.0,1200.0,0.0,0.0,0.0,1599.3270528002176,0.0,0.0,83.36672382012665,1200.0,116.92603091225008,2726.5528827655303,,,,False,False,not_attempted,0,0,0,0,30,3,0.1,167.1539143351959,1138.0,False,,,False,6,0
pso,adaptive,20,1200.0,20.0,4,disrupted,holding,13 24 25 68,2681,2.857142857142857,0.35,0.0,30.51204894886194,18.333333333333332,37,1,36,5.671229170473887,5.671229170473887,89.03795299060054,60.0,1260.0,10.966292699915357,268.28900049999356,279.2552931999089,1878.5823460001266,0.0,0.0,89.03795299060054,1260.0,127.71989483030566,2731.714090428285,127.71989483030566,145.16962001193988,-17.44972518163422,True,False,incumbent_not_worse,7,19,0,0,23,8,0.34782608695652173,165.32535111184947,1138.0,False,,,True,6,0
pso,adaptive,21,1260.0,21.0,4,disrupted,disrupted,13 24 25 68,2681,2.857142857142857,0.35,0.0,30.51204894886194,18.35,36,2,34,6.877622086909225,3.4388110434546126,95.91557507750977,60.0,1320.0,0.0,0.0,0.0,1878.5823460001266,0.0,0.0,95.91557507750977,1320.0,122.57385304709763,2671.6763617742768,,,,False,False,not_attempted,0,0,0,0,41,5,0.12195121951219512,164.6919204159979,1308.0,False,,,False,6,0
pso,adaptive,22,1320.0,22.0,4,disrupted,disrupted,13 24 25 68,2681,2.857142857142857,0.35,0.0,30.51204894886194,18.366666666666667,34,0,34,2.5339997784162307,2.5339997784162307,98.449574855926,60.0,1380.0,0.0,0.0,0.0,1878.5823460001266,0.0,0.0,98.449574855926,1380.0,115.77501320545908,2606.572028245412,,,,False,False,not_attempted,0,0,0,0,30,0,0.0,164.59858708266458,1308.0,False,,,False,6,0
pso,adaptive,23,1380.0,23.0,4,disrupted,disrupted,13 24 25 68,2681,2.857142857142857,0.35,0.0,30.51204894886194,18.383333333333333,34,2,32,3.6754919826248655,1.8377459913124328,102.12506683855086,60.0,1440.0,0.0,0.0,0.0,1878.5823460001266,0.0,0.0,102.12506683855086,1440.0,113.85554457991843,2548.6092429985647,,,,False,False,not_attempted,0,0,0,0,26,6,0.23076923076923078,162.5674111071341,1308.0,False,,,False,6,0
pso,adaptive,24,1440.0,24.0,4,disrupted,disrupted,13 24 25 68,2681,2.857142857142857,0.35,0.0,30.51204894886194,18.4,32,3,29,4.77052025851538,1.5901734195051267,106.89558709706624,60.0,1500.0,0.0,0.0,0.0,1878.5823460001266,0.0,0.0,106.89558709706624,1500.0,109.84864468266379,2484.642647603694,,,,False,False,not_attempted,0,0,0,0,29,4,0.13793103448275862,160.58874694037968,1456.0,False,,,False,6,0
pso,adaptive,25,1500.0,25.0,5,disrupted,disrupted,13 24 25 68,2681,2.857142857142857,0.35,0.0,30.51204894886194,18.416666666666668,29,0,29,6.146315404200427,6.146315404200427,113.04190250126666,60.0,1560.0,5.7999975979328156e-05,91.3213884999277,91.32144649990369,1969.9037925000302,0.0,0.0,113.04190250126666,1560.0,102.71063161297361,2427.975556034922,104.5905420660483,102.71063161297361,1.879910453074686,True,True,lower_residual_energy,3,4,3,4,37,5,0.13513513513513514,158.5345210556471,1456.0,False,,,True,7,0
pso,adaptive,26,1560.0,26.0,5,disrupted,disrupted,13 24 25 68,2681,2.857142857142857,0.35,0.0,30.51204894886194,18.433333333333334,29,3,26,11.334968209972118,3.7783227366573726,124.37687071123878,60.0,1620.0,0.0,0.0,0.0,1969.9037925000302,0.0,0.0,124.37687071123878,1620.0,96.63328484860676,2354.052722279767,,,,False,False,not_attempted,0,0,0,0,22,12,0.5454545454545454,151.24754446786653,1506.0,False,,,False,6,0
pso,adaptive,27,1620.0,27.0,5,disrupted,disrupted,13 24 25 68,2681,2.857142857142857,0.35,0.0,30.51204894886194,18.45,26,1,25,5.718624531401919,5.718624531401919,130.0954952426407,60.0,1680.0,0.0,0.0,0.0,1969.9037925000302,0.0,0.0,130.0954952426407,1680.0,85.8115003874078,2279.9001067039044,,,,False,False,not_attempted,0,0,0,0,47,12,0.2553191489361702,151.1542111345332,1506.0,False,,,False,6,0
pso,adaptive,28,1680.0,28.0,5,disrupted,disrupted,13 24 25 68,2681,2.857142857142857,0.35,0.0,30.51204894886194,18.466666666666665,25,3,22,6.8320023799820735,2.277334126660691,136.92749762262278,60.0,1740.0,0.0,0.0,0.0,1969.9037925000302,0.0,0.0,136.92749762262278,1740.0,80.06420913411326,2241.522514894284,,,,False,False,not_attempted,0,0,0,0,20,11,0.55,150.5885216867237,1506.0,False,,,False,6,0
pso,adaptive,29,1740.0,29.0,5,disrupted,disrupted,13 24 25 68,2681,2.857142857142857,0.35,0.0,30.51204894886194,18.483333333333334,22,0,22,5.0908649099869105,5.0908649099869105,142.0183625326097,60.0,1800.0,0.0,0.0,0.0,1969.9037925000302,0.0,0.0,142.0183625326097,1800.0,72.68242983423717,2180.690819134115,,,,False,False,not_attempted,0,0,0,0,6,6,1.0,147.31807773587428,1506.0,False,,,False,5,0
pso,adaptive,30,1800.0,30.0,6,recovering,recovering,13 24 25 68,2681,2.857142857142857,0.35,0.0,30.51204894886194,18.5,22,3,19,5.6896432590258765,1.8965477530086254,147.70800579163557,60.0,1860.0,6.699992809444666e-05,55.31193289998919,55.31199989991728,2025.2157923999475,0.0,0.0,147.70800579163557,1860.0,67.66586727338304,2060.690819134115,67.66586727338304,72.58377279086461,-4.917905517481572,True,False,incumbent_not_worse,2,6,0,0,21,4,0.19047619047619047,145.8532000267808,1522.0,False,,,True,5,0
pso,adaptive,31,1860.0,31.0,6,recovering,recovering,13 24 25 68,2681,2.6595744680851063,0.376,0.04,30.91589731653039,18.516666666666666,19,1,18,5.391855326233076,5.391855326233076,153.09986111786864,60.0,1920.0,0.0,0.0,0.0,2025.2157923999475,0.0,0.0,153.09986111786864,1920.0,60.82771370117448,2042.036308792608,,,,False,False,not_attempted,0,0,0,0,27,8,0.2962962962962963,145.75986669344746,1522.0,False,,,False,4,0
pso,adaptive,32,1920.0,32.0,6,recovering,recovering,13 24 25 68,2681,2.4875621890547266,0.40199999999999997,0.08,31.276313688751998,18.533333333333335,18,1,17,2.334620273419586,2.334620273419586,155.43448139128822,60.0,1980.0,0.0,0.0,0.0,2025.2157923999475,0.0,0.0,155.43448139128822,1980.0,53.91394152001164,1959.853356016059,,,,False,False,not_attempted,0,0,0,0,15,5,0.3333333333333333,145.7010490720855,1522.0,False,,,False,4,0
pso,adaptive,33,1980.0,33.0,6,recovering,recovering,13 24 25 68,2681,2.336448598130841,0.428,0.12,31.59994690075087,18.55,17,2,15,3.9874536423010305,1.9937268211505152,159.42193503358925,60.0,2040.0,0.0,0.0,0.0,2025.2157923999475,0.0,0.0,159.42193503358925,2040.0,50.96588234849631,1903.043955860635,,,,False,False,not_attempted,0,0,0,0,18,2,0.1111111111111111,145.7010490720855,1617.0,False,,,False,4,0
pso,adaptive,34,2040.0,34.0,6,recovering,recovering,13 24 25 68,2681,2.2026431718061676,0.45399999999999996,0.16,31.89215455207436,18.566666666666666,15,0,15,4.036434265560445,4.036434265560445,163.4583692991497,60.0,2100.0,0.0,0.0,0.0,2025.2157923999475,0.0,0.0,163.4583692991497,2100.0,45.05184785637848,1790.9179003492427,,,,False,False,not_attempted,0,0,0,0,3,3,1.0,145.7010490720855,1617.0,False,,,False,3,0
pso,adaptive,35,2100.0,35.0,7,recovering,recovering,13 24 25 68,2681,2.0833333333333335,0.48,0.2,32.157301947836125,18.583333333333332,15,2,13,0.5637150732563865,0.28185753662819324,164.02208437240608,60.0,2160.0,10.90104839997366,0.8595325999194756,11.760580999893136,2036.9763733998407,0.0,0.0,164.02208437240608,2160.0,41.89424965335305,1662.1585429050838,41.89424965335305,41.956003467681754,-0.06175381432870353,True,False,incumbent_not_worse,1,0,0,0,1,0,0.0,145.7010490720855,1626.0,False,,,True,2,0
pso,adaptive,36,2160.0,36.0,7,recovering,recovering,13 24 25 68,2681,1.976284584980237,0.506,0.24,32.398981663836956,18.6,13,2,11,0.6196997116511795,0.30984985582558977,164.64178408405726,60.0,2220.0,0.0,0.0,0.0,2036.9763733998407,0.0,0.0,164.64178408405726,2220.0,40.57171015379939,1670.9179003492427,,,,False,False,not_attempted,0,0,0,0,2,0,0.0,145.7010490720855,1678.0,False,,,False,2,0
pso,adaptive,37,2220.0,37.0,7,recovering,recovering,13 24 25 68,2681,1.8796992481203008,0.532,0.28,32.62017728250752,18.616666666666667,11,0,11,1.099200936261031,1.099200936261031,165.7409850203183,60.0,2280.0,0.0,0.0,0.0,2036.9763733998407,0.0,0.0,165.7409850203183,2280.0,39.452960750445456,1659.7021840720254,,,,False,False,not_attempted,0,0,0,0,16,0,0.0,145.7010490720855,1678.0,False,,,False,2,0
pso,adaptive,38,2280.0,38.0,7,recovering,recovering,13 24 25 68,2681,1.7921146953405016,0.558,0.32,32.82338718808226,18.633333333333333,11,1,10,0.33314194007476106,0.33314194007476106,166.07412696039307,60.0,2340.0,0.0,0.0,0.0,2036.9763733998407,0.0,0.0,166.07412696039307,2340.0,38.60033973297315,1509.9573212345604,,,,False,False,not_attempted,0,0,0,0,3,0,0.0,145.7010490720855,1716.0,False,,,False,2,0
pso,adaptive,39,2340.0,39.0,7,recovering,recovering,13 24 25 68,2681,1.7123287671232879,0.584,0.36,33.010719343667866,18.65,10,1,9,0.803909968847003,0.803909968847003,166.87803692924007,60.0,2400.0,0.0,0.0,0.0,2036.9763733998407,0.0,0.0,166.87803692924007,2400.0,37.42149207400781,1518.7166786787193,,,,False,False,not_attempted,0,0,0,0,8,0,0.0,145.7010490720855,1716.0,False,,,False,1,0
pso,adaptive,40,2400.0,40.0,8,recovering,recovering,13 24 25 68,2681,1.639344262295082,0.61,0.4,33.18396468746468,18.666666666666668,9,1,8,0.25846581988356393,0.25846581988356393,167.13650274912362,60.0,2460.0,10.950022699893452,1.2639918000204489,12.214014499913901,2049.1903878997546,0.0,0.0,167.13650274912362,2460.0,36.38477198248462,1483.8726030323319,36.384771982484615,36.38477198248462,-7.105427357601002e-15,True,False,incumbent_not_worse,0,0,0,0,1,0,0.0,145.7010490720855,1840.0,False,,,True,1,0
pso,adaptive,41,2460.0,41.0,8,recovering,recovering,13 24 25 68,2681,1.572327044025157,0.636,0.44,33.34465457144562,18.683333333333334,8,0,8,0.09333333333333332,0.09333333333333332,167.22983608245696,60.0,2520.0,0.0,0.0,0.0,2049.1903878997546,0.0,0.0,167.22983608245696,2520.0,35.83217978808816,1362.1292787654638,,,,False,False,not_attempted,0,0,0,0,0,0,0.0,145.7010490720855,1840.0,False,,,False,1,0
pso,adaptive,42,2520.0,42.0,8,recovering,recovering,13 24 25 68,2681,1.5105740181268883,0.6619999999999999,0.48,33.49410614862006,18.7,8,1,7,0.19009531689617112,0.19009531689617112,167.41993139935312,60.0,2580.0,0.0,0.0,0.0,2049.1903878997546,0.0,0.0,167.41993139935312,2580.0,35.55255918352158,1362.1292787654638,,,,False,False,not_attempted,0,0,0,0,18,0,0.0,145.7010490720855,1840.0,False,,,False,1,0
pso,adaptive,43,2580.0,43.0,8,recovering,recovering,13 24 25 68,2681,1.4534883720930234,0.688,0.52,33.63345855918624,18.716666666666665,7,0,7,0.09333333333333332,0.09333333333333332,167.51326473268645,60.0,2640.0,0.0,0.0,0.0,2049.1903878997546,0.0,0.0,167.51326473268645,2640.0,35.37639030406067,1182.5453471284723,,,,False,False,not_attempted,0,0,0,0,0,0,0.0,145.7010490720855,1840.0,False,,,False,1,0
pso,adaptive,44,2640.0,44.0,8,recovering,recovering,13 24 25 68,2681,1.400560224089636,0.714,0.56,33.76370202062083,18.733333333333334,7,1,6,0.18087512572936487,0.18087512572936487,167.6941398584158,60.0,2700.0,0.0,0.0,0.0,2049.1903878997546,0.0,0.0,167.6941398584158,2700.0,34.692185710950156,1191.3047045726312,,,,False,False,not_attempted,0,0,0,0,3,0,0.0,145.7010490720855,1840.0,False,,,False,1,0
pso,adaptive,45,2700.0,45.0,9,recovering,recovering,13 24 25 68,2681,1.3513513513513513,0.74,0.6,33.885701393776806,18.75,6,0,6,0.23787822145486856,0.23787822145486856,167.9320180798707,60.0,2760.0,10.974564999924041,0.5321747999405488,11.50673979986459,2060.697127699619,0.0,0.0,167.9320180798707,2760.0,34.35255916244114,1184.6632584176587,34.35255916244114,34.35255916244114,0.0,True,False,incumbent_not_worse,0,0,0,0,3,0,0.0,145.7010490720855,1840.0,False,,,True,1,0
pso,adaptive,46,2760.0,46.0,9,recovering,recovering,13 24 25 68,2681,1.3054830287206267,0.766,0.64,34.00021541123871,18.766666666666666,6,0,6,0.09333333333333332,0.09333333333333332,168.02535141320402,60.0,2820.0,0.0,0.0,0.0,2060.697127699619,0.0,0.0,168.02535141320402,2820.0,34.121347489878936,1041.9859997510994,,,,False,False,not_attempted,0,0,0,0,0,0,0.0,145.7010490720855,1840.0,False,,,False,1,0
pso,adaptive,47,2820.0,47.0,9,recovering,recovering,13 24 25 68,2681,1.2626262626262625,0.792,0.68,34.10791247171747,18.783333333333335,6,1,5,0.4512047689961084,0.4512047689961084,168.47655618220014,60.0,2880.0,0.0,0.0,0.0,2060.697127699619,0.0,0.0,168.47655618220014,2880.0,33.275035034328134,1050.7453571952587,,,,False,False,not_attempted,0,0,0,0,8,0,0.0,145.7010490720855,1840.0,False,,,False,1,0
pso,adaptive,48,2880.0,48.0,9,recovering,recovering,13 24 25 68,2681,1.2224938875305624,0.818,0.72,34.209383695280565,18.8,5,0,5,0.09333333333333332,0.09333333333333332,168.56988951553348,60.0,2940.0,0.0,0.0,0.0,2060.697127699619,0.0,0.0,168.56988951553348,2940.0,32.76088795274049,897.6448028611759,,,,False,False,not_attempted,0,0,0,0,0,0,0.0,145.7010490720855,1840.0,False,,,False,1,0
pso,adaptive,49,2940.0,49.0,9,recovering,recovering,13 24 25 68,2681,1.1848341232227486,0.8440000000000001,0.76,34.30515377806556,18.816666666666666,5,1,4,0.3002037041366522,0.3002037041366522,168.87009321967014,60.0,3000.0,0.0,0.0,0.0,2060.697127699619,0.0,0.0,168.87009321967014,3000.0,31.964060588756958,906.404160305335,,,,False,False,not_attempted,0,0,0,0,6,0,0.0,145.7010490720855,1840.0,False,,,False,1,0
pso,adaptive,50,3000.0,50.0,10,recovering,recovering,13 24 25 68,2681,1.1494252873563218,0.87,0.8,34.39569006737746,18.833333333333332,4,0,4,0.6825579499671355,0.6825579499671355,169.55265116963727,60.0,3060.0,10.942728800000623,0.1941855000331998,11.136914300033823,2071.834041999653,0.0,0.0,169.55265116963727,3060.0,31.35799877823771,881.2916837471499,31.35799877823771,31.35799877823771,0.0,True,False,incumbent_not_worse,0,0,0,0,10,0,0.0,145.7010490720855,1840.0,False,,,True,1,0
pso,adaptive,51,3060.0,51.0,10,recovering,recovering,13 24 25 68,2681,1.1160714285714286,0.896,0.84,34.48141018850954,18.85,4,0,4,0.09333333333333332,0.09333333333333332,169.6459845029706,60.0,3120.0,0.0,0.0,0.0,2071.834041999653,0.0,0.0,169.6459845029706,3120.0,30.668038246934298,702.1318730405194,,,,False,False,not_attempted,0,0,0,0,0,0,0.0,145.7010490720855,1840.0,False,,,False,1,0
pso,adaptive,52,3120.0,52.0,10,recovering,recovering,13 24 25 68,2681,1.0845986984815619,0.922,0.88,34.56268848595016,18.866666666666667,4,1,3,0.22198355110548243,0.22198355110548243,169.8679680540761,60.0,3180.0,0.0,0.0,0.0,2071.834041999653,0.0,0.0,169.8679680540761,3180.0,29.93840672666284,710.8912304846785,,,,False,False,not_attempted,0,0,0,0,3,0,0.0,145.7010490720855,1840.0,False,,,False,1,0
pso,adaptive,53,3180.0,53.0,10,recovering,recovering,13 24 25 68,2681,1.0548523206751055,0.9480000000000001,0.92,34.63923648338869,18.883333333333333,3,0,3,0.6806312036537832,0.6806312036537832,170.54859925772988,60.0,3240.0,0.0,0.0,0.0,2071.834041999653,0.0,0.0,170.54859925772988,3240.0,29.498364745559794,702.5568973683141,,,,False,False,not_attempted,0,0,0,0,16,0,0.0,145.7010490720855,1840.0,False,,,False,1,0
pso,adaptive,54,3240.0,54.0,10,recovering,recovering,13 24 25 68,2681,1.026694045174538,0.974,0.96,34.71154397750864,18.9,3,0,3,0.5168290902644218,0.5168290902644218,171.0654283479943,60.0,3300.0,0.0,0.0,0.0,2071.834041999653,0.0,0.0,171.0654283479943,3300.0,28.566535827134793,642.5476696816914,,,,False,False,not_attempted,0,0,0,0,5,0,0.0,145.7010490720855,1840.0,False,,,False,1,0
pso,adaptive,55,3300.0,55.0,11,normal,recovered,13 24 25 68,0,1.0,1.0,1.0,34.78037077224997,18.916666666666668,3,0,3,0.09333333333333332,0.09333333333333332,171.15876168132763,60.0,3360.0,10.754079599981196,0.1881163000361994,10.942195900017396,2082.7762378996704,0.0,0.0,171.15876168132763,3360.0,28.13350986192855,492.1749478435405,28.13350986192855,28.13350986192855,0.0,True,False,incumbent_not_worse,0,0,0,0,0,0,0.0,145.7010490720855,1840.0,False,,,True,1,0
pso,adaptive,56,3360.0,56.0,11,normal,normal,13 24 25 68,0,1.0,1.0,1.0,34.78037077224997,18.933333333333334,3,1,2,0.5647727574518437,0.5647727574518437,171.72353443877947,60.0,3420.0,0.0,0.0,0.0,2082.7762378996704,0.0,0.0,171.72353443877947,3420.0,27.688550820146357,500.93430528769966,,,,False,False,not_attempted,0,0,0,0,3,0,0.0,145.7010490720855,1840.0,False,,,False,1,0
pso,adaptive,57,3420.0,57.0,11,normal,normal,13 24 25 68,0,1.0,1.0,1.0,34.78037077224997,18.95,2,0,2,0.09333333333333332,0.09333333333333332,171.8168677721128,60.0,3480.0,0.0,0.0,0.0,2082.7762378996704,0.0,0.0,171.8168677721128,3480.0,27.445761767595798,488.16774001705886,,,,False,False,not_attempted,0,0,0,0,0,0,0.0,145.7010490720855,1840.0,False,,,False,1,0
pso,adaptive,58,3480.0,58.0,11,normal,normal,13 24 25 68,0,1.0,1.0,1.0,34.78037077224997,18.966666666666665,2,1,1,0.3746088962870839,0.3746088962870839,172.19147666839987,60.0,3540.0,0.0,0.0,0.0,2082.7762378996704,0.0,0.0,172.19147666839987,3540.0,27.000802725813603,488.16774001705886,,,,False,False,not_attempted,0,0,0,0,7,0,0.0,145.7010490720855,1866.0,False,,,False,1,0
pso,adaptive,59,3540.0,59.0,11,normal,normal,13 24 25 68,0,1.0,1.0,1.0,34.78037077224997,18.983333333333334,1,0,1,0.41537199721543644,0.41537199721543644,172.6068486656153,60.0,3600.0,0.0,0.0,0.0,2082.7762378996704,0.0,0.0,172.6068486656153,3600.0,26.668365064592273,488.16774001705886,,,,False,False,not_attempted,0,0,0,0,4,0,0.0,145.7010490720855,1866.0,False,,,False,1,0
pso,adaptive,60,3600.0,60.0,12,normal,normal,13 24 25 68,0,1.0,1.0,1.0,37.52283759547087,19.0,1,0,1,0.09333333333333332,0.09333333333333332,172.70018199894864,60.0,3660.0,0.0,0.0,0.0,2082.7762378996704,0.0,0.0,172.70018199894864,3660.0,21.227995870907126,416.4270139322331,,,,False,False,not_attempted,0,0,0,0,0,0,0.0,145.7010490720855,1866.0,False,,,False,0,0
pso,adaptive,61,3660.0,61.0,12,normal,normal,13 24 25 68,0,1.0,1.0,1.0,37.52283759547087,19.016666666666666,1,1,0,21.270198547419792,21.270198547419792,193.97038054636843,427.84927761601904,4087.8492776160188,0.0,0.0,0.0,2082.7762378996704,0.0,0.0,193.97038054636843,4087.8492776160188,21.227995870907126,416.4270139322331,,,,False,False,not_attempted,0,0,0,0,488,0,0.0,142.24845821309978,1984.0,True,,,False,0,0
pso,static_live,0,0.0,0.0,0,normal,initial,13 24 25 68,0,1.0,1.0,0.0,34.78037077224997,18.0,84,0,84,17.41716950529079,17.41716950529079,17.41716950529079,60.0,60.0,9.01954150001984,12.315022700000554,21.334564200020395,21.334564200020395,0.0,0.0,17.41716950529079,60.0,151.37406968292143,2569.719418511708,,,,False,False,initial_plan,0,0,0,0,96,0,0.0,177.86965881732976,0.0,False,,,True,10,10
pso,static_live,1,60.0,1.0,0,normal,normal,13 24 25 68,0,1.0,1.0,0.0,34.78037077224997,18.016666666666666,84,0,84,2.9117287974767976,2.9117287974767976,20.328898302767588,60.0,120.0,0.0,0.0,0.0,21.334564200020395,0.0,0.0,20.328898302767588,120.0,133.1191070568551,2507.5518550268002,,,,False,False,not_attempted,0,0,0,0,47,0,0.0,177.4588955213837,0.0,False,,,False,10,10
pso,static_live,2,120.0,2.0,0,normal,normal,13 24 25 68,0,1.0,1.0,0.0,34.78037077224997,18.033333333333335,84,5,79,4.945953376604522,0.9891906753209044,25.27485167937211,60.0,180.0,0.0,0.0,0.0,21.334564200020395,0.0,0.0,25.27485167937211,180.0,129.7508783653988,2355.035662758609,,,,False,False,not_attempted,0,0,0,0,48,0,0.0,176.84027550943307,239.0,False,,,False,9,5
pso,static_live,3,180.0,3.0,0,normal,normal,13 24 25 68,0,1.0,1.0,0.0,34.78037077224997,18.05,79,3,76,5.2858708059973845,1.7619569353324616,30.560722485369492,60.0,240.0,0.0,0.0,0.0,21.334564200020395,0.0,0.0,30.560722485369492,240.0,125.54196401841551,2355.035662758609,,,,False,False,not_attempted,0,0,0,0,84,0,0.0,176.08417388140913,239.0,False,,,False,9,2
pso,static_live,4,240.0,4.0,0,normal,normal,13 24 25 68,0,1.0,1.0,0.0,34.78037077224997,18.066666666666666,76,0,76,4.768439058186637,4.768439058186637,35.329161543556125,60.0,300.0,0.0,0.0,0.0,21.334564200020395,0.0,0.0,35.329161543556125,300.0,119.70961591445298,2307.5810249028364,,,,False,False,not_attempted,0,0,0,0,69,0,0.0,174.23595111138894,239.0,False,,,False,9,2
pso,static_live,5,300.0,5.0,1,normal,normal,13 24 25 68,0,1.0,1.0,0.0,34.78037077224997,18.083333333333332,76,2,74,2.033059245297843,1.0165296226489215,37.36222078885397,60.0,360.0,0.0,0.0,0.0,21.334564200020395,0.0,0.0,37.36222078885397,360.0,115.25900310952544,2179.6312187929043,,,,False,False,not_attempted,0,0,0,0,67,0,0.0,174.1426177780556,324.0,False,,,False,9,2
pso,static_live,6,360.0,6.0,1,normal,normal,13 24 25 68,0,1.0,1.0,0.0,34.78037077224997,18.1,74,4,70,2.8956701116039376,0.7239175279009844,40.25789090045791,60.0,420.0,0.0,0.0,0.0,21.334564200020395,0.0,0.0,40.25789090045791,420.0,113.42229091822706,2179.6312187929043,,,,False,False,not_attempted,0,0,0,0,34,0,0.0,173.80269504982573,430.0,False,,,False,9,1
pso,static_live,7,420.0,7.0,1,normal,normal,13 24 25 68,0,1.0,1.0,0.0,34.78037077224997,18.116666666666667,70,2,68,4.8735631587271255,2.4367815793635628,45.13145405918503,60.0,480.0,0.0,0.0,0.0,21.334564200020395,0.0,0.0,45.13145405918503,480.0,110.51467952032222,2149.403453117163,,,,False,False,not_attempted,0,0,0,0,51,0,0.0,171.7315048732715,430.0,False,,,False,9,0
pso,static_live,8,480.0,8.0,1,normal,normal,13 24 25 68,0,1.0,1.0,0.0,34.78037077224997,18.133333333333333,68,2,66,3.744268046077959,1.8721340230389796,48.875722105262994,60.0,540.0,0.0,0.0,0.0,21.334564200020395,0.0,0.0,48.875722105262994,540.0,105.54802741137986,2029.403453117163,,,,False,False,not_attempted,0,0,0,0,78,0,0.0,171.63817153993816,451.0,False,,,False,8,0
pso,static_live,9,540.0,9.0,1,normal,normal,13 24 25 68,0,1.0,1.0,0.0,34.78037077224997,18.15,66,4,62,2.7954245755306446,0.6988561438826612,51.67114668079364,60.0,600.0,0.0,0.0,0.0,21.334564200020395,0.0,0.0,51.67114668079364,600.0,101.79424707515842,2029.403453117163,,,,False,False,not_attempted,0,0,0,0,21,0,0.0,171.54640459197284,647.0,False,,,False,8,0
pso,static_live,10,600.0,10.0,2,degrading,degrading,13 24 25 68,0,1.0,1.0,0.0,34.78037077224997,18.166666666666668,62,3,59,3.8765201157009246,1.2921733719003081,55.54766679649457,60.0,660.0,0.0,0.0,0.0,21.334564200020395,0.0,0.0,55.54766679649457,660.0,99.26036237241371,1901.7228863742832,,,,False,False,not_attempted,0,0,0,0,34,0,0.0,169.9139712245009,659.0,False,,,False,8,0
pso,static_live,11,660.0,11.0,2,degrading,degrading,13 24 25 68,2681,1.06951871657754,0.935,0.0,34.60155362914376,18.183333333333334,59,2,57,3.7768810442449796,1.8884405221224898,59.32454784073955,60.0,720.0,0.0,0.0,0.0,21.334564200020395,0.0,0.0,59.32454784073955,720.0,98.99081643127832,1901.7228863742832,,,,False,False,not_attempted,0,0,0,0,48,0,0.0,168.57396062756465,659.0,False,,,False,8,0
pso,static_live,12,720.0,12.0,2,degrading,degrading,13 24 25 68,2681,1.1494252873563218,0.87,0.0,34.39569006737746,18.2,57,2,55,1.3732022282893093,0.6866011141446546,60.69775006902886,60.0,780.0,0.0,0.0,0.0,21.334564200020395,0.0,0.0,60.69775006902886,780.0,98.76261176371074,1735.6418566659377,,,,False,False,not_attempted,0,0,0,0,23,0,0.0,168.36247255001456,751.0,False,,,False,8,0
pso,static_live,13,780.0,13.0,2,degrading,degrading,13 24 25 68,2681,1.2422360248447206,0.8049999999999999,0.0,34.15939207694038,18.216666666666665,55,4,51,2.5327620520901686,0.6331905130225421,63.23051212111903,60.0,840.0,0.0,0.0,0.0,21.334564200020395,0.0,0.0,63.23051212111903,840.0,101.42445273712117,1904.981081360228,,,,False,False,not_attempted,0,0,0,0,30,0,0.0,168.26913921668122,751.0,False,,,False,8,0
pso,static_live,14,840.0,14.0,2,degrading,degrading,13 24 25 68,2681,1.3513513513513513,0.74,0.0,33.885701393776806,18.233333333333334,51,2,49,1.0170609053996504,0.5085304526998252,64.24757302651868,60.0,900.0,0.0,0.0,0.0,21.334564200020395,0.0,0.0,64.24757302651868,900.0,102.7251071915905,1795.366374423345,,,,False,False,not_attempted,0,0,0,0,18,0,0.0,168.1532899592327,832.0,False,,,False,8,0
pso,static_live,15,900.0,15.0,3,degrading,degrading,13 24 25 68,2681,1.4814814814814814,0.675,0.0,33.56497967065395,18.25,49,2,47,2.456246352021977,1.2281231760109885,66.70381937854066,60.0,960.0,0.0,0.0,0.0,21.334564200020395,0.0,0.0,66.70381937854066,960.0,106.43419629741523,1902.541679106655,,,,False,False,not_attempted,0,0,0,0,56,4,0.07142857142857142,168.05995662589936,853.0,False,,,False,8,0
pso,static_live,16,960.0,16.0,3,degrading,degrading,13 24 25 68,2681,1.639344262295082,0.61,0.0,33.18396468746468,18.266666666666666,47,3,44,4.142988446878952,1.3809961489596507,70.8468078254196,60.0,1020.0,0.0,0.0,0.0,21.334564200020395,0.0,0.0,70.8468078254196,1020.0,109.40450117130936,1902.984960437665,,,,False,False,not_attempted,0,0,0,0,60,4,0.06666666666666667,167.68069826789986,968.0,False,,,False,8,0
pso,static_live,17,1020.0,17.0,3,degrading,degrading,13 24 25 68,2681,1.8348623853211008,0.545,0.0,32.72389050058952,18.283333333333335,44,2,42,5.271566670966713,2.6357833354833566,76.11837449638631,60.0,1080.0,0.0,0.0,0.0,21.334564200020395,0.0,0.0,76.11837449638631,1080.0,111.67664581517556,1865.5023067918305,,,,False,False,not_attempted,0,0,0,0,48,10,0.20833333333333334,166.57436135565214,1048.0,False,,,False,8,0
pso,static_live,18,1080.0,18.0,3,degrading,degrading,13 24 25 68,2681,2.0833333333333335,0.48,0.0,32.157301947836125,18.3,42,2,40,4.023546395303807,2.0117731976519035,80.14192089169012,60.0,1140.0,0.0,0.0,0.0,21.334564200020395,0.0,0.0,80.14192089169012,1140.0,113.39506658400063,1744.0623055887331,,,,False,False,not_attempted,0,0,0,0,46,1,0.021739130434782608,166.29063097557577,1048.0,False,,,False,8,0
pso,static_live,19,1140.0,19.0,3,degrading,degrading,13 24 25 68,2681,2.409638554216868,0.4149999999999999,0.0,31.44236703830193,18.316666666666666,40,2,38,3.1220074339601007,1.5610037169800504,83.26392832565023,60.0,1200.0,0.0,0.0,0.0,21.334564200020395,0.0,0.0,83.26392832565023,1200.0,120.16881150878369,1793.4355760589838,,,,False,False,not_attempted,0,0,0,0,28,6,0.21428571428571427,166.01113188828202,1114.0,False,,,False,8,0
pso,static_live,20,1200.0,20.0,4,disrupted,holding,13 24 25 68,2681,2.857142857142857,0.35,0.0,30.51204894886194,18.333333333333332,38,1,37,4.7423659110519125,4.7423659110519125,88.00629423670213,60.0,1260.0,0.0,0.0,0.0,21.334564200020395,0.0,0.0,88.00629423670213,1260.0,129.0456739254992,1852.91802567797,,,,False,False,not_attempted,0,0,0,0,45,4,0.08888888888888889,165.68041296407,1136.0,False,,,False,8,0
pso,static_live,21,1260.0,21.0,4,disrupted,disrupted,13 24 25 68,2681,2.857142857142857,0.35,0.0,30.51204894886194,18.35,37,2,35,7.135538063423025,3.5677690317115127,95.14183230012516,60.0,1320.0,0.0,0.0,0.0,21.334564200020395,0.0,0.0,95.14183230012516,1320.0,125.38386208528404,1751.483739602821,,,,False,False,not_attempted,0,0,0,0,50,6,0.12,165.56285101887914,1308.0,False,,,False,8,0
pso,static_live,22,1320.0,22.0,4,disrupted,disrupted,13 24 25 68,2681,2.857142857142857,0.35,0.0,30.51204894886194,18.366666666666667,35,1,34,6.534609842343569,6.534609842343569,101.67644214246873,60.0,1380.0,0.0,0.0,0.0,21.334564200020395,0.0,0.0,101.67644214246873,1380.0,117.8951721416476,1734.1812911879497,,,,False,False,not_attempted,0,0,0,0,34,10,0.29411764705882354,165.21395354646071,1308.0,False,,,False,8,0
pso,static_live,23,1380.0,23.0,4,disrupted,disrupted,13 24 25 68,2681,2.857142857142857,0.35,0.0,30.51204894886194,18.383333333333333,34,1,33,3.100083558162998,3.100083558162998,104.77652570063172,60.0,1440.0,0.0,0.0,0.0,21.334564200020395,0.0,0.0,104.77652570063172,1440.0,111.46797895622898,1670.0292331221103,,,,False,False,not_attempted,0,0,0,0,17,3,0.17647058823529413,165.03951892882014,1308.0,False,,,False,8,0
pso,static_live,24,1440.0,24.0,4,disrupted,disrupted,13 24 25 68,2681,2.857142857142857,0.35,0.0,30.51204894886194,18.4,33,3,30,2.8749092163541716,0.9583030721180572,107.65143491698589,60.0,1500.0,0.0,0.0,0.0,21.334564200020395,0.0,0.0,107.65143491698589,1500.0,109.05572279606508,1533.279701831079,,,,False,False,not_attempted,0,0,0,0,19,1,0.05263157894736842,164.9461855954868,1456.0,False,,,False,8,0
pso,static_live,25,1500.0,25.0,5,disrupted,disrupted,13 24 25 68,2681,2.857142857142857,0.35,0.0,30.51204894886194,18.416666666666668,30,3,27,5.817914971249492,1.9393049904164974,113.46934988823539,60.0,1560.0,0.0,0.0,0.0,21.334564200020395,0.0,0.0,113.46934988823539,1560.0,105.93321241126898,1533.279701831079,,,,False,False,not_attempted,0,0,0,0,21,8,0.38095238095238093,163.47163355081037,1456.0,False,,,False,8,0
pso,static_live,26,1560.0,26.0,5,disrupted,disrupted,13 24 25 68,2681,2.857142857142857,0.35,0.0,30.51204894886194,18.433333333333334,27,2,25,5.932941936029083,2.9664709680145416,119.40229182426447,60.0,1620.0,0.0,0.0,0.0,21.334564200020395,0.0,0.0,119.40229182426447,1620.0,100.38749308836984,1488.7464087328667,,,,False,False,not_attempted,0,0,0,0,31,7,0.22580645161290322,161.5727224189714,1506.0,False,,,False,8,0
pso,static_live,27,1620.0,27.0,5,disrupted,disrupted,13 24 25 68,2681,2.857142857142857,0.35,0.0,30.51204894886194,18.45,25,0,25,2.82565092044604,2.82565092044604,122.2279427447105,60.0,1680.0,0.0,0.0,0.0,21.334564200020395,0.0,0.0,122.2279427447105,1680.0,93.57758201435225,1353.812502974074,,,,False,False,not_attempted,0,0,0,0,21,0,0.0,161.47938908563808,1506.0,False,,,False,8,0
pso,static_live,28,1680.0,28.0,5,disrupted,disrupted,13 24 25 68,2681,2.857142857142857,0.35,0.0,30.51204894886194,18.466666666666665,25,6,19,8.753923238246085,1.4589872063743474,130.98186598295658,60.0,1740.0,0.0,0.0,0.0,21.334564200020395,0.0,0.0,130.98186598295658,1740.0,91.99737054167406,1353.812502974074,,,,False,False,not_attempted,0,0,0,0,52,10,0.19230769230769232,159.9235499805944,1506.0,False,,,False,8,0
pso,static_live,29,1740.0,29.0,5,disrupted,disrupted,13 24 25 68,2681,2.857142857142857,0.35,0.0,30.51204894886194,18.483333333333334,19,0,19,6.531874260135513,6.531874260135513,137.5137402430921,60.0,1800.0,0.0,0.0,0.0,21.334564200020395,0.0,0.0,137.5137402430921,1800.0,81.73567543655953,1309.964889199764,,,,False,False,not_attempted,0,0,0,0,30,6,0.2,158.30184398861795,1506.0,False,,,False,8,0
pso,static_live,30,1800.0,30.0,6,recovering,recovering,13 24 25 68,2681,2.857142857142857,0.35,0.0,30.51204894886194,18.5,19,2,17,6.419557746907678,3.209778873453839,143.93329798999977,60.0,1860.0,0.0,0.0,0.0,21.334564200020395,0.0,0.0,143.93329798999977,1860.0,75.3570592742337,1146.3856036915436,,,,False,False,not_attempted,0,0,0,0,14,6,0.42857142857142855,155.93810737976392,1558.0,False,,,False,6,0
pso,static_live,31,1860.0,31.0,6,recovering,recovering,13 24 25 68,2681,2.6595744680851063,0.376,0.04,30.91589731653039,18.516666666666666,17,4,13,4.897750251882622,1.2244375629706554,148.8310482418824,60.0,1920.0,0.0,0.0,0.0,21.334564200020395,0.0,0.0,148.8310482418824,1920.0,66.81505830299788,1138.2607348620872,,,,False,False,not_attempted,0,0,0,0,10,3,0.3,154.60565461342784,1577.0,False,,,False,6,0
pso,static_live,32,1920.0,32.0,6,recovering,recovering,13 24 25 68,2681,2.4875621890547266,0.40199999999999997,0.08,31.276313688751998,18.533333333333335,13,1,12,9.424011257393472,9.424011257393472,158.25505949927586,60.0,1980.0,0.0,0.0,0.0,21.334564200020395,0.0,0.0,158.25505949927586,1980.0,59.41474979039775,1115.4142640822706,,,,False,False,not_attempted,0,0,0,0,36,8,0.2222222222222222,149.40379951289134,1807.0,False,,,False,6,0
pso,static_live,33,1980.0,33.0,6,recovering,recovering,13 24 25 68,2681,2.336448598130841,0.428,0.12,31.59994690075087,18.55,12,2,10,3.4376400510779854,1.7188200255389927,161.69269955035384,60.0,2040.0,0.0,0.0,0.0,21.334564200020395,0.0,0.0,161.69269955035384,2040.0,49.93832514186279,1034.5572603726405,,,,False,False,not_attempted,0,0,0,0,20,3,0.15,149.310466179558,1807.0,False,,,False,6,0
pso,static_live,34,2040.0,34.0,6,recovering,recovering,13 24 25 68,2681,2.2026431718061676,0.45399999999999996,0.16,31.89215455207436,18.566666666666666,10,1,9,7.188592554647865,7.188592554647865,168.8812921050017,60.0,2100.0,0.0,0.0,0.0,21.334564200020395,0.0,0.0,168.8812921050017,2100.0,45.54749768130999,910.7983165741258,,,,False,False,not_attempted,0,0,0,0,33,9,0.2727272727272727,146.85387882125352,1807.0,False,,,False,5,0
pso,static_live,35,2100.0,35.0,7,recovering,recovering,13 24 25 68,2681,2.0833333333333335,0.48,0.2,32.157301947836125,18.583333333333332,9,2,7,3.1166041541886425,1.5583020770943212,171.99789625919036,60.0,2160.0,0.0,0.0,0.0,21.334564200020395,0.0,0.0,171.99789625919036,2160.0,37.43320865025588,908.3747527527468,,,,False,False,not_attempted,0,0,0,0,18,5,0.2777777777777778,145.52716065796068,1807.0,False,,,False,4,0
pso,static_live,36,2160.0,36.0,7,recovering,recovering,13 24 25 68,2681,1.976284584980237,0.506,0.24,32.398981663836956,18.6,7,1,6,1.4619143786253732,1.4619143786253732,173.45981063781574,60.0,2220.0,0.0,0.0,0.0,21.334564200020395,0.0,0.0,173.45981063781574,2220.0,34.5331672451861,866.0911768536979,,,,False,False,not_attempted,0,0,0,0,20,2,0.1,145.43382732462734,1807.0,False,,,False,2,0
pso,static_live,37,2220.0,37.0,7,recovering,recovering,13 24 25 68,2681,1.8796992481203008,0.532,0.28,32.62017728250752,18.616666666666667,6,2,4,1.1309444576997247,0.5654722288498624,174.59075509551545,60.0,2280.0,0.0,0.0,0.0,21.334564200020395,0.0,0.0,174.59075509551545,2280.0,33.18123880804567,809.8017182614292,,,,False,False,not_attempted,0,0,0,0,21,0,0.0,145.3712255773814,1996.0,False,,,False,2,0
pso,static_live,38,2280.0,38.0,7,recovering,recovering,13 24 25 68,2681,1.7921146953405016,0.558,0.32,32.82338718808226,18.633333333333333,4,0,4,0.8983098851886657,0.8983098851886657,175.48906498070411,60.0,2340.0,0.0,0.0,0.0,21.334564200020395,0.0,0.0,175.48906498070411,2340.0,31.814951036395883,659.7135544766599,,,,False,False,not_attempted,0,0,0,0,16,0,0.0,145.3712255773814,1996.0,False,,,False,2,0
pso,static_live,39,2340.0,39.0,7,recovering,recovering,13 24 25 68,2681,1.7123287671232879,0.584,0.36,33.010719343667866,18.65,4,1,3,0.4152437202696632,0.4152437202696632,175.9043087009738,60.0,2400.0,0.0,0.0,0.0,21.334564200020395,0.0,0.0,175.9043087009738,2400.0,30.709639224404626,659.7135544766599,,,,False,False,not_attempted,0,0,0,0,9,0,0.0,145.3712255773814,1996.0,False,,,False,2,0
pso,static_live,40,2400.0,40.0,8,recovering,recovering,13 24 25 68,2681,1.639344262295082,0.61,0.4,33.18396468746468,18.666666666666668,3,1,2,1.0249962504208578,1.0249962504208578,176.92930495139464,60.0,2460.0,0.0,0.0,0.0,21.334564200020395,0.0,0.0,176.92930495139464,2460.0,30.0918340651733,513.1371088119805,,,,False,False,not_attempted,0,0,0,0,11,0,0.0,145.3712255773814,1996.0,False,,,False,1,0
pso,static_live,41,2460.0,41.0,8,recovering,recovering,13 24 25 68,2681,1.572327044025157,0.636,0.44,33.34465457144562,18.683333333333334,2,1,1,0.18189101335646699,0.18189101335646699,177.11119596475112,60.0,2520.0,0.0,0.0,0.0,21.334564200020395,0.0,0.0,177.11119596475112,2520.0,28.87745379526993,513.1371088119805,,,,False,False,not_attempted,0,0,0,0,0,0,0.0,145.3712255773814,1996.0,False,,,False,0,0
pso,static_live,42,2520.0,42.0,8,recovering,recovering,13 24 25 68,2681,1.5105740181268883,0.6619999999999999,0.48,33.49410614862006,18.7,1,1,0,28.70289223714585,28.70289223714585,205.81408820189696,566.8206593530299,3086.82065935303,0.0,0.0,0.0,21.334564200020395,0.0,0.0,205.81408820189696,3086.82065935303,28.74066198342322,513.1371088119805,,,,False,False,not_attempted,0,0,0,0,339,7,0.02064896755162242,140.7670660781102,1996.0,True,,,False,0,0
pso,static_frozen,0,0.0,0.0,0,normal,initial,13 24 25 68,0,1.0,1.0,0.0,34.78037077224997,18.0,84,0,84,17.41716950529079,17.41716950529079,17.41716950529079,60.0,60.0,9.01954150001984,12.315022700000554,21.334564200020395,21.334564200020395,0.0,0.0,17.41716950529079,60.0,151.37406968292143,2569.719418511708,,,,False,False,initial_plan,0,0,0,0,96,0,0.0,177.86965881732976,0.0,False,,,True,10,10
pso,static_frozen,1,60.0,1.0,0,normal,normal,13 24 25 68,0,1.0,1.0,0.0,34.78037077224997,18.016666666666666,84,0,84,2.9117287974767976,2.9117287974767976,20.328898302767588,60.0,120.0,0.0,0.0,0.0,21.334564200020395,0.0,0.0,20.328898302767588,120.0,133.1191070568551,2507.5518550268002,,,,False,False,not_attempted,0,0,0,0,47,0,0.0,177.4588955213837,0.0,False,,,False,10,10
pso,static_frozen,2,120.0,2.0,0,normal,normal,13 24 25 68,0,1.0,1.0,0.0,34.78037077224997,18.033333333333335,84,5,79,4.945953376604522,0.9891906753209044,25.27485167937211,60.0,180.0,0.0,0.0,0.0,21.334564200020395,0.0,0.0,25.27485167937211,180.0,129.7508783653988,2355.035662758609,,,,False,False,not_attempted,0,0,0,0,48,0,0.0,176.84027550943307,239.0,False,,,False,9,5
pso,static_frozen,3,180.0,3.0,0,normal,normal,13 24 25 68,0,1.0,1.0,0.0,34.78037077224997,18.05,79,3,76,5.2858708059973845,1.7619569353324616,30.560722485369492,60.0,240.0,0.0,0.0,0.0,21.334564200020395,0.0,0.0,30.560722485369492,240.0,125.54196401841551,2355.035662758609,,,,False,False,not_attempted,0,0,0,0,84,0,0.0,176.08417388140913,239.0,False,,,False,9,2
pso,static_frozen,4,240.0,4.0,0,normal,normal,13 24 25 68,0,1.0,1.0,0.0,34.78037077224997,18.066666666666666,76,0,76,4.768439454899793,4.768439454899793,35.32916194026929,60.0,300.0,0.0,0.0,0.0,21.334564200020395,0.0,0.0,35.32916194026929,300.0,119.70961591445298,2307.5810249028364,,,,False,False,not_attempted,0,0,0,0,69,0,0.0,174.23595111138894,239.0,False,,,False,9,2
pso,static_frozen,5,300.0,5.0,1,normal,normal,13 24 25 68,0,1.0,1.0,0.0,34.78037077224997,18.083333333333332,76,2,74,2.0331806617991015,1.0165903308995508,37.36234260206839,60.0,360.0,0.0,0.0,0.0,21.334564200020395,0.0,0.0,37.36234260206839,360.0,115.25900310952544,2179.6312187929043,,,,False,False,not_attempted,0,0,0,0,67,0,0.0,174.1426177780556,324.0,False,,,False,9,2
pso,static_frozen,6,360.0,6.0,1,normal,normal,13 24 25 68,0,1.0,1.0,0.0,34.78037077224997,18.1,74,4,70,2.8956701116039376,0.7239175279009844,40.25801271367233,60.0,420.0,0.0,0.0,0.0,21.334564200020395,0.0,0.0,40.25801271367233,420.0,113.42229091822706,2179.6312187929043,,,,False,False,not_attempted,0,0,0,0,34,0,0.0,173.80269504982573,430.0,False,,,False,9,1
pso,static_frozen,7,420.0,7.0,1,normal,normal,13 24 25 68,0,1.0,1.0,0.0,34.78037077224997,18.116666666666667,70,2,68,4.874305214044376,2.437152607022188,45.132317927716706,60.0,480.0,0.0,0.0,0.0,21.334564200020395,0.0,0.0,45.132317927716706,480.0,110.51467952032222,2149.403453117163,,,,False,False,not_attempted,0,0,0,0,51,0,0.0,171.7315048732715,430.0,False,,,False,9,0
pso,static_frozen,8,480.0,8.0,1,normal,normal,13 24 25 68,0,1.0,1.0,0.0,34.78037077224997,18.133333333333333,68,2,66,3.7435141569850514,1.8717570784925257,48.875832084701756,60.0,540.0,0.0,0.0,0.0,21.334564200020395,0.0,0.0,48.875832084701756,540.0,105.54802741137986,2029.403453117163,,,,False,False,not_attempted,0,0,0,0,78,0,0.0,171.63817153993816,451.0,False,,,False,8,0
pso,static_frozen,9,540.0,9.0,1,normal,normal,13 24 25 68,0,1.0,1.0,0.0,34.78037077224997,18.15,66,4,62,2.7954364093063027,0.6988591023265757,51.67126849400806,60.0,600.0,0.0,0.0,0.0,21.334564200020395,0.0,0.0,51.67126849400806,600.0,101.79424707515842,2029.403453117163,,,,False,False,not_attempted,0,0,0,0,21,0,0.0,171.54640459197284,647.0,False,,,False,8,0
pso,static_frozen,10,600.0,10.0,2,degrading,degrading,13 24 25 68,0,1.0,1.0,0.0,34.78037077224997,18.166666666666668,62,3,59,3.8765201157009246,1.2921733719003081,55.54778860970899,60.0,660.0,0.0,0.0,0.0,21.334564200020395,0.0,0.0,55.54778860970899,660.0,99.26036237241371,1901.7228863742832,,,,False,False,not_attempted,0,0,0,0,34,0,0.0,169.9139712245009,659.0,False,,,False,8,0
pso,static_frozen,11,660.0,11.0,2,degrading,degrading,13 24 25 68,2681,1.06951871657754,0.935,0.0,34.60155362914376,18.183333333333334,59,2,57,3.7768810442449796,1.8884405221224898,59.32466965395397,60.0,720.0,0.0,0.0,0.0,21.334564200020395,0.0,0.0,59.32466965395397,720.0,98.99081643127832,1901.7228863742832,,,,False,False,not_attempted,0,0,0,0,48,0,0.0,168.57396062756465,659.0,False,,,False,8,0
pso,static_frozen,12,720.0,12.0,2,degrading,degrading,13 24 25 68,2681,1.1494252873563218,0.87,0.0,34.39569006737746,18.2,57,2,55,1.3732022282893093,0.6866011141446546,60.69787188224328,60.0,780.0,0.0,0.0,0.0,21.334564200020395,0.0,0.0,60.69787188224328,780.0,98.76261176371074,1735.6418566659377,,,,False,False,not_attempted,0,0,0,0,23,0,0.0,168.36247255001456,751.0,False,,,False,8,0
pso,static_frozen,13,780.0,13.0,2,degrading,degrading,13 24 25 68,2681,1.2422360248447206,0.8049999999999999,0.0,34.15939207694038,18.216666666666665,55,4,51,2.5327620520901686,0.6331905130225421,63.23063393433345,60.0,840.0,0.0,0.0,0.0,21.334564200020395,0.0,0.0,63.23063393433345,840.0,101.42445273712117,1904.981081360228,,,,False,False,not_attempted,0,0,0,0,30,0,0.0,168.26913921668122,751.0,False,,,False,8,0
pso,static_frozen,14,840.0,14.0,2,degrading,degrading,13 24 25 68,2681,1.3513513513513513,0.74,0.0,33.885701393776806,18.233333333333334,51,2,49,1.0170609053996504,0.5085304526998252,64.2476948397331,60.0,900.0,0.0,0.0,0.0,21.334564200020395,0.0,0.0,64.2476948397331,900.0,102.7251071915905,1795.366374423345,,,,False,False,not_attempted,0,0,0,0,18,0,0.0,168.1532899592327,832.0,False,,,False,8,0
pso,static_frozen,15,900.0,15.0,3,degrading,degrading,13 24 25 68,2681,1.4814814814814814,0.675,0.0,33.56497967065395,18.25,49,2,47,2.473686313415023,1.2368431567075115,66.72138115314813,60.0,960.0,0.0,0.0,0.0,21.334564200020395,0.0,0.0,66.72138115314813,960.0,106.43419629741523,1902.541679106655,,,,False,False,not_attempted,0,0,0,0,56,4,0.07142857142857142,168.05995662589936,853.0,False,,,False,8,0
pso,static_frozen,16,960.0,16.0,3,degrading,degrading,13 24 25 68,2681,1.639344262295082,0.61,0.0,33.18396468746468,18.266666666666666,47,3,44,6.40611066794894,2.1353702226496467,73.12749182109707,60.0,1020.0,0.0,0.0,0.0,21.334564200020395,0.0,0.0,73.12749182109707,1020.0,109.77040495285115,1873.409847463775,,,,False,False,not_attempted,0,0,0,0,74,22,0.2972972972972973,167.68069826789986,968.0,False,,,False,8,0
pso,static_frozen,17,1020.0,17.0,3,degrading,degrading,13 24 25 68,2681,1.8348623853211008,0.545,0.0,32.72389050058952,18.283333333333335,44,2,42,4.764569905594572,2.382284952797286,77.89206172669164,60.0,1080.0,0.0,0.0,0.0,21.334564200020395,0.0,0.0,77.89206172669164,1080.0,110.94248834546605,1847.1204962015186,,,,False,False,not_attempted,0,0,0,0,41,6,0.14634146341463414,166.57436135565214,1048.0,False,,,False,8,0
pso,static_frozen,18,1080.0,18.0,3,degrading,degrading,13 24 25 68,2681,2.0833333333333335,0.48,0.0,32.157301947836125,18.3,42,2,40,4.255690804532773,2.1278454022663866,82.14775253122441,60.0,1140.0,0.0,0.0,0.0,21.334564200020395,0.0,0.0,82.14775253122441,1140.0,113.88356759129509,1744.0623055887331,,,,False,False,not_attempted,0,0,0,0,48,3,0.0625,166.29063097557577,1048.0,False,,,False,8,0
pso,static_frozen,19,1140.0,19.0,3,degrading,degrading,13 24 25 68,2681,2.409638554216868,0.4149999999999999,0.0,31.44236703830193,18.316666666666666,40,2,38,4.083615648305751,2.0418078241528757,86.23136817953016,60.0,1200.0,0.0,0.0,0.0,21.334564200020395,0.0,0.0,86.23136817953016,1200.0,119.14735088495655,1793.4355760589838,,,,False,False,not_attempted,0,0,0,0,30,8,0.26666666666666666,165.98858171755532,1114.0,False,,,False,8,0
pso,static_frozen,20,1200.0,20.0,4,disrupted,holding,13 24 25 68,2681,2.857142857142857,0.35,0.0,30.51204894886194,18.333333333333332,38,1,37,6.484228360922342,6.484228360922342,92.71559654045251,60.0,1260.0,0.0,0.0,0.0,21.334564200020395,0.0,0.0,92.71559654045251,1260.0,128.29885711497852,1758.1444621644318,,,,False,False,not_attempted,0,0,0,0,24,10,0.4166666666666667,165.56052389435555,1136.0,False,,,False,8,0
pso,static_frozen,21,1260.0,21.0,4,disrupted,disrupted,13 24 25 68,2681,2.857142857142857,0.35,0.0,30.51204894886194,18.35,37,2,35,8.619658323799502,4.309829161899751,101.33525486425201,60.0,1320.0,0.0,0.0,0.0,21.334564200020395,0.0,0.0,101.33525486425201,1320.0,123.51046436340853,1691.5938141144852,,,,False,False,not_attempted,0,0,0,0,35,13,0.37142857142857144,163.58394910404527,1308.0,False,,,False,8,0
pso,static_frozen,22,1320.0,22.0,4,disrupted,disrupted,13 24 25 68,2681,2.857142857142857,0.35,0.0,30.51204894886194,18.366666666666667,35,1,34,5.708007556097606,5.708007556097606,107.0432624203496,60.0,1380.0,0.0,0.0,0.0,21.334564200020395,0.0,0.0,107.0432624203496,1380.0,115.32192707357856,1533.279701831079,,,,False,False,not_attempted,0,0,0,0,26,8,0.3076923076923077,163.49061577071194,1308.0,False,,,False,8,0
pso,static_frozen,23,1380.0,23.0,4,disrupted,disrupted,13 24 25 68,2681,2.857142857142857,0.35,0.0,30.51204894886194,18.383333333333333,34,2,32,5.32215671358227,2.661078356791135,112.36541913393188,60.0,1440.0,0.0,0.0,0.0,21.334564200020395,0.0,0.0,112.36541913393188,1440.0,115.05801775686328,1533.279701831079,,,,False,False,not_attempted,0,0,0,0,23,11,0.4782608695652174,162.96587209650926,1308.0,False,,,False,8,0
pso,static_frozen,24,1440.0,24.0,4,disrupted,disrupted,13 24 25 68,2681,2.857142857142857,0.35,0.0,30.51204894886194,18.4,32,3,29,9.584954185461697,3.1949847284872326,121.95037331939358,60.0,1500.0,0.0,0.0,0.0,21.334564200020395,0.0,0.0,121.95037331939358,1500.0,114.47649964469021,1507.3295675090053,,,,False,False,not_attempted,0,0,0,0,25,19,0.76,159.1363383503276,1456.0,False,,,False,8,0
pso,static_frozen,25,1500.0,25.0,5,disrupted,disrupted,13 24 25 68,2681,2.857142857142857,0.35,0.0,30.51204894886194,18.416666666666668,29,1,28,7.919931589560129,7.919931589560129,129.8703049089537,60.0,1560.0,0.0,0.0,0.0,21.334564200020395,0.0,0.0,129.8703049089537,1560.0,106.25934434419554,1353.812502974074,,,,False,False,not_attempted,0,0,0,0,18,12,0.6666666666666666,158.3618793400088,1456.0,False,,,False,8,0
pso,static_frozen,26,1560.0,26.0,5,disrupted,disrupted,13 24 25 68,2681,2.857142857142857,0.35,0.0,30.51204894886194,18.433333333333334,28,3,25,6.08486873616733,2.0282895787224433,135.95517364512102,60.0,1620.0,0.0,0.0,0.0,21.334564200020395,0.0,0.0,135.95517364512102,1620.0,99.71714875091943,1353.812502974074,,,,False,False,not_attempted,0,0,0,0,15,9,0.6,157.72287351043525,1506.0,False,,,False,8,0
pso,static_frozen,27,1620.0,27.0,5,disrupted,disrupted,13 24 25 68,2681,2.857142857142857,0.35,0.0,30.51204894886194,18.45,25,1,24,6.096606693947385,6.096606693947385,142.05178033906842,60.0,1680.0,0.0,0.0,0.0,21.334564200020395,0.0,0.0,142.05178033906842,1680.0,93.3350762011092,1328.170006965649,,,,False,False,not_attempted,0,0,0,0,46,7,0.15217391304347827,154.322015517548,1506.0,False,,,False,8,0
pso,static_frozen,28,1680.0,28.0,5,disrupted,disrupted,13 24 25 68,2681,2.857142857142857,0.35,0.0,30.51204894886194,18.466666666666665,24,4,20,9.80589884926772,2.45147471231693,151.85767918833614,60.0,1740.0,0.0,0.0,0.0,21.334564200020395,0.0,0.0,151.85767918833614,1740.0,88.99692814214006,1266.3856036915436,,,,False,False,not_attempted,0,0,0,0,53,9,0.16981132075471697,154.0272098047258,1506.0,False,,,False,8,0
pso,static_frozen,29,1740.0,29.0,5,disrupted,disrupted,13 24 25 68,2681,2.857142857142857,0.35,0.0,30.51204894886194,18.483333333333334,20,1,19,4.708456651798793,4.708456651798793,156.56613584013493,60.0,1800.0,0.0,0.0,0.0,21.334564200020395,0.0,0.0,156.56613584013493,1800.0,80.01578975591937,1146.3856036915436,,,,False,False,not_attempted,0,0,0,0,25,3,0.12,153.93387647139247,1506.0,False,,,False,8,0
pso,static_frozen,30,1800.0,30.0,6,recovering,recovering,13 24 25 68,2681,2.857142857142857,0.35,0.0,30.51204894886194,18.5,19,2,17,8.156106172290734,4.078053086145367,164.72224201242568,60.0,1860.0,0.0,0.0,0.0,21.334564200020395,0.0,0.0,164.72224201242568,1860.0,75.81230605438623,1146.3856036915436,,,,False,False,not_attempted,0,0,0,0,49,9,0.1836734693877551,152.11056512340005,1577.0,False,,,False,7,0
pso,static_frozen,31,1860.0,31.0,6,recovering,recovering,13 24 25 68,2681,2.6595744680851063,0.376,0.04,30.91589731653039,18.516666666666666,17,2,15,14.078453159533229,7.0392265797666145,178.80069517195892,60.0,1920.0,0.0,0.0,0.0,21.334564200020395,0.0,0.0,178.80069517195892,1920.0,67.12314446299476,1136.442352029135,,,,False,False,not_attempted,0,0,0,0,26,20,0.7692307692307693,147.756349510007,1577.0,False,,,False,7,0
pso,static_frozen,32,1920.0,32.0,6,recovering,recovering,13 24 25 68,2681,2.4875621890547266,0.40199999999999997,0.08,31.276313688751998,18.533333333333335,15,3,12,4.2948954983690415,1.4316318327896804,183.09559067032797,60.0,1980.0,0.0,0.0,0.0,21.334564200020395,0.0,0.0,183.09559067032797,1980.0,53.94979080034174,916.5859316699565,,,,False,False,not_attempted,0,0,0,0,22,0,0.0,147.66301617667366,1807.0,False,,,False,7,0
pso,static_frozen,33,1980.0,33.0,6,recovering,recovering,13 24 25 68,2681,2.336448598130841,0.428,0.12,31.59994690075087,18.55,12,3,9,5.084455388371345,1.6948184627904483,188.1800460586993,60.0,2040.0,0.0,0.0,0.0,21.334564200020395,0.0,0.0,188.1800460586993,2040.0,48.468008158809646,913.5163320747379,,,,False,False,not_attempted,0,0,0,0,23,12,0.5217391304347826,144.72641876738376,1807.0,False,,,False,5,0
pso,static_frozen,34,2040.0,34.0,6,recovering,recovering,13 24 25 68,2681,2.2026431718061676,0.45399999999999996,0.16,31.89215455207436,18.566666666666666,9,2,7,8.089785184346905,4.044892592173452,196.2698312430462,60.0,2100.0,0.0,0.0,0.0,21.334564200020395,0.0,0.0,196.2698312430462,2100.0,43.41813190845925,802.0246326882811,,,,False,False,not_attempted,0,0,0,0,43,8,0.18604651162790697,144.1393858521968,1807.0,False,,,False,5,0
pso,static_frozen,35,2100.0,35.0,7,recovering,recovering,13 24 25 68,2681,2.0833333333333335,0.48,0.2,32.157301947836125,18.583333333333332,7,0,7,2.018523054979747,2.018523054979747,198.28835429802595,60.0,2160.0,0.0,0.0,0.0,21.334564200020395,0.0,0.0,198.28835429802595,2160.0,35.086209687237364,659.7135544766599,,,,False,False,not_attempted,0,0,0,0,15,2,0.13333333333333333,144.04605251886346,1807.0,False,,,False,4,0
pso,static_frozen,36,2160.0,36.0,7,recovering,recovering,13 24 25 68,2681,1.976284584980237,0.506,0.24,32.398981663836956,18.6,7,2,5,1.3517444284519329,0.6758722142259664,199.64009872647787,60.0,2220.0,0.0,0.0,0.0,21.334564200020395,0.0,0.0,199.64009872647787,2220.0,33.00623522285135,659.7135544766599,,,,False,False,not_attempted,0,0,0,0,15,2,0.13333333333333333,143.72414213192712,1842.0,False,,,False,2,0
pso,static_frozen,37,2220.0,37.0,7,recovering,recovering,13 24 25 68,2681,1.8796992481203008,0.532,0.28,32.62017728250752,18.616666666666667,5,2,3,1.1308282652690076,0.5654141326345038,200.77092699174688,60.0,2280.0,0.0,0.0,0.0,21.334564200020395,0.0,0.0,200.77092699174688,2280.0,31.747676489538218,513.1371088119805,,,,False,False,not_attempted,0,0,0,0,20,0,0.0,143.6308087985938,1996.0,False,,,False,1,0
pso,static_frozen,38,2280.0,38.0,7,recovering,recovering,13 24 25 68,2681,1.7921146953405016,0.558,0.32,32.82338718808226,18.633333333333333,3,1,2,0.18012069268898706,0.18012069268898706,200.95104768443585,60.0,2340.0,0.0,0.0,0.0,21.334564200020395,0.0,0.0,200.95104768443585,2340.0,30.43108940570959,513.1371088119805,,,,False,False,not_attempted,0,0,0,0,0,0,0.0,143.54402143923815,1996.0,False,,,False,1,0
pso,static_frozen,39,2340.0,39.0,7,recovering,recovering,13 24 25 68,2681,1.7123287671232879,0.584,0.36,33.010719343667866,18.65,2,1,1,0.11265769354679404,0.11265769354679404,201.06370537798264,60.0,2400.0,0.0,0.0,0.0,21.334564200020395,0.0,0.0,201.06370537798264,2400.0,30.25383433214494,513.1371088119805,,,,False,False,not_attempted,0,0,0,0,1,0,0.0,143.54402143923815,1996.0,False,,,False,1,0
pso,static_frozen,40,2400.0,40.0,8,recovering,recovering,13 24 25 68,2681,1.639344262295082,0.61,0.4,33.18396468746468,18.666666666666668,1,0,1,0.912338556874064,0.912338556874064,201.9760439348567,60.0,2460.0,0.0,0.0,0.0,21.334564200020395,0.0,0.0,201.9760439348567,2460.0,30.03668762581124,513.1371088119805,,,,False,False,not_attempted,0,0,0,0,10,0,0.0,143.54402143923815,1996.0,False,,,False,1,0
pso,static_frozen,41,2460.0,41.0,8,recovering,recovering,13 24 25 68,2681,1.572327044025157,0.636,0.44,33.34465457144562,18.683333333333334,1,0,1,0.09333333333333332,0.09333333333333332,202.06937726819004,60.0,2520.0,0.0,0.0,0.0,21.334564200020395,0.0,0.0,202.06937726819004,2520.0,28.87745379526993,513.1371088119805,,,,False,False,not_attempted,0,0,0,0,0,0,0.0,143.54402143923815,1996.0,False,,,False,0,0
pso,static_frozen,42,2520.0,42.0,8,recovering,recovering,13 24 25 68,2681,1.5105740181268883,0.6619999999999999,0.48,33.49410614862006,18.7,1,1,0,31.49669648792549,31.49669648792549,233.56607375611551,351.0956388679734,2871.0956388679733,0.0,0.0,0.0,21.334564200020395,0.0,0.0,233.56607375611551,2871.0956388679733,28.74066198342322,513.1371088119805,,,,False,False,not_attempted,0,0,0,0,360,61,0.16944444444444445,135.17885122192857,1996.0,True,,,False,0,0
ga,adaptive,0,0.0,0.0,0,normal,initial,13 24 25 68,0,1.0,1.0,0.0,34.78037077224997,18.0,84,0,84,17.649882122789972,17.649882122789972,17.649882122789972,60.0,60.0,8.482715899939649,17.265034900046885,25.747750799986534,25.747750799986534,0.0,0.0,17.649882122789972,60.0,137.0202222079973,2575.791665618115,,,,False,False,initial_plan,0,0,0,0,110,0,0.0,177.61134889028398,0.0,False,,,True,10,10
ga,adaptive,1,60.0,1.0,0,normal,normal,13 24 25 68,0,1.0,1.0,0.0,34.78037077224997,18.016666666666666,84,0,84,3.860832221189131,3.860832221189131,21.510714343979103,60.0,120.0,0.0,0.0,0.0,25.747750799986534,0.0,0.0,21.510714343979103,120.0,118.33481725358962,2408.508397267874,,,,False,False,not_attempted,0,0,0,0,48,0,0.0,176.09020652430007,0.0,False,,,False,10,10
ga,adaptive,2,120.0,2.0,0,normal,normal,13 24 25 68,0,1.0,1.0,0.0,34.78037077224997,18.033333333333335,84,5,79,5.469586054369472,1.0939172108738944,26.980300398348575,60.0,180.0,0.0,0.0,0.0,25.747750799986534,0.0,0.0,26.980300398348575,180.0,114.32039977398952,2408.508397267874,,,,False,False,not_attempted,0,0,0,0,54,0,0.0,174.7596401655785,230.0,False,,,False,10,5
ga,adaptive,3,180.0,3.0,0,normal,normal,13 24 25 68,0,1.0,1.0,0.0,34.78037077224997,18.05,79,2,77,7.011609396691212,3.505804698345606,33.99190979503979,60.0,240.0,0.0,0.0,0.0,25.747750799986534,0.0,0.0,33.99190979503979,240.0,109.00105004153725,2395.4649197227227,,,,False,False,not_attempted,0,0,0,0,102,0,0.0,174.34235459366602,230.0,False,,,False,10,3
ga,adaptive,4,240.0,4.0,0,normal,normal,13 24 25 68,0,1.0,1.0,0.0,34.78037077224997,18.066666666666666,77,0,77,7.1547879192985535,7.1547879192985535,41.146697714338345,60.0,300.0,0.0,0.0,0.0,25.747750799986534,0.0,0.0,41.146697714338345,300.0,102.22978058226929,2222.1724931702206,,,,False,False,not_attempted,0,0,0,0,63,0,0.0,173.4394704160569,230.0,False,,,False,10,3
ga,adaptive,5,300.0,5.0,1,normal,normal,13 24 25 68,0,1.0,1.0,0.0,34.78037077224997,18.083333333333332,77,3,74,2.675963325709791,0.891987775236597,43.82266104004813,60.0,360.0,10.527518499991857,1227.5076381999534,1238.0351566999452,1263.7829074999318,0.0,0.0,43.82266104004813,360.0,95.1717140869908,2222.1724931702206,95.1717140869908,106.01582479873737,-10.844110711746566,True,False,incumbent_not_worse,6,37,0,0,34,0,0.0,173.10775928116314,402.0,False,,,True,10,2
ga,adaptive,6,360.0,6.0,1,normal,normal,13 24 25 68,0,1.0,1.0,0.0,34.78037077224997,18.1,74,2,72,2.766193936465484,1.383096968232742,46.588854976513616,60.0,420.0,0.0,0.0,0.0,1263.7829074999318,0.0,0.0,46.588854976513616,420.0,92.60410325990152,2214.6116397759683,,,,False,False,not_attempted,0,0,0,0,81,0,0.0,173.0144259478298,422.0,False,,,False,10,1
ga,adaptive,7,420.0,7.0,1,normal,normal,13 24 25 68,0,1.0,1.0,0.0,34.78037077224997,18.116666666666667,72,4,68,4.347192794898818,1.0867981987247044,50.93604777141243,60.0,480.0,0.0,0.0,0.0,1263.7829074999318,0.0,0.0,50.93604777141243,480.0,89.92368642949396,2148.2053198083527,,,,False,False,not_attempted,0,0,0,0,87,0,0.0,171.7315048732715,422.0,False,,,False,10,0
ga,adaptive,8,480.0,8.0,1,normal,normal,13 24 25 68,0,1.0,1.0,0.0,34.78037077224997,18.133333333333333,68,2,66,2.5250093236515756,1.2625046618257878,53.46105709506401,60.0,540.0,0.0,0.0,0.0,1263.7829074999318,0.0,0.0,53.46105709506401,540.0,85.28714308081315,2087.667082619376,,,,False,False,not_attempted,0,0,0,0,64,0,0.0,171.63817153993816,647.0,False,,,False,10,0
ga,adaptive,9,540.0,9.0,1,normal,normal,13 24 25 68,0,1.0,1.0,0.0,34.78037077224997,18.15,66,4,62,3.0619730013422446,0.7654932503355611,56.52303009640625,60.0,600.0,0.0,0.0,0.0,1263.7829074999318,0.0,0.0,56.52303009640625,600.0,82.77007440456873,1959.541901191854,,,,False,False,not_attempted,0,0,0,0,70,0,0.0,171.54640459197284,647.0,False,,,False,10,0
ga,adaptive,10,600.0,10.0,2,degrading,degrading,13 24 25 68,0,1.0,1.0,0.0,34.78037077224997,18.166666666666668,62,3,59,4.390709018242486,1.4635696727474954,60.913739114648735,60.0,660.0,5.8999983593821526e-05,510.3782043000683,510.3782633000519,1774.1611707999837,0.0,0.0,60.913739114648735,660.0,80.09411359828835,1959.541901191854,80.09411359828835,98.66077012937346,-18.566656531085115,True,False,incumbent_not_worse,6,35,0,0,80,0,0.0,171.29011539682318,647.0,False,,,True,10,0
ga,adaptive,11,660.0,11.0,2,degrading,degrading,13 24 25 68,2681,1.06951871657754,0.935,0.0,34.60155362914376,18.183333333333334,59,1,58,2.5435564998420985,2.5435564998420985,63.45729561449083,60.0,720.0,0.0,0.0,0.0,1774.1611707999837,0.0,0.0,63.45729561449083,720.0,78.01241239692338,1909.3703378676144,,,,False,False,not_attempted,0,0,0,0,48,1,0.020833333333333332,171.00102300959978,647.0,False,,,False,9,0
ga,adaptive,12,720.0,12.0,2,degrading,degrading,13 24 25 68,2681,1.1494252873563218,0.87,0.0,34.39569006737746,18.2,58,4,54,2.5692178410312376,0.6423044602578094,66.02651345552206,60.0,780.0,0.0,0.0,0.0,1774.1611707999837,0.0,0.0,66.02651345552206,780.0,78.96371239298753,1819.7114166247723,,,,False,False,not_attempted,0,0,0,0,30,1,0.03333333333333333,169.9712503230566,647.0,False,,,False,8,0
ga,adaptive,13,780.0,13.0,2,degrading,degrading,13 24 25 68,2681,1.2422360248447206,0.8049999999999999,0.0,34.15939207694038,18.216666666666665,54,2,52,3.180523834500361,1.5902619172501804,69.20703729002243,60.0,840.0,0.0,0.0,0.0,1774.1611707999837,0.0,0.0,69.20703729002243,840.0,80.28580587098625,1833.5846743962227,,,,False,False,not_attempted,0,0,0,0,39,11,0.28205128205128205,168.71761683890924,822.0,False,,,False,8,0
ga,adaptive,14,840.0,14.0,2,degrading,degrading,13 24 25 68,2681,1.3513513513513513,0.74,0.0,33.885701393776806,18.233333333333334,52,3,49,2.0359445505070948,0.6786481835023649,71.24298184052952,60.0,900.0,0.0,0.0,0.0,1774.1611707999837,0.0,0.0,71.24298184052952,900.0,81.09766276715497,1735.3772354904074,,,,False,False,not_attempted,0,0,0,0,26,2,0.07692307692307693,168.45431870529004,822.0,False,,,False,8,0
ga,adaptive,15,900.0,15.0,3,degrading,degrading,13 24 25 68,2681,1.4814814814814814,0.675,0.0,33.56497967065395,18.25,49,3,46,3.2652110864416914,1.0884036954805638,74.50819292697122,60.0,960.0,10.699989499989897,652.0103596000699,662.7103491000598,2436.8715199000435,0.0,0.0,74.50819292697122,960.0,84.34141502813323,1754.682745835313,84.34141502813323,92.88176238562957,-8.540347357496344,True,False,incumbent_not_worse,6,17,0,0,48,9,0.1875,168.40964054293931,822.0,False,,,True,8,0
ga,adaptive,16,960.0,16.0,3,degrading,degrading,13 24 25 68,2681,1.639344262295082,0.61,0.0,33.18396468746468,18.266666666666666,46,1,45,4.487241776228503,4.487241776228503,78.99543470319972,60.0,1020.0,0.0,0.0,0.0,2436.8715199000435,0.0,0.0,78.99543470319972,1020.0,86.48120431059279,1720.4852470630863,,,,False,False,not_attempted,0,0,0,0,46,14,0.30434782608695654,168.22948449364316,822.0,False,,,False,8,0
ga,adaptive,17,1020.0,17.0,3,degrading,degrading,13 24 25 68,2681,1.8348623853211008,0.545,0.0,32.72389050058952,18.283333333333335,45,2,43,3.16430186729875,1.582150933649375,82.15973657049847,60.0,1080.0,0.0,0.0,0.0,2436.8715199000435,0.0,0.0,82.15973657049847,1080.0,88.33354307283857,1691.0581732186545,,,,False,False,not_attempted,0,0,0,0,45,4,0.08888888888888889,167.79125730814323,943.0,False,,,False,8,0
ga,adaptive,18,1080.0,18.0,3,degrading,degrading,13 24 25 68,2681,2.0833333333333335,0.48,0.0,32.157301947836125,18.3,43,2,41,5.303012886425756,2.651506443212878,87.46274945692423,60.0,1140.0,0.0,0.0,0.0,2436.8715199000435,0.0,0.0,87.46274945692423,1140.0,92.83889009821182,1659.7110964403532,,,,False,False,not_attempted,0,0,0,0,27,6,0.2222222222222222,167.6979239748099,943.0,False,,,False,8,0
ga,adaptive,19,1140.0,19.0,3,degrading,degrading,13 24 25 68,2681,2.409638554216868,0.4149999999999999,0.0,31.44236703830193,18.316666666666666,41,2,39,2.29954590864639,1.149772954323195,89.76229536557062,60.0,1200.0,0.0,0.0,0.0,2436.8715199000435,0.0,0.0,89.76229536557062,1200.0,96.80019366936145,1640.570820643149,,,,False,False,not_attempted,0,0,0,0,11,0,0.0,167.28329599507245,943.0,False,,,False,8,0
ga,adaptive,20,1200.0,20.0,4,disrupted,holding,13 24 25 68,2681,2.857142857142857,0.35,0.0,30.51204894886194,18.333333333333332,39,4,35,4.977392451269814,1.2443481128174536,94.73968781684044,60.0,1260.0,10.75157920003403,8.098982599913143,18.850561799947172,2455.7220816999907,0.0,0.0,94.73968781684044,1260.0,108.88814089799456,1583.273940515228,108.88814089799456,108.95533734029009,-0.06719644229552557,True,False,incumbent_not_worse,2,12,0,0,21,6,0.2857142857142857,167.06709536742642,993.0,False,,,True,8,0
ga,adaptive,21,1260.0,21.0,4,disrupted,disrupted,13 24 25 68,2681,2.857142857142857,0.35,0.0,30.51204894886194,18.35,35,2,33,6.497096420747852,3.248548210373926,101.2367842375883,60.0,1320.0,0.0,0.0,0.0,2455.7220816999907,0.0,0.0,101.2367842375883,1320.0,103.52697743732766,1583.273940515228,,,,False,False,not_attempted,0,0,0,0,35,10,0.2857142857142857,166.75899310634773,1016.0,False,,,False,8,0
ga,adaptive,22,1320.0,22.0,4,disrupted,disrupted,13 24 25 68,2681,2.857142857142857,0.35,0.0,30.51204894886194,18.366666666666667,33,2,31,6.985273373551555,3.4926366867757777,108.22205761113985,60.0,1380.0,0.0,0.0,0.0,2455.7220816999907,0.0,0.0,108.22205761113985,1380.0,96.25109678844927,1518.0360377142706,,,,False,False,not_attempted,0,0,0,0,33,9,0.2727272727272727,165.6325293474552,1026.0,False,,,False,8,0
ga,adaptive,23,1380.0,23.0,4,disrupted,disrupted,13 24 25 68,2681,2.857142857142857,0.35,0.0,30.51204894886194,18.383333333333333,31,3,28,5.657000707583261,1.8856669025277537,113.87905831872311,60.0,1440.0,0.0,0.0,0.0,2455.7220816999907,0.0,0.0,113.87905831872311,1440.0,89.80930052270023,1372.3858265831875,,,,False,False,not_attempted,0,0,0,0,16,4,0.25,164.31078553135953,1167.0,False,,,False,8,0
ga,adaptive,24,1440.0,24.0,4,disrupted,disrupted,13 24 25 68,2681,2.857142857142857,0.35,0.0,30.51204894886194,18.4,28,3,25,2.5371417844391493,0.8457139281463831,116.41620010316225,60.0,1500.0,0.0,0.0,0.0,2455.7220816999907,0.0,0.0,116.41620010316225,1500.0,84.69204774685839,1372.3858265831875,,,,False,False,not_attempted,0,0,0,0,21,3,0.14285714285714285,164.2174521980262,1167.0,False,,,False,8,0
ga,adaptive,25,1500.0,25.0,5,disrupted,disrupted,13 24 25 68,2681,2.857142857142857,0.35,0.0,30.51204894886194,18.416666666666668,25,3,22,5.881158379844426,1.9603861266148088,122.29735848300668,60.0,1560.0,5.650008097290993e-05,134.02143950003665,134.02149600011762,2589.7435777001083,0.0,0.0,122.29735848300668,1560.0,82.41288937747441,1344.0893283803293,82.41288937747441,83.68372759308305,-1.2708382156086344,True,False,incumbent_not_worse,4,8,0,0,33,7,0.21212121212121213,162.96160728255734,1236.0,False,,,True,7,0
ga,adaptive,26,1560.0,26.0,5,disrupted,disrupted,13 24 25 68,2681,2.857142857142857,0.35,0.0,30.51204894886194,18.433333333333334,22,1,21,4.3596062642075974,4.3596062642075974,126.65696474721427,60.0,1620.0,0.0,0.0,0.0,2589.7435777001083,0.0,0.0,126.65696474721427,1620.0,75.05862331105698,1193.3541662079615,,,,False,False,not_attempted,0,0,0,0,11,3,0.2727272727272727,160.8123014298955,1236.0,False,,,False,7,0
ga,adaptive,27,1620.0,27.0,5,disrupted,disrupted,13 24 25 68,2681,2.857142857142857,0.35,0.0,30.51204894886194,18.45,21,4,17,7.64097466854409,1.9102436671360226,134.29793941575838,60.0,1680.0,0.0,0.0,0.0,2589.7435777001083,0.0,0.0,134.29793941575838,1680.0,71.59105000882151,1193.3541662079615,,,,False,False,not_attempted,0,0,0,0,31,10,0.3225806451612903,158.47438968722122,1245.0,False,,,False,7,0
ga,adaptive,28,1680.0,28.0,5,disrupted,disrupted,13 24 25 68,2681,2.857142857142857,0.35,0.0,30.51204894886194,18.466666666666665,17,0,17,13.133337463344724,13.133337463344724,147.4312768791031,60.0,1740.0,0.0,0.0,0.0,2589.7435777001083,0.0,0.0,147.4312768791031,1740.0,63.747683529400895,1162.5984538973125,,,,False,False,not_attempted,0,0,0,0,21,17,0.8095238095238095,151.6106121228725,1245.0,False,,,False,5,0
ga,adaptive,29,1740.0,29.0,5,disrupted,disrupted,13 24 25 68,2681,2.857142857142857,0.35,0.0,30.51204894886194,18.483333333333334,17,3,14,4.903916915259751,1.6346389717532503,152.33519379436285,60.0,1800.0,0.0,0.0,0.0,2589.7435777001083,0.0,0.0,152.33519379436285,1800.0,50.2142377415164,1096.3306936781678,,,,False,False,not_attempted,0,0,0,0,7,5,0.7142857142857143,150.58763607275708,1468.0,False,,,False,5,0
ga,adaptive,30,1800.0,30.0,6,recovering,recovering,13 24 25 68,2681,2.857142857142857,0.35,0.0,30.51204894886194,18.5,14,1,13,1.5602179459001273,1.5602179459001273,153.89541174026297,60.0,1860.0,6.260001100599766e-05,12.400710400077514,12.40077300008852,2602.144350700197,0.0,0.0,153.89541174026297,1860.0,45.84915105200212,629.4520969514463,46.49987067705801,45.84915105200212,0.650719625055892,True,True,lower_residual_energy,5,4,5,4,30,0,0.0,150.49430273942374,1468.0,False,,,True,5,0
ga,adaptive,31,1860.0,31.0,6,recovering,recovering,13 24 25 68,2681,2.6595744680851063,0.376,0.04,30.91589731653039,18.516666666666666,13,3,10,4.559873137073584,1.5199577123578614,158.45528487733657,60.0,1920.0,0.0,0.0,0.0,2602.144350700197,0.0,0.0,158.45528487733657,1920.0,42.531784396104655,592.1198372465635,,,,False,False,not_attempted,0,0,0,0,43,7,0.16279069767441862,147.2673870744493,1468.0,False,,,False,4,0
ga,adaptive,32,1920.0,32.0,6,recovering,recovering,13 24 25 68,2681,2.4875621890547266,0.40199999999999997,0.08,31.276313688751998,18.533333333333335,10,2,8,4.6855861189084145,2.3427930594542072,163.14087099624498,60.0,1980.0,0.0,0.0,0.0,2602.144350700197,0.0,0.0,163.14087099624498,1980.0,36.24507317664908,566.1738767328468,,,,False,False,not_attempted,0,0,0,0,42,6,0.14285714285714285,147.17405374111596,1607.0,False,,,False,4,0
ga,adaptive,33,1980.0,33.0,6,recovering,recovering,13 24 25 68,2681,2.336448598130841,0.428,0.12,31.59994690075087,18.55,8,1,7,2.5202821455324385,2.5202821455324385,165.66115314177742,60.0,2040.0,0.0,0.0,0.0,2602.144350700197,0.0,0.0,165.66115314177742,2040.0,31.391928967334227,514.9751036444922,,,,False,False,not_attempted,0,0,0,0,19,7,0.3684210526315789,147.0523924047989,1607.0,False,,,False,4,0
ga,adaptive,34,2040.0,34.0,6,recovering,recovering,13 24 25 68,2681,2.2026431718061676,0.45399999999999996,0.16,31.89215455207436,18.566666666666666,7,0,7,4.808456293317645,4.808456293317645,170.46960943509507,60.0,2100.0,0.0,0.0,0.0,2602.144350700197,0.0,0.0,170.46960943509507,2100.0,27.059747646405587,454.176979157496,,,,False,False,not_attempted,0,0,0,0,32,4,0.125,143.248601448291,1607.0,False,,,False,4,0
ga,adaptive,35,2100.0,35.0,7,recovering,recovering,13 24 25 68,2681,2.0833333333333335,0.48,0.2,32.157301947836125,18.583333333333332,7,1,6,0.6658187181942332,0.6658187181942332,171.1354281532893,60.0,2160.0,11.055376600008458,2.3512638000538573,13.406640400062315,2615.550991100259,0.0,0.0,171.1354281532893,2160.0,23.19569727152906,576.3183208600485,23.216147518080472,23.19569727152906,0.020450246551412476,True,True,lower_residual_energy,1,2,1,2,35,0,0.0,143.15526811495766,1725.0,False,,,True,3,0
ga,adaptive,36,2160.0,36.0,7,recovering,recovering,13 24 25 68,2681,1.976284584980237,0.506,0.24,32.398981663836956,18.6,6,1,5,0.8572914103747429,0.8572914103747429,171.99271956366405,60.0,2220.0,0.0,0.0,0.0,2615.550991100259,0.0,0.0,171.99271956366405,2220.0,22.23726269573827,511.9555327722456,,,,False,False,not_attempted,0,0,0,0,22,1,0.045454545454545456,142.60110986696785,1725.0,False,,,False,2,0
ga,adaptive,37,2220.0,37.0,7,recovering,recovering,13 24 25 68,2681,1.8796992481203008,0.532,0.28,32.62017728250752,18.616666666666667,5,1,4,1.2695779114066144,1.2695779114066144,173.26229747507068,60.0,2280.0,0.0,0.0,0.0,2615.550991100259,0.0,0.0,173.26229747507068,2280.0,21.043898866196898,361.05640391625093,,,,False,False,not_attempted,0,0,0,0,8,0,0.0,141.44487113911384,1937.0,False,,,False,2,0
ga,adaptive,38,2280.0,38.0,7,recovering,recovering,13 24 25 68,2681,1.7921146953405016,0.558,0.32,32.82338718808226,18.633333333333333,4,1,3,0.25201979763966936,0.25201979763966936,173.51431727271034,60.0,2340.0,0.0,0.0,0.0,2615.550991100259,0.0,0.0,173.51431727271034,2340.0,19.745774035602484,361.05640391625093,,,,False,False,not_attempted,0,0,0,0,6,0,0.0,141.3515378057805,1937.0,False,,,False,1,0
ga,adaptive,39,2340.0,39.0,7,recovering,recovering,13 24 25 68,2681,1.7123287671232879,0.584,0.36,33.010719343667866,18.65,3,1,2,0.1485474007033576,0.1485474007033576,173.6628646734137,60.0,2400.0,0.0,0.0,0.0,2615.550991100259,0.0,0.0,173.6628646734137,2400.0,19.292784905625485,221.25165553771916,,,,False,False,not_attempted,0,0,0,0,0,0,0.0,141.29632373841048,1937.0,False,,,False,1,0
ga,adaptive,40,2400.0,40.0,8,recovering,recovering,13 24 25 68,2681,1.639344262295082,0.61,0.4,33.18396468746468,18.666666666666668,2,1,1,0.11264586365010082,0.11264586365010082,173.7755105370638,60.0,2460.0,10.961769800051115,0.003185899928212166,10.964955699979328,2626.5159468002385,0.0,0.0,173.7755105370638,2460.0,19.137162694513783,221.25165553771916,19.137162694513783,19.137162694513783,0.0,True,False,incumbent_not_worse,0,0,0,0,3,0,0.0,141.29632373841048,1937.0,False,,,True,1,0
ga,adaptive,41,2460.0,41.0,8,recovering,recovering,13 24 25 68,2681,1.572327044025157,0.636,0.44,33.34465457144562,18.683333333333334,1,0,1,0.32698913524326845,0.32698913524326845,174.1024996723071,60.0,2520.0,0.0,0.0,0.0,2626.5159468002385,0.0,0.0,174.1024996723071,2520.0,18.9557865228256,214.63098871674651,,,,False,False,not_attempted,0,0,0,0,19,0,0.0,141.29632373841048,1937.0,False,,,False,1,0
ga,adaptive,42,2520.0,42.0,8,recovering,recovering,13 24 25 68,2681,1.5105740181268883,0.6619999999999999,0.48,33.49410614862006,18.7,1,0,1,0.09333333333333332,0.09333333333333332,174.19583300564042,60.0,2580.0,0.0,0.0,0.0,2626.5159468002385,0.0,0.0,174.19583300564042,2580.0,18.337538161370368,194.89215086007212,,,,False,False,not_attempted,0,0,0,0,0,0,0.0,141.29632373841048,1937.0,False,,,False,0,0
ga,adaptive,43,2580.0,43.0,8,recovering,recovering,13 24 25 68,2681,1.4534883720930234,0.688,0.52,33.63345855918624,18.716666666666665,1,1,0,18.194116137473184,18.194116137473184,192.38994914311363,244.85838715209536,2824.858387152095,0.0,0.0,0.0,2626.5159468002385,0.0,0.0,192.38994914311363,2824.858387152095,18.216102952588347,194.89215086007212,,,,False,False,not_attempted,0,0,0,0,232,6,0.02586206896551724,140.2499229732931,1937.0,True,,,False,0,0
ga,static_live,0,0.0,0.0,0,normal,initial,13 24 25 68,0,1.0,1.0,0.0,34.78037077224997,18.0,84,0,84,17.649882122789972,17.649882122789972,17.649882122789972,60.0,60.0,8.482715899939649,17.265034900046885,25.747750799986534,25.747750799986534,0.0,0.0,17.649882122789972,60.0,137.0202222079973,2575.791665618115,,,,False,False,initial_plan,0,0,0,0,110,0,0.0,177.61134889028398,0.0,False,,,True,10,10
ga,static_live,1,60.0,1.0,0,normal,normal,13 24 25 68,0,1.0,1.0,0.0,34.78037077224997,18.016666666666666,84,0,84,3.860832221189131,3.860832221189131,21.510714343979103,60.0,120.0,0.0,0.0,0.0,25.747750799986534,0.0,0.0,21.510714343979103,120.0,118.33481725358962,2408.508397267874,,,,False,False,not_attempted,0,0,0,0,48,0,0.0,176.09020652430007,0.0,False,,,False,10,10
ga,static_live,2,120.0,2.0,0,normal,normal,13 24 25 68,0,1.0,1.0,0.0,34.78037077224997,18.033333333333335,84,5,79,5.469586054369472,1.0939172108738944,26.980300398348575,60.0,180.0,0.0,0.0,0.0,25.747750799986534,0.0,0.0,26.980300398348575,180.0,114.32039977398952,2408.508397267874,,,,False,False,not_attempted,0,0,0,0,54,0,0.0,174.7596401655785,230.0,False,,,False,10,5
ga,static_live,3,180.0,3.0,0,normal,normal,13 24 25 68,0,1.0,1.0,0.0,34.78037077224997,18.05,79,2,77,7.011609396691212,3.505804698345606,33.99190979503979,60.0,240.0,0.0,0.0,0.0,25.747750799986534,0.0,0.0,33.99190979503979,240.0,109.00105004153725,2395.4649197227227,,,,False,False,not_attempted,0,0,0,0,102,0,0.0,174.34235459366602,230.0,False,,,False,10,3
ga,static_live,4,240.0,4.0,0,normal,normal,13 24 25 68,0,1.0,1.0,0.0,34.78037077224997,18.066666666666666,77,0,77,7.1547879192985535,7.1547879192985535,41.146697714338345,60.0,300.0,0.0,0.0,0.0,25.747750799986534,0.0,0.0,41.146697714338345,300.0,102.22978058226929,2222.1724931702206,,,,False,False,not_attempted,0,0,0,0,63,0,0.0,173.4394704160569,230.0,False,,,False,10,3
ga,static_live,5,300.0,5.0,1,normal,normal,13 24 25 68,0,1.0,1.0,0.0,34.78037077224997,18.083333333333332,77,3,74,2.675963325709791,0.891987775236597,43.82266104004813,60.0,360.0,0.0,0.0,0.0,25.747750799986534,0.0,0.0,43.82266104004813,360.0,95.1717140869908,2222.1724931702206,,,,False,False,not_attempted,0,0,0,0,34,0,0.0,173.10775928116314,402.0,False,,,False,10,2
ga,static_live,6,360.0,6.0,1,normal,normal,13 24 25 68,0,1.0,1.0,0.0,34.78037077224997,18.1,74,2,72,2.766193936465484,1.383096968232742,46.588854976513616,60.0,420.0,0.0,0.0,0.0,25.747750799986534,0.0,0.0,46.588854976513616,420.0,92.60410325990152,2214.6116397759683,,,,False,False,not_attempted,0,0,0,0,81,0,0.0,173.0144259478298,422.0,False,,,False,10,1
ga,static_live,7,420.0,7.0,1,normal,normal,13 24 25 68,0,1.0,1.0,0.0,34.78037077224997,18.116666666666667,72,4,68,4.347192794898818,1.0867981987247044,50.93604777141243,60.0,480.0,0.0,0.0,0.0,25.747750799986534,0.0,0.0,50.93604777141243,480.0,89.92368642949396,2148.2053198083527,,,,False,False,not_attempted,0,0,0,0,87,0,0.0,171.7315048732715,422.0,False,,,False,10,0
ga,static_live,8,480.0,8.0,1,normal,normal,13 24 25 68,0,1.0,1.0,0.0,34.78037077224997,18.133333333333333,68,2,66,2.5250093236515756,1.2625046618257878,53.46105709506401,60.0,540.0,0.0,0.0,0.0,25.747750799986534,0.0,0.0,53.46105709506401,540.0,85.28714308081315,2087.667082619376,,,,False,False,not_attempted,0,0,0,0,64,0,0.0,171.63817153993816,647.0,False,,,False,10,0
ga,static_live,9,540.0,9.0,1,normal,normal,13 24 25 68,0,1.0,1.0,0.0,34.78037077224997,18.15,66,4,62,3.0619730013422446,0.7654932503355611,56.52303009640625,60.0,600.0,0.0,0.0,0.0,25.747750799986534,0.0,0.0,56.52303009640625,600.0,82.77007440456873,1959.541901191854,,,,False,False,not_attempted,0,0,0,0,70,0,0.0,171.54640459197284,647.0,False,,,False,10,0
ga,static_live,10,600.0,10.0,2,degrading,degrading,13 24 25 68,0,1.0,1.0,0.0,34.78037077224997,18.166666666666668,62,3,59,4.390709018242486,1.4635696727474954,60.913739114648735,60.0,660.0,0.0,0.0,0.0,25.747750799986534,0.0,0.0,60.913739114648735,660.0,80.09411359828835,1959.541901191854,,,,False,False,not_attempted,0,0,0,0,80,0,0.0,171.29011539682318,647.0,False,,,False,10,0
ga,static_live,11,660.0,11.0,2,degrading,degrading,13 24 25 68,2681,1.06951871657754,0.935,0.0,34.60155362914376,18.183333333333334,59,1,58,2.5435564998420985,2.5435564998420985,63.45729561449083,60.0,720.0,0.0,0.0,0.0,25.747750799986534,0.0,0.0,63.45729561449083,720.0,78.01241239692338,1909.3703378676144,,,,False,False,not_attempted,0,0,0,0,48,1,0.020833333333333332,171.00102300959978,647.0,False,,,False,9,0
ga,static_live,12,720.0,12.0,2,degrading,degrading,13 24 25 68,2681,1.1494252873563218,0.87,0.0,34.39569006737746,18.2,58,4,54,2.5692178410312376,0.6423044602578094,66.02651345552206,60.0,780.0,0.0,0.0,0.0,25.747750799986534,0.0,0.0,66.02651345552206,780.0,78.96371239298753,1819.7114166247723,,,,False,False,not_attempted,0,0,0,0,30,1,0.03333333333333333,169.9712503230566,647.0,False,,,False,8,0
ga,static_live,13,780.0,13.0,2,degrading,degrading,13 24 25 68,2681,1.2422360248447206,0.8049999999999999,0.0,34.15939207694038,18.216666666666665,54,2,52,3.180523834500361,1.5902619172501804,69.20703729002243,60.0,840.0,0.0,0.0,0.0,25.747750799986534,0.0,0.0,69.20703729002243,840.0,80.28580587098625,1833.5846743962227,,,,False,False,not_attempted,0,0,0,0,39,11,0.28205128205128205,168.71761683890924,822.0,False,,,False,8,0
ga,static_live,14,840.0,14.0,2,degrading,degrading,13 24 25 68,2681,1.3513513513513513,0.74,0.0,33.885701393776806,18.233333333333334,52,3,49,2.0359445505070948,0.6786481835023649,71.24298184052952,60.0,900.0,0.0,0.0,0.0,25.747750799986534,0.0,0.0,71.24298184052952,900.0,81.09766276715497,1735.3772354904074,,,,False,False,not_attempted,0,0,0,0,26,2,0.07692307692307693,168.45431870529004,822.0,False,,,False,8,0
ga,static_live,15,900.0,15.0,3,degrading,degrading,13 24 25 68,2681,1.4814814814814814,0.675,0.0,33.56497967065395,18.25,49,3,46,3.2652110864416914,1.0884036954805638,74.50819292697122,60.0,960.0,0.0,0.0,0.0,25.747750799986534,0.0,0.0,74.50819292697122,960.0,84.34141502813323,1754.682745835313,,,,False,False,not_attempted,0,0,0,0,48,9,0.1875,168.40964054293931,822.0,False,,,False,8,0
ga,static_live,16,960.0,16.0,3,degrading,degrading,13 24 25 68,2681,1.639344262295082,0.61,0.0,33.18396468746468,18.266666666666666,46,1,45,4.487241776228503,4.487241776228503,78.99543470319972,60.0,1020.0,0.0,0.0,0.0,25.747750799986534,0.0,0.0,78.99543470319972,1020.0,86.48120431059279,1720.4852470630863,,,,False,False,not_attempted,0,0,0,0,46,14,0.30434782608695654,168.22948449364316,822.0,False,,,False,8,0
ga,static_live,17,1020.0,17.0,3,degrading,degrading,13 24 25 68,2681,1.8348623853211008,0.545,0.0,32.72389050058952,18.283333333333335,45,2,43,3.16430186729875,1.582150933649375,82.15973657049847,60.0,1080.0,0.0,0.0,0.0,25.747750799986534,0.0,0.0,82.15973657049847,1080.0,88.33354307283857,1691.0581732186545,,,,False,False,not_attempted,0,0,0,0,45,4,0.08888888888888889,167.79125730814323,943.0,False,,,False,8,0
ga,static_live,18,1080.0,18.0,3,degrading,degrading,13 24 25 68,2681,2.0833333333333335,0.48,0.0,32.157301947836125,18.3,43,2,41,5.303012886425756,2.651506443212878,87.46274945692423,60.0,1140.0,0.0,0.0,0.0,25.747750799986534,0.0,0.0,87.46274945692423,1140.0,92.83889009821182,1659.7110964403532,,,,False,False,not_attempted,0,0,0,0,27,6,0.2222222222222222,167.6979239748099,943.0,False,,,False,8,0
ga,static_live,19,1140.0,19.0,3,degrading,degrading,13 24 25 68,2681,2.409638554216868,0.4149999999999999,0.0,31.44236703830193,18.316666666666666,41,2,39,2.29954590864639,1.149772954323195,89.76229536557062,60.0,1200.0,0.0,0.0,0.0,25.747750799986534,0.0,0.0,89.76229536557062,1200.0,96.80019366936145,1640.570820643149,,,,False,False,not_attempted,0,0,0,0,11,0,0.0,167.28329599507245,943.0,False,,,False,8,0
ga,static_live,20,1200.0,20.0,4,disrupted,holding,13 24 25 68,2681,2.857142857142857,0.35,0.0,30.51204894886194,18.333333333333332,39,4,35,4.977392451269814,1.2443481128174536,94.73968781684044,60.0,1260.0,0.0,0.0,0.0,25.747750799986534,0.0,0.0,94.73968781684044,1260.0,108.88814089799456,1583.273940515228,,,,False,False,not_attempted,0,0,0,0,21,6,0.2857142857142857,167.06709536742642,993.0,False,,,False,8,0
ga,static_live,21,1260.0,21.0,4,disrupted,disrupted,13 24 25 68,2681,2.857142857142857,0.35,0.0,30.51204894886194,18.35,35,2,33,6.497096420747852,3.248548210373926,101.2367842375883,60.0,1320.0,0.0,0.0,0.0,25.747750799986534,0.0,0.0,101.2367842375883,1320.0,103.52697743732766,1583.273940515228,,,,False,False,not_attempted,0,0,0,0,35,10,0.2857142857142857,166.75899310634773,1016.0,False,,,False,8,0
ga,static_live,22,1320.0,22.0,4,disrupted,disrupted,13 24 25 68,2681,2.857142857142857,0.35,0.0,30.51204894886194,18.366666666666667,33,2,31,6.985273373551555,3.4926366867757777,108.22205761113985,60.0,1380.0,0.0,0.0,0.0,25.747750799986534,0.0,0.0,108.22205761113985,1380.0,96.25109678844927,1518.0360377142706,,,,False,False,not_attempted,0,0,0,0,33,9,0.2727272727272727,165.6325293474552,1026.0,False,,,False,8,0
ga,static_live,23,1380.0,23.0,4,disrupted,disrupted,13 24 25 68,2681,2.857142857142857,0.35,0.0,30.51204894886194,18.383333333333333,31,3,28,5.657000707583261,1.8856669025277537,113.87905831872311,60.0,1440.0,0.0,0.0,0.0,25.747750799986534,0.0,0.0,113.87905831872311,1440.0,89.80930052270023,1372.3858265831875,,,,False,False,not_attempted,0,0,0,0,16,4,0.25,164.31078553135953,1167.0,False,,,False,8,0
ga,static_live,24,1440.0,24.0,4,disrupted,disrupted,13 24 25 68,2681,2.857142857142857,0.35,0.0,30.51204894886194,18.4,28,3,25,2.5371417844391493,0.8457139281463831,116.41620010316225,60.0,1500.0,0.0,0.0,0.0,25.747750799986534,0.0,0.0,116.41620010316225,1500.0,84.69204774685839,1372.3858265831875,,,,False,False,not_attempted,0,0,0,0,21,3,0.14285714285714285,164.2174521980262,1167.0,False,,,False,8,0
ga,static_live,25,1500.0,25.0,5,disrupted,disrupted,13 24 25 68,2681,2.857142857142857,0.35,0.0,30.51204894886194,18.416666666666668,25,3,22,5.881158379844426,1.9603861266148088,122.29735848300668,60.0,1560.0,0.0,0.0,0.0,25.747750799986534,0.0,0.0,122.29735848300668,1560.0,82.41288937747441,1344.0893283803293,,,,False,False,not_attempted,0,0,0,0,33,7,0.21212121212121213,162.96160728255734,1236.0,False,,,False,7,0
ga,static_live,26,1560.0,26.0,5,disrupted,disrupted,13 24 25 68,2681,2.857142857142857,0.35,0.0,30.51204894886194,18.433333333333334,22,1,21,4.3596062642075974,4.3596062642075974,126.65696474721427,60.0,1620.0,0.0,0.0,0.0,25.747750799986534,0.0,0.0,126.65696474721427,1620.0,75.05862331105696,1193.3541662079615,,,,False,False,not_attempted,0,0,0,0,11,3,0.2727272727272727,160.8123014298955,1236.0,False,,,False,7,0
ga,static_live,27,1620.0,27.0,5,disrupted,disrupted,13 24 25 68,2681,2.857142857142857,0.35,0.0,30.51204894886194,18.45,21,4,17,7.64097466854409,1.9102436671360226,134.29793941575838,60.0,1680.0,0.0,0.0,0.0,25.747750799986534,0.0,0.0,134.29793941575838,1680.0,71.5910500088215,1193.3541662079615,,,,False,False,not_attempted,0,0,0,0,31,10,0.3225806451612903,158.47438968722122,1245.0,False,,,False,7,0
ga,static_live,28,1680.0,28.0,5,disrupted,disrupted,13 24 25 68,2681,2.857142857142857,0.35,0.0,30.51204894886194,18.466666666666665,17,0,17,13.133337463344724,13.133337463344724,147.4312768791031,60.0,1740.0,0.0,0.0,0.0,25.747750799986534,0.0,0.0,147.4312768791031,1740.0,63.747683529400895,1162.5984538973125,,,,False,False,not_attempted,0,0,0,0,21,17,0.8095238095238095,151.6106121228725,1245.0,False,,,False,5,0
ga,static_live,29,1740.0,29.0,5,disrupted,disrupted,13 24 25 68,2681,2.857142857142857,0.35,0.0,30.51204894886194,18.483333333333334,17,3,14,4.903916915259751,1.6346389717532503,152.33519379436285,60.0,1800.0,0.0,0.0,0.0,25.747750799986534,0.0,0.0,152.33519379436285,1800.0,50.2142377415164,1096.3306936781678,,,,False,False,not_attempted,0,0,0,0,7,5,0.7142857142857143,150.58763607275708,1468.0,False,,,False,5,0
ga,static_live,30,1800.0,30.0,6,recovering,recovering,13 24 25 68,2681,2.857142857142857,0.35,0.0,30.51204894886194,18.5,14,1,13,1.2867868323027243,1.2867868323027243,153.6219806266656,60.0,1860.0,0.0,0.0,0.0,25.747750799986534,0.0,0.0,153.6219806266656,1860.0,46.49987067705801,927.5783082932445,,,,False,False,not_attempted,0,0,0,0,16,0,0.0,150.49430273942374,1468.0,False,,,False,5,0
ga,static_live,31,1860.0,31.0,6,recovering,recovering,13 24 25 68,2681,2.6595744680851063,0.376,0.04,30.91589731653039,18.516666666666666,13,3,10,9.46232426208173,3.1541080873605765,163.0843048887473,60.0,1920.0,0.0,0.0,0.0,25.747750799986534,0.0,0.0,163.0843048887473,1920.0,43.6013222367612,916.9264481518571,,,,False,False,not_attempted,0,0,0,0,25,12,0.48,147.2673870744493,1468.0,False,,,False,5,0
ga,static_live,32,1920.0,32.0,6,recovering,recovering,13 24 25 68,2681,2.4875621890547266,0.40199999999999997,0.08,31.276313688751998,18.533333333333335,10,1,9,4.3627959519995905,4.3627959519995905,167.4471008407469,60.0,1980.0,0.0,0.0,0.0,25.747750799986534,0.0,0.0,167.4471008407469,1980.0,32.326161393212466,890.9804876381403,,,,False,False,not_attempted,0,0,0,0,17,6,0.35294117647058826,147.17405374111596,1607.0,False,,,False,2,0
ga,static_live,33,1980.0,33.0,6,recovering,recovering,13 24 25 68,2681,2.336448598130841,0.428,0.12,31.59994690075087,18.55,9,3,6,2.316525339624514,0.7721751132081712,169.76362618037143,60.0,2040.0,0.0,0.0,0.0,25.747750799986534,0.0,0.0,169.76362618037143,2040.0,28.268535861403297,839.7817145497855,,,,False,False,not_attempted,0,0,0,0,6,6,1.0,147.08220981395198,1635.0,False,,,False,2,0
ga,static_live,34,2040.0,34.0,6,recovering,recovering,13 24 25 68,2681,2.2026431718061676,0.45399999999999996,0.16,31.89215455207436,18.566666666666666,6,0,6,0.7045689821832921,0.7045689821832921,170.46819516255474,60.0,2100.0,0.0,0.0,0.0,25.747750799986534,0.0,0.0,170.46819516255474,2100.0,25.80021549722505,778.9835900627896,,,,False,False,not_attempted,0,0,0,0,21,1,0.047619047619047616,147.08220981395198,1635.0,False,,,False,2,0
ga,static_live,35,2100.0,35.0,7,recovering,recovering,13 24 25 68,2681,2.0833333333333335,0.48,0.2,32.157301947836125,18.583333333333332,6,1,5,0.42076942749285673,0.42076942749285673,170.88896459004758,60.0,2160.0,0.0,0.0,0.0,25.747750799986534,0.0,0.0,170.88896459004758,2160.0,24.986125636825047,719.04982555151,,,,False,False,not_attempted,0,0,0,0,14,0,0.0,147.08220981395198,1725.0,False,,,False,2,0
ga,static_live,36,2160.0,36.0,7,recovering,recovering,13 24 25 68,2681,1.976284584980237,0.506,0.24,32.398981663836956,18.6,5,0,5,0.18666666666666665,0.18666666666666665,171.07563125671425,60.0,2220.0,0.0,0.0,0.0,25.747750799986534,0.0,0.0,171.07563125671425,2220.0,24.096610513755156,581.0429517133433,,,,False,False,not_attempted,0,0,0,0,0,0,0.0,147.08220981395198,1725.0,False,,,False,1,0
ga,static_live,37,2220.0,37.0,7,recovering,recovering,13 24 25 68,2681,1.8796992481203008,0.532,0.28,32.62017728250752,18.616666666666667,5,2,3,0.1867316954542115,0.09336584772710575,171.26236295216844,60.0,2280.0,0.0,0.0,0.0,25.747750799986534,0.0,0.0,171.26236295216844,2280.0,23.887521305263487,581.0429517133433,,,,False,False,not_attempted,0,0,0,0,16,0,0.0,147.08220981395198,1937.0,False,,,False,1,0
ga,static_live,38,2280.0,38.0,7,recovering,recovering,13 24 25 68,2681,1.7921146953405016,0.558,0.32,32.82338718808226,18.633333333333333,3,0,3,0.1204533371669502,0.1204533371669502,171.3828162893354,60.0,2340.0,0.0,0.0,0.0,25.747750799986534,0.0,0.0,171.3828162893354,2340.0,23.545853356896796,537.1666440780969,,,,False,False,not_attempted,0,0,0,0,4,0,0.0,147.08220981395198,1937.0,False,,,False,1,0
ga,static_live,39,2340.0,39.0,7,recovering,recovering,13 24 25 68,2681,1.7123287671232879,0.584,0.36,33.010719343667866,18.65,3,0,3,0.09333333333333332,0.09333333333333332,171.47614962266874,60.0,2400.0,0.0,0.0,0.0,25.747750799986534,0.0,0.0,171.47614962266874,2400.0,23.1540552677399,488.16774001705886,,,,False,False,not_attempted,0,0,0,0,0,0,0.0,147.08220981395198,1937.0,False,,,False,1,0
ga,static_live,40,2400.0,40.0,8,recovering,recovering,13 24 25 68,2681,1.639344262295082,0.61,0.4,33.18396468746468,18.666666666666668,3,1,2,0.14545354244458975,0.14545354244458975,171.62160316511333,60.0,2460.0,0.0,0.0,0.0,25.747750799986534,0.0,0.0,171.62160316511333,2460.0,22.996483403587984,488.16774001705886,,,,False,False,not_attempted,0,0,0,0,6,0,0.0,147.08220981395198,1937.0,False,,,False,1,0
ga,static_live,41,2460.0,41.0,8,recovering,recovering,13 24 25 68,2681,1.572327044025157,0.636,0.44,33.34465457144562,18.683333333333334,2,0,2,0.09333333333333332,0.09333333333333332,171.71493649844666,60.0,2520.0,0.0,0.0,0.0,25.747750799986534,0.0,0.0,171.71493649844666,2520.0,22.582996351338192,488.16774001705886,,,,False,False,not_attempted,0,0,0,0,0,0,0.0,147.08220981395198,1937.0,False,,,False,1,0
ga,static_live,42,2520.0,42.0,8,recovering,recovering,13 24 25 68,2681,1.5105740181268883,0.6619999999999999,0.48,33.49410614862006,18.7,2,1,1,0.20107106470252759,0.20107106470252759,171.91600756314918,60.0,2580.0,0.0,0.0,0.0,25.747750799986534,0.0,0.0,171.91600756314918,2580.0,22.449972194517255,488.16774001705886,,,,False,False,not_attempted,0,0,0,0,9,0,0.0,147.08220981395198,1937.0,False,,,False,1,0
ga,static_live,43,2580.0,43.0,8,recovering,recovering,13 24 25 68,2681,1.4534883720930234,0.688,0.52,33.63345855918624,18.716666666666665,1,0,1,0.48569777584780016,0.48569777584780016,172.40170533899698,60.0,2640.0,0.0,0.0,0.0,25.747750799986534,0.0,0.0,172.40170533899698,2640.0,22.16863857555788,488.16774001705886,,,,False,False,not_attempted,0,0,0,0,22,0,0.0,147.08220981395198,1937.0,False,,,False,1,0
ga,static_live,44,2640.0,44.0,8,recovering,recovering,13 24 25 68,2681,1.400560224089636,0.714,0.56,33.76370202062083,18.733333333333334,1,0,1,0.8143795195575029,0.8143795195575029,173.21608485855447,60.0,2700.0,0.0,0.0,0.0,25.747750799986534,0.0,0.0,173.21608485855447,2700.0,21.557327785257915,488.16774001705886,,,,False,False,not_attempted,0,0,0,0,6,0,0.0,147.08220981395198,1937.0,False,,,False,1,0
ga,static_live,45,2700.0,45.0,9,recovering,recovering,13 24 25 68,2681,1.3513513513513513,0.74,0.6,33.885701393776806,18.75,1,0,1,0.09333333333333332,0.09333333333333332,173.3094181918878,60.0,2760.0,0.0,0.0,0.0,25.747750799986534,0.0,0.0,173.3094181918878,2760.0,20.495025166388004,488.16774001705886,,,,False,False,not_attempted,0,0,0,0,0,0,0.0,147.08220981395198,1937.0,False,,,False,0,0
ga,static_live,46,2760.0,46.0,9,recovering,recovering,13 24 25 68,2681,1.3054830287206267,0.766,0.64,34.00021541123871,18.766666666666666,1,1,0,20.35234282953296,20.35234282953296,193.66176102142077,538.3359920359926,3298.3359920359926,0.0,0.0,0.0,25.747750799986534,0.0,0.0,193.66176102142077,3298.3359920359926,20.396782220091147,488.16774001705886,,,,False,False,not_attempted,0,0,0,0,358,6,0.01675977653631285,142.4812934036031,1937.0,True,,,False,0,0
ga,static_frozen,0,0.0,0.0,0,normal,initial,13 24 25 68,0,1.0,1.0,0.0,34.78037077224997,18.0,84,0,84,17.649882122789972,17.649882122789972,17.649882122789972,60.0,60.0,8.482715899939649,17.265034900046885,25.747750799986534,25.747750799986534,0.0,0.0,17.649882122789972,60.0,137.0202222079973,2575.791665618115,,,,False,False,initial_plan,0,0,0,0,110,0,0.0,177.61134889028398,0.0,False,,,True,10,10
ga,static_frozen,1,60.0,1.0,0,normal,normal,13 24 25 68,0,1.0,1.0,0.0,34.78037077224997,18.016666666666666,84,0,84,3.860832221189131,3.860832221189131,21.510714343979103,60.0,120.0,0.0,0.0,0.0,25.747750799986534,0.0,0.0,21.510714343979103,120.0,118.33481725358962,2408.508397267874,,,,False,False,not_attempted,0,0,0,0,48,0,0.0,176.09020652430007,0.0,False,,,False,10,10
ga,static_frozen,2,120.0,2.0,0,normal,normal,13 24 25 68,0,1.0,1.0,0.0,34.78037077224997,18.033333333333335,84,5,79,5.469586054369472,1.0939172108738944,26.980300398348575,60.0,180.0,0.0,0.0,0.0,25.747750799986534,0.0,0.0,26.980300398348575,180.0,114.32039977398952,2408.508397267874,,,,False,False,not_attempted,0,0,0,0,54,0,0.0,174.7596401655785,230.0,False,,,False,10,5
ga,static_frozen,3,180.0,3.0,0,normal,normal,13 24 25 68,0,1.0,1.0,0.0,34.78037077224997,18.05,79,2,77,7.011609396691212,3.505804698345606,33.99190979503979,60.0,240.0,0.0,0.0,0.0,25.747750799986534,0.0,0.0,33.99190979503979,240.0,109.00105004153725,2395.4649197227227,,,,False,False,not_attempted,0,0,0,0,102,0,0.0,174.34235459366602,230.0,False,,,False,10,3
ga,static_frozen,4,240.0,4.0,0,normal,normal,13 24 25 68,0,1.0,1.0,0.0,34.78037077224997,18.066666666666666,77,0,77,7.1547879192985535,7.1547879192985535,41.146697714338345,60.0,300.0,0.0,0.0,0.0,25.747750799986534,0.0,0.0,41.146697714338345,300.0,102.22978058226929,2222.1724931702206,,,,False,False,not_attempted,0,0,0,0,63,0,0.0,173.4394704160569,230.0,False,,,False,10,3
ga,static_frozen,5,300.0,5.0,1,normal,normal,13 24 25 68,0,1.0,1.0,0.0,34.78037077224997,18.083333333333332,77,3,74,2.675963325709791,0.891987775236597,43.82266104004813,60.0,360.0,0.0,0.0,0.0,25.747750799986534,0.0,0.0,43.82266104004813,360.0,95.1717140869908,2222.1724931702206,,,,False,False,not_attempted,0,0,0,0,34,0,0.0,173.10775928116314,402.0,False,,,False,10,2
ga,static_frozen,6,360.0,6.0,1,normal,normal,13 24 25 68,0,1.0,1.0,0.0,34.78037077224997,18.1,74,2,72,2.766193936465484,1.383096968232742,46.588854976513616,60.0,420.0,0.0,0.0,0.0,25.747750799986534,0.0,0.0,46.588854976513616,420.0,92.60410325990152,2214.6116397759683,,,,False,False,not_attempted,0,0,0,0,81,0,0.0,173.0144259478298,422.0,False,,,False,10,1
ga,static_frozen,7,420.0,7.0,1,normal,normal,13 24 25 68,0,1.0,1.0,0.0,34.78037077224997,18.116666666666667,72,4,68,4.347192794898818,1.0867981987247044,50.93604777141243,60.0,480.0,0.0,0.0,0.0,25.747750799986534,0.0,0.0,50.93604777141243,480.0,89.92368642949396,2148.2053198083527,,,,False,False,not_attempted,0,0,0,0,87,0,0.0,171.7315048732715,422.0,False,,,False,10,0
ga,static_frozen,8,480.0,8.0,1,normal,normal,13 24 25 68,0,1.0,1.0,0.0,34.78037077224997,18.133333333333333,68,2,66,2.5250093236515756,1.2625046618257878,53.46105709506401,60.0,540.0,0.0,0.0,0.0,25.747750799986534,0.0,0.0,53.46105709506401,540.0,85.28714308081315,2087.667082619376,,,,False,False,not_attempted,0,0,0,0,64,0,0.0,171.63817153993816,647.0,False,,,False,10,0
ga,static_frozen,9,540.0,9.0,1,normal,normal,13 24 25 68,0,1.0,1.0,0.0,34.78037077224997,18.15,66,4,62,3.0619730013422446,0.7654932503355611,56.52303009640625,60.0,600.0,0.0,0.0,0.0,25.747750799986534,0.0,0.0,56.52303009640625,600.0,82.77007440456873,1959.541901191854,,,,False,False,not_attempted,0,0,0,0,70,0,0.0,171.54640459197284,647.0,False,,,False,10,0
ga,static_frozen,10,600.0,10.0,2,degrading,degrading,13 24 25 68,0,1.0,1.0,0.0,34.78037077224997,18.166666666666668,62,3,59,4.390709018242486,1.4635696727474954,60.913739114648735,60.0,660.0,0.0,0.0,0.0,25.747750799986534,0.0,0.0,60.913739114648735,660.0,80.09411359828835,1959.541901191854,,,,False,False,not_attempted,0,0,0,0,80,0,0.0,171.29011539682318,647.0,False,,,False,10,0
ga,static_frozen,11,660.0,11.0,2,degrading,degrading,13 24 25 68,2681,1.06951871657754,0.935,0.0,34.60155362914376,18.183333333333334,59,1,58,2.5435564998420985,2.5435564998420985,63.45729561449083,60.0,720.0,0.0,0.0,0.0,25.747750799986534,0.0,0.0,63.45729561449083,720.0,78.01241239692338,1909.3703378676144,,,,False,False,not_attempted,0,0,0,0,48,1,0.020833333333333332,171.00102300959978,647.0,False,,,False,9,0
ga,static_frozen,12,720.0,12.0,2,degrading,degrading,13 24 25 68,2681,1.1494252873563218,0.87,0.0,34.39569006737746,18.2,58,4,54,2.5692178410312376,0.6423044602578094,66.02651345552206,60.0,780.0,0.0,0.0,0.0,25.747750799986534,0.0,0.0,66.02651345552206,780.0,78.96371239298753,1819.7114166247723,,,,False,False,not_attempted,0,0,0,0,30,1,0.03333333333333333,169.9712503230566,647.0,False,,,False,8,0
ga,static_frozen,13,780.0,13.0,2,degrading,degrading,13 24 25 68,2681,1.2422360248447206,0.8049999999999999,0.0,34.15939207694038,18.216666666666665,54,2,52,3.180523834500361,1.5902619172501804,69.20703729002243,60.0,840.0,0.0,0.0,0.0,25.747750799986534,0.0,0.0,69.20703729002243,840.0,80.28580587098625,1833.5846743962227,,,,False,False,not_attempted,0,0,0,0,39,11,0.28205128205128205,168.71761683890924,822.0,False,,,False,8,0
ga,static_frozen,14,840.0,14.0,2,degrading,degrading,13 24 25 68,2681,1.3513513513513513,0.74,0.0,33.885701393776806,18.233333333333334,52,3,49,2.0359445505070948,0.6786481835023649,71.24298184052952,60.0,900.0,0.0,0.0,0.0,25.747750799986534,0.0,0.0,71.24298184052952,900.0,81.09766276715497,1735.3772354904074,,,,False,False,not_attempted,0,0,0,0,26,2,0.07692307692307693,168.45431870529004,822.0,False,,,False,8,0
ga,static_frozen,15,900.0,15.0,3,degrading,degrading,13 24 25 68,2681,1.4814814814814814,0.675,0.0,33.56497967065395,18.25,49,3,46,3.737191221132232,1.2457304070440773,74.98017306166176,60.0,960.0,0.0,0.0,0.0,25.747750799986534,0.0,0.0,74.98017306166176,960.0,84.34141502813323,1754.682745835313,,,,False,False,not_attempted,0,0,0,0,52,14,0.2692307692307692,168.40964054293931,822.0,False,,,False,8,0
ga,static_frozen,16,960.0,16.0,3,degrading,degrading,13 24 25 68,2681,1.639344262295082,0.61,0.0,33.18396468746468,18.266666666666666,46,1,45,4.764389060208371,4.764389060208371,79.74456212187013,60.0,1020.0,0.0,0.0,0.0,25.747750799986534,0.0,0.0,79.74456212187013,1020.0,86.62736354905314,1720.4852470630863,,,,False,False,not_attempted,0,0,0,0,47,17,0.3617021276595745,168.22948449364316,822.0,False,,,False,8,0
ga,static_frozen,17,1020.0,17.0,3,degrading,degrading,13 24 25 68,2681,1.8348623853211008,0.545,0.0,32.72389050058952,18.283333333333335,45,3,42,3.7885110512163873,1.262837017072129,83.53307317308652,60.0,1080.0,0.0,0.0,0.0,25.747750799986534,0.0,0.0,83.53307317308652,1080.0,88.704868628467,1691.0581732186545,,,,False,False,not_attempted,0,0,0,0,51,8,0.1568627450980392,167.79125730814323,943.0,False,,,False,8,0
ga,static_frozen,18,1080.0,18.0,3,degrading,degrading,13 24 25 68,2681,2.0833333333333335,0.48,0.0,32.157301947836125,18.3,42,1,41,4.958254791892922,4.958254791892922,88.49132796497945,60.0,1140.0,0.0,0.0,0.0,25.747750799986534,0.0,0.0,88.49132796497945,1140.0,92.36462434071451,1659.7110964403532,,,,False,False,not_attempted,0,0,0,0,24,5,0.20833333333333334,167.6979239748099,943.0,False,,,False,8,0
ga,static_frozen,19,1140.0,19.0,3,degrading,degrading,13 24 25 68,2681,2.409638554216868,0.4149999999999999,0.0,31.44236703830193,18.316666666666666,41,3,38,3.766577093112711,1.255525697704237,92.25790505809216,60.0,1200.0,0.0,0.0,0.0,25.747750799986534,0.0,0.0,92.25790505809216,1200.0,96.80019366936145,1640.570820643149,,,,False,False,not_attempted,0,0,0,0,17,6,0.35294117647058826,167.28329599507245,943.0,False,,,False,8,0
ga,static_frozen,20,1200.0,20.0,4,disrupted,holding,13 24 25 68,2681,2.857142857142857,0.35,0.0,30.51204894886194,18.333333333333332,38,3,35,5.060772395624781,1.686924131874927,97.31867745371694,60.0,1260.0,0.0,0.0,0.0,25.747750799986534,0.0,0.0,97.31867745371694,1260.0,106.93262207464211,1583.273940515228,,,,False,False,not_attempted,0,0,0,0,22,4,0.18181818181818182,166.2763806257411,993.0,False,,,False,8,0
ga,static_frozen,21,1260.0,21.0,4,disrupted,disrupted,13 24 25 68,2681,2.857142857142857,0.35,0.0,30.51204894886194,18.35,35,2,33,7.221461606492163,3.6107308032460814,104.5401390602091,60.0,1320.0,0.0,0.0,0.0,25.747750799986534,0.0,0.0,104.5401390602091,1320.0,102.66358332266569,1583.273940515228,,,,False,False,not_attempted,0,0,0,0,41,13,0.3170731707317073,164.23128426394226,1016.0,False,,,False,8,0
ga,static_frozen,22,1320.0,22.0,4,disrupted,disrupted,13 24 25 68,2681,2.857142857142857,0.35,0.0,30.51204894886194,18.366666666666667,33,2,31,6.019059244601363,3.0095296223006813,110.55919830481047,60.0,1380.0,0.0,0.0,0.0,25.747750799986534,0.0,0.0,110.55919830481047,1380.0,95.45188907524852,1518.0360377142706,,,,False,False,not_attempted,0,0,0,0,30,7,0.23333333333333334,164.07719304820532,1026.0,False,,,False,8,0
ga,static_frozen,23,1380.0,23.0,4,disrupted,disrupted,13 24 25 68,2681,2.857142857142857,0.35,0.0,30.51204894886194,18.383333333333333,31,3,28,5.657000707583261,1.8856669025277537,116.21619901239373,60.0,1440.0,0.0,0.0,0.0,25.747750799986534,0.0,0.0,116.21619901239373,1440.0,89.80930052270023,1372.3858265831875,,,,False,False,not_attempted,0,0,0,0,16,4,0.25,163.98385971487198,1167.0,False,,,False,8,0
ga,static_frozen,24,1440.0,24.0,4,disrupted,disrupted,13 24 25 68,2681,2.857142857142857,0.35,0.0,30.51204894886194,18.4,28,3,25,4.348062535765994,1.4493541785886646,120.56426154815972,60.0,1500.0,0.0,0.0,0.0,25.747750799986534,0.0,0.0,120.56426154815972,1500.0,84.69204774685839,1372.3858265831875,,,,False,False,not_attempted,0,0,0,0,33,8,0.24242424242424243,163.7284043805981,1167.0,False,,,False,8,0
ga,static_frozen,25,1500.0,25.0,5,disrupted,disrupted,13 24 25 68,2681,2.857142857142857,0.35,0.0,30.51204894886194,18.416666666666668,25,3,22,6.321197275001473,2.107065758333824,126.88545882316119,60.0,1560.0,0.0,0.0,0.0,25.747750799986534,0.0,0.0,126.88545882316119,1560.0,82.04928734774579,1339.7244554538133,,,,False,False,not_attempted,0,0,0,0,33,7,0.21212121212121213,162.96160728255734,1236.0,False,,,False,7,0
ga,static_frozen,26,1560.0,26.0,5,disrupted,disrupted,13 24 25 68,2681,2.857142857142857,0.35,0.0,30.51204894886194,18.433333333333334,22,2,20,3.8246199214341536,1.9123099607170768,130.71007874459534,60.0,1620.0,0.0,0.0,0.0,25.747750799986534,0.0,0.0,130.71007874459534,1620.0,74.41534527413754,1193.3541662079615,,,,False,False,not_attempted,0,0,0,0,5,3,0.6,160.8123014298955,1236.0,False,,,False,7,0
ga,static_frozen,27,1620.0,27.0,5,disrupted,disrupted,13 24 25 68,2681,2.857142857142857,0.35,0.0,30.51204894886194,18.45,20,3,17,7.9652571599080515,2.6550857199693505,138.67533590450338,60.0,1680.0,0.0,0.0,0.0,25.747750799986534,0.0,0.0,138.67533590450338,1680.0,71.34321911918762,1193.3541662079615,,,,False,False,not_attempted,0,0,0,0,31,11,0.3548387096774194,158.47438968722122,1245.0,False,,,False,6,0
ga,static_frozen,28,1680.0,28.0,5,disrupted,disrupted,13 24 25 68,2681,2.857142857142857,0.35,0.0,30.51204894886194,18.466666666666665,17,1,16,12.839920478942268,12.839920478942268,151.51525638344566,60.0,1740.0,0.0,0.0,0.0,25.747750799986534,0.0,0.0,151.51525638344566,1740.0,63.35147642214063,1155.2227966360385,,,,False,False,not_attempted,0,0,0,0,20,16,0.8,151.6106121228725,1288.0,False,,,False,5,0
ga,static_frozen,29,1740.0,29.0,5,disrupted,disrupted,13 24 25 68,2681,2.857142857142857,0.35,0.0,30.51204894886194,18.483333333333334,16,2,14,4.71847959888718,2.35923979944359,156.23373598233283,60.0,1800.0,0.0,0.0,0.0,25.747750799986534,0.0,0.0,156.23373598233283,1800.0,50.2142377415164,1096.3306936781678,,,,False,False,not_attempted,0,0,0,0,7,5,0.7142857142857143,150.58763607275708,1468.0,False,,,False,5,0
ga,static_frozen,30,1800.0,30.0,6,recovering,recovering,13 24 25 68,2681,2.857142857142857,0.35,0.0,30.51204894886194,18.5,14,1,13,1.2867868323027243,1.2867868323027243,157.52052281463557,60.0,1860.0,0.0,0.0,0.0,25.747750799986534,0.0,0.0,157.52052281463557,1860.0,46.49987067705801,927.5783082932445,,,,False,False,not_attempted,0,0,0,0,16,0,0.0,150.49430273942374,1468.0,False,,,False,5,0
ga,static_frozen,31,1860.0,31.0,6,recovering,recovering,13 24 25 68,2681,2.6595744680851063,0.376,0.04,30.91589731653039,18.516666666666666,13,3,10,9.606225740344062,3.202075246781354,167.12674855497963,60.0,1920.0,0.0,0.0,0.0,25.747750799986534,0.0,0.0,167.12674855497963,1920.0,43.6013222367612,916.9264481518571,,,,False,False,not_attempted,0,0,0,0,25,12,0.48,147.2673870744493,1468.0,False,,,False,5,0
ga,static_frozen,32,1920.0,32.0,6,recovering,recovering,13 24 25 68,2681,2.4875621890547266,0.40199999999999997,0.08,31.276313688751998,18.533333333333335,10,1,9,5.819618374016981,5.819618374016981,172.9463669289966,60.0,1980.0,0.0,0.0,0.0,25.747750799986534,0.0,0.0,172.9463669289966,1980.0,32.326161393212466,890.9804876381403,,,,False,False,not_attempted,0,0,0,0,25,14,0.56,147.17405374111596,1607.0,False,,,False,2,0
ga,static_frozen,33,1980.0,33.0,6,recovering,recovering,13 24 25 68,2681,2.336448598130841,0.428,0.12,31.59994690075087,18.55,9,3,6,4.038055335188939,1.3460184450629795,176.98442226418555,60.0,2040.0,0.0,0.0,0.0,25.747750799986534,0.0,0.0,176.98442226418555,2040.0,28.265952384374774,867.4696732567467,,,,False,False,not_attempted,0,0,0,0,12,12,1.0,146.24499771202616,1635.0,False,,,False,2,0
ga,static_frozen,34,2040.0,34.0,6,recovering,recovering,13 24 25 68,2681,2.2026431718061676,0.45399999999999996,0.16,31.89215455207436,18.566666666666666,6,0,6,0.596680057488518,0.596680057488518,177.58110232167408,60.0,2100.0,0.0,0.0,0.0,25.747750799986534,0.0,0.0,177.58110232167408,2100.0,25.66072297144579,782.4617194367881,,,,False,False,not_attempted,0,0,0,0,18,1,0.05555555555555555,145.74165098787105,1635.0,False,,,False,2,0
ga,static_frozen,35,2100.0,35.0,7,recovering,recovering,13 24 25 68,2681,2.0833333333333335,0.48,0.2,32.157301947836125,18.583333333333332,6,1,5,0.4190719288445244,0.4190719288445244,178.0001742505186,60.0,2160.0,0.0,0.0,0.0,25.747750799986534,0.0,0.0,178.0001742505186,2160.0,24.986125636825047,722.230894490218,,,,False,False,not_attempted,0,0,0,0,15,0,0.0,145.51764152938173,1725.0,False,,,False,2,0
ga,static_frozen,36,2160.0,36.0,7,recovering,recovering,13 24 25 68,2681,1.976284584980237,0.506,0.24,32.398981663836956,18.6,5,0,5,0.18666666666666665,0.18666666666666665,178.18684091718526,60.0,2220.0,0.0,0.0,0.0,25.747750799986534,0.0,0.0,178.18684091718526,2220.0,24.096610513755156,581.0429517133433,,,,False,False,not_attempted,0,0,0,0,0,0,0.0,145.4243081960484,1725.0,False,,,False,1,0
ga,static_frozen,37,2220.0,37.0,7,recovering,recovering,13 24 25 68,2681,1.8796992481203008,0.532,0.28,32.62017728250752,18.616666666666667,5,2,3,0.18423881735305705,0.09211940867652853,178.3710797345383,60.0,2280.0,0.0,0.0,0.0,25.747750799986534,0.0,0.0,178.3710797345383,2280.0,23.887521305263487,581.0429517133433,,,,False,False,not_attempted,0,0,0,0,16,0,0.0,145.2600752289146,1937.0,False,,,False,1,0
ga,static_frozen,38,2280.0,38.0,7,recovering,recovering,13 24 25 68,2681,1.7921146953405016,0.558,0.32,32.82338718808226,18.633333333333333,3,0,3,0.12294621526810465,0.12294621526810465,178.49402594980643,60.0,2340.0,0.0,0.0,0.0,25.747750799986534,0.0,0.0,178.49402594980643,2340.0,23.545853356896796,537.1666440780969,,,,False,False,not_attempted,0,0,0,0,4,0,0.0,145.1371290136465,1937.0,False,,,False,1,0
ga,static_frozen,39,2340.0,39.0,7,recovering,recovering,13 24 25 68,2681,1.7123287671232879,0.584,0.36,33.010719343667866,18.65,3,0,3,0.09333333333333332,0.09333333333333332,178.58735928313976,60.0,2400.0,0.0,0.0,0.0,25.747750799986534,0.0,0.0,178.58735928313976,2400.0,23.1540552677399,488.16774001705886,,,,False,False,not_attempted,0,0,0,0,0,0,0.0,145.04379568031317,1937.0,False,,,False,1,0
ga,static_frozen,40,2400.0,40.0,8,recovering,recovering,13 24 25 68,2681,1.639344262295082,0.61,0.4,33.18396468746468,18.666666666666668,3,1,2,0.14545354244458975,0.14545354244458975,178.73281282558435,60.0,2460.0,0.0,0.0,0.0,25.747750799986534,0.0,0.0,178.73281282558435,2460.0,22.996483403587984,488.16774001705886,,,,False,False,not_attempted,0,0,0,0,6,0,0.0,144.89834213786858,1937.0,False,,,False,1,0
ga,static_frozen,41,2460.0,41.0,8,recovering,recovering,13 24 25 68,2681,1.572327044025157,0.636,0.44,33.34465457144562,18.683333333333334,2,0,2,0.09333333333333332,0.09333333333333332,178.82614615891768,60.0,2520.0,0.0,0.0,0.0,25.747750799986534,0.0,0.0,178.82614615891768,2520.0,22.582996351338192,488.16774001705886,,,,False,False,not_attempted,0,0,0,0,0,0,0.0,144.80500880453525,1937.0,False,,,False,1,0
ga,static_frozen,42,2520.0,42.0,8,recovering,recovering,13 24 25 68,2681,1.5105740181268883,0.6619999999999999,0.48,33.49410614862006,18.7,2,1,1,0.1953114566690823,0.1953114566690823,179.02145761558677,60.0,2580.0,0.0,0.0,0.0,25.747750799986534,0.0,0.0,179.02145761558677,2580.0,22.449972194517255,488.16774001705886,,,,False,False,not_attempted,0,0,0,0,9,0,0.0,144.6096973478661,1937.0,False,,,False,1,0
ga,static_frozen,43,2580.0,43.0,8,recovering,recovering,13 24 25 68,2681,1.4534883720930234,0.688,0.52,33.63345855918624,18.716666666666665,1,0,1,0.46539513322591564,0.46539513322591564,179.48685274881268,60.0,2640.0,0.0,0.0,0.0,25.747750799986534,0.0,0.0,179.48685274881268,2640.0,22.16863857555788,488.16774001705886,,,,False,False,not_attempted,0,0,0,0,22,0,0.0,144.1443022146402,1937.0,False,,,False,1,0
ga,static_frozen,44,2640.0,44.0,8,recovering,recovering,13 24 25 68,2681,1.400560224089636,0.714,0.56,33.76370202062083,18.733333333333334,1,0,1,0.8404417702128327,0.8404417702128327,180.32729451902551,60.0,2700.0,0.0,0.0,0.0,25.747750799986534,0.0,0.0,180.32729451902551,2700.0,21.557327785257915,488.16774001705886,,,,False,False,not_attempted,0,0,0,0,6,0,0.0,143.3038604444274,1937.0,False,,,False,1,0
ga,static_frozen,45,2700.0,45.0,9,recovering,recovering,13 24 25 68,2681,1.3513513513513513,0.74,0.6,33.885701393776806,18.75,1,0,1,0.09333333333333332,0.09333333333333332,180.42062785235885,60.0,2760.0,0.0,0.0,0.0,25.747750799986534,0.0,0.0,180.42062785235885,2760.0,20.495025166388004,488.16774001705886,,,,False,False,not_attempted,0,0,0,0,0,0,0.0,143.21052711109405,1937.0,False,,,False,0,0
ga,static_frozen,46,2760.0,46.0,9,recovering,recovering,13 24 25 68,2681,1.3054830287206267,0.766,0.64,34.00021541123871,18.766666666666666,1,1,0,20.354040328181295,20.354040328181295,200.77466818054012,539.4272411670634,3299.427241167063,0.0,0.0,0.0,25.747750799986534,0.0,0.0,200.77466818054012,3299.427241167063,20.396782220091147,488.16774001705886,,,,False,False,not_attempted,0,0,0,0,358,6,0.01675977653631285,142.01941148051483,1937.0,True,,,False,0,0
