method,policy,epoch,elapsed_s,elapsed_min,replan_epoch,traffic_state,traffic_change,center_bins,affected_edges,peak_tt_multiplier,speed_multiplier,recovery_progress,network_speed_kmh,sim_hour,remaining_bins_before,served_bins_epoch,remaining_bins_after,epoch_energy_kwh,epoch_energy_per_served_bin_kwh,cumulative_energy_kwh,epoch_operating_s,cumulative_operating_s,oracle_runtime_s,solver_runtime_s,planning_runtime_s,cumulative_planning_runtime_s,compute_wait_aux_energy_kwh,cumulative_compute_wait_aux_energy_kwh,latency_adjusted_energy_kwh,latency_adjusted_time_s,planned_remaining_energy_kwh,planned_remaining_makespan_s,incumbent_plan_energy_kwh,candidate_plan_energy_kwh,candidate_energy_improvement_kwh,replan_attempted,replan_accepted,acceptance_reason,candidate_next_choice_changes,candidate_reassigned_bins,next_choice_changes,reassigned_bins,traversed_edges,disrupted_edges_traversed,disrupted_edge_share,min_battery_kwh,max_payload_kg,returned_to_depot,converged,rounds,replanned,active_planning_vehicles,vehicles_still_requiring_first_service
proposed,adaptive,0,0.0,0.0,0,normal,initial,2 14 53 69,0,1.0,1.0,0.0,34.78037077224997,18.0,84,0,84,18.947812200580838,18.947812200580838,18.947812200580838,60.0,60.0,10.709383900044486,1128.8861950000282,1139.5955789000727,1139.5955789000727,0.0,0.0,18.947812200580838,60.0,124.98723160038621,2771.5048752969888,,,,False,False,initial_plan,0,0,0,0,123,0,0.0,177.2717760608753,0.0,False,,,True,10,10
proposed,adaptive,1,60.0,1.0,0,normal,normal,2 14 53 69,0,1.0,1.0,0.0,34.78037077224997,18.016666666666666,84,0,84,3.6431287464134887,3.6431287464134887,22.590940946994326,60.0,120.0,0.0,0.0,0.0,1139.5955789000727,0.0,0.0,22.590940946994326,120.0,105.50890338066785,2707.1370397431347,,,,False,False,not_attempted,0,0,0,0,83,0,0.0,176.43141531177028,0.0,False,,,False,9,10
proposed,adaptive,2,120.0,2.0,0,normal,normal,2 14 53 69,0,1.0,1.0,0.0,34.78037077224997,18.033333333333335,84,3,81,2.150613593169741,0.716871197723247,24.741554540164067,60.0,180.0,0.0,0.0,0.0,1139.5955789000727,0.0,0.0,24.741554540164067,180.0,101.10086336244001,2575.1489099165824,,,,False,False,not_attempted,0,0,0,0,49,0,0.0,176.33808197843695,215.0,False,,,False,8,7
proposed,adaptive,3,180.0,3.0,0,normal,normal,2 14 53 69,0,1.0,1.0,0.0,34.78037077224997,18.05,81,3,78,3.271356097706687,1.0904520325688958,28.012910637870753,60.0,240.0,0.0,0.0,0.0,1139.5955789000727,0.0,0.0,28.012910637870753,240.0,99.24169389457438,2575.1489099165824,,,,False,False,not_attempted,0,0,0,0,57,0,0.0,176.08417388140913,215.0,False,,,False,8,4
proposed,adaptive,4,240.0,4.0,0,normal,normal,2 14 53 69,0,1.0,1.0,0.0,34.78037077224997,18.066666666666666,78,1,77,3.7024315460081656,3.7024315460081656,31.715342183878917,60.0,300.0,0.0,0.0,0.0,1139.5955789000727,0.0,0.0,31.715342183878917,300.0,96.4371557706104,2523.292639918653,,,,False,False,not_attempted,0,0,0,0,61,0,0.0,174.23595111138894,249.0,False,,,False,7,3
proposed,adaptive,5,300.0,5.0,1,normal,normal,2 14 53 69,0,1.0,1.0,0.0,34.78037077224997,18.083333333333332,77,2,75,2.7189758189326834,1.3594879094663417,34.4343180028116,60.0,360.0,9.167419500066899,137.2520630999934,146.4194826000603,1286.015061500133,0.0,0.0,34.4343180028116,360.0,92.79090225860935,2353.701123446594,92.79090225860935,96.66345094303185,-3.8725486844224974,True,False,incumbent_not_worse,8,51,0,0,41,0,0.0,174.1426177780556,402.0,False,True,21.0,True,7,3
proposed,adaptive,6,360.0,6.0,1,normal,normal,2 14 53 69,0,1.0,1.0,0.0,34.78037077224997,18.1,75,3,72,4.611279417259635,1.5370931390865452,39.04559742007124,60.0,420.0,0.0,0.0,0.0,1286.015061500133,0.0,0.0,39.04559742007124,420.0,90.05551392370413,2353.701123446594,,,,False,False,not_attempted,0,0,0,0,41,0,0.0,173.80269504982573,402.0,False,,,False,7,2
proposed,adaptive,7,420.0,7.0,1,normal,normal,2 14 53 69,0,1.0,1.0,0.0,34.78037077224997,18.116666666666667,72,1,71,5.190400002822974,5.190400002822974,44.235997422894215,60.0,480.0,0.0,0.0,0.0,1286.015061500133,0.0,0.0,44.235997422894215,480.0,85.29960763845678,2350.428994697508,,,,False,False,not_attempted,0,0,0,0,51,0,0.0,171.7315048732715,402.0,False,,,False,7,1
proposed,adaptive,8,480.0,8.0,1,normal,normal,2 14 53 69,0,1.0,1.0,0.0,34.78037077224997,18.133333333333333,71,2,69,2.495136967710586,1.247568483855293,46.7311343906048,60.0,540.0,0.0,0.0,0.0,1286.015061500133,0.0,0.0,46.7311343906048,540.0,79.97940923294234,2176.3863390623183,,,,False,False,not_attempted,0,0,0,0,19,0,0.0,171.63817153993816,422.0,False,,,False,7,0
proposed,adaptive,9,540.0,9.0,1,normal,normal,2 14 53 69,0,1.0,1.0,0.0,34.78037077224997,18.15,69,4,65,2.2682353970901716,0.5670588492725429,48.999369787694974,60.0,600.0,0.0,0.0,0.0,1286.015061500133,0.0,0.0,48.999369787694974,600.0,77.62879857543831,2176.3863390623183,,,,False,False,not_attempted,0,0,0,0,19,0,0.0,171.54640459197284,574.0,False,,,False,7,0
proposed,adaptive,10,600.0,10.0,2,degrading,degrading,2 14 53 69,0,1.0,1.0,0.0,34.78037077224997,18.166666666666668,65,1,64,2.264359248722955,2.264359248722955,51.26372903641793,60.0,660.0,5.64999645575881e-05,69.97081489989068,69.97087139985524,1355.9859328999883,0.0,0.0,51.26372903641793,660.0,75.37762181306357,2157.509480549697,75.37762181306357,80.01441057614328,-4.636788763079707,True,False,incumbent_not_worse,4,25,0,0,29,0,0.0,171.29011539682318,574.0,False,True,22.0,True,7,0
proposed,adaptive,11,660.0,11.0,2,degrading,degrading,2 14 53 69,1687,1.06951871657754,0.935,0.0,34.631729320613424,18.183333333333334,64,2,62,3.183756177272239,1.5918780886361195,54.447485213690165,60.0,720.0,0.0,0.0,0.0,1355.9859328999883,0.0,0.0,54.447485213690165,720.0,76.0898888926972,2036.8870791711477,,,,False,False,not_attempted,0,0,0,0,40,7,0.175,171.19678206348985,700.0,False,,,False,7,0
proposed,adaptive,12,720.0,12.0,2,degrading,degrading,2 14 53 69,1687,1.1494252873563218,0.87,0.0,34.46243886002531,18.2,62,3,59,3.692225693887789,1.2307418979625964,58.13971090757796,60.0,780.0,0.0,0.0,0.0,1355.9859328999883,0.0,0.0,58.13971090757796,780.0,76.36279196230426,2062.7340282675214,,,,False,False,not_attempted,0,0,0,0,39,12,0.3076923076923077,169.8415741960272,791.0,False,,,False,7,0
proposed,adaptive,13,780.0,13.0,2,degrading,degrading,2 14 53 69,1687,1.2422360248447206,0.8049999999999999,0.0,34.26787542813574,18.216666666666665,59,1,58,3.578029591587985,3.578029591587985,61.71774049916594,60.0,840.0,0.0,0.0,0.0,1355.9859328999883,0.0,0.0,61.71774049916594,840.0,76.3441028607474,2065.5525445564285,,,,False,False,not_attempted,0,0,0,0,47,1,0.02127659574468085,168.29980073427532,791.0,False,,,False,7,0
proposed,adaptive,14,840.0,14.0,2,degrading,degrading,2 14 53 69,1687,1.3513513513513513,0.74,0.0,34.04192309575753,18.233333333333334,58,2,56,1.9330597696140626,0.9665298848070313,63.65080026878,60.0,900.0,0.0,0.0,0.0,1355.9859328999883,0.0,0.0,63.65080026878,900.0,77.5577692330422,2040.5397028011726,,,,False,False,not_attempted,0,0,0,0,44,0,0.0,167.76734229199656,848.0,False,,,False,7,0
proposed,adaptive,15,900.0,15.0,3,degrading,degrading,2 14 53 69,1687,1.4814814814814814,0.675,0.0,33.77631942075436,18.25,56,2,54,1.731732878878158,0.865866439439079,65.38253314765817,60.0,960.0,9.108768100035377,90.31043129996397,99.41919939999934,1455.4051322999876,0.0,0.0,65.38253314765817,960.0,81.0607004035029,1938.372941425294,81.0607004035029,93.84236713402342,-12.781666730520513,True,False,incumbent_not_worse,5,26,0,0,32,0,0.0,167.67400895866322,848.0,False,True,24.0,True,7,0
proposed,adaptive,16,960.0,16.0,3,degrading,degrading,2 14 53 69,1687,1.639344262295082,0.61,0.0,33.459623168665104,18.266666666666666,54,2,52,2.0235763606779917,1.0117881803389959,67.40610950833616,60.0,1020.0,0.0,0.0,0.0,1455.4051322999876,0.0,0.0,67.40610950833616,1020.0,85.84308417715815,1985.7737354488725,,,,False,False,not_attempted,0,0,0,0,28,0,0.0,166.70932925852756,907.0,False,,,False,7,0
proposed,adaptive,17,1020.0,17.0,3,degrading,degrading,2 14 53 69,1687,1.8348623853211008,0.545,0.0,33.07552291825965,18.283333333333335,52,4,48,3.8694912169639144,0.9673728042409786,71.27560072530007,60.0,1080.0,0.0,0.0,0.0,1455.4051322999876,0.0,0.0,71.27560072530007,1080.0,92.3731057470332,2001.4067228729634,,,,False,False,not_attempted,0,0,0,0,43,0,0.0,166.07354639591406,930.0,False,,,False,7,0
proposed,adaptive,18,1080.0,18.0,3,degrading,degrading,2 14 53 69,1687,2.0833333333333335,0.48,0.0,32.59993709044963,18.3,48,1,47,2.4890821291851593,2.4890821291851593,73.76468285448523,60.0,1140.0,0.0,0.0,0.0,1455.4051322999876,0.0,0.0,73.76468285448523,1140.0,98.85878094145929,1939.297283039435,,,,False,False,not_attempted,0,0,0,0,33,0,0.0,165.98021306258073,930.0,False,,,False,7,0
proposed,adaptive,19,1140.0,19.0,3,degrading,degrading,2 14 53 69,1687,2.409638554216868,0.4149999999999999,0.0,31.995761682130254,18.316666666666666,47,2,45,1.6825675060822607,0.8412837530411303,75.4472503605675,60.0,1200.0,0.0,0.0,0.0,1455.4051322999876,0.0,0.0,75.4472503605675,1200.0,109.86161071780248,2037.2755809270275,,,,False,False,not_attempted,0,0,0,0,7,0,0.0,165.36079309512039,988.0,False,,,False,7,0
proposed,adaptive,20,1200.0,20.0,4,disrupted,holding,2 14 53 69,1687,2.857142857142857,0.35,0.0,31.20269165852424,18.333333333333332,45,5,40,3.3954132878343604,0.679082657566872,78.84266364840185,60.0,1260.0,9.429093300015666,93.5747168000089,103.00381010002457,1558.4089424000122,0.0,0.0,78.84266364840185,1260.0,127.13795921892294,2033.7835878047292,127.33445907281912,127.13795921892294,0.19649985389617086,True,True,lower_residual_energy,2,3,2,3,42,2,0.047619047619047616,165.26745976178705,1072.0,False,True,17.0,True,9,0
proposed,adaptive,21,1260.0,21.0,4,disrupted,disrupted,2 14 53 69,1687,2.857142857142857,0.35,0.0,31.20269165852424,18.35,40,2,38,2.102019171176928,1.051009585588464,80.94468281957879,60.0,1320.0,0.0,0.0,0.0,1558.4089424000122,0.0,0.0,80.94468281957879,1320.0,123.51814926303727,2033.7835878047292,,,,False,False,not_attempted,0,0,0,0,23,0,0.0,164.97088490649512,1171.0,False,,,False,7,0
proposed,adaptive,22,1320.0,22.0,4,disrupted,disrupted,2 14 53 69,1687,2.857142857142857,0.35,0.0,31.20269165852424,18.366666666666667,38,4,34,1.4497159021773833,0.36242897554434583,82.39439872175618,60.0,1380.0,0.0,0.0,0.0,1558.4089424000122,0.0,0.0,82.39439872175618,1380.0,121.25415716362679,1998.3794688115943,,,,False,False,not_attempted,0,0,0,0,34,0,0.0,164.64747217301854,1215.0,False,,,False,7,0
proposed,adaptive,23,1380.0,23.0,4,disrupted,disrupted,2 14 53 69,1687,2.857142857142857,0.35,0.0,31.20269165852424,18.383333333333333,34,2,32,1.5483289473206265,0.7741644736603133,83.9427276690768,60.0,1440.0,0.0,0.0,0.0,1558.4089424000122,0.0,0.0,83.9427276690768,1440.0,120.33768699843377,1867.2211669122332,,,,False,False,not_attempted,0,0,0,0,22,0,0.0,164.5541388396852,1215.0,False,,,False,7,0
proposed,adaptive,24,1440.0,24.0,4,disrupted,disrupted,2 14 53 69,1687,2.857142857142857,0.35,0.0,31.20269165852424,18.4,32,2,30,1.5275370533379573,0.7637685266689787,85.47026472241475,60.0,1500.0,0.0,0.0,0.0,1558.4089424000122,0.0,0.0,85.47026472241475,1500.0,118.67601443139979,1867.2211669122332,,,,False,False,not_attempted,0,0,0,0,23,0,0.0,164.3292465444402,1215.0,False,,,False,6,0
proposed,adaptive,25,1500.0,25.0,5,disrupted,disrupted,2 14 53 69,1687,2.857142857142857,0.35,0.0,31.20269165852424,18.416666666666668,30,3,27,2.0173056897357906,0.6724352299119302,87.48757041215055,60.0,1560.0,5.719996988773346e-05,32.80097080010455,32.80102800007444,1591.2099704000866,0.0,0.0,87.48757041215055,1560.0,117.17958705571627,1722.1491007904347,117.17958705571627,123.41217751960495,-6.232590463888684,True,False,incumbent_not_worse,3,15,0,0,53,0,0.0,164.23591321110686,1215.0,False,True,18.0,True,6,0
proposed,adaptive,26,1560.0,26.0,5,disrupted,disrupted,2 14 53 69,1687,2.857142857142857,0.35,0.0,31.20269165852424,18.433333333333334,27,2,25,1.4486377620371995,0.7243188810185998,88.93620817418774,60.0,1620.0,0.0,0.0,0.0,1591.2099704000866,0.0,0.0,88.93620817418774,1620.0,115.30014624908604,1722.1491007904347,,,,False,False,not_attempted,0,0,0,0,46,0,0.0,163.8497470841121,1373.0,False,,,False,6,0
proposed,adaptive,27,1620.0,27.0,5,disrupted,disrupted,2 14 53 69,1687,2.857142857142857,0.35,0.0,31.20269165852424,18.45,25,1,24,5.395867988951949,5.395867988951949,94.33207616313969,60.0,1680.0,0.0,0.0,0.0,1591.2099704000866,0.0,0.0,94.33207616313969,1680.0,113.8865937240238,1712.2320774455588,,,,False,False,not_attempted,0,0,0,0,35,2,0.05714285714285714,160.3454170892397,1373.0,False,,,False,6,0
proposed,adaptive,28,1680.0,28.0,5,disrupted,disrupted,2 14 53 69,1687,2.857142857142857,0.35,0.0,31.20269165852424,18.466666666666665,24,2,22,2.502640696891878,1.251320348445939,96.83471686003156,60.0,1740.0,0.0,0.0,0.0,1591.2099704000866,0.0,0.0,96.83471686003156,1740.0,108.34368287553136,1650.980193003788,,,,False,False,not_attempted,0,0,0,0,22,3,0.13636363636363635,158.72566331508537,1419.0,False,,,False,6,0
proposed,adaptive,29,1740.0,29.0,5,disrupted,disrupted,2 14 53 69,1687,2.857142857142857,0.35,0.0,31.20269165852424,18.483333333333334,22,2,20,0.8098258036012558,0.4049129018006279,97.64454266363282,60.0,1800.0,0.0,0.0,0.0,1591.2099704000866,0.0,0.0,97.64454266363282,1800.0,105.63383544919265,1510.8958783987957,,,,False,False,not_attempted,0,0,0,0,12,0,0.0,158.63232998175204,1419.0,False,,,False,5,0
proposed,adaptive,30,1800.0,30.0,6,recovering,recovering,2 14 53 69,1687,2.857142857142857,0.35,0.0,31.20269165852424,18.5,20,4,16,3.8604039183100403,0.9651009795775101,101.50494658194286,60.0,1860.0,6.73000467941165e-05,21.378594199893996,21.37866149994079,1612.5886319000274,0.0,0.0,101.50494658194286,1860.0,105.3060428546014,1510.8958783987957,105.3060428546014,106.90855914117304,-1.6025162865716425,True,False,incumbent_not_worse,2,4,0,0,35,3,0.08571428571428572,156.94888075400053,1669.0,False,True,19.0,True,5,0
proposed,adaptive,31,1860.0,31.0,6,recovering,recovering,2 14 53 69,1687,2.6595744680851063,0.376,0.04,31.547922904274717,18.516666666666666,16,0,16,1.794446737145937,1.794446737145937,103.2993933190888,60.0,1920.0,0.0,0.0,0.0,1612.5886319000274,0.0,0.0,103.2993933190888,1920.0,93.28433261097557,1419.1603745580196,,,,False,False,not_attempted,0,0,0,0,13,1,0.07692307692307693,156.02000373845638,1669.0,False,,,False,5,0
proposed,adaptive,32,1920.0,32.0,6,recovering,recovering,2 14 53 69,1687,2.4875621890547266,0.40199999999999997,0.08,31.854778906250925,18.533333333333335,16,2,14,1.076562873664428,0.538281436832214,104.37595619275322,60.0,1980.0,0.0,0.0,0.0,1612.5886319000274,0.0,0.0,104.37595619275322,1980.0,84.83493095299063,1232.6228210185113,,,,False,False,not_attempted,0,0,0,0,5,1,0.2,155.92667040512305,1669.0,False,,,False,5,0
proposed,adaptive,33,1980.0,33.0,6,recovering,recovering,2 14 53 69,1687,2.336448598130841,0.428,0.12,32.1293213401735,18.55,14,3,11,2.0935432419465876,0.6978477473155292,106.46949943469981,60.0,2040.0,0.0,0.0,0.0,1612.5886319000274,0.0,0.0,106.46949943469981,2040.0,77.97093407926155,1194.1924627323401,,,,False,False,not_attempted,0,0,0,0,29,1,0.034482758620689655,155.23976721826267,1820.0,False,,,False,4,0
proposed,adaptive,34,2040.0,34.0,6,recovering,recovering,2 14 53 69,1687,2.2026431718061676,0.45399999999999996,0.16,32.37639908536983,18.566666666666666,11,2,9,2.5217001856906007,1.2608500928453004,108.99119962039042,60.0,2100.0,0.0,0.0,0.0,1612.5886319000274,0.0,0.0,108.99119962039042,2100.0,70.98183999453298,1124.0374253782218,,,,False,False,not_attempted,0,0,0,0,30,2,0.06666666666666667,153.75076722009146,1820.0,False,,,False,4,0
proposed,adaptive,35,2100.0,35.0,7,recovering,recovering,2 14 53 69,1687,2.0833333333333335,0.48,0.2,32.59993709044963,18.583333333333332,9,0,9,0.44171846614124594,0.44171846614124594,109.43291808653166,60.0,2160.0,9.759291699971072,10.057369100046344,19.816660800017416,1632.4052927000448,0.0,0.0,109.43291808653166,2160.0,63.848480137052675,950.0917567203742,63.848947660390905,63.848480137052675,0.0004675233382300803,True,True,lower_residual_energy,2,2,2,2,10,0,0.0,153.65743388675813,1820.0,False,True,28.0,True,4,0
proposed,adaptive,36,2160.0,36.0,7,recovering,recovering,2 14 53 69,1687,1.976284584980237,0.506,0.24,32.803146430184874,18.6,9,2,7,1.7316448673464448,0.8658224336732224,111.1645629538781,60.0,2220.0,0.0,0.0,0.0,1632.4052927000448,0.0,0.0,111.1645629538781,2220.0,59.482515719301524,925.9368443197226,,,,False,False,not_attempted,0,0,0,0,10,3,0.3,152.37646719760974,1866.0,False,,,False,3,0
proposed,adaptive,37,2220.0,37.0,7,recovering,recovering,2 14 53 69,1687,1.8796992481203008,0.532,0.28,32.98867954681469,18.616666666666667,7,1,6,2.436949181367882,2.436949181367882,113.60151213524598,60.0,2280.0,0.0,0.0,0.0,1632.4052927000448,0.0,0.0,113.60151213524598,2280.0,53.79097023745325,867.1091101462144,,,,False,False,not_attempted,0,0,0,0,11,4,0.36363636363636365,150.1826835790171,1966.0,False,,,False,2,0
proposed,adaptive,38,2280.0,38.0,7,recovering,recovering,2 14 53 69,1687,1.7921146953405016,0.558,0.32,33.15874666871985,18.633333333333333,6,1,5,5.0886431750964345,5.0886431750964345,118.69015531034242,60.0,2340.0,0.0,0.0,0.0,1632.4052927000448,0.0,0.0,118.69015531034242,2340.0,48.34580434500176,782.4942754964698,,,,False,False,not_attempted,0,0,0,0,7,7,1.0,145.23093439263315,1966.0,False,,,False,1,0
proposed,adaptive,39,2340.0,39.0,7,recovering,recovering,2 14 53 69,1687,1.7123287671232879,0.584,0.36,33.31520428011182,18.65,5,1,4,0.1373288443658132,0.1373288443658132,118.82748415470823,60.0,2400.0,0.0,0.0,0.0,1632.4052927000448,0.0,0.0,118.82748415470823,2400.0,41.09988884024509,616.2617334398736,,,,False,False,not_attempted,0,0,0,0,0,0,0.0,145.1376010592998,1973.0,False,,,False,1,0
proposed,adaptive,40,2400.0,40.0,8,recovering,recovering,2 14 53 69,1687,1.639344262295082,0.61,0.4,33.459623168665104,18.666666666666668,4,1,3,0.773906411306729,0.773906411306729,119.60139056601496,60.0,2460.0,9.854871500050649,0.06956009997520596,9.924431600025855,1642.3297243000707,0.0,0.0,119.60139056601496,2460.0,38.80870852531765,605.339102178502,38.80870852531764,38.80870852531765,-7.105427357601002e-15,True,False,incumbent_not_worse,0,0,0,0,4,4,1.0,144.3636946479931,1973.0,False,True,23.0,True,1,0
proposed,adaptive,41,2460.0,41.0,8,recovering,recovering,2 14 53 69,1687,1.572327044025157,0.636,0.44,33.59334134719233,18.683333333333334,3,0,3,2.044235020695604,2.044235020695604,121.64562558671057,60.0,2520.0,0.0,0.0,0.0,1642.3297243000707,0.0,0.0,121.64562558671057,2520.0,35.550207950568286,574.944239896395,,,,False,False,not_attempted,0,0,0,0,3,3,1.0,142.3194596272975,1973.0,False,,,False,1,0
proposed,adaptive,42,2520.0,42.0,8,recovering,recovering,2 14 53 69,1687,1.5105740181268883,0.6619999999999999,0.48,33.71750563187888,18.7,3,0,3,0.09333333333333332,0.09333333333333332,121.7389589200439,60.0,2580.0,0.0,0.0,0.0,1642.3297243000707,0.0,0.0,121.7389589200439,2580.0,32.066674409777995,408.8064903748751,,,,False,False,not_attempted,0,0,0,0,0,0,0.0,142.22612629396417,1973.0,False,,,False,1,0
proposed,adaptive,43,2580.0,43.0,8,recovering,recovering,2 14 53 69,1687,1.4534883720930234,0.688,0.52,33.833104615867185,18.716666666666665,3,1,2,0.46569472123529443,0.46569472123529443,122.2046536412792,60.0,2640.0,0.0,0.0,0.0,1642.3297243000707,0.0,0.0,122.2046536412792,2640.0,30.41190760260439,402.4271753316386,,,,False,False,not_attempted,0,0,0,0,2,2,1.0,141.76043157272886,1973.0,False,,,False,1,0
proposed,adaptive,44,2640.0,44.0,8,recovering,recovering,2 14 53 69,1687,1.400560224089636,0.714,0.56,33.94099504645174,18.733333333333334,2,0,2,1.2345910947538572,1.2345910947538572,123.43924473603305,60.0,2700.0,0.0,0.0,0.0,1642.3297243000707,0.0,0.0,123.43924473603305,2700.0,28.2039167144646,366.6586367445377,,,,False,False,not_attempted,0,0,0,0,2,2,1.0,140.52584047797498,1973.0,False,,,False,1,0
proposed,adaptive,45,2700.0,45.0,9,recovering,recovering,2 14 53 69,1687,1.3513513513513513,0.74,0.6,34.04192309575753,18.75,2,0,2,0.09333333333333332,0.09333333333333332,123.53257806936638,60.0,2760.0,9.761309499968775,0.03480239992495626,9.79611189989373,1652.1258361999644,0.0,0.0,123.53257806936638,2760.0,25.78730954288266,228.03947002997526,25.78730954288266,25.78730954288266,0.0,True,False,incumbent_not_worse,0,0,0,0,0,0,0.0,140.43250714464165,1973.0,False,True,19.0,True,1,0
proposed,adaptive,46,2760.0,46.0,9,recovering,recovering,2 14 53 69,1687,1.3054830287206267,0.766,0.64,34.13654164221812,18.766666666666666,2,1,1,1.0531340904155375,1.0531340904155375,124.58571215978192,60.0,2820.0,0.0,0.0,0.0,1652.1258361999644,0.0,0.0,124.58571215978192,2820.0,24.537626447536105,224.37233397151653,,,,False,False,not_attempted,0,0,0,0,2,2,1.0,139.3793730542261,1973.0,False,,,False,1,0
proposed,adaptive,47,2820.0,47.0,9,recovering,recovering,2 14 53 69,1687,1.2626262626262625,0.792,0.68,34.2254244092423,18.783333333333335,1,0,1,1.431487684646659,1.431487684646659,126.01719984442857,60.0,2880.0,0.0,0.0,0.0,1652.1258361999644,0.0,0.0,126.01719984442857,2880.0,21.979680952678432,193.77144383273793,,,,False,False,not_attempted,0,0,0,0,2,2,1.0,137.94788536957944,1973.0,False,,,False,1,0
proposed,adaptive,48,2880.0,48.0,9,recovering,recovering,2 14 53 69,1687,1.2224938875305624,0.818,0.72,34.309077608263664,18.8,1,0,1,0.09333333333333332,0.09333333333333332,126.11053317776191,60.0,2940.0,0.0,0.0,0.0,1652.1258361999644,0.0,0.0,126.11053317776191,2940.0,19.851498430896903,88.20804305174751,,,,False,False,not_attempted,0,0,0,0,0,0,0.0,137.8545520362461,1973.0,False,,,False,0,0
proposed,adaptive,49,2940.0,49.0,9,recovering,recovering,2 14 53 69,1687,1.1848341232227486,0.8440000000000001,0.76,34.38794958540497,18.816666666666666,1,1,0,17.819263706931775,17.819263706931775,143.92979688469367,90.62423913544205,3030.624239135442,0.0,0.0,0.0,1652.1258361999644,0.0,0.0,143.92979688469367,3030.624239135442,18.906242825079147,87.13164490123037,,,,False,False,not_attempted,0,0,0,0,154,83,0.538961038961039,134.3437330729469,1973.0,True,,,False,0,0
proposed,static_live,0,0.0,0.0,0,normal,initial,2 14 53 69,0,1.0,1.0,0.0,34.78037077224997,18.0,84,0,84,18.947812200580838,18.947812200580838,18.947812200580838,60.0,60.0,10.709383900044486,1128.8861950000282,1139.5955789000727,1139.5955789000727,0.0,0.0,18.947812200580838,60.0,124.98723160038621,2771.5048752969888,,,,False,False,initial_plan,0,0,0,0,123,0,0.0,177.2717760608753,0.0,False,,,True,10,10
proposed,static_live,1,60.0,1.0,0,normal,normal,2 14 53 69,0,1.0,1.0,0.0,34.78037077224997,18.016666666666666,84,0,84,3.6431287464134887,3.6431287464134887,22.590940946994326,60.0,120.0,0.0,0.0,0.0,1139.5955789000727,0.0,0.0,22.590940946994326,120.0,105.50890338066785,2707.1370397431347,,,,False,False,not_attempted,0,0,0,0,83,0,0.0,176.43141531177028,0.0,False,,,False,9,10
proposed,static_live,2,120.0,2.0,0,normal,normal,2 14 53 69,0,1.0,1.0,0.0,34.78037077224997,18.033333333333335,84,3,81,2.150613593169741,0.716871197723247,24.741554540164067,60.0,180.0,0.0,0.0,0.0,1139.5955789000727,0.0,0.0,24.741554540164067,180.0,101.10086336244001,2575.1489099165824,,,,False,False,not_attempted,0,0,0,0,49,0,0.0,176.33808197843695,215.0,False,,,False,8,7
proposed,static_live,3,180.0,3.0,0,normal,normal,2 14 53 69,0,1.0,1.0,0.0,34.78037077224997,18.05,81,3,78,3.271356097706687,1.0904520325688958,28.012910637870753,60.0,240.0,0.0,0.0,0.0,1139.5955789000727,0.0,0.0,28.012910637870753,240.0,99.24169389457438,2575.1489099165824,,,,False,False,not_attempted,0,0,0,0,57,0,0.0,176.08417388140913,215.0,False,,,False,8,4
proposed,static_live,4,240.0,4.0,0,normal,normal,2 14 53 69,0,1.0,1.0,0.0,34.78037077224997,18.066666666666666,78,1,77,3.7024315460081656,3.7024315460081656,31.715342183878917,60.0,300.0,0.0,0.0,0.0,1139.5955789000727,0.0,0.0,31.715342183878917,300.0,96.4371557706104,2523.292639918653,,,,False,False,not_attempted,0,0,0,0,61,0,0.0,174.23595111138894,249.0,False,,,False,7,3
proposed,static_live,5,300.0,5.0,1,normal,normal,2 14 53 69,0,1.0,1.0,0.0,34.78037077224997,18.083333333333332,77,2,75,2.7189758189326834,1.3594879094663417,34.4343180028116,60.0,360.0,0.0,0.0,0.0,1139.5955789000727,0.0,0.0,34.4343180028116,360.0,92.79090225860935,2353.701123446594,,,,False,False,not_attempted,0,0,0,0,41,0,0.0,174.1426177780556,402.0,False,,,False,7,3
proposed,static_live,6,360.0,6.0,1,normal,normal,2 14 53 69,0,1.0,1.0,0.0,34.78037077224997,18.1,75,3,72,4.611279417259635,1.5370931390865452,39.04559742007124,60.0,420.0,0.0,0.0,0.0,1139.5955789000727,0.0,0.0,39.04559742007124,420.0,90.05551392370413,2353.701123446594,,,,False,False,not_attempted,0,0,0,0,41,0,0.0,173.80269504982573,402.0,False,,,False,7,2
proposed,static_live,7,420.0,7.0,1,normal,normal,2 14 53 69,0,1.0,1.0,0.0,34.78037077224997,18.116666666666667,72,1,71,5.190400002822974,5.190400002822974,44.235997422894215,60.0,480.0,0.0,0.0,0.0,1139.5955789000727,0.0,0.0,44.235997422894215,480.0,85.29960763845678,2350.428994697508,,,,False,False,not_attempted,0,0,0,0,51,0,0.0,171.7315048732715,402.0,False,,,False,7,1
proposed,static_live,8,480.0,8.0,1,normal,normal,2 14 53 69,0,1.0,1.0,0.0,34.78037077224997,18.133333333333333,71,2,69,2.495136967710586,1.247568483855293,46.7311343906048,60.0,540.0,0.0,0.0,0.0,1139.5955789000727,0.0,0.0,46.7311343906048,540.0,79.97940923294234,2176.3863390623183,,,,False,False,not_attempted,0,0,0,0,19,0,0.0,171.63817153993816,422.0,False,,,False,7,0
proposed,static_live,9,540.0,9.0,1,normal,normal,2 14 53 69,0,1.0,1.0,0.0,34.78037077224997,18.15,69,4,65,2.2682353970901716,0.5670588492725429,48.999369787694974,60.0,600.0,0.0,0.0,0.0,1139.5955789000727,0.0,0.0,48.999369787694974,600.0,77.62879857543831,2176.3863390623183,,,,False,False,not_attempted,0,0,0,0,19,0,0.0,171.54640459197284,574.0,False,,,False,7,0
proposed,static_live,10,600.0,10.0,2,degrading,degrading,2 14 53 69,0,1.0,1.0,0.0,34.78037077224997,18.166666666666668,65,1,64,2.264359248722955,2.264359248722955,51.26372903641793,60.0,660.0,0.0,0.0,0.0,1139.5955789000727,0.0,0.0,51.26372903641793,660.0,75.37762181306358,2157.509480549697,,,,False,False,not_attempted,0,0,0,0,29,0,0.0,171.29011539682318,574.0,False,,,False,7,0
proposed,static_live,11,660.0,11.0,2,degrading,degrading,2 14 53 69,1687,1.06951871657754,0.935,0.0,34.631729320613424,18.183333333333334,64,2,62,3.183756177272239,1.5918780886361195,54.447485213690165,60.0,720.0,0.0,0.0,0.0,1139.5955789000727,0.0,0.0,54.447485213690165,720.0,76.0898888926972,2036.8870791711477,,,,False,False,not_attempted,0,0,0,0,40,7,0.175,171.19678206348985,700.0,False,,,False,7,0
proposed,static_live,12,720.0,12.0,2,degrading,degrading,2 14 53 69,1687,1.1494252873563218,0.87,0.0,34.46243886002531,18.2,62,3,59,3.692225693887789,1.2307418979625964,58.13971090757796,60.0,780.0,0.0,0.0,0.0,1139.5955789000727,0.0,0.0,58.13971090757796,780.0,76.36279196230426,2062.7340282675214,,,,False,False,not_attempted,0,0,0,0,39,12,0.3076923076923077,169.8415741960272,791.0,False,,,False,7,0
proposed,static_live,13,780.0,13.0,2,degrading,degrading,2 14 53 69,1687,1.2422360248447206,0.8049999999999999,0.0,34.26787542813574,18.216666666666665,59,1,58,3.578029591587985,3.578029591587985,61.71774049916594,60.0,840.0,0.0,0.0,0.0,1139.5955789000727,0.0,0.0,61.71774049916594,840.0,76.3441028607474,2065.5525445564285,,,,False,False,not_attempted,0,0,0,0,47,1,0.02127659574468085,168.29980073427532,791.0,False,,,False,7,0
proposed,static_live,14,840.0,14.0,2,degrading,degrading,2 14 53 69,1687,1.3513513513513513,0.74,0.0,34.04192309575753,18.233333333333334,58,2,56,1.9330597696140626,0.9665298848070313,63.65080026878,60.0,900.0,0.0,0.0,0.0,1139.5955789000727,0.0,0.0,63.65080026878,900.0,77.5577692330422,2040.5397028011726,,,,False,False,not_attempted,0,0,0,0,44,0,0.0,167.76734229199656,848.0,False,,,False,7,0
proposed,static_live,15,900.0,15.0,3,degrading,degrading,2 14 53 69,1687,1.4814814814814814,0.675,0.0,33.77631942075436,18.25,56,2,54,1.731732878878158,0.865866439439079,65.38253314765817,60.0,960.0,0.0,0.0,0.0,1139.5955789000727,0.0,0.0,65.38253314765817,960.0,81.0607004035029,1938.372941425294,,,,False,False,not_attempted,0,0,0,0,32,0,0.0,167.67400895866322,848.0,False,,,False,7,0
proposed,static_live,16,960.0,16.0,3,degrading,degrading,2 14 53 69,1687,1.639344262295082,0.61,0.0,33.459623168665104,18.266666666666666,54,2,52,2.0235763606779917,1.0117881803389959,67.40610950833616,60.0,1020.0,0.0,0.0,0.0,1139.5955789000727,0.0,0.0,67.40610950833616,1020.0,85.84308417715815,1985.7737354488725,,,,False,False,not_attempted,0,0,0,0,28,0,0.0,166.70932925852756,907.0,False,,,False,7,0
proposed,static_live,17,1020.0,17.0,3,degrading,degrading,2 14 53 69,1687,1.8348623853211008,0.545,0.0,33.07552291825965,18.283333333333335,52,4,48,3.8694912169639144,0.9673728042409786,71.27560072530007,60.0,1080.0,0.0,0.0,0.0,1139.5955789000727,0.0,0.0,71.27560072530007,1080.0,92.3731057470332,2001.4067228729634,,,,False,False,not_attempted,0,0,0,0,43,0,0.0,166.07354639591406,930.0,False,,,False,7,0
proposed,static_live,18,1080.0,18.0,3,degrading,degrading,2 14 53 69,1687,2.0833333333333335,0.48,0.0,32.59993709044963,18.3,48,1,47,2.4890821291851593,2.4890821291851593,73.76468285448523,60.0,1140.0,0.0,0.0,0.0,1139.5955789000727,0.0,0.0,73.76468285448523,1140.0,98.85878094145929,1939.297283039435,,,,False,False,not_attempted,0,0,0,0,33,0,0.0,165.98021306258073,930.0,False,,,False,7,0
proposed,static_live,19,1140.0,19.0,3,degrading,degrading,2 14 53 69,1687,2.409638554216868,0.4149999999999999,0.0,31.995761682130254,18.316666666666666,47,2,45,1.6825675060822607,0.8412837530411303,75.4472503605675,60.0,1200.0,0.0,0.0,0.0,1139.5955789000727,0.0,0.0,75.4472503605675,1200.0,109.86161071780248,2037.2755809270275,,,,False,False,not_attempted,0,0,0,0,7,0,0.0,165.36079309512039,988.0,False,,,False,7,0
proposed,static_live,20,1200.0,20.0,4,disrupted,holding,2 14 53 69,1687,2.857142857142857,0.35,0.0,31.20269165852424,18.333333333333332,45,5,40,1.2192128381993101,0.24384256763986203,76.6664631987668,60.0,1260.0,0.0,0.0,0.0,1139.5955789000727,0.0,0.0,76.6664631987668,1260.0,127.33445907281912,2033.7835878047292,,,,False,False,not_attempted,0,0,0,0,37,0,0.0,165.26745976178705,1072.0,False,,,False,7,0
proposed,static_live,21,1260.0,21.0,4,disrupted,disrupted,2 14 53 69,1687,2.857142857142857,0.35,0.0,31.20269165852424,18.35,40,2,38,1.9153525045102613,0.9576762522551306,78.58181570327707,60.0,1320.0,0.0,0.0,0.0,1139.5955789000727,0.0,0.0,78.58181570327707,1320.0,126.16331765963322,2033.7835878047292,,,,False,False,not_attempted,0,0,0,0,23,0,0.0,164.97088490649512,1171.0,False,,,False,6,0
proposed,static_live,22,1320.0,22.0,4,disrupted,disrupted,2 14 53 69,1687,2.857142857142857,0.35,0.0,31.20269165852424,18.366666666666667,38,2,36,1.1587291615593376,0.5793645807796688,79.74054486483641,60.0,1380.0,0.0,0.0,0.0,1139.5955789000727,0.0,0.0,79.74054486483641,1380.0,123.89932556022274,1998.3794688115943,,,,False,False,not_attempted,0,0,0,0,31,0,0.0,164.64747217301854,1215.0,False,,,False,6,0
proposed,static_live,23,1380.0,23.0,4,disrupted,disrupted,2 14 53 69,1687,2.857142857142857,0.35,0.0,31.20269165852424,18.383333333333333,36,2,34,1.0966528228359245,0.5483264114179622,80.83719768767233,60.0,1440.0,0.0,0.0,0.0,1139.5955789000727,0.0,0.0,80.83719768767233,1440.0,123.19007281648895,1867.2211669122332,,,,False,False,not_attempted,0,0,0,0,17,0,0.0,164.5541388396852,1215.0,False,,,False,6,0
proposed,static_live,24,1440.0,24.0,4,disrupted,disrupted,2 14 53 69,1687,2.857142857142857,0.35,0.0,31.20269165852424,18.4,34,2,32,1.434203720004624,0.717101860002312,82.27140140767695,60.0,1500.0,0.0,0.0,0.0,1139.5955789000727,0.0,0.0,82.27140140767695,1500.0,122.11228047918344,1867.2211669122332,,,,False,False,not_attempted,0,0,0,0,23,0,0.0,164.3292465444402,1215.0,False,,,False,6,0
proposed,static_live,25,1500.0,25.0,5,disrupted,disrupted,2 14 53 69,1687,2.857142857142857,0.35,0.0,31.20269165852424,18.416666666666668,32,2,30,1.975233874829266,0.987616937414633,84.24663528250622,60.0,1560.0,0.0,0.0,0.0,1139.5955789000727,0.0,0.0,84.24663528250622,1560.0,120.61585310349992,1722.1491007904347,,,,False,False,not_attempted,0,0,0,0,53,0,0.0,164.23591321110686,1215.0,False,,,False,6,0
proposed,static_live,26,1560.0,26.0,5,disrupted,disrupted,2 14 53 69,1687,2.857142857142857,0.35,0.0,31.20269165852424,18.433333333333334,30,2,28,1.4486377620371995,0.7243188810185998,85.69527304454341,60.0,1620.0,0.0,0.0,0.0,1139.5955789000727,0.0,0.0,85.69527304454341,1620.0,118.73641229686967,1722.1491007904347,,,,False,False,not_attempted,0,0,0,0,46,0,0.0,163.8497470841121,1373.0,False,,,False,6,0
proposed,static_live,27,1620.0,27.0,5,disrupted,disrupted,2 14 53 69,1687,2.857142857142857,0.35,0.0,31.20269165852424,18.45,28,1,27,5.395867988951949,5.395867988951949,91.09114103349536,60.0,1680.0,0.0,0.0,0.0,1139.5955789000727,0.0,0.0,91.09114103349536,1680.0,117.32285977180744,1712.2320774455588,,,,False,False,not_attempted,0,0,0,0,35,2,0.05714285714285714,160.3454170892397,1373.0,False,,,False,6,0
proposed,static_live,28,1680.0,28.0,5,disrupted,disrupted,2 14 53 69,1687,2.857142857142857,0.35,0.0,31.20269165852424,18.466666666666665,27,2,25,2.502640696891878,1.251320348445939,93.59378173038724,60.0,1740.0,0.0,0.0,0.0,1139.5955789000727,0.0,0.0,93.59378173038724,1740.0,111.77994892331499,1650.980193003788,,,,False,False,not_attempted,0,0,0,0,22,3,0.13636363636363635,158.72566331508537,1419.0,False,,,False,6,0
proposed,static_live,29,1740.0,29.0,5,disrupted,disrupted,2 14 53 69,1687,2.857142857142857,0.35,0.0,31.20269165852424,18.483333333333334,25,2,23,0.8098258036012558,0.4049129018006279,94.40360753398849,60.0,1800.0,0.0,0.0,0.0,1139.5955789000727,0.0,0.0,94.40360753398849,1800.0,109.07010149697628,1510.8958783987957,,,,False,False,not_attempted,0,0,0,0,12,0,0.0,158.63232998175204,1419.0,False,,,False,6,0
proposed,static_live,30,1800.0,30.0,6,recovering,recovering,2 14 53 69,1687,2.857142857142857,0.35,0.0,31.20269165852424,18.5,23,4,19,4.894720062612522,1.2236800156531304,99.29832759660101,60.0,1860.0,0.0,0.0,0.0,1139.5955789000727,0.0,0.0,99.29832759660101,1860.0,108.74230890238503,1510.8958783987957,,,,False,False,not_attempted,0,0,0,0,41,3,0.07317073170731707,156.94888075400053,1669.0,False,,,False,6,0
proposed,static_live,31,1860.0,31.0,6,recovering,recovering,2 14 53 69,1687,2.6595744680851063,0.376,0.04,31.547922904274717,18.516666666666666,19,0,19,1.8877800704792702,1.8877800704792702,101.18610766708028,60.0,1920.0,0.0,0.0,0.0,1139.5955789000727,0.0,0.0,101.18610766708028,1920.0,95.39863144570639,1419.1603745580196,,,,False,False,not_attempted,0,0,0,0,13,1,0.07692307692307693,156.02000373845638,1669.0,False,,,False,6,0
proposed,static_live,32,1920.0,32.0,6,recovering,recovering,2 14 53 69,1687,2.4875621890547266,0.40199999999999997,0.08,31.854778906250925,18.533333333333335,19,3,16,1.33548023923748,0.44516007974582666,102.52158790631776,60.0,1980.0,0.0,0.0,0.0,1139.5955789000727,0.0,0.0,102.52158790631776,1980.0,86.84591265231501,1232.6228210185113,,,,False,False,not_attempted,0,0,0,0,8,1,0.125,155.92667040512305,1762.0,False,,,False,6,0
proposed,static_live,33,1980.0,33.0,6,recovering,recovering,2 14 53 69,1687,2.336448598130841,0.428,0.12,32.1293213401735,18.55,16,3,13,2.6486494347684864,0.8828831449228288,105.17023734108625,60.0,2040.0,0.0,0.0,0.0,1139.5955789000727,0.0,0.0,105.17023734108625,2040.0,79.6378860224082,1194.1924627323401,,,,False,False,not_attempted,0,0,0,0,34,1,0.029411764705882353,155.23976721826267,1820.0,False,,,False,6,0
proposed,static_live,34,2040.0,34.0,6,recovering,recovering,2 14 53 69,1687,2.2026431718061676,0.45399999999999996,0.16,32.37639908536983,18.566666666666666,13,2,11,2.7584299476735747,1.3792149738367874,107.92866728875983,60.0,2100.0,0.0,0.0,0.0,1139.5955789000727,0.0,0.0,107.92866728875983,2100.0,71.91644097397025,1124.0374253782218,,,,False,False,not_attempted,0,0,0,0,31,3,0.0967741935483871,153.75076722009146,1820.0,False,,,False,5,0
proposed,static_live,35,2100.0,35.0,7,recovering,recovering,2 14 53 69,1687,2.0833333333333335,0.48,0.2,32.59993709044963,18.583333333333332,11,1,10,1.3219502863630344,1.3219502863630344,109.25061757512286,60.0,2160.0,0.0,0.0,0.0,1139.5955789000727,0.0,0.0,109.25061757512286,2160.0,64.13746471375237,950.0917567203742,,,,False,False,not_attempted,0,0,0,0,11,1,0.09090909090909091,153.65743388675813,1929.0,False,,,False,5,0
proposed,static_live,36,2160.0,36.0,7,recovering,recovering,2 14 53 69,1687,1.976284584980237,0.506,0.24,32.803146430184874,18.6,10,2,8,2.31087525500914,1.15543762750457,111.561492830132,60.0,2220.0,0.0,0.0,0.0,1139.5955789000727,0.0,0.0,111.561492830132,2220.0,59.21106977916988,925.9368443197226,,,,False,False,not_attempted,0,0,0,0,10,4,0.4,152.37646719760974,1929.0,False,,,False,4,0
proposed,static_live,37,2220.0,37.0,7,recovering,recovering,2 14 53 69,1687,1.8796992481203008,0.532,0.28,32.98867954681469,18.616666666666667,8,1,7,2.5816726343586143,2.5816726343586143,114.14316546449061,60.0,2280.0,0.0,0.0,0.0,1139.5955789000727,0.0,0.0,114.14316546449061,2280.0,53.0407441958822,867.1091101462144,,,,False,False,not_attempted,0,0,0,0,12,4,0.3333333333333333,150.1826835790171,1966.0,False,,,False,2,0
proposed,static_live,38,2280.0,38.0,7,recovering,recovering,2 14 53 69,1687,1.7921146953405016,0.558,0.32,33.15874666871985,18.633333333333333,7,2,5,5.102161349507668,2.551080674753834,119.24532681399828,60.0,2340.0,0.0,0.0,0.0,1139.5955789000727,0.0,0.0,119.24532681399828,2340.0,47.5601303330743,782.4942754964698,,,,False,False,not_attempted,0,0,0,0,7,7,1.0,145.23093439263315,1966.0,False,,,False,1,0
proposed,static_live,39,2340.0,39.0,7,recovering,recovering,2 14 53 69,1687,1.7123287671232879,0.584,0.36,33.31520428011182,18.65,5,1,4,0.1497154594447822,0.1497154594447822,119.39504227344305,60.0,2400.0,0.0,0.0,0.0,1139.5955789000727,0.0,0.0,119.39504227344305,2400.0,40.34008930471661,616.2617334398736,,,,False,False,not_attempted,0,0,0,0,0,0,0.0,145.1376010592998,1976.0,False,,,False,1,0
proposed,static_live,40,2400.0,40.0,8,recovering,recovering,2 14 53 69,1687,1.639344262295082,0.61,0.4,33.459623168665104,18.666666666666668,4,1,3,0.773906411306729,0.773906411306729,120.16894868474978,60.0,2460.0,0.0,0.0,0.0,1139.5955789000727,0.0,0.0,120.16894868474978,2460.0,38.07252430745982,605.339102178502,,,,False,False,not_attempted,0,0,0,0,4,4,1.0,144.3636946479931,1976.0,False,,,False,1,0
proposed,static_live,41,2460.0,41.0,8,recovering,recovering,2 14 53 69,1687,1.572327044025157,0.636,0.44,33.59334134719233,18.683333333333334,3,0,3,2.044235020695604,2.044235020695604,122.21318370544539,60.0,2520.0,0.0,0.0,0.0,1139.5955789000727,0.0,0.0,122.21318370544539,2520.0,34.835654675277596,574.944239896395,,,,False,False,not_attempted,0,0,0,0,3,3,1.0,142.3194596272975,1976.0,False,,,False,1,0
proposed,static_live,42,2520.0,42.0,8,recovering,recovering,2 14 53 69,1687,1.5105740181268883,0.6619999999999999,0.48,33.71750563187888,18.7,3,0,3,0.09333333333333332,0.09333333333333332,122.30651703877872,60.0,2580.0,0.0,0.0,0.0,1139.5955789000727,0.0,0.0,122.30651703877872,2580.0,31.371999317151253,408.8064903748751,,,,False,False,not_attempted,0,0,0,0,0,0,0.0,142.22612629396417,1976.0,False,,,False,1,0
proposed,static_live,43,2580.0,43.0,8,recovering,recovering,2 14 53 69,1687,1.4534883720930234,0.688,0.52,33.833104615867185,18.716666666666665,3,1,2,0.46569472123529443,0.46569472123529443,122.77221176001402,60.0,2640.0,0.0,0.0,0.0,1139.5955789000727,0.0,0.0,122.77221176001402,2640.0,29.735554536338718,402.4271753316386,,,,False,False,not_attempted,0,0,0,0,2,2,1.0,141.76043157272886,1976.0,False,,,False,1,0
proposed,static_live,44,2640.0,44.0,8,recovering,recovering,2 14 53 69,1687,1.400560224089636,0.714,0.56,33.94099504645174,18.733333333333334,2,0,2,1.2345910947538572,1.2345910947538572,124.00680285476787,60.0,2700.0,0.0,0.0,0.0,1139.5955789000727,0.0,0.0,124.00680285476787,2700.0,27.54449748491843,366.6586367445377,,,,False,False,not_attempted,0,0,0,0,2,2,1.0,140.52584047797498,1976.0,False,,,False,1,0
proposed,static_live,45,2700.0,45.0,9,recovering,recovering,2 14 53 69,1687,1.3513513513513513,0.74,0.6,34.04192309575753,18.75,2,0,2,0.09333333333333332,0.09333333333333332,124.1001361881012,60.0,2760.0,0.0,0.0,0.0,1139.5955789000727,0.0,0.0,124.1001361881012,2760.0,25.143580320950363,228.03947002997526,,,,False,False,not_attempted,0,0,0,0,0,0,0.0,140.43250714464165,1976.0,False,,,False,1,0
proposed,static_live,46,2760.0,46.0,9,recovering,recovering,2 14 53 69,1687,1.3054830287206267,0.766,0.64,34.13654164221812,18.766666666666666,2,1,1,1.0531340904155375,1.0531340904155375,125.15327027851674,60.0,2820.0,0.0,0.0,0.0,1139.5955789000727,0.0,0.0,125.15327027851674,2820.0,23.908468164784114,224.37233397151653,,,,False,False,not_attempted,0,0,0,0,2,2,1.0,139.3793730542261,1976.0,False,,,False,1,0
proposed,static_live,47,2820.0,47.0,9,recovering,recovering,2 14 53 69,1687,1.2626262626262625,0.792,0.68,34.2254244092423,18.783333333333335,1,0,1,1.431487684646659,1.431487684646659,126.5847579631634,60.0,2880.0,0.0,0.0,0.0,1139.5955789000727,0.0,0.0,126.5847579631634,2880.0,21.36408291863072,193.77144383273793,,,,False,False,not_attempted,0,0,0,0,2,2,1.0,137.94788536957944,1976.0,False,,,False,1,0
proposed,static_live,48,2880.0,48.0,9,recovering,recovering,2 14 53 69,1687,1.2224938875305624,0.818,0.72,34.309077608263664,18.8,1,0,1,0.09333333333333332,0.09333333333333332,126.67809129649673,60.0,2940.0,0.0,0.0,0.0,1139.5955789000727,0.0,0.0,126.67809129649673,2940.0,19.248544553930362,88.20804305174751,,,,False,False,not_attempted,0,0,0,0,0,0,0.0,137.8545520362461,1976.0,False,,,False,0,0
proposed,static_live,49,2940.0,49.0,9,recovering,recovering,2 14 53 69,1687,1.1848341232227486,0.8440000000000001,0.76,34.38794958540497,18.816666666666666,1,1,0,17.262607275794522,17.262607275794522,143.94069857229124,90.62423913544205,3030.624239135442,0.0,0.0,0.0,1139.5955789000727,0.0,0.0,143.94069857229124,3030.624239135442,18.31517801594197,87.13164490123037,,,,False,False,not_attempted,0,0,0,0,150,82,0.5466666666666666,134.3437330729469,1976.0,True,,,False,0,0
proposed,static_frozen,0,0.0,0.0,0,normal,initial,2 14 53 69,0,1.0,1.0,0.0,34.78037077224997,18.0,84,0,84,18.947812200580838,18.947812200580838,18.947812200580838,60.0,60.0,10.709383900044486,1128.8861950000282,1139.5955789000727,1139.5955789000727,0.0,0.0,18.947812200580838,60.0,124.98723160038621,2771.5048752969888,,,,False,False,initial_plan,0,0,0,0,123,0,0.0,177.2717760608753,0.0,False,,,True,10,10
proposed,static_frozen,1,60.0,1.0,0,normal,normal,2 14 53 69,0,1.0,1.0,0.0,34.78037077224997,18.016666666666666,84,0,84,3.6431287464134887,3.6431287464134887,22.590940946994326,60.0,120.0,0.0,0.0,0.0,1139.5955789000727,0.0,0.0,22.590940946994326,120.0,105.50890338066785,2707.1370397431347,,,,False,False,not_attempted,0,0,0,0,83,0,0.0,176.43141531177028,0.0,False,,,False,9,10
proposed,static_frozen,2,120.0,2.0,0,normal,normal,2 14 53 69,0,1.0,1.0,0.0,34.78037077224997,18.033333333333335,84,3,81,2.150613593169741,0.716871197723247,24.741554540164067,60.0,180.0,0.0,0.0,0.0,1139.5955789000727,0.0,0.0,24.741554540164067,180.0,101.10086336244001,2575.1489099165824,,,,False,False,not_attempted,0,0,0,0,49,0,0.0,176.33808197843695,215.0,False,,,False,8,7
proposed,static_frozen,3,180.0,3.0,0,normal,normal,2 14 53 69,0,1.0,1.0,0.0,34.78037077224997,18.05,81,3,78,3.271356097706687,1.0904520325688958,28.012910637870753,60.0,240.0,0.0,0.0,0.0,1139.5955789000727,0.0,0.0,28.012910637870753,240.0,99.24169389457438,2575.1489099165824,,,,False,False,not_attempted,0,0,0,0,57,0,0.0,176.08417388140913,215.0,False,,,False,8,4
proposed,static_frozen,4,240.0,4.0,0,normal,normal,2 14 53 69,0,1.0,1.0,0.0,34.78037077224997,18.066666666666666,78,1,77,3.7024319427213226,3.7024319427213226,31.715342580592075,60.0,300.0,0.0,0.0,0.0,1139.5955789000727,0.0,0.0,31.715342580592075,300.0,96.4371557706104,2523.292639918653,,,,False,False,not_attempted,0,0,0,0,61,0,0.0,174.23595111138894,249.0,False,,,False,7,3
proposed,static_frozen,5,300.0,5.0,1,normal,normal,2 14 53 69,0,1.0,1.0,0.0,34.78037077224997,18.083333333333332,77,2,75,2.7190972354339418,1.3595486177169709,34.434439816026014,60.0,360.0,0.0,0.0,0.0,1139.5955789000727,0.0,0.0,34.434439816026014,360.0,92.79090225860935,2353.701123446594,,,,False,False,not_attempted,0,0,0,0,41,0,0.0,174.1426177780556,402.0,False,,,False,7,3
proposed,static_frozen,6,360.0,6.0,1,normal,normal,2 14 53 69,0,1.0,1.0,0.0,34.78037077224997,18.1,75,3,72,4.611279417259635,1.5370931390865452,39.04571923328565,60.0,420.0,0.0,0.0,0.0,1139.5955789000727,0.0,0.0,39.04571923328565,420.0,90.05551392370413,2353.701123446594,,,,False,False,not_attempted,0,0,0,0,41,0,0.0,173.80269504982573,402.0,False,,,False,7,2
proposed,static_frozen,7,420.0,7.0,1,normal,normal,2 14 53 69,0,1.0,1.0,0.0,34.78037077224997,18.116666666666667,72,1,71,5.191142058140224,5.191142058140224,44.236861291425875,60.0,480.0,0.0,0.0,0.0,1139.5955789000727,0.0,0.0,44.236861291425875,480.0,85.29960763845678,2350.428994697508,,,,False,False,not_attempted,0,0,0,0,51,0,0.0,171.7315048732715,402.0,False,,,False,7,1
proposed,static_frozen,8,480.0,8.0,1,normal,normal,2 14 53 69,0,1.0,1.0,0.0,34.78037077224997,18.133333333333333,71,2,69,2.4943949123933358,1.2471974561966679,46.731256203819214,60.0,540.0,0.0,0.0,0.0,1139.5955789000727,0.0,0.0,46.731256203819214,540.0,79.97940923294234,2176.3863390623183,,,,False,False,not_attempted,0,0,0,0,19,0,0.0,171.63817153993816,422.0,False,,,False,7,0
proposed,static_frozen,9,540.0,9.0,1,normal,normal,2 14 53 69,0,1.0,1.0,0.0,34.78037077224997,18.15,69,4,65,2.2682353970901716,0.5670588492725429,48.99949160090939,60.0,600.0,0.0,0.0,0.0,1139.5955789000727,0.0,0.0,48.99949160090939,600.0,77.62879857543831,2176.3863390623183,,,,False,False,not_attempted,0,0,0,0,19,0,0.0,171.54640459197284,574.0,False,,,False,7,0
proposed,static_frozen,10,600.0,10.0,2,degrading,degrading,2 14 53 69,0,1.0,1.0,0.0,34.78037077224997,18.166666666666668,65,1,64,2.2646830485948937,2.2646830485948937,51.264174649504284,60.0,660.0,0.0,0.0,0.0,1139.5955789000727,0.0,0.0,51.264174649504284,660.0,75.37762181306358,2157.509480549697,,,,False,False,not_attempted,0,0,0,0,29,0,0.0,171.29011539682318,574.0,False,,,False,7,0
proposed,static_frozen,11,660.0,11.0,2,degrading,degrading,2 14 53 69,1687,1.06951871657754,0.935,0.0,34.631729320613424,18.183333333333334,64,2,62,3.1834323774002997,1.5917161887001499,54.447607026904585,60.0,720.0,0.0,0.0,0.0,1139.5955789000727,0.0,0.0,54.447607026904585,720.0,76.0898888926972,2036.8870791711477,,,,False,False,not_attempted,0,0,0,0,40,7,0.175,171.19678206348985,700.0,False,,,False,7,0
proposed,static_frozen,12,720.0,12.0,2,degrading,degrading,2 14 53 69,1687,1.1494252873563218,0.87,0.0,34.46243886002531,18.2,62,3,59,3.692225693887789,1.2307418979625964,58.13983272079238,60.0,780.0,0.0,0.0,0.0,1139.5955789000727,0.0,0.0,58.13983272079238,780.0,76.36279196230426,2062.7340282675214,,,,False,False,not_attempted,0,0,0,0,39,12,0.3076923076923077,169.8415741960272,791.0,False,,,False,7,0
proposed,static_frozen,13,780.0,13.0,2,degrading,degrading,2 14 53 69,1687,1.2422360248447206,0.8049999999999999,0.0,34.26787542813574,18.216666666666665,59,1,58,3.578029591587985,3.578029591587985,61.71786231238036,60.0,840.0,0.0,0.0,0.0,1139.5955789000727,0.0,0.0,61.71786231238036,840.0,76.3441028607474,2065.5525445564285,,,,False,False,not_attempted,0,0,0,0,47,1,0.02127659574468085,168.29980073427532,791.0,False,,,False,7,0
proposed,static_frozen,14,840.0,14.0,2,degrading,degrading,2 14 53 69,1687,1.3513513513513513,0.74,0.0,34.04192309575753,18.233333333333334,58,2,56,1.9330597696140626,0.9665298848070313,63.65092208199442,60.0,900.0,0.0,0.0,0.0,1139.5955789000727,0.0,0.0,63.65092208199442,900.0,77.5577692330422,2040.5397028011726,,,,False,False,not_attempted,0,0,0,0,44,0,0.0,167.76734229199656,848.0,False,,,False,7,0
proposed,static_frozen,15,900.0,15.0,3,degrading,degrading,2 14 53 69,1687,1.4814814814814814,0.675,0.0,33.77631942075436,18.25,56,2,54,1.7323506742104915,0.8661753371052457,65.38327275620492,60.0,960.0,0.0,0.0,0.0,1139.5955789000727,0.0,0.0,65.38327275620492,960.0,81.0607004035029,1938.372941425294,,,,False,False,not_attempted,0,0,0,0,32,0,0.0,167.67400895866322,848.0,False,,,False,7,0
proposed,static_frozen,16,960.0,16.0,3,degrading,degrading,2 14 53 69,1687,1.639344262295082,0.61,0.0,33.459623168665104,18.266666666666666,54,2,52,2.0229585653456583,1.0114792826728292,67.40623132155058,60.0,1020.0,0.0,0.0,0.0,1139.5955789000727,0.0,0.0,67.40623132155058,1020.0,85.84308417715815,1985.7737354488725,,,,False,False,not_attempted,0,0,0,0,28,0,0.0,166.70932925852756,907.0,False,,,False,7,0
proposed,static_frozen,17,1020.0,17.0,3,degrading,degrading,2 14 53 69,1687,1.8348623853211008,0.545,0.0,33.07552291825965,18.283333333333335,52,4,48,3.8694912169639144,0.9673728042409786,71.27572253851449,60.0,1080.0,0.0,0.0,0.0,1139.5955789000727,0.0,0.0,71.27572253851449,1080.0,92.3731057470332,2001.4067228729634,,,,False,False,not_attempted,0,0,0,0,43,0,0.0,166.07354639591406,930.0,False,,,False,7,0
proposed,static_frozen,18,1080.0,18.0,3,degrading,degrading,2 14 53 69,1687,2.0833333333333335,0.48,0.0,32.59993709044963,18.3,48,1,47,2.4890821291851593,2.4890821291851593,73.76480466769965,60.0,1140.0,0.0,0.0,0.0,1139.5955789000727,0.0,0.0,73.76480466769965,1140.0,98.85878094145929,1939.297283039435,,,,False,False,not_attempted,0,0,0,0,33,0,0.0,165.98021306258073,930.0,False,,,False,7,0
proposed,static_frozen,19,1140.0,19.0,3,degrading,degrading,2 14 53 69,1687,2.409638554216868,0.4149999999999999,0.0,31.995761682130254,18.316666666666666,47,2,45,1.6825675060822607,0.8412837530411303,75.44737217378191,60.0,1200.0,0.0,0.0,0.0,1139.5955789000727,0.0,0.0,75.44737217378191,1200.0,109.86161071780248,2037.2755809270275,,,,False,False,not_attempted,0,0,0,0,7,0,0.0,165.36079309512039,988.0,False,,,False,7,0
proposed,static_frozen,20,1200.0,20.0,4,disrupted,holding,2 14 53 69,1687,2.857142857142857,0.35,0.0,31.20269165852424,18.333333333333332,45,5,40,1.2197212411423923,0.24394424822847846,76.66709341492431,60.0,1260.0,0.0,0.0,0.0,1139.5955789000727,0.0,0.0,76.66709341492431,1260.0,127.33445907281912,2033.7835878047292,,,,False,False,not_attempted,0,0,0,0,37,0,0.0,165.26745976178705,1072.0,False,,,False,7,0
proposed,static_frozen,21,1260.0,21.0,4,disrupted,disrupted,2 14 53 69,1687,2.857142857142857,0.35,0.0,31.20269165852424,18.35,40,2,38,1.9148441015671789,0.9574220507835894,78.5819375164915,60.0,1320.0,0.0,0.0,0.0,1139.5955789000727,0.0,0.0,78.5819375164915,1320.0,126.16331765963322,2033.7835878047292,,,,False,False,not_attempted,0,0,0,0,23,0,0.0,164.97088490649512,1171.0,False,,,False,6,0
proposed,static_frozen,22,1320.0,22.0,4,disrupted,disrupted,2 14 53 69,1687,2.857142857142857,0.35,0.0,31.20269165852424,18.366666666666667,38,2,36,1.1587291615593376,0.5793645807796688,79.74066667805083,60.0,1380.0,0.0,0.0,0.0,1139.5955789000727,0.0,0.0,79.74066667805083,1380.0,123.89932556022274,1998.3794688115943,,,,False,False,not_attempted,0,0,0,0,31,0,0.0,164.64747217301854,1215.0,False,,,False,6,0
proposed,static_frozen,23,1380.0,23.0,4,disrupted,disrupted,2 14 53 69,1687,2.857142857142857,0.35,0.0,31.20269165852424,18.383333333333333,36,2,34,1.0983325653615899,0.5491662826807949,80.83899924341242,60.0,1440.0,0.0,0.0,0.0,1139.5955789000727,0.0,0.0,80.83899924341242,1440.0,123.19007281648895,1867.2211669122332,,,,False,False,not_attempted,0,0,0,0,17,0,0.0,164.5541388396852,1215.0,False,,,False,6,0
proposed,static_frozen,24,1440.0,24.0,4,disrupted,disrupted,2 14 53 69,1687,2.857142857142857,0.35,0.0,31.20269165852424,18.4,34,2,32,1.4331018886970486,0.7165509443485243,82.27210113210947,60.0,1500.0,0.0,0.0,0.0,1139.5955789000727,0.0,0.0,82.27210113210947,1500.0,122.11228047918344,1867.2211669122332,,,,False,False,not_attempted,0,0,0,0,23,0,0.0,164.3292465444402,1215.0,False,,,False,6,0
proposed,static_frozen,25,1500.0,25.0,5,disrupted,disrupted,2 14 53 69,1687,2.857142857142857,0.35,0.0,31.20269165852424,18.416666666666668,32,2,30,2.0143785761492974,1.0071892880746487,84.28647970825877,60.0,1560.0,0.0,0.0,0.0,1139.5955789000727,0.0,0.0,84.28647970825877,1560.0,120.61585310349992,1722.1491007904347,,,,False,False,not_attempted,0,0,0,0,53,0,0.0,164.23591321110686,1215.0,False,,,False,6,0
proposed,static_frozen,26,1560.0,26.0,5,disrupted,disrupted,2 14 53 69,1687,2.857142857142857,0.35,0.0,31.20269165852424,18.433333333333334,30,2,28,1.4169279498132656,0.7084639749066328,85.70340765807204,60.0,1620.0,0.0,0.0,0.0,1139.5955789000727,0.0,0.0,85.70340765807204,1620.0,118.73641229686967,1722.1491007904347,,,,False,False,not_attempted,0,0,0,0,46,0,0.0,163.8497470841121,1373.0,False,,,False,6,0
proposed,static_frozen,27,1620.0,27.0,5,disrupted,disrupted,2 14 53 69,1687,2.857142857142857,0.35,0.0,31.20269165852424,18.45,28,1,27,5.395867988951949,5.395867988951949,91.09927564702399,60.0,1680.0,0.0,0.0,0.0,1139.5955789000727,0.0,0.0,91.09927564702399,1680.0,117.32285977180744,1712.2320774455588,,,,False,False,not_attempted,0,0,0,0,35,2,0.05714285714285714,160.3454170892397,1373.0,False,,,False,6,0
proposed,static_frozen,28,1680.0,28.0,5,disrupted,disrupted,2 14 53 69,1687,2.857142857142857,0.35,0.0,31.20269165852424,18.466666666666665,27,2,25,2.502640696891878,1.251320348445939,93.60191634391586,60.0,1740.0,0.0,0.0,0.0,1139.5955789000727,0.0,0.0,93.60191634391586,1740.0,111.77994892331499,1650.980193003788,,,,False,False,not_attempted,0,0,0,0,22,3,0.13636363636363635,158.72566331508537,1419.0,False,,,False,6,0
proposed,static_frozen,29,1740.0,29.0,5,disrupted,disrupted,2 14 53 69,1687,2.857142857142857,0.35,0.0,31.20269165852424,18.483333333333334,25,2,23,0.810422301583898,0.405211150791949,94.41233864549976,60.0,1800.0,0.0,0.0,0.0,1139.5955789000727,0.0,0.0,94.41233864549976,1800.0,109.07010149697628,1510.8958783987957,,,,False,False,not_attempted,0,0,0,0,12,0,0.0,158.63232998175204,1419.0,False,,,False,6,0
proposed,static_frozen,30,1800.0,30.0,6,recovering,recovering,2 14 53 69,1687,2.857142857142857,0.35,0.0,31.20269165852424,18.5,23,4,19,4.931764480776943,1.2329411201942357,99.3441031262767,60.0,1860.0,0.0,0.0,0.0,1139.5955789000727,0.0,0.0,99.3441031262767,1860.0,108.74230890238503,1510.8958783987957,,,,False,False,not_attempted,0,0,0,0,41,3,0.07317073170731707,156.94888075400053,1669.0,False,,,False,6,0
proposed,static_frozen,31,1860.0,31.0,6,recovering,recovering,2 14 53 69,1687,2.6595744680851063,0.376,0.04,31.547922904274717,18.516666666666666,19,0,19,1.8501391543322063,1.8501391543322063,101.19424228060892,60.0,1920.0,0.0,0.0,0.0,1139.5955789000727,0.0,0.0,101.19424228060892,1920.0,95.39863144570639,1419.1603745580196,,,,False,False,not_attempted,0,0,0,0,13,1,0.07692307692307693,156.02000373845638,1669.0,False,,,False,6,0
proposed,static_frozen,32,1920.0,32.0,6,recovering,recovering,2 14 53 69,1687,2.4875621890547266,0.40199999999999997,0.08,31.854778906250925,18.533333333333335,19,3,16,1.33548023923748,0.44516007974582666,102.5297225198464,60.0,1980.0,0.0,0.0,0.0,1139.5955789000727,0.0,0.0,102.5297225198464,1980.0,86.84591265231501,1232.6228210185113,,,,False,False,not_attempted,0,0,0,0,8,1,0.125,155.92667040512305,1762.0,False,,,False,6,0
proposed,static_frozen,33,1980.0,33.0,6,recovering,recovering,2 14 53 69,1687,2.336448598130841,0.428,0.12,32.1293213401735,18.55,16,3,13,2.7547956612743376,0.9182652204247792,105.28451818112075,60.0,2040.0,0.0,0.0,0.0,1139.5955789000727,0.0,0.0,105.28451818112075,2040.0,79.6378860224082,1194.1924627323401,,,,False,False,not_attempted,0,0,0,0,36,1,0.027777777777777776,155.23976721826267,1820.0,False,,,False,6,0
proposed,static_frozen,34,2040.0,34.0,6,recovering,recovering,2 14 53 69,1687,2.2026431718061676,0.45399999999999996,0.16,32.37639908536983,18.566666666666666,13,2,11,2.6528812899061407,1.3264406449530703,107.93739947102688,60.0,2100.0,0.0,0.0,0.0,1139.5955789000727,0.0,0.0,107.93739947102688,2100.0,71.75436550666221,1124.0374253782218,,,,False,False,not_attempted,0,0,0,0,29,3,0.10344827586206896,153.75076722009146,1820.0,False,,,False,5,0
proposed,static_frozen,35,2100.0,35.0,7,recovering,recovering,2 14 53 69,1687,2.0833333333333335,0.48,0.2,32.59993709044963,18.583333333333332,11,1,10,1.3212312481247932,1.3212312481247932,109.25863071915167,60.0,2160.0,0.0,0.0,0.0,1139.5955789000727,0.0,0.0,109.25863071915167,2160.0,64.13746471375237,950.0917567203742,,,,False,False,not_attempted,0,0,0,0,11,1,0.09090909090909091,153.65743388675813,1929.0,False,,,False,5,0
proposed,static_frozen,36,2160.0,36.0,7,recovering,recovering,2 14 53 69,1687,1.976284584980237,0.506,0.24,32.803146430184874,18.6,10,2,8,2.3109967245089633,1.1554983622544817,111.56962744366064,60.0,2220.0,0.0,0.0,0.0,1139.5955789000727,0.0,0.0,111.56962744366064,2220.0,59.21106977916988,925.9368443197226,,,,False,False,not_attempted,0,0,0,0,10,4,0.4,152.37646719760974,1929.0,False,,,False,4,0
proposed,static_frozen,37,2220.0,37.0,7,recovering,recovering,2 14 53 69,1687,1.8796992481203008,0.532,0.28,32.98867954681469,18.616666666666667,8,1,7,2.573659834044427,2.573659834044427,114.14328727770506,60.0,2280.0,0.0,0.0,0.0,1139.5955789000727,0.0,0.0,114.14328727770506,2280.0,53.0407441958822,867.1091101462144,,,,False,False,not_attempted,0,0,0,0,12,4,0.3333333333333333,150.1826835790171,1966.0,False,,,False,2,0
proposed,static_frozen,38,2280.0,38.0,7,recovering,recovering,2 14 53 69,1687,1.7921146953405016,0.558,0.32,33.15874666871985,18.633333333333333,7,2,5,5.102039536293252,2.551019768146626,119.2453268139983,60.0,2340.0,0.0,0.0,0.0,1139.5955789000727,0.0,0.0,119.2453268139983,2340.0,47.5601303330743,782.4942754964698,,,,False,False,not_attempted,0,0,0,0,7,7,1.0,145.23093439263315,1966.0,False,,,False,1,0
proposed,static_frozen,39,2340.0,39.0,7,recovering,recovering,2 14 53 69,1687,1.7123287671232879,0.584,0.36,33.31520428011182,18.65,5,1,4,0.1497154594447822,0.1497154594447822,119.39504227344308,60.0,2400.0,0.0,0.0,0.0,1139.5955789000727,0.0,0.0,119.39504227344308,2400.0,40.34008930471661,616.2617334398736,,,,False,False,not_attempted,0,0,0,0,0,0,0.0,145.1376010592998,1976.0,False,,,False,1,0
proposed,static_frozen,40,2400.0,40.0,8,recovering,recovering,2 14 53 69,1687,1.639344262295082,0.61,0.4,33.459623168665104,18.666666666666668,4,1,3,0.773906411306729,0.773906411306729,120.16894868474981,60.0,2460.0,0.0,0.0,0.0,1139.5955789000727,0.0,0.0,120.16894868474981,2460.0,38.07252430745982,605.339102178502,,,,False,False,not_attempted,0,0,0,0,4,4,1.0,144.3636946479931,1976.0,False,,,False,1,0
proposed,static_frozen,41,2460.0,41.0,8,recovering,recovering,2 14 53 69,1687,1.572327044025157,0.636,0.44,33.59334134719233,18.683333333333334,3,0,3,2.044235020695604,2.044235020695604,122.21318370544542,60.0,2520.0,0.0,0.0,0.0,1139.5955789000727,0.0,0.0,122.21318370544542,2520.0,34.835654675277596,574.944239896395,,,,False,False,not_attempted,0,0,0,0,3,3,1.0,142.3194596272975,1976.0,False,,,False,1,0
proposed,static_frozen,42,2520.0,42.0,8,recovering,recovering,2 14 53 69,1687,1.5105740181268883,0.6619999999999999,0.48,33.71750563187888,18.7,3,0,3,0.09333333333333332,0.09333333333333332,122.30651703877875,60.0,2580.0,0.0,0.0,0.0,1139.5955789000727,0.0,0.0,122.30651703877875,2580.0,31.371999317151253,408.8064903748751,,,,False,False,not_attempted,0,0,0,0,0,0,0.0,142.22612629396417,1976.0,False,,,False,1,0
proposed,static_frozen,43,2580.0,43.0,8,recovering,recovering,2 14 53 69,1687,1.4534883720930234,0.688,0.52,33.833104615867185,18.716666666666665,3,1,2,0.46569472123529443,0.46569472123529443,122.77221176001405,60.0,2640.0,0.0,0.0,0.0,1139.5955789000727,0.0,0.0,122.77221176001405,2640.0,29.735554536338718,402.4271753316386,,,,False,False,not_attempted,0,0,0,0,2,2,1.0,141.76043157272886,1976.0,False,,,False,1,0
proposed,static_frozen,44,2640.0,44.0,8,recovering,recovering,2 14 53 69,1687,1.400560224089636,0.714,0.56,33.94099504645174,18.733333333333334,2,0,2,1.2345910947538572,1.2345910947538572,124.0068028547679,60.0,2700.0,0.0,0.0,0.0,1139.5955789000727,0.0,0.0,124.0068028547679,2700.0,27.54449748491843,366.6586367445377,,,,False,False,not_attempted,0,0,0,0,2,2,1.0,140.52584047797498,1976.0,False,,,False,1,0
proposed,static_frozen,45,2700.0,45.0,9,recovering,recovering,2 14 53 69,1687,1.3513513513513513,0.74,0.6,34.04192309575753,18.75,2,0,2,0.09333333333333332,0.09333333333333332,124.10013618810123,60.0,2760.0,0.0,0.0,0.0,1139.5955789000727,0.0,0.0,124.10013618810123,2760.0,25.143580320950363,228.03947002997526,,,,False,False,not_attempted,0,0,0,0,0,0,0.0,140.43250714464165,1976.0,False,,,False,1,0
proposed,static_frozen,46,2760.0,46.0,9,recovering,recovering,2 14 53 69,1687,1.3054830287206267,0.766,0.64,34.13654164221812,18.766666666666666,2,1,1,1.0531340904155375,1.0531340904155375,125.15327027851677,60.0,2820.0,0.0,0.0,0.0,1139.5955789000727,0.0,0.0,125.15327027851677,2820.0,23.908468164784114,224.37233397151653,,,,False,False,not_attempted,0,0,0,0,2,2,1.0,139.3793730542261,1976.0,False,,,False,1,0
proposed,static_frozen,47,2820.0,47.0,9,recovering,recovering,2 14 53 69,1687,1.2626262626262625,0.792,0.68,34.2254244092423,18.783333333333335,1,0,1,1.431487684646659,1.431487684646659,126.58475796316343,60.0,2880.0,0.0,0.0,0.0,1139.5955789000727,0.0,0.0,126.58475796316343,2880.0,21.36408291863072,193.77144383273793,,,,False,False,not_attempted,0,0,0,0,2,2,1.0,137.94788536957944,1976.0,False,,,False,1,0
proposed,static_frozen,48,2880.0,48.0,9,recovering,recovering,2 14 53 69,1687,1.2224938875305624,0.818,0.72,34.309077608263664,18.8,1,0,1,0.09333333333333332,0.09333333333333332,126.67809129649676,60.0,2940.0,0.0,0.0,0.0,1139.5955789000727,0.0,0.0,126.67809129649676,2940.0,19.248544553930362,88.20804305174751,,,,False,False,not_attempted,0,0,0,0,0,0,0.0,137.8545520362461,1976.0,False,,,False,0,0
proposed,static_frozen,49,2940.0,49.0,9,recovering,recovering,2 14 53 69,1687,1.1848341232227486,0.8440000000000001,0.76,34.38794958540497,18.816666666666666,1,1,0,17.262607275794522,17.262607275794522,143.9406985722913,90.62423913544205,3030.624239135442,0.0,0.0,0.0,1139.5955789000727,0.0,0.0,143.9406985722913,3030.624239135442,18.31517801594197,87.13164490123037,,,,False,False,not_attempted,0,0,0,0,150,82,0.5466666666666666,134.3437330729469,1976.0,True,,,False,0,0
nn,adaptive,0,0.0,0.0,0,normal,initial,2 14 53 69,0,1.0,1.0,0.0,34.78037077224997,18.0,84,0,84,16.660400703942315,16.660400703942315,16.660400703942315,60.0,60.0,9.957765099941753,0.252319399965927,10.21008449990768,10.21008449990768,0.0,0.0,16.660400703942315,60.0,162.58793156149096,2761.487785832027,,,,False,False,initial_plan,0,0,0,0,97,0,0.0,177.83388229329896,0.0,False,,,True,10,10
nn,adaptive,1,60.0,1.0,0,normal,normal,2 14 53 69,0,1.0,1.0,0.0,34.78037077224997,18.016666666666666,84,0,84,2.671835477730445,2.671835477730445,19.332236181672762,60.0,120.0,0.0,0.0,0.0,10.21008449990768,0.0,0.0,19.332236181672762,120.0,144.89809698360446,2603.2770542730404,,,,False,False,not_attempted,0,0,0,0,24,0,0.0,177.65141542411558,0.0,False,,,False,9,10
nn,adaptive,2,120.0,2.0,0,normal,normal,2 14 53 69,0,1.0,1.0,0.0,34.78037077224997,18.033333333333335,84,6,78,2.2336491502253266,0.37227485837088775,21.565885331898087,60.0,180.0,0.0,0.0,0.0,10.21008449990768,0.0,0.0,21.565885331898087,180.0,142.35879798598543,2603.2770542730404,,,,False,False,not_attempted,0,0,0,0,25,0,0.0,177.33697396192156,239.0,False,,,False,9,4
nn,adaptive,3,180.0,3.0,0,normal,normal,2 14 53 69,0,1.0,1.0,0.0,34.78037077224997,18.05,78,4,74,4.632857667324735,1.1582144168311836,26.198742999222823,60.0,240.0,0.0,0.0,0.0,10.21008449990768,0.0,0.0,26.198742999222823,240.0,140.51455427701427,2575.2504365841983,,,,False,False,not_attempted,0,0,0,0,75,0,0.0,176.58965573332028,239.0,False,,,False,9,0
nn,adaptive,4,240.0,4.0,0,normal,normal,2 14 53 69,0,1.0,1.0,0.0,34.78037077224997,18.066666666666666,74,0,74,2.1890984112485845,2.1890984112485845,28.387841410471406,60.0,300.0,0.0,0.0,0.0,10.21008449990768,0.0,0.0,28.387841410471406,300.0,135.7776609100203,2453.4542174026838,,,,False,False,not_attempted,0,0,0,0,38,0,0.0,176.38162922177597,239.0,False,,,False,9,0
nn,adaptive,5,300.0,5.0,1,normal,normal,2 14 53 69,0,1.0,1.0,0.0,34.78037077224997,18.083333333333332,74,3,71,4.763597379502395,1.587865793167465,33.1514387899738,60.0,360.0,9.790779599919915,0.16876799997407943,9.959547599893995,20.169632099801674,0.0,0.0,33.1514387899738,360.0,128.7959290546367,2784.3357844494485,133.8378687044175,128.7959290546367,5.041939649780801,True,True,lower_residual_energy,2,25,2,25,105,0,0.0,175.72436508422112,402.0,False,,,True,9,0
nn,adaptive,6,360.0,6.0,1,normal,normal,2 14 53 69,0,1.0,1.0,0.0,34.78037077224997,18.1,71,2,69,4.485811166703238,2.242905583351619,37.63724995667704,60.0,420.0,0.0,0.0,0.0,20.169632099801674,0.0,0.0,37.63724995667704,420.0,123.61361357332132,2717.1313092372607,,,,False,False,not_attempted,0,0,0,0,59,0,0.0,173.98774183949396,422.0,False,,,False,9,0
nn,adaptive,7,420.0,7.0,1,normal,normal,2 14 53 69,0,1.0,1.0,0.0,34.78037077224997,18.116666666666667,69,3,66,2.9812824839435574,0.9937608279811858,40.6185324406206,60.0,480.0,0.0,0.0,0.0,20.169632099801674,0.0,0.0,40.6185324406206,480.0,118.92085678662227,2561.270737883113,,,,False,False,not_attempted,0,0,0,0,37,0,0.0,172.73804103501027,477.0,False,,,False,8,0
nn,adaptive,8,480.0,8.0,1,normal,normal,2 14 53 69,0,1.0,1.0,0.0,34.78037077224997,18.133333333333333,66,4,62,2.178098861828392,0.544524715457098,42.796631302448986,60.0,540.0,0.0,0.0,0.0,20.169632099801674,0.0,0.0,42.796631302448986,540.0,116.30503232303343,2561.270737883113,,,,False,False,not_attempted,0,0,0,0,45,0,0.0,172.64470770167694,647.0,False,,,False,8,0
nn,adaptive,9,540.0,9.0,1,normal,normal,2 14 53 69,0,1.0,1.0,0.0,34.78037077224997,18.15,62,2,60,1.8453221570217784,0.9226610785108892,44.64195345947076,60.0,600.0,0.0,0.0,0.0,20.169632099801674,0.0,0.0,44.64195345947076,600.0,114.16194557950111,2541.1547650102475,,,,False,False,not_attempted,0,0,0,0,56,0,0.0,172.53888579406538,647.0,False,,,False,7,0
nn,adaptive,10,600.0,10.0,2,degrading,degrading,2 14 53 69,0,1.0,1.0,0.0,34.78037077224997,18.166666666666668,60,3,57,3.0870488429308645,1.0290162809769547,47.729002302401625,60.0,660.0,5.530007183551788e-05,0.11013609997462481,0.11019140004646033,20.279823499848135,0.0,0.0,47.729002302401625,660.0,112.11863421063464,2395.4798719351247,112.11863421063464,113.9377236595066,-1.8190894488719636,True,False,incumbent_not_worse,5,31,0,0,64,0,0.0,172.28418379893967,647.0,False,,,True,7,0
nn,adaptive,11,660.0,11.0,2,degrading,degrading,2 14 53 69,1687,1.06951871657754,0.935,0.0,34.631729320613424,18.183333333333334,57,2,55,1.5499016232256528,0.7749508116128264,49.278903925627276,60.0,720.0,0.0,0.0,0.0,20.279823499848135,0.0,0.0,49.278903925627276,720.0,114.05140581633735,2421.944473602688,,,,False,False,not_attempted,0,0,0,0,42,5,0.11904761904761904,172.2499756154787,659.0,False,,,False,7,0
nn,adaptive,12,720.0,12.0,2,degrading,degrading,2 14 53 69,1687,1.1494252873563218,0.87,0.0,34.46243886002531,18.2,55,1,54,0.9826797260427302,0.9826797260427302,50.26158365167001,60.0,780.0,0.0,0.0,0.0,20.279823499848135,0.0,0.0,50.26158365167001,780.0,117.51899814125042,2292.053943398415,,,,False,False,not_attempted,0,0,0,0,26,1,0.038461538461538464,172.01564342942584,743.0,False,,,False,7,0
nn,adaptive,13,780.0,13.0,2,degrading,degrading,2 14 53 69,1687,1.2422360248447206,0.8049999999999999,0.0,34.26787542813574,18.216666666666665,54,4,50,3.267856825208403,0.8169642063021008,53.52944047687841,60.0,840.0,0.0,0.0,0.0,20.279823499848135,0.0,0.0,53.52944047687841,840.0,123.34445496220667,2311.56275497468,,,,False,False,not_attempted,0,0,0,0,43,3,0.06976744186046512,171.03980900101013,843.0,False,,,False,7,0
nn,adaptive,14,840.0,14.0,2,degrading,degrading,2 14 53 69,1687,1.3513513513513513,0.74,0.0,34.04192309575753,18.233333333333334,50,0,50,3.6419934759164185,3.6419934759164185,57.17143395279483,60.0,900.0,0.0,0.0,0.0,20.279823499848135,0.0,0.0,57.17143395279483,900.0,127.34169623446304,2320.4519083535324,,,,False,False,not_attempted,0,0,0,0,46,9,0.1956521739130435,169.88040449937506,843.0,False,,,False,7,0
nn,adaptive,15,900.0,15.0,3,degrading,degrading,2 14 53 69,1687,1.4814814814814814,0.675,0.0,33.77631942075436,18.25,50,2,48,3.2037933582916684,1.6018966791458342,60.3752273110865,60.0,960.0,9.799851800082251,0.07689410005696118,9.876745900139213,30.156569399987347,0.0,0.0,60.3752273110865,960.0,132.34729911325886,2285.77921145096,132.34729911325886,134.6730798230374,-2.3257807097785417,True,False,incumbent_not_worse,1,5,0,0,35,5,0.14285714285714285,168.8757430791251,853.0,False,,,True,7,0
nn,adaptive,16,960.0,16.0,3,degrading,degrading,2 14 53 69,1687,1.639344262295082,0.61,0.0,33.459623168665104,18.266666666666666,48,2,46,1.8014776828889276,0.9007388414444638,62.17670499397543,60.0,1020.0,0.0,0.0,0.0,30.156569399987347,0.0,0.0,62.17670499397543,1020.0,139.180804233419,2141.459278370601,,,,False,False,not_attempted,0,0,0,0,18,0,0.0,168.4914004869809,1087.0,False,,,False,7,0
nn,adaptive,17,1020.0,17.0,3,degrading,degrading,2 14 53 69,1687,1.8348623853211008,0.545,0.0,33.07552291825965,18.283333333333335,46,4,42,2.500219228217304,0.625054807054326,64.67692422219272,60.0,1080.0,0.0,0.0,0.0,30.156569399987347,0.0,0.0,64.67692422219272,1080.0,150.9132457365912,2169.530748900197,,,,False,False,not_attempted,0,0,0,0,45,5,0.1111111111111111,167.3812003528349,1087.0,False,,,False,7,0
nn,adaptive,18,1080.0,18.0,3,degrading,degrading,2 14 53 69,1687,2.0833333333333335,0.48,0.0,32.59993709044963,18.3,42,1,41,3.507839659303144,3.507839659303144,68.18476388149587,60.0,1140.0,0.0,0.0,0.0,30.156569399987347,0.0,0.0,68.18476388149587,1140.0,163.9982056873932,2193.289071855193,,,,False,False,not_attempted,0,0,0,0,43,3,0.06976744186046512,166.26789287451624,1087.0,False,,,False,7,0
nn,adaptive,19,1140.0,19.0,3,degrading,degrading,2 14 53 69,1687,2.409638554216868,0.4149999999999999,0.0,31.995761682130254,18.316666666666666,41,2,39,2.1564552909240042,1.0782276454620021,70.34121917241987,60.0,1200.0,0.0,0.0,0.0,30.156569399987347,0.0,0.0,70.34121917241987,1200.0,180.9269349406837,2089.5344546682563,,,,False,False,not_attempted,0,0,0,0,34,0,0.0,166.1745595411829,1138.0,False,,,False,7,0
nn,adaptive,20,1200.0,20.0,4,disrupted,holding,2 14 53 69,1687,2.857142857142857,0.35,0.0,31.20269165852424,18.333333333333332,39,4,35,7.116971381562111,1.7792428453905278,77.45819055398198,60.0,1260.0,9.923808899940923,0.047031099908053875,9.970839999848977,40.127409399836324,0.0,0.0,77.45819055398198,1260.0,203.2241006951467,1768.6575649656234,206.39440499379117,203.2241006951467,3.1703042986444814,True,True,lower_residual_energy,3,8,3,8,43,5,0.11627906976744186,164.63973642089337,1270.0,False,,,True,9,0
nn,adaptive,21,1260.0,21.0,4,disrupted,disrupted,2 14 53 69,1687,2.857142857142857,0.35,0.0,31.20269165852424,18.35,35,0,35,3.2601244224394703,3.2601244224394703,80.71831497642145,60.0,1320.0,0.0,0.0,0.0,40.127409399836324,0.0,0.0,80.71831497642145,1320.0,195.50449002743122,1664.9520308437131,,,,False,False,not_attempted,0,0,0,0,10,1,0.1,163.7062889273738,1270.0,False,,,False,9,0
nn,adaptive,22,1320.0,22.0,4,disrupted,disrupted,2 14 53 69,1687,2.857142857142857,0.35,0.0,31.20269165852424,18.366666666666667,35,4,31,4.527810192907401,1.1319525482268502,85.24612516932885,60.0,1380.0,0.0,0.0,0.0,40.127409399836324,0.0,0.0,85.24612516932885,1380.0,192.6513447940505,1636.4644273282202,,,,False,False,not_attempted,0,0,0,0,70,0,0.0,163.61295559404047,1351.0,False,,,False,9,0
nn,adaptive,23,1380.0,23.0,4,disrupted,disrupted,2 14 53 69,1687,2.857142857142857,0.35,0.0,31.20269165852424,18.383333333333333,31,2,29,10.144538593736014,5.072269296868007,95.39066376306486,60.0,1440.0,0.0,0.0,0.0,40.127409399836324,0.0,0.0,95.39066376306486,1440.0,188.88403432213644,1632.7928612482215,,,,False,False,not_attempted,0,0,0,0,60,8,0.13333333333333333,162.97934985373718,1351.0,False,,,False,9,0
nn,adaptive,24,1440.0,24.0,4,disrupted,disrupted,2 14 53 69,1687,2.857142857142857,0.35,0.0,31.20269165852424,18.4,29,1,28,6.651563745208415,6.651563745208415,102.04222750827329,60.0,1500.0,0.0,0.0,0.0,40.127409399836324,0.0,0.0,102.04222750827329,1500.0,176.9680549675528,1490.1529246348105,,,,False,False,not_attempted,0,0,0,0,84,2,0.023809523809523808,160.99432137684494,1351.0,False,,,False,9,0
nn,adaptive,25,1500.0,25.0,5,disrupted,disrupted,2 14 53 69,1687,2.857142857142857,0.35,0.0,31.20269165852424,18.416666666666668,28,2,26,3.445478457637795,1.7227392288188974,105.48770596591108,60.0,1560.0,5.530007183551788e-05,0.020433300058357418,0.020488600130192935,40.14789799996652,0.0,0.0,105.48770596591108,1560.0,171.81955518111425,1477.5480708096788,171.81955518111425,179.78848304318535,-7.968927862071098,True,False,incumbent_not_worse,4,9,0,0,38,0,0.0,160.9009880435116,1567.0,False,,,True,8,0
nn,adaptive,26,1560.0,26.0,5,disrupted,disrupted,2 14 53 69,1687,2.857142857142857,0.35,0.0,31.20269165852424,18.433333333333334,26,3,23,7.441296049123141,2.48043201637438,112.92900201503421,60.0,1620.0,0.0,0.0,0.0,40.14789799996652,0.0,0.0,112.92900201503421,1620.0,168.68511536395854,1358.586556236763,,,,False,False,not_attempted,0,0,0,0,48,4,0.08333333333333333,160.8257285911441,1567.0,False,,,False,8,0
nn,adaptive,27,1620.0,27.0,5,disrupted,disrupted,2 14 53 69,1687,2.857142857142857,0.35,0.0,31.20269165852424,18.45,23,3,20,5.457324379015031,1.8191081263383435,118.38632639404925,60.0,1680.0,0.0,0.0,0.0,40.14789799996652,0.0,0.0,118.38632639404925,1680.0,159.28510737235808,1337.6870877828967,,,,False,False,not_attempted,0,0,0,0,29,4,0.13793103448275862,160.8257285911441,1619.0,False,,,False,7,0
nn,adaptive,28,1680.0,28.0,5,disrupted,disrupted,2 14 53 69,1687,2.857142857142857,0.35,0.0,31.20269165852424,18.466666666666665,20,2,18,6.292206086028743,3.1461030430143717,124.67853248007799,60.0,1740.0,0.0,0.0,0.0,40.14789799996652,0.0,0.0,124.67853248007799,1740.0,155.0005314999295,1331.5060568133576,,,,False,False,not_attempted,0,0,0,0,43,5,0.11627906976744186,159.54075530429938,1655.0,False,,,False,7,0
nn,adaptive,29,1740.0,29.0,5,disrupted,disrupted,2 14 53 69,1687,2.857142857142857,0.35,0.0,31.20269165852424,18.483333333333334,18,2,16,4.0265025735037705,2.0132512867518852,128.70503505358175,60.0,1800.0,0.0,0.0,0.0,40.14789799996652,0.0,0.0,128.70503505358175,1800.0,148.0869082055862,1275.3901538018672,,,,False,False,not_attempted,0,0,0,0,13,4,0.3076923076923077,158.447543894089,1655.0,False,,,False,7,0
nn,adaptive,30,1800.0,30.0,6,recovering,recovering,2 14 53 69,1687,2.857142857142857,0.35,0.0,31.20269165852424,18.5,16,2,14,6.849848538656685,3.4249242693283426,135.55488359223844,60.0,1860.0,5.7600089348852634e-05,0.006023599999025464,0.006081200088374317,40.15397920005489,0.0,0.0,135.55488359223844,1860.0,143.25441611241362,1128.3720904397667,143.25441611241362,147.4460074308367,-4.191591318423065,True,False,incumbent_not_worse,3,4,0,0,16,7,0.4375,156.89955209428754,1724.0,False,,,True,6,0
nn,adaptive,31,1860.0,31.0,6,recovering,recovering,2 14 53 69,1687,2.6595744680851063,0.376,0.04,31.547922904274717,18.516666666666666,14,2,12,6.511951374606754,3.255975687303377,142.0668349668452,60.0,1920.0,0.0,0.0,0.0,40.15397920005489,0.0,0.0,142.0668349668452,1920.0,130.26772751806465,1122.7251552427165,,,,False,False,not_attempted,0,0,0,0,28,6,0.21428571428571427,154.07439134479057,1724.0,False,,,False,6,0
nn,adaptive,32,1920.0,32.0,6,recovering,recovering,2 14 53 69,1687,2.4875621890547266,0.40199999999999997,0.08,31.854778906250925,18.533333333333335,12,0,12,1.0638606632217618,1.0638606632217618,143.13069563006695,60.0,1980.0,0.0,0.0,0.0,40.15397920005489,0.0,0.0,143.13069563006695,1980.0,116.92015496825846,1084.7085562324933,,,,False,False,not_attempted,0,0,0,0,20,0,0.0,153.98105801145724,1724.0,False,,,False,5,0
nn,adaptive,33,1980.0,33.0,6,recovering,recovering,2 14 53 69,1687,2.336448598130841,0.428,0.12,32.1293213401735,18.55,12,5,7,4.407290589737724,0.8814581179475448,147.53798621980468,60.0,2040.0,0.0,0.0,0.0,40.15397920005489,0.0,0.0,147.53798621980468,2040.0,110.30799843137416,1016.7388741301731,,,,False,False,not_attempted,0,0,0,0,23,6,0.2608695652173913,153.14446030513452,1814.0,False,,,False,5,0
nn,adaptive,34,2040.0,34.0,6,recovering,recovering,2 14 53 69,1687,2.2026431718061676,0.45399999999999996,0.16,32.37639908536983,18.566666666666666,7,0,7,4.937700949053563,4.937700949053563,152.47568716885823,60.0,2100.0,0.0,0.0,0.0,40.15397920005489,0.0,0.0,152.47568716885823,2100.0,99.82875821568454,884.238125481641,,,,False,False,not_attempted,0,0,0,0,46,4,0.08695652173913043,149.76698290366542,1814.0,False,,,False,4,0
nn,adaptive,35,2100.0,35.0,7,recovering,recovering,2 14 53 69,1687,2.0833333333333335,0.48,0.2,32.59993709044963,18.583333333333332,7,2,5,7.389285006625074,3.694642503312537,159.8649721754833,60.0,2160.0,9.900184199912474,0.0014331999700516462,9.901617399882525,50.05559659993742,0.0,0.0,159.8649721754833,2160.0,90.8054729237322,985.8773339172451,91.41762484826853,90.8054729237322,0.6121519245363345,True,True,lower_residual_energy,1,2,1,2,31,9,0.2903225806451613,149.6736495703321,1938.0,False,,,True,3,0
nn,adaptive,36,2160.0,36.0,7,recovering,recovering,2 14 53 69,1687,1.976284584980237,0.506,0.24,32.803146430184874,18.6,5,1,4,0.32192135643146447,0.32192135643146447,160.18689353191476,60.0,2220.0,0.0,0.0,0.0,50.05559659993742,0.0,0.0,160.18689353191476,2220.0,79.61774230856031,836.7344339864162,,,,False,False,not_attempted,0,0,0,0,0,0,0.0,149.63172821390063,1938.0,False,,,False,1,0
nn,adaptive,37,2220.0,37.0,7,recovering,recovering,2 14 53 69,1687,1.8796992481203008,0.532,0.28,32.98867954681469,18.616666666666667,4,3,1,0.7679011005679808,0.25596703352266026,160.95479463248273,60.0,2280.0,0.0,0.0,0.0,50.05559659993742,0.0,0.0,160.95479463248273,2280.0,76.29844222748365,833.9738145328968,,,,False,False,not_attempted,0,0,0,0,17,0,0.0,149.63172821390063,1938.0,False,,,False,1,0
nn,adaptive,38,2280.0,38.0,7,recovering,recovering,2 14 53 69,1687,1.7921146953405016,0.558,0.32,33.15874666871985,18.633333333333333,1,0,1,1.6895601086250436,1.6895601086250436,162.64435474110778,60.0,2340.0,0.0,0.0,0.0,50.05559659993742,0.0,0.0,162.64435474110778,2340.0,72.63874234295847,797.7145522422705,,,,False,False,not_attempted,0,0,0,0,10,0,0.0,149.63172821390063,1938.0,False,,,False,1,0
nn,adaptive,39,2340.0,39.0,7,recovering,recovering,2 14 53 69,1687,1.7123287671232879,0.584,0.36,33.31520428011182,18.65,1,0,1,0.2685244568886532,0.2685244568886532,162.91287919799643,60.0,2400.0,0.0,0.0,0.0,50.05559659993742,0.0,0.0,162.91287919799643,2400.0,68.14836231974247,722.9687827479872,,,,False,False,not_attempted,0,0,0,0,2,0,0.0,149.63172821390063,1938.0,False,,,False,1,0
nn,adaptive,40,2400.0,40.0,8,recovering,recovering,2 14 53 69,1687,1.639344262295082,0.61,0.4,33.459623168665104,18.666666666666668,1,0,1,0.22262861923712765,0.22262861923712765,163.13550781723356,60.0,2460.0,9.765198800014332,0.00030590000096708536,9.765504700015299,59.821101299952716,0.0,0.0,163.13550781723356,2460.0,65.18391767106824,611.5655825799263,65.18391767106824,65.18391767106824,0.0,True,False,incumbent_not_worse,0,0,0,0,0,0,0.0,149.63172821390063,1938.0,False,,,True,1,0
nn,adaptive,41,2460.0,41.0,8,recovering,recovering,2 14 53 69,1687,1.572327044025157,0.636,0.44,33.59334134719233,18.683333333333334,1,0,1,0.10282710748439722,0.10282710748439722,163.23833492471795,60.0,2520.0,0.0,0.0,0.0,59.821101299952716,0.0,0.0,163.23833492471795,2520.0,62.85719951896022,609.6500844050324,,,,False,False,not_attempted,0,0,0,0,0,0,0.0,149.63172821390063,1938.0,False,,,False,1,0
nn,adaptive,42,2520.0,42.0,8,recovering,recovering,2 14 53 69,1687,1.5105740181268883,0.6619999999999999,0.48,33.71750563187888,18.7,1,0,1,0.09333333333333332,0.09333333333333332,163.33166825805128,60.0,2580.0,0.0,0.0,0.0,59.821101299952716,0.0,0.0,163.33166825805128,2580.0,60.513575356869126,531.3297011181252,,,,False,False,not_attempted,0,0,0,0,0,0,0.0,149.63172821390063,1938.0,False,,,False,0,0
nn,adaptive,43,2580.0,43.0,8,recovering,recovering,2 14 53 69,1687,1.4534883720930234,0.688,0.52,33.833104615867185,18.716666666666665,1,1,0,52.744942805353645,52.744942805353645,216.07661106340493,529.6679554100554,3109.6679554100556,0.0,0.0,0.0,59.821101299952716,0.0,0.0,216.07661106340493,3109.6679554100556,58.48614655448747,530.5166029907792,,,,False,False,not_attempted,0,0,0,0,747,133,0.17804551539491298,144.66872154814394,1971.0,True,,,False,0,0
nn,static_live,0,0.0,0.0,0,normal,initial,2 14 53 69,0,1.0,1.0,0.0,34.78037077224997,18.0,84,0,84,16.660400703942315,16.660400703942315,16.660400703942315,60.0,60.0,9.957765099941753,0.252319399965927,10.21008449990768,10.21008449990768,0.0,0.0,16.660400703942315,60.0,162.58793156149096,2761.487785832027,,,,False,False,initial_plan,0,0,0,0,97,0,0.0,177.83388229329896,0.0,False,,,True,10,10
nn,static_live,1,60.0,1.0,0,normal,normal,2 14 53 69,0,1.0,1.0,0.0,34.78037077224997,18.016666666666666,84,0,84,2.671835477730445,2.671835477730445,19.332236181672762,60.0,120.0,0.0,0.0,0.0,10.21008449990768,0.0,0.0,19.332236181672762,120.0,144.89809698360446,2603.2770542730404,,,,False,False,not_attempted,0,0,0,0,24,0,0.0,177.65141542411558,0.0,False,,,False,9,10
nn,static_live,2,120.0,2.0,0,normal,normal,2 14 53 69,0,1.0,1.0,0.0,34.78037077224997,18.033333333333335,84,6,78,2.2336491502253266,0.37227485837088775,21.565885331898087,60.0,180.0,0.0,0.0,0.0,10.21008449990768,0.0,0.0,21.565885331898087,180.0,142.35879798598543,2603.2770542730404,,,,False,False,not_attempted,0,0,0,0,25,0,0.0,177.33697396192156,239.0,False,,,False,9,4
nn,static_live,3,180.0,3.0,0,normal,normal,2 14 53 69,0,1.0,1.0,0.0,34.78037077224997,18.05,78,4,74,4.632857667324735,1.1582144168311836,26.198742999222823,60.0,240.0,0.0,0.0,0.0,10.21008449990768,0.0,0.0,26.198742999222823,240.0,140.51455427701427,2575.2504365841983,,,,False,False,not_attempted,0,0,0,0,75,0,0.0,176.58965573332028,239.0,False,,,False,9,0
nn,static_live,4,240.0,4.0,0,normal,normal,2 14 53 69,0,1.0,1.0,0.0,34.78037077224997,18.066666666666666,74,0,74,2.1890984112485845,2.1890984112485845,28.387841410471406,60.0,300.0,0.0,0.0,0.0,10.21008449990768,0.0,0.0,28.387841410471406,300.0,135.7776609100203,2453.4542174026838,,,,False,False,not_attempted,0,0,0,0,38,0,0.0,176.38162922177597,239.0,False,,,False,9,0
nn,static_live,5,300.0,5.0,1,normal,normal,2 14 53 69,0,1.0,1.0,0.0,34.78037077224997,18.083333333333332,74,3,71,4.763597379502395,1.587865793167465,33.1514387899738,60.0,360.0,0.0,0.0,0.0,10.21008449990768,0.0,0.0,33.1514387899738,360.0,133.8378687044175,2453.4542174026838,,,,False,False,not_attempted,0,0,0,0,105,0,0.0,175.72436508422112,402.0,False,,,False,9,0
nn,static_live,6,360.0,6.0,1,normal,normal,2 14 53 69,0,1.0,1.0,0.0,34.78037077224997,18.1,71,2,69,4.5988841917568095,2.2994420958784048,37.75032298173061,60.0,420.0,0.0,0.0,0.0,10.21008449990768,0.0,0.0,37.75032298173061,420.0,128.65555322310212,2295.479016670314,,,,False,False,not_attempted,0,0,0,0,68,0,0.0,173.98774183949396,422.0,False,,,False,9,0
nn,static_live,7,420.0,7.0,1,normal,normal,2 14 53 69,0,1.0,1.0,0.0,34.78037077224997,18.116666666666667,69,3,66,4.0596296318654135,1.353209877288471,41.809952613596025,60.0,480.0,0.0,0.0,0.0,10.21008449990768,0.0,0.0,41.809952613596025,480.0,123.9692432558826,2295.479016670314,,,,False,False,not_attempted,0,0,0,0,59,0,0.0,172.73804103501027,477.0,False,,,False,8,0
nn,static_live,8,480.0,8.0,1,normal,normal,2 14 53 69,0,1.0,1.0,0.0,34.78037077224997,18.133333333333333,66,3,63,2.9617497333409846,0.9872499111136616,44.77170234693701,60.0,540.0,0.0,0.0,0.0,10.21008449990768,0.0,0.0,44.77170234693701,540.0,120.21492095922403,2165.047520150499,,,,False,False,not_attempted,0,0,0,0,53,0,0.0,172.64470770167694,647.0,False,,,False,8,0
nn,static_live,9,540.0,9.0,1,normal,normal,2 14 53 69,0,1.0,1.0,0.0,34.78037077224997,18.15,63,2,61,1.3608862693802408,0.6804431346901204,46.13258861631725,60.0,600.0,0.0,0.0,0.0,10.21008449990768,0.0,0.0,46.13258861631725,600.0,117.0907644351915,2165.047520150499,,,,False,False,not_attempted,0,0,0,0,35,0,0.0,172.53888579406538,647.0,False,,,False,8,0
nn,static_live,10,600.0,10.0,2,degrading,degrading,2 14 53 69,0,1.0,1.0,0.0,34.78037077224997,18.166666666666668,61,4,57,3.361017409988798,0.8402543524971995,49.49360602630605,60.0,660.0,0.0,0.0,0.0,10.21008449990768,0.0,0.0,49.49360602630605,660.0,115.72549646918236,2159.671519313145,,,,False,False,not_attempted,0,0,0,0,46,0,0.0,172.28418379893967,647.0,False,,,False,8,0
nn,static_live,11,660.0,11.0,2,degrading,degrading,2 14 53 69,1687,1.06951871657754,0.935,0.0,34.631729320613424,18.183333333333334,57,1,56,5.12798869902783,5.12798869902783,54.62159472533388,60.0,720.0,0.0,0.0,0.0,10.21008449990768,0.0,0.0,54.62159472533388,720.0,117.56238269422715,2103.0577557618703,,,,False,False,not_attempted,0,0,0,0,51,7,0.13725490196078433,170.7770221027623,659.0,False,,,False,8,0
nn,static_live,12,720.0,12.0,2,degrading,degrading,2 14 53 69,1687,1.1494252873563218,0.87,0.0,34.46243886002531,18.2,56,2,54,1.9802871325440194,0.9901435662720097,56.6018818578779,60.0,780.0,0.0,0.0,0.0,10.21008449990768,0.0,0.0,56.6018818578779,780.0,118.48424685566508,1970.5532651473773,,,,False,False,not_attempted,0,0,0,0,39,1,0.02564102564102564,170.07632362378266,743.0,False,,,False,8,0
nn,static_live,13,780.0,13.0,2,degrading,degrading,2 14 53 69,1687,1.2422360248447206,0.8049999999999999,0.0,34.26787542813574,18.216666666666665,54,2,52,3.1730170457270317,1.5865085228635158,59.77489890360493,60.0,840.0,0.0,0.0,0.0,10.21008449990768,0.0,0.0,59.77489890360493,840.0,123.41423235182143,1981.2559172382958,,,,False,False,not_attempted,0,0,0,0,52,0,0.0,169.98299029044932,843.0,False,,,False,8,0
nn,static_live,14,840.0,14.0,2,degrading,degrading,2 14 53 69,1687,1.3513513513513513,0.74,0.0,34.04192309575753,18.233333333333334,52,3,49,5.358503943730357,1.7861679812434523,65.13340284733529,60.0,900.0,0.0,0.0,0.0,10.21008449990768,0.0,0.0,65.13340284733529,900.0,128.5550873699474,1961.907754492079,,,,False,False,not_attempted,0,0,0,0,37,1,0.02702702702702703,167.57137119918113,843.0,False,,,False,8,0
nn,static_live,15,900.0,15.0,3,degrading,degrading,2 14 53 69,1687,1.4814814814814814,0.675,0.0,33.77631942075436,18.25,49,1,48,2.5473121826274796,2.5473121826274796,67.68071502996277,60.0,960.0,0.0,0.0,0.0,10.21008449990768,0.0,0.0,67.68071502996277,960.0,131.62247312205696,1812.3492214106034,,,,False,False,not_attempted,0,0,0,0,29,4,0.13793103448275862,166.99780550110344,853.0,False,,,False,8,0
nn,static_live,16,960.0,16.0,3,degrading,degrading,2 14 53 69,1687,1.639344262295082,0.61,0.0,33.459623168665104,18.266666666666666,48,5,43,6.939951512655589,1.3879903025311178,74.62066654261835,60.0,1020.0,0.0,0.0,0.0,10.21008449990768,0.0,0.0,74.62066654261835,1020.0,140.5323102947101,1830.553477371441,,,,False,False,not_attempted,0,0,0,0,88,11,0.125,164.03096636145767,1087.0,False,,,False,8,0
nn,static_live,17,1020.0,17.0,3,degrading,degrading,2 14 53 69,1687,1.8348623853211008,0.545,0.0,33.07552291825965,18.283333333333335,43,0,43,4.092308729536556,4.092308729536556,78.7129752721549,60.0,1080.0,0.0,0.0,0.0,10.21008449990768,0.0,0.0,78.7129752721549,1080.0,146.63402851154345,1797.928225738718,,,,False,False,not_attempted,0,0,0,0,44,9,0.20454545454545456,163.07959205819665,1087.0,False,,,False,8,0
nn,static_live,18,1080.0,18.0,3,degrading,degrading,2 14 53 69,1687,2.0833333333333335,0.48,0.0,32.59993709044963,18.3,43,3,40,2.631851987394762,0.877283995798254,81.34482725954967,60.0,1140.0,0.0,0.0,0.0,10.21008449990768,0.0,0.0,81.34482725954967,1140.0,158.53329044873232,1803.4856168115575,,,,False,False,not_attempted,0,0,0,0,37,3,0.08108108108108109,162.96985101614396,1087.0,False,,,False,8,0
nn,static_live,19,1140.0,19.0,3,degrading,degrading,2 14 53 69,1687,2.409638554216868,0.4149999999999999,0.0,31.995761682130254,18.316666666666666,40,1,39,2.8220998753743465,2.8220998753743465,84.16692713492402,60.0,1200.0,0.0,0.0,0.0,10.21008449990768,0.0,0.0,84.16692713492402,1200.0,175.56372514371256,1716.5702270915735,,,,False,False,not_attempted,0,0,0,0,65,2,0.03076923076923077,162.87651768281063,1087.0,False,,,False,8,0
nn,static_live,20,1200.0,20.0,4,disrupted,holding,2 14 53 69,1687,2.857142857142857,0.35,0.0,31.20269165852424,18.333333333333332,39,4,35,7.280822114309026,1.8202055285772565,91.44774924923306,60.0,1260.0,0.0,0.0,0.0,10.21008449990768,0.0,0.0,91.44774924923306,1260.0,199.2240388993501,1768.175062835978,,,,False,False,not_attempted,0,0,0,0,40,8,0.2,162.75975129331297,1270.0,False,,,False,8,0
nn,static_live,21,1260.0,21.0,4,disrupted,disrupted,2 14 53 69,1687,2.857142857142857,0.35,0.0,31.20269165852424,18.35,35,1,34,2.8286720111143517,2.8286720111143517,94.2764212603474,60.0,1320.0,0.0,0.0,0.0,10.21008449990768,0.0,0.0,94.2764212603474,1320.0,191.6880179800818,1633.4726955683282,,,,False,False,not_attempted,0,0,0,0,22,2,0.09090909090909091,162.66641795997964,1270.0,False,,,False,7,0
nn,static_live,22,1320.0,22.0,4,disrupted,disrupted,2 14 53 69,1687,2.857142857142857,0.35,0.0,31.20269165852424,18.366666666666667,34,4,30,4.378505908540932,1.094626477135233,98.65492716888834,60.0,1380.0,0.0,0.0,0.0,10.21008449990768,0.0,0.0,98.65492716888834,1380.0,188.97414025822326,1633.4726955683282,,,,False,False,not_attempted,0,0,0,0,19,5,0.2631578947368421,161.19984756283645,1351.0,False,,,False,7,0
nn,static_live,23,1380.0,23.0,4,disrupted,disrupted,2 14 53 69,1687,2.857142857142857,0.35,0.0,31.20269165852424,18.383333333333333,30,2,28,8.272069502910302,4.136034751455151,106.92699667179863,60.0,1440.0,0.0,0.0,0.0,10.21008449990768,0.0,0.0,106.92699667179863,1440.0,184.56124754772304,1593.3187695594768,,,,False,False,not_attempted,0,0,0,0,49,10,0.20408163265306123,161.10651422950312,1351.0,False,,,False,7,0
nn,static_live,24,1440.0,24.0,4,disrupted,disrupted,2 14 53 69,1687,2.857142857142857,0.35,0.0,31.20269165852424,18.4,28,2,26,5.4660305399640166,2.7330152699820083,112.39302721176264,60.0,1500.0,0.0,0.0,0.0,10.21008449990768,0.0,0.0,112.39302721176264,1500.0,174.77989087047035,1466.2589166717207,,,,False,False,not_attempted,0,0,0,0,47,2,0.0425531914893617,160.63160052730512,1362.0,False,,,False,7,0
nn,static_live,25,1500.0,25.0,5,disrupted,disrupted,2 14 53 69,1687,2.857142857142857,0.35,0.0,31.20269165852424,18.416666666666668,26,1,25,4.334689577672769,4.334689577672769,116.72771678943542,60.0,1560.0,0.0,0.0,0.0,10.21008449990768,0.0,0.0,116.72771678943542,1560.0,170.49938890097818,1457.252575503198,,,,False,False,not_attempted,0,0,0,0,22,3,0.13636363636363635,158.19354663717334,1567.0,False,,,False,7,0
nn,static_live,26,1560.0,26.0,5,disrupted,disrupted,2 14 53 69,1687,2.857142857142857,0.35,0.0,31.20269165852424,18.433333333333334,25,2,23,4.255718447412347,2.1278592237061735,120.98343523684777,60.0,1620.0,0.0,0.0,0.0,10.21008449990768,0.0,0.0,120.98343523684777,1620.0,166.1386259705026,1414.178157485243,,,,False,False,not_attempted,0,0,0,0,48,3,0.0625,155.93388270999907,1567.0,False,,,False,7,0
nn,static_live,27,1620.0,27.0,5,disrupted,disrupted,2 14 53 69,1687,2.857142857142857,0.35,0.0,31.20269165852424,18.45,23,2,21,3.6879981396018815,1.8439990698009407,124.67143337644966,60.0,1680.0,0.0,0.0,0.0,10.21008449990768,0.0,0.0,124.67143337644966,1680.0,161.7255153103134,1290.193016498185,,,,False,False,not_attempted,0,0,0,0,5,2,0.4,154.39368476656222,1567.0,False,,,False,7,0
nn,static_live,28,1680.0,28.0,5,disrupted,disrupted,2 14 53 69,1687,2.857142857142857,0.35,0.0,31.20269165852424,18.466666666666665,21,2,19,10.93253553446785,5.466267767233925,135.6039689109175,60.0,1740.0,0.0,0.0,0.0,10.21008449990768,0.0,0.0,135.6039689109175,1740.0,158.59550486528693,1277.4613899024466,,,,False,False,not_attempted,0,0,0,0,20,10,0.5,147.7972635451632,1655.0,False,,,False,6,0
nn,static_live,29,1740.0,29.0,5,disrupted,disrupted,2 14 53 69,1687,2.857142857142857,0.35,0.0,31.20269165852424,18.483333333333334,19,3,16,4.196182319063468,1.3987274396878229,139.80015122998097,60.0,1800.0,0.0,0.0,0.0,10.21008449990768,0.0,0.0,139.80015122998097,1800.0,147.17686110148904,1153.1825514152179,,,,False,False,not_attempted,0,0,0,0,45,1,0.022222222222222223,147.70393021182986,1716.0,False,,,False,6,0
nn,static_live,30,1800.0,30.0,6,recovering,recovering,2 14 53 69,1687,2.857142857142857,0.35,0.0,31.20269165852424,18.5,16,2,14,5.262597276664863,2.6312986383324315,145.06274850664585,60.0,1860.0,0.0,0.0,0.0,10.21008449990768,0.0,0.0,145.06274850664585,1860.0,142.9697620114233,1139.599159677165,,,,False,False,not_attempted,0,0,0,0,30,5,0.16666666666666666,145.3796906357282,1724.0,False,,,False,6,0
nn,static_live,31,1860.0,31.0,6,recovering,recovering,2 14 53 69,1687,2.6595744680851063,0.376,0.04,31.547922904274717,18.516666666666666,14,1,13,5.957490094953205,5.957490094953205,151.02023860159906,60.0,1920.0,0.0,0.0,0.0,10.21008449990768,0.0,0.0,151.02023860159906,1920.0,129.94723002876782,1081.41205469049,,,,False,False,not_attempted,0,0,0,0,10,6,0.6,143.3116096643665,1724.0,False,,,False,6,0
nn,static_live,32,1920.0,32.0,6,recovering,recovering,2 14 53 69,1687,2.4875621890547266,0.40199999999999997,0.08,31.854778906250925,18.533333333333335,13,2,11,1.4163897245873431,0.7081948622936716,152.4366283261864,60.0,1980.0,0.0,0.0,0.0,10.21008449990768,0.0,0.0,152.4366283261864,1980.0,116.75275705480693,930.4178197121759,,,,False,False,not_attempted,0,0,0,0,12,0,0.0,142.7080748087075,1865.0,False,,,False,6,0
nn,static_live,33,1980.0,33.0,6,recovering,recovering,2 14 53 69,1687,2.336448598130841,0.428,0.12,32.1293213401735,18.55,11,3,8,1.9653568791801217,0.6551189597267072,154.40198520536651,60.0,2040.0,0.0,0.0,0.0,10.21008449990768,0.0,0.0,154.40198520536651,2040.0,110.12476879748901,912.9918598110396,,,,False,False,not_attempted,0,0,0,0,17,1,0.058823529411764705,142.61474147537416,1865.0,False,,,False,5,0
nn,static_live,34,2040.0,34.0,6,recovering,recovering,2 14 53 69,1687,2.2026431718061676,0.45399999999999996,0.16,32.37639908536983,18.566666666666666,8,1,7,4.186621482284677,4.186621482284677,158.58860668765118,60.0,2100.0,0.0,0.0,0.0,10.21008449990768,0.0,0.0,158.58860668765118,2100.0,102.18979275414706,752.489758710702,,,,False,False,not_attempted,0,0,0,0,20,3,0.15,142.60209765908775,1865.0,False,,,False,4,0
nn,static_live,35,2100.0,35.0,7,recovering,recovering,2 14 53 69,1687,2.0833333333333335,0.48,0.2,32.59993709044963,18.583333333333332,7,3,4,2.4251262499051807,0.8083754166350602,161.01373293755637,60.0,2160.0,0.0,0.0,0.0,10.21008449990768,0.0,0.0,161.01373293755637,2160.0,94.11116604198219,874.9041722632786,,,,False,False,not_attempted,0,0,0,0,25,0,0.0,142.60209765908775,1991.0,False,,,False,3,0
nn,static_live,36,2160.0,36.0,7,recovering,recovering,2 14 53 69,1687,1.976284584980237,0.506,0.24,32.803146430184874,18.6,4,1,3,5.830901892621569,5.830901892621569,166.84463483017794,60.0,2220.0,0.0,0.0,0.0,10.21008449990768,0.0,0.0,166.84463483017794,2220.0,87.24584933727478,711.1902683354633,,,,False,False,not_attempted,0,0,0,0,26,6,0.23076923076923078,142.60209765908775,1991.0,False,,,False,2,0
nn,static_live,37,2220.0,37.0,7,recovering,recovering,2 14 53 69,1687,1.8796992481203008,0.532,0.28,32.98867954681469,18.616666666666667,3,1,2,2.6833897422509247,2.6833897422509247,169.52802457242888,60.0,2280.0,0.0,0.0,0.0,10.21008449990768,0.0,0.0,169.52802457242888,2280.0,77.40841992068245,661.0728678130441,,,,False,False,not_attempted,0,0,0,0,7,6,0.8571428571428571,142.60209765908775,1991.0,False,,,False,2,0
nn,static_live,38,2280.0,38.0,7,recovering,recovering,2 14 53 69,1687,1.7921146953405016,0.558,0.32,33.15874666871985,18.633333333333333,2,0,2,2.606655622759831,2.606655622759831,172.1346801951887,60.0,2340.0,0.0,0.0,0.0,10.21008449990768,0.0,0.0,172.1346801951887,2340.0,71.50272743255748,594.0220698171603,,,,False,False,not_attempted,0,0,0,0,8,8,1.0,142.60209765908775,1991.0,False,,,False,1,0
nn,static_live,39,2340.0,39.0,7,recovering,recovering,2 14 53 69,1687,1.7123287671232879,0.584,0.36,33.31520428011182,18.65,2,1,1,0.15657311298015958,0.15657311298015958,172.29125330816888,60.0,2400.0,0.0,0.0,0.0,10.21008449990768,0.0,0.0,172.29125330816888,2400.0,65.98476067600097,534.2033903901148,,,,False,False,not_attempted,0,0,0,0,0,0,0.0,142.60209765908775,1995.0,False,,,False,0,0
nn,static_live,40,2400.0,40.0,8,recovering,recovering,2 14 53 69,1687,1.639344262295082,0.61,0.4,33.459623168665104,18.666666666666668,1,1,0,56.68248424252223,56.68248424252223,228.9737375506911,548.4934754629561,2948.4934754629558,0.0,0.0,0.0,10.21008449990768,0.0,0.0,228.9737375506911,2948.4934754629558,63.26483350938334,533.1638372217776,,,,False,False,not_attempted,0,0,0,0,671,126,0.18777943368107303,134.9236571956268,1996.0,True,,,False,0,0
nn,static_frozen,0,0.0,0.0,0,normal,initial,2 14 53 69,0,1.0,1.0,0.0,34.78037077224997,18.0,84,0,84,16.660400703942315,16.660400703942315,16.660400703942315,60.0,60.0,9.957765099941753,0.252319399965927,10.21008449990768,10.21008449990768,0.0,0.0,16.660400703942315,60.0,162.58793156149096,2761.487785832027,,,,False,False,initial_plan,0,0,0,0,97,0,0.0,177.83388229329896,0.0,False,,,True,10,10
nn,static_frozen,1,60.0,1.0,0,normal,normal,2 14 53 69,0,1.0,1.0,0.0,34.78037077224997,18.016666666666666,84,0,84,2.671835477730445,2.671835477730445,19.332236181672762,60.0,120.0,0.0,0.0,0.0,10.21008449990768,0.0,0.0,19.332236181672762,120.0,144.89809698360446,2603.2770542730404,,,,False,False,not_attempted,0,0,0,0,24,0,0.0,177.65141542411558,0.0,False,,,False,9,10
nn,static_frozen,2,120.0,2.0,0,normal,normal,2 14 53 69,0,1.0,1.0,0.0,34.78037077224997,18.033333333333335,84,6,78,2.2336491502253266,0.37227485837088775,21.565885331898087,60.0,180.0,0.0,0.0,0.0,10.21008449990768,0.0,0.0,21.565885331898087,180.0,142.35879798598543,2603.2770542730404,,,,False,False,not_attempted,0,0,0,0,25,0,0.0,177.33697396192156,239.0,False,,,False,9,4
nn,static_frozen,3,180.0,3.0,0,normal,normal,2 14 53 69,0,1.0,1.0,0.0,34.78037077224997,18.05,78,4,74,4.632857667324735,1.1582144168311836,26.198742999222823,60.0,240.0,0.0,0.0,0.0,10.21008449990768,0.0,0.0,26.198742999222823,240.0,140.51455427701427,2575.2504365841983,,,,False,False,not_attempted,0,0,0,0,75,0,0.0,176.58965573332028,239.0,False,,,False,9,0
nn,static_frozen,4,240.0,4.0,0,normal,normal,2 14 53 69,0,1.0,1.0,0.0,34.78037077224997,18.066666666666666,74,0,74,2.1890984112485845,2.1890984112485845,28.387841410471406,60.0,300.0,0.0,0.0,0.0,10.21008449990768,0.0,0.0,28.387841410471406,300.0,135.7776609100203,2453.4542174026838,,,,False,False,not_attempted,0,0,0,0,38,0,0.0,176.38162922177597,239.0,False,,,False,9,0
nn,static_frozen,5,300.0,5.0,1,normal,normal,2 14 53 69,0,1.0,1.0,0.0,34.78037077224997,18.083333333333332,74,3,71,4.763597379502395,1.587865793167465,33.1514387899738,60.0,360.0,0.0,0.0,0.0,10.21008449990768,0.0,0.0,33.1514387899738,360.0,133.8378687044175,2453.4542174026838,,,,False,False,not_attempted,0,0,0,0,105,0,0.0,175.72436508422112,402.0,False,,,False,9,0
nn,static_frozen,6,360.0,6.0,1,normal,normal,2 14 53 69,0,1.0,1.0,0.0,34.78037077224997,18.1,71,2,69,4.5988841917568095,2.2994420958784048,37.75032298173061,60.0,420.0,0.0,0.0,0.0,10.21008449990768,0.0,0.0,37.75032298173061,420.0,128.65555322310212,2295.479016670314,,,,False,False,not_attempted,0,0,0,0,68,0,0.0,173.98774183949396,422.0,False,,,False,9,0
nn,static_frozen,7,420.0,7.0,1,normal,normal,2 14 53 69,0,1.0,1.0,0.0,34.78037077224997,18.116666666666667,69,3,66,4.0596296318654135,1.353209877288471,41.809952613596025,60.0,480.0,0.0,0.0,0.0,10.21008449990768,0.0,0.0,41.809952613596025,480.0,123.9692432558826,2295.479016670314,,,,False,False,not_attempted,0,0,0,0,59,0,0.0,172.73804103501027,477.0,False,,,False,8,0
nn,static_frozen,8,480.0,8.0,1,normal,normal,2 14 53 69,0,1.0,1.0,0.0,34.78037077224997,18.133333333333333,66,3,63,2.9617497333409846,0.9872499111136616,44.77170234693701,60.0,540.0,0.0,0.0,0.0,10.21008449990768,0.0,0.0,44.77170234693701,540.0,120.21492095922403,2165.047520150499,,,,False,False,not_attempted,0,0,0,0,53,0,0.0,172.64470770167694,647.0,False,,,False,8,0
nn,static_frozen,9,540.0,9.0,1,normal,normal,2 14 53 69,0,1.0,1.0,0.0,34.78037077224997,18.15,63,2,61,1.360887868666041,0.6804439343330205,46.13259021560305,60.0,600.0,0.0,0.0,0.0,10.21008449990768,0.0,0.0,46.13259021560305,600.0,117.0907644351915,2165.047520150499,,,,False,False,not_attempted,0,0,0,0,35,0,0.0,172.53888579406538,647.0,False,,,False,8,0
nn,static_frozen,10,600.0,10.0,2,degrading,degrading,2 14 53 69,0,1.0,1.0,0.0,34.78037077224997,18.166666666666668,61,4,57,3.3611376239174127,0.8402844059793532,49.49372783952047,60.0,660.0,0.0,0.0,0.0,10.21008449990768,0.0,0.0,49.49372783952047,660.0,115.72549646918236,2159.671519313145,,,,False,False,not_attempted,0,0,0,0,46,0,0.0,172.28418379893967,647.0,False,,,False,8,0
nn,static_frozen,11,660.0,11.0,2,degrading,degrading,2 14 53 69,1687,1.06951871657754,0.935,0.0,34.631729320613424,18.183333333333334,57,1,56,5.12798869902783,5.12798869902783,54.6217165385483,60.0,720.0,0.0,0.0,0.0,10.21008449990768,0.0,0.0,54.6217165385483,720.0,117.56238269422715,2103.0577557618703,,,,False,False,not_attempted,0,0,0,0,51,7,0.13725490196078433,170.7770221027623,659.0,False,,,False,8,0
nn,static_frozen,12,720.0,12.0,2,degrading,degrading,2 14 53 69,1687,1.1494252873563218,0.87,0.0,34.46243886002531,18.2,56,2,54,1.9810584292433977,0.9905292146216989,56.602774967791696,60.0,780.0,0.0,0.0,0.0,10.21008449990768,0.0,0.0,56.602774967791696,780.0,118.48424685566508,1970.5532651473773,,,,False,False,not_attempted,0,0,0,0,39,1,0.02564102564102564,170.07632362378266,743.0,False,,,False,8,0
nn,static_frozen,13,780.0,13.0,2,degrading,degrading,2 14 53 69,1687,1.2422360248447206,0.8049999999999999,0.0,34.26787542813574,18.216666666666665,54,2,52,3.172293903990892,1.586146951995446,59.77506887178259,60.0,840.0,0.0,0.0,0.0,10.21008449990768,0.0,0.0,59.77506887178259,840.0,123.41423235182143,1981.2559172382958,,,,False,False,not_attempted,0,0,0,0,52,0,0.0,169.98299029044932,843.0,False,,,False,8,0
nn,static_frozen,14,840.0,14.0,2,degrading,degrading,2 14 53 69,1687,1.3513513513513513,0.74,0.0,34.04192309575753,18.233333333333334,52,3,49,5.358455788767118,1.7861519295890391,65.13352466054971,60.0,900.0,0.0,0.0,0.0,10.21008449990768,0.0,0.0,65.13352466054971,900.0,128.5550873699474,1961.907754492079,,,,False,False,not_attempted,0,0,0,0,37,1,0.02702702702702703,167.57137119918113,843.0,False,,,False,8,0
nn,static_frozen,15,900.0,15.0,3,degrading,degrading,2 14 53 69,1687,1.4814814814814814,0.675,0.0,33.77631942075436,18.25,49,1,48,2.5473121826274796,2.5473121826274796,67.68083684317719,60.0,960.0,0.0,0.0,0.0,10.21008449990768,0.0,0.0,67.68083684317719,960.0,131.62247312205696,1812.3492214106034,,,,False,False,not_attempted,0,0,0,0,29,4,0.13793103448275862,166.99780550110344,853.0,False,,,False,8,0
nn,static_frozen,16,960.0,16.0,3,degrading,degrading,2 14 53 69,1687,1.639344262295082,0.61,0.0,33.459623168665104,18.266666666666666,48,5,43,6.947371257062352,1.3894742514124705,74.62820810023955,60.0,1020.0,0.0,0.0,0.0,10.21008449990768,0.0,0.0,74.62820810023955,1020.0,140.5323102947101,1830.553477371441,,,,False,False,not_attempted,0,0,0,0,88,11,0.125,164.03096636145767,1087.0,False,,,False,8,0
nn,static_frozen,17,1020.0,17.0,3,degrading,degrading,2 14 53 69,1687,1.8348623853211008,0.545,0.0,33.07552291825965,18.283333333333335,43,0,43,4.5966423426666045,4.5966423426666045,79.22485044290615,60.0,1080.0,0.0,0.0,0.0,10.21008449990768,0.0,0.0,79.22485044290615,1080.0,147.060243640839,1806.8501401703493,,,,False,False,not_attempted,0,0,0,0,42,14,0.3333333333333333,163.07959205819665,1087.0,False,,,False,8,0
nn,static_frozen,18,1080.0,18.0,3,degrading,degrading,2 14 53 69,1687,2.0833333333333335,0.48,0.0,32.59993709044963,18.3,43,3,40,2.631851987394762,0.877283995798254,81.85670243030091,60.0,1140.0,0.0,0.0,0.0,10.21008449990768,0.0,0.0,81.85670243030091,1140.0,158.53329044873232,1803.4856168115575,,,,False,False,not_attempted,0,0,0,0,37,3,0.08108108108108109,162.96985101614396,1087.0,False,,,False,8,0
nn,static_frozen,19,1140.0,19.0,3,degrading,degrading,2 14 53 69,1687,2.409638554216868,0.4149999999999999,0.0,31.995761682130254,18.316666666666666,40,1,39,2.9292550149476724,2.9292550149476724,84.78595744524858,60.0,1200.0,0.0,0.0,0.0,10.21008449990768,0.0,0.0,84.78595744524858,1200.0,175.56372514371256,1716.5702270915735,,,,False,False,not_attempted,0,0,0,0,65,2,0.03076923076923077,162.87651768281063,1087.0,False,,,False,8,0
nn,static_frozen,20,1200.0,20.0,4,disrupted,holding,2 14 53 69,1687,2.857142857142857,0.35,0.0,31.20269165852424,18.333333333333332,39,4,35,7.139018554839558,1.7847546387098896,91.92497600008814,60.0,1260.0,0.0,0.0,0.0,10.21008449990768,0.0,0.0,91.92497600008814,1260.0,199.2240388993501,1768.175062835978,,,,False,False,not_attempted,0,0,0,0,40,8,0.2,162.75975129331297,1270.0,False,,,False,8,0
nn,static_frozen,21,1260.0,21.0,4,disrupted,disrupted,2 14 53 69,1687,2.857142857142857,0.35,0.0,31.20269165852424,18.35,35,1,34,2.828050443613916,2.828050443613916,94.75302644370205,60.0,1320.0,0.0,0.0,0.0,10.21008449990768,0.0,0.0,94.75302644370205,1320.0,191.6880179800818,1633.4726955683282,,,,False,False,not_attempted,0,0,0,0,22,2,0.09090909090909091,162.66641795997964,1270.0,False,,,False,7,0
nn,static_frozen,22,1320.0,22.0,4,disrupted,disrupted,2 14 53 69,1687,2.857142857142857,0.35,0.0,31.20269165852424,18.366666666666667,34,4,30,4.550842752378934,1.1377106880947334,99.303869196081,60.0,1380.0,0.0,0.0,0.0,10.21008449990768,0.0,0.0,99.303869196081,1380.0,188.97414025822326,1633.4726955683282,,,,False,False,not_attempted,0,0,0,0,19,5,0.2631578947368421,161.19984756283645,1351.0,False,,,False,7,0
nn,static_frozen,23,1380.0,23.0,4,disrupted,disrupted,2 14 53 69,1687,2.857142857142857,0.35,0.0,31.20269165852424,18.383333333333333,30,2,28,8.392367526118397,4.1961837630591985,107.69623672219939,60.0,1440.0,0.0,0.0,0.0,10.21008449990768,0.0,0.0,107.69623672219939,1440.0,184.56124754772304,1593.3187695594768,,,,False,False,not_attempted,0,0,0,0,49,10,0.20408163265306123,161.10651422950312,1351.0,False,,,False,7,0
nn,static_frozen,24,1440.0,24.0,4,disrupted,disrupted,2 14 53 69,1687,2.857142857142857,0.35,0.0,31.20269165852424,18.4,28,2,26,5.169231424134879,2.5846157120674396,112.86546814633427,60.0,1500.0,0.0,0.0,0.0,10.21008449990768,0.0,0.0,112.86546814633427,1500.0,174.77989087047035,1466.2589166717207,,,,False,False,not_attempted,0,0,0,0,48,2,0.041666666666666664,160.63160052730512,1362.0,False,,,False,7,0
nn,static_frozen,25,1500.0,25.0,5,disrupted,disrupted,2 14 53 69,1687,2.857142857142857,0.35,0.0,31.20269165852424,18.416666666666668,26,1,25,4.338853826455808,4.338853826455808,117.20432197279007,60.0,1560.0,0.0,0.0,0.0,10.21008449990768,0.0,0.0,117.20432197279007,1560.0,170.3072444164622,1457.252575503198,,,,False,False,not_attempted,0,0,0,0,21,3,0.14285714285714285,158.19354663717334,1567.0,False,,,False,7,0
nn,static_frozen,26,1560.0,26.0,5,disrupted,disrupted,2 14 53 69,1687,2.857142857142857,0.35,0.0,31.20269165852424,18.433333333333334,25,3,22,4.325966317373492,1.4419887724578306,121.53028829016355,60.0,1620.0,0.0,0.0,0.0,10.21008449990768,0.0,0.0,121.53028829016355,1620.0,166.1386259705026,1414.178157485243,,,,False,False,not_attempted,0,0,0,0,50,3,0.06,155.93388270999907,1567.0,False,,,False,7,0
nn,static_frozen,27,1620.0,27.0,5,disrupted,disrupted,2 14 53 69,1687,2.857142857142857,0.35,0.0,31.20269165852424,18.45,22,1,21,3.6177502696407355,3.6177502696407355,125.14803855980429,60.0,1680.0,0.0,0.0,0.0,10.21008449990768,0.0,0.0,125.14803855980429,1680.0,161.53845304238462,1283.394981935683,,,,False,False,not_attempted,0,0,0,0,3,2,0.6666666666666666,154.39368476656222,1567.0,False,,,False,7,0
nn,static_frozen,28,1680.0,28.0,5,disrupted,disrupted,2 14 53 69,1687,2.857142857142857,0.35,0.0,31.20269165852424,18.466666666666665,21,2,19,10.932488297239114,5.466244148619557,136.0805268570434,60.0,1740.0,0.0,0.0,0.0,10.21008449990768,0.0,0.0,136.0805268570434,1740.0,158.59550486528693,1277.4613899024466,,,,False,False,not_attempted,0,0,0,0,20,10,0.5,147.7972635451632,1655.0,False,,,False,6,0
nn,static_frozen,29,1740.0,29.0,5,disrupted,disrupted,2 14 53 69,1687,2.857142857142857,0.35,0.0,31.20269165852424,18.483333333333334,19,3,16,4.385730315172893,1.4619101050576309,140.46625717221627,60.0,1800.0,0.0,0.0,0.0,10.21008449990768,0.0,0.0,140.46625717221627,1800.0,147.17686110148904,1153.1825514152179,,,,False,False,not_attempted,0,0,0,0,49,1,0.02040816326530612,147.70393021182986,1716.0,False,,,False,6,0
nn,static_frozen,30,1800.0,30.0,6,recovering,recovering,2 14 53 69,1687,2.857142857142857,0.35,0.0,31.20269165852424,18.5,16,2,14,5.073096517784176,2.536548258892088,145.53935369000044,60.0,1860.0,0.0,0.0,0.0,10.21008449990768,0.0,0.0,145.53935369000044,1860.0,142.94728109849052,1139.599159677165,,,,False,False,not_attempted,0,0,0,0,26,5,0.19230769230769232,145.3796906357282,1724.0,False,,,False,6,0
nn,static_frozen,31,1860.0,31.0,6,recovering,recovering,2 14 53 69,1687,2.6595744680851063,0.376,0.04,31.547922904274717,18.516666666666666,14,1,13,5.957490094953205,5.957490094953205,151.49684378495365,60.0,1920.0,0.0,0.0,0.0,10.21008449990768,0.0,0.0,151.49684378495365,1920.0,129.94723002876782,1081.41205469049,,,,False,False,not_attempted,0,0,0,0,10,6,0.6,143.3116096643665,1724.0,False,,,False,6,0
nn,static_frozen,32,1920.0,32.0,6,recovering,recovering,2 14 53 69,1687,2.4875621890547266,0.40199999999999997,0.08,31.854778906250925,18.533333333333335,13,2,11,1.4527267278464695,0.7263633639232348,152.94957051280014,60.0,1980.0,0.0,0.0,0.0,10.21008449990768,0.0,0.0,152.94957051280014,1980.0,116.75275705480693,930.4178197121759,,,,False,False,not_attempted,0,0,0,0,12,0,0.0,142.7080748087075,1865.0,False,,,False,6,0
nn,static_frozen,33,1980.0,33.0,6,recovering,recovering,2 14 53 69,1687,2.336448598130841,0.428,0.12,32.1293213401735,18.55,11,3,8,1.92927304219126,0.6430910140637534,154.8788435549914,60.0,2040.0,0.0,0.0,0.0,10.21008449990768,0.0,0.0,154.8788435549914,2040.0,109.93810213082234,912.9918598110396,,,,False,False,not_attempted,0,0,0,0,17,1,0.058823529411764705,142.61474147537416,1865.0,False,,,False,5,0
nn,static_frozen,34,2040.0,34.0,6,recovering,recovering,2 14 53 69,1687,2.2026431718061676,0.45399999999999996,0.16,32.37639908536983,18.566666666666666,8,2,6,4.265678888202944,2.132839444101472,159.14452244319435,60.0,2100.0,0.0,0.0,0.0,10.21008449990768,0.0,0.0,159.14452244319435,2100.0,102.18979275414706,752.489758710702,,,,False,False,not_attempted,0,0,0,0,22,3,0.13636363636363635,142.60209765908775,1865.0,False,,,False,4,0
nn,static_frozen,35,2100.0,35.0,7,recovering,recovering,2 14 53 69,1687,2.0833333333333335,0.48,0.2,32.59993709044963,18.583333333333332,6,2,4,1.414416350200957,0.7072081751004785,160.5589387933953,60.0,2160.0,0.0,0.0,0.0,10.21008449990768,0.0,0.0,160.5589387933953,2160.0,93.99173074750665,853.4192150404389,,,,False,False,not_attempted,0,0,0,0,18,0,0.0,142.60209765908775,1991.0,False,,,False,3,0
nn,static_frozen,36,2160.0,36.0,7,recovering,recovering,2 14 53 69,1687,1.976284584980237,0.506,0.24,32.803146430184874,18.6,4,1,3,6.481080177732967,6.481080177732967,167.04001897112826,60.0,2220.0,0.0,0.0,0.0,10.21008449990768,0.0,0.0,167.04001897112826,2220.0,89.02678293640065,711.1902683354633,,,,False,False,not_attempted,0,0,0,0,26,14,0.5384615384615384,142.60209765908775,1991.0,False,,,False,2,0
nn,static_frozen,37,2220.0,37.0,7,recovering,recovering,2 14 53 69,1687,1.8796992481203008,0.532,0.28,32.98867954681469,18.616666666666667,3,1,2,4.719512130501787,4.719512130501787,171.75953110163005,60.0,2280.0,0.0,0.0,0.0,10.21008449990768,0.0,0.0,171.75953110163005,2280.0,79.10347615318904,712.5527245097721,,,,False,False,not_attempted,0,0,0,0,16,11,0.6875,142.60209765908775,1991.0,False,,,False,2,0
nn,static_frozen,38,2280.0,38.0,7,recovering,recovering,2 14 53 69,1687,1.7921146953405016,0.558,0.32,33.15874666871985,18.633333333333333,2,0,2,3.298885757688879,3.298885757688879,175.05841685931892,60.0,2340.0,0.0,0.0,0.0,10.21008449990768,0.0,0.0,175.05841685931892,2340.0,71.79274388261202,600.8281654464861,,,,False,False,not_attempted,0,0,0,0,13,13,1.0,142.60209765908775,1991.0,False,,,False,1,0
nn,static_frozen,39,2340.0,39.0,7,recovering,recovering,2 14 53 69,1687,1.7123287671232879,0.584,0.36,33.31520428011182,18.65,2,1,1,0.15657311298015958,0.15657311298015958,175.2149899722991,60.0,2400.0,0.0,0.0,0.0,10.21008449990768,0.0,0.0,175.2149899722991,2400.0,65.98476067600097,534.2033903901148,,,,False,False,not_attempted,0,0,0,0,0,0,0.0,142.60209765908775,1995.0,False,,,False,0,0
nn,static_frozen,40,2400.0,40.0,8,recovering,recovering,2 14 53 69,1687,1.639344262295082,0.61,0.4,33.459623168665104,18.666666666666668,1,1,0,56.75803531777022,56.75803531777022,231.9730252900693,566.0689333248571,2966.068933324857,0.0,0.0,0.0,10.21008449990768,0.0,0.0,231.9730252900693,2966.068933324857,63.26483350938334,533.1638372217776,,,,False,False,not_attempted,0,0,0,0,632,129,0.20411392405063292,134.9236571956268,1996.0,True,,,False,0,0
aco,adaptive,0,0.0,0.0,0,normal,initial,2 14 53 69,0,1.0,1.0,0.0,34.78037077224997,18.0,84,0,84,18.680839634308782,18.680839634308782,18.680839634308782,60.0,60.0,9.003784299944527,22.83633279998321,31.84011709992774,31.84011709992774,0.0,0.0,18.680839634308782,60.0,129.8572811733068,2948.952446263193,,,,False,False,initial_plan,0,0,0,0,130,0,0.0,177.2717760608753,0.0,False,,,True,10,10
aco,adaptive,1,60.0,1.0,0,normal,normal,2 14 53 69,0,1.0,1.0,0.0,34.78037077224997,18.016666666666666,84,0,84,4.7680615934003905,4.7680615934003905,23.44890122770917,60.0,120.0,0.0,0.0,0.0,31.84011709992774,0.0,0.0,23.44890122770917,120.0,110.44402959570512,2884.5846107093394,,,,False,False,not_attempted,0,0,0,0,76,0,0.0,176.09020652430007,0.0,False,,,False,10,10
aco,adaptive,2,120.0,2.0,0,normal,normal,2 14 53 69,0,1.0,1.0,0.0,34.78037077224997,18.033333333333335,84,3,81,5.306297452810553,1.7687658176035177,28.755198680519726,60.0,180.0,0.0,0.0,0.0,31.84011709992774,0.0,0.0,28.755198680519726,180.0,105.15915328473176,2752.5964808827875,,,,False,False,not_attempted,0,0,0,0,66,0,0.0,174.7596401655785,215.0,False,,,False,9,7
aco,adaptive,3,180.0,3.0,0,normal,normal,2 14 53 69,0,1.0,1.0,0.0,34.78037077224997,18.05,81,3,78,4.660065898009958,1.5533552993366528,33.41526457852969,60.0,240.0,0.0,0.0,0.0,31.84011709992774,0.0,0.0,33.41526457852969,240.0,100.06592291517671,2752.5964808827875,,,,False,False,not_attempted,0,0,0,0,63,0,0.0,174.60001662259305,215.0,False,,,False,9,4
aco,adaptive,4,240.0,4.0,0,normal,normal,2 14 53 69,0,1.0,1.0,0.0,34.78037077224997,18.066666666666666,78,1,77,3.024516702171434,3.024516702171434,36.43978128070112,60.0,300.0,0.0,0.0,0.0,31.84011709992774,0.0,0.0,36.43978128070112,300.0,95.6512867909427,2700.7402108848582,,,,False,False,not_attempted,0,0,0,0,41,0,0.0,174.23595111138894,241.0,False,,,False,9,4
aco,adaptive,5,300.0,5.0,1,normal,normal,2 14 53 69,0,1.0,1.0,0.0,34.78037077224997,18.083333333333332,77,4,73,2.8679341198432,0.7169835299608,39.30771540054432,60.0,360.0,9.771957000019029,213.14030359999742,222.91226060001645,254.7523776999442,0.0,0.0,39.30771540054432,360.0,92.80451466956619,2531.148694412799,92.80451466956619,97.76350319187286,-4.958988522306669,True,False,incumbent_not_worse,6,28,0,0,31,0,0.0,174.1426177780556,402.0,False,,,True,9,2
aco,adaptive,6,360.0,6.0,1,normal,normal,2 14 53 69,0,1.0,1.0,0.0,34.78037077224997,18.1,73,3,70,3.5198933529509064,1.1732977843169687,42.82760875349523,60.0,420.0,0.0,0.0,0.0,254.7523776999442,0.0,0.0,42.82760875349523,420.0,89.49872562010101,2531.148694412799,,,,False,False,not_attempted,0,0,0,0,44,0,0.0,173.80269504982573,422.0,False,,,False,9,1
aco,adaptive,7,420.0,7.0,1,normal,normal,2 14 53 69,0,1.0,1.0,0.0,34.78037077224997,18.116666666666667,70,3,67,4.091652081357425,1.3638840271191415,46.91926083485265,60.0,480.0,0.0,0.0,0.0,254.7523776999442,0.0,0.0,46.91926083485265,480.0,86.23763270067052,2527.8765656637133,,,,False,False,not_attempted,0,0,0,0,30,0,0.0,171.7315048732715,641.0,False,,,False,9,1
aco,adaptive,8,480.0,8.0,1,normal,normal,2 14 53 69,0,1.0,1.0,0.0,34.78037077224997,18.133333333333333,67,4,63,1.9465284663171223,0.48663211657928057,48.86578930116977,60.0,540.0,0.0,0.0,0.0,254.7523776999442,0.0,0.0,48.86578930116977,540.0,82.12902723057795,2353.8339100285225,,,,False,False,not_attempted,0,0,0,0,27,0,0.0,171.63817153993816,647.0,False,,,False,9,0
aco,adaptive,9,540.0,9.0,1,normal,normal,2 14 53 69,0,1.0,1.0,0.0,34.78037077224997,18.15,63,4,59,3.8465037675471145,0.9616259418867786,52.71229306871688,60.0,600.0,0.0,0.0,0.0,254.7523776999442,0.0,0.0,52.71229306871688,600.0,80.2902564326039,2353.8339100285225,,,,False,False,not_attempted,0,0,0,0,34,0,0.0,171.54640459197284,647.0,False,,,False,9,0
aco,adaptive,10,600.0,10.0,2,degrading,degrading,2 14 53 69,0,1.0,1.0,0.0,34.78037077224997,18.166666666666668,59,2,57,2.2406318836965116,1.1203159418482558,54.95292495241339,60.0,660.0,6.449990905821323e-05,141.2940863999538,141.29415089986287,396.04652859980706,0.0,0.0,54.95292495241339,660.0,76.26459852359919,2334.9570515159016,76.26459852359919,84.2003470171799,-7.935748493580704,True,False,incumbent_not_worse,7,16,0,0,28,0,0.0,171.29011539682318,871.0,False,,,True,9,0
aco,adaptive,11,660.0,11.0,2,degrading,degrading,2 14 53 69,1687,1.06951871657754,0.935,0.0,34.631729320613424,18.183333333333334,57,3,54,1.7981691297914977,0.5993897099304992,56.75109408220489,60.0,720.0,0.0,0.0,0.0,396.04652859980706,0.0,0.0,56.75109408220489,720.0,77.54740238281138,2199.364246906812,,,,False,False,not_attempted,0,0,0,0,24,4,0.16666666666666666,171.19678206348985,871.0,False,,,False,7,0
aco,adaptive,12,720.0,12.0,2,degrading,degrading,2 14 53 69,1687,1.1494252873563218,0.87,0.0,34.46243886002531,18.2,54,4,50,2.3619594298314244,0.5904898574578561,59.11305351203631,60.0,780.0,0.0,0.0,0.0,396.04652859980706,0.0,0.0,59.11305351203631,780.0,79.82125282400902,2208.00383596808,,,,False,False,not_attempted,0,0,0,0,37,11,0.2972972972972973,170.47464206752815,1037.0,False,,,False,7,0
aco,adaptive,13,780.0,13.0,2,degrading,degrading,2 14 53 69,1687,1.2422360248447206,0.8049999999999999,0.0,34.26787542813574,18.216666666666665,50,3,47,2.003027777382682,0.6676759257942274,61.11608128941899,60.0,840.0,0.0,0.0,0.0,396.04652859980706,0.0,0.0,61.11608128941899,840.0,82.16612937660213,2190.9126486847454,,,,False,False,not_attempted,0,0,0,0,16,4,0.25,169.5415176889575,1037.0,False,,,False,7,0
aco,adaptive,14,840.0,14.0,2,degrading,degrading,2 14 53 69,1687,1.3513513513513513,0.74,0.0,34.04192309575753,18.233333333333334,47,2,45,1.668714058361406,0.834357029180703,62.7847953477804,60.0,900.0,0.0,0.0,0.0,396.04652859980706,0.0,0.0,62.7847953477804,900.0,85.26373823679955,2134.5771345847415,,,,False,False,not_attempted,0,0,0,0,16,2,0.125,169.35996677233246,1037.0,False,,,False,7,0
aco,adaptive,15,900.0,15.0,3,degrading,degrading,2 14 53 69,1687,1.4814814814814814,0.675,0.0,33.77631942075436,18.25,45,4,41,0.9223332079756908,0.2305833019939227,63.70712855575609,60.0,960.0,11.136071700020693,111.73900239996146,122.87507409998216,518.9216026997892,0.0,0.0,63.70712855575609,960.0,89.5877641584348,2053.1467837188475,89.5877641584348,95.68265119297884,-6.094887034544044,True,False,incumbent_not_worse,7,23,0,0,32,0,0.0,169.25719050727352,1142.0,False,,,True,7,0
aco,adaptive,16,960.0,16.0,3,degrading,degrading,2 14 53 69,1687,1.639344262295082,0.61,0.0,33.459623168665104,18.266666666666666,41,1,40,2.737962688436392,2.737962688436392,66.44509124419248,60.0,1020.0,0.0,0.0,0.0,518.9216026997892,0.0,0.0,66.44509124419248,1020.0,95.75776899033077,2098.676272625902,,,,False,False,not_attempted,0,0,0,0,37,0,0.0,169.07856055399702,1142.0,False,,,False,7,0
aco,adaptive,17,1020.0,17.0,3,degrading,degrading,2 14 53 69,1687,1.8348623853211008,0.545,0.0,33.07552291825965,18.283333333333335,40,3,37,4.552757828786463,1.517585942928821,70.99784907297895,60.0,1080.0,0.0,0.0,0.0,518.9216026997892,0.0,0.0,70.99784907297895,1080.0,102.05156198801477,2082.1236324858355,,,,False,False,not_attempted,0,0,0,0,41,0,0.0,168.6391377879893,1391.0,False,,,False,7,0
aco,adaptive,18,1080.0,18.0,3,degrading,degrading,2 14 53 69,1687,2.0833333333333335,0.48,0.0,32.59993709044963,18.3,37,0,37,3.5134812871007353,3.5134812871007353,74.51133036007968,60.0,1140.0,0.0,0.0,0.0,518.9216026997892,0.0,0.0,74.51133036007968,1140.0,107.99795066430315,2000.399491412746,,,,False,False,not_attempted,0,0,0,0,11,1,0.09090909090909091,168.22739799501684,1391.0,False,,,False,6,0
aco,adaptive,19,1140.0,19.0,3,degrading,degrading,2 14 53 69,1687,2.409638554216868,0.4149999999999999,0.0,31.995761682130254,18.316666666666666,37,3,34,2.2547243508134502,0.7515747836044834,76.76605471089313,60.0,1200.0,0.0,0.0,0.0,518.9216026997892,0.0,0.0,76.76605471089313,1200.0,118.81912473823046,2070.317775576933,,,,False,False,not_attempted,0,0,0,0,32,0,0.0,168.0158386098854,1391.0,False,,,False,5,0
aco,adaptive,20,1200.0,20.0,4,disrupted,holding,2 14 53 69,1687,2.857142857142857,0.35,0.0,31.20269165852424,18.333333333333332,34,3,31,1.6438207404752494,0.5479402468250831,78.40987545136838,60.0,1260.0,11.618544000084512,77.17679239995778,88.79533640004229,607.7169390998315,0.0,0.0,78.40987545136838,1260.0,136.86790014578006,2117.579649783585,136.86790014578006,138.49622831078304,-1.6283281650029835,True,False,incumbent_not_worse,5,24,0,0,18,1,0.05555555555555555,167.84746088528482,1530.0,False,,,True,5,0
aco,adaptive,21,1260.0,21.0,4,disrupted,disrupted,2 14 53 69,1687,2.857142857142857,0.35,0.0,31.20269165852424,18.35,31,0,31,1.50781399685191,1.50781399685191,79.91768944822029,60.0,1320.0,0.0,0.0,0.0,607.7169390998315,0.0,0.0,79.91768944822029,1320.0,134.13581421073786,1986.4145225442085,,,,False,False,not_attempted,0,0,0,0,7,1,0.14285714285714285,167.75412755195148,1530.0,False,,,False,5,0
aco,adaptive,22,1320.0,22.0,4,disrupted,disrupted,2 14 53 69,1687,2.857142857142857,0.35,0.0,31.20269165852424,18.366666666666667,31,3,28,4.958967852218134,1.6529892840727112,84.87665730043842,60.0,1380.0,0.0,0.0,0.0,607.7169390998315,0.0,0.0,84.87665730043842,1380.0,133.03156009111385,1986.4145225442085,,,,False,False,not_attempted,0,0,0,0,17,3,0.17647058823529413,166.59443858452224,1530.0,False,,,False,5,0
aco,adaptive,23,1380.0,23.0,4,disrupted,disrupted,2 14 53 69,1687,2.857142857142857,0.35,0.0,31.20269165852424,18.383333333333333,28,0,28,0.8176461088697187,0.8176461088697187,85.69430340930815,60.0,1440.0,0.0,0.0,0.0,607.7169390998315,0.0,0.0,85.69430340930815,1440.0,128.5920429033255,1848.552292318927,,,,False,False,not_attempted,0,0,0,0,8,0,0.0,166.5011052511889,1530.0,False,,,False,5,0
aco,adaptive,24,1440.0,24.0,4,disrupted,disrupted,2 14 53 69,1687,2.857142857142857,0.35,0.0,31.20269165852424,18.4,28,3,25,2.040564111324987,0.680188037108329,87.73486752063313,60.0,1500.0,0.0,0.0,0.0,607.7169390998315,0.0,0.0,87.73486752063313,1500.0,128.03135458099496,1848.552292318927,,,,False,False,not_attempted,0,0,0,0,14,2,0.14285714285714285,165.46422455483932,1530.0,False,,,False,5,0
aco,adaptive,25,1500.0,25.0,5,disrupted,disrupted,2 14 53 69,1687,2.857142857142857,0.35,0.0,31.20269165852424,18.416666666666668,25,1,24,3.8834326141371687,3.8834326141371687,91.6183001347703,60.0,1560.0,0.00010099995415657759,30.869500399916433,30.86960139987059,638.5865404997021,0.0,0.0,91.6183001347703,1560.0,124.85467524214219,2291.8715322720695,124.94338298965808,124.85467524214219,0.08870774751588328,True,True,lower_residual_energy,6,20,6,20,82,1,0.012195121951219513,164.38824321244712,1530.0,False,,,True,6,0
aco,adaptive,26,1560.0,26.0,5,disrupted,disrupted,2 14 53 69,1687,2.857142857142857,0.35,0.0,31.20269165852424,18.433333333333334,24,1,23,3.28555404625851,3.28555404625851,94.9038541810288,60.0,1620.0,0.0,0.0,0.0,638.5865404997021,0.0,0.0,94.9038541810288,1620.0,121.22701890036511,2235.542275349128,,,,False,False,not_attempted,0,0,0,0,89,1,0.011235955056179775,163.14889531971272,1530.0,False,,,False,6,0
aco,adaptive,27,1620.0,27.0,5,disrupted,disrupted,2 14 53 69,1687,2.857142857142857,0.35,0.0,31.20269165852424,18.45,23,1,22,4.39888020610731,4.39888020610731,99.30273438713611,60.0,1680.0,0.0,0.0,0.0,638.5865404997021,0.0,0.0,99.30273438713611,1680.0,118.34703985464766,2177.0591589797095,,,,False,False,not_attempted,0,0,0,0,44,3,0.06818181818181818,160.85253317230206,1530.0,False,,,False,6,0
aco,adaptive,28,1680.0,28.0,5,disrupted,disrupted,2 14 53 69,1687,2.857142857142857,0.35,0.0,31.20269165852424,18.466666666666665,22,0,22,2.5421624012387842,2.5421624012387842,101.8448967883749,60.0,1740.0,0.0,0.0,0.0,638.5865404997021,0.0,0.0,101.8448967883749,1740.0,113.4401712505053,2099.877586248224,,,,False,False,not_attempted,0,0,0,0,28,0,0.0,159.56165224594258,1530.0,False,,,False,5,0
aco,adaptive,29,1740.0,29.0,5,disrupted,disrupted,2 14 53 69,1687,2.857142857142857,0.35,0.0,31.20269165852424,18.483333333333334,22,2,20,0.825888390077898,0.412944195038949,102.67078517845279,60.0,1800.0,0.0,0.0,0.0,638.5865404997021,0.0,0.0,102.67078517845279,1800.0,111.66401575515165,2036.682804131849,,,,False,False,not_attempted,0,0,0,0,26,0,0.0,159.3222534331267,1703.0,False,,,False,4,0
aco,adaptive,30,1800.0,30.0,6,recovering,recovering,2 14 53 69,1687,2.857142857142857,0.35,0.0,31.20269165852424,18.5,20,2,18,1.1847430316278462,0.5923715158139231,103.85552821008064,60.0,1860.0,7.309997454285622e-05,18.06506139994599,18.065134499920532,656.6516749996226,0.0,0.0,103.85552821008064,1860.0,110.26958203538334,1973.4138835021897,110.9668500217693,110.26958203538334,0.6972679863859668,True,True,lower_residual_energy,1,0,1,0,58,0,0.0,158.78698623576716,1703.0,False,,,True,3,0
aco,adaptive,31,1860.0,31.0,6,recovering,recovering,2 14 53 69,1687,2.6595744680851063,0.376,0.04,31.547922904274717,18.516666666666666,18,1,17,1.272214927198803,1.272214927198803,105.12774313727944,60.0,1920.0,0.0,0.0,0.0,656.6516749996226,0.0,0.0,105.12774313727944,1920.0,102.69925239937461,1882.3476792197011,,,,False,False,not_attempted,0,0,0,0,57,0,0.0,158.28393771119985,1936.0,False,,,False,3,0
aco,adaptive,32,1920.0,32.0,6,recovering,recovering,2 14 53 69,1687,2.4875621890547266,0.40199999999999997,0.08,31.854778906250925,18.533333333333335,17,1,16,0.972652243916196,0.972652243916196,106.10039538119564,60.0,1980.0,0.0,0.0,0.0,656.6516749996226,0.0,0.0,106.10039538119564,1980.0,95.24619175931599,1772.1695085562992,,,,False,False,not_attempted,0,0,0,0,58,0,0.0,157.96848136969336,1936.0,False,,,False,3,0
aco,adaptive,33,1980.0,33.0,6,recovering,recovering,2 14 53 69,1687,2.336448598130841,0.428,0.12,32.1293213401735,18.55,16,0,16,0.9470067000767785,0.9470067000767785,107.04740208127242,60.0,2040.0,0.0,0.0,0.0,656.6516749996226,0.0,0.0,107.04740208127242,2040.0,88.5994098893299,1660.821837791184,,,,False,False,not_attempted,0,0,0,0,49,0,0.0,157.61610386244135,1936.0,False,,,False,3,0
aco,adaptive,34,2040.0,34.0,6,recovering,recovering,2 14 53 69,1687,2.2026431718061676,0.45399999999999996,0.16,32.37639908536983,18.566666666666666,16,1,15,3.4604607795874127,3.4604607795874127,110.50786286085983,60.0,2100.0,0.0,0.0,0.0,656.6516749996226,0.0,0.0,110.50786286085983,2100.0,82.88272163162397,1565.859589928913,,,,False,False,not_attempted,0,0,0,0,43,0,0.0,157.55475194788679,1936.0,False,,,False,3,0
aco,adaptive,35,2100.0,35.0,7,recovering,recovering,2 14 53 69,1687,2.0833333333333335,0.48,0.2,32.59993709044963,18.583333333333332,15,0,15,1.8456445978684242,1.8456445978684242,112.35350745872826,60.0,2160.0,11.101551299914718,14.356071299989708,25.457622599904425,682.109297599527,0.0,0.0,112.35350745872826,2160.0,74.90014478343032,1470.993145121426,74.90014478343032,74.9007102262466,-0.0005654428162813474,True,False,incumbent_not_worse,0,0,0,0,6,5,0.8333333333333334,157.46141861455345,1936.0,False,,,True,3,0
aco,adaptive,36,2160.0,36.0,7,recovering,recovering,2 14 53 69,1687,1.976284584980237,0.506,0.24,32.803146430184874,18.6,15,1,14,0.6581191319658573,0.6581191319658573,113.01162659069412,60.0,2220.0,0.0,0.0,0.0,682.109297599527,0.0,0.0,113.01162659069412,2220.0,69.23529676618719,1267.0623664813804,,,,False,False,not_attempted,0,0,0,0,6,0,0.0,156.98996614925423,1936.0,False,,,False,3,0
aco,adaptive,37,2220.0,37.0,7,recovering,recovering,2 14 53 69,1687,1.8796992481203008,0.532,0.28,32.98867954681469,18.616666666666667,14,2,12,0.502770266605536,0.251385133302768,113.51439685729966,60.0,2280.0,0.0,0.0,0.0,682.109297599527,0.0,0.0,113.51439685729966,2280.0,65.22504249112117,1240.3262357886815,,,,False,False,not_attempted,0,0,0,0,12,1,0.08333333333333333,156.8966328159209,1936.0,False,,,False,3,0
aco,adaptive,38,2280.0,38.0,7,recovering,recovering,2 14 53 69,1687,1.7921146953405016,0.558,0.32,33.15874666871985,18.633333333333333,12,1,11,1.7083496221730894,1.7083496221730894,115.22274647947275,60.0,2340.0,0.0,0.0,0.0,682.109297599527,0.0,0.0,115.22274647947275,2340.0,61.43478242717223,1202.7876550126607,,,,False,False,not_attempted,0,0,0,0,10,2,0.2,156.46155908122242,1936.0,False,,,False,3,0
aco,adaptive,39,2340.0,39.0,7,recovering,recovering,2 14 53 69,1687,1.7123287671232879,0.584,0.36,33.31520428011182,18.65,11,1,10,1.346224769920267,1.346224769920267,116.56897124939302,60.0,2400.0,0.0,0.0,0.0,682.109297599527,0.0,0.0,116.56897124939302,2400.0,57.26645507769523,1035.469818577811,,,,False,False,not_attempted,0,0,0,0,51,0,0.0,155.4393533662356,1936.0,False,,,False,3,0
aco,adaptive,40,2400.0,40.0,8,recovering,recovering,2 14 53 69,1687,1.639344262295082,0.61,0.4,33.459623168665104,18.666666666666668,10,1,9,1.0672904571273176,1.0672904571273176,117.63626170652033,60.0,2460.0,11.784632500028238,3.6386700000148267,15.423302500043064,697.5326000995701,0.0,0.0,117.63626170652033,2460.0,53.3627245988101,1016.9088099171174,53.36272459881009,53.3627245988101,-7.105427357601002e-15,True,False,incumbent_not_worse,0,0,0,0,4,1,0.25,155.34602003290226,1936.0,False,,,True,3,0
aco,adaptive,41,2460.0,41.0,8,recovering,recovering,2 14 53 69,1687,1.572327044025157,0.636,0.44,33.59334134719233,18.683333333333334,9,1,8,1.6534096777488676,1.6534096777488676,119.2896713842692,60.0,2520.0,0.0,0.0,0.0,697.5326000995701,0.0,0.0,119.2896713842692,2520.0,50.05886949377328,974.0770300655857,,,,False,False,not_attempted,0,0,0,0,4,2,0.5,154.73085843052823,1936.0,False,,,False,2,0
aco,adaptive,42,2520.0,42.0,8,recovering,recovering,2 14 53 69,1687,1.5105740181268883,0.6619999999999999,0.48,33.71750563187888,18.7,8,1,7,0.7199835805402941,0.7199835805402941,120.0096549648095,60.0,2580.0,0.0,0.0,0.0,697.5326000995701,0.0,0.0,120.0096549648095,2580.0,46.43762005501998,820.8520290419632,,,,False,False,not_attempted,0,0,0,0,9,0,0.0,154.13106533487309,1988.0,False,,,False,2,0
aco,adaptive,43,2580.0,43.0,8,recovering,recovering,2 14 53 69,1687,1.4534883720930234,0.688,0.52,33.833104615867185,18.716666666666665,7,1,6,1.3799149887167972,1.3799149887167972,121.38956995352629,60.0,2640.0,0.0,0.0,0.0,697.5326000995701,0.0,0.0,121.38956995352629,2640.0,43.82206924957189,807.9709930607261,,,,False,False,not_attempted,0,0,0,0,4,4,1.0,154.03773200153975,1988.0,False,,,False,2,0
aco,adaptive,44,2640.0,44.0,8,recovering,recovering,2 14 53 69,1687,1.400560224089636,0.714,0.56,33.94099504645174,18.733333333333334,6,1,5,2.251256810498247,2.251256810498247,123.64082676402454,60.0,2700.0,0.0,0.0,0.0,697.5326000995701,0.0,0.0,123.64082676402454,2700.0,40.71155824598169,749.4601227411129,,,,False,False,not_attempted,0,0,0,0,9,5,0.5555555555555556,152.09703814588815,1988.0,False,,,False,2,0
aco,adaptive,45,2700.0,45.0,9,recovering,recovering,2 14 53 69,1687,1.3513513513513513,0.74,0.6,34.04192309575753,18.75,5,0,5,2.191877323660638,2.191877323660638,125.83270408768517,60.0,2760.0,11.882494600024074,1.0553870999719948,12.937881699996069,710.4704817995662,0.0,0.0,125.83270408768517,2760.0,36.80008522018147,689.6499607972621,36.80008522018147,36.80008522018147,0.0,True,False,incumbent_not_worse,0,0,0,0,5,5,1.0,149.99849415556085,1988.0,False,,,True,1,0
aco,adaptive,46,2760.0,46.0,9,recovering,recovering,2 14 53 69,1687,1.3054830287206267,0.766,0.64,34.13654164221812,18.766666666666666,5,1,4,0.16501643405050964,0.16501643405050964,125.99772052173569,60.0,2820.0,0.0,0.0,0.0,710.4704817995662,0.0,0.0,125.99772052173569,2820.0,33.63097423019246,555.37448084711,,,,False,False,not_attempted,0,0,0,0,0,0,0.0,149.90516082222751,1988.0,False,,,False,1,0
aco,adaptive,47,2820.0,47.0,9,recovering,recovering,2 14 53 69,1687,1.2626262626262625,0.792,0.68,34.2254244092423,18.783333333333335,4,1,3,1.8644944868526332,1.8644944868526332,127.86221500858832,60.0,2880.0,0.0,0.0,0.0,710.4704817995662,0.0,0.0,127.86221500858832,2880.0,32.47658755058828,548.9606721324321,,,,False,False,not_attempted,0,0,0,0,7,7,1.0,148.04066633537485,1988.0,False,,,False,1,0
aco,adaptive,48,2880.0,48.0,9,recovering,recovering,2 14 53 69,1687,1.2224938875305624,0.818,0.72,34.309077608263664,18.8,3,0,3,0.09333333333333332,0.09333333333333332,127.95554834192166,60.0,2940.0,0.0,0.0,0.0,710.4704817995662,0.0,0.0,127.95554834192166,2940.0,29.45855659938013,494.52710029031385,,,,False,False,not_attempted,0,0,0,0,0,0,0.0,147.94733300204152,1988.0,False,,,False,1,0
aco,adaptive,49,2940.0,49.0,9,recovering,recovering,2 14 53 69,1687,1.1848341232227486,0.8440000000000001,0.76,34.38794958540497,18.816666666666666,3,1,2,0.23979956401121266,0.23979956401121266,128.19534790593286,60.0,3000.0,0.0,0.0,0.0,710.4704817995662,0.0,0.0,128.19534790593286,3000.0,28.533836389082158,493.45070213979676,,,,False,False,not_attempted,0,0,0,0,1,1,1.0,147.7075334380303,1988.0,False,,,False,1,0
aco,adaptive,50,3000.0,50.0,10,recovering,recovering,2 14 53 69,1687,1.1494252873563218,0.87,0.8,34.46243886002531,18.833333333333332,2,0,2,0.9879745825652335,0.9879745825652335,129.1833224884981,60.0,3060.0,11.452512399991974,0.5348969999467954,11.98740939993877,722.457891199505,0.0,0.0,129.1833224884981,3060.0,27.47266146411301,492.43864043045994,27.47266146411301,27.47266146411301,0.0,True,False,incumbent_not_worse,0,0,0,0,3,3,1.0,146.71955885546507,1988.0,False,,,True,1,0
aco,adaptive,51,3060.0,51.0,10,recovering,recovering,2 14 53 69,1687,1.1160714285714286,0.896,0.84,34.53290085945106,18.85,2,0,2,0.09333333333333332,0.09333333333333332,129.27665582183144,60.0,3120.0,0.0,0.0,0.0,722.457891199505,0.0,0.0,129.27665582183144,3120.0,25.676620397188394,491.48531444532586,,,,False,False,not_attempted,0,0,0,0,0,0,0.0,146.62622552213173,1988.0,False,,,False,1,0
aco,adaptive,52,3120.0,52.0,10,recovering,recovering,2 14 53 69,1687,1.0845986984815619,0.922,0.88,34.599653590115366,18.866666666666667,2,1,1,1.920131837743272,1.920131837743272,131.1967876595747,60.0,3180.0,0.0,0.0,0.0,722.457891199505,0.0,0.0,131.1967876595747,3180.0,24.988171531030755,490.5857552185723,,,,False,False,not_attempted,0,0,0,0,4,4,1.0,144.70609368438846,1988.0,False,,,False,1,0
aco,adaptive,53,3180.0,53.0,10,recovering,recovering,2 14 53 69,1687,1.0548523206751055,0.9480000000000001,0.92,34.66298243604442,18.883333333333333,1,0,1,0.09333333333333332,0.09333333333333332,131.29012099290804,60.0,3240.0,0.0,0.0,0.0,722.457891199505,0.0,0.0,131.29012099290804,3240.0,22.34729534100267,489.735538902991,,,,False,False,not_attempted,0,0,0,0,0,0,0.0,144.61276035105513,1988.0,False,,,False,0,0
aco,adaptive,54,3240.0,54.0,10,recovering,recovering,2 14 53 69,1687,1.026694045174538,0.974,0.96,34.723144237433935,18.9,1,1,0,20.944160323310726,20.944160323310726,152.23428131621876,538.2409395813597,3778.24093958136,0.0,0.0,0.0,722.457891199505,0.0,0.0,152.23428131621876,3778.24093958136,21.798566193407677,488.93071401288205,,,,False,False,not_attempted,0,0,0,0,493,0,0.0,141.99315669928288,1988.0,True,,,False,0,0
aco,static_live,0,0.0,0.0,0,normal,initial,2 14 53 69,0,1.0,1.0,0.0,34.78037077224997,18.0,84,0,84,18.680839634308782,18.680839634308782,18.680839634308782,60.0,60.0,9.003784299944527,22.83633279998321,31.84011709992774,31.84011709992774,0.0,0.0,18.680839634308782,60.0,129.8572811733068,2948.952446263193,,,,False,False,initial_plan,0,0,0,0,130,0,0.0,177.2717760608753,0.0,False,,,True,10,10
aco,static_live,1,60.0,1.0,0,normal,normal,2 14 53 69,0,1.0,1.0,0.0,34.78037077224997,18.016666666666666,84,0,84,4.7680615934003905,4.7680615934003905,23.44890122770917,60.0,120.0,0.0,0.0,0.0,31.84011709992774,0.0,0.0,23.44890122770917,120.0,110.44402959570512,2884.5846107093394,,,,False,False,not_attempted,0,0,0,0,76,0,0.0,176.09020652430007,0.0,False,,,False,10,10
aco,static_live,2,120.0,2.0,0,normal,normal,2 14 53 69,0,1.0,1.0,0.0,34.78037077224997,18.033333333333335,84,3,81,5.306297452810553,1.7687658176035177,28.755198680519726,60.0,180.0,0.0,0.0,0.0,31.84011709992774,0.0,0.0,28.755198680519726,180.0,105.15915328473176,2752.5964808827875,,,,False,False,not_attempted,0,0,0,0,66,0,0.0,174.7596401655785,215.0,False,,,False,9,7
aco,static_live,3,180.0,3.0,0,normal,normal,2 14 53 69,0,1.0,1.0,0.0,34.78037077224997,18.05,81,3,78,4.660065898009958,1.5533552993366528,33.41526457852969,60.0,240.0,0.0,0.0,0.0,31.84011709992774,0.0,0.0,33.41526457852969,240.0,100.06592291517671,2752.5964808827875,,,,False,False,not_attempted,0,0,0,0,63,0,0.0,174.60001662259305,215.0,False,,,False,9,4
aco,static_live,4,240.0,4.0,0,normal,normal,2 14 53 69,0,1.0,1.0,0.0,34.78037077224997,18.066666666666666,78,1,77,3.024516702171434,3.024516702171434,36.43978128070112,60.0,300.0,0.0,0.0,0.0,31.84011709992774,0.0,0.0,36.43978128070112,300.0,95.6512867909427,2700.7402108848582,,,,False,False,not_attempted,0,0,0,0,41,0,0.0,174.23595111138894,241.0,False,,,False,9,4
aco,static_live,5,300.0,5.0,1,normal,normal,2 14 53 69,0,1.0,1.0,0.0,34.78037077224997,18.083333333333332,77,4,73,2.8679341198432,0.7169835299608,39.30771540054432,60.0,360.0,0.0,0.0,0.0,31.84011709992774,0.0,0.0,39.30771540054432,360.0,92.80451466956619,2531.148694412799,,,,False,False,not_attempted,0,0,0,0,31,0,0.0,174.1426177780556,402.0,False,,,False,9,2
aco,static_live,6,360.0,6.0,1,normal,normal,2 14 53 69,0,1.0,1.0,0.0,34.78037077224997,18.1,73,3,70,3.5198933529509064,1.1732977843169687,42.82760875349523,60.0,420.0,0.0,0.0,0.0,31.84011709992774,0.0,0.0,42.82760875349523,420.0,89.498725620101,2531.148694412799,,,,False,False,not_attempted,0,0,0,0,44,0,0.0,173.80269504982573,422.0,False,,,False,9,1
aco,static_live,7,420.0,7.0,1,normal,normal,2 14 53 69,0,1.0,1.0,0.0,34.78037077224997,18.116666666666667,70,3,67,4.091652081357425,1.3638840271191415,46.91926083485265,60.0,480.0,0.0,0.0,0.0,31.84011709992774,0.0,0.0,46.91926083485265,480.0,86.23763270067052,2527.8765656637133,,,,False,False,not_attempted,0,0,0,0,30,0,0.0,171.7315048732715,641.0,False,,,False,9,1
aco,static_live,8,480.0,8.0,1,normal,normal,2 14 53 69,0,1.0,1.0,0.0,34.78037077224997,18.133333333333333,67,4,63,1.9465284663171223,0.48663211657928057,48.86578930116977,60.0,540.0,0.0,0.0,0.0,31.84011709992774,0.0,0.0,48.86578930116977,540.0,82.12902723057795,2353.8339100285225,,,,False,False,not_attempted,0,0,0,0,27,0,0.0,171.63817153993816,647.0,False,,,False,9,0
aco,static_live,9,540.0,9.0,1,normal,normal,2 14 53 69,0,1.0,1.0,0.0,34.78037077224997,18.15,63,4,59,3.8465037675471145,0.9616259418867786,52.71229306871688,60.0,600.0,0.0,0.0,0.0,31.84011709992774,0.0,0.0,52.71229306871688,600.0,80.29025643260388,2353.8339100285225,,,,False,False,not_attempted,0,0,0,0,34,0,0.0,171.54640459197284,647.0,False,,,False,9,0
aco,static_live,10,600.0,10.0,2,degrading,degrading,2 14 53 69,0,1.0,1.0,0.0,34.78037077224997,18.166666666666668,59,2,57,2.2406318836965116,1.1203159418482558,54.95292495241339,60.0,660.0,0.0,0.0,0.0,31.84011709992774,0.0,0.0,54.95292495241339,660.0,76.26459852359919,2334.9570515159016,,,,False,False,not_attempted,0,0,0,0,28,0,0.0,171.29011539682318,871.0,False,,,False,9,0
aco,static_live,11,660.0,11.0,2,degrading,degrading,2 14 53 69,1687,1.06951871657754,0.935,0.0,34.631729320613424,18.183333333333334,57,3,54,1.7981691297914977,0.5993897099304992,56.75109408220489,60.0,720.0,0.0,0.0,0.0,31.84011709992774,0.0,0.0,56.75109408220489,720.0,77.54740238281138,2199.364246906812,,,,False,False,not_attempted,0,0,0,0,24,4,0.16666666666666666,171.19678206348985,871.0,False,,,False,7,0
aco,static_live,12,720.0,12.0,2,degrading,degrading,2 14 53 69,1687,1.1494252873563218,0.87,0.0,34.46243886002531,18.2,54,4,50,2.3619594298314244,0.5904898574578561,59.11305351203631,60.0,780.0,0.0,0.0,0.0,31.84011709992774,0.0,0.0,59.11305351203631,780.0,79.82125282400902,2208.00383596808,,,,False,False,not_attempted,0,0,0,0,37,11,0.2972972972972973,170.47464206752815,1037.0,False,,,False,7,0
aco,static_live,13,780.0,13.0,2,degrading,degrading,2 14 53 69,1687,1.2422360248447206,0.8049999999999999,0.0,34.26787542813574,18.216666666666665,50,3,47,2.003027777382682,0.6676759257942274,61.11608128941899,60.0,840.0,0.0,0.0,0.0,31.84011709992774,0.0,0.0,61.11608128941899,840.0,82.16612937660213,2190.9126486847454,,,,False,False,not_attempted,0,0,0,0,16,4,0.25,169.5415176889575,1037.0,False,,,False,7,0
aco,static_live,14,840.0,14.0,2,degrading,degrading,2 14 53 69,1687,1.3513513513513513,0.74,0.0,34.04192309575753,18.233333333333334,47,2,45,1.668714058361406,0.834357029180703,62.7847953477804,60.0,900.0,0.0,0.0,0.0,31.84011709992774,0.0,0.0,62.7847953477804,900.0,85.26373823679955,2134.5771345847415,,,,False,False,not_attempted,0,0,0,0,16,2,0.125,169.35996677233246,1037.0,False,,,False,7,0
aco,static_live,15,900.0,15.0,3,degrading,degrading,2 14 53 69,1687,1.4814814814814814,0.675,0.0,33.77631942075436,18.25,45,4,41,0.9223332079756908,0.2305833019939227,63.70712855575609,60.0,960.0,0.0,0.0,0.0,31.84011709992774,0.0,0.0,63.70712855575609,960.0,89.5877641584348,2053.1467837188475,,,,False,False,not_attempted,0,0,0,0,32,0,0.0,169.25719050727352,1142.0,False,,,False,7,0
aco,static_live,16,960.0,16.0,3,degrading,degrading,2 14 53 69,1687,1.639344262295082,0.61,0.0,33.459623168665104,18.266666666666666,41,1,40,2.737962688436392,2.737962688436392,66.44509124419248,60.0,1020.0,0.0,0.0,0.0,31.84011709992774,0.0,0.0,66.44509124419248,1020.0,95.75776899033077,2098.676272625902,,,,False,False,not_attempted,0,0,0,0,37,0,0.0,169.07856055399702,1142.0,False,,,False,7,0
aco,static_live,17,1020.0,17.0,3,degrading,degrading,2 14 53 69,1687,1.8348623853211008,0.545,0.0,33.07552291825965,18.283333333333335,40,3,37,4.552757828786463,1.517585942928821,70.99784907297895,60.0,1080.0,0.0,0.0,0.0,31.84011709992774,0.0,0.0,70.99784907297895,1080.0,102.05156198801477,2082.1236324858355,,,,False,False,not_attempted,0,0,0,0,41,0,0.0,168.6391377879893,1391.0,False,,,False,7,0
aco,static_live,18,1080.0,18.0,3,degrading,degrading,2 14 53 69,1687,2.0833333333333335,0.48,0.0,32.59993709044963,18.3,37,0,37,3.5134812871007353,3.5134812871007353,74.51133036007968,60.0,1140.0,0.0,0.0,0.0,31.84011709992774,0.0,0.0,74.51133036007968,1140.0,107.99795066430315,2000.399491412746,,,,False,False,not_attempted,0,0,0,0,11,1,0.09090909090909091,168.22739799501684,1391.0,False,,,False,6,0
aco,static_live,19,1140.0,19.0,3,degrading,degrading,2 14 53 69,1687,2.409638554216868,0.4149999999999999,0.0,31.995761682130254,18.316666666666666,37,3,34,2.2547243508134502,0.7515747836044834,76.76605471089313,60.0,1200.0,0.0,0.0,0.0,31.84011709992774,0.0,0.0,76.76605471089313,1200.0,118.81912473823046,2070.317775576933,,,,False,False,not_attempted,0,0,0,0,32,0,0.0,168.0158386098854,1391.0,False,,,False,5,0
aco,static_live,20,1200.0,20.0,4,disrupted,holding,2 14 53 69,1687,2.857142857142857,0.35,0.0,31.20269165852424,18.333333333333332,34,3,31,1.6438207404752494,0.5479402468250831,78.40987545136838,60.0,1260.0,0.0,0.0,0.0,31.84011709992774,0.0,0.0,78.40987545136838,1260.0,136.86790014578006,2117.579649783585,,,,False,False,not_attempted,0,0,0,0,18,1,0.05555555555555555,167.84746088528482,1530.0,False,,,False,5,0
aco,static_live,21,1260.0,21.0,4,disrupted,disrupted,2 14 53 69,1687,2.857142857142857,0.35,0.0,31.20269165852424,18.35,31,0,31,1.50781399685191,1.50781399685191,79.91768944822029,60.0,1320.0,0.0,0.0,0.0,31.84011709992774,0.0,0.0,79.91768944822029,1320.0,134.13581421073786,1986.4145225442085,,,,False,False,not_attempted,0,0,0,0,7,1,0.14285714285714285,167.75412755195148,1530.0,False,,,False,5,0
aco,static_live,22,1320.0,22.0,4,disrupted,disrupted,2 14 53 69,1687,2.857142857142857,0.35,0.0,31.20269165852424,18.366666666666667,31,3,28,4.958967852218134,1.6529892840727112,84.87665730043842,60.0,1380.0,0.0,0.0,0.0,31.84011709992774,0.0,0.0,84.87665730043842,1380.0,133.03156009111385,1986.4145225442085,,,,False,False,not_attempted,0,0,0,0,17,3,0.17647058823529413,166.59443858452224,1530.0,False,,,False,5,0
aco,static_live,23,1380.0,23.0,4,disrupted,disrupted,2 14 53 69,1687,2.857142857142857,0.35,0.0,31.20269165852424,18.383333333333333,28,0,28,0.8176461088697187,0.8176461088697187,85.69430340930815,60.0,1440.0,0.0,0.0,0.0,31.84011709992774,0.0,0.0,85.69430340930815,1440.0,128.5920429033255,1848.552292318927,,,,False,False,not_attempted,0,0,0,0,8,0,0.0,166.5011052511889,1530.0,False,,,False,5,0
aco,static_live,24,1440.0,24.0,4,disrupted,disrupted,2 14 53 69,1687,2.857142857142857,0.35,0.0,31.20269165852424,18.4,28,3,25,2.040564111324987,0.680188037108329,87.73486752063313,60.0,1500.0,0.0,0.0,0.0,31.84011709992774,0.0,0.0,87.73486752063313,1500.0,128.03135458099496,1848.552292318927,,,,False,False,not_attempted,0,0,0,0,14,2,0.14285714285714285,165.46422455483932,1530.0,False,,,False,5,0
aco,static_live,25,1500.0,25.0,5,disrupted,disrupted,2 14 53 69,1687,2.857142857142857,0.35,0.0,31.20269165852424,18.416666666666668,25,1,24,2.4090711153053834,2.4090711153053834,90.14393863593851,60.0,1560.0,0.0,0.0,0.0,31.84011709992774,0.0,0.0,90.14393863593851,1560.0,124.94338298965808,1813.148173325792,,,,False,False,not_attempted,0,0,0,0,26,1,0.038461538461538464,164.3818328193645,1530.0,False,,,False,5,0
aco,static_live,26,1560.0,26.0,5,disrupted,disrupted,2 14 53 69,1687,2.857142857142857,0.35,0.0,31.20269165852424,18.433333333333334,24,1,23,1.6829595639474408,1.6829595639474408,91.82689819988595,60.0,1620.0,0.0,0.0,0.0,31.84011709992774,0.0,0.0,91.82689819988595,1620.0,122.4279621492538,1681.989871426431,,,,False,False,not_attempted,0,0,0,0,3,1,0.3333333333333333,163.26018326619752,1530.0,False,,,False,5,0
aco,static_live,27,1620.0,27.0,5,disrupted,disrupted,2 14 53 69,1687,2.857142857142857,0.35,0.0,31.20269165852424,18.45,23,3,20,4.056826893554785,1.3522756311849282,95.88372509344073,60.0,1680.0,0.0,0.0,0.0,31.84011709992774,0.0,0.0,95.88372509344073,1680.0,121.35506675768629,1681.989871426431,,,,False,False,not_attempted,0,0,0,0,33,2,0.06060606060606061,160.80364736020218,1530.0,False,,,False,5,0
aco,static_live,28,1680.0,28.0,5,disrupted,disrupted,2 14 53 69,1687,2.857142857142857,0.35,0.0,31.20269165852424,18.466666666666665,20,0,20,2.676806326179686,2.676806326179686,98.56053141962042,60.0,1740.0,0.0,0.0,0.0,31.84011709992774,0.0,0.0,98.56053141962042,1740.0,117.32614807853693,1536.917805304632,,,,False,False,not_attempted,0,0,0,0,10,1,0.1,159.60343675385332,1530.0,False,,,False,5,0
aco,static_live,29,1740.0,29.0,5,disrupted,disrupted,2 14 53 69,1687,2.857142857142857,0.35,0.0,31.20269165852424,18.483333333333334,20,3,17,1.4093695807031965,0.46978986023439884,99.96990100032362,60.0,1800.0,0.0,0.0,0.0,31.84011709992774,0.0,0.0,99.96990100032362,1800.0,114.88350191288869,1536.917805304632,,,,False,False,not_attempted,0,0,0,0,21,0,0.0,159.51010342051998,1564.0,False,,,False,4,0
aco,static_live,30,1800.0,30.0,6,recovering,recovering,2 14 53 69,1687,2.857142857142857,0.35,0.0,31.20269165852424,18.5,17,2,15,5.816255482244748,2.908127741122374,105.78615648256836,60.0,1860.0,0.0,0.0,0.0,31.84011709992774,0.0,0.0,105.78615648256836,1860.0,113.51929610326039,1519.1688962577648,,,,False,False,not_attempted,0,0,0,0,26,5,0.19230769230769232,158.14341482931542,1564.0,False,,,False,4,0
aco,static_live,31,1860.0,31.0,6,recovering,recovering,2 14 53 69,1687,2.6595744680851063,0.376,0.04,31.547922904274717,18.516666666666666,15,0,15,3.6538891343787228,3.6538891343787228,109.44004561694709,60.0,1920.0,0.0,0.0,0.0,31.84011709992774,0.0,0.0,109.44004561694709,1920.0,99.78633876757141,1420.1803822101454,,,,False,False,not_attempted,0,0,0,0,4,4,1.0,155.8721745486113,1564.0,False,,,False,4,0
aco,static_live,32,1920.0,32.0,6,recovering,recovering,2 14 53 69,1687,2.4875621890547266,0.40199999999999997,0.08,31.854778906250925,18.533333333333335,15,2,13,1.0544531382771836,0.5272265691385918,110.49449875522427,60.0,1980.0,0.0,0.0,0.0,31.84011709992774,0.0,0.0,110.49449875522427,1980.0,90.27657707562989,1255.1410491539589,,,,False,False,not_attempted,0,0,0,0,25,0,0.0,155.77884121527796,1564.0,False,,,False,4,0
aco,static_live,33,1980.0,33.0,6,recovering,recovering,2 14 53 69,1687,2.336448598130841,0.428,0.12,32.1293213401735,18.55,13,2,11,3.0994670824763215,1.5497335412381608,113.5939658377006,60.0,2040.0,0.0,0.0,0.0,31.84011709992774,0.0,0.0,113.5939658377006,2040.0,83.78660778555444,1226.3054921263165,,,,False,False,not_attempted,0,0,0,0,26,4,0.15384615384615385,155.35577981219322,1717.0,False,,,False,4,0
aco,static_live,34,2040.0,34.0,6,recovering,recovering,2 14 53 69,1687,2.2026431718061676,0.45399999999999996,0.16,32.37639908536983,18.566666666666666,11,1,10,4.4136456443519645,4.4136456443519645,118.00761148205255,60.0,2100.0,0.0,0.0,0.0,31.84011709992774,0.0,0.0,118.00761148205255,2100.0,74.92234713617367,1151.2150134583667,,,,False,False,not_attempted,0,0,0,0,49,3,0.061224489795918366,151.6235186623949,1717.0,False,,,False,4,0
aco,static_live,35,2100.0,35.0,7,recovering,recovering,2 14 53 69,1687,2.0833333333333335,0.48,0.2,32.59993709044963,18.583333333333332,10,0,10,0.8744626068802657,0.8744626068802657,118.88207408893282,60.0,2160.0,0.0,0.0,0.0,31.84011709992774,0.0,0.0,118.88207408893282,2160.0,67.35285491280881,1011.1326353755632,,,,False,False,not_attempted,0,0,0,0,11,0,0.0,151.53018532906157,1717.0,False,,,False,3,0
aco,static_live,36,2160.0,36.0,7,recovering,recovering,2 14 53 69,1687,1.976284584980237,0.506,0.24,32.803146430184874,18.6,10,3,7,2.1264695522902177,0.7088231840967393,121.00854364122304,60.0,2220.0,0.0,0.0,0.0,31.84011709992774,0.0,0.0,121.00854364122304,2220.0,63.03796664138397,993.1140589929688,,,,False,False,not_attempted,0,0,0,0,11,3,0.2727272727272727,151.46927437124285,1774.0,False,,,False,2,0
aco,static_live,37,2220.0,37.0,7,recovering,recovering,2 14 53 69,1687,1.8796992481203008,0.532,0.28,32.98867954681469,18.616666666666667,7,1,6,0.5735028996975362,0.5735028996975362,121.58204654092057,60.0,2280.0,0.0,0.0,0.0,31.84011709992774,0.0,0.0,121.58204654092057,2280.0,57.80832925586503,922.9650975506618,,,,False,False,not_attempted,0,0,0,0,12,0,0.0,151.46927437124285,1774.0,False,,,False,2,0
aco,static_live,38,2280.0,38.0,7,recovering,recovering,2 14 53 69,1687,1.7921146953405016,0.558,0.32,33.15874666871985,18.633333333333333,6,0,6,0.18666666666666665,0.18666666666666665,121.76871320758724,60.0,2340.0,0.0,0.0,0.0,31.84011709992774,0.0,0.0,121.76871320758724,2340.0,54.41604604857334,790.7338365002222,,,,False,False,not_attempted,0,0,0,0,0,0,0.0,151.46927437124285,1774.0,False,,,False,2,0
aco,static_live,39,2340.0,39.0,7,recovering,recovering,2 14 53 69,1687,1.7123287671232879,0.584,0.36,33.31520428011182,18.65,6,2,4,2.53714769023474,1.26857384511737,124.30586089782199,60.0,2400.0,0.0,0.0,0.0,31.84011709992774,0.0,0.0,124.30586089782199,2400.0,51.84846134399573,779.5916603378356,,,,False,False,not_attempted,0,0,0,0,10,4,0.4,151.46927437124285,1917.0,False,,,False,2,0
aco,static_live,40,2400.0,40.0,8,recovering,recovering,2 14 53 69,1687,1.639344262295082,0.61,0.4,33.459623168665104,18.666666666666668,4,0,4,2.8330564989846136,2.8330564989846136,127.1389173968066,60.0,2460.0,0.0,0.0,0.0,31.84011709992774,0.0,0.0,127.1389173968066,2460.0,46.96928543462958,714.8919064243327,,,,False,False,not_attempted,0,0,0,0,5,5,1.0,151.46927437124285,1917.0,False,,,False,2,0
aco,static_live,41,2460.0,41.0,8,recovering,recovering,2 14 53 69,1687,1.572327044025157,0.636,0.44,33.59334134719233,18.683333333333334,4,1,3,3.105788556128997,3.105788556128997,130.2447059529356,60.0,2520.0,0.0,0.0,0.0,31.84011709992774,0.0,0.0,130.2447059529356,2520.0,42.05381649257873,649.1864074557141,,,,False,False,not_attempted,0,0,0,0,7,5,0.7142857142857143,149.07370904936377,1917.0,False,,,False,2,0
aco,static_live,42,2520.0,42.0,8,recovering,recovering,2 14 53 69,1687,1.5105740181268883,0.6619999999999999,0.48,33.71750563187888,18.7,3,0,3,0.829658851893156,0.829658851893156,131.07436480482875,60.0,2580.0,0.0,0.0,0.0,31.84011709992774,0.0,0.0,131.07436480482875,2580.0,37.609723093495504,516.632153098064,,,,False,False,not_attempted,0,0,0,0,24,0,0.0,148.98037571603044,1917.0,False,,,False,1,0
aco,static_live,43,2580.0,43.0,8,recovering,recovering,2 14 53 69,1687,1.4534883720930234,0.688,0.52,33.833104615867185,18.716666666666665,3,1,2,0.11059428929720859,0.11059428929720859,131.18495909412596,60.0,2640.0,0.0,0.0,0.0,31.84011709992774,0.0,0.0,131.18495909412596,2640.0,35.39060953641054,482.28795992301974,,,,False,False,not_attempted,0,0,0,0,1,0,0.0,148.96524737843694,1968.0,False,,,False,1,0
aco,static_live,44,2640.0,44.0,8,recovering,recovering,2 14 53 69,1687,1.400560224089636,0.714,0.56,33.94099504645174,18.733333333333334,2,0,2,0.09333333333333332,0.09333333333333332,131.2782924274593,60.0,2700.0,0.0,0.0,0.0,31.84011709992774,0.0,0.0,131.2782924274593,2700.0,33.79672897954242,475.8444403104872,,,,False,False,not_attempted,0,0,0,0,0,0,0.0,148.96524737843694,1968.0,False,,,False,1,0
aco,static_live,45,2700.0,45.0,9,recovering,recovering,2 14 53 69,1687,1.3513513513513513,0.74,0.6,34.04192309575753,18.75,2,1,1,0.21578535432663018,0.21578535432663018,131.49407778178593,60.0,2760.0,0.0,0.0,0.0,31.84011709992774,0.0,0.0,131.49407778178593,2760.0,32.38848266271713,321.0639656684028,,,,False,False,not_attempted,0,0,0,0,9,0,0.0,148.96524737843694,1968.0,False,,,False,1,0
aco,static_live,46,2760.0,46.0,9,recovering,recovering,2 14 53 69,1687,1.3054830287206267,0.766,0.64,34.13654164221812,18.766666666666666,1,0,1,0.09333333333333332,0.09333333333333332,131.58741111511927,60.0,2820.0,0.0,0.0,0.0,31.84011709992774,0.0,0.0,131.58741111511927,2820.0,30.687810871112315,319.7529490289071,,,,False,False,not_attempted,0,0,0,0,0,0,0.0,148.96524737843694,1968.0,False,,,False,0,0
aco,static_live,47,2820.0,47.0,9,recovering,recovering,2 14 53 69,1687,1.2626262626262625,0.792,0.68,34.2254244092423,18.783333333333335,1,1,0,27.315811800057684,27.315811800057684,158.90322291517694,339.42681774875086,3159.4268177487506,0.0,0.0,0.0,31.84011709992774,0.0,0.0,158.90322291517694,3159.4268177487506,29.421976866647043,318.52800923947905,,,,False,False,not_attempted,0,0,0,0,328,95,0.2896341463414634,141.54563660314608,1968.0,True,,,False,0,0
aco,static_frozen,0,0.0,0.0,0,normal,initial,2 14 53 69,0,1.0,1.0,0.0,34.78037077224997,18.0,84,0,84,18.680839634308782,18.680839634308782,18.680839634308782,60.0,60.0,9.003784299944527,22.83633279998321,31.84011709992774,31.84011709992774,0.0,0.0,18.680839634308782,60.0,129.8572811733068,2948.952446263193,,,,False,False,initial_plan,0,0,0,0,130,0,0.0,177.2717760608753,0.0,False,,,True,10,10
aco,static_frozen,1,60.0,1.0,0,normal,normal,2 14 53 69,0,1.0,1.0,0.0,34.78037077224997,18.016666666666666,84,0,84,4.7680615934003905,4.7680615934003905,23.44890122770917,60.0,120.0,0.0,0.0,0.0,31.84011709992774,0.0,0.0,23.44890122770917,120.0,110.44402959570512,2884.5846107093394,,,,False,False,not_attempted,0,0,0,0,76,0,0.0,176.09020652430007,0.0,False,,,False,10,10
aco,static_frozen,2,120.0,2.0,0,normal,normal,2 14 53 69,0,1.0,1.0,0.0,34.78037077224997,18.033333333333335,84,3,81,5.306297452810553,1.7687658176035177,28.755198680519726,60.0,180.0,0.0,0.0,0.0,31.84011709992774,0.0,0.0,28.755198680519726,180.0,105.15915328473176,2752.5964808827875,,,,False,False,not_attempted,0,0,0,0,66,0,0.0,174.7596401655785,215.0,False,,,False,9,7
aco,static_frozen,3,180.0,3.0,0,normal,normal,2 14 53 69,0,1.0,1.0,0.0,34.78037077224997,18.05,81,3,78,4.660065898009958,1.5533552993366528,33.41526457852969,60.0,240.0,0.0,0.0,0.0,31.84011709992774,0.0,0.0,33.41526457852969,240.0,100.06592291517671,2752.5964808827875,,,,False,False,not_attempted,0,0,0,0,63,0,0.0,174.60001662259305,215.0,False,,,False,9,4
aco,static_frozen,4,240.0,4.0,0,normal,normal,2 14 53 69,0,1.0,1.0,0.0,34.78037077224997,18.066666666666666,78,1,77,3.024516702171434,3.024516702171434,36.43978128070112,60.0,300.0,0.0,0.0,0.0,31.84011709992774,0.0,0.0,36.43978128070112,300.0,95.6512867909427,2700.7402108848582,,,,False,False,not_attempted,0,0,0,0,41,0,0.0,174.23595111138894,241.0,False,,,False,9,4
aco,static_frozen,5,300.0,5.0,1,normal,normal,2 14 53 69,0,1.0,1.0,0.0,34.78037077224997,18.083333333333332,77,4,73,2.8679341198432,0.7169835299608,39.30771540054432,60.0,360.0,0.0,0.0,0.0,31.84011709992774,0.0,0.0,39.30771540054432,360.0,92.80451466956619,2531.148694412799,,,,False,False,not_attempted,0,0,0,0,31,0,0.0,174.1426177780556,402.0,False,,,False,9,2
aco,static_frozen,6,360.0,6.0,1,normal,normal,2 14 53 69,0,1.0,1.0,0.0,34.78037077224997,18.1,73,3,70,3.5198933529509064,1.1732977843169687,42.82760875349523,60.0,420.0,0.0,0.0,0.0,31.84011709992774,0.0,0.0,42.82760875349523,420.0,89.498725620101,2531.148694412799,,,,False,False,not_attempted,0,0,0,0,44,0,0.0,173.80269504982573,422.0,False,,,False,9,1
aco,static_frozen,7,420.0,7.0,1,normal,normal,2 14 53 69,0,1.0,1.0,0.0,34.78037077224997,18.116666666666667,70,3,67,4.091652081357425,1.3638840271191415,46.91926083485265,60.0,480.0,0.0,0.0,0.0,31.84011709992774,0.0,0.0,46.91926083485265,480.0,86.23763270067052,2527.8765656637133,,,,False,False,not_attempted,0,0,0,0,30,0,0.0,171.7315048732715,641.0,False,,,False,9,1
aco,static_frozen,8,480.0,8.0,1,normal,normal,2 14 53 69,0,1.0,1.0,0.0,34.78037077224997,18.133333333333333,67,4,63,1.9465284663171223,0.48663211657928057,48.86578930116977,60.0,540.0,0.0,0.0,0.0,31.84011709992774,0.0,0.0,48.86578930116977,540.0,82.12902723057795,2353.8339100285225,,,,False,False,not_attempted,0,0,0,0,27,0,0.0,171.63817153993816,647.0,False,,,False,9,0
aco,static_frozen,9,540.0,9.0,1,normal,normal,2 14 53 69,0,1.0,1.0,0.0,34.78037077224997,18.15,63,4,59,3.8465037675471145,0.9616259418867786,52.71229306871688,60.0,600.0,0.0,0.0,0.0,31.84011709992774,0.0,0.0,52.71229306871688,600.0,80.29025643260388,2353.8339100285225,,,,False,False,not_attempted,0,0,0,0,34,0,0.0,171.54640459197284,647.0,False,,,False,9,0
aco,static_frozen,10,600.0,10.0,2,degrading,degrading,2 14 53 69,0,1.0,1.0,0.0,34.78037077224997,18.166666666666668,59,2,57,2.2406318836965116,1.1203159418482558,54.95292495241339,60.0,660.0,0.0,0.0,0.0,31.84011709992774,0.0,0.0,54.95292495241339,660.0,76.26459852359919,2334.9570515159016,,,,False,False,not_attempted,0,0,0,0,28,0,0.0,171.29011539682318,871.0,False,,,False,9,0
aco,static_frozen,11,660.0,11.0,2,degrading,degrading,2 14 53 69,1687,1.06951871657754,0.935,0.0,34.631729320613424,18.183333333333334,57,3,54,1.7981691297914977,0.5993897099304992,56.75109408220489,60.0,720.0,0.0,0.0,0.0,31.84011709992774,0.0,0.0,56.75109408220489,720.0,77.54740238281138,2199.364246906812,,,,False,False,not_attempted,0,0,0,0,24,4,0.16666666666666666,171.19678206348985,871.0,False,,,False,7,0
aco,static_frozen,12,720.0,12.0,2,degrading,degrading,2 14 53 69,1687,1.1494252873563218,0.87,0.0,34.46243886002531,18.2,54,4,50,2.3619594298314244,0.5904898574578561,59.11305351203631,60.0,780.0,0.0,0.0,0.0,31.84011709992774,0.0,0.0,59.11305351203631,780.0,79.82125282400902,2208.00383596808,,,,False,False,not_attempted,0,0,0,0,37,11,0.2972972972972973,170.47464206752815,1037.0,False,,,False,7,0
aco,static_frozen,13,780.0,13.0,2,degrading,degrading,2 14 53 69,1687,1.2422360248447206,0.8049999999999999,0.0,34.26787542813574,18.216666666666665,50,3,47,2.003027777382682,0.6676759257942274,61.11608128941899,60.0,840.0,0.0,0.0,0.0,31.84011709992774,0.0,0.0,61.11608128941899,840.0,82.16612937660213,2190.9126486847454,,,,False,False,not_attempted,0,0,0,0,16,4,0.25,169.5415176889575,1037.0,False,,,False,7,0
aco,static_frozen,14,840.0,14.0,2,degrading,degrading,2 14 53 69,1687,1.3513513513513513,0.74,0.0,34.04192309575753,18.233333333333334,47,2,45,1.668714058361406,0.834357029180703,62.7847953477804,60.0,900.0,0.0,0.0,0.0,31.84011709992774,0.0,0.0,62.7847953477804,900.0,85.26373823679955,2134.5771345847415,,,,False,False,not_attempted,0,0,0,0,16,2,0.125,169.35996677233246,1037.0,False,,,False,7,0
aco,static_frozen,15,900.0,15.0,3,degrading,degrading,2 14 53 69,1687,1.4814814814814814,0.675,0.0,33.77631942075436,18.25,45,4,41,0.9223332079756908,0.2305833019939227,63.70712855575609,60.0,960.0,0.0,0.0,0.0,31.84011709992774,0.0,0.0,63.70712855575609,960.0,89.5877641584348,2053.1467837188475,,,,False,False,not_attempted,0,0,0,0,32,0,0.0,169.25719050727352,1142.0,False,,,False,7,0
aco,static_frozen,16,960.0,16.0,3,degrading,degrading,2 14 53 69,1687,1.639344262295082,0.61,0.0,33.459623168665104,18.266666666666666,41,1,40,2.737962688436392,2.737962688436392,66.44509124419248,60.0,1020.0,0.0,0.0,0.0,31.84011709992774,0.0,0.0,66.44509124419248,1020.0,95.75776899033077,2098.676272625902,,,,False,False,not_attempted,0,0,0,0,37,0,0.0,169.07856055399702,1142.0,False,,,False,7,0
aco,static_frozen,17,1020.0,17.0,3,degrading,degrading,2 14 53 69,1687,1.8348623853211008,0.545,0.0,33.07552291825965,18.283333333333335,40,3,37,4.552757828786463,1.517585942928821,70.99784907297895,60.0,1080.0,0.0,0.0,0.0,31.84011709992774,0.0,0.0,70.99784907297895,1080.0,102.05156198801477,2082.1236324858355,,,,False,False,not_attempted,0,0,0,0,41,0,0.0,168.6391377879893,1391.0,False,,,False,7,0
aco,static_frozen,18,1080.0,18.0,3,degrading,degrading,2 14 53 69,1687,2.0833333333333335,0.48,0.0,32.59993709044963,18.3,37,0,37,3.5134812871007353,3.5134812871007353,74.51133036007968,60.0,1140.0,0.0,0.0,0.0,31.84011709992774,0.0,0.0,74.51133036007968,1140.0,107.99795066430315,2000.399491412746,,,,False,False,not_attempted,0,0,0,0,11,1,0.09090909090909091,168.22739799501684,1391.0,False,,,False,6,0
aco,static_frozen,19,1140.0,19.0,3,degrading,degrading,2 14 53 69,1687,2.409638554216868,0.4149999999999999,0.0,31.995761682130254,18.316666666666666,37,3,34,2.2547243508134502,0.7515747836044834,76.76605471089313,60.0,1200.0,0.0,0.0,0.0,31.84011709992774,0.0,0.0,76.76605471089313,1200.0,118.81912473823046,2070.317775576933,,,,False,False,not_attempted,0,0,0,0,32,0,0.0,168.0158386098854,1391.0,False,,,False,5,0
aco,static_frozen,20,1200.0,20.0,4,disrupted,holding,2 14 53 69,1687,2.857142857142857,0.35,0.0,31.20269165852424,18.333333333333332,34,3,31,1.6438207404752494,0.5479402468250831,78.40987545136838,60.0,1260.0,0.0,0.0,0.0,31.84011709992774,0.0,0.0,78.40987545136838,1260.0,136.86790014578006,2117.579649783585,,,,False,False,not_attempted,0,0,0,0,18,1,0.05555555555555555,167.84746088528482,1530.0,False,,,False,5,0
aco,static_frozen,21,1260.0,21.0,4,disrupted,disrupted,2 14 53 69,1687,2.857142857142857,0.35,0.0,31.20269165852424,18.35,31,0,31,1.50781399685191,1.50781399685191,79.91768944822029,60.0,1320.0,0.0,0.0,0.0,31.84011709992774,0.0,0.0,79.91768944822029,1320.0,134.13581421073786,1986.4145225442085,,,,False,False,not_attempted,0,0,0,0,7,1,0.14285714285714285,167.75412755195148,1530.0,False,,,False,5,0
aco,static_frozen,22,1320.0,22.0,4,disrupted,disrupted,2 14 53 69,1687,2.857142857142857,0.35,0.0,31.20269165852424,18.366666666666667,31,3,28,4.958967852218134,1.6529892840727112,84.87665730043842,60.0,1380.0,0.0,0.0,0.0,31.84011709992774,0.0,0.0,84.87665730043842,1380.0,133.03156009111385,1986.4145225442085,,,,False,False,not_attempted,0,0,0,0,17,3,0.17647058823529413,166.59443858452224,1530.0,False,,,False,5,0
aco,static_frozen,23,1380.0,23.0,4,disrupted,disrupted,2 14 53 69,1687,2.857142857142857,0.35,0.0,31.20269165852424,18.383333333333333,28,0,28,0.8176461088697187,0.8176461088697187,85.69430340930815,60.0,1440.0,0.0,0.0,0.0,31.84011709992774,0.0,0.0,85.69430340930815,1440.0,128.5920429033255,1848.552292318927,,,,False,False,not_attempted,0,0,0,0,8,0,0.0,166.5011052511889,1530.0,False,,,False,5,0
aco,static_frozen,24,1440.0,24.0,4,disrupted,disrupted,2 14 53 69,1687,2.857142857142857,0.35,0.0,31.20269165852424,18.4,28,3,25,2.040564111324987,0.680188037108329,87.73486752063313,60.0,1500.0,0.0,0.0,0.0,31.84011709992774,0.0,0.0,87.73486752063313,1500.0,128.03135458099496,1848.552292318927,,,,False,False,not_attempted,0,0,0,0,14,2,0.14285714285714285,165.46422455483932,1530.0,False,,,False,5,0
aco,static_frozen,25,1500.0,25.0,5,disrupted,disrupted,2 14 53 69,1687,2.857142857142857,0.35,0.0,31.20269165852424,18.416666666666668,25,1,24,2.4090711153053834,2.4090711153053834,90.14393863593851,60.0,1560.0,0.0,0.0,0.0,31.84011709992774,0.0,0.0,90.14393863593851,1560.0,124.94338298965808,1813.148173325792,,,,False,False,not_attempted,0,0,0,0,26,1,0.038461538461538464,164.3818328193645,1530.0,False,,,False,5,0
aco,static_frozen,26,1560.0,26.0,5,disrupted,disrupted,2 14 53 69,1687,2.857142857142857,0.35,0.0,31.20269165852424,18.433333333333334,24,1,23,1.6829595639474408,1.6829595639474408,91.82689819988595,60.0,1620.0,0.0,0.0,0.0,31.84011709992774,0.0,0.0,91.82689819988595,1620.0,122.4279621492538,1681.989871426431,,,,False,False,not_attempted,0,0,0,0,3,1,0.3333333333333333,163.26018326619752,1530.0,False,,,False,5,0
aco,static_frozen,27,1620.0,27.0,5,disrupted,disrupted,2 14 53 69,1687,2.857142857142857,0.35,0.0,31.20269165852424,18.45,23,3,20,4.056826893554785,1.3522756311849282,95.88372509344073,60.0,1680.0,0.0,0.0,0.0,31.84011709992774,0.0,0.0,95.88372509344073,1680.0,121.35506675768629,1681.989871426431,,,,False,False,not_attempted,0,0,0,0,33,2,0.06060606060606061,160.80364736020218,1530.0,False,,,False,5,0
aco,static_frozen,28,1680.0,28.0,5,disrupted,disrupted,2 14 53 69,1687,2.857142857142857,0.35,0.0,31.20269165852424,18.466666666666665,20,0,20,2.676806326179686,2.676806326179686,98.56053141962042,60.0,1740.0,0.0,0.0,0.0,31.84011709992774,0.0,0.0,98.56053141962042,1740.0,117.32614807853693,1536.917805304632,,,,False,False,not_attempted,0,0,0,0,10,1,0.1,159.60343675385332,1530.0,False,,,False,5,0
aco,static_frozen,29,1740.0,29.0,5,disrupted,disrupted,2 14 53 69,1687,2.857142857142857,0.35,0.0,31.20269165852424,18.483333333333334,20,3,17,1.4093695807031965,0.46978986023439884,99.96990100032362,60.0,1800.0,0.0,0.0,0.0,31.84011709992774,0.0,0.0,99.96990100032362,1800.0,114.88350191288869,1536.917805304632,,,,False,False,not_attempted,0,0,0,0,21,0,0.0,159.51010342051998,1564.0,False,,,False,4,0
aco,static_frozen,30,1800.0,30.0,6,recovering,recovering,2 14 53 69,1687,2.857142857142857,0.35,0.0,31.20269165852424,18.5,17,2,15,5.816255482244748,2.908127741122374,105.78615648256836,60.0,1860.0,0.0,0.0,0.0,31.84011709992774,0.0,0.0,105.78615648256836,1860.0,113.51929610326039,1519.1688962577648,,,,False,False,not_attempted,0,0,0,0,26,5,0.19230769230769232,158.14341482931542,1564.0,False,,,False,4,0
aco,static_frozen,31,1860.0,31.0,6,recovering,recovering,2 14 53 69,1687,2.6595744680851063,0.376,0.04,31.547922904274717,18.516666666666666,15,0,15,3.6538891343787228,3.6538891343787228,109.44004561694709,60.0,1920.0,0.0,0.0,0.0,31.84011709992774,0.0,0.0,109.44004561694709,1920.0,99.78633876757141,1420.1803822101454,,,,False,False,not_attempted,0,0,0,0,4,4,1.0,155.8721745486113,1564.0,False,,,False,4,0
aco,static_frozen,32,1920.0,32.0,6,recovering,recovering,2 14 53 69,1687,2.4875621890547266,0.40199999999999997,0.08,31.854778906250925,18.533333333333335,15,2,13,1.0544531382771836,0.5272265691385918,110.49449875522427,60.0,1980.0,0.0,0.0,0.0,31.84011709992774,0.0,0.0,110.49449875522427,1980.0,90.27657707562989,1255.1410491539589,,,,False,False,not_attempted,0,0,0,0,25,0,0.0,155.77884121527796,1564.0,False,,,False,4,0
aco,static_frozen,33,1980.0,33.0,6,recovering,recovering,2 14 53 69,1687,2.336448598130841,0.428,0.12,32.1293213401735,18.55,13,2,11,3.0994670824763215,1.5497335412381608,113.5939658377006,60.0,2040.0,0.0,0.0,0.0,31.84011709992774,0.0,0.0,113.5939658377006,2040.0,83.78660778555444,1226.3054921263165,,,,False,False,not_attempted,0,0,0,0,26,4,0.15384615384615385,155.35577981219322,1717.0,False,,,False,4,0
aco,static_frozen,34,2040.0,34.0,6,recovering,recovering,2 14 53 69,1687,2.2026431718061676,0.45399999999999996,0.16,32.37639908536983,18.566666666666666,11,1,10,4.4136456443519645,4.4136456443519645,118.00761148205255,60.0,2100.0,0.0,0.0,0.0,31.84011709992774,0.0,0.0,118.00761148205255,2100.0,74.92234713617367,1151.2150134583667,,,,False,False,not_attempted,0,0,0,0,49,3,0.061224489795918366,151.6235186623949,1717.0,False,,,False,4,0
aco,static_frozen,35,2100.0,35.0,7,recovering,recovering,2 14 53 69,1687,2.0833333333333335,0.48,0.2,32.59993709044963,18.583333333333332,10,0,10,0.8744626068802657,0.8744626068802657,118.88207408893282,60.0,2160.0,0.0,0.0,0.0,31.84011709992774,0.0,0.0,118.88207408893282,2160.0,67.35285491280881,1011.1326353755632,,,,False,False,not_attempted,0,0,0,0,11,0,0.0,151.53018532906157,1717.0,False,,,False,3,0
aco,static_frozen,36,2160.0,36.0,7,recovering,recovering,2 14 53 69,1687,1.976284584980237,0.506,0.24,32.803146430184874,18.6,10,3,7,2.1264695522902177,0.7088231840967393,121.00854364122304,60.0,2220.0,0.0,0.0,0.0,31.84011709992774,0.0,0.0,121.00854364122304,2220.0,63.03796664138397,993.1140589929688,,,,False,False,not_attempted,0,0,0,0,11,3,0.2727272727272727,151.46927437124285,1774.0,False,,,False,2,0
aco,static_frozen,37,2220.0,37.0,7,recovering,recovering,2 14 53 69,1687,1.8796992481203008,0.532,0.28,32.98867954681469,18.616666666666667,7,1,6,0.5735028996975362,0.5735028996975362,121.58204654092057,60.0,2280.0,0.0,0.0,0.0,31.84011709992774,0.0,0.0,121.58204654092057,2280.0,57.80832925586503,922.9650975506618,,,,False,False,not_attempted,0,0,0,0,12,0,0.0,151.46927437124285,1774.0,False,,,False,2,0
aco,static_frozen,38,2280.0,38.0,7,recovering,recovering,2 14 53 69,1687,1.7921146953405016,0.558,0.32,33.15874666871985,18.633333333333333,6,0,6,0.18666666666666665,0.18666666666666665,121.76871320758724,60.0,2340.0,0.0,0.0,0.0,31.84011709992774,0.0,0.0,121.76871320758724,2340.0,54.41604604857334,790.7338365002222,,,,False,False,not_attempted,0,0,0,0,0,0,0.0,151.46927437124285,1774.0,False,,,False,2,0
aco,static_frozen,39,2340.0,39.0,7,recovering,recovering,2 14 53 69,1687,1.7123287671232879,0.584,0.36,33.31520428011182,18.65,6,2,4,2.53714769023474,1.26857384511737,124.30586089782199,60.0,2400.0,0.0,0.0,0.0,31.84011709992774,0.0,0.0,124.30586089782199,2400.0,51.84846134399573,779.5916603378356,,,,False,False,not_attempted,0,0,0,0,10,4,0.4,151.46927437124285,1917.0,False,,,False,2,0
aco,static_frozen,40,2400.0,40.0,8,recovering,recovering,2 14 53 69,1687,1.639344262295082,0.61,0.4,33.459623168665104,18.666666666666668,4,0,4,2.8330564989846136,2.8330564989846136,127.1389173968066,60.0,2460.0,0.0,0.0,0.0,31.84011709992774,0.0,0.0,127.1389173968066,2460.0,46.96928543462958,714.8919064243327,,,,False,False,not_attempted,0,0,0,0,5,5,1.0,151.46927437124285,1917.0,False,,,False,2,0
aco,static_frozen,41,2460.0,41.0,8,recovering,recovering,2 14 53 69,1687,1.572327044025157,0.636,0.44,33.59334134719233,18.683333333333334,4,1,3,3.105788556128997,3.105788556128997,130.2447059529356,60.0,2520.0,0.0,0.0,0.0,31.84011709992774,0.0,0.0,130.2447059529356,2520.0,42.05381649257873,649.1864074557141,,,,False,False,not_attempted,0,0,0,0,7,5,0.7142857142857143,149.07370904936377,1917.0,False,,,False,2,0
aco,static_frozen,42,2520.0,42.0,8,recovering,recovering,2 14 53 69,1687,1.5105740181268883,0.6619999999999999,0.48,33.71750563187888,18.7,3,0,3,0.829658851893156,0.829658851893156,131.07436480482875,60.0,2580.0,0.0,0.0,0.0,31.84011709992774,0.0,0.0,131.07436480482875,2580.0,37.609723093495504,516.632153098064,,,,False,False,not_attempted,0,0,0,0,24,0,0.0,148.98037571603044,1917.0,False,,,False,1,0
aco,static_frozen,43,2580.0,43.0,8,recovering,recovering,2 14 53 69,1687,1.4534883720930234,0.688,0.52,33.833104615867185,18.716666666666665,3,1,2,0.11059428929720859,0.11059428929720859,131.18495909412596,60.0,2640.0,0.0,0.0,0.0,31.84011709992774,0.0,0.0,131.18495909412596,2640.0,35.39060953641054,482.28795992301974,,,,False,False,not_attempted,0,0,0,0,1,0,0.0,148.96524737843694,1968.0,False,,,False,1,0
aco,static_frozen,44,2640.0,44.0,8,recovering,recovering,2 14 53 69,1687,1.400560224089636,0.714,0.56,33.94099504645174,18.733333333333334,2,0,2,0.09333333333333332,0.09333333333333332,131.2782924274593,60.0,2700.0,0.0,0.0,0.0,31.84011709992774,0.0,0.0,131.2782924274593,2700.0,33.79672897954242,475.8444403104872,,,,False,False,not_attempted,0,0,0,0,0,0,0.0,148.96524737843694,1968.0,False,,,False,1,0
aco,static_frozen,45,2700.0,45.0,9,recovering,recovering,2 14 53 69,1687,1.3513513513513513,0.74,0.6,34.04192309575753,18.75,2,1,1,0.21578535432663018,0.21578535432663018,131.49407778178593,60.0,2760.0,0.0,0.0,0.0,31.84011709992774,0.0,0.0,131.49407778178593,2760.0,32.38848266271713,321.0639656684028,,,,False,False,not_attempted,0,0,0,0,9,0,0.0,148.96524737843694,1968.0,False,,,False,1,0
aco,static_frozen,46,2760.0,46.0,9,recovering,recovering,2 14 53 69,1687,1.3054830287206267,0.766,0.64,34.13654164221812,18.766666666666666,1,0,1,0.09333333333333332,0.09333333333333332,131.58741111511927,60.0,2820.0,0.0,0.0,0.0,31.84011709992774,0.0,0.0,131.58741111511927,2820.0,30.687810871112315,319.7529490289071,,,,False,False,not_attempted,0,0,0,0,0,0,0.0,148.96524737843694,1968.0,False,,,False,0,0
aco,static_frozen,47,2820.0,47.0,9,recovering,recovering,2 14 53 69,1687,1.2626262626262625,0.792,0.68,34.2254244092423,18.783333333333335,1,1,0,27.356864210437767,27.356864210437767,158.94427532555702,339.42681774875086,3159.4268177487506,0.0,0.0,0.0,31.84011709992774,0.0,0.0,158.94427532555702,3159.4268177487506,29.421976866647043,318.52800923947905,,,,False,False,not_attempted,0,0,0,0,324,97,0.2993827160493827,141.54563660314608,1968.0,True,,,False,0,0
pso,adaptive,0,0.0,0.0,0,normal,initial,2 14 53 69,0,1.0,1.0,0.0,34.78037077224997,18.0,84,0,84,17.41716950529079,17.41716950529079,17.41716950529079,60.0,60.0,9.01954150001984,12.315022700000554,21.334564200020395,21.334564200020395,0.0,0.0,17.41716950529079,60.0,151.37406968292143,2569.719418511708,,,,False,False,initial_plan,0,0,0,0,96,0,0.0,177.86965881732976,0.0,False,,,True,10,10
pso,adaptive,1,60.0,1.0,0,normal,normal,2 14 53 69,0,1.0,1.0,0.0,34.78037077224997,18.016666666666666,84,0,84,2.9117287974767976,2.9117287974767976,20.328898302767588,60.0,120.0,0.0,0.0,0.0,21.334564200020395,0.0,0.0,20.328898302767588,120.0,133.1191070568551,2507.5518550268002,,,,False,False,not_attempted,0,0,0,0,47,0,0.0,177.4588955213837,0.0,False,,,False,10,10
pso,adaptive,2,120.0,2.0,0,normal,normal,2 14 53 69,0,1.0,1.0,0.0,34.78037077224997,18.033333333333335,84,5,79,4.945953376604522,0.9891906753209044,25.27485167937211,60.0,180.0,0.0,0.0,0.0,21.334564200020395,0.0,0.0,25.27485167937211,180.0,129.7508783653988,2355.035662758609,,,,False,False,not_attempted,0,0,0,0,48,0,0.0,176.84027550943307,239.0,False,,,False,9,5
pso,adaptive,3,180.0,3.0,0,normal,normal,2 14 53 69,0,1.0,1.0,0.0,34.78037077224997,18.05,79,3,76,5.2858708059973845,1.7619569353324616,30.560722485369492,60.0,240.0,0.0,0.0,0.0,21.334564200020395,0.0,0.0,30.560722485369492,240.0,125.54196401841551,2355.035662758609,,,,False,False,not_attempted,0,0,0,0,84,0,0.0,176.08417388140913,239.0,False,,,False,9,2
pso,adaptive,4,240.0,4.0,0,normal,normal,2 14 53 69,0,1.0,1.0,0.0,34.78037077224997,18.066666666666666,76,0,76,4.768439058186637,4.768439058186637,35.329161543556125,60.0,300.0,0.0,0.0,0.0,21.334564200020395,0.0,0.0,35.329161543556125,300.0,119.70961591445298,2307.5810249028364,,,,False,False,not_attempted,0,0,0,0,69,0,0.0,174.23595111138894,239.0,False,,,False,9,2
pso,adaptive,5,300.0,5.0,1,normal,normal,2 14 53 69,0,1.0,1.0,0.0,34.78037077224997,18.083333333333332,76,2,74,2.335379566890029,1.1676897834450144,37.66454111044615,60.0,360.0,10.942356299958192,808.3481796999695,819.2905359999277,840.6251001999481,0.0,0.0,37.66454111044615,360.0,109.77338979096476,2698.550200996692,115.25900310952544,109.77338979096476,5.485613318560681,True,True,lower_residual_energy,5,37,5,37,79,0,0.0,174.1426177780556,324.0,False,,,True,9,2
pso,adaptive,6,360.0,6.0,1,normal,normal,2 14 53 69,0,1.0,1.0,0.0,34.78037077224997,18.1,74,4,70,3.101740268185227,0.7754350670463067,40.766281378631376,60.0,420.0,0.0,0.0,0.0,840.6251001999481,0.0,0.0,40.766281378631376,420.0,107.33923289675523,2639.5028954880127,,,,False,False,not_attempted,0,0,0,0,41,0,0.0,173.80269504982573,430.0,False,,,False,9,1
pso,adaptive,7,420.0,7.0,1,normal,normal,2 14 53 69,0,1.0,1.0,0.0,34.78037077224997,18.116666666666667,70,1,69,5.0773071523580215,5.0773071523580215,45.8435885309894,60.0,480.0,0.0,0.0,0.0,840.6251001999481,0.0,0.0,45.8435885309894,480.0,104.10869149420049,2480.9555026133576,,,,False,False,not_attempted,0,0,0,0,37,0,0.0,171.7427549458747,430.0,False,,,False,9,1
pso,adaptive,8,480.0,8.0,1,normal,normal,2 14 53 69,0,1.0,1.0,0.0,34.78037077224997,18.133333333333333,69,3,66,4.568801367389507,1.5229337891298356,50.412389898378905,60.0,540.0,0.0,0.0,0.0,840.6251001999481,0.0,0.0,50.412389898378905,540.0,99.38973287812432,2480.9555026133576,,,,False,False,not_attempted,0,0,0,0,44,0,0.0,170.12900684926333,574.0,False,,,False,9,1
pso,adaptive,9,540.0,9.0,1,normal,normal,2 14 53 69,0,1.0,1.0,0.0,34.78037077224997,18.15,66,2,64,2.8987751236060793,1.4493875618030396,53.31116502198498,60.0,600.0,0.0,0.0,0.0,840.6251001999481,0.0,0.0,53.31116502198498,600.0,94.4431869676926,2360.9555026133576,,,,False,False,not_attempted,0,0,0,0,17,0,0.0,169.55281890713212,647.0,False,,,False,9,1
pso,adaptive,10,600.0,10.0,2,degrading,degrading,2 14 53 69,0,1.0,1.0,0.0,34.78037077224997,18.166666666666668,64,4,60,2.461197722411713,0.6152994306029282,55.772362744396695,60.0,660.0,6.849993951618671e-05,427.59322829998564,427.59329679992516,1268.2183969998732,0.0,0.0,55.772362744396695,660.0,88.94705862945925,2527.242251851788,91.85049389647273,88.94705862945925,2.903435267013478,True,True,lower_residual_energy,4,17,4,17,28,0,0.0,169.4594855737988,659.0,False,,,True,9,0
pso,adaptive,11,660.0,11.0,2,degrading,degrading,2 14 53 69,1687,1.06951871657754,0.935,0.0,34.631729320613424,18.183333333333334,60,4,56,5.478585679234014,1.3696464198085034,61.25094842363071,60.0,720.0,0.0,0.0,0.0,1268.2183969998732,0.0,0.0,61.25094842363071,720.0,90.79310375400992,2507.648575056462,,,,False,False,not_attempted,0,0,0,0,95,2,0.021052631578947368,169.0036065577671,725.0,False,,,False,9,0
pso,adaptive,12,720.0,12.0,2,degrading,degrading,2 14 53 69,1687,1.1494252873563218,0.87,0.0,34.46243886002531,18.2,56,1,55,3.4553382045388723,3.4553382045388723,64.70628662816958,60.0,780.0,0.0,0.0,0.0,1268.2183969998732,0.0,0.0,64.70628662816958,780.0,89.75087965251956,2447.3851883014527,,,,False,False,not_attempted,0,0,0,0,45,2,0.044444444444444446,168.70238617422373,743.0,False,,,False,8,0
pso,adaptive,13,780.0,13.0,2,degrading,degrading,2 14 53 69,1687,1.2422360248447206,0.8049999999999999,0.0,34.26787542813574,18.216666666666665,55,3,52,3.5747995823554617,1.191599860785154,68.28108621052505,60.0,840.0,0.0,0.0,0.0,1268.2183969998732,0.0,0.0,68.28108621052505,840.0,92.16380677251605,2386.195917425497,,,,False,False,not_attempted,0,0,0,0,60,8,0.13333333333333333,167.33987522043492,940.0,False,,,False,8,0
pso,adaptive,14,840.0,14.0,2,degrading,degrading,2 14 53 69,1687,1.3513513513513513,0.74,0.0,34.04192309575753,18.233333333333334,52,0,52,1.318812127727623,1.318812127727623,69.59989833825267,60.0,900.0,0.0,0.0,0.0,1268.2183969998732,0.0,0.0,69.59989833825267,900.0,95.32559322167317,2247.1730166477173,,,,False,False,not_attempted,0,0,0,0,14,4,0.2857142857142857,167.24654188710159,940.0,False,,,False,7,0
pso,adaptive,15,900.0,15.0,3,degrading,degrading,2 14 53 69,1687,1.4814814814814814,0.675,0.0,33.77631942075436,18.25,52,3,49,1.7403725056161672,0.5801241685387224,71.34027084386884,60.0,960.0,9.703217700007372,299.7609977000393,309.46421540004667,1577.68261239992,0.0,0.0,71.34027084386884,960.0,101.62865826902194,2250.8924194101387,101.62865826902194,103.62945099148018,-2.000792722458243,True,False,incumbent_not_worse,3,7,0,0,22,5,0.22727272727272727,167.1539143351959,940.0,False,,,True,7,0
pso,adaptive,16,960.0,16.0,3,degrading,degrading,2 14 53 69,1687,1.639344262295082,0.61,0.0,33.459623168665104,18.266666666666666,49,4,45,4.073348996552343,1.0183372491380858,75.41361984042118,60.0,1020.0,0.0,0.0,0.0,1577.68261239992,0.0,0.0,75.41361984042118,1020.0,108.72619835581341,2108.828036112987,,,,False,False,not_attempted,0,0,0,0,50,13,0.26,167.1539143351959,968.0,False,,,False,7,0
pso,adaptive,17,1020.0,17.0,3,degrading,degrading,2 14 53 69,1687,1.8348623853211008,0.545,0.0,33.07552291825965,18.283333333333335,45,3,42,2.4192612397267728,0.8064204132422575,77.83288108014796,60.0,1080.0,0.0,0.0,0.0,1577.68261239992,0.0,0.0,77.83288108014796,1080.0,114.52650358198153,2114.4163702379064,,,,False,False,not_attempted,0,0,0,0,18,6,0.3333333333333333,166.4268215728855,968.0,False,,,False,7,0
pso,adaptive,18,1080.0,18.0,3,degrading,degrading,2 14 53 69,1687,2.0833333333333335,0.48,0.0,32.59993709044963,18.3,42,3,39,4.096917747873712,1.3656392492912373,81.92979882802167,60.0,1140.0,0.0,0.0,0.0,1577.68261239992,0.0,0.0,81.92979882802167,1140.0,124.81175691358062,2116.674696760268,,,,False,False,not_attempted,0,0,0,0,56,8,0.14285714285714285,165.6915115392261,1075.0,False,,,False,6,0
pso,adaptive,19,1140.0,19.0,3,degrading,degrading,2 14 53 69,1687,2.409638554216868,0.4149999999999999,0.0,31.995761682130254,18.316666666666666,39,2,37,6.049390342475013,3.0246951712375063,87.97918917049668,60.0,1200.0,0.0,0.0,0.0,1577.68261239992,0.0,0.0,87.97918917049668,1200.0,136.83529493080087,2065.603708711595,,,,False,False,not_attempted,0,0,0,0,27,9,0.3333333333333333,163.815990441977,1138.0,False,,,False,6,0
pso,adaptive,20,1200.0,20.0,4,disrupted,holding,2 14 53 69,1687,2.857142857142857,0.35,0.0,31.20269165852424,18.333333333333332,37,1,36,4.190853885281515,4.190853885281515,92.1700430557782,60.0,1260.0,9.787715999991633,345.4958210999612,355.2835370999528,1932.9661494998727,0.0,0.0,92.1700430557782,1260.0,151.60047713902895,1934.453376131325,151.60047713902895,151.88657185696354,-0.2860947179345885,True,False,incumbent_not_worse,5,8,0,0,12,4,0.3333333333333333,163.363840824246,1138.0,False,,,True,6,0
pso,adaptive,21,1260.0,21.0,4,disrupted,disrupted,2 14 53 69,1687,2.857142857142857,0.35,0.0,31.20269165852424,18.35,36,2,34,3.7916489502990527,1.8958244751495263,95.96169200607724,60.0,1320.0,0.0,0.0,0.0,1932.9661494998727,0.0,0.0,95.96169200607724,1320.0,147.30602217285497,1934.453376131325,,,,False,False,not_attempted,0,0,0,0,55,2,0.03636363636363636,162.97226487597536,1214.0,False,,,False,6,0
pso,adaptive,22,1320.0,22.0,4,disrupted,disrupted,2 14 53 69,1687,2.857142857142857,0.35,0.0,31.20269165852424,18.366666666666667,34,2,32,2.981009150080796,1.490504575040398,98.94270115615804,60.0,1380.0,0.0,0.0,0.0,1932.9661494998727,0.0,0.0,98.94270115615804,1380.0,143.84189564256806,1897.9673253569158,,,,False,False,not_attempted,0,0,0,0,43,4,0.09302325581395349,162.38017045011793,1308.0,False,,,False,6,0
pso,adaptive,23,1380.0,23.0,4,disrupted,disrupted,2 14 53 69,1687,2.857142857142857,0.35,0.0,31.20269165852424,18.383333333333333,32,3,29,4.657700097033227,1.5525666990110756,103.60040125319127,60.0,1440.0,0.0,0.0,0.0,1932.9661494998727,0.0,0.0,103.60040125319127,1440.0,140.5863482705882,1837.3237622827965,,,,False,False,not_attempted,0,0,0,0,11,7,0.6363636363636364,162.19455894051106,1429.0,False,,,False,6,0
pso,adaptive,24,1440.0,24.0,4,disrupted,disrupted,2 14 53 69,1687,2.857142857142857,0.35,0.0,31.20269165852424,18.4,29,0,29,7.841061276015051,7.841061276015051,111.44146252920632,60.0,1500.0,0.0,0.0,0.0,1932.9661494998727,0.0,0.0,111.44146252920632,1500.0,135.53002994559625,1717.3237622827965,,,,False,False,not_attempted,0,0,0,0,45,7,0.15555555555555556,159.8317825156168,1429.0,False,,,False,6,0
pso,adaptive,25,1500.0,25.0,5,disrupted,disrupted,2 14 53 69,1687,2.857142857142857,0.35,0.0,31.20269165852424,18.416666666666668,29,2,27,3.2788101751327017,1.6394050875663508,114.72027270433902,60.0,1560.0,5.9299985878169537e-05,58.851960100000724,58.8520193999866,1991.8181688998593,0.0,0.0,114.72027270433902,1560.0,126.83874280817155,1680.432703442938,127.91014817201814,126.83874280817155,1.0714053638465941,True,True,lower_residual_energy,1,3,1,3,17,3,0.17647058823529413,157.54331872396406,1429.0,False,,,True,6,0
pso,adaptive,26,1560.0,26.0,5,disrupted,disrupted,2 14 53 69,1687,2.857142857142857,0.35,0.0,31.20269165852424,18.433333333333334,27,3,24,3.081468614976095,1.0271562049920318,117.80174131931511,60.0,1620.0,0.0,0.0,0.0,1991.8181688998593,0.0,0.0,117.80174131931511,1620.0,123.4058930922637,1547.0776943594242,,,,False,False,not_attempted,0,0,0,0,12,3,0.25,155.365436287646,1522.0,False,,,False,6,0
pso,adaptive,27,1620.0,27.0,5,disrupted,disrupted,2 14 53 69,1687,2.857142857142857,0.35,0.0,31.20269165852424,18.45,24,2,22,8.932174342694935,4.466087171347468,126.73391566201005,60.0,1680.0,0.0,0.0,0.0,1991.8181688998593,0.0,0.0,126.73391566201005,1680.0,118.76081942588482,1547.0776943594242,,,,False,False,not_attempted,0,0,0,0,22,6,0.2727272727272727,149.43455559451056,1522.0,False,,,False,6,0
pso,adaptive,28,1680.0,28.0,5,disrupted,disrupted,2 14 53 69,1687,2.857142857142857,0.35,0.0,31.20269165852424,18.466666666666665,22,1,21,2.5789033278918514,2.5789033278918514,129.3128189899019,60.0,1740.0,0.0,0.0,0.0,1991.8181688998593,0.0,0.0,129.3128189899019,1740.0,111.79921526872586,1402.9865682705154,,,,False,False,not_attempted,0,0,0,0,23,1,0.043478260869565216,149.34122226117722,1522.0,False,,,False,5,0
pso,adaptive,29,1740.0,29.0,5,disrupted,disrupted,2 14 53 69,1687,2.857142857142857,0.35,0.0,31.20269165852424,18.483333333333334,21,3,18,6.7651000961981795,2.255033365399393,136.07791908610008,60.0,1800.0,0.0,0.0,0.0,1991.8181688998593,0.0,0.0,136.07791908610008,1800.0,109.37021275355517,1402.9865682705154,,,,False,False,not_attempted,0,0,0,0,20,9,0.45,146.7072548410131,1522.0,False,,,False,5,0
pso,adaptive,30,1800.0,30.0,6,recovering,recovering,2 14 53 69,1687,2.857142857142857,0.35,0.0,31.20269165852424,18.5,18,1,17,3.558674487860219,3.558674487860219,139.6365935739603,60.0,1860.0,6.310001481324434e-05,23.0846105000237,23.084673600038514,2014.9028424998978,0.0,0.0,139.6365935739603,1860.0,101.71813948715777,1378.707719807625,101.71813948715777,102.49777308999576,-0.7796336028379898,True,False,incumbent_not_worse,0,1,0,0,9,2,0.2222222222222222,144.7150156959857,1522.0,False,,,True,5,0
pso,adaptive,31,1860.0,31.0,6,recovering,recovering,2 14 53 69,1687,2.6595744680851063,0.376,0.04,31.547922904274717,18.516666666666666,17,1,16,2.8725037979523163,2.8725037979523163,142.50909737191262,60.0,1920.0,0.0,0.0,0.0,2014.9028424998978,0.0,0.0,142.50909737191262,1920.0,93.00185537304992,1241.1492530356686,,,,False,False,not_attempted,0,0,0,0,32,0,0.0,144.086988124355,1522.0,False,,,False,5,0
pso,adaptive,32,1920.0,32.0,6,recovering,recovering,2 14 53 69,1687,2.4875621890547266,0.40199999999999997,0.08,31.854778906250925,18.533333333333335,16,2,14,3.9746013377054217,1.9873006688527108,146.48369870961804,60.0,1980.0,0.0,0.0,0.0,2014.9028424998978,0.0,0.0,146.48369870961804,1980.0,85.762914053413,1238.6991999719417,,,,False,False,not_attempted,0,0,0,0,32,2,0.0625,143.99365479102167,1617.0,False,,,False,5,0
pso,adaptive,33,1980.0,33.0,6,recovering,recovering,2 14 53 69,1687,2.336448598130841,0.428,0.12,32.1293213401735,18.55,14,1,13,9.340555394495066,9.340555394495066,155.8242541041131,60.0,2040.0,0.0,0.0,0.0,2014.9028424998978,0.0,0.0,155.8242541041131,2040.0,76.9311319109033,1084.345595236088,,,,False,False,not_attempted,0,0,0,0,25,13,0.52,138.36281676396683,1617.0,False,,,False,5,0
pso,adaptive,34,2040.0,34.0,6,recovering,recovering,2 14 53 69,1687,2.2026431718061676,0.45399999999999996,0.16,32.37639908536983,18.566666666666666,13,2,11,4.605252924791342,2.302626462395671,160.42950702890442,60.0,2100.0,0.0,0.0,0.0,2014.9028424998978,0.0,0.0,160.42950702890442,2100.0,64.08126574720124,1082.4131897878515,,,,False,False,not_attempted,0,0,0,0,11,6,0.5454545454545454,135.13701173638833,1617.0,False,,,False,3,0
pso,adaptive,35,2100.0,35.0,7,recovering,recovering,2 14 53 69,1687,2.0833333333333335,0.48,0.2,32.59993709044963,18.583333333333332,11,2,9,0.7300101532830853,0.36500507664154264,161.1595171821875,60.0,2160.0,9.84477889991831,1.2413362000370398,11.08611509995535,2025.9889575998532,0.0,0.0,161.1595171821875,2160.0,57.33280141102159,1069.1769831173024,57.33280141102159,57.33280141102159,0.0,True,False,incumbent_not_worse,0,0,0,0,8,0,0.0,134.96234469871106,1678.0,False,,,True,3,0
pso,adaptive,36,2160.0,36.0,7,recovering,recovering,2 14 53 69,1687,1.976284584980237,0.506,0.24,32.803146430184874,18.6,9,1,8,0.7041394647067407,0.7041394647067407,161.86365664689424,60.0,2220.0,0.0,0.0,0.0,2025.9889575998532,0.0,0.0,161.86365664689424,2220.0,54.11472985706618,919.3559680716346,,,,False,False,not_attempted,0,0,0,0,2,0,0.0,134.86901136537773,1678.0,False,,,False,2,0
pso,adaptive,37,2220.0,37.0,7,recovering,recovering,2 14 53 69,1687,1.8796992481203008,0.532,0.28,32.98867954681469,18.616666666666667,8,2,6,0.5386416611312661,0.26932083056563305,162.4022983080255,60.0,2280.0,0.0,0.0,0.0,2025.9889575998532,0.0,0.0,162.4022983080255,2280.0,51.30548188321988,916.5953486181152,,,,False,False,not_attempted,0,0,0,0,4,0,0.0,134.86701653602222,1678.0,False,,,False,2,0
pso,adaptive,38,2280.0,38.0,7,recovering,recovering,2 14 53 69,1687,1.7921146953405016,0.558,0.32,33.15874666871985,18.633333333333333,6,0,6,0.18666666666666665,0.18666666666666665,162.58896497469217,60.0,2340.0,0.0,0.0,0.0,2025.9889575998532,0.0,0.0,162.58896497469217,2340.0,48.5745841646044,781.8988535551191,,,,False,False,not_attempted,0,0,0,0,0,0,0.0,134.86701653602222,1678.0,False,,,False,2,0
pso,adaptive,39,2340.0,39.0,7,recovering,recovering,2 14 53 69,1687,1.7123287671232879,0.584,0.36,33.31520428011182,18.65,6,2,4,0.7336447301499144,0.3668223650749572,163.32260970484208,60.0,2400.0,0.0,0.0,0.0,2025.9889575998532,0.0,0.0,163.32260970484208,2400.0,46.71435822695899,779.6183978181065,,,,False,False,not_attempted,0,0,0,0,11,0,0.0,134.86701653602222,1716.0,False,,,False,2,0
pso,adaptive,40,2400.0,40.0,8,recovering,recovering,2 14 53 69,1687,1.639344262295082,0.61,0.4,33.459623168665104,18.666666666666668,4,0,4,0.31782890884802795,0.31782890884802795,163.6404386136901,60.0,2460.0,9.792251200065948,0.16578889999073,9.958040100056678,2035.9469976999098,0.0,0.0,163.6404386136901,2460.0,44.18145054034178,755.8534701938911,44.18145054034178,44.18145054034178,0.0,True,False,incumbent_not_worse,0,0,0,0,3,0,0.0,134.86701653602222,1716.0,False,,,True,1,0
pso,adaptive,41,2460.0,41.0,8,recovering,recovering,2 14 53 69,1687,1.572327044025157,0.636,0.44,33.59334134719233,18.683333333333334,4,1,3,0.14228690701540497,0.14228690701540497,163.7827255207055,60.0,2520.0,0.0,0.0,0.0,2035.9469976999098,0.0,0.0,163.7827255207055,2520.0,42.32709824608311,628.5158857580818,,,,False,False,not_attempted,0,0,0,0,0,0,0.0,134.86701653602222,1840.0,False,,,False,1,0
pso,adaptive,42,2520.0,42.0,8,recovering,recovering,2 14 53 69,1687,1.5105740181268883,0.6619999999999999,0.48,33.71750563187888,18.7,3,1,2,0.171225574141596,0.171225574141596,163.9539510948471,60.0,2580.0,0.0,0.0,0.0,2035.9469976999098,0.0,0.0,163.9539510948471,2580.0,40.86968211037897,626.7508496754756,,,,False,False,not_attempted,0,0,0,0,3,0,0.0,134.86701653602222,1840.0,False,,,False,1,0
pso,adaptive,43,2580.0,43.0,8,recovering,recovering,2 14 53 69,1687,1.4534883720930234,0.688,0.52,33.833104615867185,18.716666666666665,2,0,2,0.09333333333333332,0.09333333333333332,164.04728442818043,60.0,2640.0,0.0,0.0,0.0,2035.9469976999098,0.0,0.0,164.04728442818043,2640.0,39.09751906632969,501.1294261554041,,,,False,False,not_attempted,0,0,0,0,0,0,0.0,134.86701653602222,1840.0,False,,,False,1,0
pso,adaptive,44,2640.0,44.0,8,recovering,recovering,2 14 53 69,1687,1.400560224089636,0.714,0.56,33.94099504645174,18.733333333333334,2,1,1,0.27296083470588095,0.27296083470588095,164.32024526288632,60.0,2700.0,0.0,0.0,0.0,2035.9469976999098,0.0,0.0,164.32024526288632,2700.0,37.67553923533206,499.6166243185291,,,,False,False,not_attempted,0,0,0,0,10,0,0.0,134.86701653602222,1885.0,False,,,False,1,0
pso,adaptive,45,2700.0,45.0,9,recovering,recovering,2 14 53 69,1687,1.3513513513513513,0.74,0.6,34.04192309575753,18.75,1,0,1,0.6777864040002842,0.6777864040002842,164.9980316668866,60.0,2760.0,9.717645999975502,0.16504549991805106,9.882691499893554,2045.8296891998034,0.0,0.0,164.9980316668866,2760.0,36.123636445104786,498.2101274755966,36.123636445104786,36.123636445104786,0.0,True,False,incumbent_not_worse,0,0,0,0,12,0,0.0,134.86701653602222,1885.0,False,,,True,1,0
pso,adaptive,46,2760.0,46.0,9,recovering,recovering,2 14 53 69,1687,1.3054830287206267,0.766,0.64,34.13654164221812,18.766666666666666,1,0,1,0.09333333333333332,0.09333333333333332,165.09136500021992,60.0,2820.0,0.0,0.0,0.0,2045.8296891998034,0.0,0.0,165.09136500021992,2820.0,34.06827667123564,496.89911083610093,,,,False,False,not_attempted,0,0,0,0,0,0,0.0,134.86701653602222,1885.0,False,,,False,0,0
pso,adaptive,47,2820.0,47.0,9,recovering,recovering,2 14 53 69,1687,1.2626262626262625,0.792,0.68,34.2254244092423,18.783333333333335,1,1,0,30.604658264659033,30.604658264659033,195.69602326487896,524.3089061411687,3344.308906141169,0.0,0.0,0.0,2045.8296891998034,0.0,0.0,195.69602326487896,3344.308906141169,32.92460677021633,495.6741710466729,,,,False,False,not_attempted,0,0,0,0,502,82,0.16334661354581673,133.02418012754706,1984.0,True,,,False,0,0
pso,static_live,0,0.0,0.0,0,normal,initial,2 14 53 69,0,1.0,1.0,0.0,34.78037077224997,18.0,84,0,84,17.41716950529079,17.41716950529079,17.41716950529079,60.0,60.0,9.01954150001984,12.315022700000554,21.334564200020395,21.334564200020395,0.0,0.0,17.41716950529079,60.0,151.37406968292143,2569.719418511708,,,,False,False,initial_plan,0,0,0,0,96,0,0.0,177.86965881732976,0.0,False,,,True,10,10
pso,static_live,1,60.0,1.0,0,normal,normal,2 14 53 69,0,1.0,1.0,0.0,34.78037077224997,18.016666666666666,84,0,84,2.9117287974767976,2.9117287974767976,20.328898302767588,60.0,120.0,0.0,0.0,0.0,21.334564200020395,0.0,0.0,20.328898302767588,120.0,133.1191070568551,2507.5518550268002,,,,False,False,not_attempted,0,0,0,0,47,0,0.0,177.4588955213837,0.0,False,,,False,10,10
pso,static_live,2,120.0,2.0,0,normal,normal,2 14 53 69,0,1.0,1.0,0.0,34.78037077224997,18.033333333333335,84,5,79,4.945953376604522,0.9891906753209044,25.27485167937211,60.0,180.0,0.0,0.0,0.0,21.334564200020395,0.0,0.0,25.27485167937211,180.0,129.7508783653988,2355.035662758609,,,,False,False,not_attempted,0,0,0,0,48,0,0.0,176.84027550943307,239.0,False,,,False,9,5
pso,static_live,3,180.0,3.0,0,normal,normal,2 14 53 69,0,1.0,1.0,0.0,34.78037077224997,18.05,79,3,76,5.2858708059973845,1.7619569353324616,30.560722485369492,60.0,240.0,0.0,0.0,0.0,21.334564200020395,0.0,0.0,30.560722485369492,240.0,125.54196401841551,2355.035662758609,,,,False,False,not_attempted,0,0,0,0,84,0,0.0,176.08417388140913,239.0,False,,,False,9,2
pso,static_live,4,240.0,4.0,0,normal,normal,2 14 53 69,0,1.0,1.0,0.0,34.78037077224997,18.066666666666666,76,0,76,4.768439058186637,4.768439058186637,35.329161543556125,60.0,300.0,0.0,0.0,0.0,21.334564200020395,0.0,0.0,35.329161543556125,300.0,119.70961591445298,2307.5810249028364,,,,False,False,not_attempted,0,0,0,0,69,0,0.0,174.23595111138894,239.0,False,,,False,9,2
pso,static_live,5,300.0,5.0,1,normal,normal,2 14 53 69,0,1.0,1.0,0.0,34.78037077224997,18.083333333333332,76,2,74,2.033059245297843,1.0165296226489215,37.36222078885397,60.0,360.0,0.0,0.0,0.0,21.334564200020395,0.0,0.0,37.36222078885397,360.0,115.25900310952544,2179.6312187929043,,,,False,False,not_attempted,0,0,0,0,67,0,0.0,174.1426177780556,324.0,False,,,False,9,2
pso,static_live,6,360.0,6.0,1,normal,normal,2 14 53 69,0,1.0,1.0,0.0,34.78037077224997,18.1,74,4,70,2.8956701116039376,0.7239175279009844,40.25789090045791,60.0,420.0,0.0,0.0,0.0,21.334564200020395,0.0,0.0,40.25789090045791,420.0,113.42229091822706,2179.6312187929043,,,,False,False,not_attempted,0,0,0,0,34,0,0.0,173.80269504982573,430.0,False,,,False,9,1
pso,static_live,7,420.0,7.0,1,normal,normal,2 14 53 69,0,1.0,1.0,0.0,34.78037077224997,18.116666666666667,70,2,68,4.8735631587271255,2.4367815793635628,45.13145405918503,60.0,480.0,0.0,0.0,0.0,21.334564200020395,0.0,0.0,45.13145405918503,480.0,110.51467952032222,2149.403453117163,,,,False,False,not_attempted,0,0,0,0,51,0,0.0,171.7315048732715,430.0,False,,,False,9,0
pso,static_live,8,480.0,8.0,1,normal,normal,2 14 53 69,0,1.0,1.0,0.0,34.78037077224997,18.133333333333333,68,2,66,3.744268046077959,1.8721340230389796,48.875722105262994,60.0,540.0,0.0,0.0,0.0,21.334564200020395,0.0,0.0,48.875722105262994,540.0,105.54802741137986,2029.403453117163,,,,False,False,not_attempted,0,0,0,0,78,0,0.0,171.63817153993816,451.0,False,,,False,8,0
pso,static_live,9,540.0,9.0,1,normal,normal,2 14 53 69,0,1.0,1.0,0.0,34.78037077224997,18.15,66,4,62,2.7954245755306446,0.6988561438826612,51.67114668079364,60.0,600.0,0.0,0.0,0.0,21.334564200020395,0.0,0.0,51.67114668079364,600.0,101.79424707515842,2029.403453117163,,,,False,False,not_attempted,0,0,0,0,21,0,0.0,171.54640459197284,647.0,False,,,False,8,0
pso,static_live,10,600.0,10.0,2,degrading,degrading,2 14 53 69,0,1.0,1.0,0.0,34.78037077224997,18.166666666666668,62,3,59,3.8765201157009246,1.2921733719003081,55.54766679649457,60.0,660.0,0.0,0.0,0.0,21.334564200020395,0.0,0.0,55.54766679649457,660.0,99.26036237241371,1901.7228863742832,,,,False,False,not_attempted,0,0,0,0,34,0,0.0,169.9139712245009,659.0,False,,,False,8,0
pso,static_live,11,660.0,11.0,2,degrading,degrading,2 14 53 69,1687,1.06951871657754,0.935,0.0,34.631729320613424,18.183333333333334,59,2,57,3.7768810442449796,1.8884405221224898,59.32454784073955,60.0,720.0,0.0,0.0,0.0,21.334564200020395,0.0,0.0,59.32454784073955,720.0,99.85993781982442,1922.3221111378298,,,,False,False,not_attempted,0,0,0,0,48,0,0.0,168.57396062756465,659.0,False,,,False,8,0
pso,static_live,12,720.0,12.0,2,degrading,degrading,2 14 53 69,1687,1.1494252873563218,0.87,0.0,34.46243886002531,18.2,57,2,55,1.3732022282893093,0.6866011141446546,60.69775006902886,60.0,780.0,0.0,0.0,0.0,21.334564200020395,0.0,0.0,60.69775006902886,780.0,101.63993316291293,1789.3451388326623,,,,False,False,not_attempted,0,0,0,0,23,0,0.0,168.36247255001456,751.0,False,,,False,8,0
pso,static_live,13,780.0,13.0,2,degrading,degrading,2 14 53 69,1687,1.2422360248447206,0.8049999999999999,0.0,34.26787542813574,18.216666666666665,55,4,51,2.5327620520901686,0.6331905130225421,63.23051212111903,60.0,840.0,0.0,0.0,0.0,21.334564200020395,0.0,0.0,63.23051212111903,840.0,107.04610439255327,1854.5441911335686,,,,False,False,not_attempted,0,0,0,0,30,0,0.0,168.26913921668122,751.0,False,,,False,8,0
pso,static_live,14,840.0,14.0,2,degrading,degrading,2 14 53 69,1687,1.3513513513513513,0.74,0.0,34.04192309575753,18.233333333333334,51,2,49,1.0170609053996504,0.5085304526998252,64.24757302651868,60.0,900.0,0.0,0.0,0.0,21.334564200020395,0.0,0.0,64.24757302651868,900.0,112.29961108548697,1914.1291716636133,,,,False,False,not_attempted,0,0,0,0,18,0,0.0,168.1532899592327,832.0,False,,,False,8,0
pso,static_live,15,900.0,15.0,3,degrading,degrading,2 14 53 69,1687,1.4814814814814814,0.675,0.0,33.77631942075436,18.25,49,2,47,2.257823323154374,1.128911661577187,66.50539634967305,60.0,960.0,0.0,0.0,0.0,21.334564200020395,0.0,0.0,66.50539634967305,960.0,120.48844050609166,1767.465727578007,,,,False,False,not_attempted,0,0,0,0,57,1,0.017543859649122806,168.05995662589936,853.0,False,,,False,8,0
pso,static_live,16,960.0,16.0,3,degrading,degrading,2 14 53 69,1687,1.639344262295082,0.61,0.0,33.459623168665104,18.266666666666666,47,3,44,4.350909147919122,1.450303049306374,70.85630549759217,60.0,1020.0,0.0,0.0,0.0,21.334564200020395,0.0,0.0,70.85630549759217,1020.0,129.24724857144034,1803.0854474817775,,,,False,False,not_attempted,0,0,0,0,68,5,0.07352941176470588,167.68069826789986,968.0,False,,,False,8,0
pso,static_live,17,1020.0,17.0,3,degrading,degrading,2 14 53 69,1687,1.8348623853211008,0.545,0.0,33.07552291825965,18.283333333333335,44,2,42,5.283292968892452,2.641646484446226,76.13959846648463,60.0,1080.0,0.0,0.0,0.0,21.334564200020395,0.0,0.0,76.13959846648463,1080.0,137.94100010887541,1790.900357282177,,,,False,False,not_attempted,0,0,0,0,47,7,0.14893617021276595,166.5343355462216,1048.0,False,,,False,8,0
pso,static_live,18,1080.0,18.0,3,degrading,degrading,2 14 53 69,1687,2.0833333333333335,0.48,0.0,32.59993709044963,18.3,42,3,39,4.786078051335144,1.595359350445048,80.92567651781977,60.0,1140.0,0.0,0.0,0.0,21.334564200020395,0.0,0.0,80.92567651781977,1140.0,148.8005760677938,1829.2062349504758,,,,False,False,not_attempted,0,0,0,0,54,2,0.037037037037037035,166.18717092947844,1048.0,False,,,False,8,0
pso,static_live,19,1140.0,19.0,3,degrading,degrading,2 14 53 69,1687,2.409638554216868,0.4149999999999999,0.0,31.995761682130254,18.316666666666666,39,0,39,2.266846021304507,2.266846021304507,83.19252253912427,60.0,1200.0,0.0,0.0,0.0,21.334564200020395,0.0,0.0,83.19252253912427,1200.0,163.835231684178,1620.8779849429461,,,,False,False,not_attempted,0,0,0,0,47,0,0.0,166.14134481511314,1048.0,False,,,False,8,0
pso,static_live,20,1200.0,20.0,4,disrupted,holding,2 14 53 69,1687,2.857142857142857,0.35,0.0,31.20269165852424,18.333333333333332,39,2,37,6.504921512516512,3.252460756258256,89.69744405164079,60.0,1260.0,0.0,0.0,0.0,21.334564200020395,0.0,0.0,89.69744405164079,1260.0,188.20793276746338,1710.6624231742048,,,,False,False,not_attempted,0,0,0,0,26,9,0.34615384615384615,164.32340551673173,1136.0,False,,,False,8,0
pso,static_live,21,1260.0,21.0,4,disrupted,disrupted,2 14 53 69,1687,2.857142857142857,0.35,0.0,31.20269165852424,18.35,37,2,35,4.675701352822488,2.337850676411244,94.37314540446327,60.0,1320.0,0.0,0.0,0.0,21.334564200020395,0.0,0.0,94.37314540446327,1320.0,181.2230139969272,1652.2662094766326,,,,False,False,not_attempted,0,0,0,0,42,5,0.11904761904761904,162.38611736943204,1269.0,False,,,False,8,0
pso,static_live,22,1320.0,22.0,4,disrupted,disrupted,2 14 53 69,1687,2.857142857142857,0.35,0.0,31.20269165852424,18.366666666666667,35,1,34,1.6333584263378675,1.6333584263378675,96.00650383080114,60.0,1380.0,0.0,0.0,0.0,21.334564200020395,0.0,0.0,96.00650383080114,1380.0,176.98353551704315,1498.464320572708,,,,False,False,not_attempted,0,0,0,0,30,0,0.0,162.2927840360987,1269.0,False,,,False,8,0
pso,static_live,23,1380.0,23.0,4,disrupted,disrupted,2 14 53 69,1687,2.857142857142857,0.35,0.0,31.20269165852424,18.383333333333333,34,4,30,5.432770503113151,1.3581926257782877,101.43927433391428,60.0,1440.0,0.0,0.0,0.0,21.334564200020395,0.0,0.0,101.43927433391428,1440.0,174.93381643211237,1498.464320572708,,,,False,False,not_attempted,0,0,0,0,24,7,0.2916666666666667,161.42149426236554,1308.0,False,,,False,8,0
pso,static_live,24,1440.0,24.0,4,disrupted,disrupted,2 14 53 69,1687,2.857142857142857,0.35,0.0,31.20269165852424,18.4,30,2,28,7.41314374440888,3.70657187220444,108.85241807832317,60.0,1500.0,0.0,0.0,0.0,21.334564200020395,0.0,0.0,108.85241807832317,1500.0,168.83017525123134,1458.6664445562421,,,,False,False,not_attempted,0,0,0,0,45,6,0.13333333333333333,159.51773750362963,1362.0,False,,,False,8,0
pso,static_live,25,1500.0,25.0,5,disrupted,disrupted,2 14 53 69,1687,2.857142857142857,0.35,0.0,31.20269165852424,18.416666666666668,28,2,26,3.9841728384666495,1.9920864192333247,112.83659091678982,60.0,1560.0,0.0,0.0,0.0,21.334564200020395,0.0,0.0,112.83659091678982,1560.0,161.81776283187236,1387.3198453788054,,,,False,False,not_attempted,0,0,0,0,20,2,0.1,157.46663236715884,1362.0,False,,,False,8,0
pso,static_live,26,1560.0,26.0,5,disrupted,disrupted,2 14 53 69,1687,2.857142857142857,0.35,0.0,31.20269165852424,18.433333333333334,26,4,22,1.9529752788564942,0.48824381971412356,114.78956619564632,60.0,1620.0,0.0,0.0,0.0,21.334564200020395,0.0,0.0,114.78956619564632,1620.0,158.50739787739198,1352.2657085332826,,,,False,False,not_attempted,0,0,0,0,18,1,0.05555555555555555,157.16370588603507,1577.0,False,,,False,8,0
pso,static_live,27,1620.0,27.0,5,disrupted,disrupted,2 14 53 69,1687,2.857142857142857,0.35,0.0,31.20269165852424,18.45,22,1,21,3.732195433566694,3.732195433566694,118.521761629213,60.0,1680.0,0.0,0.0,0.0,21.334564200020395,0.0,0.0,118.521761629213,1680.0,155.37267596796622,1232.2657085332826,,,,False,False,not_attempted,0,0,0,0,58,1,0.017241379310344827,157.07037255270174,1577.0,False,,,False,8,0
pso,static_live,28,1680.0,28.0,5,disrupted,disrupted,2 14 53 69,1687,2.857142857142857,0.35,0.0,31.20269165852424,18.466666666666665,21,4,17,8.19493838028681,2.0487345950717026,126.71670000949982,60.0,1740.0,0.0,0.0,0.0,21.334564200020395,0.0,0.0,126.71670000949982,1740.0,152.54540462602316,1232.2657085332826,,,,False,False,not_attempted,0,0,0,0,33,5,0.15151515151515152,154.6099271537382,1577.0,False,,,False,7,0
pso,static_live,29,1740.0,29.0,5,disrupted,disrupted,2 14 53 69,1687,2.857142857142857,0.35,0.0,31.20269165852424,18.483333333333334,17,3,14,11.045885941427652,3.6819619804758843,137.76258595092747,60.0,1800.0,0.0,0.0,0.0,21.334564200020395,0.0,0.0,137.76258595092747,1800.0,144.5094615490686,1175.974289596158,,,,False,False,not_attempted,0,0,0,0,49,13,0.2653061224489796,152.69653435691143,1716.0,False,,,False,7,0
pso,static_live,30,1800.0,30.0,6,recovering,recovering,2 14 53 69,1687,2.857142857142857,0.35,0.0,31.20269165852424,18.5,14,0,14,5.137700688637178,5.137700688637178,142.90028663956465,60.0,1860.0,0.0,0.0,0.0,21.334564200020395,0.0,0.0,142.90028663956465,1860.0,131.74817673895686,1103.9751881432003,,,,False,False,not_attempted,0,0,0,0,15,3,0.2,150.79650238525227,1716.0,False,,,False,5,0
pso,static_live,31,1860.0,31.0,6,recovering,recovering,2 14 53 69,1687,2.6595744680851063,0.376,0.04,31.547922904274717,18.516666666666666,14,2,12,7.043192473437219,3.5215962367186093,149.94347911300187,60.0,1920.0,0.0,0.0,0.0,21.334564200020395,0.0,0.0,149.94347911300187,1920.0,119.43201441521747,1004.3994740972324,,,,False,False,not_attempted,0,0,0,0,6,6,1.0,144.26104212763778,1716.0,False,,,False,5,0
pso,static_live,32,1920.0,32.0,6,recovering,recovering,2 14 53 69,1687,2.4875621890547266,0.40199999999999997,0.08,31.854778906250925,18.533333333333335,12,4,8,3.322072891291754,0.8305182228229385,153.26555200429362,60.0,1980.0,0.0,0.0,0.0,21.334564200020395,0.0,0.0,153.26555200429362,1980.0,106.28829590030242,920.977901357408,,,,False,False,not_attempted,0,0,0,0,14,3,0.21428571428571427,144.16770879430445,1842.0,False,,,False,5,0
pso,static_live,33,1980.0,33.0,6,recovering,recovering,2 14 53 69,1687,2.336448598130841,0.428,0.12,32.1293213401735,18.55,8,1,7,5.8775672154496945,5.8775672154496945,159.1431192197433,60.0,2040.0,0.0,0.0,0.0,21.334564200020395,0.0,0.0,159.1431192197433,2040.0,96.02521769001666,809.5379648451076,,,,False,False,not_attempted,0,0,0,0,9,9,1.0,142.61675103283952,1842.0,False,,,False,4,0
pso,static_live,34,2040.0,34.0,6,recovering,recovering,2 14 53 69,1687,2.2026431718061676,0.45399999999999996,0.16,32.37639908536983,18.566666666666666,7,2,5,5.421201808347929,2.7106009041739645,164.56432102809123,60.0,2100.0,0.0,0.0,0.0,21.334564200020395,0.0,0.0,164.56432102809123,2100.0,85.4354869976964,759.0060509990687,,,,False,False,not_attempted,0,0,0,0,19,8,0.42105263157894735,140.42169967995775,1991.0,False,,,False,3,0
pso,static_live,35,2100.0,35.0,7,recovering,recovering,2 14 53 69,1687,2.0833333333333335,0.48,0.2,32.59993709044963,18.583333333333332,5,1,4,4.260937141043787,4.260937141043787,168.82525816913503,60.0,2160.0,0.0,0.0,0.0,21.334564200020395,0.0,0.0,168.82525816913503,2160.0,75.85223401757536,840.1405510763019,,,,False,False,not_attempted,0,0,0,0,15,0,0.0,140.11380789996014,1991.0,False,,,False,3,0
pso,static_live,36,2160.0,36.0,7,recovering,recovering,2 14 53 69,1687,1.976284584980237,0.506,0.24,32.803146430184874,18.6,4,0,4,1.3105323875796522,1.3105323875796522,170.13579055671468,60.0,2220.0,0.0,0.0,0.0,21.334564200020395,0.0,0.0,170.13579055671468,2220.0,68.35519936750777,624.7200195506325,,,,False,False,not_attempted,0,0,0,0,14,3,0.21428571428571427,140.0204745666268,1991.0,False,,,False,2,0
pso,static_live,37,2220.0,37.0,7,recovering,recovering,2 14 53 69,1687,1.8796992481203008,0.532,0.28,32.98867954681469,18.616666666666667,4,1,3,3.533226586801271,3.533226586801271,173.66901714351596,60.0,2280.0,0.0,0.0,0.0,21.334564200020395,0.0,0.0,173.66901714351596,2280.0,63.104698699680156,611.5843379220307,,,,False,False,not_attempted,0,0,0,0,17,9,0.5294117647058824,140.01501984030963,1991.0,False,,,False,2,0
pso,static_live,38,2280.0,38.0,7,recovering,recovering,2 14 53 69,1687,1.7921146953405016,0.558,0.32,33.15874666871985,18.633333333333333,3,0,3,1.2230741558477676,1.2230741558477676,174.89209129936373,60.0,2340.0,0.0,0.0,0.0,21.334564200020395,0.0,0.0,174.89209129936373,2340.0,56.40664642300125,454.5058020852438,,,,False,False,not_attempted,0,0,0,0,18,2,0.1111111111111111,140.01501984030963,1991.0,False,,,False,1,0
pso,static_live,39,2340.0,39.0,7,recovering,recovering,2 14 53 69,1687,1.7123287671232879,0.584,0.36,33.31520428011182,18.65,3,1,2,0.1695199875230176,0.1695199875230176,175.06161128688674,60.0,2400.0,0.0,0.0,0.0,21.334564200020395,0.0,0.0,175.06161128688674,2400.0,52.195808744302006,445.87925703456307,,,,False,False,not_attempted,0,0,0,0,0,0,0.0,140.01501984030963,1996.0,False,,,False,1,0
pso,static_live,40,2400.0,40.0,8,recovering,recovering,2 14 53 69,1687,1.639344262295082,0.61,0.4,33.459623168665104,18.666666666666668,2,1,1,0.5176296893666671,0.5176296893666671,175.5792409762534,60.0,2460.0,0.0,0.0,0.0,21.334564200020395,0.0,0.0,175.5792409762534,2460.0,49.50645847702234,437.98808959476,,,,False,False,not_attempted,0,0,0,0,4,4,1.0,140.01501984030963,1996.0,False,,,False,1,0
pso,static_live,41,2460.0,41.0,8,recovering,recovering,2 14 53 69,1687,1.572327044025157,0.636,0.44,33.59334134719233,18.683333333333334,1,0,1,1.7152468185821703,1.7152468185821703,177.29448779483556,60.0,2520.0,0.0,0.0,0.0,21.334564200020395,0.0,0.0,177.29448779483556,2520.0,46.37746546948414,430.74211194563276,,,,False,False,not_attempted,0,0,0,0,4,4,1.0,140.01501984030963,1996.0,False,,,False,1,0
pso,static_live,42,2520.0,42.0,8,recovering,recovering,2 14 53 69,1687,1.5105740181268883,0.6619999999999999,0.48,33.71750563187888,18.7,1,0,1,0.09333333333333332,0.09333333333333332,177.3878211281689,60.0,2580.0,0.0,0.0,0.0,21.334564200020395,0.0,0.0,177.3878211281689,2580.0,42.650615538859775,424.0653047462858,,,,False,False,not_attempted,0,0,0,0,0,0,0.0,140.01501984030963,1996.0,False,,,False,0,0
pso,static_live,43,2580.0,43.0,8,recovering,recovering,2 14 53 69,1687,1.4534883720930234,0.688,0.52,33.833104615867185,18.716666666666665,1,1,0,36.91343782688419,36.91343782688419,214.30125895505307,431.6287567398008,3011.628756739801,0.0,0.0,0.0,21.334564200020395,0.0,0.0,214.30125895505307,3011.628756739801,40.684070458504074,417.89313995154066,,,,False,False,not_attempted,0,0,0,0,399,111,0.2781954887218045,133.50089128069962,1996.0,True,,,False,0,0
pso,static_frozen,0,0.0,0.0,0,normal,initial,2 14 53 69,0,1.0,1.0,0.0,34.78037077224997,18.0,84,0,84,17.41716950529079,17.41716950529079,17.41716950529079,60.0,60.0,9.01954150001984,12.315022700000554,21.334564200020395,21.334564200020395,0.0,0.0,17.41716950529079,60.0,151.37406968292143,2569.719418511708,,,,False,False,initial_plan,0,0,0,0,96,0,0.0,177.86965881732976,0.0,False,,,True,10,10
pso,static_frozen,1,60.0,1.0,0,normal,normal,2 14 53 69,0,1.0,1.0,0.0,34.78037077224997,18.016666666666666,84,0,84,2.9117287974767976,2.9117287974767976,20.328898302767588,60.0,120.0,0.0,0.0,0.0,21.334564200020395,0.0,0.0,20.328898302767588,120.0,133.1191070568551,2507.5518550268002,,,,False,False,not_attempted,0,0,0,0,47,0,0.0,177.4588955213837,0.0,False,,,False,10,10
pso,static_frozen,2,120.0,2.0,0,normal,normal,2 14 53 69,0,1.0,1.0,0.0,34.78037077224997,18.033333333333335,84,5,79,4.945953376604522,0.9891906753209044,25.27485167937211,60.0,180.0,0.0,0.0,0.0,21.334564200020395,0.0,0.0,25.27485167937211,180.0,129.7508783653988,2355.035662758609,,,,False,False,not_attempted,0,0,0,0,48,0,0.0,176.84027550943307,239.0,False,,,False,9,5
pso,static_frozen,3,180.0,3.0,0,normal,normal,2 14 53 69,0,1.0,1.0,0.0,34.78037077224997,18.05,79,3,76,5.2858708059973845,1.7619569353324616,30.560722485369492,60.0,240.0,0.0,0.0,0.0,21.334564200020395,0.0,0.0,30.560722485369492,240.0,125.54196401841551,2355.035662758609,,,,False,False,not_attempted,0,0,0,0,84,0,0.0,176.08417388140913,239.0,False,,,False,9,2
pso,static_frozen,4,240.0,4.0,0,normal,normal,2 14 53 69,0,1.0,1.0,0.0,34.78037077224997,18.066666666666666,76,0,76,4.768439454899793,4.768439454899793,35.32916194026929,60.0,300.0,0.0,0.0,0.0,21.334564200020395,0.0,0.0,35.32916194026929,300.0,119.70961591445298,2307.5810249028364,,,,False,False,not_attempted,0,0,0,0,69,0,0.0,174.23595111138894,239.0,False,,,False,9,2
pso,static_frozen,5,300.0,5.0,1,normal,normal,2 14 53 69,0,1.0,1.0,0.0,34.78037077224997,18.083333333333332,76,2,74,2.0331806617991015,1.0165903308995508,37.36234260206839,60.0,360.0,0.0,0.0,0.0,21.334564200020395,0.0,0.0,37.36234260206839,360.0,115.25900310952544,2179.6312187929043,,,,False,False,not_attempted,0,0,0,0,67,0,0.0,174.1426177780556,324.0,False,,,False,9,2
pso,static_frozen,6,360.0,6.0,1,normal,normal,2 14 53 69,0,1.0,1.0,0.0,34.78037077224997,18.1,74,4,70,2.8956701116039376,0.7239175279009844,40.25801271367233,60.0,420.0,0.0,0.0,0.0,21.334564200020395,0.0,0.0,40.25801271367233,420.0,113.42229091822706,2179.6312187929043,,,,False,False,not_attempted,0,0,0,0,34,0,0.0,173.80269504982573,430.0,False,,,False,9,1
pso,static_frozen,7,420.0,7.0,1,normal,normal,2 14 53 69,0,1.0,1.0,0.0,34.78037077224997,18.116666666666667,70,2,68,4.874305214044376,2.437152607022188,45.132317927716706,60.0,480.0,0.0,0.0,0.0,21.334564200020395,0.0,0.0,45.132317927716706,480.0,110.51467952032222,2149.403453117163,,,,False,False,not_attempted,0,0,0,0,51,0,0.0,171.7315048732715,430.0,False,,,False,9,0
pso,static_frozen,8,480.0,8.0,1,normal,normal,2 14 53 69,0,1.0,1.0,0.0,34.78037077224997,18.133333333333333,68,2,66,3.7435141569850514,1.8717570784925257,48.875832084701756,60.0,540.0,0.0,0.0,0.0,21.334564200020395,0.0,0.0,48.875832084701756,540.0,105.54802741137986,2029.403453117163,,,,False,False,not_attempted,0,0,0,0,78,0,0.0,171.63817153993816,451.0,False,,,False,8,0
pso,static_frozen,9,540.0,9.0,1,normal,normal,2 14 53 69,0,1.0,1.0,0.0,34.78037077224997,18.15,66,4,62,2.7954364093063027,0.6988591023265757,51.67126849400806,60.0,600.0,0.0,0.0,0.0,21.334564200020395,0.0,0.0,51.67126849400806,600.0,101.79424707515842,2029.403453117163,,,,False,False,not_attempted,0,0,0,0,21,0,0.0,171.54640459197284,647.0,False,,,False,8,0
pso,static_frozen,10,600.0,10.0,2,degrading,degrading,2 14 53 69,0,1.0,1.0,0.0,34.78037077224997,18.166666666666668,62,3,59,3.8765201157009246,1.2921733719003081,55.54778860970899,60.0,660.0,0.0,0.0,0.0,21.334564200020395,0.0,0.0,55.54778860970899,660.0,99.26036237241371,1901.7228863742832,,,,False,False,not_attempted,0,0,0,0,34,0,0.0,169.9139712245009,659.0,False,,,False,8,0
pso,static_frozen,11,660.0,11.0,2,degrading,degrading,2 14 53 69,1687,1.06951871657754,0.935,0.0,34.631729320613424,18.183333333333334,59,2,57,3.7768810442449796,1.8884405221224898,59.32466965395397,60.0,720.0,0.0,0.0,0.0,21.334564200020395,0.0,0.0,59.32466965395397,720.0,99.85993781982442,1922.3221111378298,,,,False,False,not_attempted,0,0,0,0,48,0,0.0,168.57396062756465,659.0,False,,,False,8,0
pso,static_frozen,12,720.0,12.0,2,degrading,degrading,2 14 53 69,1687,1.1494252873563218,0.87,0.0,34.46243886002531,18.2,57,2,55,1.3732022282893093,0.6866011141446546,60.69787188224328,60.0,780.0,0.0,0.0,0.0,21.334564200020395,0.0,0.0,60.69787188224328,780.0,101.63993316291293,1789.3451388326623,,,,False,False,not_attempted,0,0,0,0,23,0,0.0,168.36247255001456,751.0,False,,,False,8,0
pso,static_frozen,13,780.0,13.0,2,degrading,degrading,2 14 53 69,1687,1.2422360248447206,0.8049999999999999,0.0,34.26787542813574,18.216666666666665,55,4,51,2.5327620520901686,0.6331905130225421,63.23063393433345,60.0,840.0,0.0,0.0,0.0,21.334564200020395,0.0,0.0,63.23063393433345,840.0,107.04610439255327,1854.5441911335686,,,,False,False,not_attempted,0,0,0,0,30,0,0.0,168.26913921668122,751.0,False,,,False,8,0
pso,static_frozen,14,840.0,14.0,2,degrading,degrading,2 14 53 69,1687,1.3513513513513513,0.74,0.0,34.04192309575753,18.233333333333334,51,2,49,1.0170609053996504,0.5085304526998252,64.2476948397331,60.0,900.0,0.0,0.0,0.0,21.334564200020395,0.0,0.0,64.2476948397331,900.0,112.29961108548697,1914.1291716636133,,,,False,False,not_attempted,0,0,0,0,18,0,0.0,168.1532899592327,832.0,False,,,False,8,0
pso,static_frozen,15,900.0,15.0,3,degrading,degrading,2 14 53 69,1687,1.4814814814814814,0.675,0.0,33.77631942075436,18.25,49,2,47,2.2581902075300886,1.1290951037650443,66.50588504726319,60.0,960.0,0.0,0.0,0.0,21.334564200020395,0.0,0.0,66.50588504726319,960.0,120.48844050609166,1767.465727578007,,,,False,False,not_attempted,0,0,0,0,57,1,0.017543859649122806,168.05995662589936,853.0,False,,,False,8,0
pso,static_frozen,16,960.0,16.0,3,degrading,degrading,2 14 53 69,1687,1.639344262295082,0.61,0.0,33.459623168665104,18.266666666666666,47,3,44,4.5897674400012605,1.52992248000042,71.09565248726446,60.0,1020.0,0.0,0.0,0.0,21.334564200020395,0.0,0.0,71.09565248726446,1020.0,129.24724857144034,1803.0854474817775,,,,False,False,not_attempted,0,0,0,0,70,9,0.12857142857142856,167.68069826789986,968.0,False,,,False,8,0
pso,static_frozen,17,1020.0,17.0,3,degrading,degrading,2 14 53 69,1687,1.8348623853211008,0.545,0.0,33.07552291825965,18.283333333333335,44,2,42,5.828675858864333,2.9143379294321665,76.92432834612879,60.0,1080.0,0.0,0.0,0.0,21.334564200020395,0.0,0.0,76.92432834612879,1080.0,138.09130929757072,1779.1271129903362,,,,False,False,not_attempted,0,0,0,0,45,10,0.2222222222222222,166.5343355462216,1048.0,False,,,False,8,0
pso,static_frozen,18,1080.0,18.0,3,degrading,degrading,2 14 53 69,1687,2.0833333333333335,0.48,0.0,32.59993709044963,18.3,42,3,39,4.266677262505656,1.422225754168552,81.19100560863444,60.0,1140.0,0.0,0.0,0.0,21.334564200020395,0.0,0.0,81.19100560863444,1140.0,148.33472121228237,1826.7055986809678,,,,False,False,not_attempted,0,0,0,0,52,0,0.0,166.18717092947844,1048.0,False,,,False,8,0
pso,static_frozen,19,1140.0,19.0,3,degrading,degrading,2 14 53 69,1687,2.409638554216868,0.4149999999999999,0.0,31.995761682130254,18.316666666666666,39,0,39,2.2662942335603224,2.2662942335603224,83.45729984219476,60.0,1200.0,0.0,0.0,0.0,21.334564200020395,0.0,0.0,83.45729984219476,1200.0,163.835231684178,1620.8779849429461,,,,False,False,not_attempted,0,0,0,0,47,0,0.0,166.14134481511314,1048.0,False,,,False,8,0
pso,static_frozen,20,1200.0,20.0,4,disrupted,holding,2 14 53 69,1687,2.857142857142857,0.35,0.0,31.20269165852424,18.333333333333332,39,2,37,6.8631899100979314,3.4315949550489657,90.32048975229269,60.0,1260.0,0.0,0.0,0.0,21.334564200020395,0.0,0.0,90.32048975229269,1260.0,188.20793276746338,1710.6624231742048,,,,False,False,not_attempted,0,0,0,0,27,10,0.37037037037037035,164.32340551673173,1136.0,False,,,False,8,0
pso,static_frozen,21,1260.0,21.0,4,disrupted,disrupted,2 14 53 69,1687,2.857142857142857,0.35,0.0,31.20269165852424,18.35,37,2,35,4.317432955241068,2.158716477620534,94.63792270753376,60.0,1320.0,0.0,0.0,0.0,21.334564200020395,0.0,0.0,94.63792270753376,1320.0,180.83104576999435,1652.2662094766326,,,,False,False,not_attempted,0,0,0,0,41,4,0.0975609756097561,162.38611736943204,1269.0,False,,,False,8,0
pso,static_frozen,22,1320.0,22.0,4,disrupted,disrupted,2 14 53 69,1687,2.857142857142857,0.35,0.0,31.20269165852424,18.366666666666667,35,1,34,1.638011020068686,1.638011020068686,96.27593372760245,60.0,1380.0,0.0,0.0,0.0,21.334564200020395,0.0,0.0,96.27593372760245,1380.0,176.98353551704315,1498.464320572708,,,,False,False,not_attempted,0,0,0,0,30,0,0.0,162.2927840360987,1269.0,False,,,False,8,0
pso,static_frozen,23,1380.0,23.0,4,disrupted,disrupted,2 14 53 69,1687,2.857142857142857,0.35,0.0,31.20269165852424,18.383333333333333,34,4,30,5.6765630516811125,1.4191407629202781,101.95249677928356,60.0,1440.0,0.0,0.0,0.0,21.334564200020395,0.0,0.0,101.95249677928356,1440.0,174.93381643211237,1498.464320572708,,,,False,False,not_attempted,0,0,0,0,25,7,0.28,161.42149426236554,1308.0,False,,,False,8,0
pso,static_frozen,24,1440.0,24.0,4,disrupted,disrupted,2 14 53 69,1687,2.857142857142857,0.35,0.0,31.20269165852424,18.4,30,2,28,7.189407122477452,3.594703561238726,109.14190390176101,60.0,1500.0,0.0,0.0,0.0,21.334564200020395,0.0,0.0,109.14190390176101,1500.0,168.81407864821279,1458.6664445562421,,,,False,False,not_attempted,0,0,0,0,44,6,0.13636363636363635,159.51773750362963,1362.0,False,,,False,8,0
pso,static_frozen,25,1500.0,25.0,5,disrupted,disrupted,2 14 53 69,1687,2.857142857142857,0.35,0.0,31.20269165852424,18.416666666666668,28,2,26,3.964116911830116,1.982058455915058,113.10602081359113,60.0,1560.0,0.0,0.0,0.0,21.334564200020395,0.0,0.0,113.10602081359113,1560.0,161.81776283187236,1387.3198453788054,,,,False,False,not_attempted,0,0,0,0,20,2,0.1,157.46663236715884,1362.0,False,,,False,8,0
pso,static_frozen,26,1560.0,26.0,5,disrupted,disrupted,2 14 53 69,1687,2.857142857142857,0.35,0.0,31.20269165852424,18.433333333333334,26,4,22,1.9529752788564942,0.48824381971412356,115.05899609244763,60.0,1620.0,0.0,0.0,0.0,21.334564200020395,0.0,0.0,115.05899609244763,1620.0,158.50739787739198,1352.2657085332826,,,,False,False,not_attempted,0,0,0,0,18,1,0.05555555555555555,157.16370588603507,1577.0,False,,,False,8,0
pso,static_frozen,27,1620.0,27.0,5,disrupted,disrupted,2 14 53 69,1687,2.857142857142857,0.35,0.0,31.20269165852424,18.45,22,1,21,3.732195433566694,3.732195433566694,118.79119152601432,60.0,1680.0,0.0,0.0,0.0,21.334564200020395,0.0,0.0,118.79119152601432,1680.0,155.37267596796622,1232.2657085332826,,,,False,False,not_attempted,0,0,0,0,58,1,0.017241379310344827,157.07037255270174,1577.0,False,,,False,8,0
pso,static_frozen,28,1680.0,28.0,5,disrupted,disrupted,2 14 53 69,1687,2.857142857142857,0.35,0.0,31.20269165852424,18.466666666666665,21,4,17,8.658365560623876,2.164591390155969,127.4495570866382,60.0,1740.0,0.0,0.0,0.0,21.334564200020395,0.0,0.0,127.4495570866382,1740.0,152.54540462602316,1232.2657085332826,,,,False,False,not_attempted,0,0,0,0,37,5,0.13513513513513514,154.6099271537382,1577.0,False,,,False,7,0
pso,static_frozen,29,1740.0,29.0,5,disrupted,disrupted,2 14 53 69,1687,2.857142857142857,0.35,0.0,31.20269165852424,18.483333333333334,17,3,14,10.572618016860133,3.5242060056200444,138.02217510349834,60.0,1800.0,0.0,0.0,0.0,21.334564200020395,0.0,0.0,138.02217510349834,1800.0,143.83904346789174,1175.974289596158,,,,False,False,not_attempted,0,0,0,0,46,13,0.2826086956521739,152.69653435691143,1716.0,False,,,False,7,0
pso,static_frozen,30,1800.0,30.0,6,recovering,recovering,2 14 53 69,1687,2.857142857142857,0.35,0.0,31.20269165852424,18.5,14,0,14,5.142888839136813,5.142888839136813,143.16506394263516,60.0,1860.0,0.0,0.0,0.0,21.334564200020395,0.0,0.0,143.16506394263516,1860.0,131.56151007229022,1103.9751881432003,,,,False,False,not_attempted,0,0,0,0,14,3,0.21428571428571427,150.79650238525227,1716.0,False,,,False,5,0
pso,static_frozen,31,1860.0,31.0,6,recovering,recovering,2 14 53 69,1687,2.6595744680851063,0.376,0.04,31.547922904274717,18.516666666666666,14,3,11,7.094598180927979,2.364866060309326,150.25966212356315,60.0,1920.0,0.0,0.0,0.0,21.334564200020395,0.0,0.0,150.25966212356315,1920.0,119.43201441521747,1004.3994740972324,,,,False,False,not_attempted,0,0,0,0,7,6,0.8571428571428571,144.26104212763778,1716.0,False,,,False,5,0
pso,static_frozen,32,1920.0,32.0,6,recovering,recovering,2 14 53 69,1687,2.4875621890547266,0.40199999999999997,0.08,31.854778906250925,18.533333333333335,11,3,8,3.2705453705865786,1.0901817901955262,153.53020749414972,60.0,1980.0,0.0,0.0,0.0,21.334564200020395,0.0,0.0,153.53020749414972,1980.0,106.08342940058985,901.5598568398044,,,,False,False,not_attempted,0,0,0,0,13,3,0.23076923076923078,144.16770879430445,1842.0,False,,,False,5,0
pso,static_frozen,33,1980.0,33.0,6,recovering,recovering,2 14 53 69,1687,2.336448598130841,0.428,0.12,32.1293213401735,18.55,8,1,7,5.8775672154496945,5.8775672154496945,159.4077747095994,60.0,2040.0,0.0,0.0,0.0,21.334564200020395,0.0,0.0,159.4077747095994,2040.0,96.02521769001666,809.5379648451076,,,,False,False,not_attempted,0,0,0,0,9,9,1.0,142.61675103283952,1842.0,False,,,False,4,0
pso,static_frozen,34,2040.0,34.0,6,recovering,recovering,2 14 53 69,1687,2.2026431718061676,0.45399999999999996,0.16,32.37639908536983,18.566666666666666,7,2,5,5.413672665342329,2.7068363326711644,164.82144737494173,60.0,2100.0,0.0,0.0,0.0,21.334564200020395,0.0,0.0,164.82144737494173,2100.0,85.4354869976964,759.0060509990687,,,,False,False,not_attempted,0,0,0,0,14,8,0.5714285714285714,140.42169967995775,1991.0,False,,,False,3,0
pso,static_frozen,35,2100.0,35.0,7,recovering,recovering,2 14 53 69,1687,2.0833333333333335,0.48,0.2,32.59993709044963,18.583333333333332,5,1,4,3.238206743848843,3.238206743848843,168.05965411879058,60.0,2160.0,0.0,0.0,0.0,21.334564200020395,0.0,0.0,168.05965411879058,2160.0,76.04314873914066,853.3543022786127,,,,False,False,not_attempted,0,0,0,0,19,3,0.15789473684210525,140.11380789996014,1991.0,False,,,False,3,0
pso,static_frozen,36,2160.0,36.0,7,recovering,recovering,2 14 53 69,1687,1.976284584980237,0.506,0.24,32.803146430184874,18.6,4,0,4,3.6094650772552077,3.6094650772552077,171.66911919604578,60.0,2220.0,0.0,0.0,0.0,21.334564200020395,0.0,0.0,171.66911919604578,2220.0,70.15893821454024,627.5807870041065,,,,False,False,not_attempted,0,0,0,0,17,11,0.6470588235294118,140.0204745666268,1991.0,False,,,False,2,0
pso,static_frozen,37,2220.0,37.0,7,recovering,recovering,2 14 53 69,1687,1.8796992481203008,0.532,0.28,32.98867954681469,18.616666666666667,4,1,3,4.2388999529913844,4.2388999529913844,175.90801914903716,60.0,2280.0,0.0,0.0,0.0,21.334564200020395,0.0,0.0,175.90801914903716,2280.0,64.08394377343592,642.5027226369623,,,,False,False,not_attempted,0,0,0,0,22,13,0.5909090909090909,140.01501984030963,1991.0,False,,,False,2,0
pso,static_frozen,38,2280.0,38.0,7,recovering,recovering,2 14 53 69,1687,1.7921146953405016,0.558,0.32,33.15874666871985,18.633333333333333,3,0,3,1.851949733333135,1.851949733333135,177.7599688823703,60.0,2340.0,0.0,0.0,0.0,21.334564200020395,0.0,0.0,177.7599688823703,2340.0,57.16039105426057,578.3985005537029,,,,False,False,not_attempted,0,0,0,0,20,5,0.25,140.01501984030963,1991.0,False,,,False,2,0
pso,static_frozen,39,2340.0,39.0,7,recovering,recovering,2 14 53 69,1687,1.7123287671232879,0.584,0.36,33.31520428011182,18.65,3,0,3,0.18666666666666665,0.18666666666666665,177.94663554903696,60.0,2400.0,0.0,0.0,0.0,21.334564200020395,0.0,0.0,177.94663554903696,2400.0,52.195808744302006,445.87925703456307,,,,False,False,not_attempted,0,0,0,0,0,0,0.0,140.01501984030963,1991.0,False,,,False,1,0
pso,static_frozen,40,2400.0,40.0,8,recovering,recovering,2 14 53 69,1687,1.639344262295082,0.61,0.4,33.459623168665104,18.666666666666668,3,2,1,0.9530202847956434,0.4765101423978217,178.8996558338326,60.0,2460.0,0.0,0.0,0.0,21.334564200020395,0.0,0.0,178.8996558338326,2460.0,49.50645847702234,437.98808959476,,,,False,False,not_attempted,0,0,0,0,7,7,1.0,140.01501984030963,1996.0,False,,,False,1,0
pso,static_frozen,41,2460.0,41.0,8,recovering,recovering,2 14 53 69,1687,1.572327044025157,0.636,0.44,33.59334134719233,18.683333333333334,1,0,1,1.592205067360307,1.592205067360307,180.49186090119292,60.0,2520.0,0.0,0.0,0.0,21.334564200020395,0.0,0.0,180.49186090119292,2520.0,46.37746546948414,430.74211194563276,,,,False,False,not_attempted,0,0,0,0,4,4,1.0,140.01501984030963,1996.0,False,,,False,1,0
pso,static_frozen,42,2520.0,42.0,8,recovering,recovering,2 14 53 69,1687,1.5105740181268883,0.6619999999999999,0.48,33.71750563187888,18.7,1,0,1,0.09333333333333332,0.09333333333333332,180.58519423452626,60.0,2580.0,0.0,0.0,0.0,21.334564200020395,0.0,0.0,180.58519423452626,2580.0,42.650615538859775,424.0653047462858,,,,False,False,not_attempted,0,0,0,0,0,0,0.0,140.01501984030963,1996.0,False,,,False,0,0
pso,static_frozen,43,2580.0,43.0,8,recovering,recovering,2 14 53 69,1687,1.4534883720930234,0.688,0.52,33.833104615867185,18.716666666666665,1,1,0,36.864278950911185,36.864278950911185,217.44947318543745,390.3787680223881,2970.378768022388,0.0,0.0,0.0,21.334564200020395,0.0,0.0,217.44947318543745,2970.378768022388,40.684070458504074,417.89313995154066,,,,False,False,not_attempted,0,0,0,0,360,114,0.31666666666666665,133.50089128069962,1996.0,True,,,False,0,0
ga,adaptive,0,0.0,0.0,0,normal,initial,2 14 53 69,0,1.0,1.0,0.0,34.78037077224997,18.0,84,0,84,17.649882122789972,17.649882122789972,17.649882122789972,60.0,60.0,8.482715899939649,17.265034900046885,25.747750799986534,25.747750799986534,0.0,0.0,17.649882122789972,60.0,137.0202222079973,2575.791665618115,,,,False,False,initial_plan,0,0,0,0,110,0,0.0,177.61134889028398,0.0,False,,,True,10,10
ga,adaptive,1,60.0,1.0,0,normal,normal,2 14 53 69,0,1.0,1.0,0.0,34.78037077224997,18.016666666666666,84,0,84,3.860832221189131,3.860832221189131,21.510714343979103,60.0,120.0,0.0,0.0,0.0,25.747750799986534,0.0,0.0,21.510714343979103,120.0,118.33481725358962,2408.508397267874,,,,False,False,not_attempted,0,0,0,0,48,0,0.0,176.09020652430007,0.0,False,,,False,10,10
ga,adaptive,2,120.0,2.0,0,normal,normal,2 14 53 69,0,1.0,1.0,0.0,34.78037077224997,18.033333333333335,84,5,79,5.469586054369472,1.0939172108738944,26.980300398348575,60.0,180.0,0.0,0.0,0.0,25.747750799986534,0.0,0.0,26.980300398348575,180.0,114.32039977398952,2408.508397267874,,,,False,False,not_attempted,0,0,0,0,54,0,0.0,174.7596401655785,230.0,False,,,False,10,5
ga,adaptive,3,180.0,3.0,0,normal,normal,2 14 53 69,0,1.0,1.0,0.0,34.78037077224997,18.05,79,2,77,7.011609396691212,3.505804698345606,33.99190979503979,60.0,240.0,0.0,0.0,0.0,25.747750799986534,0.0,0.0,33.99190979503979,240.0,109.00105004153725,2395.4649197227227,,,,False,False,not_attempted,0,0,0,0,102,0,0.0,174.34235459366602,230.0,False,,,False,10,3
ga,adaptive,4,240.0,4.0,0,normal,normal,2 14 53 69,0,1.0,1.0,0.0,34.78037077224997,18.066666666666666,77,0,77,7.1547879192985535,7.1547879192985535,41.146697714338345,60.0,300.0,0.0,0.0,0.0,25.747750799986534,0.0,0.0,41.146697714338345,300.0,102.22978058226929,2222.1724931702206,,,,False,False,not_attempted,0,0,0,0,63,0,0.0,173.4394704160569,230.0,False,,,False,10,3
ga,adaptive,5,300.0,5.0,1,normal,normal,2 14 53 69,0,1.0,1.0,0.0,34.78037077224997,18.083333333333332,77,3,74,2.675963325709791,0.891987775236597,43.82266104004813,60.0,360.0,9.828357600024901,1186.3178566999268,1196.1462142999517,1221.8939650999382,0.0,0.0,43.82266104004813,360.0,95.1717140869908,2222.1724931702206,95.1717140869908,106.01582479873737,-10.844110711746566,True,False,incumbent_not_worse,6,37,0,0,34,0,0.0,173.10775928116314,402.0,False,,,True,10,2
ga,adaptive,6,360.0,6.0,1,normal,normal,2 14 53 69,0,1.0,1.0,0.0,34.78037077224997,18.1,74,2,72,2.766193936465484,1.383096968232742,46.588854976513616,60.0,420.0,0.0,0.0,0.0,1221.8939650999382,0.0,0.0,46.588854976513616,420.0,92.60410325990152,2214.6116397759683,,,,False,False,not_attempted,0,0,0,0,81,0,0.0,173.0144259478298,422.0,False,,,False,10,1
ga,adaptive,7,420.0,7.0,1,normal,normal,2 14 53 69,0,1.0,1.0,0.0,34.78037077224997,18.116666666666667,72,4,68,4.347192794898818,1.0867981987247044,50.93604777141243,60.0,480.0,0.0,0.0,0.0,1221.8939650999382,0.0,0.0,50.93604777141243,480.0,89.92368642949396,2148.2053198083527,,,,False,False,not_attempted,0,0,0,0,87,0,0.0,171.7315048732715,422.0,False,,,False,10,0
ga,adaptive,8,480.0,8.0,1,normal,normal,2 14 53 69,0,1.0,1.0,0.0,34.78037077224997,18.133333333333333,68,2,66,2.5250093236515756,1.2625046618257878,53.46105709506401,60.0,540.0,0.0,0.0,0.0,1221.8939650999382,0.0,0.0,53.46105709506401,540.0,85.28714308081315,2087.667082619376,,,,False,False,not_attempted,0,0,0,0,64,0,0.0,171.63817153993816,647.0,False,,,False,10,0
ga,adaptive,9,540.0,9.0,1,normal,normal,2 14 53 69,0,1.0,1.0,0.0,34.78037077224997,18.15,66,4,62,3.0619730013422446,0.7654932503355611,56.52303009640625,60.0,600.0,0.0,0.0,0.0,1221.8939650999382,0.0,0.0,56.52303009640625,600.0,82.77007440456873,1959.541901191854,,,,False,False,not_attempted,0,0,0,0,70,0,0.0,171.54640459197284,647.0,False,,,False,10,0
ga,adaptive,10,600.0,10.0,2,degrading,degrading,2 14 53 69,0,1.0,1.0,0.0,34.78037077224997,18.166666666666668,62,3,59,4.390709018242486,1.4635696727474954,60.913739114648735,60.0,660.0,6.539991591125727e-05,491.2613254999742,491.2613908998901,1713.1553559998283,0.0,0.0,60.913739114648735,660.0,80.09411359828835,1959.541901191854,80.09411359828835,98.66077012937346,-18.566656531085115,True,False,incumbent_not_worse,6,35,0,0,80,0,0.0,171.29011539682318,647.0,False,,,True,10,0
ga,adaptive,11,660.0,11.0,2,degrading,degrading,2 14 53 69,1687,1.06951871657754,0.935,0.0,34.631729320613424,18.183333333333334,59,1,58,2.5435564998420985,2.5435564998420985,63.45729561449083,60.0,720.0,0.0,0.0,0.0,1713.1553559998283,0.0,0.0,63.45729561449083,720.0,78.31822921722664,1904.3374768166987,,,,False,False,not_attempted,0,0,0,0,48,0,0.0,171.00102300959978,647.0,False,,,False,9,0
ga,adaptive,12,720.0,12.0,2,degrading,degrading,2 14 53 69,1687,1.1494252873563218,0.87,0.0,34.46243886002531,18.2,58,4,54,2.84146534966312,0.71036633741578,66.29876096415396,60.0,780.0,0.0,0.0,0.0,1713.1553559998283,0.0,0.0,66.29876096415396,780.0,80.01084264749967,1799.4502072847415,,,,False,False,not_attempted,0,0,0,0,29,17,0.5862068965517241,169.8415741960272,647.0,False,,,False,8,0
ga,adaptive,13,780.0,13.0,2,degrading,degrading,2 14 53 69,1687,1.2422360248447206,0.8049999999999999,0.0,34.26787542813574,18.216666666666665,54,2,52,3.024659994378413,1.5123299971892066,69.32342095853237,60.0,840.0,0.0,0.0,0.0,1713.1553559998283,0.0,0.0,69.32342095853237,840.0,81.69702133286255,1804.5954651334944,,,,False,False,not_attempted,0,0,0,0,40,1,0.025,168.3172243596321,822.0,False,,,False,8,0
ga,adaptive,14,840.0,14.0,2,degrading,degrading,2 14 53 69,1687,1.3513513513513513,0.74,0.0,34.04192309575753,18.233333333333334,52,3,49,2.1996106995827716,0.7332035665275906,71.52303165811514,60.0,900.0,0.0,0.0,0.0,1713.1553559998283,0.0,0.0,71.52303165811514,900.0,83.92097998468907,1690.6446196313525,,,,False,False,not_attempted,0,0,0,0,29,3,0.10344827586206896,168.05211361839469,822.0,False,,,False,8,0
ga,adaptive,15,900.0,15.0,3,degrading,degrading,2 14 53 69,1687,1.4814814814814814,0.675,0.0,33.77631942075436,18.25,49,3,46,2.7154321679531077,0.9051440559843692,74.23846382606826,60.0,960.0,9.779045699979179,822.9591090000467,832.7381547000259,2545.8935106998542,0.0,0.0,74.23846382606826,960.0,88.30965678581057,1697.8587964769463,88.30965678581057,93.88178313545843,-5.57212634964786,True,False,incumbent_not_worse,4,12,0,0,54,1,0.018518518518518517,168.00220537561566,822.0,False,,,True,8,0
ga,adaptive,16,960.0,16.0,3,degrading,degrading,2 14 53 69,1687,1.639344262295082,0.61,0.0,33.459623168665104,18.266666666666666,46,1,45,3.3402508072007855,3.3402508072007855,77.57871463326904,60.0,1020.0,0.0,0.0,0.0,2545.8935106998542,0.0,0.0,77.57871463326904,1020.0,92.92041444215518,1648.9931226399801,,,,False,False,not_attempted,0,0,0,0,52,3,0.057692307692307696,167.24501331116798,822.0,False,,,False,8,0
ga,adaptive,17,1020.0,17.0,3,degrading,degrading,2 14 53 69,1687,1.8348623853211008,0.545,0.0,33.07552291825965,18.283333333333335,45,3,42,3.4648734262808683,1.1549578087602894,81.04358805954992,60.0,1080.0,0.0,0.0,0.0,2545.8935106998542,0.0,0.0,81.04358805954992,1080.0,98.84230873293284,1601.3990429814216,,,,False,False,not_attempted,0,0,0,0,46,5,0.10869565217391304,166.0510207234595,943.0,False,,,False,8,0
ga,adaptive,18,1080.0,18.0,3,degrading,degrading,2 14 53 69,1687,2.0833333333333335,0.48,0.0,32.59993709044963,18.3,42,2,40,3.8095842012891916,1.9047921006445958,84.85317226083912,60.0,1140.0,0.0,0.0,0.0,2545.8935106998542,0.0,0.0,84.85317226083912,1140.0,106.48147331055084,1554.3901596163957,,,,False,False,not_attempted,0,0,0,0,25,1,0.04,165.95768739012615,943.0,False,,,False,8,0
ga,adaptive,19,1140.0,19.0,3,degrading,degrading,2 14 53 69,1687,2.409638554216868,0.4149999999999999,0.0,31.995761682130254,18.316666666666666,40,3,37,1.6775927923484044,0.5591975974494682,86.53076505318752,60.0,1200.0,0.0,0.0,0.0,2545.8935106998542,0.0,0.0,86.53076505318752,1200.0,117.7196056395573,1510.785118287086,,,,False,False,not_attempted,0,0,0,0,23,1,0.043478260869565216,165.4457923018943,967.0,False,,,False,8,0
ga,adaptive,20,1200.0,20.0,4,disrupted,holding,2 14 53 69,1687,2.857142857142857,0.35,0.0,31.20269165852424,18.333333333333332,37,3,34,6.7183517760748614,2.2394505920249537,93.24911682926239,60.0,1260.0,9.80772949999664,486.44302809995133,496.250757599948,3042.144268299802,0.0,0.0,93.24911682926239,1260.0,135.03098384778355,2516.3593759511095,136.32131163386666,135.03098384778355,1.290327786083111,True,True,lower_residual_energy,5,15,5,15,58,5,0.08620689655172414,163.55105049552898,1016.0,False,,,True,8,0
ga,adaptive,21,1260.0,21.0,4,disrupted,disrupted,2 14 53 69,1687,2.857142857142857,0.35,0.0,31.20269165852424,18.35,34,1,33,5.077816127927381,5.077816127927381,98.32693295718977,60.0,1320.0,0.0,0.0,0.0,3042.144268299802,0.0,0.0,98.32693295718977,1320.0,128.48640259426531,2361.051906215868,,,,False,False,not_attempted,0,0,0,0,59,4,0.06779661016949153,163.45771716219565,1016.0,False,,,False,7,0
ga,adaptive,22,1320.0,22.0,4,disrupted,disrupted,2 14 53 69,1687,2.857142857142857,0.35,0.0,31.20269165852424,18.366666666666667,33,3,30,3.239972641039461,1.079990880346487,101.56690559822923,60.0,1380.0,0.0,0.0,0.0,3042.144268299802,0.0,0.0,101.56690559822923,1380.0,122.99775636793913,2353.2704118150436,,,,False,False,not_attempted,0,0,0,0,33,1,0.030303030303030304,163.200393192715,1026.0,False,,,False,7,0
ga,adaptive,23,1380.0,23.0,4,disrupted,disrupted,2 14 53 69,1687,2.857142857142857,0.35,0.0,31.20269165852424,18.383333333333333,30,2,28,2.539623976464537,1.2698119882322685,104.10652957469377,60.0,1440.0,0.0,0.0,0.0,3042.144268299802,0.0,0.0,104.10652957469377,1440.0,119.41440976762364,2306.409317735818,,,,False,False,not_attempted,0,0,0,0,6,2,0.3333333333333333,161.32249222101422,1047.0,False,,,False,6,0
ga,adaptive,24,1440.0,24.0,4,disrupted,disrupted,2 14 53 69,1687,2.857142857142857,0.35,0.0,31.20269165852424,18.4,28,4,24,2.7552255673085555,0.6888063918271389,106.86175514200232,60.0,1500.0,0.0,0.0,0.0,3042.144268299802,0.0,0.0,106.86175514200232,1500.0,117.45666112542578,2271.3551808902953,,,,False,False,not_attempted,0,0,0,0,37,0,0.0,160.7024058040957,1187.0,False,,,False,6,0
ga,adaptive,25,1500.0,25.0,5,disrupted,disrupted,2 14 53 69,1687,2.857142857142857,0.35,0.0,31.20269165852424,18.416666666666668,24,0,24,4.046732596844857,4.046732596844857,110.90848773884719,60.0,1560.0,5.800009239464998e-05,86.3920700000599,86.3921280001523,3128.5363962999545,0.0,0.0,110.90848773884719,1560.0,107.59453498034162,1312.3711694883907,115.56851888766948,107.59453498034162,7.973983907327863,True,True,lower_residual_energy,4,10,4,10,50,1,0.02,160.60907247076236,1187.0,False,,,True,8,0
ga,adaptive,26,1560.0,26.0,5,disrupted,disrupted,2 14 53 69,1687,2.857142857142857,0.35,0.0,31.20269165852424,18.433333333333334,24,3,21,6.4537775120411,2.1512591706803668,117.36226525088829,60.0,1620.0,0.0,0.0,0.0,3128.5363962999545,0.0,0.0,117.36226525088829,1620.0,103.24173836679772,1244.6972663593701,,,,False,False,not_attempted,0,0,0,0,24,7,0.2916666666666667,158.52243148660955,1187.0,False,,,False,7,0
ga,adaptive,27,1620.0,27.0,5,disrupted,disrupted,2 14 53 69,1687,2.857142857142857,0.35,0.0,31.20269165852424,18.45,21,4,17,3.8499809742854953,0.9624952435713738,121.21224622517379,60.0,1680.0,0.0,0.0,0.0,3128.5363962999545,0.0,0.0,121.21224622517379,1680.0,96.51811713663986,1188.4058474222459,,,,False,False,not_attempted,0,0,0,0,20,2,0.1,156.52187468098953,1399.0,False,,,False,5,0
ga,adaptive,28,1680.0,28.0,5,disrupted,disrupted,2 14 53 69,1687,2.857142857142857,0.35,0.0,31.20269165852424,18.466666666666665,17,2,15,2.6141084877671146,1.3070542438835573,123.8263547129409,60.0,1740.0,0.0,0.0,0.0,3128.5363962999545,0.0,0.0,123.8263547129409,1740.0,93.11430760601228,1132.8153048804274,,,,False,False,not_attempted,0,0,0,0,12,3,0.25,154.4483205596165,1399.0,False,,,False,4,0
ga,adaptive,29,1740.0,29.0,5,disrupted,disrupted,2 14 53 69,1687,2.857142857142857,0.35,0.0,31.20269165852424,18.483333333333334,15,1,14,7.672608295493678,7.672608295493678,131.49896300843457,60.0,1800.0,0.0,0.0,0.0,3128.5363962999545,0.0,0.0,131.49896300843457,1800.0,89.96236845780062,1050.9326672715429,,,,False,False,not_attempted,0,0,0,0,6,6,1.0,147.07159120085967,1399.0,False,,,False,3,0
ga,adaptive,30,1800.0,30.0,6,recovering,recovering,2 14 53 69,1687,2.857142857142857,0.35,0.0,31.20269165852424,18.5,14,3,11,4.070352953229971,1.3567843177433236,135.56931596166453,60.0,1860.0,6.470002699643373e-05,3.199927599984221,3.1999923000112176,3131.7363885999657,0.0,0.0,135.56931596166453,1860.0,82.62941329305863,907.5910066539608,83.13345918742387,82.62941329305863,0.504045894365234,True,True,lower_residual_energy,3,3,3,3,37,3,0.08108108108108109,146.97825786752634,1632.0,False,,,True,4,0
ga,adaptive,31,1860.0,31.0,6,recovering,recovering,2 14 53 69,1687,2.6595744680851063,0.376,0.04,31.547922904274717,18.516666666666666,11,1,10,2.811975287217312,2.811975287217312,138.38129124888184,60.0,1920.0,0.0,0.0,0.0,3131.7363885999657,0.0,0.0,138.38129124888184,1920.0,73.10158832564473,878.0235434278889,,,,False,False,not_attempted,0,0,0,0,55,3,0.05454545454545454,145.6934288450164,1632.0,False,,,False,4,0
ga,adaptive,32,1920.0,32.0,6,recovering,recovering,2 14 53 69,1687,2.4875621890547266,0.40199999999999997,0.08,31.854778906250925,18.533333333333335,10,1,9,3.4800403071339554,3.4800403071339554,141.86133155601578,60.0,1980.0,0.0,0.0,0.0,3131.7363885999657,0.0,0.0,141.86133155601578,1980.0,65.83980565508035,841.9538296234937,,,,False,False,not_attempted,0,0,0,0,52,3,0.057692307692307696,143.37168341841272,1632.0,False,,,False,4,0
ga,adaptive,33,1980.0,33.0,6,recovering,recovering,2 14 53 69,1687,2.336448598130841,0.428,0.12,32.1293213401735,18.55,9,0,9,1.9849228491135553,1.9849228491135553,143.84625440512934,60.0,2040.0,0.0,0.0,0.0,3131.7363885999657,0.0,0.0,143.84625440512934,2040.0,58.21331570012774,751.917658103354,,,,False,False,not_attempted,0,0,0,0,56,1,0.017857142857142856,142.3417523342225,1632.0,False,,,False,4,0
ga,adaptive,34,2040.0,34.0,6,recovering,recovering,2 14 53 69,1687,2.2026431718061676,0.45399999999999996,0.16,32.37639908536983,18.566666666666666,9,0,9,0.9448417531728219,0.9448417531728219,144.79109615830217,60.0,2100.0,0.0,0.0,0.0,3131.7363885999657,0.0,0.0,144.79109615830217,2100.0,52.98132824457237,606.1451467580777,,,,False,False,not_attempted,0,0,0,0,52,0,0.0,142.24841900088916,1632.0,False,,,False,4,0
ga,adaptive,35,2100.0,35.0,7,recovering,recovering,2 14 53 69,1687,2.0833333333333335,0.48,0.2,32.59993709044963,18.583333333333332,9,1,8,1.6034303703128847,1.6034303703128847,146.39452652861505,60.0,2160.0,9.344072399893776,2.926591999945231,12.270664399839006,3144.0070529998047,0.0,0.0,146.39452652861505,2160.0,48.814912246931904,592.8122846420154,48.88006731935863,48.814912246931904,0.06515507242672669,True,True,lower_residual_energy,2,2,2,2,33,2,0.06060606060606061,141.19850282056902,1632.0,False,,,True,4,0
ga,adaptive,36,2160.0,36.0,7,recovering,recovering,2 14 53 69,1687,1.976284584980237,0.506,0.24,32.803146430184874,18.6,8,2,6,1.9567117651010397,0.9783558825505199,148.35123829371608,60.0,2220.0,0.0,0.0,0.0,3144.0070529998047,0.0,0.0,148.35123829371608,2220.0,44.66940746445393,538.7238471059288,,,,False,False,not_attempted,0,0,0,0,21,2,0.09523809523809523,139.7742240225596,1632.0,False,,,False,4,0
ga,adaptive,37,2220.0,37.0,7,recovering,recovering,2 14 53 69,1687,1.8796992481203008,0.532,0.28,32.98867954681469,18.616666666666667,6,0,6,0.5375614361106182,0.5375614361106182,148.8887997298267,60.0,2280.0,0.0,0.0,0.0,3144.0070529998047,0.0,0.0,148.8887997298267,2280.0,40.40382870163045,390.28046583116856,,,,False,False,not_attempted,0,0,0,0,17,0,0.0,139.68089068922626,1632.0,False,,,False,3,0
ga,adaptive,38,2280.0,38.0,7,recovering,recovering,2 14 53 69,1687,1.7921146953405016,0.558,0.32,33.15874666871985,18.633333333333333,6,2,4,1.447568369730612,0.723784184865306,150.33636809955732,60.0,2340.0,0.0,0.0,0.0,3144.0070529998047,0.0,0.0,150.33636809955732,2340.0,37.760924757237014,383.27815021896356,,,,False,False,not_attempted,0,0,0,0,2,2,1.0,138.48228601324575,1632.0,False,,,False,1,0
ga,adaptive,39,2340.0,39.0,7,recovering,recovering,2 14 53 69,1687,1.7123287671232879,0.584,0.36,33.31520428011182,18.65,4,2,2,2.0127943628258316,1.0063971814129158,152.34916246238316,60.0,2400.0,0.0,0.0,0.0,3144.0070529998047,0.0,0.0,152.34916246238316,2400.0,34.214979732292235,340.0462046498775,,,,False,False,not_attempted,0,0,0,0,2,2,1.0,136.53122501763988,1632.0,False,,,False,1,0
ga,adaptive,40,2400.0,40.0,8,recovering,recovering,2 14 53 69,1687,1.639344262295082,0.61,0.4,33.459623168665104,18.666666666666668,2,0,2,0.09333333333333332,0.09333333333333332,152.4424957957165,60.0,2460.0,9.328194699948654,0.002306499984115362,9.330501199932769,3153.3375541997375,0.0,0.0,152.4424957957165,2460.0,31.129376046991307,214.53691005435013,31.129376046991307,31.129376046991307,0.0,True,False,incumbent_not_worse,0,0,0,0,0,0,0.0,136.43789168430655,1632.0,False,,,True,1,0
ga,adaptive,41,2460.0,41.0,8,recovering,recovering,2 14 53 69,1687,1.572327044025157,0.636,0.44,33.59334134719233,18.683333333333334,2,1,1,2.656497324146684,2.656497324146684,155.09899311986317,60.0,2520.0,0.0,0.0,0.0,3153.3375541997375,0.0,0.0,155.09899311986317,2520.0,29.679473777921768,210.67219360558738,,,,False,False,not_attempted,0,0,0,0,11,11,1.0,133.78139436015994,1632.0,False,,,False,1,0
ga,adaptive,42,2520.0,42.0,8,recovering,recovering,2 14 53 69,1687,1.5105740181268883,0.6619999999999999,0.48,33.71750563187888,18.7,1,0,1,1.0563450916470074,1.0563450916470074,156.15533821151018,60.0,2580.0,0.0,0.0,0.0,3153.3375541997375,0.0,0.0,156.15533821151018,2580.0,25.805478164924303,199.7948843351004,,,,False,False,not_attempted,0,0,0,0,3,3,1.0,132.72504926851292,1632.0,False,,,False,1,0
ga,adaptive,43,2580.0,43.0,8,recovering,recovering,2 14 53 69,1687,1.4534883720930234,0.688,0.52,33.833104615867185,18.716666666666665,1,0,1,0.09333333333333332,0.09333333333333332,156.24867154484352,60.0,2640.0,0.0,0.0,0.0,3153.3375541997375,0.0,0.0,156.24867154484352,2640.0,23.704820425051224,198.16325214245876,,,,False,False,not_attempted,0,0,0,0,0,0,0.0,132.63171593517959,1632.0,False,,,False,0,0
ga,adaptive,44,2640.0,44.0,8,recovering,recovering,2 14 53 69,1687,1.400560224089636,0.714,0.56,33.94099504645174,18.733333333333334,1,1,0,21.249338117416418,21.249338117416418,177.49800966225993,211.48506000566329,2851.4850600056634,0.0,0.0,0.0,3153.3375541997375,0.0,0.0,177.49800966225993,2851.4850600056634,22.78665791161335,196.65045030558372,,,,False,False,not_attempted,0,0,0,0,281,60,0.21352313167259787,130.81769270957753,1632.0,True,,,False,0,0
ga,static_live,0,0.0,0.0,0,normal,initial,2 14 53 69,0,1.0,1.0,0.0,34.78037077224997,18.0,84,0,84,17.649882122789972,17.649882122789972,17.649882122789972,60.0,60.0,8.482715899939649,17.265034900046885,25.747750799986534,25.747750799986534,0.0,0.0,17.649882122789972,60.0,137.0202222079973,2575.791665618115,,,,False,False,initial_plan,0,0,0,0,110,0,0.0,177.61134889028398,0.0,False,,,True,10,10
ga,static_live,1,60.0,1.0,0,normal,normal,2 14 53 69,0,1.0,1.0,0.0,34.78037077224997,18.016666666666666,84,0,84,3.860832221189131,3.860832221189131,21.510714343979103,60.0,120.0,0.0,0.0,0.0,25.747750799986534,0.0,0.0,21.510714343979103,120.0,118.33481725358962,2408.508397267874,,,,False,False,not_attempted,0,0,0,0,48,0,0.0,176.09020652430007,0.0,False,,,False,10,10
ga,static_live,2,120.0,2.0,0,normal,normal,2 14 53 69,0,1.0,1.0,0.0,34.78037077224997,18.033333333333335,84,5,79,5.469586054369472,1.0939172108738944,26.980300398348575,60.0,180.0,0.0,0.0,0.0,25.747750799986534,0.0,0.0,26.980300398348575,180.0,114.32039977398952,2408.508397267874,,,,False,False,not_attempted,0,0,0,0,54,0,0.0,174.7596401655785,230.0,False,,,False,10,5
ga,static_live,3,180.0,3.0,0,normal,normal,2 14 53 69,0,1.0,1.0,0.0,34.78037077224997,18.05,79,2,77,7.011609396691212,3.505804698345606,33.99190979503979,60.0,240.0,0.0,0.0,0.0,25.747750799986534,0.0,0.0,33.99190979503979,240.0,109.00105004153725,2395.4649197227227,,,,False,False,not_attempted,0,0,0,0,102,0,0.0,174.34235459366602,230.0,False,,,False,10,3
ga,static_live,4,240.0,4.0,0,normal,normal,2 14 53 69,0,1.0,1.0,0.0,34.78037077224997,18.066666666666666,77,0,77,7.1547879192985535,7.1547879192985535,41.146697714338345,60.0,300.0,0.0,0.0,0.0,25.747750799986534,0.0,0.0,41.146697714338345,300.0,102.22978058226929,2222.1724931702206,,,,False,False,not_attempted,0,0,0,0,63,0,0.0,173.4394704160569,230.0,False,,,False,10,3
ga,static_live,5,300.0,5.0,1,normal,normal,2 14 53 69,0,1.0,1.0,0.0,34.78037077224997,18.083333333333332,77,3,74,2.675963325709791,0.891987775236597,43.82266104004813,60.0,360.0,0.0,0.0,0.0,25.747750799986534,0.0,0.0,43.82266104004813,360.0,95.1717140869908,2222.1724931702206,,,,False,False,not_attempted,0,0,0,0,34,0,0.0,173.10775928116314,402.0,False,,,False,10,2
ga,static_live,6,360.0,6.0,1,normal,normal,2 14 53 69,0,1.0,1.0,0.0,34.78037077224997,18.1,74,2,72,2.766193936465484,1.383096968232742,46.588854976513616,60.0,420.0,0.0,0.0,0.0,25.747750799986534,0.0,0.0,46.588854976513616,420.0,92.60410325990152,2214.6116397759683,,,,False,False,not_attempted,0,0,0,0,81,0,0.0,173.0144259478298,422.0,False,,,False,10,1
ga,static_live,7,420.0,7.0,1,normal,normal,2 14 53 69,0,1.0,1.0,0.0,34.78037077224997,18.116666666666667,72,4,68,4.347192794898818,1.0867981987247044,50.93604777141243,60.0,480.0,0.0,0.0,0.0,25.747750799986534,0.0,0.0,50.93604777141243,480.0,89.92368642949396,2148.2053198083527,,,,False,False,not_attempted,0,0,0,0,87,0,0.0,171.7315048732715,422.0,False,,,False,10,0
ga,static_live,8,480.0,8.0,1,normal,normal,2 14 53 69,0,1.0,1.0,0.0,34.78037077224997,18.133333333333333,68,2,66,2.5250093236515756,1.2625046618257878,53.46105709506401,60.0,540.0,0.0,0.0,0.0,25.747750799986534,0.0,0.0,53.46105709506401,540.0,85.28714308081315,2087.667082619376,,,,False,False,not_attempted,0,0,0,0,64,0,0.0,171.63817153993816,647.0,False,,,False,10,0
ga,static_live,9,540.0,9.0,1,normal,normal,2 14 53 69,0,1.0,1.0,0.0,34.78037077224997,18.15,66,4,62,3.0619730013422446,0.7654932503355611,56.52303009640625,60.0,600.0,0.0,0.0,0.0,25.747750799986534,0.0,0.0,56.52303009640625,600.0,82.77007440456873,1959.541901191854,,,,False,False,not_attempted,0,0,0,0,70,0,0.0,171.54640459197284,647.0,False,,,False,10,0
ga,static_live,10,600.0,10.0,2,degrading,degrading,2 14 53 69,0,1.0,1.0,0.0,34.78037077224997,18.166666666666668,62,3,59,4.390709018242486,1.4635696727474954,60.913739114648735,60.0,660.0,0.0,0.0,0.0,25.747750799986534,0.0,0.0,60.913739114648735,660.0,80.09411359828835,1959.541901191854,,,,False,False,not_attempted,0,0,0,0,80,0,0.0,171.29011539682318,647.0,False,,,False,10,0
ga,static_live,11,660.0,11.0,2,degrading,degrading,2 14 53 69,1687,1.06951871657754,0.935,0.0,34.631729320613424,18.183333333333334,59,1,58,2.5435564998420985,2.5435564998420985,63.45729561449083,60.0,720.0,0.0,0.0,0.0,25.747750799986534,0.0,0.0,63.45729561449083,720.0,78.31822921722664,1904.3374768166987,,,,False,False,not_attempted,0,0,0,0,48,0,0.0,171.00102300959978,647.0,False,,,False,9,0
ga,static_live,12,720.0,12.0,2,degrading,degrading,2 14 53 69,1687,1.1494252873563218,0.87,0.0,34.46243886002531,18.2,58,4,54,2.84146534966312,0.71036633741578,66.29876096415396,60.0,780.0,0.0,0.0,0.0,25.747750799986534,0.0,0.0,66.29876096415396,780.0,80.01084264749967,1799.4502072847415,,,,False,False,not_attempted,0,0,0,0,29,17,0.5862068965517241,169.8415741960272,647.0,False,,,False,8,0
ga,static_live,13,780.0,13.0,2,degrading,degrading,2 14 53 69,1687,1.2422360248447206,0.8049999999999999,0.0,34.26787542813574,18.216666666666665,54,2,52,3.024659994378413,1.5123299971892066,69.32342095853237,60.0,840.0,0.0,0.0,0.0,25.747750799986534,0.0,0.0,69.32342095853237,840.0,81.69702133286255,1804.5954651334944,,,,False,False,not_attempted,0,0,0,0,40,1,0.025,168.3172243596321,822.0,False,,,False,8,0
ga,static_live,14,840.0,14.0,2,degrading,degrading,2 14 53 69,1687,1.3513513513513513,0.74,0.0,34.04192309575753,18.233333333333334,52,3,49,2.1996106995827716,0.7332035665275906,71.52303165811514,60.0,900.0,0.0,0.0,0.0,25.747750799986534,0.0,0.0,71.52303165811514,900.0,83.92097998468907,1690.6446196313525,,,,False,False,not_attempted,0,0,0,0,29,3,0.10344827586206896,168.05211361839469,822.0,False,,,False,8,0
ga,static_live,15,900.0,15.0,3,degrading,degrading,2 14 53 69,1687,1.4814814814814814,0.675,0.0,33.77631942075436,18.25,49,3,46,2.7154321679531077,0.9051440559843692,74.23846382606826,60.0,960.0,0.0,0.0,0.0,25.747750799986534,0.0,0.0,74.23846382606826,960.0,88.30965678581057,1697.8587964769463,,,,False,False,not_attempted,0,0,0,0,54,1,0.018518518518518517,168.00220537561566,822.0,False,,,False,8,0
ga,static_live,16,960.0,16.0,3,degrading,degrading,2 14 53 69,1687,1.639344262295082,0.61,0.0,33.459623168665104,18.266666666666666,46,1,45,3.3402508072007855,3.3402508072007855,77.57871463326904,60.0,1020.0,0.0,0.0,0.0,25.747750799986534,0.0,0.0,77.57871463326904,1020.0,92.92041444215518,1648.9931226399801,,,,False,False,not_attempted,0,0,0,0,52,3,0.057692307692307696,167.24501331116798,822.0,False,,,False,8,0
ga,static_live,17,1020.0,17.0,3,degrading,degrading,2 14 53 69,1687,1.8348623853211008,0.545,0.0,33.07552291825965,18.283333333333335,45,3,42,3.4648734262808683,1.1549578087602894,81.04358805954992,60.0,1080.0,0.0,0.0,0.0,25.747750799986534,0.0,0.0,81.04358805954992,1080.0,98.84230873293284,1601.3990429814216,,,,False,False,not_attempted,0,0,0,0,46,5,0.10869565217391304,166.0510207234595,943.0,False,,,False,8,0
ga,static_live,18,1080.0,18.0,3,degrading,degrading,2 14 53 69,1687,2.0833333333333335,0.48,0.0,32.59993709044963,18.3,42,2,40,3.8095842012891916,1.9047921006445958,84.85317226083912,60.0,1140.0,0.0,0.0,0.0,25.747750799986534,0.0,0.0,84.85317226083912,1140.0,106.48147331055084,1554.3901596163957,,,,False,False,not_attempted,0,0,0,0,25,1,0.04,165.95768739012615,943.0,False,,,False,8,0
ga,static_live,19,1140.0,19.0,3,degrading,degrading,2 14 53 69,1687,2.409638554216868,0.4149999999999999,0.0,31.995761682130254,18.316666666666666,40,3,37,1.6775927923484044,0.5591975974494682,86.53076505318752,60.0,1200.0,0.0,0.0,0.0,25.747750799986534,0.0,0.0,86.53076505318752,1200.0,117.7196056395573,1510.785118287086,,,,False,False,not_attempted,0,0,0,0,23,1,0.043478260869565216,165.4457923018943,967.0,False,,,False,8,0
ga,static_live,20,1200.0,20.0,4,disrupted,holding,2 14 53 69,1687,2.857142857142857,0.35,0.0,31.20269165852424,18.333333333333332,37,3,34,4.886967899913371,1.6289892999711235,91.4177329531009,60.0,1260.0,0.0,0.0,0.0,25.747750799986534,0.0,0.0,91.4177329531009,1260.0,136.32131163386666,1415.5939398662535,,,,False,False,not_attempted,0,0,0,0,25,3,0.12,163.55105049552898,1016.0,False,,,False,8,0
ga,static_live,21,1260.0,21.0,4,disrupted,disrupted,2 14 53 69,1687,2.857142857142857,0.35,0.0,31.20269165852424,18.35,34,1,33,3.9260034508442194,3.9260034508442194,95.34373640394512,60.0,1320.0,0.0,0.0,0.0,25.747750799986534,0.0,0.0,95.34373640394512,1320.0,130.0615047660819,1415.5939398662535,,,,False,False,not_attempted,0,0,0,0,38,1,0.02631578947368421,163.45771716219565,1016.0,False,,,False,8,0
ga,static_live,22,1320.0,22.0,4,disrupted,disrupted,2 14 53 69,1687,2.857142857142857,0.35,0.0,31.20269165852424,18.366666666666667,33,4,29,6.178411218205428,1.544602804551357,101.52214762215054,60.0,1380.0,0.0,0.0,0.0,25.747750799986534,0.0,0.0,101.52214762215054,1380.0,126.85819819959701,1238.8006245708689,,,,False,False,not_attempted,0,0,0,0,36,4,0.1111111111111111,163.200393192715,1118.0,False,,,False,8,0
ga,static_live,23,1380.0,23.0,4,disrupted,disrupted,2 14 53 69,1687,2.857142857142857,0.35,0.0,31.20269165852424,18.383333333333333,29,2,27,2.6329573097978702,1.3164786548989351,104.15510493194842,60.0,1440.0,0.0,0.0,0.0,25.747750799986534,0.0,0.0,104.15510493194842,1440.0,120.51844862728008,1238.8006245708689,,,,False,False,not_attempted,0,0,0,0,6,2,0.3333333333333333,161.32249222101422,1118.0,False,,,False,8,0
ga,static_live,24,1440.0,24.0,4,disrupted,disrupted,2 14 53 69,1687,2.857142857142857,0.35,0.0,31.20269165852424,18.4,27,5,22,3.941641472492544,0.7883282944985088,108.09674640444096,60.0,1500.0,0.0,0.0,0.0,25.747750799986534,0.0,0.0,108.09674640444096,1500.0,118.56069998508221,1236.242547068153,,,,False,False,not_attempted,0,0,0,0,37,2,0.05405405405405406,160.7024058040957,1236.0,False,,,False,8,0
ga,static_live,25,1500.0,25.0,5,disrupted,disrupted,2 14 53 69,1687,2.857142857142857,0.35,0.0,31.20269165852424,18.416666666666668,22,0,22,2.979829947505285,2.979829947505285,111.07657635194624,60.0,1560.0,0.0,0.0,0.0,25.747750799986534,0.0,0.0,111.07657635194624,1560.0,113.9213724641617,1099.5619375395356,,,,False,False,not_attempted,0,0,0,0,22,1,0.045454545454545456,160.60907247076236,1236.0,False,,,False,6,0
ga,static_live,26,1560.0,26.0,5,disrupted,disrupted,2 14 53 69,1687,2.857142857142857,0.35,0.0,31.20269165852424,18.433333333333334,22,4,18,3.9432116258115855,0.9858029064528964,115.01978797775783,60.0,1620.0,0.0,0.0,0.0,25.747750799986534,0.0,0.0,115.01978797775783,1620.0,111.10916230851906,1099.5619375395356,,,,False,False,not_attempted,0,0,0,0,21,4,0.19047619047619047,158.52243148660955,1288.0,False,,,False,6,0
ga,static_live,27,1620.0,27.0,5,disrupted,disrupted,2 14 53 69,1687,2.857142857142857,0.35,0.0,31.20269165852424,18.45,18,2,16,6.41660352400546,3.20830176200273,121.4363915017633,60.0,1680.0,0.0,0.0,0.0,25.747750799986534,0.0,0.0,121.4363915017633,1680.0,107.1834696217316,1056.884476281902,,,,False,False,not_attempted,0,0,0,0,25,4,0.16,156.52187468098953,1288.0,False,,,False,5,0
ga,static_live,28,1680.0,28.0,5,disrupted,disrupted,2 14 53 69,1687,2.857142857142857,0.35,0.0,31.20269165852424,18.466666666666665,16,1,15,3.8670474659658427,3.8670474659658427,125.30343896772914,60.0,1740.0,0.0,0.0,0.0,25.747750799986534,0.0,0.0,125.30343896772914,1740.0,101.43721310451697,928.5403872693847,,,,False,False,not_attempted,0,0,0,0,8,4,0.5,154.4483205596165,1382.0,False,,,False,5,0
ga,static_live,29,1740.0,29.0,5,disrupted,disrupted,2 14 53 69,1687,2.857142857142857,0.35,0.0,31.20269165852424,18.483333333333334,15,1,14,8.422947439068464,8.422947439068464,133.7263864067976,60.0,1800.0,0.0,0.0,0.0,25.747750799986534,0.0,0.0,133.7263864067976,1800.0,97.2018613143346,928.5403872693847,,,,False,False,not_attempted,0,0,0,0,32,6,0.1875,147.07159120085967,1382.0,False,,,False,5,0
ga,static_live,30,1800.0,30.0,6,recovering,recovering,2 14 53 69,1687,2.857142857142857,0.35,0.0,31.20269165852424,18.5,14,3,11,6.419806474920891,2.1399354916402973,140.1461928817185,60.0,1860.0,0.0,0.0,0.0,25.747750799986534,0.0,0.0,140.1461928817185,1860.0,89.626451618592,877.9809728395547,,,,False,False,not_attempted,0,0,0,0,45,5,0.1111111111111111,146.97825786752634,1468.0,False,,,False,5,0
ga,static_live,31,1860.0,31.0,6,recovering,recovering,2 14 53 69,1687,2.6595744680851063,0.376,0.04,31.547922904274717,18.516666666666666,11,1,10,2.6584162658700734,2.6584162658700734,142.80460914758856,60.0,1920.0,0.0,0.0,0.0,25.747750799986534,0.0,0.0,142.80460914758856,1920.0,76.74375240063866,802.7976748202335,,,,False,False,not_attempted,0,0,0,0,25,3,0.12,145.6934288450164,1468.0,False,,,False,4,0
ga,static_live,32,1920.0,32.0,6,recovering,recovering,2 14 53 69,1687,2.4875621890547266,0.40199999999999997,0.08,31.854778906250925,18.533333333333335,10,2,8,2.9174261147259273,1.4587130573629636,145.72203526231448,60.0,1980.0,0.0,0.0,0.0,25.747750799986534,0.0,0.0,145.72203526231448,1980.0,68.81102879322383,663.5106837437953,,,,False,False,not_attempted,0,0,0,0,13,2,0.15384615384615385,143.793949605761,1607.0,False,,,False,3,0
ga,static_live,33,1980.0,33.0,6,recovering,recovering,2 14 53 69,1687,2.336448598130841,0.428,0.12,32.1293213401735,18.55,8,2,6,0.47580230564107445,0.23790115282053723,146.19783756795556,60.0,2040.0,0.0,0.0,0.0,25.747750799986534,0.0,0.0,146.19783756795556,2040.0,61.5547992303523,655.1332221397266,,,,False,False,not_attempted,0,0,0,0,17,0,0.0,143.70061627242765,1635.0,False,,,False,2,0
ga,static_live,34,2040.0,34.0,6,recovering,recovering,2 14 53 69,1687,2.2026431718061676,0.45399999999999996,0.16,32.37639908536983,18.566666666666666,6,1,5,0.2624377200005651,0.2624377200005651,146.46027528795614,60.0,2100.0,0.0,0.0,0.0,25.747750799986534,0.0,0.0,146.46027528795614,2100.0,57.20989206827294,600.3403468532857,,,,False,False,not_attempted,0,0,0,0,3,0,0.0,143.63972290957585,1635.0,False,,,False,2,0
ga,static_live,35,2100.0,35.0,7,recovering,recovering,2 14 53 69,1687,2.0833333333333335,0.48,0.2,32.59993709044963,18.583333333333332,5,1,4,0.28839580368852613,0.28839580368852613,146.74867109164467,60.0,2160.0,0.0,0.0,0.0,25.747750799986534,0.0,0.0,146.74867109164467,2160.0,53.441186542070575,519.1317680142172,,,,False,False,not_attempted,0,0,0,0,4,0,0.0,143.63972290957585,1725.0,False,,,False,2,0
ga,static_live,36,2160.0,36.0,7,recovering,recovering,2 14 53 69,1687,1.976284584980237,0.506,0.24,32.803146430184874,18.6,4,1,3,0.23878687577792307,0.23878687577792307,146.98745796742259,60.0,2220.0,0.0,0.0,0.0,25.747750799986534,0.0,0.0,146.98745796742259,2220.0,49.94283461154625,516.0720814532331,,,,False,False,not_attempted,0,0,0,0,6,0,0.0,143.63972290957585,1725.0,False,,,False,1,0
ga,static_live,37,2220.0,37.0,7,recovering,recovering,2 14 53 69,1687,1.8796992481203008,0.532,0.28,32.98867954681469,18.616666666666667,3,1,2,0.11333918355261022,0.11333918355261022,147.10079715097518,60.0,2280.0,0.0,0.0,0.0,25.747750799986534,0.0,0.0,147.10079715097518,2280.0,46.79717935105847,513.3114619997136,,,,False,False,not_attempted,0,0,0,0,0,0,0.0,143.63972290957585,1937.0,False,,,False,1,0
ga,static_live,38,2280.0,38.0,7,recovering,recovering,2 14 53 69,1687,1.7921146953405016,0.558,0.32,33.15874666871985,18.633333333333333,2,1,1,0.2536637886641754,0.2536637886641754,147.35446093963935,60.0,2340.0,0.0,0.0,0.0,25.747750799986534,0.0,0.0,147.35446093963935,2340.0,44.191281792265315,510.80810457412076,,,,False,False,not_attempted,0,0,0,0,14,0,0.0,143.63972290957585,1937.0,False,,,False,1,0
ga,static_live,39,2340.0,39.0,7,recovering,recovering,2 14 53 69,1687,1.7123287671232879,0.584,0.36,33.31520428011182,18.65,1,0,1,0.584529592030353,0.584529592030353,147.9389905316697,60.0,2400.0,0.0,0.0,0.0,25.747750799986534,0.0,0.0,147.9389905316697,2400.0,41.607679980140986,508.5276488371081,,,,False,False,not_attempted,0,0,0,0,18,0,0.0,143.63972290957585,1937.0,False,,,False,1,0
ga,static_live,40,2400.0,40.0,8,recovering,recovering,2 14 53 69,1687,1.639344262295082,0.61,0.4,33.459623168665104,18.666666666666668,1,0,1,1.1572755097749694,1.1572755097749694,149.09626604144466,60.0,2460.0,0.0,0.0,0.0,25.747750799986534,0.0,0.0,149.09626604144466,2460.0,38.85316454743418,506.4415926055457,,,,False,False,not_attempted,0,0,0,0,4,4,1.0,143.63972290957585,1937.0,False,,,False,1,0
ga,static_live,41,2460.0,41.0,8,recovering,recovering,2 14 53 69,1687,1.572327044025157,0.636,0.44,33.59334134719233,18.683333333333334,1,0,1,0.41634262125388755,0.41634262125388755,149.51260866269854,60.0,2520.0,0.0,0.0,0.0,25.747750799986534,0.0,0.0,149.51260866269854,2520.0,35.71410962454631,504.5260944306519,,,,False,False,not_attempted,0,0,0,0,1,1,1.0,143.63972290957585,1937.0,False,,,False,1,0
ga,static_live,42,2520.0,42.0,8,recovering,recovering,2 14 53 69,1687,1.5105740181268883,0.6619999999999999,0.48,33.71750563187888,18.7,1,0,1,0.09333333333333332,0.09333333333333332,149.60594199603187,60.0,2580.0,0.0,0.0,0.0,25.747750799986534,0.0,0.0,149.60594199603187,2580.0,33.523673579495295,502.76105834804576,,,,False,False,not_attempted,0,0,0,0,0,0,0.0,143.63972290957585,1937.0,False,,,False,0,0
ga,static_live,43,2580.0,43.0,8,recovering,recovering,2 14 53 69,1687,1.4534883720930234,0.688,0.52,33.833104615867185,18.716666666666665,1,1,0,29.053467743910716,29.053467743910716,178.6594097399426,503.07842256893593,3083.078422568936,0.0,0.0,0.0,25.747750799986534,0.0,0.0,178.6594097399426,3083.078422568936,31.915999936385543,501.1294261554041,,,,False,False,not_attempted,0,0,0,0,358,90,0.25139664804469275,136.74647072178504,1937.0,True,,,False,0,0
ga,static_frozen,0,0.0,0.0,0,normal,initial,2 14 53 69,0,1.0,1.0,0.0,34.78037077224997,18.0,84,0,84,17.649882122789972,17.649882122789972,17.649882122789972,60.0,60.0,8.482715899939649,17.265034900046885,25.747750799986534,25.747750799986534,0.0,0.0,17.649882122789972,60.0,137.0202222079973,2575.791665618115,,,,False,False,initial_plan,0,0,0,0,110,0,0.0,177.61134889028398,0.0,False,,,True,10,10
ga,static_frozen,1,60.0,1.0,0,normal,normal,2 14 53 69,0,1.0,1.0,0.0,34.78037077224997,18.016666666666666,84,0,84,3.860832221189131,3.860832221189131,21.510714343979103,60.0,120.0,0.0,0.0,0.0,25.747750799986534,0.0,0.0,21.510714343979103,120.0,118.33481725358962,2408.508397267874,,,,False,False,not_attempted,0,0,0,0,48,0,0.0,176.09020652430007,0.0,False,,,False,10,10
ga,static_frozen,2,120.0,2.0,0,normal,normal,2 14 53 69,0,1.0,1.0,0.0,34.78037077224997,18.033333333333335,84,5,79,5.469586054369472,1.0939172108738944,26.980300398348575,60.0,180.0,0.0,0.0,0.0,25.747750799986534,0.0,0.0,26.980300398348575,180.0,114.32039977398952,2408.508397267874,,,,False,False,not_attempted,0,0,0,0,54,0,0.0,174.7596401655785,230.0,False,,,False,10,5
ga,static_frozen,3,180.0,3.0,0,normal,normal,2 14 53 69,0,1.0,1.0,0.0,34.78037077224997,18.05,79,2,77,7.011609396691212,3.505804698345606,33.99190979503979,60.0,240.0,0.0,0.0,0.0,25.747750799986534,0.0,0.0,33.99190979503979,240.0,109.00105004153725,2395.4649197227227,,,,False,False,not_attempted,0,0,0,0,102,0,0.0,174.34235459366602,230.0,False,,,False,10,3
ga,static_frozen,4,240.0,4.0,0,normal,normal,2 14 53 69,0,1.0,1.0,0.0,34.78037077224997,18.066666666666666,77,0,77,7.1547879192985535,7.1547879192985535,41.146697714338345,60.0,300.0,0.0,0.0,0.0,25.747750799986534,0.0,0.0,41.146697714338345,300.0,102.22978058226929,2222.1724931702206,,,,False,False,not_attempted,0,0,0,0,63,0,0.0,173.4394704160569,230.0,False,,,False,10,3
ga,static_frozen,5,300.0,5.0,1,normal,normal,2 14 53 69,0,1.0,1.0,0.0,34.78037077224997,18.083333333333332,77,3,74,2.675963325709791,0.891987775236597,43.82266104004813,60.0,360.0,0.0,0.0,0.0,25.747750799986534,0.0,0.0,43.82266104004813,360.0,95.1717140869908,2222.1724931702206,,,,False,False,not_attempted,0,0,0,0,34,0,0.0,173.10775928116314,402.0,False,,,False,10,2
ga,static_frozen,6,360.0,6.0,1,normal,normal,2 14 53 69,0,1.0,1.0,0.0,34.78037077224997,18.1,74,2,72,2.766193936465484,1.383096968232742,46.588854976513616,60.0,420.0,0.0,0.0,0.0,25.747750799986534,0.0,0.0,46.588854976513616,420.0,92.60410325990152,2214.6116397759683,,,,False,False,not_attempted,0,0,0,0,81,0,0.0,173.0144259478298,422.0,False,,,False,10,1
ga,static_frozen,7,420.0,7.0,1,normal,normal,2 14 53 69,0,1.0,1.0,0.0,34.78037077224997,18.116666666666667,72,4,68,4.347192794898818,1.0867981987247044,50.93604777141243,60.0,480.0,0.0,0.0,0.0,25.747750799986534,0.0,0.0,50.93604777141243,480.0,89.92368642949396,2148.2053198083527,,,,False,False,not_attempted,0,0,0,0,87,0,0.0,171.7315048732715,422.0,False,,,False,10,0
ga,static_frozen,8,480.0,8.0,1,normal,normal,2 14 53 69,0,1.0,1.0,0.0,34.78037077224997,18.133333333333333,68,2,66,2.5250093236515756,1.2625046618257878,53.46105709506401,60.0,540.0,0.0,0.0,0.0,25.747750799986534,0.0,0.0,53.46105709506401,540.0,85.28714308081315,2087.667082619376,,,,False,False,not_attempted,0,0,0,0,64,0,0.0,171.63817153993816,647.0,False,,,False,10,0
ga,static_frozen,9,540.0,9.0,1,normal,normal,2 14 53 69,0,1.0,1.0,0.0,34.78037077224997,18.15,66,4,62,3.0619730013422446,0.7654932503355611,56.52303009640625,60.0,600.0,0.0,0.0,0.0,25.747750799986534,0.0,0.0,56.52303009640625,600.0,82.77007440456873,1959.541901191854,,,,False,False,not_attempted,0,0,0,0,70,0,0.0,171.54640459197284,647.0,False,,,False,10,0
ga,static_frozen,10,600.0,10.0,2,degrading,degrading,2 14 53 69,0,1.0,1.0,0.0,34.78037077224997,18.166666666666668,62,3,59,4.390709018242486,1.4635696727474954,60.913739114648735,60.0,660.0,0.0,0.0,0.0,25.747750799986534,0.0,0.0,60.913739114648735,660.0,80.09411359828835,1959.541901191854,,,,False,False,not_attempted,0,0,0,0,80,0,0.0,171.29011539682318,647.0,False,,,False,10,0
ga,static_frozen,11,660.0,11.0,2,degrading,degrading,2 14 53 69,1687,1.06951871657754,0.935,0.0,34.631729320613424,18.183333333333334,59,1,58,2.5435564998420985,2.5435564998420985,63.45729561449083,60.0,720.0,0.0,0.0,0.0,25.747750799986534,0.0,0.0,63.45729561449083,720.0,78.31822921722664,1904.3374768166987,,,,False,False,not_attempted,0,0,0,0,48,0,0.0,171.00102300959978,647.0,False,,,False,9,0
ga,static_frozen,12,720.0,12.0,2,degrading,degrading,2 14 53 69,1687,1.1494252873563218,0.87,0.0,34.46243886002531,18.2,58,4,54,2.84146534966312,0.71036633741578,66.29876096415396,60.0,780.0,0.0,0.0,0.0,25.747750799986534,0.0,0.0,66.29876096415396,780.0,80.01084264749967,1799.4502072847415,,,,False,False,not_attempted,0,0,0,0,29,17,0.5862068965517241,169.8415741960272,647.0,False,,,False,8,0
ga,static_frozen,13,780.0,13.0,2,degrading,degrading,2 14 53 69,1687,1.2422360248447206,0.8049999999999999,0.0,34.26787542813574,18.216666666666665,54,2,52,3.024659994378413,1.5123299971892066,69.32342095853237,60.0,840.0,0.0,0.0,0.0,25.747750799986534,0.0,0.0,69.32342095853237,840.0,81.69702133286255,1804.5954651334944,,,,False,False,not_attempted,0,0,0,0,40,1,0.025,168.3172243596321,822.0,False,,,False,8,0
ga,static_frozen,14,840.0,14.0,2,degrading,degrading,2 14 53 69,1687,1.3513513513513513,0.74,0.0,34.04192309575753,18.233333333333334,52,3,49,2.1996106995827716,0.7332035665275906,71.52303165811514,60.0,900.0,0.0,0.0,0.0,25.747750799986534,0.0,0.0,71.52303165811514,900.0,83.92097998468907,1690.6446196313525,,,,False,False,not_attempted,0,0,0,0,29,3,0.10344827586206896,168.05211361839469,822.0,False,,,False,8,0
ga,static_frozen,15,900.0,15.0,3,degrading,degrading,2 14 53 69,1687,1.4814814814814814,0.675,0.0,33.77631942075436,18.25,49,3,46,2.7154321679531077,0.9051440559843692,74.23846382606826,60.0,960.0,0.0,0.0,0.0,25.747750799986534,0.0,0.0,74.23846382606826,960.0,88.30965678581057,1697.8587964769463,,,,False,False,not_attempted,0,0,0,0,54,1,0.018518518518518517,168.00220537561566,822.0,False,,,False,8,0
ga,static_frozen,16,960.0,16.0,3,degrading,degrading,2 14 53 69,1687,1.639344262295082,0.61,0.0,33.459623168665104,18.266666666666666,46,1,45,3.3402508072007855,3.3402508072007855,77.57871463326904,60.0,1020.0,0.0,0.0,0.0,25.747750799986534,0.0,0.0,77.57871463326904,1020.0,92.92041444215518,1648.9931226399801,,,,False,False,not_attempted,0,0,0,0,52,3,0.057692307692307696,167.24501331116798,822.0,False,,,False,8,0
ga,static_frozen,17,1020.0,17.0,3,degrading,degrading,2 14 53 69,1687,1.8348623853211008,0.545,0.0,33.07552291825965,18.283333333333335,45,3,42,3.4648734262808683,1.1549578087602894,81.04358805954992,60.0,1080.0,0.0,0.0,0.0,25.747750799986534,0.0,0.0,81.04358805954992,1080.0,98.84230873293284,1601.3990429814216,,,,False,False,not_attempted,0,0,0,0,46,5,0.10869565217391304,166.0510207234595,943.0,False,,,False,8,0
ga,static_frozen,18,1080.0,18.0,3,degrading,degrading,2 14 53 69,1687,2.0833333333333335,0.48,0.0,32.59993709044963,18.3,42,2,40,3.8095842012891916,1.9047921006445958,84.85317226083912,60.0,1140.0,0.0,0.0,0.0,25.747750799986534,0.0,0.0,84.85317226083912,1140.0,106.48147331055084,1554.3901596163957,,,,False,False,not_attempted,0,0,0,0,25,1,0.04,165.95768739012615,943.0,False,,,False,8,0
ga,static_frozen,19,1140.0,19.0,3,degrading,degrading,2 14 53 69,1687,2.409638554216868,0.4149999999999999,0.0,31.995761682130254,18.316666666666666,40,3,37,1.6775927923484044,0.5591975974494682,86.53076505318752,60.0,1200.0,0.0,0.0,0.0,25.747750799986534,0.0,0.0,86.53076505318752,1200.0,117.7196056395573,1510.785118287086,,,,False,False,not_attempted,0,0,0,0,23,1,0.043478260869565216,165.4457923018943,967.0,False,,,False,8,0
ga,static_frozen,20,1200.0,20.0,4,disrupted,holding,2 14 53 69,1687,2.857142857142857,0.35,0.0,31.20269165852424,18.333333333333332,37,3,34,4.886967899913371,1.6289892999711235,91.4177329531009,60.0,1260.0,0.0,0.0,0.0,25.747750799986534,0.0,0.0,91.4177329531009,1260.0,136.32131163386666,1415.5939398662535,,,,False,False,not_attempted,0,0,0,0,25,3,0.12,163.55105049552898,1016.0,False,,,False,8,0
ga,static_frozen,21,1260.0,21.0,4,disrupted,disrupted,2 14 53 69,1687,2.857142857142857,0.35,0.0,31.20269165852424,18.35,34,1,33,3.9260034508442194,3.9260034508442194,95.34373640394512,60.0,1320.0,0.0,0.0,0.0,25.747750799986534,0.0,0.0,95.34373640394512,1320.0,130.0615047660819,1415.5939398662535,,,,False,False,not_attempted,0,0,0,0,38,1,0.02631578947368421,163.45771716219565,1016.0,False,,,False,8,0
ga,static_frozen,22,1320.0,22.0,4,disrupted,disrupted,2 14 53 69,1687,2.857142857142857,0.35,0.0,31.20269165852424,18.366666666666667,33,4,29,6.178411218205428,1.544602804551357,101.52214762215054,60.0,1380.0,0.0,0.0,0.0,25.747750799986534,0.0,0.0,101.52214762215054,1380.0,126.85819819959701,1238.8006245708689,,,,False,False,not_attempted,0,0,0,0,36,4,0.1111111111111111,163.200393192715,1118.0,False,,,False,8,0
ga,static_frozen,23,1380.0,23.0,4,disrupted,disrupted,2 14 53 69,1687,2.857142857142857,0.35,0.0,31.20269165852424,18.383333333333333,29,2,27,2.6329573097978702,1.3164786548989351,104.15510493194842,60.0,1440.0,0.0,0.0,0.0,25.747750799986534,0.0,0.0,104.15510493194842,1440.0,120.51844862728008,1238.8006245708689,,,,False,False,not_attempted,0,0,0,0,6,2,0.3333333333333333,161.32249222101422,1118.0,False,,,False,8,0
ga,static_frozen,24,1440.0,24.0,4,disrupted,disrupted,2 14 53 69,1687,2.857142857142857,0.35,0.0,31.20269165852424,18.4,27,5,22,3.941641472492544,0.7883282944985088,108.09674640444096,60.0,1500.0,0.0,0.0,0.0,25.747750799986534,0.0,0.0,108.09674640444096,1500.0,118.56069998508221,1236.242547068153,,,,False,False,not_attempted,0,0,0,0,37,2,0.05405405405405406,160.7024058040957,1236.0,False,,,False,8,0
ga,static_frozen,25,1500.0,25.0,5,disrupted,disrupted,2 14 53 69,1687,2.857142857142857,0.35,0.0,31.20269165852424,18.416666666666668,22,0,22,2.979829947505285,2.979829947505285,111.07657635194624,60.0,1560.0,0.0,0.0,0.0,25.747750799986534,0.0,0.0,111.07657635194624,1560.0,113.9213724641617,1099.5619375395356,,,,False,False,not_attempted,0,0,0,0,22,1,0.045454545454545456,160.60907247076236,1236.0,False,,,False,6,0
ga,static_frozen,26,1560.0,26.0,5,disrupted,disrupted,2 14 53 69,1687,2.857142857142857,0.35,0.0,31.20269165852424,18.433333333333334,22,4,18,3.9432116258115855,0.9858029064528964,115.01978797775783,60.0,1620.0,0.0,0.0,0.0,25.747750799986534,0.0,0.0,115.01978797775783,1620.0,111.10916230851906,1099.5619375395356,,,,False,False,not_attempted,0,0,0,0,21,4,0.19047619047619047,158.52243148660955,1288.0,False,,,False,6,0
ga,static_frozen,27,1620.0,27.0,5,disrupted,disrupted,2 14 53 69,1687,2.857142857142857,0.35,0.0,31.20269165852424,18.45,18,2,16,6.41660352400546,3.20830176200273,121.4363915017633,60.0,1680.0,0.0,0.0,0.0,25.747750799986534,0.0,0.0,121.4363915017633,1680.0,107.1834696217316,1056.884476281902,,,,False,False,not_attempted,0,0,0,0,25,4,0.16,156.52187468098953,1288.0,False,,,False,5,0
ga,static_frozen,28,1680.0,28.0,5,disrupted,disrupted,2 14 53 69,1687,2.857142857142857,0.35,0.0,31.20269165852424,18.466666666666665,16,1,15,3.8670474659658427,3.8670474659658427,125.30343896772914,60.0,1740.0,0.0,0.0,0.0,25.747750799986534,0.0,0.0,125.30343896772914,1740.0,101.43721310451697,928.5403872693847,,,,False,False,not_attempted,0,0,0,0,8,4,0.5,154.4483205596165,1382.0,False,,,False,5,0
ga,static_frozen,29,1740.0,29.0,5,disrupted,disrupted,2 14 53 69,1687,2.857142857142857,0.35,0.0,31.20269165852424,18.483333333333334,15,1,14,8.422947439068464,8.422947439068464,133.7263864067976,60.0,1800.0,0.0,0.0,0.0,25.747750799986534,0.0,0.0,133.7263864067976,1800.0,97.2018613143346,928.5403872693847,,,,False,False,not_attempted,0,0,0,0,32,6,0.1875,147.07159120085967,1382.0,False,,,False,5,0
ga,static_frozen,30,1800.0,30.0,6,recovering,recovering,2 14 53 69,1687,2.857142857142857,0.35,0.0,31.20269165852424,18.5,14,3,11,6.419806474920891,2.1399354916402973,140.1461928817185,60.0,1860.0,0.0,0.0,0.0,25.747750799986534,0.0,0.0,140.1461928817185,1860.0,89.626451618592,877.9809728395547,,,,False,False,not_attempted,0,0,0,0,45,5,0.1111111111111111,146.97825786752634,1468.0,False,,,False,5,0
ga,static_frozen,31,1860.0,31.0,6,recovering,recovering,2 14 53 69,1687,2.6595744680851063,0.376,0.04,31.547922904274717,18.516666666666666,11,1,10,2.6584162658700734,2.6584162658700734,142.80460914758856,60.0,1920.0,0.0,0.0,0.0,25.747750799986534,0.0,0.0,142.80460914758856,1920.0,76.74375240063866,802.7976748202335,,,,False,False,not_attempted,0,0,0,0,25,3,0.12,145.6934288450164,1468.0,False,,,False,4,0
ga,static_frozen,32,1920.0,32.0,6,recovering,recovering,2 14 53 69,1687,2.4875621890547266,0.40199999999999997,0.08,31.854778906250925,18.533333333333335,10,2,8,2.9174261147259273,1.4587130573629636,145.72203526231448,60.0,1980.0,0.0,0.0,0.0,25.747750799986534,0.0,0.0,145.72203526231448,1980.0,68.81102879322383,663.5106837437953,,,,False,False,not_attempted,0,0,0,0,13,2,0.15384615384615385,143.793949605761,1607.0,False,,,False,3,0
ga,static_frozen,33,1980.0,33.0,6,recovering,recovering,2 14 53 69,1687,2.336448598130841,0.428,0.12,32.1293213401735,18.55,8,2,6,0.47580230564107445,0.23790115282053723,146.19783756795556,60.0,2040.0,0.0,0.0,0.0,25.747750799986534,0.0,0.0,146.19783756795556,2040.0,61.5547992303523,655.1332221397266,,,,False,False,not_attempted,0,0,0,0,17,0,0.0,143.70061627242765,1635.0,False,,,False,2,0
ga,static_frozen,34,2040.0,34.0,6,recovering,recovering,2 14 53 69,1687,2.2026431718061676,0.45399999999999996,0.16,32.37639908536983,18.566666666666666,6,1,5,0.2624377200005651,0.2624377200005651,146.46027528795614,60.0,2100.0,0.0,0.0,0.0,25.747750799986534,0.0,0.0,146.46027528795614,2100.0,57.20989206827294,600.3403468532857,,,,False,False,not_attempted,0,0,0,0,3,0,0.0,143.63972290957585,1635.0,False,,,False,2,0
ga,static_frozen,35,2100.0,35.0,7,recovering,recovering,2 14 53 69,1687,2.0833333333333335,0.48,0.2,32.59993709044963,18.583333333333332,5,1,4,0.28839580368852613,0.28839580368852613,146.74867109164467,60.0,2160.0,0.0,0.0,0.0,25.747750799986534,0.0,0.0,146.74867109164467,2160.0,53.441186542070575,519.1317680142172,,,,False,False,not_attempted,0,0,0,0,4,0,0.0,143.63972290957585,1725.0,False,,,False,2,0
ga,static_frozen,36,2160.0,36.0,7,recovering,recovering,2 14 53 69,1687,1.976284584980237,0.506,0.24,32.803146430184874,18.6,4,1,3,0.23878687577792307,0.23878687577792307,146.98745796742259,60.0,2220.0,0.0,0.0,0.0,25.747750799986534,0.0,0.0,146.98745796742259,2220.0,49.94283461154625,516.0720814532331,,,,False,False,not_attempted,0,0,0,0,6,0,0.0,143.63972290957585,1725.0,False,,,False,1,0
ga,static_frozen,37,2220.0,37.0,7,recovering,recovering,2 14 53 69,1687,1.8796992481203008,0.532,0.28,32.98867954681469,18.616666666666667,3,1,2,0.11333918355261022,0.11333918355261022,147.10079715097518,60.0,2280.0,0.0,0.0,0.0,25.747750799986534,0.0,0.0,147.10079715097518,2280.0,46.79717935105847,513.3114619997136,,,,False,False,not_attempted,0,0,0,0,0,0,0.0,143.63972290957585,1937.0,False,,,False,1,0
ga,static_frozen,38,2280.0,38.0,7,recovering,recovering,2 14 53 69,1687,1.7921146953405016,0.558,0.32,33.15874666871985,18.633333333333333,2,1,1,0.2536637886641754,0.2536637886641754,147.35446093963935,60.0,2340.0,0.0,0.0,0.0,25.747750799986534,0.0,0.0,147.35446093963935,2340.0,44.191281792265315,510.80810457412076,,,,False,False,not_attempted,0,0,0,0,14,0,0.0,143.63972290957585,1937.0,False,,,False,1,0
ga,static_frozen,39,2340.0,39.0,7,recovering,recovering,2 14 53 69,1687,1.7123287671232879,0.584,0.36,33.31520428011182,18.65,1,0,1,0.584529592030353,0.584529592030353,147.9389905316697,60.0,2400.0,0.0,0.0,0.0,25.747750799986534,0.0,0.0,147.9389905316697,2400.0,41.607679980140986,508.5276488371081,,,,False,False,not_attempted,0,0,0,0,18,0,0.0,143.63972290957585,1937.0,False,,,False,1,0
ga,static_frozen,40,2400.0,40.0,8,recovering,recovering,2 14 53 69,1687,1.639344262295082,0.61,0.4,33.459623168665104,18.666666666666668,1,0,1,1.1572755097749694,1.1572755097749694,149.09626604144466,60.0,2460.0,0.0,0.0,0.0,25.747750799986534,0.0,0.0,149.09626604144466,2460.0,38.85316454743418,506.4415926055457,,,,False,False,not_attempted,0,0,0,0,4,4,1.0,143.63972290957585,1937.0,False,,,False,1,0
ga,static_frozen,41,2460.0,41.0,8,recovering,recovering,2 14 53 69,1687,1.572327044025157,0.636,0.44,33.59334134719233,18.683333333333334,1,0,1,0.41634262125388755,0.41634262125388755,149.51260866269854,60.0,2520.0,0.0,0.0,0.0,25.747750799986534,0.0,0.0,149.51260866269854,2520.0,35.71410962454631,504.5260944306519,,,,False,False,not_attempted,0,0,0,0,1,1,1.0,143.63972290957585,1937.0,False,,,False,1,0
ga,static_frozen,42,2520.0,42.0,8,recovering,recovering,2 14 53 69,1687,1.5105740181268883,0.6619999999999999,0.48,33.71750563187888,18.7,1,0,1,0.09333333333333332,0.09333333333333332,149.60594199603187,60.0,2580.0,0.0,0.0,0.0,25.747750799986534,0.0,0.0,149.60594199603187,2580.0,33.523673579495295,502.76105834804576,,,,False,False,not_attempted,0,0,0,0,0,0,0.0,143.63972290957585,1937.0,False,,,False,0,0
ga,static_frozen,43,2580.0,43.0,8,recovering,recovering,2 14 53 69,1687,1.4534883720930234,0.688,0.52,33.833104615867185,18.716666666666665,1,1,0,29.053467743910716,29.053467743910716,178.6594097399426,503.07842256893593,3083.078422568936,0.0,0.0,0.0,25.747750799986534,0.0,0.0,178.6594097399426,3083.078422568936,31.915999936385543,501.1294261554041,,,,False,False,not_attempted,0,0,0,0,358,90,0.25139664804469275,136.74647072178504,1937.0,True,,,False,0,0
