method,policy,epoch,elapsed_s,elapsed_min,replan_epoch,traffic_state,traffic_change,center_bins,affected_edges,peak_tt_multiplier,speed_multiplier,recovery_progress,network_speed_kmh,sim_hour,remaining_bins_before,served_bins_epoch,remaining_bins_after,epoch_energy_kwh,epoch_energy_per_served_bin_kwh,cumulative_energy_kwh,epoch_operating_s,cumulative_operating_s,oracle_runtime_s,solver_runtime_s,planning_runtime_s,cumulative_planning_runtime_s,compute_wait_aux_energy_kwh,cumulative_compute_wait_aux_energy_kwh,latency_adjusted_energy_kwh,latency_adjusted_time_s,planned_remaining_energy_kwh,planned_remaining_makespan_s,incumbent_plan_energy_kwh,candidate_plan_energy_kwh,candidate_energy_improvement_kwh,replan_attempted,replan_accepted,acceptance_reason,candidate_next_choice_changes,candidate_reassigned_bins,next_choice_changes,reassigned_bins,traversed_edges,disrupted_edges_traversed,disrupted_edge_share,min_battery_kwh,max_payload_kg,returned_to_depot,converged,rounds,replanned,active_planning_vehicles,vehicles_still_requiring_first_service
proposed,adaptive,0,0.0,0.0,0,normal,initial,3 22 23 65,0,1.0,1.0,0.0,34.78037077224997,18.0,84,0,84,18.947812200580838,18.947812200580838,18.947812200580838,60.0,60.0,10.709383900044486,1128.8861950000282,1139.5955789000727,1139.5955789000727,0.0,0.0,18.947812200580838,60.0,124.98723160038621,2771.5048752969888,,,,False,False,initial_plan,0,0,0,0,123,0,0.0,177.2717760608753,0.0,False,,,True,10,10
proposed,adaptive,1,60.0,1.0,0,normal,normal,3 22 23 65,0,1.0,1.0,0.0,34.78037077224997,18.016666666666666,84,0,84,3.6431287464134887,3.6431287464134887,22.590940946994326,60.0,120.0,0.0,0.0,0.0,1139.5955789000727,0.0,0.0,22.590940946994326,120.0,105.50890338066785,2707.1370397431347,,,,False,False,not_attempted,0,0,0,0,83,0,0.0,176.43141531177028,0.0,False,,,False,9,10
proposed,adaptive,2,120.0,2.0,0,normal,normal,3 22 23 65,0,1.0,1.0,0.0,34.78037077224997,18.033333333333335,84,3,81,2.150613593169741,0.716871197723247,24.741554540164067,60.0,180.0,0.0,0.0,0.0,1139.5955789000727,0.0,0.0,24.741554540164067,180.0,101.10086336244001,2575.1489099165824,,,,False,False,not_attempted,0,0,0,0,49,0,0.0,176.33808197843695,215.0,False,,,False,8,7
proposed,adaptive,3,180.0,3.0,0,normal,normal,3 22 23 65,0,1.0,1.0,0.0,34.78037077224997,18.05,81,3,78,3.271356097706687,1.0904520325688958,28.012910637870753,60.0,240.0,0.0,0.0,0.0,1139.5955789000727,0.0,0.0,28.012910637870753,240.0,99.24169389457438,2575.1489099165824,,,,False,False,not_attempted,0,0,0,0,57,0,0.0,176.08417388140913,215.0,False,,,False,8,4
proposed,adaptive,4,240.0,4.0,0,normal,normal,3 22 23 65,0,1.0,1.0,0.0,34.78037077224997,18.066666666666666,78,1,77,3.7024315460081656,3.7024315460081656,31.715342183878917,60.0,300.0,0.0,0.0,0.0,1139.5955789000727,0.0,0.0,31.715342183878917,300.0,96.4371557706104,2523.292639918653,,,,False,False,not_attempted,0,0,0,0,61,0,0.0,174.23595111138894,249.0,False,,,False,7,3
proposed,adaptive,5,300.0,5.0,1,normal,normal,3 22 23 65,0,1.0,1.0,0.0,34.78037077224997,18.083333333333332,77,2,75,2.7189758189326834,1.3594879094663417,34.4343180028116,60.0,360.0,9.544971400056966,139.28135049995035,148.82632190000731,1288.42190080008,0.0,0.0,34.4343180028116,360.0,92.79090225860935,2353.701123446594,92.79090225860935,96.66345094303185,-3.8725486844224974,True,False,incumbent_not_worse,8,51,0,0,41,0,0.0,174.1426177780556,402.0,False,True,21.0,True,7,3
proposed,adaptive,6,360.0,6.0,1,normal,normal,3 22 23 65,0,1.0,1.0,0.0,34.78037077224997,18.1,75,3,72,4.611279417259635,1.5370931390865452,39.04559742007124,60.0,420.0,0.0,0.0,0.0,1288.42190080008,0.0,0.0,39.04559742007124,420.0,90.05551392370413,2353.701123446594,,,,False,False,not_attempted,0,0,0,0,41,0,0.0,173.80269504982573,402.0,False,,,False,7,2
proposed,adaptive,7,420.0,7.0,1,normal,normal,3 22 23 65,0,1.0,1.0,0.0,34.78037077224997,18.116666666666667,72,1,71,5.190400002822974,5.190400002822974,44.235997422894215,60.0,480.0,0.0,0.0,0.0,1288.42190080008,0.0,0.0,44.235997422894215,480.0,85.29960763845678,2350.428994697508,,,,False,False,not_attempted,0,0,0,0,51,0,0.0,171.7315048732715,402.0,False,,,False,7,1
proposed,adaptive,8,480.0,8.0,1,normal,normal,3 22 23 65,0,1.0,1.0,0.0,34.78037077224997,18.133333333333333,71,2,69,2.495136967710586,1.247568483855293,46.7311343906048,60.0,540.0,0.0,0.0,0.0,1288.42190080008,0.0,0.0,46.7311343906048,540.0,79.97940923294234,2176.3863390623183,,,,False,False,not_attempted,0,0,0,0,19,0,0.0,171.63817153993816,422.0,False,,,False,7,0
proposed,adaptive,9,540.0,9.0,1,normal,normal,3 22 23 65,0,1.0,1.0,0.0,34.78037077224997,18.15,69,4,65,2.2682353970901716,0.5670588492725429,48.999369787694974,60.0,600.0,0.0,0.0,0.0,1288.42190080008,0.0,0.0,48.999369787694974,600.0,77.62879857543831,2176.3863390623183,,,,False,False,not_attempted,0,0,0,0,19,0,0.0,171.54640459197284,574.0,False,,,False,7,0
proposed,adaptive,10,600.0,10.0,2,degrading,degrading,3 22 23 65,0,1.0,1.0,0.0,34.78037077224997,18.166666666666668,65,1,64,2.264359248722955,2.264359248722955,51.26372903641793,60.0,660.0,5.64999645575881e-05,74.44967450003605,74.44973100000061,1362.8716318000806,0.0,0.0,51.26372903641793,660.0,75.37762181306357,2157.509480549697,75.37762181306357,80.01441057614328,-4.636788763079707,True,False,incumbent_not_worse,4,25,0,0,29,0,0.0,171.29011539682318,574.0,False,True,22.0,True,7,0
proposed,adaptive,11,660.0,11.0,2,degrading,degrading,3 22 23 65,3016,1.06951871657754,0.935,0.0,34.616227642784246,18.183333333333334,64,2,62,3.095483734518408,1.547741867259204,54.35921277093634,60.0,720.0,0.0,0.0,0.0,1362.8716318000806,0.0,0.0,54.35921277093634,720.0,76.65151994377051,2016.018542768718,,,,False,False,not_attempted,0,0,0,0,40,1,0.025,171.19678206348985,700.0,False,,,False,7,0
proposed,adaptive,12,720.0,12.0,2,degrading,degrading,3 22 23 65,3016,1.1494252873563218,0.87,0.0,34.42946093125795,18.2,62,3,59,3.56647158190237,1.1888238606341233,57.92568435283871,60.0,780.0,0.0,0.0,0.0,1362.8716318000806,0.0,0.0,57.92568435283871,780.0,77.79356686321573,2017.8786684140218,,,,False,False,not_attempted,0,0,0,0,40,0,0.0,169.9712503230566,791.0,False,,,False,7,0
proposed,adaptive,13,780.0,13.0,2,degrading,degrading,3 22 23 65,3016,1.2422360248447206,0.8049999999999999,0.0,34.21504719348918,18.216666666666665,59,1,58,3.505495016183417,3.505495016183417,61.431179369022125,60.0,840.0,0.0,0.0,0.0,1362.8716318000806,0.0,0.0,61.431179369022125,840.0,79.0005156619972,1996.8403592785833,,,,False,False,not_attempted,0,0,0,0,46,3,0.06521739130434782,168.5742888930247,791.0,False,,,False,7,0
proposed,adaptive,14,840.0,14.0,2,degrading,degrading,3 22 23 65,3016,1.3513513513513513,0.74,0.0,33.96635687075199,18.233333333333334,58,2,56,3.0547166402937265,1.5273583201468632,64.48589600931585,60.0,900.0,0.0,0.0,0.0,1362.8716318000806,0.0,0.0,64.48589600931585,900.0,81.28098406179346,1938.0457364457268,,,,False,False,not_attempted,0,0,0,0,37,18,0.4864864864864865,168.15686244557824,848.0,False,,,False,7,0
proposed,adaptive,15,900.0,15.0,3,degrading,degrading,3 22 23 65,3016,1.4814814814814814,0.675,0.0,33.6744566342527,18.25,56,2,54,3.409067477866354,1.704533738933177,67.89496348718221,60.0,960.0,9.602025300031528,110.63658479996957,120.2386101000011,1483.1102419000817,0.0,0.0,67.89496348718221,960.0,83.836180338556,1805.0088100694727,84.62330106782552,83.836180338556,0.7871207292695175,True,True,lower_residual_energy,3,4,3,4,37,5,0.13513513513513514,168.0635291122449,848.0,False,True,20.0,True,9,0
proposed,adaptive,16,960.0,16.0,3,degrading,degrading,3 22 23 65,3016,1.639344262295082,0.61,0.0,33.32701347891001,18.266666666666666,54,2,52,3.1720499792988615,1.5860249896494307,71.06701346648107,60.0,1020.0,0.0,0.0,0.0,1483.1102419000817,0.0,0.0,71.06701346648107,1020.0,87.29322261518038,1808.6836593862242,,,,False,False,not_attempted,0,0,0,0,35,7,0.2,167.08289017604287,907.0,False,,,False,8,0
proposed,adaptive,17,1020.0,17.0,3,degrading,degrading,3 22 23 65,3016,1.8348623853211008,0.545,0.0,32.906507451761335,18.283333333333335,52,5,47,4.38551403337121,0.8771028066742421,75.45252749985228,60.0,1080.0,0.0,0.0,0.0,1483.1102419000817,0.0,0.0,75.45252749985228,1080.0,93.12157680275992,1770.1606602468148,,,,False,False,not_attempted,0,0,0,0,36,5,0.1388888888888889,166.46306654949578,907.0,False,,,False,8,0
proposed,adaptive,18,1080.0,18.0,3,degrading,degrading,3 22 23 65,3016,2.0833333333333335,0.48,0.0,32.38718437773333,18.3,47,2,45,3.7850628341599255,1.8925314170799628,79.23759033401221,60.0,1140.0,0.0,0.0,0.0,1483.1102419000817,0.0,0.0,79.23759033401221,1140.0,98.30877481340504,1651.7169810621156,,,,False,False,not_attempted,0,0,0,0,26,3,0.11538461538461539,166.36973321616244,907.0,False,,,False,8,0
proposed,adaptive,19,1140.0,19.0,3,degrading,degrading,3 22 23 65,3016,2.409638554216868,0.4149999999999999,0.0,31.72957427121698,18.316666666666666,45,2,43,1.9345765268064892,0.9672882634032446,81.1721668608187,60.0,1200.0,0.0,0.0,0.0,1483.1102419000817,0.0,0.0,81.1721668608187,1200.0,105.5901749080392,1646.8239674395018,,,,False,False,not_attempted,0,0,0,0,8,0,0.0,165.7503132487021,988.0,False,,,False,6,0
proposed,adaptive,20,1200.0,20.0,4,disrupted,holding,3 22 23 65,3016,2.857142857142857,0.35,0.0,30.869958212648605,18.333333333333332,43,5,38,1.0316748252373023,0.20633496504746046,82.20384168605601,60.0,1260.0,9.887264900025912,99.33088579995092,109.21815069997683,1592.3283926000586,0.0,0.0,82.20384168605601,1260.0,117.68241864616783,1683.9410033429813,117.68241864616783,127.740582313382,-10.058163667214174,True,False,incumbent_not_worse,3,17,0,0,31,0,0.0,165.65697991536877,1076.0,False,True,21.0,True,6,0
proposed,adaptive,21,1260.0,21.0,4,disrupted,disrupted,3 22 23 65,3016,2.857142857142857,0.35,0.0,30.869958212648605,18.35,38,3,35,1.8563760511984555,0.6187920170661518,84.06021773725446,60.0,1320.0,0.0,0.0,0.0,1592.3283926000586,0.0,0.0,84.06021773725446,1320.0,117.00886559849178,1683.9410033429813,,,,False,False,not_attempted,0,0,0,0,24,0,0.0,165.32368468334354,1171.0,False,,,False,6,0
proposed,adaptive,22,1320.0,22.0,4,disrupted,disrupted,3 22 23 65,3016,2.857142857142857,0.35,0.0,30.869958212648605,18.366666666666667,35,1,34,1.669334845333288,1.669334845333288,85.72955258258774,60.0,1380.0,0.0,0.0,0.0,1592.3283926000586,0.0,0.0,85.72955258258774,1380.0,114.6049037108327,1648.5368843498463,,,,False,False,not_attempted,0,0,0,0,28,2,0.07142857142857142,165.03699232660028,1171.0,False,,,False,6,0
proposed,adaptive,23,1380.0,23.0,4,disrupted,disrupted,3 22 23 65,3016,2.857142857142857,0.35,0.0,30.869958212648605,18.383333333333333,34,2,32,2.467409569490611,1.2337047847453055,88.19696215207836,60.0,1440.0,0.0,0.0,0.0,1592.3283926000586,0.0,0.0,88.19696215207836,1440.0,113.33154050992819,1517.3785824504857,,,,False,False,not_attempted,0,0,0,0,21,4,0.19047619047619047,164.94365899326695,1171.0,False,,,False,6,0
proposed,adaptive,24,1440.0,24.0,4,disrupted,disrupted,3 22 23 65,3016,2.857142857142857,0.35,0.0,30.869958212648605,18.4,32,1,31,2.403030261242497,2.403030261242497,90.59999241332085,60.0,1500.0,0.0,0.0,0.0,1592.3283926000586,0.0,0.0,90.59999241332085,1500.0,110.70942734704008,1517.3785824504857,,,,False,False,not_attempted,0,0,0,0,20,3,0.15,164.71876669802194,1171.0,False,,,False,6,0
proposed,adaptive,25,1500.0,25.0,5,disrupted,disrupted,3 22 23 65,3016,2.857142857142857,0.35,0.0,30.869958212648605,18.416666666666668,31,2,29,3.325457143054243,1.6627285715271214,93.92544955637509,60.0,1560.0,6.250001024454832e-05,30.094951799954288,30.095014299964532,1622.423406900023,0.0,0.0,93.92544955637509,1560.0,108.46801785951678,1372.306516328687,108.46801785951678,117.08242819431752,-8.614410334800738,True,False,incumbent_not_worse,5,19,0,0,52,5,0.09615384615384616,164.6254333646886,1171.0,False,True,23.0,True,6,0
proposed,adaptive,26,1560.0,26.0,5,disrupted,disrupted,3 22 23 65,3016,2.857142857142857,0.35,0.0,30.869958212648605,18.433333333333334,29,2,27,3.9408134511714152,1.9704067255857076,97.86626300754651,60.0,1620.0,0.0,0.0,0.0,1622.423406900023,0.0,0.0,97.86626300754651,1620.0,105.11768963349672,1372.306516328687,,,,False,False,not_attempted,0,0,0,0,43,4,0.09302325581395349,163.96632685146568,1171.0,False,,,False,6,0
proposed,adaptive,27,1620.0,27.0,5,disrupted,disrupted,3 22 23 65,3016,2.857142857142857,0.35,0.0,30.869958212648605,18.45,27,0,27,4.092688232880182,4.092688232880182,101.95895124042669,60.0,1680.0,0.0,0.0,0.0,1622.423406900023,0.0,0.0,101.95895124042669,1680.0,100.35664528650805,1357.110010027815,,,,False,False,not_attempted,0,0,0,0,11,1,0.09090909090909091,161.41371659174663,1171.0,False,,,False,6,0
proposed,adaptive,28,1680.0,28.0,5,disrupted,disrupted,3 22 23 65,3016,2.857142857142857,0.35,0.0,30.869958212648605,18.466666666666665,27,3,24,1.2050414266729108,0.4016804755576369,103.16399266709959,60.0,1740.0,0.0,0.0,0.0,1622.423406900023,0.0,0.0,103.16399266709959,1740.0,97.00576523058179,1204.6074569552127,,,,False,False,not_attempted,0,0,0,0,17,1,0.058823529411764705,161.3203832584133,1419.0,False,,,False,6,0
proposed,adaptive,29,1740.0,29.0,5,disrupted,disrupted,3 22 23 65,3016,2.857142857142857,0.35,0.0,30.869958212648605,18.483333333333334,24,3,21,4.275950501813293,1.4253168339377644,107.43994316891289,60.0,1800.0,0.0,0.0,0.0,1622.423406900023,0.0,0.0,107.43994316891289,1800.0,95.6771903381156,1204.6074569552127,,,,False,False,not_attempted,0,0,0,0,10,7,0.7,160.74588886392843,1419.0,False,,,False,6,0
proposed,adaptive,30,1800.0,30.0,6,recovering,recovering,3 22 23 65,3016,2.857142857142857,0.35,0.0,30.869958212648605,18.5,21,2,19,8.717738373619245,4.358869186809622,116.15768154253213,60.0,1860.0,6.510003004223108e-05,34.66907429997809,34.669139400008135,1657.0925463000312,0.0,0.0,116.15768154253213,1860.0,91.00504738320731,1062.108273565076,91.15099032444115,91.00504738320731,0.14594294123384088,True,True,lower_residual_energy,1,3,1,3,33,18,0.5454545454545454,159.74015352224126,1669.0,False,True,24.0,True,7,0
proposed,adaptive,31,1860.0,31.0,6,recovering,recovering,3 22 23 65,3016,2.6595744680851063,0.376,0.04,31.243657601678347,18.516666666666666,19,2,17,6.034634196769219,3.0173170983846096,122.19231573930135,60.0,1920.0,0.0,0.0,0.0,1657.0925463000312,0.0,0.0,122.19231573930135,1920.0,78.35321452081942,1056.9772471309568,,,,False,False,not_attempted,0,0,0,0,43,10,0.23255813953488372,159.05980136223357,1669.0,False,,,False,7,0
proposed,adaptive,32,1920.0,32.0,6,recovering,recovering,3 22 23 65,3016,2.4875621890547266,0.40199999999999997,0.08,31.576464128164858,18.533333333333335,17,0,17,5.6434166960667715,5.6434166960667715,127.83573243536812,60.0,1980.0,0.0,0.0,0.0,1657.0925463000312,0.0,0.0,127.83573243536812,1980.0,68.85778397194599,1036.1085526312338,,,,False,False,not_attempted,0,0,0,0,22,8,0.36363636363636365,158.85754777961873,1669.0,False,,,False,5,0
proposed,adaptive,33,1980.0,33.0,6,recovering,recovering,3 22 23 65,3016,2.336448598130841,0.428,0.12,31.874741780209174,18.55,17,3,14,0.7695359352013402,0.25651197840044676,128.60526837056946,60.0,2040.0,0.0,0.0,0.0,1657.0925463000312,0.0,0.0,128.60526837056946,2040.0,60.7722631916957,736.7549054087649,,,,False,False,not_attempted,0,0,0,0,10,0,0.0,158.7642144462854,1820.0,False,,,False,5,0
proposed,adaptive,34,2040.0,34.0,6,recovering,recovering,3 22 23 65,3016,2.2026431718061676,0.45399999999999996,0.16,32.14359913561627,18.566666666666666,14,3,11,3.36330444047272,1.1211014801575734,131.96857281104218,60.0,2100.0,0.0,0.0,0.0,1657.0925463000312,0.0,0.0,131.96857281104218,2100.0,57.78160396485521,733.6400814016579,,,,False,False,not_attempted,0,0,0,0,30,7,0.23333333333333334,158.41298043952116,1820.0,False,,,False,4,0
proposed,adaptive,35,2100.0,35.0,7,recovering,recovering,3 22 23 65,3016,2.0833333333333335,0.48,0.2,32.38718437773333,18.583333333333332,11,1,10,5.615923366728904,5.615923366728904,137.5844961777711,60.0,2160.0,10.477382199955173,37.93906230002176,48.41644449997693,1705.5089908000082,0.0,0.0,137.5844961777711,2160.0,52.07196636421159,691.2636671418936,52.07196636421159,52.07196636421159,0.0,True,False,incumbent_not_worse,0,0,0,0,28,10,0.35714285714285715,156.3867277660453,1820.0,False,True,26.0,True,4,0
proposed,adaptive,36,2160.0,36.0,7,recovering,recovering,3 22 23 65,3016,1.976284584980237,0.506,0.24,32.60890085287041,18.6,10,0,10,0.8637327134970085,0.8637327134970085,138.4482288912681,60.0,2220.0,0.0,0.0,0.0,1705.5089908000082,0.0,0.0,138.4482288912681,2220.0,44.601590525920976,541.0901177717576,,,,False,False,not_attempted,0,0,0,0,1,1,1.0,156.29339443271198,1820.0,False,,,False,4,0
proposed,adaptive,37,2220.0,37.0,7,recovering,recovering,3 22 23 65,3016,1.8796992481203008,0.532,0.28,32.811567064520624,18.616666666666667,10,3,7,3.2892202658755263,1.0964067552918422,141.7374491571436,60.0,2280.0,0.0,0.0,0.0,1705.5089908000082,0.0,0.0,141.7374491571436,2280.0,42.09869628874064,530.1351573748294,,,,False,False,not_attempted,0,0,0,0,16,9,0.5625,155.24281934168548,1820.0,False,,,False,4,0
proposed,adaptive,38,2280.0,38.0,7,recovering,recovering,3 22 23 65,3016,1.7921146953405016,0.558,0.32,32.99753712540496,18.633333333333333,7,0,7,1.126817140603099,1.126817140603099,142.8642662977467,60.0,2340.0,0.0,0.0,0.0,1705.5089908000082,0.0,0.0,142.8642662977467,2340.0,36.34105796064585,494.8202031914842,,,,False,False,not_attempted,0,0,0,0,5,1,0.2,154.8027463471903,1820.0,False,,,False,3,0
proposed,adaptive,39,2340.0,39.0,7,recovering,recovering,3 22 23 65,3016,1.7123287671232879,0.584,0.36,33.168792617820394,18.65,7,2,5,0.6616425109209825,0.33082125546049124,143.52590880866768,60.0,2400.0,0.0,0.0,0.0,1705.5089908000082,0.0,0.0,143.52590880866768,2400.0,34.01770306689549,368.33202491498884,,,,False,False,not_attempted,0,0,0,0,8,1,0.125,154.70941301385696,1850.0,False,,,False,3,0
proposed,adaptive,40,2400.0,40.0,8,recovering,recovering,3 22 23 65,3016,1.639344262295082,0.61,0.4,33.32701347891001,18.666666666666668,5,1,4,1.1496579644366807,1.1496579644366807,144.67556677310435,60.0,2460.0,10.71457139996346,0.04236949991900474,10.756940899882466,1716.2659316998906,0.0,0.0,144.67556677310435,2460.0,31.740236735752386,366.6330363610112,31.740236735752386,31.740236735752386,0.0,True,False,incumbent_not_worse,0,0,0,0,4,0,0.0,153.74642171608696,1850.0,False,True,18.0,True,1,0
proposed,adaptive,41,2460.0,41.0,8,recovering,recovering,3 22 23 65,3016,1.572327044025157,0.636,0.44,33.473633293615485,18.683333333333334,4,2,2,0.1312399009518042,0.0656199504759021,144.80680667405616,60.0,2520.0,0.0,0.0,0.0,1716.2659316998906,0.0,0.0,144.80680667405616,2520.0,29.201126823578004,213.27227001489524,,,,False,False,not_attempted,0,0,0,0,0,0,0.0,153.65308838275362,1869.0,False,,,False,1,0
proposed,adaptive,42,2520.0,42.0,8,recovering,recovering,3 22 23 65,3016,1.5105740181268883,0.6619999999999999,0.48,33.609882855206216,18.7,2,1,1,0.47142138958696145,0.47142138958696145,145.27822806364313,60.0,2580.0,0.0,0.0,0.0,1716.2659316998906,0.0,0.0,145.27822806364313,2580.0,27.883362477376757,211.8347363298808,,,,False,False,not_attempted,0,0,0,0,1,0,0.0,153.18166699316666,1869.0,False,,,False,1,0
proposed,adaptive,43,2580.0,43.0,8,recovering,recovering,3 22 23 65,3016,1.4534883720930234,0.688,0.52,33.7368247985553,18.716666666666665,1,0,1,1.495272089638964,1.495272089638964,146.7735001532821,60.0,2640.0,0.0,0.0,0.0,1716.2659316998906,0.0,0.0,146.7735001532821,2640.0,25.838035649235472,192.6089113070304,,,,False,False,not_attempted,0,0,0,0,3,0,0.0,151.6863949035277,1869.0,False,,,False,1,0
proposed,adaptive,44,2640.0,44.0,8,recovering,recovering,3 22 23 65,3016,1.400560224089636,0.714,0.56,33.85538137013096,18.733333333333334,1,0,1,0.09333333333333332,0.09333333333333332,146.86683348661543,60.0,2700.0,0.0,0.0,0.0,1716.2659316998906,0.0,0.0,146.86683348661543,2700.0,23.54025091028464,158.26217357875004,,,,False,False,not_attempted,0,0,0,0,0,0,0.0,151.59306157019438,1869.0,False,,,False,0,0
proposed,adaptive,45,2700.0,45.0,9,recovering,recovering,3 22 23 65,3016,1.3513513513513513,0.74,0.6,33.96635687075199,18.75,1,1,0,21.072579194154134,21.072579194154134,167.93941268076958,171.04454459722373,2871.0445445972236,0.0,0.0,0.0,1716.2659316998906,0.0,0.0,167.93941268076958,2871.0445445972236,22.495760244001787,157.9706259027686,,,,False,False,not_attempted,0,0,0,0,183,71,0.3879781420765027,147.9375214793428,1869.0,True,,,False,0,0
proposed,static_live,0,0.0,0.0,0,normal,initial,3 22 23 65,0,1.0,1.0,0.0,34.78037077224997,18.0,84,0,84,18.947812200580838,18.947812200580838,18.947812200580838,60.0,60.0,10.709383900044486,1128.8861950000282,1139.5955789000727,1139.5955789000727,0.0,0.0,18.947812200580838,60.0,124.98723160038621,2771.5048752969888,,,,False,False,initial_plan,0,0,0,0,123,0,0.0,177.2717760608753,0.0,False,,,True,10,10
proposed,static_live,1,60.0,1.0,0,normal,normal,3 22 23 65,0,1.0,1.0,0.0,34.78037077224997,18.016666666666666,84,0,84,3.6431287464134887,3.6431287464134887,22.590940946994326,60.0,120.0,0.0,0.0,0.0,1139.5955789000727,0.0,0.0,22.590940946994326,120.0,105.50890338066785,2707.1370397431347,,,,False,False,not_attempted,0,0,0,0,83,0,0.0,176.43141531177028,0.0,False,,,False,9,10
proposed,static_live,2,120.0,2.0,0,normal,normal,3 22 23 65,0,1.0,1.0,0.0,34.78037077224997,18.033333333333335,84,3,81,2.150613593169741,0.716871197723247,24.741554540164067,60.0,180.0,0.0,0.0,0.0,1139.5955789000727,0.0,0.0,24.741554540164067,180.0,101.10086336244001,2575.1489099165824,,,,False,False,not_attempted,0,0,0,0,49,0,0.0,176.33808197843695,215.0,False,,,False,8,7
proposed,static_live,3,180.0,3.0,0,normal,normal,3 22 23 65,0,1.0,1.0,0.0,34.78037077224997,18.05,81,3,78,3.271356097706687,1.0904520325688958,28.012910637870753,60.0,240.0,0.0,0.0,0.0,1139.5955789000727,0.0,0.0,28.012910637870753,240.0,99.24169389457438,2575.1489099165824,,,,False,False,not_attempted,0,0,0,0,57,0,0.0,176.08417388140913,215.0,False,,,False,8,4
proposed,static_live,4,240.0,4.0,0,normal,normal,3 22 23 65,0,1.0,1.0,0.0,34.78037077224997,18.066666666666666,78,1,77,3.7024315460081656,3.7024315460081656,31.715342183878917,60.0,300.0,0.0,0.0,0.0,1139.5955789000727,0.0,0.0,31.715342183878917,300.0,96.4371557706104,2523.292639918653,,,,False,False,not_attempted,0,0,0,0,61,0,0.0,174.23595111138894,249.0,False,,,False,7,3
proposed,static_live,5,300.0,5.0,1,normal,normal,3 22 23 65,0,1.0,1.0,0.0,34.78037077224997,18.083333333333332,77,2,75,2.7189758189326834,1.3594879094663417,34.4343180028116,60.0,360.0,0.0,0.0,0.0,1139.5955789000727,0.0,0.0,34.4343180028116,360.0,92.79090225860935,2353.701123446594,,,,False,False,not_attempted,0,0,0,0,41,0,0.0,174.1426177780556,402.0,False,,,False,7,3
proposed,static_live,6,360.0,6.0,1,normal,normal,3 22 23 65,0,1.0,1.0,0.0,34.78037077224997,18.1,75,3,72,4.611279417259635,1.5370931390865452,39.04559742007124,60.0,420.0,0.0,0.0,0.0,1139.5955789000727,0.0,0.0,39.04559742007124,420.0,90.05551392370413,2353.701123446594,,,,False,False,not_attempted,0,0,0,0,41,0,0.0,173.80269504982573,402.0,False,,,False,7,2
proposed,static_live,7,420.0,7.0,1,normal,normal,3 22 23 65,0,1.0,1.0,0.0,34.78037077224997,18.116666666666667,72,1,71,5.190400002822974,5.190400002822974,44.235997422894215,60.0,480.0,0.0,0.0,0.0,1139.5955789000727,0.0,0.0,44.235997422894215,480.0,85.29960763845678,2350.428994697508,,,,False,False,not_attempted,0,0,0,0,51,0,0.0,171.7315048732715,402.0,False,,,False,7,1
proposed,static_live,8,480.0,8.0,1,normal,normal,3 22 23 65,0,1.0,1.0,0.0,34.78037077224997,18.133333333333333,71,2,69,2.495136967710586,1.247568483855293,46.7311343906048,60.0,540.0,0.0,0.0,0.0,1139.5955789000727,0.0,0.0,46.7311343906048,540.0,79.97940923294234,2176.3863390623183,,,,False,False,not_attempted,0,0,0,0,19,0,0.0,171.63817153993816,422.0,False,,,False,7,0
proposed,static_live,9,540.0,9.0,1,normal,normal,3 22 23 65,0,1.0,1.0,0.0,34.78037077224997,18.15,69,4,65,2.2682353970901716,0.5670588492725429,48.999369787694974,60.0,600.0,0.0,0.0,0.0,1139.5955789000727,0.0,0.0,48.999369787694974,600.0,77.62879857543831,2176.3863390623183,,,,False,False,not_attempted,0,0,0,0,19,0,0.0,171.54640459197284,574.0,False,,,False,7,0
proposed,static_live,10,600.0,10.0,2,degrading,degrading,3 22 23 65,0,1.0,1.0,0.0,34.78037077224997,18.166666666666668,65,1,64,2.264359248722955,2.264359248722955,51.26372903641793,60.0,660.0,0.0,0.0,0.0,1139.5955789000727,0.0,0.0,51.26372903641793,660.0,75.37762181306358,2157.509480549697,,,,False,False,not_attempted,0,0,0,0,29,0,0.0,171.29011539682318,574.0,False,,,False,7,0
proposed,static_live,11,660.0,11.0,2,degrading,degrading,3 22 23 65,3016,1.06951871657754,0.935,0.0,34.616227642784246,18.183333333333334,64,2,62,3.095483734518408,1.547741867259204,54.35921277093634,60.0,720.0,0.0,0.0,0.0,1139.5955789000727,0.0,0.0,54.35921277093634,720.0,76.65151994377051,2016.018542768718,,,,False,False,not_attempted,0,0,0,0,40,1,0.025,171.19678206348985,700.0,False,,,False,7,0
proposed,static_live,12,720.0,12.0,2,degrading,degrading,3 22 23 65,3016,1.1494252873563218,0.87,0.0,34.42946093125795,18.2,62,3,59,3.56647158190237,1.1888238606341233,57.92568435283871,60.0,780.0,0.0,0.0,0.0,1139.5955789000727,0.0,0.0,57.92568435283871,780.0,77.79356686321573,2017.8786684140218,,,,False,False,not_attempted,0,0,0,0,40,0,0.0,169.9712503230566,791.0,False,,,False,7,0
proposed,static_live,13,780.0,13.0,2,degrading,degrading,3 22 23 65,3016,1.2422360248447206,0.8049999999999999,0.0,34.21504719348918,18.216666666666665,59,1,58,3.505495016183417,3.505495016183417,61.431179369022125,60.0,840.0,0.0,0.0,0.0,1139.5955789000727,0.0,0.0,61.431179369022125,840.0,79.0005156619972,1996.8403592785833,,,,False,False,not_attempted,0,0,0,0,46,3,0.06521739130434782,168.5742888930247,791.0,False,,,False,7,0
proposed,static_live,14,840.0,14.0,2,degrading,degrading,3 22 23 65,3016,1.3513513513513513,0.74,0.0,33.96635687075199,18.233333333333334,58,2,56,3.0547166402937265,1.5273583201468632,64.48589600931585,60.0,900.0,0.0,0.0,0.0,1139.5955789000727,0.0,0.0,64.48589600931585,900.0,81.28098406179346,1938.0457364457268,,,,False,False,not_attempted,0,0,0,0,37,18,0.4864864864864865,168.15686244557824,848.0,False,,,False,7,0
proposed,static_live,15,900.0,15.0,3,degrading,degrading,3 22 23 65,3016,1.4814814814814814,0.675,0.0,33.6744566342527,18.25,56,2,54,2.3479281122172897,1.1739640561086448,66.83382412153314,60.0,960.0,0.0,0.0,0.0,1139.5955789000727,0.0,0.0,66.83382412153314,960.0,84.62330106782552,1805.0088100694727,,,,False,False,not_attempted,0,0,0,0,35,7,0.2,168.0635291122449,848.0,False,,,False,7,0
proposed,static_live,16,960.0,16.0,3,degrading,degrading,3 22 23 65,3016,1.639344262295082,0.61,0.0,33.32701347891001,18.266666666666666,54,2,52,2.046688560095412,1.023344280047706,68.88051268162856,60.0,1020.0,0.0,0.0,0.0,1139.5955789000727,0.0,0.0,68.88051268162856,1020.0,89.62084487234395,1808.6836593862242,,,,False,False,not_attempted,0,0,0,0,28,0,0.0,167.08289017604287,907.0,False,,,False,7,0
proposed,static_live,17,1020.0,17.0,3,degrading,degrading,3 22 23 65,3016,1.8348623853211008,0.545,0.0,32.906507451761335,18.283333333333335,52,4,48,4.21337269700333,1.0533431742508326,73.0938853786319,60.0,1080.0,0.0,0.0,0.0,1139.5955789000727,0.0,0.0,73.0938853786319,1080.0,96.74714947264458,1770.1606602468148,,,,False,False,not_attempted,0,0,0,0,34,5,0.14705882352941177,166.46306654949578,930.0,False,,,False,7,0
proposed,static_live,18,1080.0,18.0,3,degrading,degrading,3 22 23 65,3016,2.0833333333333335,0.48,0.0,32.38718437773333,18.3,48,1,47,3.1890579748177283,3.1890579748177283,76.28294335344962,60.0,1140.0,0.0,0.0,0.0,1139.5955789000727,0.0,0.0,76.28294335344962,1140.0,101.65933280742341,1651.7169810621156,,,,False,False,not_attempted,0,0,0,0,19,0,0.0,166.36973321616244,930.0,False,,,False,7,0
proposed,static_live,19,1140.0,19.0,3,degrading,degrading,3 22 23 65,3016,2.409638554216868,0.4149999999999999,0.0,31.72957427121698,18.316666666666666,47,2,45,2.234679190941338,1.117339595470669,78.51762254439096,60.0,1200.0,0.0,0.0,0.0,1139.5955789000727,0.0,0.0,78.51762254439096,1200.0,110.97632899789731,1646.8239674395018,,,,False,False,not_attempted,0,0,0,0,24,0,0.0,165.7503132487021,988.0,False,,,False,7,0
proposed,static_live,20,1200.0,20.0,4,disrupted,holding,3 22 23 65,3016,2.857142857142857,0.35,0.0,30.869958212648605,18.333333333333332,45,3,42,1.2295299438143457,0.4098433146047819,79.7471524882053,60.0,1260.0,0.0,0.0,0.0,1139.5955789000727,0.0,0.0,79.7471524882053,1260.0,123.3363337975112,1683.9410033429813,,,,False,False,not_attempted,0,0,0,0,46,0,0.0,165.65697991536877,988.0,False,,,False,7,0
proposed,static_live,21,1260.0,21.0,4,disrupted,disrupted,3 22 23 65,3016,2.857142857142857,0.35,0.0,30.869958212648605,18.35,42,3,39,2.20482995428936,0.7349433180964534,81.95198244249467,60.0,1320.0,0.0,0.0,0.0,1139.5955789000727,0.0,0.0,81.95198244249467,1320.0,122.33834032101589,1683.9410033429813,,,,False,False,not_attempted,0,0,0,0,42,0,0.0,165.32368468334354,1171.0,False,,,False,7,0
proposed,static_live,22,1320.0,22.0,4,disrupted,disrupted,3 22 23 65,3016,2.857142857142857,0.35,0.0,30.869958212648605,18.366666666666667,39,1,38,2.9242783375503634,2.9242783375503634,84.87626078004503,60.0,1380.0,0.0,0.0,0.0,1139.5955789000727,0.0,0.0,84.87626078004503,1380.0,119.62139390794368,1648.5368843498463,,,,False,False,not_attempted,0,0,0,0,43,5,0.11627906976744186,165.03699232660028,1171.0,False,,,False,7,0
proposed,static_live,23,1380.0,23.0,4,disrupted,disrupted,3 22 23 65,3016,2.857142857142857,0.35,0.0,30.869958212648605,18.383333333333333,38,2,36,2.5607429028239443,1.2803714514119722,87.43700368286898,60.0,1440.0,0.0,0.0,0.0,1139.5955789000727,0.0,0.0,87.43700368286898,1440.0,116.9443977803587,1517.3785824504857,,,,False,False,not_attempted,0,0,0,0,21,4,0.19047619047619047,164.94365899326695,1171.0,False,,,False,7,0
proposed,static_live,24,1440.0,24.0,4,disrupted,disrupted,3 22 23 65,3016,2.857142857142857,0.35,0.0,30.869958212648605,18.4,36,2,34,3.2469763609434503,1.6234881804717252,90.68398004381243,60.0,1500.0,0.0,0.0,0.0,1139.5955789000727,0.0,0.0,90.68398004381243,1500.0,114.32228461747057,1517.3785824504857,,,,False,False,not_attempted,0,0,0,0,22,5,0.22727272727272727,164.71876669802194,1171.0,False,,,False,7,0
proposed,static_live,25,1500.0,25.0,5,disrupted,disrupted,3 22 23 65,3016,2.857142857142857,0.35,0.0,30.869958212648605,18.416666666666668,34,2,32,3.818613591737466,1.909306795868733,94.50259363554989,60.0,1560.0,0.0,0.0,0.0,1139.5955789000727,0.0,0.0,94.50259363554989,1560.0,111.267645968485,1372.306516328687,,,,False,False,not_attempted,0,0,0,0,53,6,0.11320754716981132,164.6254333646886,1171.0,False,,,False,7,0
proposed,static_live,26,1560.0,26.0,5,disrupted,disrupted,3 22 23 65,3016,2.857142857142857,0.35,0.0,30.869958212648605,18.433333333333334,32,2,30,4.086397156126588,2.043198578063294,98.58899079167648,60.0,1620.0,0.0,0.0,0.0,1139.5955789000727,0.0,0.0,98.58899079167648,1620.0,107.3580235698404,1372.306516328687,,,,False,False,not_attempted,0,0,0,0,48,5,0.10416666666666667,163.96632685146568,1171.0,False,,,False,6,0
proposed,static_live,27,1620.0,27.0,5,disrupted,disrupted,3 22 23 65,3016,2.857142857142857,0.35,0.0,30.869958212648605,18.45,30,1,29,5.500180025091523,5.500180025091523,104.089170816768,60.0,1680.0,0.0,0.0,0.0,1139.5955789000727,0.0,0.0,104.089170816768,1680.0,102.9170382717752,1357.110010027815,,,,False,False,not_attempted,0,0,0,0,16,6,0.375,161.41371659174663,1215.0,False,,,False,6,0
proposed,static_live,28,1680.0,28.0,5,disrupted,disrupted,3 22 23 65,3016,2.857142857142857,0.35,0.0,30.869958212648605,18.466666666666665,29,3,26,3.3449275246576726,1.1149758415525575,107.43409834142568,60.0,1740.0,0.0,0.0,0.0,1139.5955789000727,0.0,0.0,107.43409834142568,1740.0,97.67898776768313,1204.6074569552127,,,,False,False,not_attempted,0,0,0,0,22,6,0.2727272727272727,161.3203832584133,1419.0,False,,,False,6,0
proposed,static_live,29,1740.0,29.0,5,disrupted,disrupted,3 22 23 65,3016,2.857142857142857,0.35,0.0,30.869958212648605,18.483333333333334,26,2,24,3.858048682513182,1.929024341256591,111.29214702393887,60.0,1800.0,0.0,0.0,0.0,1139.5955789000727,0.0,0.0,111.29214702393887,1800.0,94.20708244598707,1204.6074569552127,,,,False,False,not_attempted,0,0,0,0,8,5,0.625,160.74588886392843,1419.0,False,,,False,6,0
proposed,static_live,30,1800.0,30.0,6,recovering,recovering,3 22 23 65,3016,2.857142857142857,0.35,0.0,30.869958212648605,18.5,24,3,21,3.828684676294394,1.2762282254314645,115.12083170023325,60.0,1860.0,0.0,0.0,0.0,1139.5955789000727,0.0,0.0,115.12083170023325,1860.0,90.49410775141416,1062.108273565076,,,,False,False,not_attempted,0,0,0,0,21,6,0.2857142857142857,159.74015352224126,1669.0,False,,,False,6,0
proposed,static_live,31,1860.0,31.0,6,recovering,recovering,3 22 23 65,3016,2.6595744680851063,0.376,0.04,31.243657601678347,18.516666666666666,21,2,19,5.082479910054271,2.5412399550271356,120.20331161028753,60.0,1920.0,0.0,0.0,0.0,1139.5955789000727,0.0,0.0,120.20331161028753,1920.0,82.52999585256026,1056.9772471309568,,,,False,False,not_attempted,0,0,0,0,34,10,0.29411764705882354,159.05980136223357,1669.0,False,,,False,6,0
proposed,static_live,32,1920.0,32.0,6,recovering,recovering,3 22 23 65,3016,2.4875621890547266,0.40199999999999997,0.08,31.576464128164858,18.533333333333335,19,0,19,6.753997541914532,6.753997541914532,126.95730915220206,60.0,1980.0,0.0,0.0,0.0,1139.5955789000727,0.0,0.0,126.95730915220206,1980.0,73.16450188451917,1036.1085526312338,,,,False,False,not_attempted,0,0,0,0,15,13,0.8666666666666667,158.85754777961873,1669.0,False,,,False,6,0
proposed,static_live,33,1980.0,33.0,6,recovering,recovering,3 22 23 65,3016,2.336448598130841,0.428,0.12,31.874741780209174,18.55,19,3,16,2.3879733675849035,0.7959911225283012,129.34528251978696,60.0,2040.0,0.0,0.0,0.0,1139.5955789000727,0.0,0.0,129.34528251978696,2040.0,64.15769838043823,736.7549054087649,,,,False,False,not_attempted,0,0,0,0,33,1,0.030303030303030304,158.48926539097062,1820.0,False,,,False,6,0
proposed,static_live,34,2040.0,34.0,6,recovering,recovering,3 22 23 65,3016,2.2026431718061676,0.45399999999999996,0.16,32.14359913561627,18.566666666666666,16,2,14,2.5794305118782965,1.2897152559391483,131.92471303166525,60.0,2100.0,0.0,0.0,0.0,1139.5955789000727,0.0,0.0,131.92471303166525,2100.0,59.217690153305654,733.6400814016579,,,,False,False,not_attempted,0,0,0,0,24,1,0.041666666666666664,157.82349104655634,1820.0,False,,,False,6,0
proposed,static_live,35,2100.0,35.0,7,recovering,recovering,3 22 23 65,3016,2.0833333333333335,0.48,0.2,32.38718437773333,18.583333333333332,14,0,14,3.740971409031798,3.740971409031798,135.66568444069705,60.0,2160.0,0.0,0.0,0.0,1139.5955789000727,0.0,0.0,135.66568444069705,2160.0,54.181522140575204,710.2600635886852,,,,False,False,not_attempted,0,0,0,0,12,3,0.25,156.3867277660453,1820.0,False,,,False,6,0
proposed,static_live,36,2160.0,36.0,7,recovering,recovering,3 22 23 65,3016,1.976284584980237,0.506,0.24,32.60890085287041,18.6,14,3,11,1.382678776208865,0.460892925402955,137.04836321690593,60.0,2220.0,0.0,0.0,0.0,1139.5955789000727,0.0,0.0,137.04836321690593,2220.0,48.37126274444197,532.3835439630973,,,,False,False,not_attempted,0,0,0,0,8,1,0.125,156.29339443271198,1866.0,False,,,False,5,0
proposed,static_live,37,2220.0,37.0,7,recovering,recovering,3 22 23 65,3016,1.8796992481203008,0.532,0.28,32.811567064520624,18.616666666666667,11,3,8,3.6855157225346975,1.228505240844899,140.73387893944061,60.0,2280.0,0.0,0.0,0.0,1139.5955789000727,0.0,0.0,140.73387893944061,2280.0,44.52606820344769,530.1351573748294,,,,False,False,not_attempted,0,0,0,0,26,9,0.34615384615384615,155.24281934168548,1966.0,False,,,False,5,0
proposed,static_live,38,2280.0,38.0,7,recovering,recovering,3 22 23 65,3016,1.7921146953405016,0.558,0.32,32.99753712540496,18.633333333333333,8,1,7,1.5966131058322035,1.5966131058322035,142.33049204527282,60.0,2340.0,0.0,0.0,0.0,1139.5955789000727,0.0,0.0,142.33049204527282,2340.0,38.200007908760384,494.8202031914842,,,,False,False,not_attempted,0,0,0,0,6,2,0.3333333333333333,154.8027463471903,1966.0,False,,,False,3,0
proposed,static_live,39,2340.0,39.0,7,recovering,recovering,3 22 23 65,3016,1.7123287671232879,0.584,0.36,33.168792617820394,18.65,7,2,5,1.1948975694591317,0.5974487847295659,143.52538961473195,60.0,2400.0,0.0,0.0,0.0,1139.5955789000727,0.0,0.0,143.52538961473195,2400.0,35.15349827266662,368.33202491498884,,,,False,False,not_attempted,0,0,0,0,14,2,0.14285714285714285,154.70941301385696,1976.0,False,,,False,3,0
proposed,static_live,40,2400.0,40.0,8,recovering,recovering,3 22 23 65,3016,1.639344262295082,0.61,0.4,33.32701347891001,18.666666666666668,5,1,4,1.1496579644366807,1.1496579644366807,144.67504757916862,60.0,2460.0,0.0,0.0,0.0,1139.5955789000727,0.0,0.0,144.67504757916862,2460.0,32.090796120622976,366.6330363610112,,,,False,False,not_attempted,0,0,0,0,4,0,0.0,153.74642171608696,1976.0,False,,,False,1,0
proposed,static_live,41,2460.0,41.0,8,recovering,recovering,3 22 23 65,3016,1.572327044025157,0.636,0.44,33.473633293615485,18.683333333333334,4,2,2,0.22002608104157578,0.11001304052078789,144.8950736602102,60.0,2520.0,0.0,0.0,0.0,1139.5955789000727,0.0,0.0,144.8950736602102,2520.0,29.371342604474364,213.27227001489524,,,,False,False,not_attempted,0,0,0,0,0,0,0.0,153.65308838275362,1976.0,False,,,False,1,0
proposed,static_live,42,2520.0,42.0,8,recovering,recovering,3 22 23 65,3016,1.5105740181268883,0.6619999999999999,0.48,33.609882855206216,18.7,2,1,1,0.47142138958696145,0.47142138958696145,145.36649504979715,60.0,2580.0,0.0,0.0,0.0,1139.5955789000727,0.0,0.0,145.36649504979715,2580.0,27.88814806622277,211.8347363298808,,,,False,False,not_attempted,0,0,0,0,1,0,0.0,153.18166699316666,1976.0,False,,,False,1,0
proposed,static_live,43,2580.0,43.0,8,recovering,recovering,3 22 23 65,3016,1.4534883720930234,0.688,0.52,33.7368247985553,18.716666666666665,1,0,1,1.495272089638964,1.495272089638964,146.86176713943613,60.0,2640.0,0.0,0.0,0.0,1139.5955789000727,0.0,0.0,146.86176713943613,2640.0,25.6906430945892,192.6089113070304,,,,False,False,not_attempted,0,0,0,0,3,0,0.0,151.6863949035277,1976.0,False,,,False,1,0
proposed,static_live,44,2640.0,44.0,8,recovering,recovering,3 22 23 65,3016,1.400560224089636,0.714,0.56,33.85538137013096,18.733333333333334,1,0,1,0.09333333333333332,0.09333333333333332,146.95510047276946,60.0,2700.0,0.0,0.0,0.0,1139.5955789000727,0.0,0.0,146.95510047276946,2700.0,23.252512888640897,106.03436545002802,,,,False,False,not_attempted,0,0,0,0,0,0,0.0,151.59306157019438,1976.0,False,,,False,0,0
proposed,static_live,45,2700.0,45.0,9,recovering,recovering,3 22 23 65,3016,1.3513513513513513,0.74,0.6,33.96635687075199,18.75,1,1,0,20.75351121766351,20.75351121766351,167.70861169043297,112.72675679223761,2812.7267567922377,0.0,0.0,0.0,1139.5955789000727,0.0,0.0,167.70861169043297,2812.7267567922377,22.078289539109143,102.97554610756409,,,,False,False,not_attempted,0,0,0,0,146,81,0.5547945205479452,147.9375214793428,1976.0,True,,,False,0,0
proposed,static_frozen,0,0.0,0.0,0,normal,initial,3 22 23 65,0,1.0,1.0,0.0,34.78037077224997,18.0,84,0,84,18.947812200580838,18.947812200580838,18.947812200580838,60.0,60.0,10.709383900044486,1128.8861950000282,1139.5955789000727,1139.5955789000727,0.0,0.0,18.947812200580838,60.0,124.98723160038621,2771.5048752969888,,,,False,False,initial_plan,0,0,0,0,123,0,0.0,177.2717760608753,0.0,False,,,True,10,10
proposed,static_frozen,1,60.0,1.0,0,normal,normal,3 22 23 65,0,1.0,1.0,0.0,34.78037077224997,18.016666666666666,84,0,84,3.6431287464134887,3.6431287464134887,22.590940946994326,60.0,120.0,0.0,0.0,0.0,1139.5955789000727,0.0,0.0,22.590940946994326,120.0,105.50890338066785,2707.1370397431347,,,,False,False,not_attempted,0,0,0,0,83,0,0.0,176.43141531177028,0.0,False,,,False,9,10
proposed,static_frozen,2,120.0,2.0,0,normal,normal,3 22 23 65,0,1.0,1.0,0.0,34.78037077224997,18.033333333333335,84,3,81,2.150613593169741,0.716871197723247,24.741554540164067,60.0,180.0,0.0,0.0,0.0,1139.5955789000727,0.0,0.0,24.741554540164067,180.0,101.10086336244001,2575.1489099165824,,,,False,False,not_attempted,0,0,0,0,49,0,0.0,176.33808197843695,215.0,False,,,False,8,7
proposed,static_frozen,3,180.0,3.0,0,normal,normal,3 22 23 65,0,1.0,1.0,0.0,34.78037077224997,18.05,81,3,78,3.271356097706687,1.0904520325688958,28.012910637870753,60.0,240.0,0.0,0.0,0.0,1139.5955789000727,0.0,0.0,28.012910637870753,240.0,99.24169389457438,2575.1489099165824,,,,False,False,not_attempted,0,0,0,0,57,0,0.0,176.08417388140913,215.0,False,,,False,8,4
proposed,static_frozen,4,240.0,4.0,0,normal,normal,3 22 23 65,0,1.0,1.0,0.0,34.78037077224997,18.066666666666666,78,1,77,3.7024319427213226,3.7024319427213226,31.715342580592075,60.0,300.0,0.0,0.0,0.0,1139.5955789000727,0.0,0.0,31.715342580592075,300.0,96.4371557706104,2523.292639918653,,,,False,False,not_attempted,0,0,0,0,61,0,0.0,174.23595111138894,249.0,False,,,False,7,3
proposed,static_frozen,5,300.0,5.0,1,normal,normal,3 22 23 65,0,1.0,1.0,0.0,34.78037077224997,18.083333333333332,77,2,75,2.7190972354339418,1.3595486177169709,34.434439816026014,60.0,360.0,0.0,0.0,0.0,1139.5955789000727,0.0,0.0,34.434439816026014,360.0,92.79090225860935,2353.701123446594,,,,False,False,not_attempted,0,0,0,0,41,0,0.0,174.1426177780556,402.0,False,,,False,7,3
proposed,static_frozen,6,360.0,6.0,1,normal,normal,3 22 23 65,0,1.0,1.0,0.0,34.78037077224997,18.1,75,3,72,4.611279417259635,1.5370931390865452,39.04571923328565,60.0,420.0,0.0,0.0,0.0,1139.5955789000727,0.0,0.0,39.04571923328565,420.0,90.05551392370413,2353.701123446594,,,,False,False,not_attempted,0,0,0,0,41,0,0.0,173.80269504982573,402.0,False,,,False,7,2
proposed,static_frozen,7,420.0,7.0,1,normal,normal,3 22 23 65,0,1.0,1.0,0.0,34.78037077224997,18.116666666666667,72,1,71,5.191142058140224,5.191142058140224,44.236861291425875,60.0,480.0,0.0,0.0,0.0,1139.5955789000727,0.0,0.0,44.236861291425875,480.0,85.29960763845678,2350.428994697508,,,,False,False,not_attempted,0,0,0,0,51,0,0.0,171.7315048732715,402.0,False,,,False,7,1
proposed,static_frozen,8,480.0,8.0,1,normal,normal,3 22 23 65,0,1.0,1.0,0.0,34.78037077224997,18.133333333333333,71,2,69,2.4943949123933358,1.2471974561966679,46.731256203819214,60.0,540.0,0.0,0.0,0.0,1139.5955789000727,0.0,0.0,46.731256203819214,540.0,79.97940923294234,2176.3863390623183,,,,False,False,not_attempted,0,0,0,0,19,0,0.0,171.63817153993816,422.0,False,,,False,7,0
proposed,static_frozen,9,540.0,9.0,1,normal,normal,3 22 23 65,0,1.0,1.0,0.0,34.78037077224997,18.15,69,4,65,2.2682353970901716,0.5670588492725429,48.99949160090939,60.0,600.0,0.0,0.0,0.0,1139.5955789000727,0.0,0.0,48.99949160090939,600.0,77.62879857543831,2176.3863390623183,,,,False,False,not_attempted,0,0,0,0,19,0,0.0,171.54640459197284,574.0,False,,,False,7,0
proposed,static_frozen,10,600.0,10.0,2,degrading,degrading,3 22 23 65,0,1.0,1.0,0.0,34.78037077224997,18.166666666666668,65,1,64,2.2646830485948937,2.2646830485948937,51.264174649504284,60.0,660.0,0.0,0.0,0.0,1139.5955789000727,0.0,0.0,51.264174649504284,660.0,75.37762181306358,2157.509480549697,,,,False,False,not_attempted,0,0,0,0,29,0,0.0,171.29011539682318,574.0,False,,,False,7,0
proposed,static_frozen,11,660.0,11.0,2,degrading,degrading,3 22 23 65,3016,1.06951871657754,0.935,0.0,34.616227642784246,18.183333333333334,64,2,62,3.094187543110882,1.547093771555441,54.35836219261517,60.0,720.0,0.0,0.0,0.0,1139.5955789000727,0.0,0.0,54.35836219261517,720.0,76.65151994377051,2016.018542768718,,,,False,False,not_attempted,0,0,0,0,40,1,0.025,171.19678206348985,700.0,False,,,False,7,0
proposed,static_frozen,12,720.0,12.0,2,degrading,degrading,3 22 23 65,3016,1.1494252873563218,0.87,0.0,34.42946093125795,18.2,62,3,59,3.56647158190237,1.1888238606341233,57.92483377451754,60.0,780.0,0.0,0.0,0.0,1139.5955789000727,0.0,0.0,57.92483377451754,780.0,77.79356686321573,2017.8786684140218,,,,False,False,not_attempted,0,0,0,0,40,0,0.0,169.9712503230566,791.0,False,,,False,7,0
proposed,static_frozen,13,780.0,13.0,2,degrading,degrading,3 22 23 65,3016,1.2422360248447206,0.8049999999999999,0.0,34.21504719348918,18.216666666666665,59,1,58,3.505495016183417,3.505495016183417,61.430328790700955,60.0,840.0,0.0,0.0,0.0,1139.5955789000727,0.0,0.0,61.430328790700955,840.0,79.0005156619972,1996.8403592785833,,,,False,False,not_attempted,0,0,0,0,46,3,0.06521739130434782,168.5742888930247,791.0,False,,,False,7,0
proposed,static_frozen,14,840.0,14.0,2,degrading,degrading,3 22 23 65,3016,1.3513513513513513,0.74,0.0,33.96635687075199,18.233333333333334,58,2,56,3.359527496133552,1.679763748066776,64.7898562868345,60.0,900.0,0.0,0.0,0.0,1139.5955789000727,0.0,0.0,64.7898562868345,900.0,81.28098406179346,1938.0457364457268,,,,False,False,not_attempted,0,0,0,0,41,23,0.5609756097560976,168.15686244557824,848.0,False,,,False,7,0
proposed,static_frozen,15,900.0,15.0,3,degrading,degrading,3 22 23 65,3016,1.4814814814814814,0.675,0.0,33.6744566342527,18.25,56,2,54,2.3655316045921713,1.1827658022960856,67.15538789142668,60.0,960.0,0.0,0.0,0.0,1139.5955789000727,0.0,0.0,67.15538789142668,960.0,84.64535172341965,1805.0088100694727,,,,False,False,not_attempted,0,0,0,0,35,7,0.2,168.0635291122449,848.0,False,,,False,7,0
proposed,static_frozen,16,960.0,16.0,3,degrading,degrading,3 22 23 65,3016,1.639344262295082,0.61,0.0,33.32701347891001,18.266666666666666,54,2,52,2.046027816424467,1.0230139082122336,69.20141570785115,60.0,1020.0,0.0,0.0,0.0,1139.5955789000727,0.0,0.0,69.20141570785115,1020.0,89.62084487234395,1808.6836593862242,,,,False,False,not_attempted,0,0,0,0,28,0,0.0,167.08289017604287,907.0,False,,,False,7,0
proposed,static_frozen,17,1020.0,17.0,3,degrading,degrading,3 22 23 65,3016,1.8348623853211008,0.545,0.0,32.906507451761335,18.283333333333335,52,4,48,4.3072930814283055,1.0768232703570764,73.50870878927947,60.0,1080.0,0.0,0.0,0.0,1139.5955789000727,0.0,0.0,73.50870878927947,1080.0,96.74714947264458,1770.1606602468148,,,,False,False,not_attempted,0,0,0,0,35,7,0.2,166.46306654949578,930.0,False,,,False,7,0
proposed,static_frozen,18,1080.0,18.0,3,degrading,degrading,3 22 23 65,3016,2.0833333333333335,0.48,0.0,32.38718437773333,18.3,48,1,47,4.012871151502691,4.012871151502691,77.52157994078216,60.0,1140.0,0.0,0.0,0.0,1139.5955789000727,0.0,0.0,77.52157994078216,1140.0,102.70046594358725,1651.7169810621156,,,,False,False,not_attempted,0,0,0,0,24,6,0.25,166.36973321616244,930.0,False,,,False,7,0
proposed,static_frozen,19,1140.0,19.0,3,degrading,degrading,3 22 23 65,3016,2.409638554216868,0.4149999999999999,0.0,31.72957427121698,18.316666666666666,47,2,45,5.101914044904492,2.550957022452246,82.62349398568665,60.0,1200.0,0.0,0.0,0.0,1139.5955789000727,0.0,0.0,82.62349398568665,1200.0,112.35323040032623,1646.8239674395018,,,,False,False,not_attempted,0,0,0,0,20,12,0.6,164.6874955406613,988.0,False,,,False,7,0
proposed,static_frozen,20,1200.0,20.0,4,disrupted,holding,3 22 23 65,3016,2.857142857142857,0.35,0.0,30.869958212648605,18.333333333333332,45,3,42,2.771955490450707,0.923985163483569,85.39544947613736,60.0,1260.0,0.0,0.0,0.0,1139.5955789000727,0.0,0.0,85.39544947613736,1260.0,122.9056118282915,1683.9410033429813,,,,False,False,not_attempted,0,0,0,0,35,4,0.11428571428571428,162.84715194287227,988.0,False,,,False,7,0
proposed,static_frozen,21,1260.0,21.0,4,disrupted,disrupted,3 22 23 65,3016,2.857142857142857,0.35,0.0,30.869958212648605,18.35,42,3,39,1.9491597727363867,0.6497199242454622,87.34460924887375,60.0,1320.0,0.0,0.0,0.0,1139.5955789000727,0.0,0.0,87.34460924887375,1320.0,120.62172286892229,1683.9410033429813,,,,False,False,not_attempted,0,0,0,0,24,0,0.0,162.75381860953894,1171.0,False,,,False,7,0
proposed,static_frozen,22,1320.0,22.0,4,disrupted,disrupted,3 22 23 65,3016,2.857142857142857,0.35,0.0,30.869958212648605,18.366666666666667,39,2,37,2.9131040603841303,1.4565520301920651,90.25771330925788,60.0,1380.0,0.0,0.0,0.0,1139.5955789000727,0.0,0.0,90.25771330925788,1380.0,118.21776098126321,1648.5368843498463,,,,False,False,not_attempted,0,0,0,0,31,5,0.16129032258064516,161.5100493944881,1171.0,False,,,False,7,0
proposed,static_frozen,23,1380.0,23.0,4,disrupted,disrupted,3 22 23 65,3016,2.857142857142857,0.35,0.0,30.869958212648605,18.383333333333333,37,2,35,2.5625394188941755,1.2812697094470877,92.82025272815206,60.0,1440.0,0.0,0.0,0.0,1139.5955789000727,0.0,0.0,92.82025272815206,1440.0,115.57187444627188,1517.3785824504857,,,,False,False,not_attempted,0,0,0,0,21,4,0.19047619047619047,161.41671606115477,1171.0,False,,,False,6,0
proposed,static_frozen,24,1440.0,24.0,4,disrupted,disrupted,3 22 23 65,3016,2.857142857142857,0.35,0.0,30.869958212648605,18.4,35,2,33,2.477767416855845,1.2388837084279225,95.2980201450079,60.0,1500.0,0.0,0.0,0.0,1139.5955789000727,0.0,0.0,95.2980201450079,1500.0,112.94976128338375,1517.3785824504857,,,,False,False,not_attempted,0,0,0,0,20,3,0.15,161.3424821800271,1215.0,False,,,False,6,0
proposed,static_frozen,25,1500.0,25.0,5,disrupted,disrupted,3 22 23 65,3016,2.857142857142857,0.35,0.0,30.869958212648605,18.416666666666668,33,2,31,3.365193551854099,1.6825967759270495,98.663213696862,60.0,1560.0,0.0,0.0,0.0,1139.5955789000727,0.0,0.0,98.663213696862,1560.0,110.70835179586047,1372.306516328687,,,,False,False,not_attempted,0,0,0,0,52,5,0.09615384615384616,161.3424821800271,1215.0,False,,,False,6,0
proposed,static_frozen,26,1560.0,26.0,5,disrupted,disrupted,3 22 23 65,3016,2.857142857142857,0.35,0.0,30.869958212648605,18.433333333333334,31,2,29,3.959040423751669,1.9795202118758346,102.62225412061368,60.0,1620.0,0.0,0.0,0.0,1139.5955789000727,0.0,0.0,102.62225412061368,1620.0,107.3580235698404,1372.306516328687,,,,False,False,not_attempted,0,0,0,0,48,5,0.10416666666666667,161.3424821800271,1215.0,False,,,False,6,0
proposed,static_frozen,27,1620.0,27.0,5,disrupted,disrupted,3 22 23 65,3016,2.857142857142857,0.35,0.0,30.869958212648605,18.45,29,0,29,5.4925774132026435,5.4925774132026435,108.11483153381631,60.0,1680.0,0.0,0.0,0.0,1139.5955789000727,0.0,0.0,108.11483153381631,1680.0,102.9170382717752,1357.110010027815,,,,False,False,not_attempted,0,0,0,0,16,6,0.375,161.3424821800271,1215.0,False,,,False,6,0
proposed,static_frozen,28,1680.0,28.0,5,disrupted,disrupted,3 22 23 65,3016,2.857142857142857,0.35,0.0,30.869958212648605,18.466666666666665,29,3,26,3.347899133032307,1.1159663776774356,111.46273066684861,60.0,1740.0,0.0,0.0,0.0,1139.5955789000727,0.0,0.0,111.46273066684861,1740.0,97.67898776768313,1204.6074569552127,,,,False,False,not_attempted,0,0,0,0,22,6,0.2727272727272727,161.3203832584133,1419.0,False,,,False,6,0
proposed,static_frozen,29,1740.0,29.0,5,disrupted,disrupted,3 22 23 65,3016,2.857142857142857,0.35,0.0,30.869958212648605,18.483333333333334,26,2,24,3.855077074138548,1.927538537069274,115.31780774098716,60.0,1800.0,0.0,0.0,0.0,1139.5955789000727,0.0,0.0,115.31780774098716,1800.0,94.20708244598707,1204.6074569552127,,,,False,False,not_attempted,0,0,0,0,8,5,0.625,160.74588886392843,1419.0,False,,,False,6,0
proposed,static_frozen,30,1800.0,30.0,6,recovering,recovering,3 22 23 65,3016,2.857142857142857,0.35,0.0,30.869958212648605,18.5,24,3,21,3.7089964844149885,1.236332161471663,119.02680422540215,60.0,1860.0,0.0,0.0,0.0,1139.5955789000727,0.0,0.0,119.02680422540215,1860.0,90.49410775141416,1062.108273565076,,,,False,False,not_attempted,0,0,0,0,21,6,0.2857142857142857,159.74015352224126,1669.0,False,,,False,6,0
proposed,static_frozen,31,1860.0,31.0,6,recovering,recovering,3 22 23 65,3016,2.6595744680851063,0.376,0.04,31.243657601678347,18.516666666666666,21,2,19,4.586721685794934,2.293360842897467,123.61352591119707,60.0,1920.0,0.0,0.0,0.0,1139.5955789000727,0.0,0.0,123.61352591119707,1920.0,83.3951744481326,1056.9772471309568,,,,False,False,not_attempted,0,0,0,0,33,9,0.2727272727272727,159.05980136223357,1669.0,False,,,False,6,0
proposed,static_frozen,32,1920.0,32.0,6,recovering,recovering,3 22 23 65,3016,2.4875621890547266,0.40199999999999997,0.08,31.576464128164858,18.533333333333335,19,0,19,6.941794173873069,6.941794173873069,130.55532008507015,60.0,1980.0,0.0,0.0,0.0,1139.5955789000727,0.0,0.0,130.55532008507015,1980.0,75.01705901644891,1036.1085526312338,,,,False,False,not_attempted,0,0,0,0,17,15,0.8823529411764706,158.85808593462932,1669.0,False,,,False,6,0
proposed,static_frozen,33,1980.0,33.0,6,recovering,recovering,3 22 23 65,3016,2.336448598130841,0.428,0.12,31.874741780209174,18.55,19,3,16,4.853455405948217,1.6178184686494055,135.40877549101836,60.0,2040.0,0.0,0.0,0.0,1139.5955789000727,0.0,0.0,135.40877549101836,2040.0,66.42379476881466,736.7549054087649,,,,False,False,not_attempted,0,0,0,0,40,6,0.15,157.1448848148124,1820.0,False,,,False,6,0
proposed,static_frozen,34,2040.0,34.0,6,recovering,recovering,3 22 23 65,3016,2.2026431718061676,0.45399999999999996,0.16,32.14359913561627,18.566666666666666,16,2,14,2.4239595428131366,1.2119797714065683,137.8327350338315,60.0,2100.0,0.0,0.0,0.0,1139.5955789000727,0.0,0.0,137.8327350338315,2100.0,58.86894801933095,733.6400814016579,,,,False,False,not_attempted,0,0,0,0,22,1,0.045454545454545456,157.05155148147907,1820.0,False,,,False,6,0
proposed,static_frozen,35,2100.0,35.0,7,recovering,recovering,3 22 23 65,3016,2.0833333333333335,0.48,0.2,32.38718437773333,18.583333333333332,14,1,13,4.134081709873846,4.134081709873846,141.96681674370535,60.0,2160.0,0.0,0.0,0.0,1139.5955789000727,0.0,0.0,141.96681674370535,2160.0,54.181522140575204,710.2600635886852,,,,False,False,not_attempted,0,0,0,0,13,4,0.3076923076923077,156.3867277660453,1820.0,False,,,False,6,0
proposed,static_frozen,36,2160.0,36.0,7,recovering,recovering,3 22 23 65,3016,1.976284584980237,0.506,0.24,32.60890085287041,18.6,13,2,11,1.01669020370796,0.50834510185398,142.9835069474133,60.0,2220.0,0.0,0.0,0.0,1139.5955789000727,0.0,0.0,142.9835069474133,2220.0,47.81356941064855,532.3835439630973,,,,False,False,not_attempted,0,0,0,0,7,0,0.0,156.29339443271198,1866.0,False,,,False,5,0
proposed,static_frozen,37,2220.0,37.0,7,recovering,recovering,3 22 23 65,3016,1.8796992481203008,0.532,0.28,32.811567064520624,18.616666666666667,11,4,7,4.06152125801751,1.0153803145043776,147.0450282054308,60.0,2280.0,0.0,0.0,0.0,1139.5955789000727,0.0,0.0,147.0450282054308,2280.0,44.52606820344769,530.1351573748294,,,,False,False,not_attempted,0,0,0,0,29,12,0.41379310344827586,155.02625772611736,1966.0,False,,,False,5,0
proposed,static_frozen,38,2280.0,38.0,7,recovering,recovering,3 22 23 65,3016,1.7921146953405016,0.558,0.32,32.99753712540496,18.633333333333333,7,0,7,2.07076157837493,2.07076157837493,149.11578978380575,60.0,2340.0,0.0,0.0,0.0,1139.5955789000727,0.0,0.0,149.11578978380575,2340.0,37.550226396195676,494.8202031914842,,,,False,False,not_attempted,0,0,0,0,8,2,0.25,154.8027463471903,1966.0,False,,,False,3,0
proposed,static_frozen,39,2340.0,39.0,7,recovering,recovering,3 22 23 65,3016,1.7123287671232879,0.584,0.36,33.168792617820394,18.65,7,2,5,0.4759350607949077,0.23796753039745386,149.59172484460066,60.0,2400.0,0.0,0.0,0.0,1139.5955789000727,0.0,0.0,149.59172484460066,2400.0,34.2106924596609,368.33202491498884,,,,False,False,not_attempted,0,0,0,0,10,0,0.0,154.70941301385696,1976.0,False,,,False,2,0
proposed,static_frozen,40,2400.0,40.0,8,recovering,recovering,3 22 23 65,3016,1.639344262295082,0.61,0.4,33.32701347891001,18.666666666666668,5,2,3,1.1483902171786078,0.5741951085893039,150.74011506177928,60.0,2460.0,0.0,0.0,0.0,1139.5955789000727,0.0,0.0,150.74011506177928,2460.0,32.090796120622976,366.6330363610112,,,,False,False,not_attempted,0,0,0,0,4,0,0.0,153.74642171608696,1976.0,False,,,False,1,0
proposed,static_frozen,41,2460.0,41.0,8,recovering,recovering,3 22 23 65,3016,1.572327044025157,0.636,0.44,33.473633293615485,18.683333333333334,3,1,2,0.15369813761245382,0.15369813761245382,150.89381319939173,60.0,2520.0,0.0,0.0,0.0,1139.5955789000727,0.0,0.0,150.89381319939173,2520.0,29.371342604474364,213.27227001489524,,,,False,False,not_attempted,0,0,0,0,0,0,0.0,153.65308838275362,1976.0,False,,,False,1,0
proposed,static_frozen,42,2520.0,42.0,8,recovering,recovering,3 22 23 65,3016,1.5105740181268883,0.6619999999999999,0.48,33.609882855206216,18.7,2,1,1,0.47142138958696145,0.47142138958696145,151.3652345889787,60.0,2580.0,0.0,0.0,0.0,1139.5955789000727,0.0,0.0,151.3652345889787,2580.0,27.88814806622277,211.8347363298808,,,,False,False,not_attempted,0,0,0,0,1,0,0.0,153.18166699316666,1976.0,False,,,False,1,0
proposed,static_frozen,43,2580.0,43.0,8,recovering,recovering,3 22 23 65,3016,1.4534883720930234,0.688,0.52,33.7368247985553,18.716666666666665,1,0,1,1.495272089638964,1.495272089638964,152.86050667861767,60.0,2640.0,0.0,0.0,0.0,1139.5955789000727,0.0,0.0,152.86050667861767,2640.0,25.6906430945892,192.6089113070304,,,,False,False,not_attempted,0,0,0,0,3,0,0.0,151.6863949035277,1976.0,False,,,False,1,0
proposed,static_frozen,44,2640.0,44.0,8,recovering,recovering,3 22 23 65,3016,1.400560224089636,0.714,0.56,33.85538137013096,18.733333333333334,1,0,1,0.09333333333333332,0.09333333333333332,152.953840011951,60.0,2700.0,0.0,0.0,0.0,1139.5955789000727,0.0,0.0,152.953840011951,2700.0,23.252512888640897,106.03436545002802,,,,False,False,not_attempted,0,0,0,0,0,0,0.0,151.59306157019438,1976.0,False,,,False,0,0
proposed,static_frozen,45,2700.0,45.0,9,recovering,recovering,3 22 23 65,3016,1.3513513513513513,0.74,0.6,33.96635687075199,18.75,1,1,0,20.951843765703554,20.951843765703554,173.90568377765456,113.28273098117342,2813.2827309811737,0.0,0.0,0.0,1139.5955789000727,0.0,0.0,173.90568377765456,2813.2827309811737,22.078289539109143,102.97554610756409,,,,False,False,not_attempted,0,0,0,0,150,85,0.5666666666666667,147.9375214793428,1976.0,True,,,False,0,0
nn,adaptive,0,0.0,0.0,0,normal,initial,3 22 23 65,0,1.0,1.0,0.0,34.78037077224997,18.0,84,0,84,16.660400703942315,16.660400703942315,16.660400703942315,60.0,60.0,9.957765099941753,0.252319399965927,10.21008449990768,10.21008449990768,0.0,0.0,16.660400703942315,60.0,162.58793156149096,2761.487785832027,,,,False,False,initial_plan,0,0,0,0,97,0,0.0,177.83388229329896,0.0,False,,,True,10,10
nn,adaptive,1,60.0,1.0,0,normal,normal,3 22 23 65,0,1.0,1.0,0.0,34.78037077224997,18.016666666666666,84,0,84,2.671835477730445,2.671835477730445,19.332236181672762,60.0,120.0,0.0,0.0,0.0,10.21008449990768,0.0,0.0,19.332236181672762,120.0,144.89809698360446,2603.2770542730404,,,,False,False,not_attempted,0,0,0,0,24,0,0.0,177.65141542411558,0.0,False,,,False,9,10
nn,adaptive,2,120.0,2.0,0,normal,normal,3 22 23 65,0,1.0,1.0,0.0,34.78037077224997,18.033333333333335,84,6,78,2.2336491502253266,0.37227485837088775,21.565885331898087,60.0,180.0,0.0,0.0,0.0,10.21008449990768,0.0,0.0,21.565885331898087,180.0,142.35879798598543,2603.2770542730404,,,,False,False,not_attempted,0,0,0,0,25,0,0.0,177.33697396192156,239.0,False,,,False,9,4
nn,adaptive,3,180.0,3.0,0,normal,normal,3 22 23 65,0,1.0,1.0,0.0,34.78037077224997,18.05,78,4,74,4.632857667324735,1.1582144168311836,26.198742999222823,60.0,240.0,0.0,0.0,0.0,10.21008449990768,0.0,0.0,26.198742999222823,240.0,140.51455427701427,2575.2504365841983,,,,False,False,not_attempted,0,0,0,0,75,0,0.0,176.58965573332028,239.0,False,,,False,9,0
nn,adaptive,4,240.0,4.0,0,normal,normal,3 22 23 65,0,1.0,1.0,0.0,34.78037077224997,18.066666666666666,74,0,74,2.1890984112485845,2.1890984112485845,28.387841410471406,60.0,300.0,0.0,0.0,0.0,10.21008449990768,0.0,0.0,28.387841410471406,300.0,135.7776609100203,2453.4542174026838,,,,False,False,not_attempted,0,0,0,0,38,0,0.0,176.38162922177597,239.0,False,,,False,9,0
nn,adaptive,5,300.0,5.0,1,normal,normal,3 22 23 65,0,1.0,1.0,0.0,34.78037077224997,18.083333333333332,74,3,71,4.763597379502395,1.587865793167465,33.1514387899738,60.0,360.0,10.646574400016107,0.1700660000788048,10.816640400094911,21.02672490000259,0.0,0.0,33.1514387899738,360.0,128.7959290546367,2784.3357844494485,133.8378687044175,128.7959290546367,5.041939649780801,True,True,lower_residual_energy,2,25,2,25,105,0,0.0,175.72436508422112,402.0,False,,,True,9,0
nn,adaptive,6,360.0,6.0,1,normal,normal,3 22 23 65,0,1.0,1.0,0.0,34.78037077224997,18.1,71,2,69,4.485811166703238,2.242905583351619,37.63724995667704,60.0,420.0,0.0,0.0,0.0,21.02672490000259,0.0,0.0,37.63724995667704,420.0,123.61361357332132,2717.1313092372607,,,,False,False,not_attempted,0,0,0,0,59,0,0.0,173.98774183949396,422.0,False,,,False,9,0
nn,adaptive,7,420.0,7.0,1,normal,normal,3 22 23 65,0,1.0,1.0,0.0,34.78037077224997,18.116666666666667,69,3,66,2.9812824839435574,0.9937608279811858,40.6185324406206,60.0,480.0,0.0,0.0,0.0,21.02672490000259,0.0,0.0,40.6185324406206,480.0,118.92085678662227,2561.270737883113,,,,False,False,not_attempted,0,0,0,0,37,0,0.0,172.73804103501027,477.0,False,,,False,8,0
nn,adaptive,8,480.0,8.0,1,normal,normal,3 22 23 65,0,1.0,1.0,0.0,34.78037077224997,18.133333333333333,66,4,62,2.178098861828392,0.544524715457098,42.796631302448986,60.0,540.0,0.0,0.0,0.0,21.02672490000259,0.0,0.0,42.796631302448986,540.0,116.30503232303343,2561.270737883113,,,,False,False,not_attempted,0,0,0,0,45,0,0.0,172.64470770167694,647.0,False,,,False,8,0
nn,adaptive,9,540.0,9.0,1,normal,normal,3 22 23 65,0,1.0,1.0,0.0,34.78037077224997,18.15,62,2,60,1.8453221570217784,0.9226610785108892,44.64195345947076,60.0,600.0,0.0,0.0,0.0,21.02672490000259,0.0,0.0,44.64195345947076,600.0,114.16194557950111,2541.1547650102475,,,,False,False,not_attempted,0,0,0,0,56,0,0.0,172.53888579406538,647.0,False,,,False,7,0
nn,adaptive,10,600.0,10.0,2,degrading,degrading,3 22 23 65,0,1.0,1.0,0.0,34.78037077224997,18.166666666666668,60,3,57,3.0870488429308645,1.0290162809769547,47.729002302401625,60.0,660.0,5.589995998889208e-05,0.17084320005960763,0.17089910001959652,21.197624000022188,0.0,0.0,47.729002302401625,660.0,112.11863421063464,2395.4798719351247,112.11863421063464,113.9377236595066,-1.8190894488719636,True,False,incumbent_not_worse,5,31,0,0,64,0,0.0,172.28418379893967,647.0,False,,,True,7,0
nn,adaptive,11,660.0,11.0,2,degrading,degrading,3 22 23 65,3016,1.06951871657754,0.935,0.0,34.616227642784246,18.183333333333334,57,2,55,1.6127183918042372,0.8063591959021186,49.34172069420586,60.0,720.0,0.0,0.0,0.0,21.197624000022188,0.0,0.0,49.34172069420586,720.0,113.29024932249091,2496.014940304677,,,,False,False,not_attempted,0,0,0,0,27,13,0.48148148148148145,172.1621045473086,659.0,False,,,False,7,0
nn,adaptive,12,720.0,12.0,2,degrading,degrading,3 22 23 65,3016,1.1494252873563218,0.87,0.0,34.42946093125795,18.2,55,1,54,1.300981053002506,1.300981053002506,50.64270174720837,60.0,780.0,0.0,0.0,0.0,21.197624000022188,0.0,0.0,50.64270174720837,780.0,115.12816888556947,2368.1231750566676,,,,False,False,not_attempted,0,0,0,0,26,12,0.46153846153846156,171.80363852168838,743.0,False,,,False,7,0
nn,adaptive,13,780.0,13.0,2,degrading,degrading,3 22 23 65,3016,1.2422360248447206,0.8049999999999999,0.0,34.21504719348918,18.216666666666665,54,4,50,3.0344917932546513,0.7586229483136628,53.67719354046302,60.0,840.0,0.0,0.0,0.0,21.197624000022188,0.0,0.0,53.67719354046302,840.0,118.4736477989107,2384.5871416805867,,,,False,False,not_attempted,0,0,0,0,45,0,0.0,170.89125299087797,843.0,False,,,False,7,0
nn,adaptive,14,840.0,14.0,2,degrading,degrading,3 22 23 65,3016,1.3513513513513513,0.74,0.0,33.96635687075199,18.233333333333334,50,0,50,3.388518763397932,3.388518763397932,57.065712303860956,60.0,900.0,0.0,0.0,0.0,21.197624000022188,0.0,0.0,57.065712303860956,900.0,120.35799947730953,2392.8893439231083,,,,False,False,not_attempted,0,0,0,0,52,2,0.038461538461538464,169.8612451582299,843.0,False,,,False,7,0
nn,adaptive,15,900.0,15.0,3,degrading,degrading,3 22 23 65,3016,1.4814814814814814,0.675,0.0,33.6744566342527,18.25,50,2,48,4.395332723971585,2.1976663619857923,61.46104502783254,60.0,960.0,10.836364299990237,0.08092810004018247,10.91729240003042,32.11491640005261,0.0,0.0,61.46104502783254,960.0,117.80491686376587,1940.118890336958,122.61391361343395,117.80491686376587,4.808996749668083,True,True,lower_residual_energy,1,7,1,7,47,3,0.06382978723404255,168.76556648243806,853.0,False,,,True,8,0
nn,adaptive,16,960.0,16.0,3,degrading,degrading,3 22 23 65,3016,1.639344262295082,0.61,0.0,33.32701347891001,18.266666666666666,48,2,46,3.6235601332821936,1.8117800666410968,65.08460516111474,60.0,1020.0,0.0,0.0,0.0,32.11491640005261,0.0,0.0,65.08460516111474,1020.0,119.81056192516935,1819.5103510203758,,,,False,False,not_attempted,0,0,0,0,29,6,0.20689655172413793,168.2993664942223,1087.0,False,,,False,8,0
nn,adaptive,17,1020.0,17.0,3,degrading,degrading,3 22 23 65,3016,1.8348623853211008,0.545,0.0,32.906507451761335,18.283333333333335,46,4,42,3.2054010340719494,0.8013502585179874,68.29000619518669,60.0,1080.0,0.0,0.0,0.0,32.11491640005261,0.0,0.0,68.29000619518669,1080.0,124.10055962709512,1905.2604178558208,,,,False,False,not_attempted,0,0,0,0,56,7,0.125,167.87057925242166,1087.0,False,,,False,8,0
nn,adaptive,18,1080.0,18.0,3,degrading,degrading,3 22 23 65,3016,2.0833333333333335,0.48,0.0,32.38718437773333,18.3,42,1,41,2.641379751815625,2.641379751815625,70.93138594700231,60.0,1140.0,0.0,0.0,0.0,32.11491640005261,0.0,0.0,70.93138594700231,1140.0,128.18596179966218,1857.9019226004507,,,,False,False,not_attempted,0,0,0,0,33,0,0.0,167.70531696868804,1087.0,False,,,False,7,0
nn,adaptive,19,1140.0,19.0,3,degrading,degrading,3 22 23 65,3016,2.409638554216868,0.4149999999999999,0.0,31.72957427121698,18.316666666666666,41,2,39,2.416355975353898,1.208177987676949,73.3477419223562,60.0,1200.0,0.0,0.0,0.0,32.11491640005261,0.0,0.0,73.3477419223562,1200.0,134.2788698906729,1802.9596567422068,,,,False,False,not_attempted,0,0,0,0,23,2,0.08695652173913043,167.6119836353547,1138.0,False,,,False,7,0
nn,adaptive,20,1200.0,20.0,4,disrupted,holding,3 22 23 65,3016,2.857142857142857,0.35,0.0,30.869958212648605,18.333333333333332,39,4,35,2.598673239568802,0.6496683098922005,75.946415161925,60.0,1260.0,10.869129700004123,0.04279420000966638,10.91192390001379,43.0268403000664,0.0,0.0,75.946415161925,1260.0,141.33136497696833,1709.152696182563,142.55626941466264,141.33136497696833,1.2249044376943061,True,True,lower_residual_energy,0,0,0,0,30,0,0.0,167.08274540521765,1270.0,False,,,True,7,0
nn,adaptive,21,1260.0,21.0,4,disrupted,disrupted,3 22 23 65,3016,2.857142857142857,0.35,0.0,30.869958212648605,18.35,35,1,34,1.6798107202456358,1.6798107202456358,77.62622588217064,60.0,1320.0,0.0,0.0,0.0,43.0268403000664,0.0,0.0,77.62622588217064,1320.0,138.34249833831723,1685.610984282337,,,,False,False,not_attempted,0,0,0,0,12,0,0.0,166.98941207188432,1270.0,False,,,False,7,0
nn,adaptive,22,1320.0,22.0,4,disrupted,disrupted,3 22 23 65,3016,2.857142857142857,0.35,0.0,30.869958212648605,18.366666666666667,34,5,29,3.621266855350223,0.7242533710700446,81.24749273752087,60.0,1380.0,0.0,0.0,0.0,43.0268403000664,0.0,0.0,81.24749273752087,1380.0,137.0086881549801,1602.1341832251967,,,,False,False,not_attempted,0,0,0,0,39,2,0.05128205128205128,166.33823079421862,1351.0,False,,,False,7,0
nn,adaptive,23,1380.0,23.0,4,disrupted,disrupted,3 22 23 65,3016,2.857142857142857,0.35,0.0,30.869958212648605,18.383333333333333,29,1,28,3.5803762239265966,3.5803762239265966,84.82786896144746,60.0,1440.0,0.0,0.0,0.0,43.0268403000664,0.0,0.0,84.82786896144746,1440.0,132.60332669871516,1548.6005191993702,,,,False,False,not_attempted,0,0,0,0,14,3,0.21428571428571427,166.24489746088528,1351.0,False,,,False,7,0
nn,adaptive,24,1440.0,24.0,4,disrupted,disrupted,3 22 23 65,3016,2.857142857142857,0.35,0.0,30.869958212648605,18.4,28,3,25,3.04084672009928,1.0136155733664267,87.86871568154675,60.0,1500.0,0.0,0.0,0.0,43.0268403000664,0.0,0.0,87.86871568154675,1500.0,129.30286638486916,1505.2347957020907,,,,False,False,not_attempted,0,0,0,0,52,2,0.038461538461538464,166.0454638426838,1351.0,False,,,False,7,0
nn,adaptive,25,1500.0,25.0,5,disrupted,disrupted,3 22 23 65,3016,2.857142857142857,0.35,0.0,30.869958212648605,18.416666666666668,25,2,23,7.949317754373061,3.9746588771865303,95.8180334359198,60.0,1560.0,6.009999196976423e-05,0.020707700052298605,0.02076780004426837,43.047608100110665,0.0,0.0,95.8180334359198,1560.0,126.90821176558211,1442.834421487862,126.90821176558211,126.90821176558211,0.0,True,False,incumbent_not_worse,0,0,0,0,87,5,0.05747126436781609,164.75579848190068,1567.0,False,,,True,7,0
nn,adaptive,26,1560.0,26.0,5,disrupted,disrupted,3 22 23 65,3016,2.857142857142857,0.35,0.0,30.869958212648605,18.433333333333334,23,0,23,8.510641532188355,8.510641532188355,104.32867496810816,60.0,1620.0,0.0,0.0,0.0,43.047608100110665,0.0,0.0,104.32867496810816,1620.0,118.41002465289063,1364.1148302420113,,,,False,False,not_attempted,0,0,0,0,36,4,0.1111111111111111,163.05570360542106,1567.0,False,,,False,7,0
nn,adaptive,27,1620.0,27.0,5,disrupted,disrupted,3 22 23 65,3016,2.857142857142857,0.35,0.0,30.869958212648605,18.45,23,2,21,2.46478801174876,1.23239400587438,106.79346297985693,60.0,1680.0,0.0,0.0,0.0,43.047608100110665,0.0,0.0,106.79346297985693,1680.0,109.81236279153657,1307.0330208678263,,,,False,False,not_attempted,0,0,0,0,23,1,0.043478260869565216,162.96237027208772,1567.0,False,,,False,7,0
nn,adaptive,28,1680.0,28.0,5,disrupted,disrupted,3 22 23 65,3016,2.857142857142857,0.35,0.0,30.869958212648605,18.466666666666665,21,4,17,3.87005075551596,0.96751268887899,110.66351373537289,60.0,1740.0,0.0,0.0,0.0,43.047608100110665,0.0,0.0,110.66351373537289,1740.0,107.82674322204413,1265.2199348786355,,,,False,False,not_attempted,0,0,0,0,46,0,0.0,161.67581070297527,1655.0,False,,,False,7,0
nn,adaptive,29,1740.0,29.0,5,disrupted,disrupted,3 22 23 65,3016,2.857142857142857,0.35,0.0,30.869958212648605,18.483333333333334,17,1,16,5.727163391002523,5.727163391002523,116.39067712637541,60.0,1800.0,0.0,0.0,0.0,43.047608100110665,0.0,0.0,116.39067712637541,1800.0,102.9538033428765,1182.3623605448922,,,,False,False,not_attempted,0,0,0,0,16,3,0.1875,160.44567193113204,1655.0,False,,,False,6,0
nn,adaptive,30,1800.0,30.0,6,recovering,recovering,3 22 23 65,3016,2.857142857142857,0.35,0.0,30.869958212648605,18.5,16,3,13,3.351531004245337,1.1171770014151123,119.74220813062074,60.0,1860.0,6.19000056758523e-05,0.005243999999947846,0.005305900005623698,43.05291400011629,0.0,0.0,119.74220813062074,1860.0,98.02260805828891,1145.2014544258354,98.02260805828891,98.02260805828891,0.0,True,False,incumbent_not_worse,0,0,0,0,19,0,0.0,158.51357190838507,1724.0,False,,,True,5,0
nn,adaptive,31,1860.0,31.0,6,recovering,recovering,3 22 23 65,3016,2.6595744680851063,0.376,0.04,31.243657601678347,18.516666666666666,13,2,11,2.5125308089707183,1.2562654044853592,122.25473893959146,60.0,1920.0,0.0,0.0,0.0,43.05291400011629,0.0,0.0,122.25473893959146,1920.0,91.08348017966802,986.168892303416,,,,False,False,not_attempted,0,0,0,0,36,0,0.0,157.1572993888698,1724.0,False,,,False,5,0
nn,adaptive,32,1920.0,32.0,6,recovering,recovering,3 22 23 65,3016,2.4875621890547266,0.40199999999999997,0.08,31.576464128164858,18.533333333333335,11,1,10,4.27114879246118,4.27114879246118,126.52588773205264,60.0,1980.0,0.0,0.0,0.0,43.05291400011629,0.0,0.0,126.52588773205264,1980.0,85.55261605082808,969.2367259906437,,,,False,False,not_attempted,0,0,0,0,11,10,0.9090909090909091,156.9548443245033,1724.0,False,,,False,5,0
nn,adaptive,33,1980.0,33.0,6,recovering,recovering,3 22 23 65,3016,2.336448598130841,0.428,0.12,31.874741780209174,18.55,10,2,8,1.61114994558993,0.805574972794965,128.13703767764258,60.0,2040.0,0.0,0.0,0.0,43.05291400011629,0.0,0.0,128.13703767764258,2040.0,78.58406493640511,958.407440309612,,,,False,False,not_attempted,0,0,0,0,11,1,0.09090909090909091,156.86151099116998,1814.0,False,,,False,5,0
nn,adaptive,34,2040.0,34.0,6,recovering,recovering,3 22 23 65,3016,2.2026431718061676,0.45399999999999996,0.16,32.14359913561627,18.566666666666666,8,1,7,1.4390930234382242,1.4390930234382242,129.5761307010808,60.0,2100.0,0.0,0.0,0.0,43.05291400011629,0.0,0.0,129.5761307010808,2100.0,74.66675565561778,897.2644871763241,,,,False,False,not_attempted,0,0,0,0,43,0,0.0,156.7412353359274,1814.0,False,,,False,4,0
nn,adaptive,35,2100.0,35.0,7,recovering,recovering,3 22 23 65,3016,2.0833333333333335,0.48,0.2,32.38718437773333,18.583333333333332,7,2,5,2.2854985696837002,1.1427492848418501,131.86162927076452,60.0,2160.0,10.708631000015885,0.001115499995648861,10.709746500011533,53.76266050012782,0.0,0.0,131.86162927076452,2160.0,70.94792751113543,827.6116935598503,70.94792751113543,70.94792751113543,0.0,True,False,incumbent_not_worse,0,0,0,0,22,4,0.18181818181818182,156.64790200259407,1938.0,False,,,True,3,0
nn,adaptive,36,2160.0,36.0,7,recovering,recovering,3 22 23 65,3016,1.976284584980237,0.506,0.24,32.60890085287041,18.6,5,1,4,0.4561395397514589,0.4561395397514589,132.317768810516,60.0,2220.0,0.0,0.0,0.0,53.76266050012782,0.0,0.0,132.317768810516,2220.0,66.33722909459463,717.6603181918564,,,,False,False,not_attempted,0,0,0,0,0,0,0.0,156.59692492911137,1938.0,False,,,False,2,0
nn,adaptive,37,2220.0,37.0,7,recovering,recovering,3 22 23 65,3016,1.8796992481203008,0.532,0.28,32.811567064520624,18.616666666666667,4,2,2,0.9818035546510007,0.49090177732550033,133.299572365167,60.0,2280.0,0.0,0.0,0.0,53.76266050012782,0.0,0.0,133.299572365167,2280.0,64.26765137724104,717.0880793062969,,,,False,False,not_attempted,0,0,0,0,4,4,1.0,156.0350860316525,1938.0,False,,,False,2,0
nn,adaptive,38,2280.0,38.0,7,recovering,recovering,3 22 23 65,3016,1.7921146953405016,0.558,0.32,32.99753712540496,18.633333333333333,2,0,2,1.9372673890245748,1.9372673890245748,135.23683975419158,60.0,2340.0,0.0,0.0,0.0,53.76266050012782,0.0,0.0,135.23683975419158,2340.0,61.28849690171213,596.5691673419724,,,,False,False,not_attempted,0,0,0,0,3,3,1.0,154.19115197596128,1938.0,False,,,False,1,0
nn,adaptive,39,2340.0,39.0,7,recovering,recovering,3 22 23 65,3016,1.7123287671232879,0.584,0.36,33.168792617820394,18.65,2,1,1,0.09815219061566964,0.09815219061566964,135.33499194480726,60.0,2400.0,0.0,0.0,0.0,53.76266050012782,0.0,0.0,135.33499194480726,2400.0,57.466262314415374,596.0964598676218,,,,False,False,not_attempted,0,0,0,0,0,0,0.0,154.09781864262794,1938.0,False,,,False,0,0
nn,adaptive,40,2400.0,40.0,8,recovering,recovering,3 22 23 65,3016,1.639344262295082,0.61,0.4,33.32701347891001,18.666666666666668,1,1,0,49.91484045507952,49.91484045507952,185.24983239988677,567.2639731088988,2967.263973108899,0.0,0.0,0.0,53.76266050012782,0.0,0.0,185.24983239988677,2967.263973108899,55.433651390930564,532.6737456858583,,,,False,False,not_attempted,0,0,0,0,579,100,0.17271157167530224,147.65480208265288,1938.0,True,,,False,0,0
nn,static_live,0,0.0,0.0,0,normal,initial,3 22 23 65,0,1.0,1.0,0.0,34.78037077224997,18.0,84,0,84,16.660400703942315,16.660400703942315,16.660400703942315,60.0,60.0,9.957765099941753,0.252319399965927,10.21008449990768,10.21008449990768,0.0,0.0,16.660400703942315,60.0,162.58793156149096,2761.487785832027,,,,False,False,initial_plan,0,0,0,0,97,0,0.0,177.83388229329896,0.0,False,,,True,10,10
nn,static_live,1,60.0,1.0,0,normal,normal,3 22 23 65,0,1.0,1.0,0.0,34.78037077224997,18.016666666666666,84,0,84,2.671835477730445,2.671835477730445,19.332236181672762,60.0,120.0,0.0,0.0,0.0,10.21008449990768,0.0,0.0,19.332236181672762,120.0,144.89809698360446,2603.2770542730404,,,,False,False,not_attempted,0,0,0,0,24,0,0.0,177.65141542411558,0.0,False,,,False,9,10
nn,static_live,2,120.0,2.0,0,normal,normal,3 22 23 65,0,1.0,1.0,0.0,34.78037077224997,18.033333333333335,84,6,78,2.2336491502253266,0.37227485837088775,21.565885331898087,60.0,180.0,0.0,0.0,0.0,10.21008449990768,0.0,0.0,21.565885331898087,180.0,142.35879798598543,2603.2770542730404,,,,False,False,not_attempted,0,0,0,0,25,0,0.0,177.33697396192156,239.0,False,,,False,9,4
nn,static_live,3,180.0,3.0,0,normal,normal,3 22 23 65,0,1.0,1.0,0.0,34.78037077224997,18.05,78,4,74,4.632857667324735,1.1582144168311836,26.198742999222823,60.0,240.0,0.0,0.0,0.0,10.21008449990768,0.0,0.0,26.198742999222823,240.0,140.51455427701427,2575.2504365841983,,,,False,False,not_attempted,0,0,0,0,75,0,0.0,176.58965573332028,239.0,False,,,False,9,0
nn,static_live,4,240.0,4.0,0,normal,normal,3 22 23 65,0,1.0,1.0,0.0,34.78037077224997,18.066666666666666,74,0,74,2.1890984112485845,2.1890984112485845,28.387841410471406,60.0,300.0,0.0,0.0,0.0,10.21008449990768,0.0,0.0,28.387841410471406,300.0,135.7776609100203,2453.4542174026838,,,,False,False,not_attempted,0,0,0,0,38,0,0.0,176.38162922177597,239.0,False,,,False,9,0
nn,static_live,5,300.0,5.0,1,normal,normal,3 22 23 65,0,1.0,1.0,0.0,34.78037077224997,18.083333333333332,74,3,71,4.763597379502395,1.587865793167465,33.1514387899738,60.0,360.0,0.0,0.0,0.0,10.21008449990768,0.0,0.0,33.1514387899738,360.0,133.8378687044175,2453.4542174026838,,,,False,False,not_attempted,0,0,0,0,105,0,0.0,175.72436508422112,402.0,False,,,False,9,0
nn,static_live,6,360.0,6.0,1,normal,normal,3 22 23 65,0,1.0,1.0,0.0,34.78037077224997,18.1,71,2,69,4.5988841917568095,2.2994420958784048,37.75032298173061,60.0,420.0,0.0,0.0,0.0,10.21008449990768,0.0,0.0,37.75032298173061,420.0,128.65555322310212,2295.479016670314,,,,False,False,not_attempted,0,0,0,0,68,0,0.0,173.98774183949396,422.0,False,,,False,9,0
nn,static_live,7,420.0,7.0,1,normal,normal,3 22 23 65,0,1.0,1.0,0.0,34.78037077224997,18.116666666666667,69,3,66,4.0596296318654135,1.353209877288471,41.809952613596025,60.0,480.0,0.0,0.0,0.0,10.21008449990768,0.0,0.0,41.809952613596025,480.0,123.9692432558826,2295.479016670314,,,,False,False,not_attempted,0,0,0,0,59,0,0.0,172.73804103501027,477.0,False,,,False,8,0
nn,static_live,8,480.0,8.0,1,normal,normal,3 22 23 65,0,1.0,1.0,0.0,34.78037077224997,18.133333333333333,66,3,63,2.9617497333409846,0.9872499111136616,44.77170234693701,60.0,540.0,0.0,0.0,0.0,10.21008449990768,0.0,0.0,44.77170234693701,540.0,120.21492095922403,2165.047520150499,,,,False,False,not_attempted,0,0,0,0,53,0,0.0,172.64470770167694,647.0,False,,,False,8,0
nn,static_live,9,540.0,9.0,1,normal,normal,3 22 23 65,0,1.0,1.0,0.0,34.78037077224997,18.15,63,2,61,1.3608862693802408,0.6804431346901204,46.13258861631725,60.0,600.0,0.0,0.0,0.0,10.21008449990768,0.0,0.0,46.13258861631725,600.0,117.0907644351915,2165.047520150499,,,,False,False,not_attempted,0,0,0,0,35,0,0.0,172.53888579406538,647.0,False,,,False,8,0
nn,static_live,10,600.0,10.0,2,degrading,degrading,3 22 23 65,0,1.0,1.0,0.0,34.78037077224997,18.166666666666668,61,4,57,3.361017409988798,0.8402543524971995,49.49360602630605,60.0,660.0,0.0,0.0,0.0,10.21008449990768,0.0,0.0,49.49360602630605,660.0,115.72549646918236,2159.671519313145,,,,False,False,not_attempted,0,0,0,0,46,0,0.0,172.28418379893967,647.0,False,,,False,8,0
nn,static_live,11,660.0,11.0,2,degrading,degrading,3 22 23 65,3016,1.06951871657754,0.935,0.0,34.616227642784246,18.183333333333334,57,1,56,5.475612884440467,5.475612884440467,54.96921891074651,60.0,720.0,0.0,0.0,0.0,10.21008449990768,0.0,0.0,54.96921891074651,720.0,117.33314461447353,2095.452946064896,,,,False,False,not_attempted,0,0,0,0,47,17,0.3617021276595745,170.6107783742012,659.0,False,,,False,8,0
nn,static_live,12,720.0,12.0,2,degrading,degrading,3 22 23 65,3016,1.1494252873563218,0.87,0.0,34.42946093125795,18.2,56,2,54,1.958464115514535,0.9792320577572675,56.92768302626105,60.0,780.0,0.0,0.0,0.0,10.21008449990768,0.0,0.0,56.92768302626105,780.0,117.20836275549678,1954.2072948791683,,,,False,False,not_attempted,0,0,0,0,31,13,0.41935483870967744,170.20338483629783,743.0,False,,,False,8,0
nn,static_live,13,780.0,13.0,2,degrading,degrading,3 22 23 65,3016,1.2422360248447206,0.8049999999999999,0.0,34.21504719348918,18.216666666666665,54,2,52,3.4170927903555826,1.7085463951777913,60.34477581661663,60.0,840.0,0.0,0.0,0.0,10.21008449990768,0.0,0.0,60.34477581661663,840.0,119.78739740197938,1954.757170405982,,,,False,False,not_attempted,0,0,0,0,37,0,0.0,170.1100515029645,843.0,False,,,False,8,0
nn,static_live,14,840.0,14.0,2,degrading,degrading,3 22 23 65,3016,1.3513513513513513,0.74,0.0,33.96635687075199,18.233333333333334,52,3,49,6.01450821616432,2.0048360720547733,66.35928403278095,60.0,900.0,0.0,0.0,0.0,10.21008449990768,0.0,0.0,66.35928403278095,900.0,121.21099384522009,1923.4726352127768,,,,False,False,not_attempted,0,0,0,0,41,4,0.0975609756097561,167.71471727564924,843.0,False,,,False,8,0
nn,static_live,15,900.0,15.0,3,degrading,degrading,3 22 23 65,3016,1.4814814814814814,0.675,0.0,33.6744566342527,18.25,49,1,48,3.576042275777644,3.576042275777644,69.93532630855859,60.0,960.0,0.0,0.0,0.0,10.21008449990768,0.0,0.0,69.93532630855859,960.0,120.44306614018794,1759.678872768597,,,,False,False,not_attempted,0,0,0,0,37,0,0.0,166.20343873996322,853.0,False,,,False,8,0
nn,static_live,16,960.0,16.0,3,degrading,degrading,3 22 23 65,3016,1.639344262295082,0.61,0.0,33.32701347891001,18.266666666666666,48,5,43,6.589681615998395,1.317936323199679,76.52500792455699,60.0,1020.0,0.0,0.0,0.0,10.21008449990768,0.0,0.0,76.52500792455699,1020.0,123.26636929091322,1760.6141619615635,,,,False,False,not_attempted,0,0,0,0,86,8,0.09302325581395349,164.72423250848738,1087.0,False,,,False,8,0
nn,static_live,17,1020.0,17.0,3,degrading,degrading,3 22 23 65,3016,1.8348623853211008,0.545,0.0,32.906507451761335,18.283333333333335,43,0,43,2.459678357814041,2.459678357814041,78.98468628237103,60.0,1080.0,0.0,0.0,0.0,10.21008449990768,0.0,0.0,78.98468628237103,1080.0,123.6401619343387,1691.398733097021,,,,False,False,not_attempted,0,0,0,0,26,7,0.2692307692307692,164.47158796189908,1087.0,False,,,False,8,0
nn,static_live,18,1080.0,18.0,3,degrading,degrading,3 22 23 65,3016,2.0833333333333335,0.48,0.0,32.38718437773333,18.3,43,3,40,1.6812246305862009,0.5604082101954003,80.66591091295723,60.0,1140.0,0.0,0.0,0.0,10.21008449990768,0.0,0.0,80.66591091295723,1140.0,128.38625067584448,1684.9773323670431,,,,False,False,not_attempted,0,0,0,0,29,0,0.0,164.37825462856574,1087.0,False,,,False,8,0
nn,static_live,19,1140.0,19.0,3,degrading,degrading,3 22 23 65,3016,2.409638554216868,0.4149999999999999,0.0,31.72957427121698,18.316666666666666,40,2,38,2.425081966389354,1.212540983194677,83.09099287934659,60.0,1200.0,0.0,0.0,0.0,10.21008449990768,0.0,0.0,83.09099287934659,1200.0,136.3808964732143,1632.7439646001949,,,,False,False,not_attempted,0,0,0,0,53,0,0.0,164.2614882390681,1087.0,False,,,False,8,0
nn,static_live,20,1200.0,20.0,4,disrupted,holding,3 22 23 65,3016,2.857142857142857,0.35,0.0,30.869958212648605,18.333333333333332,38,2,36,2.736205208942299,1.3681026044711495,85.82719808828888,60.0,1260.0,0.0,0.0,0.0,10.21008449990768,0.0,0.0,85.82719808828888,1260.0,145.0838905220668,1668.5475980435765,,,,False,False,not_attempted,0,0,0,0,32,0,0.0,164.16815490573475,1270.0,False,,,False,7,0
nn,static_live,21,1260.0,21.0,4,disrupted,disrupted,3 22 23 65,3016,2.857142857142857,0.35,0.0,30.869958212648605,18.35,36,4,32,2.1784615586380904,0.5446153896595226,88.00565964692697,60.0,1320.0,0.0,0.0,0.0,10.21008449990768,0.0,0.0,88.00565964692697,1320.0,142.34005715605664,1668.5475980435765,,,,False,False,not_attempted,0,0,0,0,63,0,0.0,164.1089189552412,1308.0,False,,,False,7,0
nn,static_live,22,1320.0,22.0,4,disrupted,disrupted,3 22 23 65,3016,2.857142857142857,0.35,0.0,30.869958212648605,18.366666666666667,32,3,29,5.483150953886559,1.827716984628853,93.48881060081354,60.0,1380.0,0.0,0.0,0.0,10.21008449990768,0.0,0.0,93.48881060081354,1380.0,140.39361168915792,1525.9825429156185,,,,False,False,not_attempted,0,0,0,0,44,4,0.09090909090909091,164.1089189552412,1351.0,False,,,False,7,0
nn,static_live,23,1380.0,23.0,4,disrupted,disrupted,3 22 23 65,3016,2.857142857142857,0.35,0.0,30.869958212648605,18.383333333333333,29,1,28,5.261953931207629,5.261953931207629,98.75076453202117,60.0,1440.0,0.0,0.0,0.0,10.21008449990768,0.0,0.0,98.75076453202117,1440.0,133.73159394086719,1511.2397897032456,,,,False,False,not_attempted,0,0,0,0,16,1,0.0625,164.1089189552412,1351.0,False,,,False,7,0
nn,static_live,24,1440.0,24.0,4,disrupted,disrupted,3 22 23 65,3016,2.857142857142857,0.35,0.0,30.869958212648605,18.4,28,1,27,3.102065328724922,3.102065328724922,101.85282986074608,60.0,1500.0,0.0,0.0,0.0,10.21008449990768,0.0,0.0,101.85282986074608,1500.0,128.7591947370812,1455.6051195868163,,,,False,False,not_attempted,0,0,0,0,19,0,0.0,163.2687362887882,1362.0,False,,,False,7,0
nn,static_live,25,1500.0,25.0,5,disrupted,disrupted,3 22 23 65,3016,2.857142857142857,0.35,0.0,30.869958212648605,18.416666666666668,27,4,23,4.096808473460222,1.0242021183650556,105.94963833420631,60.0,1560.0,0.0,0.0,0.0,10.21008449990768,0.0,0.0,105.94963833420631,1560.0,126.5978190099738,1440.9344317673422,,,,False,False,not_attempted,0,0,0,0,50,1,0.02,163.17540295545487,1567.0,False,,,False,7,0
nn,static_live,26,1560.0,26.0,5,disrupted,disrupted,3 22 23 65,3016,2.857142857142857,0.35,0.0,30.869958212648605,18.433333333333334,23,2,21,8.6127517482353,4.30637587411765,114.56239008244161,60.0,1620.0,0.0,0.0,0.0,10.21008449990768,0.0,0.0,114.56239008244161,1620.0,120.72518174586402,1372.4153703081145,,,,False,False,not_attempted,0,0,0,0,58,5,0.08620689655172414,161.55949817746657,1567.0,False,,,False,7,0
nn,static_live,27,1620.0,27.0,5,disrupted,disrupted,3 22 23 65,3016,2.857142857142857,0.35,0.0,30.869958212648605,18.45,21,1,20,6.431995948419539,6.431995948419539,120.99438603086115,60.0,1680.0,0.0,0.0,0.0,10.21008449990768,0.0,0.0,120.99438603086115,1680.0,113.18390560134766,1313.3843951423953,,,,False,False,not_attempted,0,0,0,0,33,10,0.30303030303030304,160.55141124365935,1567.0,False,,,False,6,0
nn,static_live,28,1680.0,28.0,5,disrupted,disrupted,3 22 23 65,3016,2.857142857142857,0.35,0.0,30.869958212648605,18.466666666666665,20,3,17,5.351815295898202,1.7839384319660674,126.34620132675936,60.0,1740.0,0.0,0.0,0.0,10.21008449990768,0.0,0.0,126.34620132675936,1740.0,107.00137342039014,1161.095415245146,,,,False,False,not_attempted,0,0,0,0,23,6,0.2608695652173913,158.99561313484577,1655.0,False,,,False,6,0
nn,static_live,29,1740.0,29.0,5,disrupted,disrupted,3 22 23 65,3016,2.857142857142857,0.35,0.0,30.869958212648605,18.483333333333334,17,2,15,4.364643266668971,2.1823216333344857,130.71084459342833,60.0,1800.0,0.0,0.0,0.0,10.21008449990768,0.0,0.0,130.71084459342833,1800.0,101.31347947892165,1145.2158460353419,,,,False,False,not_attempted,0,0,0,0,36,4,0.1111111111111111,158.73759345487105,1716.0,False,,,False,6,0
nn,static_live,30,1800.0,30.0,6,recovering,recovering,3 22 23 65,3016,2.857142857142857,0.35,0.0,30.869958212648605,18.5,15,1,14,3.249415847808759,3.249415847808759,133.9602604412371,60.0,1860.0,0.0,0.0,0.0,10.21008449990768,0.0,0.0,133.9602604412371,1860.0,97.29802330118801,1140.234919558576,,,,False,False,not_attempted,0,0,0,0,19,3,0.15789473684210525,158.52102273946127,1724.0,False,,,False,5,0
nn,static_live,31,1860.0,31.0,6,recovering,recovering,3 22 23 65,3016,2.6595744680851063,0.376,0.04,31.243657601678347,18.516666666666666,14,2,12,0.8076277261984053,0.40381386309920264,134.7678881674355,60.0,1920.0,0.0,0.0,0.0,10.21008449990768,0.0,0.0,134.7678881674355,1920.0,91.0752169333986,960.7838790816911,,,,False,False,not_attempted,0,0,0,0,2,1,0.5,158.41364065309145,1724.0,False,,,False,5,0
nn,static_live,32,1920.0,32.0,6,recovering,recovering,3 22 23 65,3016,2.4875621890547266,0.40199999999999997,0.08,31.576464128164858,18.533333333333335,12,2,10,3.0938123977586334,1.5469061988793167,137.86170056519413,60.0,1980.0,0.0,0.0,0.0,10.21008449990768,0.0,0.0,137.86170056519413,1980.0,87.18783842713985,943.9518282458481,,,,False,False,not_attempted,0,0,0,0,16,6,0.375,158.32030731975811,1865.0,False,,,False,4,0
nn,static_live,33,1980.0,33.0,6,recovering,recovering,3 22 23 65,3016,2.336448598130841,0.428,0.12,31.874741780209174,18.55,10,2,8,3.449500949285473,1.7247504746427365,141.3112015144796,60.0,2040.0,0.0,0.0,0.0,10.21008449990768,0.0,0.0,141.3112015144796,2040.0,82.02005403546546,908.6656025994478,,,,False,False,not_attempted,0,0,0,0,18,6,0.3333333333333333,157.542276132443,1865.0,False,,,False,4,0
nn,static_live,34,2040.0,34.0,6,recovering,recovering,3 22 23 65,3016,2.2026431718061676,0.45399999999999996,0.16,32.14359913561627,18.566666666666666,8,1,7,0.8156497392270454,0.8156497392270454,142.12685125370663,60.0,2100.0,0.0,0.0,0.0,10.21008449990768,0.0,0.0,142.12685125370663,2100.0,76.4914481409883,739.8879928784426,,,,False,False,not_attempted,0,0,0,0,2,2,1.0,157.44894279910966,1865.0,False,,,False,3,0
nn,static_live,35,2100.0,35.0,7,recovering,recovering,3 22 23 65,3016,2.0833333333333335,0.48,0.2,32.38718437773333,18.583333333333332,7,3,4,1.9616581811255422,0.6538860603751807,144.08850943483216,60.0,2160.0,0.0,0.0,0.0,10.21008449990768,0.0,0.0,144.08850943483216,2160.0,73.82612594977832,731.256344139433,,,,False,False,not_attempted,0,0,0,0,12,4,0.3333333333333333,156.7751397196544,1991.0,False,,,False,3,0
nn,static_live,36,2160.0,36.0,7,recovering,recovering,3 22 23 65,3016,1.976284584980237,0.506,0.24,32.60890085287041,18.6,4,0,4,5.175763959911464,5.175763959911464,149.2642733947436,60.0,2220.0,0.0,0.0,0.0,10.21008449990768,0.0,0.0,149.2642733947436,2220.0,69.95469497242968,696.4866653937737,,,,False,False,not_attempted,0,0,0,0,17,4,0.23529411764705882,156.05351400265107,1991.0,False,,,False,3,0
nn,static_live,37,2220.0,37.0,7,recovering,recovering,3 22 23 65,3016,1.8796992481203008,0.532,0.28,32.811567064520624,18.616666666666667,4,0,4,1.2346541310067511,1.2346541310067511,150.49892752575036,60.0,2280.0,0.0,0.0,0.0,10.21008449990768,0.0,0.0,150.49892752575036,2280.0,63.77511615055044,597.0880793062969,,,,False,False,not_attempted,0,0,0,0,20,2,0.1,155.96018066931774,1991.0,False,,,False,2,0
nn,static_live,38,2280.0,38.0,7,recovering,recovering,3 22 23 65,3016,1.7921146953405016,0.558,0.32,32.99753712540496,18.633333333333333,4,2,2,2.502564296808291,1.2512821484041454,153.00149182255865,60.0,2340.0,0.0,0.0,0.0,10.21008449990768,0.0,0.0,153.00149182255865,2340.0,61.58674827081331,596.5691673419724,,,,False,False,not_attempted,0,0,0,0,27,4,0.14814814814814814,155.1045886154189,1995.0,False,,,False,2,0
nn,static_live,39,2340.0,39.0,7,recovering,recovering,3 22 23 65,3016,1.7123287671232879,0.584,0.36,33.168792617820394,18.65,2,0,2,1.6464662792718396,1.6464662792718396,154.64795810183048,60.0,2400.0,0.0,0.0,0.0,10.21008449990768,0.0,0.0,154.64795810183048,2400.0,57.91671821998501,596.0964598676218,,,,False,False,not_attempted,0,0,0,0,13,7,0.5384615384615384,153.5514556694804,1995.0,False,,,False,1,0
nn,static_live,40,2400.0,40.0,8,recovering,recovering,3 22 23 65,3016,1.639344262295082,0.61,0.4,33.32701347891001,18.666666666666668,2,1,1,0.6896902022290264,0.6896902022290264,155.3376483040595,60.0,2460.0,0.0,0.0,0.0,10.21008449990768,0.0,0.0,155.3376483040595,2460.0,55.188071071546645,527.8452726986569,,,,False,False,not_attempted,0,0,0,0,8,0,0.0,152.94088192706965,1996.0,False,,,False,1,0
nn,static_live,41,2460.0,41.0,8,recovering,recovering,3 22 23 65,3016,1.572327044025157,0.636,0.44,33.473633293615485,18.683333333333334,1,0,1,0.09333333333333332,0.09333333333333332,155.43098163739285,60.0,2520.0,0.0,0.0,0.0,10.21008449990768,0.0,0.0,155.43098163739285,2520.0,53.14516646763313,527.4482159657939,,,,False,False,not_attempted,0,0,0,0,0,0,0.0,152.84754859373632,1996.0,False,,,False,0,0
nn,static_live,42,2520.0,42.0,8,recovering,recovering,3 22 23 65,3016,1.5105740181268883,0.6619999999999999,0.48,33.609882855206216,18.7,1,1,0,47.85116180912073,47.85116180912073,203.2821434465136,555.0098502001049,3075.0098502001047,0.0,0.0,0.0,10.21008449990768,0.0,0.0,203.2821434465136,3075.0098502001047,51.92172546345216,527.0823479793188,,,,False,False,not_attempted,0,0,0,0,687,70,0.10189228529839883,147.2413416175915,1996.0,True,,,False,0,0
nn,static_frozen,0,0.0,0.0,0,normal,initial,3 22 23 65,0,1.0,1.0,0.0,34.78037077224997,18.0,84,0,84,16.660400703942315,16.660400703942315,16.660400703942315,60.0,60.0,9.957765099941753,0.252319399965927,10.21008449990768,10.21008449990768,0.0,0.0,16.660400703942315,60.0,162.58793156149096,2761.487785832027,,,,False,False,initial_plan,0,0,0,0,97,0,0.0,177.83388229329896,0.0,False,,,True,10,10
nn,static_frozen,1,60.0,1.0,0,normal,normal,3 22 23 65,0,1.0,1.0,0.0,34.78037077224997,18.016666666666666,84,0,84,2.671835477730445,2.671835477730445,19.332236181672762,60.0,120.0,0.0,0.0,0.0,10.21008449990768,0.0,0.0,19.332236181672762,120.0,144.89809698360446,2603.2770542730404,,,,False,False,not_attempted,0,0,0,0,24,0,0.0,177.65141542411558,0.0,False,,,False,9,10
nn,static_frozen,2,120.0,2.0,0,normal,normal,3 22 23 65,0,1.0,1.0,0.0,34.78037077224997,18.033333333333335,84,6,78,2.2336491502253266,0.37227485837088775,21.565885331898087,60.0,180.0,0.0,0.0,0.0,10.21008449990768,0.0,0.0,21.565885331898087,180.0,142.35879798598543,2603.2770542730404,,,,False,False,not_attempted,0,0,0,0,25,0,0.0,177.33697396192156,239.0,False,,,False,9,4
nn,static_frozen,3,180.0,3.0,0,normal,normal,3 22 23 65,0,1.0,1.0,0.0,34.78037077224997,18.05,78,4,74,4.632857667324735,1.1582144168311836,26.198742999222823,60.0,240.0,0.0,0.0,0.0,10.21008449990768,0.0,0.0,26.198742999222823,240.0,140.51455427701427,2575.2504365841983,,,,False,False,not_attempted,0,0,0,0,75,0,0.0,176.58965573332028,239.0,False,,,False,9,0
nn,static_frozen,4,240.0,4.0,0,normal,normal,3 22 23 65,0,1.0,1.0,0.0,34.78037077224997,18.066666666666666,74,0,74,2.1890984112485845,2.1890984112485845,28.387841410471406,60.0,300.0,0.0,0.0,0.0,10.21008449990768,0.0,0.0,28.387841410471406,300.0,135.7776609100203,2453.4542174026838,,,,False,False,not_attempted,0,0,0,0,38,0,0.0,176.38162922177597,239.0,False,,,False,9,0
nn,static_frozen,5,300.0,5.0,1,normal,normal,3 22 23 65,0,1.0,1.0,0.0,34.78037077224997,18.083333333333332,74,3,71,4.763597379502395,1.587865793167465,33.1514387899738,60.0,360.0,0.0,0.0,0.0,10.21008449990768,0.0,0.0,33.1514387899738,360.0,133.8378687044175,2453.4542174026838,,,,False,False,not_attempted,0,0,0,0,105,0,0.0,175.72436508422112,402.0,False,,,False,9,0
nn,static_frozen,6,360.0,6.0,1,normal,normal,3 22 23 65,0,1.0,1.0,0.0,34.78037077224997,18.1,71,2,69,4.5988841917568095,2.2994420958784048,37.75032298173061,60.0,420.0,0.0,0.0,0.0,10.21008449990768,0.0,0.0,37.75032298173061,420.0,128.65555322310212,2295.479016670314,,,,False,False,not_attempted,0,0,0,0,68,0,0.0,173.98774183949396,422.0,False,,,False,9,0
nn,static_frozen,7,420.0,7.0,1,normal,normal,3 22 23 65,0,1.0,1.0,0.0,34.78037077224997,18.116666666666667,69,3,66,4.0596296318654135,1.353209877288471,41.809952613596025,60.0,480.0,0.0,0.0,0.0,10.21008449990768,0.0,0.0,41.809952613596025,480.0,123.9692432558826,2295.479016670314,,,,False,False,not_attempted,0,0,0,0,59,0,0.0,172.73804103501027,477.0,False,,,False,8,0
nn,static_frozen,8,480.0,8.0,1,normal,normal,3 22 23 65,0,1.0,1.0,0.0,34.78037077224997,18.133333333333333,66,3,63,2.9617497333409846,0.9872499111136616,44.77170234693701,60.0,540.0,0.0,0.0,0.0,10.21008449990768,0.0,0.0,44.77170234693701,540.0,120.21492095922403,2165.047520150499,,,,False,False,not_attempted,0,0,0,0,53,0,0.0,172.64470770167694,647.0,False,,,False,8,0
nn,static_frozen,9,540.0,9.0,1,normal,normal,3 22 23 65,0,1.0,1.0,0.0,34.78037077224997,18.15,63,2,61,1.360887868666041,0.6804439343330205,46.13259021560305,60.0,600.0,0.0,0.0,0.0,10.21008449990768,0.0,0.0,46.13259021560305,600.0,117.0907644351915,2165.047520150499,,,,False,False,not_attempted,0,0,0,0,35,0,0.0,172.53888579406538,647.0,False,,,False,8,0
nn,static_frozen,10,600.0,10.0,2,degrading,degrading,3 22 23 65,0,1.0,1.0,0.0,34.78037077224997,18.166666666666668,61,4,57,3.3611376239174127,0.8402844059793532,49.49372783952047,60.0,660.0,0.0,0.0,0.0,10.21008449990768,0.0,0.0,49.49372783952047,660.0,115.72549646918236,2159.671519313145,,,,False,False,not_attempted,0,0,0,0,46,0,0.0,172.28418379893967,647.0,False,,,False,8,0
nn,static_frozen,11,660.0,11.0,2,degrading,degrading,3 22 23 65,3016,1.06951871657754,0.935,0.0,34.616227642784246,18.183333333333334,57,1,56,5.511550512047869,5.511550512047869,55.005278351568336,60.0,720.0,0.0,0.0,0.0,10.21008449990768,0.0,0.0,55.005278351568336,720.0,117.33314461447353,2095.452946064896,,,,False,False,not_attempted,0,0,0,0,51,21,0.4117647058823529,170.6107783742012,659.0,False,,,False,8,0
nn,static_frozen,12,720.0,12.0,2,degrading,degrading,3 22 23 65,3016,1.1494252873563218,0.87,0.0,34.42946093125795,18.2,56,2,54,2.0449481007701262,1.0224740503850631,57.050226452338464,60.0,780.0,0.0,0.0,0.0,10.21008449990768,0.0,0.0,57.050226452338464,780.0,117.20622662486704,1954.2072948791683,,,,False,False,not_attempted,0,0,0,0,36,13,0.3611111111111111,170.20338483629783,743.0,False,,,False,8,0
nn,static_frozen,13,780.0,13.0,2,degrading,degrading,3 22 23 65,3016,1.2422360248447206,0.8049999999999999,0.0,34.21504719348918,18.216666666666665,54,2,52,4.1683897973356165,2.0841948986678083,61.21861624967408,60.0,840.0,0.0,0.0,0.0,10.21008449990768,0.0,0.0,61.21861624967408,840.0,119.81552811850798,1954.757170405982,,,,False,False,not_attempted,0,0,0,0,46,25,0.5434782608695652,170.1100515029645,843.0,False,,,False,8,0
nn,static_frozen,14,840.0,14.0,2,degrading,degrading,3 22 23 65,3016,1.3513513513513513,0.74,0.0,33.96635687075199,18.233333333333334,52,3,49,6.094662629328189,2.031554209776063,67.31327887900227,60.0,900.0,0.0,0.0,0.0,10.21008449990768,0.0,0.0,67.31327887900227,900.0,121.52460124042165,1923.4726352127768,,,,False,False,not_attempted,0,0,0,0,45,13,0.28888888888888886,167.71471727564924,843.0,False,,,False,8,0
nn,static_frozen,15,900.0,15.0,3,degrading,degrading,3 22 23 65,3016,1.4814814814814814,0.675,0.0,33.6744566342527,18.25,49,1,48,3.576042275777644,3.576042275777644,70.8893211547799,60.0,960.0,0.0,0.0,0.0,10.21008449990768,0.0,0.0,70.8893211547799,960.0,120.44306614018794,1759.678872768597,,,,False,False,not_attempted,0,0,0,0,37,0,0.0,166.20343873996322,853.0,False,,,False,8,0
nn,static_frozen,16,960.0,16.0,3,degrading,degrading,3 22 23 65,3016,1.639344262295082,0.61,0.0,33.32701347891001,18.266666666666666,48,5,43,6.6497440998610555,1.3299488199722111,77.53906525464096,60.0,1020.0,0.0,0.0,0.0,10.21008449990768,0.0,0.0,77.53906525464096,1020.0,123.26636929091322,1760.6141619615635,,,,False,False,not_attempted,0,0,0,0,87,9,0.10344827586206896,164.72423250848738,1087.0,False,,,False,8,0
nn,static_frozen,17,1020.0,17.0,3,degrading,degrading,3 22 23 65,3016,1.8348623853211008,0.545,0.0,32.906507451761335,18.283333333333335,43,0,43,2.8067356899412506,2.8067356899412506,80.34580094458221,60.0,1080.0,0.0,0.0,0.0,10.21008449990768,0.0,0.0,80.34580094458221,1080.0,123.47205040506023,1691.398733097021,,,,False,False,not_attempted,0,0,0,0,28,9,0.32142857142857145,164.47158796189908,1087.0,False,,,False,8,0
nn,static_frozen,18,1080.0,18.0,3,degrading,degrading,3 22 23 65,3016,2.0833333333333335,0.48,0.0,32.38718437773333,18.3,43,3,40,2.7860366681647766,0.9286788893882588,83.13183761274699,60.0,1140.0,0.0,0.0,0.0,10.21008449990768,0.0,0.0,83.13183761274699,1140.0,128.93027664889232,1684.9773323670431,,,,False,False,not_attempted,0,0,0,0,29,5,0.1724137931034483,164.37825462856574,1087.0,False,,,False,8,0
nn,static_frozen,19,1140.0,19.0,3,degrading,degrading,3 22 23 65,3016,2.409638554216868,0.4149999999999999,0.0,31.72957427121698,18.316666666666666,40,2,38,2.30638525539977,1.153192627699885,85.43822286814677,60.0,1200.0,0.0,0.0,0.0,10.21008449990768,0.0,0.0,85.43822286814677,1200.0,136.11036946632936,1632.7439646001949,,,,False,False,not_attempted,0,0,0,0,59,0,0.0,164.2614882390681,1087.0,False,,,False,8,0
nn,static_frozen,20,1200.0,20.0,4,disrupted,holding,3 22 23 65,3016,2.857142857142857,0.35,0.0,30.869958212648605,18.333333333333332,38,2,36,2.8650648088369435,1.4325324044184717,88.30328767698371,60.0,1260.0,0.0,0.0,0.0,10.21008449990768,0.0,0.0,88.30328767698371,1260.0,144.88393632746016,1668.5475980435765,,,,False,False,not_attempted,0,0,0,0,39,0,0.0,164.16815490573475,1270.0,False,,,False,7,0
nn,static_frozen,21,1260.0,21.0,4,disrupted,disrupted,3 22 23 65,3016,2.857142857142857,0.35,0.0,30.869958212648605,18.35,36,4,32,6.707317768552402,1.6768294421381005,95.01060544553611,60.0,1320.0,0.0,0.0,0.0,10.21008449990768,0.0,0.0,95.01060544553611,1320.0,142.07085431536007,1668.5475980435765,,,,False,False,not_attempted,0,0,0,0,49,13,0.2653061224489796,164.1089189552412,1308.0,False,,,False,7,0
nn,static_frozen,22,1320.0,22.0,4,disrupted,disrupted,3 22 23 65,3016,2.857142857142857,0.35,0.0,30.869958212648605,18.366666666666667,32,3,29,6.800723724197031,2.266907908065677,101.81132916973314,60.0,1380.0,0.0,0.0,0.0,10.21008449990768,0.0,0.0,101.81132916973314,1380.0,137.8431147259597,1525.9825429156185,,,,False,False,not_attempted,0,0,0,0,39,6,0.15384615384615385,160.67124952148995,1351.0,False,,,False,7,0
nn,static_frozen,23,1380.0,23.0,4,disrupted,disrupted,3 22 23 65,3016,2.857142857142857,0.35,0.0,30.869958212648605,18.383333333333333,29,1,28,3.1792555664381985,3.1792555664381985,104.99058473617134,60.0,1440.0,0.0,0.0,0.0,10.21008449990768,0.0,0.0,104.99058473617134,1440.0,131.96063163039884,1511.2397897032456,,,,False,False,not_attempted,0,0,0,0,21,1,0.047619047619047616,160.45311633695397,1351.0,False,,,False,7,0
nn,static_frozen,24,1440.0,24.0,4,disrupted,disrupted,3 22 23 65,3016,2.857142857142857,0.35,0.0,30.869958212648605,18.4,28,1,27,6.535440546010605,6.535440546010605,111.52602528218195,60.0,1500.0,0.0,0.0,0.0,10.21008449990768,0.0,0.0,111.52602528218195,1500.0,129.5158328179937,1398.1877319106297,,,,False,False,not_attempted,0,0,0,0,26,10,0.38461538461538464,160.35978300362063,1362.0,False,,,False,7,0
nn,static_frozen,25,1500.0,25.0,5,disrupted,disrupted,3 22 23 65,3016,2.857142857142857,0.35,0.0,30.869958212648605,18.416666666666668,27,4,23,8.28434484294755,2.0710862107368877,119.8103701251295,60.0,1560.0,0.0,0.0,0.0,10.21008449990768,0.0,0.0,119.8103701251295,1560.0,124.83911145247356,1350.795256269491,,,,False,False,not_attempted,0,0,0,0,34,10,0.29411764705882354,157.92320540895318,1567.0,False,,,False,7,0
nn,static_frozen,26,1560.0,26.0,5,disrupted,disrupted,3 22 23 65,3016,2.857142857142857,0.35,0.0,30.869958212648605,18.433333333333334,23,2,21,8.874799834665803,4.437399917332901,128.6851699597953,60.0,1620.0,0.0,0.0,0.0,10.21008449990768,0.0,0.0,128.6851699597953,1620.0,117.63758154025638,1280.859566078575,,,,False,False,not_attempted,0,0,0,0,64,11,0.171875,154.3552312623928,1567.0,False,,,False,7,0
nn,static_frozen,27,1620.0,27.0,5,disrupted,disrupted,3 22 23 65,3016,2.857142857142857,0.35,0.0,30.869958212648605,18.45,21,1,20,2.700913263983146,2.700913263983146,131.38608322377846,60.0,1680.0,0.0,0.0,0.0,10.21008449990768,0.0,0.0,131.38608322377846,1680.0,109.19753992352885,1213.7847911865242,,,,False,False,not_attempted,0,0,0,0,14,1,0.07142857142857142,154.17736735202845,1567.0,False,,,False,6,0
nn,static_frozen,28,1680.0,28.0,5,disrupted,disrupted,3 22 23 65,3016,2.857142857142857,0.35,0.0,30.869958212648605,18.466666666666665,20,4,16,7.0903794499446455,1.7725948624861614,138.4764626737231,60.0,1740.0,0.0,0.0,0.0,10.21008449990768,0.0,0.0,138.4764626737231,1740.0,106.76319474174001,1161.095415245146,,,,False,False,not_attempted,0,0,0,0,28,10,0.35714285714285715,152.76875486055607,1655.0,False,,,False,6,0
nn,static_frozen,29,1740.0,29.0,5,disrupted,disrupted,3 22 23 65,3016,2.857142857142857,0.35,0.0,30.869958212648605,18.483333333333334,16,1,15,4.1735545095630115,4.1735545095630115,142.6500171832861,60.0,1800.0,0.0,0.0,0.0,10.21008449990768,0.0,0.0,142.6500171832861,1800.0,99.14317264736036,1095.6244511039054,,,,False,False,not_attempted,0,0,0,0,34,3,0.08823529411764706,152.53560071247904,1716.0,False,,,False,6,0
nn,static_frozen,30,1800.0,30.0,6,recovering,recovering,3 22 23 65,3016,2.857142857142857,0.35,0.0,30.869958212648605,18.5,15,2,13,1.6569215732342868,0.8284607866171434,144.3069387565204,60.0,1860.0,0.0,0.0,0.0,10.21008449990768,0.0,0.0,144.3069387565204,1860.0,95.56998006724751,990.378309928476,,,,False,False,not_attempted,0,0,0,0,17,1,0.058823529411764705,152.34281349189365,1724.0,False,,,False,5,0
nn,static_frozen,31,1860.0,31.0,6,recovering,recovering,3 22 23 65,3016,2.6595744680851063,0.376,0.04,31.243657601678347,18.516666666666666,13,2,11,3.1592934288652987,1.5796467144326494,147.4662321853857,60.0,1920.0,0.0,0.0,0.0,10.21008449990768,0.0,0.0,147.4662321853857,1920.0,90.4514773841823,951.0190756774393,,,,False,False,not_attempted,0,0,0,0,8,7,0.875,152.24948015856032,1724.0,False,,,False,4,0
nn,static_frozen,32,1920.0,32.0,6,recovering,recovering,3 22 23 65,3016,2.4875621890547266,0.40199999999999997,0.08,31.576464128164858,18.533333333333335,11,2,9,4.707261197457883,2.3536305987289414,152.1734933828436,60.0,1980.0,0.0,0.0,0.0,10.21008449990768,0.0,0.0,152.1734933828436,1980.0,85.62294557753529,915.5190140284105,,,,False,False,not_attempted,0,0,0,0,19,9,0.47368421052631576,152.00419175269087,1865.0,False,,,False,4,0
nn,static_frozen,33,1980.0,33.0,6,recovering,recovering,3 22 23 65,3016,2.336448598130841,0.428,0.12,31.874741780209174,18.55,9,1,8,0.904634239209366,0.904634239209366,153.07812762205296,60.0,2040.0,0.0,0.0,0.0,10.21008449990768,0.0,0.0,153.07812762205296,2040.0,79.54152137110191,766.7947238607975,,,,False,False,not_attempted,0,0,0,0,12,0,0.0,151.91085841935754,1865.0,False,,,False,4,0
nn,static_frozen,34,2040.0,34.0,6,recovering,recovering,3 22 23 65,3016,2.2026431718061676,0.45399999999999996,0.16,32.14359913561627,18.566666666666666,8,2,6,1.530136828540969,0.7650684142704846,154.60826445059394,60.0,2100.0,0.0,0.0,0.0,10.21008449990768,0.0,0.0,154.60826445059394,2100.0,76.4914481409883,739.8879928784426,,,,False,False,not_attempted,0,0,0,0,4,4,1.0,151.10303799671027,1865.0,False,,,False,3,0
nn,static_frozen,35,2100.0,35.0,7,recovering,recovering,3 22 23 65,3016,2.0833333333333335,0.48,0.2,32.38718437773333,18.583333333333332,6,2,4,1.9636518213358995,0.9818259106679498,156.57191627192984,60.0,2160.0,0.0,0.0,0.0,10.21008449990768,0.0,0.0,156.57191627192984,2160.0,72.92090857998468,702.7674088940302,,,,False,False,not_attempted,0,0,0,0,11,3,0.2727272727272727,150.4272412770447,1991.0,False,,,False,3,0
nn,static_frozen,36,2160.0,36.0,7,recovering,recovering,3 22 23 65,3016,1.976284584980237,0.506,0.24,32.60890085287041,18.6,4,0,4,4.547471576241495,4.547471576241495,161.11938784817133,60.0,2220.0,0.0,0.0,0.0,10.21008449990768,0.0,0.0,161.11938784817133,2220.0,69.38899625574564,604.3922886779562,,,,False,False,not_attempted,0,0,0,0,16,3,0.1875,150.33390794371135,1991.0,False,,,False,3,0
nn,static_frozen,37,2220.0,37.0,7,recovering,recovering,3 22 23 65,3016,1.8796992481203008,0.532,0.28,32.811567064520624,18.616666666666667,4,1,3,2.0765974381370707,2.0765974381370707,163.1959852863084,60.0,2280.0,0.0,0.0,0.0,10.21008449990768,0.0,0.0,163.1959852863084,2280.0,63.77511615055044,597.0880793062969,,,,False,False,not_attempted,0,0,0,0,24,6,0.25,149.39863130324773,1991.0,False,,,False,2,0
nn,static_frozen,38,2280.0,38.0,7,recovering,recovering,3 22 23 65,3016,1.7921146953405016,0.558,0.32,32.99753712540496,18.633333333333333,3,1,2,3.305222690314242,3.305222690314242,166.50120797662265,60.0,2340.0,0.0,0.0,0.0,10.21008449990768,0.0,0.0,166.50120797662265,2340.0,60.63559665980439,596.5691673419724,,,,False,False,not_attempted,0,0,0,0,35,7,0.2,147.74038085584291,1995.0,False,,,False,2,0
nn,static_frozen,39,2340.0,39.0,7,recovering,recovering,3 22 23 65,3016,1.7123287671232879,0.584,0.36,33.168792617820394,18.65,2,0,2,0.7344357418162148,0.7344357418162148,167.23564371843887,60.0,2400.0,0.0,0.0,0.0,10.21008449990768,0.0,0.0,167.23564371843887,2400.0,56.48325972202824,596.0964598676218,,,,False,False,not_attempted,0,0,0,0,9,0,0.0,147.09927844736004,1995.0,False,,,False,1,0
nn,static_frozen,40,2400.0,40.0,8,recovering,recovering,3 22 23 65,3016,1.639344262295082,0.61,0.4,33.32701347891001,18.666666666666668,2,1,1,0.1724497931515939,0.1724497931515939,167.40809351159047,60.0,2460.0,0.0,0.0,0.0,10.21008449990768,0.0,0.0,167.40809351159047,2460.0,54.47503177948141,527.8452726986569,,,,False,False,not_attempted,0,0,0,0,0,0,0.0,147.0059451140267,1996.0,False,,,False,0,0
nn,static_frozen,41,2460.0,41.0,8,recovering,recovering,3 22 23 65,3016,1.572327044025157,0.636,0.44,33.473633293615485,18.683333333333334,1,1,0,51.42486951094983,51.42486951094983,218.8329630225403,556.9147136967497,3016.9147136967495,0.0,0.0,0.0,10.21008449990768,0.0,0.0,218.8329630225403,3016.9147136967495,53.14516646763313,527.4482159657939,,,,False,False,not_attempted,0,0,0,0,632,127,0.20094936708860758,139.22105388423975,1996.0,True,,,False,0,0
aco,adaptive,0,0.0,0.0,0,normal,initial,3 22 23 65,0,1.0,1.0,0.0,34.78037077224997,18.0,84,0,84,18.680839634308782,18.680839634308782,18.680839634308782,60.0,60.0,9.003784299944527,22.83633279998321,31.84011709992774,31.84011709992774,0.0,0.0,18.680839634308782,60.0,129.8572811733068,2948.952446263193,,,,False,False,initial_plan,0,0,0,0,130,0,0.0,177.2717760608753,0.0,False,,,True,10,10
aco,adaptive,1,60.0,1.0,0,normal,normal,3 22 23 65,0,1.0,1.0,0.0,34.78037077224997,18.016666666666666,84,0,84,4.7680615934003905,4.7680615934003905,23.44890122770917,60.0,120.0,0.0,0.0,0.0,31.84011709992774,0.0,0.0,23.44890122770917,120.0,110.44402959570512,2884.5846107093394,,,,False,False,not_attempted,0,0,0,0,76,0,0.0,176.09020652430007,0.0,False,,,False,10,10
aco,adaptive,2,120.0,2.0,0,normal,normal,3 22 23 65,0,1.0,1.0,0.0,34.78037077224997,18.033333333333335,84,3,81,5.306297452810553,1.7687658176035177,28.755198680519726,60.0,180.0,0.0,0.0,0.0,31.84011709992774,0.0,0.0,28.755198680519726,180.0,105.15915328473176,2752.5964808827875,,,,False,False,not_attempted,0,0,0,0,66,0,0.0,174.7596401655785,215.0,False,,,False,9,7
aco,adaptive,3,180.0,3.0,0,normal,normal,3 22 23 65,0,1.0,1.0,0.0,34.78037077224997,18.05,81,3,78,4.660065898009958,1.5533552993366528,33.41526457852969,60.0,240.0,0.0,0.0,0.0,31.84011709992774,0.0,0.0,33.41526457852969,240.0,100.06592291517671,2752.5964808827875,,,,False,False,not_attempted,0,0,0,0,63,0,0.0,174.60001662259305,215.0,False,,,False,9,4
aco,adaptive,4,240.0,4.0,0,normal,normal,3 22 23 65,0,1.0,1.0,0.0,34.78037077224997,18.066666666666666,78,1,77,3.024516702171434,3.024516702171434,36.43978128070112,60.0,300.0,0.0,0.0,0.0,31.84011709992774,0.0,0.0,36.43978128070112,300.0,95.6512867909427,2700.7402108848582,,,,False,False,not_attempted,0,0,0,0,41,0,0.0,174.23595111138894,241.0,False,,,False,9,4
aco,adaptive,5,300.0,5.0,1,normal,normal,3 22 23 65,0,1.0,1.0,0.0,34.78037077224997,18.083333333333332,77,4,73,2.8679341198432,0.7169835299608,39.30771540054432,60.0,360.0,10.438993599964306,219.00191619992256,229.44090979988687,261.2810268998146,0.0,0.0,39.30771540054432,360.0,92.80451466956619,2531.148694412799,92.80451466956619,97.76350319187286,-4.958988522306669,True,False,incumbent_not_worse,6,28,0,0,31,0,0.0,174.1426177780556,402.0,False,,,True,9,2
aco,adaptive,6,360.0,6.0,1,normal,normal,3 22 23 65,0,1.0,1.0,0.0,34.78037077224997,18.1,73,3,70,3.5198933529509064,1.1732977843169687,42.82760875349523,60.0,420.0,0.0,0.0,0.0,261.2810268998146,0.0,0.0,42.82760875349523,420.0,89.49872562010101,2531.148694412799,,,,False,False,not_attempted,0,0,0,0,44,0,0.0,173.80269504982573,422.0,False,,,False,9,1
aco,adaptive,7,420.0,7.0,1,normal,normal,3 22 23 65,0,1.0,1.0,0.0,34.78037077224997,18.116666666666667,70,3,67,4.091652081357425,1.3638840271191415,46.91926083485265,60.0,480.0,0.0,0.0,0.0,261.2810268998146,0.0,0.0,46.91926083485265,480.0,86.23763270067052,2527.8765656637133,,,,False,False,not_attempted,0,0,0,0,30,0,0.0,171.7315048732715,641.0,False,,,False,9,1
aco,adaptive,8,480.0,8.0,1,normal,normal,3 22 23 65,0,1.0,1.0,0.0,34.78037077224997,18.133333333333333,67,4,63,1.9465284663171223,0.48663211657928057,48.86578930116977,60.0,540.0,0.0,0.0,0.0,261.2810268998146,0.0,0.0,48.86578930116977,540.0,82.12902723057795,2353.8339100285225,,,,False,False,not_attempted,0,0,0,0,27,0,0.0,171.63817153993816,647.0,False,,,False,9,0
aco,adaptive,9,540.0,9.0,1,normal,normal,3 22 23 65,0,1.0,1.0,0.0,34.78037077224997,18.15,63,4,59,3.8465037675471145,0.9616259418867786,52.71229306871688,60.0,600.0,0.0,0.0,0.0,261.2810268998146,0.0,0.0,52.71229306871688,600.0,80.2902564326039,2353.8339100285225,,,,False,False,not_attempted,0,0,0,0,34,0,0.0,171.54640459197284,647.0,False,,,False,9,0
aco,adaptive,10,600.0,10.0,2,degrading,degrading,3 22 23 65,0,1.0,1.0,0.0,34.78037077224997,18.166666666666668,59,2,57,2.2406318836965116,1.1203159418482558,54.95292495241339,60.0,660.0,5.589995998889208e-05,129.9875092000002,129.9875650999602,391.2685919997748,0.0,0.0,54.95292495241339,660.0,76.26459852359919,2334.9570515159016,76.26459852359919,84.2003470171799,-7.935748493580704,True,False,incumbent_not_worse,7,16,0,0,28,0,0.0,171.29011539682318,871.0,False,,,True,9,0
aco,adaptive,11,660.0,11.0,2,degrading,degrading,3 22 23 65,3016,1.06951871657754,0.935,0.0,34.616227642784246,18.183333333333334,57,3,54,1.7566672163478407,0.5855557387826136,56.70959216876123,60.0,720.0,0.0,0.0,0.0,391.2685919997748,0.0,0.0,56.70959216876123,720.0,77.6217740821412,2196.1333232970305,,,,False,False,not_attempted,0,0,0,0,24,0,0.0,171.19678206348985,871.0,False,,,False,7,0
aco,adaptive,12,720.0,12.0,2,degrading,degrading,3 22 23 65,3016,1.1494252873563218,0.87,0.0,34.42946093125795,18.2,54,4,50,2.4899068368154778,0.6224767092038694,59.19949900557671,60.0,780.0,0.0,0.0,0.0,391.2685919997748,0.0,0.0,59.19949900557671,780.0,79.96042062854174,2200.422960795573,,,,False,False,not_attempted,0,0,0,0,26,7,0.2692307692307692,170.7053520396286,1037.0,False,,,False,7,0
aco,adaptive,13,780.0,13.0,2,degrading,degrading,3 22 23 65,3016,1.2422360248447206,0.8049999999999999,0.0,34.21504719348918,18.216666666666665,50,3,47,1.9356504659843714,0.6452168219947905,61.135149471561085,60.0,840.0,0.0,0.0,0.0,391.2685919997748,0.0,0.0,61.135149471561085,840.0,81.94610529291782,2166.169033205121,,,,False,False,not_attempted,0,0,0,0,24,7,0.2916666666666667,170.01502271405593,1037.0,False,,,False,7,0
aco,adaptive,14,840.0,14.0,2,degrading,degrading,3 22 23 65,3016,1.3513513513513513,0.74,0.0,33.96635687075199,18.233333333333334,47,2,45,1.6167015732952945,0.8083507866476473,62.75185104485638,60.0,900.0,0.0,0.0,0.0,391.2685919997748,0.0,0.0,62.75185104485638,900.0,84.90850184893563,1989.2610548293808,,,,False,False,not_attempted,0,0,0,0,12,0,0.0,169.912246448997,1037.0,False,,,False,7,0
aco,adaptive,15,900.0,15.0,3,degrading,degrading,3 22 23 65,3016,1.4814814814814814,0.675,0.0,33.6744566342527,18.25,45,4,41,1.3541128042718529,0.3385282010679632,64.10596384912823,60.0,960.0,10.347775400034152,88.40560260007624,98.75337800011039,490.0219699998852,0.0,0.0,64.10596384912823,960.0,89.80893377404374,1997.3499326461188,89.80893377404374,99.4993439586114,-9.690410184567668,True,False,incumbent_not_worse,4,19,0,0,15,6,0.4,169.80947018393806,1142.0,False,,,True,7,0
aco,adaptive,16,960.0,16.0,3,degrading,degrading,3 22 23 65,3016,1.639344262295082,0.61,0.0,33.32701347891001,18.266666666666666,41,1,40,3.732209673491499,3.732209673491499,67.83817352261973,60.0,1020.0,0.0,0.0,0.0,490.0219699998852,0.0,0.0,67.83817352261973,1020.0,95.90367788649051,2007.1626696697024,,,,False,False,not_attempted,0,0,0,0,46,7,0.15217391304347827,169.5629603131352,1142.0,False,,,False,7,0
aco,adaptive,17,1020.0,17.0,3,degrading,degrading,3 22 23 65,3016,1.8348623853211008,0.545,0.0,32.906507451761335,18.283333333333335,40,2,38,5.467993113062889,2.7339965565314444,73.30616663568262,60.0,1080.0,0.0,0.0,0.0,490.0219699998852,0.0,0.0,73.30616663568262,1080.0,100.54965952767289,1958.965863077529,,,,False,False,not_attempted,0,0,0,0,33,8,0.24242424242424243,169.0078052550611,1142.0,False,,,False,7,0
aco,adaptive,18,1080.0,18.0,3,degrading,degrading,3 22 23 65,3016,2.0833333333333335,0.48,0.0,32.38718437773333,18.3,38,1,37,3.072731350759845,3.072731350759845,76.37889798644245,60.0,1140.0,0.0,0.0,0.0,490.0219699998852,0.0,0.0,76.37889798644245,1140.0,102.60367561234347,2041.3629995842525,,,,False,False,not_attempted,0,0,0,0,11,1,0.09090909090909091,168.7458575592287,1391.0,False,,,False,6,0
aco,adaptive,19,1140.0,19.0,3,degrading,degrading,3 22 23 65,3016,2.409638554216868,0.4149999999999999,0.0,31.72957427121698,18.316666666666666,37,3,34,2.6661630634286024,0.8887210211428674,79.04506104987105,60.0,1200.0,0.0,0.0,0.0,490.0219699998852,0.0,0.0,79.04506104987105,1200.0,108.44150834656513,1911.1897925244689,,,,False,False,not_attempted,0,0,0,0,41,0,0.0,168.53429817409727,1391.0,False,,,False,6,0
aco,adaptive,20,1200.0,20.0,4,disrupted,holding,3 22 23 65,3016,2.857142857142857,0.35,0.0,30.869958212648605,18.333333333333332,34,1,33,4.187712096946697,4.187712096946697,83.23277314681775,60.0,1260.0,10.574683099985123,69.64884169993456,80.22352479991969,570.2454947998049,0.0,0.0,83.23277314681775,1260.0,115.47591342766403,1913.841120064599,115.47591342766403,119.44975414962646,-3.973840721962432,True,False,incumbent_not_worse,3,11,0,0,13,5,0.38461538461538464,168.40267632084857,1391.0,False,,,True,6,0
aco,adaptive,21,1260.0,21.0,4,disrupted,disrupted,3 22 23 65,3016,2.857142857142857,0.35,0.0,30.869958212648605,18.35,33,1,32,3.2604100774773137,3.2604100774773137,86.49318322429507,60.0,1320.0,0.0,0.0,0.0,570.2454947998049,0.0,0.0,86.49318322429507,1320.0,111.96632609626677,1793.8411200645994,,,,False,False,not_attempted,0,0,0,0,13,5,0.38461538461538464,168.18792969182428,1391.0,False,,,False,6,0
aco,adaptive,22,1320.0,22.0,4,disrupted,disrupted,3 22 23 65,3016,2.857142857142857,0.35,0.0,30.869958212648605,18.366666666666667,32,2,30,2.1892136887266345,1.0946068443633172,88.6823969130217,60.0,1380.0,0.0,0.0,0.0,570.2454947998049,0.0,0.0,88.6823969130217,1380.0,108.4941902195732,1793.8411200645994,,,,False,False,not_attempted,0,0,0,0,9,2,0.2222222222222222,167.58376885083587,1391.0,False,,,False,5,0
aco,adaptive,23,1380.0,23.0,4,disrupted,disrupted,3 22 23 65,3016,2.857142857142857,0.35,0.0,30.869958212648605,18.383333333333333,30,2,28,3.151364662890721,1.5756823314453605,91.83376157591243,60.0,1440.0,0.0,0.0,0.0,570.2454947998049,0.0,0.0,91.83376157591243,1440.0,106.4956601889162,1748.7699421667892,,,,False,False,not_attempted,0,0,0,0,19,4,0.21052631578947367,166.10023036116195,1530.0,False,,,False,5,0
aco,adaptive,24,1440.0,24.0,4,disrupted,disrupted,3 22 23 65,3016,2.857142857142857,0.35,0.0,30.869958212648605,18.4,28,2,26,3.9669820076168154,1.9834910038084077,95.80074358352925,60.0,1500.0,0.0,0.0,0.0,570.2454947998049,0.0,0.0,95.80074358352925,1500.0,103.31839552925922,1677.790574401224,,,,False,False,not_attempted,0,0,0,0,21,4,0.19047619047619047,165.48573273334944,1530.0,False,,,False,5,0
aco,adaptive,25,1500.0,25.0,5,disrupted,disrupted,3 22 23 65,3016,2.857142857142857,0.35,0.0,30.869958212648605,18.416666666666668,26,0,26,0.6941207858085151,0.6941207858085151,96.49486436933778,60.0,1560.0,6.250001024454832e-05,30.091181399999186,30.09124390000943,600.3367386998143,0.0,0.0,96.49486436933778,1560.0,99.47196981896118,1630.359281452311,99.47196981896118,99.93893572867093,-0.4669659097097423,True,False,incumbent_not_worse,3,8,0,0,6,0,0.0,165.3923994000161,1530.0,False,,,True,5,0
aco,adaptive,26,1560.0,26.0,5,disrupted,disrupted,3 22 23 65,3016,2.857142857142857,0.35,0.0,30.869958212648605,18.433333333333334,26,2,24,1.7711905088594375,0.8855952544297188,98.26605487819721,60.0,1620.0,0.0,0.0,0.0,600.3367386998143,0.0,0.0,98.26605487819721,1620.0,98.74797479480507,1503.7294974019908,,,,False,False,not_attempted,0,0,0,0,5,1,0.2,164.83557368814718,1530.0,False,,,False,5,0
aco,adaptive,27,1620.0,27.0,5,disrupted,disrupted,3 22 23 65,3016,2.857142857142857,0.35,0.0,30.869958212648605,18.45,24,3,21,5.500268270083794,1.833422756694598,103.766323148281,60.0,1680.0,0.0,0.0,0.0,600.3367386998143,0.0,0.0,103.766323148281,1680.0,97.01508330836917,1503.7294974019908,,,,False,False,not_attempted,0,0,0,0,22,10,0.45454545454545453,161.54732950964646,1530.0,False,,,False,5,0
aco,adaptive,28,1680.0,28.0,5,disrupted,disrupted,3 22 23 65,3016,2.857142857142857,0.35,0.0,30.869958212648605,18.466666666666665,21,1,20,1.7950193798211531,1.7950193798211531,105.56134252810216,60.0,1740.0,0.0,0.0,0.0,600.3367386998143,0.0,0.0,105.56134252810216,1740.0,91.24527617831158,1362.7425256225051,,,,False,False,not_attempted,0,0,0,0,3,2,0.6666666666666666,160.33211791933164,1530.0,False,,,False,5,0
aco,adaptive,29,1740.0,29.0,5,disrupted,disrupted,3 22 23 65,3016,2.857142857142857,0.35,0.0,30.869958212648605,18.483333333333334,20,3,17,4.495633732757177,1.4985445775857258,110.05697626085933,60.0,1800.0,0.0,0.0,0.0,600.3367386998143,0.0,0.0,110.05697626085933,1800.0,89.24357837399083,1357.1530517373112,,,,False,False,not_attempted,0,0,0,0,34,3,0.08823529411764706,160.2387845859983,1564.0,False,,,False,5,0
aco,adaptive,30,1800.0,30.0,6,recovering,recovering,3 22 23 65,3016,2.857142857142857,0.35,0.0,30.869958212648605,18.5,17,1,16,7.0991671736501365,7.0991671736501365,117.15614343450946,60.0,1860.0,6.240000948309898e-05,10.795184099930339,10.795246499939822,611.1319851997541,0.0,0.0,117.15614343450946,1860.0,84.87014518912926,1227.169647868382,84.87014518912926,88.20483823318075,-3.334693044051491,True,False,incumbent_not_worse,3,8,0,0,19,9,0.47368421052631576,158.4904532469182,1564.0,False,,,True,4,0
aco,adaptive,31,1860.0,31.0,6,recovering,recovering,3 22 23 65,3016,2.6595744680851063,0.376,0.04,31.243657601678347,18.516666666666666,16,2,14,1.3880820913102705,0.6940410456551352,118.54422552581973,60.0,1920.0,0.0,0.0,0.0,611.1319851997541,0.0,0.0,118.54422552581973,1920.0,75.66761111749878,1216.8048949943557,,,,False,False,not_attempted,0,0,0,0,22,0,0.0,158.39711991358487,1589.0,False,,,False,4,0
aco,adaptive,32,1920.0,32.0,6,recovering,recovering,3 22 23 65,3016,2.4875621890547266,0.40199999999999997,0.08,31.576464128164858,18.533333333333335,14,2,12,1.9125816279311096,0.9562908139655548,120.45680715375083,60.0,1980.0,0.0,0.0,0.0,611.1319851997541,0.0,0.0,120.45680715375083,1980.0,72.2219461734355,1209.4097177659733,,,,False,False,not_attempted,0,0,0,0,10,2,0.2,157.85526502086944,1717.0,False,,,False,4,0
aco,adaptive,33,1980.0,33.0,6,recovering,recovering,3 22 23 65,3016,2.336448598130841,0.428,0.12,31.874741780209174,18.55,12,0,12,2.2334972048268535,2.2334972048268535,122.69030435857768,60.0,2040.0,0.0,0.0,0.0,611.1319851997541,0.0,0.0,122.69030435857768,2040.0,68.09883033334017,1082.3829503329412,,,,False,False,not_attempted,0,0,0,0,5,5,1.0,155.90176781604256,1717.0,False,,,False,3,0
aco,adaptive,34,2040.0,34.0,6,recovering,recovering,3 22 23 65,3016,2.2026431718061676,0.45399999999999996,0.16,32.14359913561627,18.566666666666666,12,3,9,1.494622289150532,0.498207429716844,124.1849266477282,60.0,2100.0,0.0,0.0,0.0,611.1319851997541,0.0,0.0,124.1849266477282,2100.0,63.21857382285179,1081.5901936834211,,,,False,False,not_attempted,0,0,0,0,12,0,0.0,154.7452964302006,1774.0,False,,,False,3,0
aco,adaptive,35,2100.0,35.0,7,recovering,recovering,3 22 23 65,3016,2.0833333333333335,0.48,0.2,32.38718437773333,18.583333333333332,9,0,9,1.5803920509817746,1.5803920509817746,125.76531869870998,60.0,2160.0,10.436632600030862,2.252902000094764,12.689534600125626,623.8215197998798,0.0,0.0,125.76531869870998,2160.0,59.492597043329965,1020.9638452412867,60.818111706557204,59.492597043329965,1.3255146632272385,True,True,lower_residual_energy,3,4,3,4,3,0,0.0,154.65196309686726,1774.0,False,,,True,3,0
aco,adaptive,36,2160.0,36.0,7,recovering,recovering,3 22 23 65,3016,1.976284584980237,0.506,0.24,32.60890085287041,18.6,9,2,7,0.8751808397660265,0.4375904198830132,126.640499538476,60.0,2220.0,0.0,0.0,0.0,623.8215197998798,0.0,0.0,126.640499538476,2220.0,56.364496920020954,950.8684784386126,,,,False,False,not_attempted,0,0,0,0,33,0,0.0,154.63884323101215,1774.0,False,,,False,3,0
aco,adaptive,37,2220.0,37.0,7,recovering,recovering,3 22 23 65,3016,1.8796992481203008,0.532,0.28,32.811567064520624,18.616666666666667,7,1,6,1.9731289042158702,1.9731289042158702,128.6136284426919,60.0,2280.0,0.0,0.0,0.0,623.8215197998798,0.0,0.0,128.6136284426919,2280.0,53.745117143240996,774.2903420764674,,,,False,False,not_attempted,0,0,0,0,44,0,0.0,154.63884323101215,1917.0,False,,,False,3,0
aco,adaptive,38,2280.0,38.0,7,recovering,recovering,3 22 23 65,3016,1.7921146953405016,0.558,0.32,32.99753712540496,18.633333333333333,6,0,6,2.7531425476619824,2.7531425476619824,131.36677099035387,60.0,2340.0,0.0,0.0,0.0,623.8215197998798,0.0,0.0,131.36677099035387,2340.0,49.469023954615366,699.9784514730816,,,,False,False,not_attempted,0,0,0,0,11,0,0.0,154.63884323101215,1917.0,False,,,False,3,0
aco,adaptive,39,2340.0,39.0,7,recovering,recovering,3 22 23 65,3016,1.7123287671232879,0.584,0.36,33.168792617820394,18.65,6,1,5,0.7534052229358132,0.7534052229358132,132.12017621328968,60.0,2400.0,0.0,0.0,0.0,623.8215197998798,0.0,0.0,132.12017621328968,2400.0,44.44271750134126,566.8937835361813,,,,False,False,not_attempted,0,0,0,0,5,0,0.0,154.63884323101215,1917.0,False,,,False,2,0
aco,adaptive,40,2400.0,40.0,8,recovering,recovering,3 22 23 65,3016,1.639344262295082,0.61,0.4,33.32701347891001,18.666666666666668,5,2,3,0.6923703111485144,0.3461851555742572,132.8125465244382,60.0,2460.0,10.41097450000234,0.6792749000014737,11.090249400003813,634.9117691998836,0.0,0.0,132.8125465244382,2460.0,41.24669079674179,578.6006366993786,41.926177790317915,41.24669079674179,0.679486993576127,True,True,lower_residual_energy,2,3,2,3,48,0,0.0,154.63884323101215,1968.0,False,,,True,2,0
aco,adaptive,41,2460.0,41.0,8,recovering,recovering,3 22 23 65,3016,1.572327044025157,0.636,0.44,33.473633293615485,18.683333333333334,3,0,3,0.3882129557114478,0.3882129557114478,133.20075948014966,60.0,2520.0,0.0,0.0,0.0,634.9117691998836,0.0,0.0,133.20075948014966,2520.0,38.5922459413666,509.75433385291717,,,,False,False,not_attempted,0,0,0,0,12,0,0.0,154.63884323101215,1968.0,False,,,False,1,0
aco,adaptive,42,2520.0,42.0,8,recovering,recovering,3 22 23 65,3016,1.5105740181268883,0.6619999999999999,0.48,33.609882855206216,18.7,3,1,2,0.1551619226674434,0.1551619226674434,133.3559214028171,60.0,2580.0,0.0,0.0,0.0,634.9117691998836,0.0,0.0,133.3559214028171,2580.0,36.51212689795837,356.7922116655296,,,,False,False,not_attempted,0,0,0,0,0,0,0.0,154.63884323101215,1968.0,False,,,False,1,0
aco,adaptive,43,2580.0,43.0,8,recovering,recovering,3 22 23 65,3016,1.4534883720930234,0.688,0.52,33.7368247985553,18.716666666666665,2,1,1,0.48555203906528654,0.48555203906528654,133.84147344188239,60.0,2640.0,0.0,0.0,0.0,634.9117691998836,0.0,0.0,133.84147344188239,2640.0,34.95127734413297,353.2437727652094,,,,False,False,not_attempted,0,0,0,0,6,0,0.0,154.63884323101215,1968.0,False,,,False,1,0
aco,adaptive,44,2640.0,44.0,8,recovering,recovering,3 22 23 65,3016,1.400560224089636,0.714,0.56,33.85538137013096,18.733333333333334,1,0,1,0.09333333333333332,0.09333333333333332,133.93480677521572,60.0,2700.0,0.0,0.0,0.0,634.9117691998836,0.0,0.0,133.93480677521572,2700.0,32.89497471149115,257.8333170343908,,,,False,False,not_attempted,0,0,0,0,0,0,0.0,154.63884323101215,1968.0,False,,,False,0,0
aco,adaptive,45,2700.0,45.0,9,recovering,recovering,3 22 23 65,3016,1.3513513513513513,0.74,0.6,33.96635687075199,18.75,1,1,0,28.879208226533738,28.879208226533738,162.81401500174945,294.0231907156875,2994.0231907156876,0.0,0.0,0.0,634.9117691998836,0.0,0.0,162.81401500174945,2994.0231907156876,31.544553542940193,251.61322851271274,,,,False,False,not_attempted,0,0,0,0,289,102,0.35294117647058826,149.945832737842,1968.0,True,,,False,0,0
aco,static_live,0,0.0,0.0,0,normal,initial,3 22 23 65,0,1.0,1.0,0.0,34.78037077224997,18.0,84,0,84,18.680839634308782,18.680839634308782,18.680839634308782,60.0,60.0,9.003784299944527,22.83633279998321,31.84011709992774,31.84011709992774,0.0,0.0,18.680839634308782,60.0,129.8572811733068,2948.952446263193,,,,False,False,initial_plan,0,0,0,0,130,0,0.0,177.2717760608753,0.0,False,,,True,10,10
aco,static_live,1,60.0,1.0,0,normal,normal,3 22 23 65,0,1.0,1.0,0.0,34.78037077224997,18.016666666666666,84,0,84,4.7680615934003905,4.7680615934003905,23.44890122770917,60.0,120.0,0.0,0.0,0.0,31.84011709992774,0.0,0.0,23.44890122770917,120.0,110.44402959570512,2884.5846107093394,,,,False,False,not_attempted,0,0,0,0,76,0,0.0,176.09020652430007,0.0,False,,,False,10,10
aco,static_live,2,120.0,2.0,0,normal,normal,3 22 23 65,0,1.0,1.0,0.0,34.78037077224997,18.033333333333335,84,3,81,5.306297452810553,1.7687658176035177,28.755198680519726,60.0,180.0,0.0,0.0,0.0,31.84011709992774,0.0,0.0,28.755198680519726,180.0,105.15915328473176,2752.5964808827875,,,,False,False,not_attempted,0,0,0,0,66,0,0.0,174.7596401655785,215.0,False,,,False,9,7
aco,static_live,3,180.0,3.0,0,normal,normal,3 22 23 65,0,1.0,1.0,0.0,34.78037077224997,18.05,81,3,78,4.660065898009958,1.5533552993366528,33.41526457852969,60.0,240.0,0.0,0.0,0.0,31.84011709992774,0.0,0.0,33.41526457852969,240.0,100.06592291517671,2752.5964808827875,,,,False,False,not_attempted,0,0,0,0,63,0,0.0,174.60001662259305,215.0,False,,,False,9,4
aco,static_live,4,240.0,4.0,0,normal,normal,3 22 23 65,0,1.0,1.0,0.0,34.78037077224997,18.066666666666666,78,1,77,3.024516702171434,3.024516702171434,36.43978128070112,60.0,300.0,0.0,0.0,0.0,31.84011709992774,0.0,0.0,36.43978128070112,300.0,95.6512867909427,2700.7402108848582,,,,False,False,not_attempted,0,0,0,0,41,0,0.0,174.23595111138894,241.0,False,,,False,9,4
aco,static_live,5,300.0,5.0,1,normal,normal,3 22 23 65,0,1.0,1.0,0.0,34.78037077224997,18.083333333333332,77,4,73,2.8679341198432,0.7169835299608,39.30771540054432,60.0,360.0,0.0,0.0,0.0,31.84011709992774,0.0,0.0,39.30771540054432,360.0,92.80451466956619,2531.148694412799,,,,False,False,not_attempted,0,0,0,0,31,0,0.0,174.1426177780556,402.0,False,,,False,9,2
aco,static_live,6,360.0,6.0,1,normal,normal,3 22 23 65,0,1.0,1.0,0.0,34.78037077224997,18.1,73,3,70,3.5198933529509064,1.1732977843169687,42.82760875349523,60.0,420.0,0.0,0.0,0.0,31.84011709992774,0.0,0.0,42.82760875349523,420.0,89.498725620101,2531.148694412799,,,,False,False,not_attempted,0,0,0,0,44,0,0.0,173.80269504982573,422.0,False,,,False,9,1
aco,static_live,7,420.0,7.0,1,normal,normal,3 22 23 65,0,1.0,1.0,0.0,34.78037077224997,18.116666666666667,70,3,67,4.091652081357425,1.3638840271191415,46.91926083485265,60.0,480.0,0.0,0.0,0.0,31.84011709992774,0.0,0.0,46.91926083485265,480.0,86.23763270067052,2527.8765656637133,,,,False,False,not_attempted,0,0,0,0,30,0,0.0,171.7315048732715,641.0,False,,,False,9,1
aco,static_live,8,480.0,8.0,1,normal,normal,3 22 23 65,0,1.0,1.0,0.0,34.78037077224997,18.133333333333333,67,4,63,1.9465284663171223,0.48663211657928057,48.86578930116977,60.0,540.0,0.0,0.0,0.0,31.84011709992774,0.0,0.0,48.86578930116977,540.0,82.12902723057795,2353.8339100285225,,,,False,False,not_attempted,0,0,0,0,27,0,0.0,171.63817153993816,647.0,False,,,False,9,0
aco,static_live,9,540.0,9.0,1,normal,normal,3 22 23 65,0,1.0,1.0,0.0,34.78037077224997,18.15,63,4,59,3.8465037675471145,0.9616259418867786,52.71229306871688,60.0,600.0,0.0,0.0,0.0,31.84011709992774,0.0,0.0,52.71229306871688,600.0,80.29025643260388,2353.8339100285225,,,,False,False,not_attempted,0,0,0,0,34,0,0.0,171.54640459197284,647.0,False,,,False,9,0
aco,static_live,10,600.0,10.0,2,degrading,degrading,3 22 23 65,0,1.0,1.0,0.0,34.78037077224997,18.166666666666668,59,2,57,2.2406318836965116,1.1203159418482558,54.95292495241339,60.0,660.0,0.0,0.0,0.0,31.84011709992774,0.0,0.0,54.95292495241339,660.0,76.26459852359919,2334.9570515159016,,,,False,False,not_attempted,0,0,0,0,28,0,0.0,171.29011539682318,871.0,False,,,False,9,0
aco,static_live,11,660.0,11.0,2,degrading,degrading,3 22 23 65,3016,1.06951871657754,0.935,0.0,34.616227642784246,18.183333333333334,57,3,54,1.7566672163478407,0.5855557387826136,56.70959216876123,60.0,720.0,0.0,0.0,0.0,31.84011709992774,0.0,0.0,56.70959216876123,720.0,77.6217740821412,2196.1333232970305,,,,False,False,not_attempted,0,0,0,0,24,0,0.0,171.19678206348985,871.0,False,,,False,7,0
aco,static_live,12,720.0,12.0,2,degrading,degrading,3 22 23 65,3016,1.1494252873563218,0.87,0.0,34.42946093125795,18.2,54,4,50,2.4899068368154778,0.6224767092038694,59.19949900557671,60.0,780.0,0.0,0.0,0.0,31.84011709992774,0.0,0.0,59.19949900557671,780.0,79.96042062854174,2200.422960795573,,,,False,False,not_attempted,0,0,0,0,26,7,0.2692307692307692,170.7053520396286,1037.0,False,,,False,7,0
aco,static_live,13,780.0,13.0,2,degrading,degrading,3 22 23 65,3016,1.2422360248447206,0.8049999999999999,0.0,34.21504719348918,18.216666666666665,50,3,47,1.9356504659843714,0.6452168219947905,61.135149471561085,60.0,840.0,0.0,0.0,0.0,31.84011709992774,0.0,0.0,61.135149471561085,840.0,81.94610529291782,2166.169033205121,,,,False,False,not_attempted,0,0,0,0,24,7,0.2916666666666667,170.01502271405593,1037.0,False,,,False,7,0
aco,static_live,14,840.0,14.0,2,degrading,degrading,3 22 23 65,3016,1.3513513513513513,0.74,0.0,33.96635687075199,18.233333333333334,47,2,45,1.6167015732952945,0.8083507866476473,62.75185104485638,60.0,900.0,0.0,0.0,0.0,31.84011709992774,0.0,0.0,62.75185104485638,900.0,84.90850184893563,1989.2610548293808,,,,False,False,not_attempted,0,0,0,0,12,0,0.0,169.912246448997,1037.0,False,,,False,7,0
aco,static_live,15,900.0,15.0,3,degrading,degrading,3 22 23 65,3016,1.4814814814814814,0.675,0.0,33.6744566342527,18.25,45,4,41,1.3541128042718529,0.3385282010679632,64.10596384912823,60.0,960.0,0.0,0.0,0.0,31.84011709992774,0.0,0.0,64.10596384912823,960.0,89.80893377404374,1997.3499326461188,,,,False,False,not_attempted,0,0,0,0,15,6,0.4,169.80947018393806,1142.0,False,,,False,7,0
aco,static_live,16,960.0,16.0,3,degrading,degrading,3 22 23 65,3016,1.639344262295082,0.61,0.0,33.32701347891001,18.266666666666666,41,1,40,3.732209673491499,3.732209673491499,67.83817352261973,60.0,1020.0,0.0,0.0,0.0,31.84011709992774,0.0,0.0,67.83817352261973,1020.0,95.90367788649051,2007.1626696697024,,,,False,False,not_attempted,0,0,0,0,46,7,0.15217391304347827,169.5629603131352,1142.0,False,,,False,7,0
aco,static_live,17,1020.0,17.0,3,degrading,degrading,3 22 23 65,3016,1.8348623853211008,0.545,0.0,32.906507451761335,18.283333333333335,40,2,38,5.467993113062889,2.7339965565314444,73.30616663568262,60.0,1080.0,0.0,0.0,0.0,31.84011709992774,0.0,0.0,73.30616663568262,1080.0,100.54965952767289,1958.965863077529,,,,False,False,not_attempted,0,0,0,0,33,8,0.24242424242424243,169.0078052550611,1142.0,False,,,False,7,0
aco,static_live,18,1080.0,18.0,3,degrading,degrading,3 22 23 65,3016,2.0833333333333335,0.48,0.0,32.38718437773333,18.3,38,1,37,3.072731350759845,3.072731350759845,76.37889798644245,60.0,1140.0,0.0,0.0,0.0,31.84011709992774,0.0,0.0,76.37889798644245,1140.0,102.60367561234347,2041.3629995842525,,,,False,False,not_attempted,0,0,0,0,11,1,0.09090909090909091,168.7458575592287,1391.0,False,,,False,6,0
aco,static_live,19,1140.0,19.0,3,degrading,degrading,3 22 23 65,3016,2.409638554216868,0.4149999999999999,0.0,31.72957427121698,18.316666666666666,37,3,34,2.6661630634286024,0.8887210211428674,79.04506104987105,60.0,1200.0,0.0,0.0,0.0,31.84011709992774,0.0,0.0,79.04506104987105,1200.0,108.44150834656513,1911.1897925244689,,,,False,False,not_attempted,0,0,0,0,41,0,0.0,168.53429817409727,1391.0,False,,,False,6,0
aco,static_live,20,1200.0,20.0,4,disrupted,holding,3 22 23 65,3016,2.857142857142857,0.35,0.0,30.869958212648605,18.333333333333332,34,1,33,4.187712096946697,4.187712096946697,83.23277314681775,60.0,1260.0,0.0,0.0,0.0,31.84011709992774,0.0,0.0,83.23277314681775,1260.0,115.47591342766403,1913.841120064599,,,,False,False,not_attempted,0,0,0,0,13,5,0.38461538461538464,168.40267632084857,1391.0,False,,,False,6,0
aco,static_live,21,1260.0,21.0,4,disrupted,disrupted,3 22 23 65,3016,2.857142857142857,0.35,0.0,30.869958212648605,18.35,33,1,32,3.2604100774773137,3.2604100774773137,86.49318322429507,60.0,1320.0,0.0,0.0,0.0,31.84011709992774,0.0,0.0,86.49318322429507,1320.0,111.96632609626677,1793.8411200645994,,,,False,False,not_attempted,0,0,0,0,13,5,0.38461538461538464,168.18792969182428,1391.0,False,,,False,6,0
aco,static_live,22,1320.0,22.0,4,disrupted,disrupted,3 22 23 65,3016,2.857142857142857,0.35,0.0,30.869958212648605,18.366666666666667,32,2,30,2.1892136887266345,1.0946068443633172,88.6823969130217,60.0,1380.0,0.0,0.0,0.0,31.84011709992774,0.0,0.0,88.6823969130217,1380.0,108.4941902195732,1793.8411200645994,,,,False,False,not_attempted,0,0,0,0,9,2,0.2222222222222222,167.58376885083587,1391.0,False,,,False,5,0
aco,static_live,23,1380.0,23.0,4,disrupted,disrupted,3 22 23 65,3016,2.857142857142857,0.35,0.0,30.869958212648605,18.383333333333333,30,2,28,3.151364662890721,1.5756823314453605,91.83376157591243,60.0,1440.0,0.0,0.0,0.0,31.84011709992774,0.0,0.0,91.83376157591243,1440.0,106.4956601889162,1748.7699421667892,,,,False,False,not_attempted,0,0,0,0,19,4,0.21052631578947367,166.10023036116195,1530.0,False,,,False,5,0
aco,static_live,24,1440.0,24.0,4,disrupted,disrupted,3 22 23 65,3016,2.857142857142857,0.35,0.0,30.869958212648605,18.4,28,2,26,3.9669820076168154,1.9834910038084077,95.80074358352925,60.0,1500.0,0.0,0.0,0.0,31.84011709992774,0.0,0.0,95.80074358352925,1500.0,103.31839552925922,1677.790574401224,,,,False,False,not_attempted,0,0,0,0,21,4,0.19047619047619047,165.48573273334944,1530.0,False,,,False,5,0
aco,static_live,25,1500.0,25.0,5,disrupted,disrupted,3 22 23 65,3016,2.857142857142857,0.35,0.0,30.869958212648605,18.416666666666668,26,0,26,0.6941207858085151,0.6941207858085151,96.49486436933778,60.0,1560.0,0.0,0.0,0.0,31.84011709992774,0.0,0.0,96.49486436933778,1560.0,99.47196981896118,1630.359281452311,,,,False,False,not_attempted,0,0,0,0,6,0,0.0,165.3923994000161,1530.0,False,,,False,5,0
aco,static_live,26,1560.0,26.0,5,disrupted,disrupted,3 22 23 65,3016,2.857142857142857,0.35,0.0,30.869958212648605,18.433333333333334,26,2,24,1.7711905088594375,0.8855952544297188,98.26605487819721,60.0,1620.0,0.0,0.0,0.0,31.84011709992774,0.0,0.0,98.26605487819721,1620.0,98.74797479480507,1503.7294974019908,,,,False,False,not_attempted,0,0,0,0,5,1,0.2,164.83557368814718,1530.0,False,,,False,5,0
aco,static_live,27,1620.0,27.0,5,disrupted,disrupted,3 22 23 65,3016,2.857142857142857,0.35,0.0,30.869958212648605,18.45,24,3,21,5.500268270083794,1.833422756694598,103.766323148281,60.0,1680.0,0.0,0.0,0.0,31.84011709992774,0.0,0.0,103.766323148281,1680.0,97.01508330836917,1503.7294974019908,,,,False,False,not_attempted,0,0,0,0,22,10,0.45454545454545453,161.54732950964646,1530.0,False,,,False,5,0
aco,static_live,28,1680.0,28.0,5,disrupted,disrupted,3 22 23 65,3016,2.857142857142857,0.35,0.0,30.869958212648605,18.466666666666665,21,1,20,1.7950193798211531,1.7950193798211531,105.56134252810216,60.0,1740.0,0.0,0.0,0.0,31.84011709992774,0.0,0.0,105.56134252810216,1740.0,91.24527617831157,1362.7425256225051,,,,False,False,not_attempted,0,0,0,0,3,2,0.6666666666666666,160.33211791933164,1530.0,False,,,False,5,0
aco,static_live,29,1740.0,29.0,5,disrupted,disrupted,3 22 23 65,3016,2.857142857142857,0.35,0.0,30.869958212648605,18.483333333333334,20,3,17,4.495633732757177,1.4985445775857258,110.05697626085933,60.0,1800.0,0.0,0.0,0.0,31.84011709992774,0.0,0.0,110.05697626085933,1800.0,89.24357837399083,1357.1530517373112,,,,False,False,not_attempted,0,0,0,0,34,3,0.08823529411764706,160.2387845859983,1564.0,False,,,False,5,0
aco,static_live,30,1800.0,30.0,6,recovering,recovering,3 22 23 65,3016,2.857142857142857,0.35,0.0,30.869958212648605,18.5,17,1,16,7.0991671736501365,7.0991671736501365,117.15614343450946,60.0,1860.0,0.0,0.0,0.0,31.84011709992774,0.0,0.0,117.15614343450946,1860.0,84.87014518912926,1227.169647868382,,,,False,False,not_attempted,0,0,0,0,19,9,0.47368421052631576,158.4904532469182,1564.0,False,,,False,4,0
aco,static_live,31,1860.0,31.0,6,recovering,recovering,3 22 23 65,3016,2.6595744680851063,0.376,0.04,31.243657601678347,18.516666666666666,16,2,14,1.3880820913102705,0.6940410456551352,118.54422552581973,60.0,1920.0,0.0,0.0,0.0,31.84011709992774,0.0,0.0,118.54422552581973,1920.0,75.66761111749878,1216.8048949943557,,,,False,False,not_attempted,0,0,0,0,22,0,0.0,158.39711991358487,1589.0,False,,,False,4,0
aco,static_live,32,1920.0,32.0,6,recovering,recovering,3 22 23 65,3016,2.4875621890547266,0.40199999999999997,0.08,31.576464128164858,18.533333333333335,14,2,12,1.9125816279311096,0.9562908139655548,120.45680715375083,60.0,1980.0,0.0,0.0,0.0,31.84011709992774,0.0,0.0,120.45680715375083,1980.0,72.2219461734355,1209.4097177659733,,,,False,False,not_attempted,0,0,0,0,10,2,0.2,157.85526502086944,1717.0,False,,,False,4,0
aco,static_live,33,1980.0,33.0,6,recovering,recovering,3 22 23 65,3016,2.336448598130841,0.428,0.12,31.874741780209174,18.55,12,0,12,2.2334972048268535,2.2334972048268535,122.69030435857768,60.0,2040.0,0.0,0.0,0.0,31.84011709992774,0.0,0.0,122.69030435857768,2040.0,68.09883033334017,1082.3829503329412,,,,False,False,not_attempted,0,0,0,0,5,5,1.0,155.90176781604256,1717.0,False,,,False,3,0
aco,static_live,34,2040.0,34.0,6,recovering,recovering,3 22 23 65,3016,2.2026431718061676,0.45399999999999996,0.16,32.14359913561627,18.566666666666666,12,3,9,1.494622289150532,0.498207429716844,124.1849266477282,60.0,2100.0,0.0,0.0,0.0,31.84011709992774,0.0,0.0,124.1849266477282,2100.0,63.21857382285179,1081.5901936834211,,,,False,False,not_attempted,0,0,0,0,12,0,0.0,154.7452964302006,1774.0,False,,,False,3,0
aco,static_live,35,2100.0,35.0,7,recovering,recovering,3 22 23 65,3016,2.0833333333333335,0.48,0.2,32.38718437773333,18.583333333333332,9,0,9,0.8780075724305196,0.8780075724305196,125.06293422015872,60.0,2160.0,0.0,0.0,0.0,31.84011709992774,0.0,0.0,125.06293422015872,2160.0,60.818111706557204,941.6446319729322,,,,False,False,not_attempted,0,0,0,0,2,0,0.0,154.65196309686726,1774.0,False,,,False,3,0
aco,static_live,36,2160.0,36.0,7,recovering,recovering,3 22 23 65,3016,1.976284584980237,0.506,0.24,32.60890085287041,18.6,9,2,7,2.912140640187715,1.4560703200938574,127.97507486034644,60.0,2220.0,0.0,0.0,0.0,31.84011709992774,0.0,0.0,127.97507486034644,2220.0,58.56150132465871,941.0104005414371,,,,False,False,not_attempted,0,0,0,0,18,4,0.2222222222222222,152.20991951960784,1774.0,False,,,False,3,0
aco,static_live,37,2220.0,37.0,7,recovering,recovering,3 22 23 65,3016,1.8796992481203008,0.532,0.28,32.811567064520624,18.616666666666667,7,1,6,1.9784517521856306,1.9784517521856306,129.95352661253207,60.0,2280.0,0.0,0.0,0.0,31.84011709992774,0.0,0.0,129.95352661253207,2280.0,53.67579982440667,781.9197395080695,,,,False,False,not_attempted,0,0,0,0,34,1,0.029411764705882353,151.41408761419848,1917.0,False,,,False,3,0
aco,static_live,38,2280.0,38.0,7,recovering,recovering,3 22 23 65,3016,1.7921146953405016,0.558,0.32,32.99753712540496,18.633333333333333,6,0,6,2.908322276703957,2.908322276703957,132.86184888923603,60.0,2340.0,0.0,0.0,0.0,31.84011709992774,0.0,0.0,132.86184888923603,2340.0,49.345018171018644,642.1729396048344,,,,False,False,not_attempted,0,0,0,0,36,0,0.0,151.13965976744095,1917.0,False,,,False,3,0
aco,static_live,39,2340.0,39.0,7,recovering,recovering,3 22 23 65,3016,1.7123287671232879,0.584,0.36,33.168792617820394,18.65,6,1,5,1.2119162043893168,1.2119162043893168,134.07376509362535,60.0,2400.0,0.0,0.0,0.0,31.84011709992774,0.0,0.0,134.07376509362535,2400.0,44.39964358570392,637.2134530954557,,,,False,False,not_attempted,0,0,0,0,31,0,0.0,150.49645642417605,1917.0,False,,,False,2,0
aco,static_live,40,2400.0,40.0,8,recovering,recovering,3 22 23 65,3016,1.639344262295082,0.61,0.4,33.32701347891001,18.666666666666668,5,1,4,0.24758641911873996,0.24758641911873996,134.3213515127441,60.0,2460.0,0.0,0.0,0.0,31.84011709992774,0.0,0.0,134.3213515127441,2460.0,41.13460147289547,492.11022757216415,,,,False,False,not_attempted,0,0,0,0,0,0,0.0,150.4031230908427,1968.0,False,,,False,1,0
aco,static_live,41,2460.0,41.0,8,recovering,recovering,3 22 23 65,3016,1.572327044025157,0.636,0.44,33.473633293615485,18.683333333333334,4,2,2,0.5854161810635633,0.29270809053178165,134.90676769380764,60.0,2520.0,0.0,0.0,0.0,31.84011709992774,0.0,0.0,134.90676769380764,2520.0,39.375302837897756,487.9444429866805,,,,False,False,not_attempted,0,0,0,0,15,0,0.0,150.3354861431895,1968.0,False,,,False,1,0
aco,static_live,42,2520.0,42.0,8,recovering,recovering,3 22 23 65,3016,1.5105740181268883,0.6619999999999999,0.48,33.609882855206216,18.7,2,0,2,0.4901234590962356,0.4901234590962356,135.39689115290386,60.0,2580.0,0.0,0.0,0.0,31.84011709992774,0.0,0.0,135.39689115290386,2580.0,37.104826395528114,455.29406188485245,,,,False,False,not_attempted,0,0,0,0,12,0,0.0,150.3354861431895,1968.0,False,,,False,1,0
aco,static_live,43,2580.0,43.0,8,recovering,recovering,3 22 23 65,3016,1.4534883720930234,0.688,0.52,33.7368247985553,18.716666666666665,2,0,2,0.09333333333333332,0.09333333333333332,135.4902244862372,60.0,2640.0,0.0,0.0,0.0,31.84011709992774,0.0,0.0,135.4902244862372,2640.0,34.8647129997859,338.49727005788776,,,,False,False,not_attempted,0,0,0,0,0,0,0.0,150.3354861431895,1968.0,False,,,False,1,0
aco,static_live,44,2640.0,44.0,8,recovering,recovering,3 22 23 65,3016,1.400560224089636,0.714,0.56,33.85538137013096,18.733333333333334,2,1,1,0.19949373099634216,0.19949373099634216,135.68971821723355,60.0,2700.0,0.0,0.0,0.0,31.84011709992774,0.0,0.0,135.68971821723355,2700.0,33.353286515586426,335.20726088140054,,,,False,False,not_attempted,0,0,0,0,8,0,0.0,150.3354861431895,1968.0,False,,,False,1,0
aco,static_live,45,2700.0,45.0,9,recovering,recovering,3 22 23 65,3016,1.3513513513513513,0.74,0.6,33.96635687075199,18.75,1,0,1,0.10962495666362135,0.10962495666362135,135.79934317389717,60.0,2760.0,0.0,0.0,0.0,31.84011709992774,0.0,0.0,135.79934317389717,2760.0,31.813657902420378,332.14844153893654,,,,False,False,not_attempted,0,0,0,0,1,0,0.0,150.3354861431895,1968.0,False,,,False,1,0
aco,static_live,46,2760.0,46.0,9,recovering,recovering,3 22 23 65,3016,1.3054830287206267,0.766,0.64,34.07045592643944,18.766666666666666,1,0,1,0.09333333333333332,0.09333333333333332,135.8926765072305,60.0,2820.0,0.0,0.0,0.0,31.84011709992774,0.0,0.0,135.8926765072305,2820.0,30.307168206609457,329.29727050692725,,,,False,False,not_attempted,0,0,0,0,0,0,0.0,150.3354861431895,1968.0,False,,,False,0,0
aco,static_live,47,2820.0,47.0,9,recovering,recovering,3 22 23 65,3016,1.2626262626262625,0.792,0.68,34.16829846494737,18.783333333333335,1,1,0,26.584967078147084,26.584967078147084,162.4776435853776,322.9006523092865,3142.9006523092867,0.0,0.0,0.0,31.84011709992774,0.0,0.0,162.4776435853776,3142.9006523092867,29.094623518426392,326.63329757297885,,,,False,False,not_attempted,0,0,0,0,314,106,0.3375796178343949,146.25261069198953,1968.0,True,,,False,0,0
aco,static_frozen,0,0.0,0.0,0,normal,initial,3 22 23 65,0,1.0,1.0,0.0,34.78037077224997,18.0,84,0,84,18.680839634308782,18.680839634308782,18.680839634308782,60.0,60.0,9.003784299944527,22.83633279998321,31.84011709992774,31.84011709992774,0.0,0.0,18.680839634308782,60.0,129.8572811733068,2948.952446263193,,,,False,False,initial_plan,0,0,0,0,130,0,0.0,177.2717760608753,0.0,False,,,True,10,10
aco,static_frozen,1,60.0,1.0,0,normal,normal,3 22 23 65,0,1.0,1.0,0.0,34.78037077224997,18.016666666666666,84,0,84,4.7680615934003905,4.7680615934003905,23.44890122770917,60.0,120.0,0.0,0.0,0.0,31.84011709992774,0.0,0.0,23.44890122770917,120.0,110.44402959570512,2884.5846107093394,,,,False,False,not_attempted,0,0,0,0,76,0,0.0,176.09020652430007,0.0,False,,,False,10,10
aco,static_frozen,2,120.0,2.0,0,normal,normal,3 22 23 65,0,1.0,1.0,0.0,34.78037077224997,18.033333333333335,84,3,81,5.306297452810553,1.7687658176035177,28.755198680519726,60.0,180.0,0.0,0.0,0.0,31.84011709992774,0.0,0.0,28.755198680519726,180.0,105.15915328473176,2752.5964808827875,,,,False,False,not_attempted,0,0,0,0,66,0,0.0,174.7596401655785,215.0,False,,,False,9,7
aco,static_frozen,3,180.0,3.0,0,normal,normal,3 22 23 65,0,1.0,1.0,0.0,34.78037077224997,18.05,81,3,78,4.660065898009958,1.5533552993366528,33.41526457852969,60.0,240.0,0.0,0.0,0.0,31.84011709992774,0.0,0.0,33.41526457852969,240.0,100.06592291517671,2752.5964808827875,,,,False,False,not_attempted,0,0,0,0,63,0,0.0,174.60001662259305,215.0,False,,,False,9,4
aco,static_frozen,4,240.0,4.0,0,normal,normal,3 22 23 65,0,1.0,1.0,0.0,34.78037077224997,18.066666666666666,78,1,77,3.024516702171434,3.024516702171434,36.43978128070112,60.0,300.0,0.0,0.0,0.0,31.84011709992774,0.0,0.0,36.43978128070112,300.0,95.6512867909427,2700.7402108848582,,,,False,False,not_attempted,0,0,0,0,41,0,0.0,174.23595111138894,241.0,False,,,False,9,4
aco,static_frozen,5,300.0,5.0,1,normal,normal,3 22 23 65,0,1.0,1.0,0.0,34.78037077224997,18.083333333333332,77,4,73,2.8679341198432,0.7169835299608,39.30771540054432,60.0,360.0,0.0,0.0,0.0,31.84011709992774,0.0,0.0,39.30771540054432,360.0,92.80451466956619,2531.148694412799,,,,False,False,not_attempted,0,0,0,0,31,0,0.0,174.1426177780556,402.0,False,,,False,9,2
aco,static_frozen,6,360.0,6.0,1,normal,normal,3 22 23 65,0,1.0,1.0,0.0,34.78037077224997,18.1,73,3,70,3.5198933529509064,1.1732977843169687,42.82760875349523,60.0,420.0,0.0,0.0,0.0,31.84011709992774,0.0,0.0,42.82760875349523,420.0,89.498725620101,2531.148694412799,,,,False,False,not_attempted,0,0,0,0,44,0,0.0,173.80269504982573,422.0,False,,,False,9,1
aco,static_frozen,7,420.0,7.0,1,normal,normal,3 22 23 65,0,1.0,1.0,0.0,34.78037077224997,18.116666666666667,70,3,67,4.091652081357425,1.3638840271191415,46.91926083485265,60.0,480.0,0.0,0.0,0.0,31.84011709992774,0.0,0.0,46.91926083485265,480.0,86.23763270067052,2527.8765656637133,,,,False,False,not_attempted,0,0,0,0,30,0,0.0,171.7315048732715,641.0,False,,,False,9,1
aco,static_frozen,8,480.0,8.0,1,normal,normal,3 22 23 65,0,1.0,1.0,0.0,34.78037077224997,18.133333333333333,67,4,63,1.9465284663171223,0.48663211657928057,48.86578930116977,60.0,540.0,0.0,0.0,0.0,31.84011709992774,0.0,0.0,48.86578930116977,540.0,82.12902723057795,2353.8339100285225,,,,False,False,not_attempted,0,0,0,0,27,0,0.0,171.63817153993816,647.0,False,,,False,9,0
aco,static_frozen,9,540.0,9.0,1,normal,normal,3 22 23 65,0,1.0,1.0,0.0,34.78037077224997,18.15,63,4,59,3.8465037675471145,0.9616259418867786,52.71229306871688,60.0,600.0,0.0,0.0,0.0,31.84011709992774,0.0,0.0,52.71229306871688,600.0,80.29025643260388,2353.8339100285225,,,,False,False,not_attempted,0,0,0,0,34,0,0.0,171.54640459197284,647.0,False,,,False,9,0
aco,static_frozen,10,600.0,10.0,2,degrading,degrading,3 22 23 65,0,1.0,1.0,0.0,34.78037077224997,18.166666666666668,59,2,57,2.2406318836965116,1.1203159418482558,54.95292495241339,60.0,660.0,0.0,0.0,0.0,31.84011709992774,0.0,0.0,54.95292495241339,660.0,76.26459852359919,2334.9570515159016,,,,False,False,not_attempted,0,0,0,0,28,0,0.0,171.29011539682318,871.0,False,,,False,9,0
aco,static_frozen,11,660.0,11.0,2,degrading,degrading,3 22 23 65,3016,1.06951871657754,0.935,0.0,34.616227642784246,18.183333333333334,57,3,54,1.7566672163478407,0.5855557387826136,56.70959216876123,60.0,720.0,0.0,0.0,0.0,31.84011709992774,0.0,0.0,56.70959216876123,720.0,77.6217740821412,2196.1333232970305,,,,False,False,not_attempted,0,0,0,0,24,0,0.0,171.19678206348985,871.0,False,,,False,7,0
aco,static_frozen,12,720.0,12.0,2,degrading,degrading,3 22 23 65,3016,1.1494252873563218,0.87,0.0,34.42946093125795,18.2,54,4,50,2.5639355004805617,0.6409838751201404,59.273527669241794,60.0,780.0,0.0,0.0,0.0,31.84011709992774,0.0,0.0,59.273527669241794,780.0,79.96042062854174,2200.422960795573,,,,False,False,not_attempted,0,0,0,0,36,17,0.4722222222222222,170.7053520396286,1037.0,False,,,False,7,0
aco,static_frozen,13,780.0,13.0,2,degrading,degrading,3 22 23 65,3016,1.2422360248447206,0.8049999999999999,0.0,34.21504719348918,18.216666666666665,50,3,47,1.9927622038275121,0.6642540679425041,61.266289873069304,60.0,840.0,0.0,0.0,0.0,31.84011709992774,0.0,0.0,61.266289873069304,840.0,81.93449518612888,2166.169033205121,,,,False,False,not_attempted,0,0,0,0,21,4,0.19047619047619047,170.01502271405593,1037.0,False,,,False,7,0
aco,static_frozen,14,840.0,14.0,2,degrading,degrading,3 22 23 65,3016,1.3513513513513513,0.74,0.0,33.96635687075199,18.233333333333334,47,2,45,1.6167015732952945,0.8083507866476473,62.8829914463646,60.0,900.0,0.0,0.0,0.0,31.84011709992774,0.0,0.0,62.8829914463646,900.0,84.90850184893563,1989.2610548293808,,,,False,False,not_attempted,0,0,0,0,12,0,0.0,169.912246448997,1037.0,False,,,False,7,0
aco,static_frozen,15,900.0,15.0,3,degrading,degrading,3 22 23 65,3016,1.4814814814814814,0.675,0.0,33.6744566342527,18.25,45,4,41,2.3646606110900645,0.5911651527725161,65.24765205745466,60.0,960.0,0.0,0.0,0.0,31.84011709992774,0.0,0.0,65.24765205745466,960.0,89.80893377404374,1997.3499326461188,,,,False,False,not_attempted,0,0,0,0,26,17,0.6538461538461539,169.80947018393806,1142.0,False,,,False,7,0
aco,static_frozen,16,960.0,16.0,3,degrading,degrading,3 22 23 65,3016,1.639344262295082,0.61,0.0,33.32701347891001,18.266666666666666,41,1,40,3.664426413165706,3.664426413165706,68.91207847062036,60.0,1020.0,0.0,0.0,0.0,31.84011709992774,0.0,0.0,68.91207847062036,1020.0,95.61701570353725,2007.1626696697024,,,,False,False,not_attempted,0,0,0,0,45,6,0.13333333333333333,169.5629603131352,1142.0,False,,,False,7,0
aco,static_frozen,17,1020.0,17.0,3,degrading,degrading,3 22 23 65,3016,1.8348623853211008,0.545,0.0,32.906507451761335,18.283333333333335,40,2,38,5.467993113062889,2.7339965565314444,74.38007158368325,60.0,1080.0,0.0,0.0,0.0,31.84011709992774,0.0,0.0,74.38007158368325,1080.0,100.54965952767289,1958.965863077529,,,,False,False,not_attempted,0,0,0,0,33,8,0.24242424242424243,169.0078052550611,1142.0,False,,,False,7,0
aco,static_frozen,18,1080.0,18.0,3,degrading,degrading,3 22 23 65,3016,2.0833333333333335,0.48,0.0,32.38718437773333,18.3,38,1,37,4.293831718063616,4.293831718063616,78.67390330174686,60.0,1140.0,0.0,0.0,0.0,31.84011709992774,0.0,0.0,78.67390330174686,1140.0,102.60367561234347,2041.3629995842525,,,,False,False,not_attempted,0,0,0,0,16,6,0.375,168.7458575592287,1391.0,False,,,False,6,0
aco,static_frozen,19,1140.0,19.0,3,degrading,degrading,3 22 23 65,3016,2.409638554216868,0.4149999999999999,0.0,31.72957427121698,18.316666666666666,37,3,34,2.427717203866678,0.8092390679555593,81.10162050561354,60.0,1200.0,0.0,0.0,0.0,31.84011709992774,0.0,0.0,81.10162050561354,1200.0,107.18538490107979,1911.1897925244689,,,,False,False,not_attempted,0,0,0,0,33,0,0.0,168.53429817409727,1391.0,False,,,False,5,0
aco,static_frozen,20,1200.0,20.0,4,disrupted,holding,3 22 23 65,3016,2.857142857142857,0.35,0.0,30.869958212648605,18.333333333333332,34,2,32,3.503320735224212,1.751660367612106,84.60494124083775,60.0,1260.0,0.0,0.0,0.0,31.84011709992774,0.0,0.0,84.60494124083775,1260.0,115.28924676099736,1913.841120064599,,,,False,False,not_attempted,0,0,0,0,13,5,0.38461538461538464,168.40267632084857,1530.0,False,,,False,5,0
aco,static_frozen,21,1260.0,21.0,4,disrupted,disrupted,3 22 23 65,3016,2.857142857142857,0.35,0.0,30.869958212648605,18.35,32,1,31,3.0824426566046346,3.0824426566046346,87.68738389744239,60.0,1320.0,0.0,0.0,0.0,31.84011709992774,0.0,0.0,87.68738389744239,1320.0,111.7796594296001,1793.8411200645994,,,,False,False,not_attempted,0,0,0,0,13,5,0.38461538461538464,168.18792969182428,1530.0,False,,,False,5,0
aco,static_frozen,22,1320.0,22.0,4,disrupted,disrupted,3 22 23 65,3016,2.857142857142857,0.35,0.0,30.869958212648605,18.366666666666667,31,2,29,2.095880355393301,1.0479401776966506,89.78326425283569,60.0,1380.0,0.0,0.0,0.0,31.84011709992774,0.0,0.0,89.78326425283569,1380.0,108.4941902195732,1793.8411200645994,,,,False,False,not_attempted,0,0,0,0,9,2,0.2222222222222222,167.58376885083587,1530.0,False,,,False,5,0
aco,static_frozen,23,1380.0,23.0,4,disrupted,disrupted,3 22 23 65,3016,2.857142857142857,0.35,0.0,30.869958212648605,18.383333333333333,29,1,28,3.1397978494176155,3.1397978494176155,92.92306210225331,60.0,1440.0,0.0,0.0,0.0,31.84011709992774,0.0,0.0,92.92306210225331,1440.0,106.4956601889162,1748.7699421667892,,,,False,False,not_attempted,0,0,0,0,19,4,0.21052631578947367,166.10023036116195,1530.0,False,,,False,5,0
aco,static_frozen,24,1440.0,24.0,4,disrupted,disrupted,3 22 23 65,3016,2.857142857142857,0.35,0.0,30.869958212648605,18.4,28,2,26,3.9669820076168154,1.9834910038084077,96.89004410987013,60.0,1500.0,0.0,0.0,0.0,31.84011709992774,0.0,0.0,96.89004410987013,1500.0,103.31839552925922,1677.790574401224,,,,False,False,not_attempted,0,0,0,0,21,4,0.19047619047619047,165.48573273334944,1530.0,False,,,False,5,0
aco,static_frozen,25,1500.0,25.0,5,disrupted,disrupted,3 22 23 65,3016,2.857142857142857,0.35,0.0,30.869958212648605,18.416666666666668,26,0,26,0.6941207858085151,0.6941207858085151,97.58416489567865,60.0,1560.0,0.0,0.0,0.0,31.84011709992774,0.0,0.0,97.58416489567865,1560.0,99.47196981896118,1630.359281452311,,,,False,False,not_attempted,0,0,0,0,6,0,0.0,165.3923994000161,1530.0,False,,,False,5,0
aco,static_frozen,26,1560.0,26.0,5,disrupted,disrupted,3 22 23 65,3016,2.857142857142857,0.35,0.0,30.869958212648605,18.433333333333334,26,2,24,1.7711905088594375,0.8855952544297188,99.35535540453809,60.0,1620.0,0.0,0.0,0.0,31.84011709992774,0.0,0.0,99.35535540453809,1620.0,98.74797479480507,1503.7294974019908,,,,False,False,not_attempted,0,0,0,0,5,1,0.2,164.83557368814718,1530.0,False,,,False,5,0
aco,static_frozen,27,1620.0,27.0,5,disrupted,disrupted,3 22 23 65,3016,2.857142857142857,0.35,0.0,30.869958212648605,18.45,24,3,21,5.500268270083794,1.833422756694598,104.85562367462188,60.0,1680.0,0.0,0.0,0.0,31.84011709992774,0.0,0.0,104.85562367462188,1680.0,97.01508330836917,1503.7294974019908,,,,False,False,not_attempted,0,0,0,0,22,10,0.45454545454545453,161.54732950964646,1530.0,False,,,False,5,0
aco,static_frozen,28,1680.0,28.0,5,disrupted,disrupted,3 22 23 65,3016,2.857142857142857,0.35,0.0,30.869958212648605,18.466666666666665,21,1,20,1.7950193798211531,1.7950193798211531,106.65064305444304,60.0,1740.0,0.0,0.0,0.0,31.84011709992774,0.0,0.0,106.65064305444304,1740.0,91.24527617831157,1362.7425256225051,,,,False,False,not_attempted,0,0,0,0,3,2,0.6666666666666666,160.33211791933164,1530.0,False,,,False,5,0
aco,static_frozen,29,1740.0,29.0,5,disrupted,disrupted,3 22 23 65,3016,2.857142857142857,0.35,0.0,30.869958212648605,18.483333333333334,20,3,17,4.495633732757177,1.4985445775857258,111.14627678720021,60.0,1800.0,0.0,0.0,0.0,31.84011709992774,0.0,0.0,111.14627678720021,1800.0,89.24357837399083,1357.1530517373112,,,,False,False,not_attempted,0,0,0,0,34,3,0.08823529411764706,160.2387845859983,1564.0,False,,,False,5,0
aco,static_frozen,30,1800.0,30.0,6,recovering,recovering,3 22 23 65,3016,2.857142857142857,0.35,0.0,30.869958212648605,18.5,17,1,16,7.0991671736501365,7.0991671736501365,118.24544396085034,60.0,1860.0,0.0,0.0,0.0,31.84011709992774,0.0,0.0,118.24544396085034,1860.0,84.87014518912926,1227.169647868382,,,,False,False,not_attempted,0,0,0,0,19,9,0.47368421052631576,158.4904532469182,1564.0,False,,,False,4,0
aco,static_frozen,31,1860.0,31.0,6,recovering,recovering,3 22 23 65,3016,2.6595744680851063,0.376,0.04,31.243657601678347,18.516666666666666,16,2,14,1.3880820913102705,0.6940410456551352,119.6335260521606,60.0,1920.0,0.0,0.0,0.0,31.84011709992774,0.0,0.0,119.6335260521606,1920.0,75.66761111749878,1216.8048949943557,,,,False,False,not_attempted,0,0,0,0,22,0,0.0,158.39711991358487,1589.0,False,,,False,4,0
aco,static_frozen,32,1920.0,32.0,6,recovering,recovering,3 22 23 65,3016,2.4875621890547266,0.40199999999999997,0.08,31.576464128164858,18.533333333333335,14,2,12,1.9125816279311096,0.9562908139655548,121.54610768009171,60.0,1980.0,0.0,0.0,0.0,31.84011709992774,0.0,0.0,121.54610768009171,1980.0,72.2219461734355,1209.4097177659733,,,,False,False,not_attempted,0,0,0,0,10,2,0.2,157.85526502086944,1717.0,False,,,False,4,0
aco,static_frozen,33,1980.0,33.0,6,recovering,recovering,3 22 23 65,3016,2.336448598130841,0.428,0.12,31.874741780209174,18.55,12,0,12,1.9027440885675238,1.9027440885675238,123.44885176865924,60.0,2040.0,0.0,0.0,0.0,31.84011709992774,0.0,0.0,123.44885176865924,2040.0,68.09883033334017,1082.3829503329412,,,,False,False,not_attempted,0,0,0,0,5,5,1.0,156.2325209323019,1717.0,False,,,False,3,0
aco,static_frozen,34,2040.0,34.0,6,recovering,recovering,3 22 23 65,3016,2.2026431718061676,0.45399999999999996,0.16,32.14359913561627,18.566666666666666,12,3,9,2.2490607747730262,0.7496869249243421,125.69791254343227,60.0,2100.0,0.0,0.0,0.0,31.84011709992774,0.0,0.0,125.69791254343227,2100.0,65.03305285862336,1081.5901936834211,,,,False,False,not_attempted,0,0,0,0,15,3,0.2,154.32161106083745,1774.0,False,,,False,3,0
aco,static_frozen,35,2100.0,35.0,7,recovering,recovering,3 22 23 65,3016,2.0833333333333335,0.48,0.2,32.38718437773333,18.583333333333332,9,0,9,0.8780075724305196,0.8780075724305196,126.57592011586279,60.0,2160.0,0.0,0.0,0.0,31.84011709992774,0.0,0.0,126.57592011586279,2160.0,60.818111706557204,941.6446319729322,,,,False,False,not_attempted,0,0,0,0,2,0,0.0,154.22827772750412,1774.0,False,,,False,3,0
aco,static_frozen,36,2160.0,36.0,7,recovering,recovering,3 22 23 65,3016,1.976284584980237,0.506,0.24,32.60890085287041,18.6,9,2,7,2.1561735875137846,1.0780867937568923,128.73209370337656,60.0,2220.0,0.0,0.0,0.0,31.84011709992774,0.0,0.0,128.73209370337656,2220.0,58.56150132465871,941.0104005414371,,,,False,False,not_attempted,0,0,0,0,17,3,0.17647058823529413,152.54220120291862,1774.0,False,,,False,3,0
aco,static_frozen,37,2220.0,37.0,7,recovering,recovering,3 22 23 65,3016,1.8796992481203008,0.532,0.28,32.811567064520624,18.616666666666667,7,1,6,3.4861470152516683,3.4861470152516683,132.21824071862824,60.0,2280.0,0.0,0.0,0.0,31.84011709992774,0.0,0.0,132.21824071862824,2280.0,54.928732481758786,781.9197395080695,,,,False,False,not_attempted,0,0,0,0,35,11,0.3142857142857143,150.23867403444314,1917.0,False,,,False,3,0
aco,static_frozen,38,2280.0,38.0,7,recovering,recovering,3 22 23 65,3016,1.7921146953405016,0.558,0.32,32.99753712540496,18.633333333333333,6,0,6,3.16466420390919,3.16466420390919,135.38290492253742,60.0,2340.0,0.0,0.0,0.0,31.84011709992774,0.0,0.0,135.38290492253742,2340.0,49.38029722177087,642.1729396048344,,,,False,False,not_attempted,0,0,0,0,29,0,0.0,149.70790426048038,1917.0,False,,,False,3,0
aco,static_frozen,39,2340.0,39.0,7,recovering,recovering,3 22 23 65,3016,1.7123287671232879,0.584,0.36,33.168792617820394,18.65,6,1,5,1.1782000941678985,1.1782000941678985,136.5611050167053,60.0,2400.0,0.0,0.0,0.0,31.84011709992774,0.0,0.0,136.5611050167053,2400.0,44.47186466176121,637.2134530954557,,,,False,False,not_attempted,0,0,0,0,42,0,0.0,149.09841702743685,1917.0,False,,,False,2,0
aco,static_frozen,40,2400.0,40.0,8,recovering,recovering,3 22 23 65,3016,1.639344262295082,0.61,0.4,33.32701347891001,18.666666666666668,5,1,4,0.31814087078272124,0.31814087078272124,136.87924588748803,60.0,2460.0,0.0,0.0,0.0,31.84011709992774,0.0,0.0,136.87924588748803,2460.0,41.321268139562136,492.11022757216415,,,,False,False,not_attempted,0,0,0,0,0,0,0.0,148.93452924243954,1968.0,False,,,False,2,0
aco,static_frozen,41,2460.0,41.0,8,recovering,recovering,3 22 23 65,3016,1.572327044025157,0.636,0.44,33.473633293615485,18.683333333333334,4,1,3,0.6111125667436967,0.6111125667436967,137.4903584542317,60.0,2520.0,0.0,0.0,0.0,31.84011709992774,0.0,0.0,137.4903584542317,2520.0,39.375302837897756,487.9444429866805,,,,False,False,not_attempted,0,0,0,0,15,0,0.0,148.8411959091062,1968.0,False,,,False,1,0
aco,static_frozen,42,2520.0,42.0,8,recovering,recovering,3 22 23 65,3016,1.5105740181268883,0.6619999999999999,0.48,33.609882855206216,18.7,3,1,2,0.494161330444438,0.494161330444438,137.98451978467614,60.0,2580.0,0.0,0.0,0.0,31.84011709992774,0.0,0.0,137.98451978467614,2580.0,37.104826395528114,455.29406188485245,,,,False,False,not_attempted,0,0,0,0,12,0,0.0,148.837158037758,1968.0,False,,,False,1,0
aco,static_frozen,43,2580.0,43.0,8,recovering,recovering,3 22 23 65,3016,1.4534883720930234,0.688,0.52,33.7368247985553,18.716666666666665,2,0,2,0.09333333333333332,0.09333333333333332,138.07785311800947,60.0,2640.0,0.0,0.0,0.0,31.84011709992774,0.0,0.0,138.07785311800947,2640.0,34.8647129997859,338.49727005788776,,,,False,False,not_attempted,0,0,0,0,0,0,0.0,148.837158037758,1968.0,False,,,False,1,0
aco,static_frozen,44,2640.0,44.0,8,recovering,recovering,3 22 23 65,3016,1.400560224089636,0.714,0.56,33.85538137013096,18.733333333333334,2,1,1,0.19949373099634216,0.19949373099634216,138.27734684900582,60.0,2700.0,0.0,0.0,0.0,31.84011709992774,0.0,0.0,138.27734684900582,2700.0,33.353286515586426,335.20726088140054,,,,False,False,not_attempted,0,0,0,0,8,0,0.0,148.837158037758,1968.0,False,,,False,1,0
aco,static_frozen,45,2700.0,45.0,9,recovering,recovering,3 22 23 65,3016,1.3513513513513513,0.74,0.6,33.96635687075199,18.75,1,0,1,0.10962495666362135,0.10962495666362135,138.38697180566945,60.0,2760.0,0.0,0.0,0.0,31.84011709992774,0.0,0.0,138.38697180566945,2760.0,31.813657902420378,332.14844153893654,,,,False,False,not_attempted,0,0,0,0,1,0,0.0,148.837158037758,1968.0,False,,,False,1,0
aco,static_frozen,46,2760.0,46.0,9,recovering,recovering,3 22 23 65,3016,1.3054830287206267,0.766,0.64,34.07045592643944,18.766666666666666,1,0,1,0.09333333333333332,0.09333333333333332,138.48030513900278,60.0,2820.0,0.0,0.0,0.0,31.84011709992774,0.0,0.0,138.48030513900278,2820.0,30.307168206609457,329.29727050692725,,,,False,False,not_attempted,0,0,0,0,0,0,0.0,148.837158037758,1968.0,False,,,False,0,0
aco,static_frozen,47,2820.0,47.0,9,recovering,recovering,3 22 23 65,3016,1.2626262626262625,0.792,0.68,34.16829846494737,18.783333333333335,1,1,0,26.9107444502879,26.9107444502879,165.39104958929067,323.5702436979223,3143.5702436979223,0.0,0.0,0.0,31.84011709992774,0.0,0.0,165.39104958929067,3143.5702436979223,29.094623518426392,326.63329757297885,,,,False,False,not_attempted,0,0,0,0,324,117,0.3611111111111111,144.75123858847596,1968.0,True,,,False,0,0
pso,adaptive,0,0.0,0.0,0,normal,initial,3 22 23 65,0,1.0,1.0,0.0,34.78037077224997,18.0,84,0,84,17.41716950529079,17.41716950529079,17.41716950529079,60.0,60.0,9.01954150001984,12.315022700000554,21.334564200020395,21.334564200020395,0.0,0.0,17.41716950529079,60.0,151.37406968292143,2569.719418511708,,,,False,False,initial_plan,0,0,0,0,96,0,0.0,177.86965881732976,0.0,False,,,True,10,10
pso,adaptive,1,60.0,1.0,0,normal,normal,3 22 23 65,0,1.0,1.0,0.0,34.78037077224997,18.016666666666666,84,0,84,2.9117287974767976,2.9117287974767976,20.328898302767588,60.0,120.0,0.0,0.0,0.0,21.334564200020395,0.0,0.0,20.328898302767588,120.0,133.1191070568551,2507.5518550268002,,,,False,False,not_attempted,0,0,0,0,47,0,0.0,177.4588955213837,0.0,False,,,False,10,10
pso,adaptive,2,120.0,2.0,0,normal,normal,3 22 23 65,0,1.0,1.0,0.0,34.78037077224997,18.033333333333335,84,5,79,4.945953376604522,0.9891906753209044,25.27485167937211,60.0,180.0,0.0,0.0,0.0,21.334564200020395,0.0,0.0,25.27485167937211,180.0,129.7508783653988,2355.035662758609,,,,False,False,not_attempted,0,0,0,0,48,0,0.0,176.84027550943307,239.0,False,,,False,9,5
pso,adaptive,3,180.0,3.0,0,normal,normal,3 22 23 65,0,1.0,1.0,0.0,34.78037077224997,18.05,79,3,76,5.2858708059973845,1.7619569353324616,30.560722485369492,60.0,240.0,0.0,0.0,0.0,21.334564200020395,0.0,0.0,30.560722485369492,240.0,125.54196401841551,2355.035662758609,,,,False,False,not_attempted,0,0,0,0,84,0,0.0,176.08417388140913,239.0,False,,,False,9,2
pso,adaptive,4,240.0,4.0,0,normal,normal,3 22 23 65,0,1.0,1.0,0.0,34.78037077224997,18.066666666666666,76,0,76,4.768439058186637,4.768439058186637,35.329161543556125,60.0,300.0,0.0,0.0,0.0,21.334564200020395,0.0,0.0,35.329161543556125,300.0,119.70961591445298,2307.5810249028364,,,,False,False,not_attempted,0,0,0,0,69,0,0.0,174.23595111138894,239.0,False,,,False,9,2
pso,adaptive,5,300.0,5.0,1,normal,normal,3 22 23 65,0,1.0,1.0,0.0,34.78037077224997,18.083333333333332,76,2,74,2.335379566890029,1.1676897834450144,37.66454111044615,60.0,360.0,10.487761300057173,805.9199138999684,816.4076752000256,837.742239400046,0.0,0.0,37.66454111044615,360.0,109.77338979096476,2698.550200996692,115.25900310952544,109.77338979096476,5.485613318560681,True,True,lower_residual_energy,5,37,5,37,79,0,0.0,174.1426177780556,324.0,False,,,True,9,2
pso,adaptive,6,360.0,6.0,1,normal,normal,3 22 23 65,0,1.0,1.0,0.0,34.78037077224997,18.1,74,4,70,3.101740268185227,0.7754350670463067,40.766281378631376,60.0,420.0,0.0,0.0,0.0,837.742239400046,0.0,0.0,40.766281378631376,420.0,107.33923289675523,2639.5028954880127,,,,False,False,not_attempted,0,0,0,0,41,0,0.0,173.80269504982573,430.0,False,,,False,9,1
pso,adaptive,7,420.0,7.0,1,normal,normal,3 22 23 65,0,1.0,1.0,0.0,34.78037077224997,18.116666666666667,70,1,69,5.0773071523580215,5.0773071523580215,45.8435885309894,60.0,480.0,0.0,0.0,0.0,837.742239400046,0.0,0.0,45.8435885309894,480.0,104.10869149420049,2480.9555026133576,,,,False,False,not_attempted,0,0,0,0,37,0,0.0,171.7427549458747,430.0,False,,,False,9,1
pso,adaptive,8,480.0,8.0,1,normal,normal,3 22 23 65,0,1.0,1.0,0.0,34.78037077224997,18.133333333333333,69,3,66,4.568801367389507,1.5229337891298356,50.412389898378905,60.0,540.0,0.0,0.0,0.0,837.742239400046,0.0,0.0,50.412389898378905,540.0,99.38973287812432,2480.9555026133576,,,,False,False,not_attempted,0,0,0,0,44,0,0.0,170.12900684926333,574.0,False,,,False,9,1
pso,adaptive,9,540.0,9.0,1,normal,normal,3 22 23 65,0,1.0,1.0,0.0,34.78037077224997,18.15,66,2,64,2.8987751236060793,1.4493875618030396,53.31116502198498,60.0,600.0,0.0,0.0,0.0,837.742239400046,0.0,0.0,53.31116502198498,600.0,94.4431869676926,2360.9555026133576,,,,False,False,not_attempted,0,0,0,0,17,0,0.0,169.55281890713212,647.0,False,,,False,9,1
pso,adaptive,10,600.0,10.0,2,degrading,degrading,3 22 23 65,0,1.0,1.0,0.0,34.78037077224997,18.166666666666668,64,4,60,2.461197722411713,0.6152994306029282,55.772362744396695,60.0,660.0,5.45999500900507e-05,449.23990559997037,449.23996019992046,1286.9821995999664,0.0,0.0,55.772362744396695,660.0,88.94705862945925,2527.242251851788,91.85049389647273,88.94705862945925,2.903435267013478,True,True,lower_residual_energy,4,17,4,17,28,0,0.0,169.4594855737988,659.0,False,,,True,9,0
pso,adaptive,11,660.0,11.0,2,degrading,degrading,3 22 23 65,3016,1.06951871657754,0.935,0.0,34.616227642784246,18.183333333333334,60,4,56,5.499978593846592,1.374994648461648,61.27234133824329,60.0,720.0,0.0,0.0,0.0,1286.9821995999664,0.0,0.0,61.27234133824329,720.0,91.01624762014251,2534.6261130254825,,,,False,False,not_attempted,0,0,0,0,95,1,0.010526315789473684,169.0036065577671,725.0,False,,,False,9,0
pso,adaptive,12,720.0,12.0,2,degrading,degrading,3 22 23 65,3016,1.1494252873563218,0.87,0.0,34.42946093125795,18.2,56,1,55,3.349586879928031,3.349586879928031,64.62192821817132,60.0,780.0,0.0,0.0,0.0,1286.9821995999664,0.0,0.0,64.62192821817132,780.0,89.87906667223498,2510.695471819613,,,,False,False,not_attempted,0,0,0,0,44,10,0.22727272727272727,168.74500656080156,743.0,False,,,False,8,0
pso,adaptive,13,780.0,13.0,2,degrading,degrading,3 22 23 65,3016,1.2422360248447206,0.8049999999999999,0.0,34.21504719348918,18.216666666666665,55,3,52,3.2936772702402797,1.0978924234134266,67.9156054884116,60.0,840.0,0.0,0.0,0.0,1286.9821995999664,0.0,0.0,67.9156054884116,840.0,91.72080690268443,2472.4418594618546,,,,False,False,not_attempted,0,0,0,0,62,1,0.016129032258064516,167.2950427092013,940.0,False,,,False,8,0
pso,adaptive,14,840.0,14.0,2,degrading,degrading,3 22 23 65,3016,1.3513513513513513,0.74,0.0,33.96635687075199,18.233333333333334,52,0,52,1.2125682348578555,1.2125682348578555,69.12817372326946,60.0,900.0,0.0,0.0,0.0,1286.9821995999664,0.0,0.0,69.12817372326946,900.0,93.90420146759315,2358.4608080577505,,,,False,False,not_attempted,0,0,0,0,14,1,0.07142857142857142,167.06787155498577,940.0,False,,,False,8,0
pso,adaptive,15,900.0,15.0,3,degrading,degrading,3 22 23 65,3016,1.4814814814814814,0.675,0.0,33.6744566342527,18.25,52,3,49,2.4807720846426564,0.8269240282142188,71.60894580791211,60.0,960.0,10.311477900017053,335.11706520000007,345.4285431000171,1632.4107426999835,0.0,0.0,71.60894580791211,960.0,94.88174926950474,2309.8264004940147,99.19416362581308,94.88174926950474,4.312414356308338,True,True,lower_residual_energy,3,5,3,5,35,4,0.11428571428571428,166.97453822165244,940.0,False,,,True,9,0
pso,adaptive,16,960.0,16.0,3,degrading,degrading,3 22 23 65,3016,1.639344262295082,0.61,0.0,33.32701347891001,18.266666666666666,49,4,45,2.3974194027950206,0.5993548506987552,74.00636521070713,60.0,1020.0,0.0,0.0,0.0,1632.4107426999835,0.0,0.0,74.00636521070713,1020.0,98.66901152490209,2199.2904168998784,,,,False,False,not_attempted,0,0,0,0,67,1,0.014925373134328358,166.7215404138843,968.0,False,,,False,8,0
pso,adaptive,17,1020.0,17.0,3,degrading,degrading,3 22 23 65,3016,1.8348623853211008,0.545,0.0,32.906507451761335,18.283333333333335,45,4,41,2.6973182930189203,0.6743295732547301,76.70368350372605,60.0,1080.0,0.0,0.0,0.0,1632.4107426999835,0.0,0.0,76.70368350372605,1080.0,103.74703417281489,2358.457000634093,,,,False,False,not_attempted,0,0,0,0,20,8,0.4,165.7630839458636,1127.0,False,,,False,8,0
pso,adaptive,18,1080.0,18.0,3,degrading,degrading,3 22 23 65,3016,2.0833333333333335,0.48,0.0,32.38718437773333,18.3,41,3,38,3.257599580302701,1.085866526767567,79.96128308402875,60.0,1140.0,0.0,0.0,0.0,1632.4107426999835,0.0,0.0,79.96128308402875,1140.0,109.1566500846628,2393.679825372193,,,,False,False,not_attempted,0,0,0,0,64,0,0.0,165.6719775904133,1127.0,False,,,False,7,0
pso,adaptive,19,1140.0,19.0,3,degrading,degrading,3 22 23 65,3016,2.409638554216868,0.4149999999999999,0.0,31.72957427121698,18.316666666666666,38,3,35,3.2630293485102007,1.0876764495034001,83.22431243253895,60.0,1200.0,0.0,0.0,0.0,1632.4107426999835,0.0,0.0,83.22431243253895,1200.0,115.05500626737114,2385.899563895997,,,,False,False,not_attempted,0,0,0,0,30,0,0.0,165.57864425707996,1138.0,False,,,False,7,0
pso,adaptive,20,1200.0,20.0,4,disrupted,holding,3 22 23 65,3016,2.857142857142857,0.35,0.0,30.869958212648605,18.333333333333332,35,1,34,2.4808418311170164,2.4808418311170164,85.70515426365597,60.0,1260.0,10.407456499990076,115.43130179995205,125.83875829994213,1758.2495009999257,0.0,0.0,85.70515426365597,1260.0,123.60832082380776,2314.119370615122,123.60832082380776,125.11800374535984,-1.5096829215520842,True,False,incumbent_not_worse,1,2,0,0,7,0,0.0,164.88227079942538,1138.0,False,,,True,7,0
pso,adaptive,21,1260.0,21.0,4,disrupted,disrupted,3 22 23 65,3016,2.857142857142857,0.35,0.0,30.869958212648605,18.35,34,4,30,1.583443522880229,0.39586088072005726,87.2885977865362,60.0,1320.0,0.0,0.0,0.0,1758.2495009999257,0.0,0.0,87.2885977865362,1320.0,121.29723812108747,2314.119370615122,,,,False,False,not_attempted,0,0,0,0,56,0,0.0,164.78893746609205,1308.0,False,,,False,7,0
pso,adaptive,22,1320.0,22.0,4,disrupted,disrupted,3 22 23 65,3016,2.857142857142857,0.35,0.0,30.869958212648605,18.366666666666667,30,3,27,5.898146480868175,1.9660488269560583,93.18674426740438,60.0,1380.0,0.0,0.0,0.0,1758.2495009999257,0.0,0.0,93.18674426740438,1380.0,119.95103133132802,2278.642167734878,,,,False,False,not_attempted,0,0,0,0,49,1,0.02040816326530612,163.25613362345055,1308.0,False,,,False,7,0
pso,adaptive,23,1380.0,23.0,4,disrupted,disrupted,3 22 23 65,3016,2.857142857142857,0.35,0.0,30.869958212648605,18.383333333333333,27,1,26,6.20636434626505,6.20636434626505,99.39310861366943,60.0,1440.0,0.0,0.0,0.0,1758.2495009999257,0.0,0.0,99.39310861366943,1440.0,113.18906982407918,2102.1516344840597,,,,False,False,not_attempted,0,0,0,0,24,4,0.16666666666666666,161.12636932283297,1429.0,False,,,False,7,0
pso,adaptive,24,1440.0,24.0,4,disrupted,disrupted,3 22 23 65,3016,2.857142857142857,0.35,0.0,30.869958212648605,18.4,26,2,24,3.606077487224002,1.803038743612001,102.99918610089343,60.0,1500.0,0.0,0.0,0.0,1758.2495009999257,0.0,0.0,102.99918610089343,1500.0,107.25883223430039,2102.1516344840597,,,,False,False,not_attempted,0,0,0,0,46,5,0.10869565217391304,159.38338596639196,1429.0,False,,,False,6,0
pso,adaptive,25,1500.0,25.0,5,disrupted,disrupted,3 22 23 65,3016,2.857142857142857,0.35,0.0,30.869958212648605,18.416666666666668,24,3,21,4.625624048126446,1.5418746827088154,107.62481014901986,60.0,1560.0,5.949998740106821e-05,20.268345899996348,20.26840539998375,1778.5179063999094,0.0,0.0,107.62481014901986,1560.0,103.40697172160459,2090.9359182068424,103.84926729150821,103.40697172160459,0.44229556990362084,True,True,lower_residual_energy,3,3,3,3,33,2,0.06060606060606061,158.3973944595373,1429.0,False,,,True,5,0
pso,adaptive,26,1560.0,26.0,5,disrupted,disrupted,3 22 23 65,3016,2.857142857142857,0.35,0.0,30.869958212648605,18.433333333333334,21,1,20,1.5479341150621169,1.5479341150621169,109.17274426408198,60.0,1620.0,0.0,0.0,0.0,1778.5179063999094,0.0,0.0,109.17274426408198,1620.0,98.58421462528003,1941.905089482806,,,,False,False,not_attempted,0,0,0,0,2,0,0.0,158.04243318905984,1522.0,False,,,False,5,0
pso,adaptive,27,1620.0,27.0,5,disrupted,disrupted,3 22 23 65,3016,2.857142857142857,0.35,0.0,30.869958212648605,18.45,20,3,17,1.6298041603950666,0.5432680534650222,110.80254842447705,60.0,1680.0,0.0,0.0,0.0,1778.5179063999094,0.0,0.0,110.80254842447705,1680.0,97.55418023536853,1941.905089482806,,,,False,False,not_attempted,0,0,0,0,11,0,0.0,157.9490998557265,1522.0,False,,,False,4,0
pso,adaptive,28,1680.0,28.0,5,disrupted,disrupted,3 22 23 65,3016,2.857142857142857,0.35,0.0,30.869958212648605,18.466666666666665,17,2,15,2.594999841080278,1.297499920540139,113.39754826555733,60.0,1740.0,0.0,0.0,0.0,1778.5179063999094,0.0,0.0,113.39754826555733,1740.0,95.53039127959575,1800.9604677904813,,,,False,False,not_attempted,0,0,0,0,5,2,0.4,156.94718050312008,1557.0,False,,,False,4,0
pso,adaptive,29,1740.0,29.0,5,disrupted,disrupted,3 22 23 65,3016,2.857142857142857,0.35,0.0,30.869958212648605,18.483333333333334,15,2,13,0.5339166675616966,0.2669583337808483,113.93146493311903,60.0,1800.0,0.0,0.0,0.0,1778.5179063999094,0.0,0.0,113.93146493311903,1800.0,93.4028748895738,1800.9604677904813,,,,False,False,not_attempted,0,0,0,0,3,0,0.0,156.81746247121518,1557.0,False,,,False,3,0
pso,adaptive,30,1800.0,30.0,6,recovering,recovering,3 22 23 65,3016,2.857142857142857,0.35,0.0,30.869958212648605,18.5,13,1,12,0.8481756297498382,0.8481756297498382,114.77964056286886,60.0,1860.0,6.170000415295362e-05,2.7551704000215977,2.7552321000257507,1781.2731384999352,0.0,0.0,114.77964056286886,1860.0,92.72213007675347,1796.0009948221127,92.72213007675347,92.72213007675347,0.0,True,False,incumbent_not_worse,0,0,0,0,5,0,0.0,156.72412913788185,1557.0,False,,,True,2,0
pso,adaptive,31,1860.0,31.0,6,recovering,recovering,3 22 23 65,3016,2.6595744680851063,0.376,0.04,31.243657601678347,18.516666666666666,12,1,11,0.19394209453494068,0.19394209453494068,114.97358265740381,60.0,1920.0,0.0,0.0,0.0,1781.2731384999352,0.0,0.0,114.97358265740381,1920.0,87.78342469716733,1635.7472386064605,,,,False,False,not_attempted,0,0,0,0,0,0,0.0,156.71685371001357,1557.0,False,,,False,2,0
pso,adaptive,32,1920.0,32.0,6,recovering,recovering,3 22 23 65,3016,2.4875621890547266,0.40199999999999997,0.08,31.576464128164858,18.533333333333335,11,2,9,0.6116192812592273,0.30580964062961363,115.58520193866303,60.0,1980.0,0.0,0.0,0.0,1781.2731384999352,0.0,0.0,115.58520193866303,1980.0,83.96914122550297,1608.0099823000494,,,,False,False,not_attempted,0,0,0,0,11,0,0.0,156.71685371001357,1557.0,False,,,False,2,0
pso,adaptive,33,1980.0,33.0,6,recovering,recovering,3 22 23 65,3016,2.336448598130841,0.428,0.12,31.874741780209174,18.55,9,0,9,0.6598291405181456,0.6598291405181456,116.24503107918117,60.0,2040.0,0.0,0.0,0.0,1781.2731384999352,0.0,0.0,116.24503107918117,2040.0,79.71115217274524,1535.147806562964,,,,False,False,not_attempted,0,0,0,0,8,0,0.0,156.71685371001357,1557.0,False,,,False,2,0
pso,adaptive,34,2040.0,34.0,6,recovering,recovering,3 22 23 65,3016,2.2026431718061676,0.45399999999999996,0.16,32.14359913561627,18.566666666666666,9,0,9,0.18666666666666665,0.18666666666666665,116.43169774584784,60.0,2100.0,0.0,0.0,0.0,1781.2731384999352,0.0,0.0,116.43169774584784,2100.0,75.36494343475275,1366.5534032670112,,,,False,False,not_attempted,0,0,0,0,0,0,0.0,156.71685371001357,1557.0,False,,,False,2,0
pso,adaptive,35,2100.0,35.0,7,recovering,recovering,3 22 23 65,3016,2.0833333333333335,0.48,0.2,32.38718437773333,18.583333333333332,9,2,7,1.5531972151044724,0.7765986075522362,117.98489496095232,60.0,2160.0,10.413617599988356,0.5859762000618502,10.999593800050206,1792.2727322999854,0.0,0.0,117.98489496095232,2160.0,72.12703655558562,1347.3145001593266,72.12703655558562,72.12703655558562,0.0,True,False,incumbent_not_worse,0,0,0,0,26,0,0.0,156.71685371001357,1557.0,False,,,True,2,0
pso,adaptive,36,2160.0,36.0,7,recovering,recovering,3 22 23 65,3016,1.976284584980237,0.506,0.24,32.60890085287041,18.6,7,0,7,3.463719495119042,3.463719495119042,121.44861445607135,60.0,2220.0,0.0,0.0,0.0,1792.2727322999854,0.0,0.0,121.44861445607135,2220.0,67.63392906969113,1296.9526043869662,,,,False,False,not_attempted,0,0,0,0,25,6,0.24,156.71685371001357,1557.0,False,,,False,2,0
pso,adaptive,37,2220.0,37.0,7,recovering,recovering,3 22 23 65,3016,1.8796992481203008,0.532,0.28,32.811567064520624,18.616666666666667,7,0,7,3.360570784262921,3.360570784262921,124.80918524033427,60.0,2280.0,0.0,0.0,0.0,1792.2727322999854,0.0,0.0,124.80918524033427,2280.0,61.41853963524244,1222.9150416929472,,,,False,False,not_attempted,0,0,0,0,16,4,0.25,156.71685371001357,1557.0,False,,,False,2,0
pso,adaptive,38,2280.0,38.0,7,recovering,recovering,3 22 23 65,3016,1.7921146953405016,0.558,0.32,32.99753712540496,18.633333333333333,7,0,7,0.21218744255709793,0.21218744255709793,125.02137268289137,60.0,2340.0,0.0,0.0,0.0,1792.2727322999854,0.0,0.0,125.02137268289137,2340.0,55.36459128983134,1056.3729550680043,,,,False,False,not_attempted,0,0,0,0,0,0,0.0,156.71685371001357,1557.0,False,,,False,2,0
pso,adaptive,39,2340.0,39.0,7,recovering,recovering,3 22 23 65,3016,1.7123287671232879,0.584,0.36,33.168792617820394,18.65,7,1,6,0.8339586978855194,0.8339586978855194,125.85533138077689,60.0,2400.0,0.0,0.0,0.0,1792.2727322999854,0.0,0.0,125.85533138077689,2400.0,52.62311220138402,924.18923784969,,,,False,False,not_attempted,0,0,0,0,2,2,1.0,156.71685371001357,1557.0,False,,,False,2,0
pso,adaptive,40,2400.0,40.0,8,recovering,recovering,3 22 23 65,3016,1.639344262295082,0.61,0.4,33.32701347891001,18.666666666666668,6,1,5,0.49851399505206695,0.49851399505206695,126.35384537582895,60.0,2460.0,10.53458600002341,0.3153128999983892,10.849898900021799,1803.1226312000072,0.0,0.0,126.35384537582895,2460.0,49.5518167770255,888.2442091415505,49.5518167770255,49.5518167770255,0.0,True,False,incumbent_not_worse,0,0,0,0,2,1,0.5,156.71685371001357,1614.0,False,,,True,2,0
pso,adaptive,41,2460.0,41.0,8,recovering,recovering,3 22 23 65,3016,1.572327044025157,0.636,0.44,33.473633293615485,18.683333333333334,5,0,5,0.18666666666666665,0.18666666666666665,126.54051204249562,60.0,2520.0,0.0,0.0,0.0,1803.1226312000072,0.0,0.0,126.54051204249562,2520.0,46.6871159621716,747.0122878259081,,,,False,False,not_attempted,0,0,0,0,0,0,0.0,156.71685371001357,1614.0,False,,,False,1,0
pso,adaptive,42,2520.0,42.0,8,recovering,recovering,3 22 23 65,3016,1.5105740181268883,0.6619999999999999,0.48,33.609882855206216,18.7,5,2,3,2.061108984380851,1.0305544921904255,128.60162102687647,60.0,2580.0,0.0,0.0,0.0,1803.1226312000072,0.0,0.0,128.60162102687647,2580.0,44.702717574632516,736.7929858719001,,,,False,False,not_attempted,0,0,0,0,11,11,1.0,156.71685371001357,1840.0,False,,,False,1,0
pso,adaptive,43,2580.0,43.0,8,recovering,recovering,3 22 23 65,3016,1.4534883720930234,0.688,0.52,33.7368247985553,18.716666666666665,3,0,3,0.09333333333333332,0.09333333333333332,128.6949543602098,60.0,2640.0,0.0,0.0,0.0,1803.1226312000072,0.0,0.0,128.6949543602098,2640.0,40.840611252020864,568.2167731870986,,,,False,False,not_attempted,0,0,0,0,0,0,0.0,156.71685371001357,1840.0,False,,,False,1,0
pso,adaptive,44,2640.0,44.0,8,recovering,recovering,3 22 23 65,3016,1.400560224089636,0.714,0.56,33.85538137013096,18.733333333333334,3,1,2,0.29939478614959636,0.29939478614959636,128.9943491463594,60.0,2700.0,0.0,0.0,0.0,1803.1226312000072,0.0,0.0,128.9943491463594,2700.0,39.28837517092145,560.8827472586054,,,,False,False,not_attempted,0,0,0,0,2,2,1.0,156.71685371001357,1840.0,False,,,False,1,0
pso,adaptive,45,2700.0,45.0,9,recovering,recovering,3 22 23 65,3016,1.3513513513513513,0.74,0.6,33.96635687075199,18.75,2,0,2,0.3202837299316074,0.3202837299316074,129.31463287629103,60.0,2760.0,10.346733100013807,0.17616079992149025,10.522893899935298,1813.6455250999425,0.0,0.0,129.31463287629103,2760.0,37.63176443537743,543.6757956582294,37.63176443537743,37.63176443537743,0.0,True,False,incumbent_not_worse,0,0,0,0,2,2,1.0,156.71685371001357,1840.0,False,,,True,1,0
pso,adaptive,46,2760.0,46.0,9,recovering,recovering,3 22 23 65,3016,1.3054830287206267,0.766,0.64,34.07045592643944,18.766666666666666,2,0,2,0.09333333333333332,0.09333333333333332,129.40796620962436,60.0,2820.0,0.0,0.0,0.0,1813.6455250999425,0.0,0.0,129.40796620962436,2820.0,35.87458189446005,525.8672459459083,,,,False,False,not_attempted,0,0,0,0,0,0,0.0,156.71685371001357,1840.0,False,,,False,1,0
pso,adaptive,47,2820.0,47.0,9,recovering,recovering,3 22 23 65,3016,1.2626262626262625,0.792,0.68,34.16829846494737,18.783333333333335,2,1,1,1.3576218551333346,1.3576218551333346,130.7655880647577,60.0,2880.0,0.0,0.0,0.0,1813.6455250999425,0.0,0.0,130.7655880647577,2880.0,34.620191749544105,525.6133325790782,,,,False,False,not_attempted,0,0,0,0,7,7,1.0,156.71685371001357,1840.0,False,,,False,1,0
pso,adaptive,48,2880.0,48.0,9,recovering,recovering,3 22 23 65,3016,1.2224938875305624,0.818,0.72,34.260432070734275,18.8,1,0,1,0.09333333333333332,0.09333333333333332,130.85892139809104,60.0,2940.0,0.0,0.0,0.0,1813.6455250999425,0.0,0.0,130.85892139809104,2940.0,31.996409167557754,525.3755604042715,,,,False,False,not_attempted,0,0,0,0,0,0,0.0,156.71685371001357,1840.0,False,,,False,0,0
pso,adaptive,49,2940.0,49.0,9,recovering,recovering,3 22 23 65,3016,1.1848341232227486,0.8440000000000001,0.76,34.347342238570185,18.816666666666666,1,1,0,29.113771131552063,29.113771131552063,159.9726925296431,573.6353158172062,3513.635315817206,0.0,0.0,0.0,1813.6455250999425,0.0,0.0,159.9726925296431,3513.635315817206,30.958751212816804,525.1524376999506,,,,False,False,not_attempted,0,0,0,0,343,98,0.2857142857142857,153.2663928314089,1984.0,True,,,False,0,0
pso,static_live,0,0.0,0.0,0,normal,initial,3 22 23 65,0,1.0,1.0,0.0,34.78037077224997,18.0,84,0,84,17.41716950529079,17.41716950529079,17.41716950529079,60.0,60.0,9.01954150001984,12.315022700000554,21.334564200020395,21.334564200020395,0.0,0.0,17.41716950529079,60.0,151.37406968292143,2569.719418511708,,,,False,False,initial_plan,0,0,0,0,96,0,0.0,177.86965881732976,0.0,False,,,True,10,10
pso,static_live,1,60.0,1.0,0,normal,normal,3 22 23 65,0,1.0,1.0,0.0,34.78037077224997,18.016666666666666,84,0,84,2.9117287974767976,2.9117287974767976,20.328898302767588,60.0,120.0,0.0,0.0,0.0,21.334564200020395,0.0,0.0,20.328898302767588,120.0,133.1191070568551,2507.5518550268002,,,,False,False,not_attempted,0,0,0,0,47,0,0.0,177.4588955213837,0.0,False,,,False,10,10
pso,static_live,2,120.0,2.0,0,normal,normal,3 22 23 65,0,1.0,1.0,0.0,34.78037077224997,18.033333333333335,84,5,79,4.945953376604522,0.9891906753209044,25.27485167937211,60.0,180.0,0.0,0.0,0.0,21.334564200020395,0.0,0.0,25.27485167937211,180.0,129.7508783653988,2355.035662758609,,,,False,False,not_attempted,0,0,0,0,48,0,0.0,176.84027550943307,239.0,False,,,False,9,5
pso,static_live,3,180.0,3.0,0,normal,normal,3 22 23 65,0,1.0,1.0,0.0,34.78037077224997,18.05,79,3,76,5.2858708059973845,1.7619569353324616,30.560722485369492,60.0,240.0,0.0,0.0,0.0,21.334564200020395,0.0,0.0,30.560722485369492,240.0,125.54196401841551,2355.035662758609,,,,False,False,not_attempted,0,0,0,0,84,0,0.0,176.08417388140913,239.0,False,,,False,9,2
pso,static_live,4,240.0,4.0,0,normal,normal,3 22 23 65,0,1.0,1.0,0.0,34.78037077224997,18.066666666666666,76,0,76,4.768439058186637,4.768439058186637,35.329161543556125,60.0,300.0,0.0,0.0,0.0,21.334564200020395,0.0,0.0,35.329161543556125,300.0,119.70961591445298,2307.5810249028364,,,,False,False,not_attempted,0,0,0,0,69,0,0.0,174.23595111138894,239.0,False,,,False,9,2
pso,static_live,5,300.0,5.0,1,normal,normal,3 22 23 65,0,1.0,1.0,0.0,34.78037077224997,18.083333333333332,76,2,74,2.033059245297843,1.0165296226489215,37.36222078885397,60.0,360.0,0.0,0.0,0.0,21.334564200020395,0.0,0.0,37.36222078885397,360.0,115.25900310952544,2179.6312187929043,,,,False,False,not_attempted,0,0,0,0,67,0,0.0,174.1426177780556,324.0,False,,,False,9,2
pso,static_live,6,360.0,6.0,1,normal,normal,3 22 23 65,0,1.0,1.0,0.0,34.78037077224997,18.1,74,4,70,2.8956701116039376,0.7239175279009844,40.25789090045791,60.0,420.0,0.0,0.0,0.0,21.334564200020395,0.0,0.0,40.25789090045791,420.0,113.42229091822706,2179.6312187929043,,,,False,False,not_attempted,0,0,0,0,34,0,0.0,173.80269504982573,430.0,False,,,False,9,1
pso,static_live,7,420.0,7.0,1,normal,normal,3 22 23 65,0,1.0,1.0,0.0,34.78037077224997,18.116666666666667,70,2,68,4.8735631587271255,2.4367815793635628,45.13145405918503,60.0,480.0,0.0,0.0,0.0,21.334564200020395,0.0,0.0,45.13145405918503,480.0,110.51467952032222,2149.403453117163,,,,False,False,not_attempted,0,0,0,0,51,0,0.0,171.7315048732715,430.0,False,,,False,9,0
pso,static_live,8,480.0,8.0,1,normal,normal,3 22 23 65,0,1.0,1.0,0.0,34.78037077224997,18.133333333333333,68,2,66,3.744268046077959,1.8721340230389796,48.875722105262994,60.0,540.0,0.0,0.0,0.0,21.334564200020395,0.0,0.0,48.875722105262994,540.0,105.54802741137986,2029.403453117163,,,,False,False,not_attempted,0,0,0,0,78,0,0.0,171.63817153993816,451.0,False,,,False,8,0
pso,static_live,9,540.0,9.0,1,normal,normal,3 22 23 65,0,1.0,1.0,0.0,34.78037077224997,18.15,66,4,62,2.7954245755306446,0.6988561438826612,51.67114668079364,60.0,600.0,0.0,0.0,0.0,21.334564200020395,0.0,0.0,51.67114668079364,600.0,101.79424707515842,2029.403453117163,,,,False,False,not_attempted,0,0,0,0,21,0,0.0,171.54640459197284,647.0,False,,,False,8,0
pso,static_live,10,600.0,10.0,2,degrading,degrading,3 22 23 65,0,1.0,1.0,0.0,34.78037077224997,18.166666666666668,62,3,59,3.8765201157009246,1.2921733719003081,55.54766679649457,60.0,660.0,0.0,0.0,0.0,21.334564200020395,0.0,0.0,55.54766679649457,660.0,99.26036237241371,1901.7228863742832,,,,False,False,not_attempted,0,0,0,0,34,0,0.0,169.9139712245009,659.0,False,,,False,8,0
pso,static_live,11,660.0,11.0,2,degrading,degrading,3 22 23 65,3016,1.06951871657754,0.935,0.0,34.616227642784246,18.183333333333334,59,2,57,3.7934369975191204,1.8967184987595602,59.34110379401369,60.0,720.0,0.0,0.0,0.0,21.334564200020395,0.0,0.0,59.34110379401369,720.0,99.24424282526176,1918.8674647496705,,,,False,False,not_attempted,0,0,0,0,48,1,0.020833333333333332,168.57396062756465,659.0,False,,,False,8,0
pso,static_live,12,720.0,12.0,2,degrading,degrading,3 22 23 65,3016,1.1494252873563218,0.87,0.0,34.42946093125795,18.2,57,2,55,1.3392258785564175,0.6696129392782088,60.68032967257011,60.0,780.0,0.0,0.0,0.0,21.334564200020395,0.0,0.0,60.68032967257011,780.0,100.05654816070572,1772.4928469670572,,,,False,False,not_attempted,0,0,0,0,23,0,0.0,168.36247255001456,751.0,False,,,False,8,0
pso,static_live,13,780.0,13.0,2,degrading,degrading,3 22 23 65,3016,1.2422360248447206,0.8049999999999999,0.0,34.21504719348918,18.216666666666665,55,4,51,2.814930195649541,0.7037325489123852,63.49525986821965,60.0,840.0,0.0,0.0,0.0,21.334564200020395,0.0,0.0,63.49525986821965,840.0,103.37179397090988,1768.4891784648944,,,,False,False,not_attempted,0,0,0,0,33,5,0.15151515151515152,168.26913921668122,751.0,False,,,False,8,0
pso,static_live,14,840.0,14.0,2,degrading,degrading,3 22 23 65,3016,1.3513513513513513,0.74,0.0,33.96635687075199,18.233333333333334,51,2,49,1.3138910822865484,0.6569455411432742,64.8091509505062,60.0,900.0,0.0,0.0,0.0,21.334564200020395,0.0,0.0,64.8091509505062,900.0,104.97933967531752,1776.9453575033242,,,,False,False,not_attempted,0,0,0,0,20,1,0.05,168.1532899592327,832.0,False,,,False,8,0
pso,static_live,15,900.0,15.0,3,degrading,degrading,3 22 23 65,3016,1.4814814814814814,0.675,0.0,33.6744566342527,18.25,49,2,47,2.199566824387963,1.0997834121939816,67.00871777489415,60.0,960.0,0.0,0.0,0.0,21.334564200020395,0.0,0.0,67.00871777489415,960.0,108.94800633817603,1668.466899893597,,,,False,False,not_attempted,0,0,0,0,60,0,0.0,168.05995662589936,853.0,False,,,False,8,0
pso,static_live,16,960.0,16.0,3,degrading,degrading,3 22 23 65,3016,1.639344262295082,0.61,0.0,33.32701347891001,18.266666666666666,47,3,44,3.7180588046730363,1.2393529348910122,70.72677657956719,60.0,1020.0,0.0,0.0,0.0,21.334564200020395,0.0,0.0,70.72677657956719,1020.0,112.98347707230512,1692.7240138208679,,,,False,False,not_attempted,0,0,0,0,76,1,0.013157894736842105,167.68069826789986,968.0,False,,,False,8,0
pso,static_live,17,1020.0,17.0,3,degrading,degrading,3 22 23 65,3016,1.8348623853211008,0.545,0.0,32.906507451761335,18.283333333333335,44,2,42,3.642276574175246,1.821138287087623,74.36905315374243,60.0,1080.0,0.0,0.0,0.0,21.334564200020395,0.0,0.0,74.36905315374243,1080.0,116.53606932127504,1659.454867302919,,,,False,False,not_attempted,0,0,0,0,37,0,0.0,166.5343355462216,1048.0,False,,,False,8,0
pso,static_live,18,1080.0,18.0,3,degrading,degrading,3 22 23 65,3016,2.0833333333333335,0.48,0.0,32.38718437773333,18.3,42,3,39,5.336593026259924,1.7788643420866412,79.70564618000235,60.0,1140.0,0.0,0.0,0.0,21.334564200020395,0.0,0.0,79.70564618000235,1140.0,121.41260782892878,1564.2232964815796,,,,False,False,not_attempted,0,0,0,0,49,5,0.10204081632653061,166.18717092947844,1048.0,False,,,False,8,0
pso,static_live,19,1140.0,19.0,3,degrading,degrading,3 22 23 65,3016,2.409638554216868,0.4149999999999999,0.0,31.72957427121698,18.316666666666666,39,1,38,4.485808834804488,4.485808834804488,84.19145501480683,60.0,1200.0,0.0,0.0,0.0,21.334564200020395,0.0,0.0,84.19145501480683,1200.0,126.33820356121943,1611.3546885294058,,,,False,False,not_attempted,0,0,0,0,50,7,0.14,165.81683374942284,1114.0,False,,,False,8,0
pso,static_live,20,1200.0,20.0,4,disrupted,holding,3 22 23 65,3016,2.857142857142857,0.35,0.0,30.869958212648605,18.333333333333332,38,1,37,3.8833150210106493,3.8833150210106493,88.07477003581748,60.0,1260.0,0.0,0.0,0.0,21.334564200020395,0.0,0.0,88.07477003581748,1260.0,133.69944020586956,1534.6350909166063,,,,False,False,not_attempted,0,0,0,0,28,2,0.07142857142857142,165.38306896417572,1136.0,False,,,False,8,0
pso,static_live,21,1260.0,21.0,4,disrupted,disrupted,3 22 23 65,3016,2.857142857142857,0.35,0.0,30.869958212648605,18.35,37,2,35,1.8696089083585505,0.9348044541792753,89.94437894417604,60.0,1320.0,0.0,0.0,0.0,21.334564200020395,0.0,0.0,89.94437894417604,1320.0,130.01793746396743,1534.6350909166063,,,,False,False,not_attempted,0,0,0,0,40,0,0.0,165.21632157777515,1308.0,False,,,False,8,0
pso,static_live,22,1320.0,22.0,4,disrupted,disrupted,3 22 23 65,3016,2.857142857142857,0.35,0.0,30.869958212648605,18.366666666666667,35,3,32,5.14727926160713,1.7157597538690432,95.09165820578316,60.0,1380.0,0.0,0.0,0.0,21.334564200020395,0.0,0.0,95.09165820578316,1380.0,128.478414297784,1513.0314415933367,,,,False,False,not_attempted,0,0,0,0,34,7,0.20588235294117646,165.1229882444418,1308.0,False,,,False,8,0
pso,static_live,23,1380.0,23.0,4,disrupted,disrupted,3 22 23 65,3016,2.857142857142857,0.35,0.0,30.869958212648605,18.383333333333333,32,1,31,5.812999298176711,5.812999298176711,100.90465750395987,60.0,1440.0,0.0,0.0,0.0,21.334564200020395,0.0,0.0,100.90465750395987,1440.0,122.30767986186027,1350.795256269491,,,,False,False,not_attempted,0,0,0,0,11,2,0.18181818181818182,164.02700806013263,1308.0,False,,,False,8,0
pso,static_live,24,1440.0,24.0,4,disrupted,disrupted,3 22 23 65,3016,2.857142857142857,0.35,0.0,30.869958212648605,18.4,31,4,27,2.645768532551986,0.6614421331379965,103.55042603651185,60.0,1500.0,0.0,0.0,0.0,21.334564200020395,0.0,0.0,103.55042603651185,1500.0,116.71377619417225,1350.795256269491,,,,False,False,not_attempted,0,0,0,0,37,1,0.02702702702702703,163.9336747267993,1456.0,False,,,False,8,0
pso,static_live,25,1500.0,25.0,5,disrupted,disrupted,3 22 23 65,3016,2.857142857142857,0.35,0.0,30.869958212648605,18.416666666666668,27,3,24,6.174397260640916,2.0581324202136386,109.72482329715277,60.0,1560.0,0.0,0.0,0.0,21.334564200020395,0.0,0.0,109.72482329715277,1560.0,114.30747344801948,1333.7847911865242,,,,False,False,not_attempted,0,0,0,0,20,8,0.4,161.93674129709402,1456.0,False,,,False,8,0
pso,static_live,26,1560.0,26.0,5,disrupted,disrupted,3 22 23 65,3016,2.857142857142857,0.35,0.0,30.869958212648605,18.433333333333334,24,2,22,5.8985266781017165,2.9492633390508582,115.62334997525448,60.0,1620.0,0.0,0.0,0.0,21.334564200020395,0.0,0.0,115.62334997525448,1620.0,108.18071056666477,1213.7847911865242,,,,False,False,not_attempted,0,0,0,0,14,4,0.2857142857142857,160.6521862798778,1577.0,False,,,False,8,0
pso,static_live,27,1620.0,27.0,5,disrupted,disrupted,3 22 23 65,3016,2.857142857142857,0.35,0.0,30.869958212648605,18.45,22,2,20,8.719638731979735,4.359819365989868,124.34298870723421,60.0,1680.0,0.0,0.0,0.0,21.334564200020395,0.0,0.0,124.34298870723421,1680.0,101.47272056408511,1213.7847911865242,,,,False,False,not_attempted,0,0,0,0,68,7,0.10294117647058823,160.55885294654448,1577.0,False,,,False,8,0
pso,static_live,28,1680.0,28.0,5,disrupted,disrupted,3 22 23 65,3016,2.857142857142857,0.35,0.0,30.869958212648605,18.466666666666665,20,3,17,8.651236668895933,2.8837455562986443,132.99422537613015,60.0,1740.0,0.0,0.0,0.0,21.334564200020395,0.0,0.0,132.99422537613015,1740.0,93.73900698491825,1153.0722586652341,,,,False,False,not_attempted,0,0,0,0,60,6,0.1,159.4087626805639,1617.0,False,,,False,7,0
pso,static_live,29,1740.0,29.0,5,disrupted,disrupted,3 22 23 65,3016,2.857142857142857,0.35,0.0,30.869958212648605,18.483333333333334,17,3,14,4.756126114140698,1.5853753713802325,137.75035149027084,60.0,1800.0,0.0,0.0,0.0,21.334564200020395,0.0,0.0,137.75035149027084,1800.0,85.04776768982961,1095.6244511039054,,,,False,False,not_attempted,0,0,0,0,42,6,0.14285714285714285,159.04763774960307,1716.0,False,,,False,6,0
pso,static_live,30,1800.0,30.0,6,recovering,recovering,3 22 23 65,3016,2.857142857142857,0.35,0.0,30.869958212648605,18.5,14,1,13,1.272769395765834,1.272769395765834,139.02312088603668,60.0,1860.0,0.0,0.0,0.0,21.334564200020395,0.0,0.0,139.02312088603668,1860.0,80.20506055977515,938.9059637117331,,,,False,False,not_attempted,0,0,0,0,11,0,0.0,158.95430441626974,1716.0,False,,,False,5,0
pso,static_live,31,1860.0,31.0,6,recovering,recovering,3 22 23 65,3016,2.6595744680851063,0.376,0.04,31.243657601678347,18.516666666666666,13,4,9,4.246987466386926,1.0617468665967316,143.27010835242362,60.0,1920.0,0.0,0.0,0.0,21.334564200020395,0.0,0.0,143.27010835242362,1920.0,76.36979806840611,918.8562223696387,,,,False,False,not_attempted,0,0,0,0,14,8,0.5714285714285714,156.35779519237926,1716.0,False,,,False,5,0
pso,static_live,32,1920.0,32.0,6,recovering,recovering,3 22 23 65,3016,2.4875621890547266,0.40199999999999997,0.08,31.576464128164858,18.533333333333335,9,2,7,6.06863810265001,3.034319051325005,149.33874645507362,60.0,1980.0,0.0,0.0,0.0,21.334564200020395,0.0,0.0,149.33874645507362,1980.0,69.50991042070964,853.0963865802439,,,,False,False,not_attempted,0,0,0,0,37,5,0.13513513513513514,155.1415261584185,1842.0,False,,,False,5,0
pso,static_live,33,1980.0,33.0,6,recovering,recovering,3 22 23 65,3016,2.336448598130841,0.428,0.12,31.874741780209174,18.55,7,0,7,0.5277630798777901,0.5277630798777901,149.8665095349514,60.0,2040.0,0.0,0.0,0.0,21.334564200020395,0.0,0.0,149.8665095349514,2040.0,61.08999400470456,715.9011582105516,,,,False,False,not_attempted,0,0,0,0,1,0,0.0,155.04819282508515,1842.0,False,,,False,2,0
pso,static_live,34,2040.0,34.0,6,recovering,recovering,3 22 23 65,3016,2.2026431718061676,0.45399999999999996,0.16,32.14359913561627,18.566666666666666,7,4,3,1.0759893125191091,0.2689973281297773,150.94249884747052,60.0,2100.0,0.0,0.0,0.0,21.334564200020395,0.0,0.0,150.94249884747052,2100.0,58.82280374269547,705.1950397048317,,,,False,False,not_attempted,0,0,0,0,8,2,0.25,154.95928477284008,1991.0,False,,,False,2,0
pso,static_live,35,2100.0,35.0,7,recovering,recovering,3 22 23 65,3016,2.0833333333333335,0.48,0.2,32.38718437773333,18.583333333333332,3,0,3,1.4710182182521865,1.4710182182521865,152.41351706572271,60.0,2160.0,0.0,0.0,0.0,21.334564200020395,0.0,0.0,152.41351706572271,2160.0,55.78397895821297,650.8884231563155,,,,False,False,not_attempted,0,0,0,0,17,2,0.11764705882352941,154.95928477284008,1991.0,False,,,False,2,0
pso,static_live,36,2160.0,36.0,7,recovering,recovering,3 22 23 65,3016,1.976284584980237,0.506,0.24,32.60890085287041,18.6,3,0,3,1.222384086541487,1.222384086541487,153.6359011522642,60.0,2220.0,0.0,0.0,0.0,21.334564200020395,0.0,0.0,153.6359011522642,2220.0,52.61935073354056,590.6152684759298,,,,False,False,not_attempted,0,0,0,0,10,3,0.3,154.95928477284008,1991.0,False,,,False,2,0
pso,static_live,37,2220.0,37.0,7,recovering,recovering,3 22 23 65,3016,1.8796992481203008,0.532,0.28,32.811567064520624,18.616666666666667,3,0,3,1.6384886893687463,1.6384886893687463,155.27438984163297,60.0,2280.0,0.0,0.0,0.0,21.334564200020395,0.0,0.0,155.27438984163297,2280.0,49.886818916992354,543.7332328541785,,,,False,False,not_attempted,0,0,0,0,25,2,0.08,154.95928477284008,1991.0,False,,,False,2,0
pso,static_live,38,2280.0,38.0,7,recovering,recovering,3 22 23 65,3016,1.7921146953405016,0.558,0.32,32.99753712540496,18.633333333333333,3,1,2,2.218628791518895,2.218628791518895,157.49301863315185,60.0,2340.0,0.0,0.0,0.0,21.334564200020395,0.0,0.0,157.49301863315185,2340.0,46.60720633097897,483.2954380271784,,,,False,False,not_attempted,0,0,0,0,28,1,0.03571428571428571,154.95928477284008,1991.0,False,,,False,2,0
pso,static_live,39,2340.0,39.0,7,recovering,recovering,3 22 23 65,3016,1.7123287671232879,0.584,0.36,33.168792617820394,18.65,2,0,2,0.18666666666666665,0.18666666666666665,157.67968529981852,60.0,2400.0,0.0,0.0,0.0,21.334564200020395,0.0,0.0,157.67968529981852,2400.0,42.567386548544974,326.1932408236974,,,,False,False,not_attempted,0,0,0,0,0,0,0.0,154.95928477284008,1991.0,False,,,False,0,0
pso,static_live,40,2400.0,40.0,8,recovering,recovering,3 22 23 65,3016,1.639344262295082,0.61,0.4,33.32701347891001,18.666666666666668,2,2,0,38.33223880602789,19.166119403013944,196.01192410584642,363.4404518427798,2763.44045184278,0.0,0.0,0.0,21.334564200020395,0.0,0.0,196.01192410584642,2763.44045184278,41.13172585708598,328.0126207108653,,,,False,False,not_attempted,0,0,0,0,434,66,0.15207373271889402,149.5464988624084,1996.0,True,,,False,0,0
pso,static_frozen,0,0.0,0.0,0,normal,initial,3 22 23 65,0,1.0,1.0,0.0,34.78037077224997,18.0,84,0,84,17.41716950529079,17.41716950529079,17.41716950529079,60.0,60.0,9.01954150001984,12.315022700000554,21.334564200020395,21.334564200020395,0.0,0.0,17.41716950529079,60.0,151.37406968292143,2569.719418511708,,,,False,False,initial_plan,0,0,0,0,96,0,0.0,177.86965881732976,0.0,False,,,True,10,10
pso,static_frozen,1,60.0,1.0,0,normal,normal,3 22 23 65,0,1.0,1.0,0.0,34.78037077224997,18.016666666666666,84,0,84,2.9117287974767976,2.9117287974767976,20.328898302767588,60.0,120.0,0.0,0.0,0.0,21.334564200020395,0.0,0.0,20.328898302767588,120.0,133.1191070568551,2507.5518550268002,,,,False,False,not_attempted,0,0,0,0,47,0,0.0,177.4588955213837,0.0,False,,,False,10,10
pso,static_frozen,2,120.0,2.0,0,normal,normal,3 22 23 65,0,1.0,1.0,0.0,34.78037077224997,18.033333333333335,84,5,79,4.945953376604522,0.9891906753209044,25.27485167937211,60.0,180.0,0.0,0.0,0.0,21.334564200020395,0.0,0.0,25.27485167937211,180.0,129.7508783653988,2355.035662758609,,,,False,False,not_attempted,0,0,0,0,48,0,0.0,176.84027550943307,239.0,False,,,False,9,5
pso,static_frozen,3,180.0,3.0,0,normal,normal,3 22 23 65,0,1.0,1.0,0.0,34.78037077224997,18.05,79,3,76,5.2858708059973845,1.7619569353324616,30.560722485369492,60.0,240.0,0.0,0.0,0.0,21.334564200020395,0.0,0.0,30.560722485369492,240.0,125.54196401841551,2355.035662758609,,,,False,False,not_attempted,0,0,0,0,84,0,0.0,176.08417388140913,239.0,False,,,False,9,2
pso,static_frozen,4,240.0,4.0,0,normal,normal,3 22 23 65,0,1.0,1.0,0.0,34.78037077224997,18.066666666666666,76,0,76,4.768439454899793,4.768439454899793,35.32916194026929,60.0,300.0,0.0,0.0,0.0,21.334564200020395,0.0,0.0,35.32916194026929,300.0,119.70961591445298,2307.5810249028364,,,,False,False,not_attempted,0,0,0,0,69,0,0.0,174.23595111138894,239.0,False,,,False,9,2
pso,static_frozen,5,300.0,5.0,1,normal,normal,3 22 23 65,0,1.0,1.0,0.0,34.78037077224997,18.083333333333332,76,2,74,2.0331806617991015,1.0165903308995508,37.36234260206839,60.0,360.0,0.0,0.0,0.0,21.334564200020395,0.0,0.0,37.36234260206839,360.0,115.25900310952544,2179.6312187929043,,,,False,False,not_attempted,0,0,0,0,67,0,0.0,174.1426177780556,324.0,False,,,False,9,2
pso,static_frozen,6,360.0,6.0,1,normal,normal,3 22 23 65,0,1.0,1.0,0.0,34.78037077224997,18.1,74,4,70,2.8956701116039376,0.7239175279009844,40.25801271367233,60.0,420.0,0.0,0.0,0.0,21.334564200020395,0.0,0.0,40.25801271367233,420.0,113.42229091822706,2179.6312187929043,,,,False,False,not_attempted,0,0,0,0,34,0,0.0,173.80269504982573,430.0,False,,,False,9,1
pso,static_frozen,7,420.0,7.0,1,normal,normal,3 22 23 65,0,1.0,1.0,0.0,34.78037077224997,18.116666666666667,70,2,68,4.874305214044376,2.437152607022188,45.132317927716706,60.0,480.0,0.0,0.0,0.0,21.334564200020395,0.0,0.0,45.132317927716706,480.0,110.51467952032222,2149.403453117163,,,,False,False,not_attempted,0,0,0,0,51,0,0.0,171.7315048732715,430.0,False,,,False,9,0
pso,static_frozen,8,480.0,8.0,1,normal,normal,3 22 23 65,0,1.0,1.0,0.0,34.78037077224997,18.133333333333333,68,2,66,3.7435141569850514,1.8717570784925257,48.875832084701756,60.0,540.0,0.0,0.0,0.0,21.334564200020395,0.0,0.0,48.875832084701756,540.0,105.54802741137986,2029.403453117163,,,,False,False,not_attempted,0,0,0,0,78,0,0.0,171.63817153993816,451.0,False,,,False,8,0
pso,static_frozen,9,540.0,9.0,1,normal,normal,3 22 23 65,0,1.0,1.0,0.0,34.78037077224997,18.15,66,4,62,2.7954364093063027,0.6988591023265757,51.67126849400806,60.0,600.0,0.0,0.0,0.0,21.334564200020395,0.0,0.0,51.67126849400806,600.0,101.79424707515842,2029.403453117163,,,,False,False,not_attempted,0,0,0,0,21,0,0.0,171.54640459197284,647.0,False,,,False,8,0
pso,static_frozen,10,600.0,10.0,2,degrading,degrading,3 22 23 65,0,1.0,1.0,0.0,34.78037077224997,18.166666666666668,62,3,59,3.8765201157009246,1.2921733719003081,55.54778860970899,60.0,660.0,0.0,0.0,0.0,21.334564200020395,0.0,0.0,55.54778860970899,660.0,99.26036237241371,1901.7228863742832,,,,False,False,not_attempted,0,0,0,0,34,0,0.0,169.9139712245009,659.0,False,,,False,8,0
pso,static_frozen,11,660.0,11.0,2,degrading,degrading,3 22 23 65,3016,1.06951871657754,0.935,0.0,34.616227642784246,18.183333333333334,59,2,57,3.7934369975191204,1.8967184987595602,59.34122560722811,60.0,720.0,0.0,0.0,0.0,21.334564200020395,0.0,0.0,59.34122560722811,720.0,99.24424282526176,1918.8674647496705,,,,False,False,not_attempted,0,0,0,0,48,1,0.020833333333333332,168.57396062756465,659.0,False,,,False,8,0
pso,static_frozen,12,720.0,12.0,2,degrading,degrading,3 22 23 65,3016,1.1494252873563218,0.87,0.0,34.42946093125795,18.2,57,2,55,1.3392258785564175,0.6696129392782088,60.68045148578453,60.0,780.0,0.0,0.0,0.0,21.334564200020395,0.0,0.0,60.68045148578453,780.0,100.05654816070572,1772.4928469670572,,,,False,False,not_attempted,0,0,0,0,23,0,0.0,168.36247255001456,751.0,False,,,False,8,0
pso,static_frozen,13,780.0,13.0,2,degrading,degrading,3 22 23 65,3016,1.2422360248447206,0.8049999999999999,0.0,34.21504719348918,18.216666666666665,55,4,51,2.624057317200786,0.6560143293001965,63.30450880298532,60.0,840.0,0.0,0.0,0.0,21.334564200020395,0.0,0.0,63.30450880298532,840.0,103.37179397090988,1768.4891784648944,,,,False,False,not_attempted,0,0,0,0,30,2,0.06666666666666667,168.26913921668122,751.0,False,,,False,8,0
pso,static_frozen,14,840.0,14.0,2,degrading,degrading,3 22 23 65,3016,1.3513513513513513,0.74,0.0,33.96635687075199,18.233333333333334,51,2,49,1.4081985298225228,0.7040992649112614,64.71270733280784,60.0,900.0,0.0,0.0,0.0,21.334564200020395,0.0,0.0,64.71270733280784,900.0,105.53430635244534,1776.9453575033242,,,,False,False,not_attempted,0,0,0,0,16,8,0.5,168.1532899592327,832.0,False,,,False,8,0
pso,static_frozen,15,900.0,15.0,3,degrading,degrading,3 22 23 65,3016,1.4814814814814814,0.675,0.0,33.6744566342527,18.25,49,2,47,2.795008741354136,1.397504370677068,67.50771607416198,60.0,960.0,0.0,0.0,0.0,21.334564200020395,0.0,0.0,67.50771607416198,960.0,109.49235631899248,1668.466899893597,,,,False,False,not_attempted,0,0,0,0,50,6,0.12,168.05995662589936,853.0,False,,,False,8,0
pso,static_frozen,16,960.0,16.0,3,degrading,degrading,3 22 23 65,3016,1.639344262295082,0.61,0.0,33.32701347891001,18.266666666666666,47,3,44,3.525055935894985,1.1750186452983284,71.03277201005696,60.0,1020.0,0.0,0.0,0.0,21.334564200020395,0.0,0.0,71.03277201005696,1020.0,113.02837022602844,1692.7240138208679,,,,False,False,not_attempted,0,0,0,0,84,1,0.011904761904761904,167.68069826789986,968.0,False,,,False,8,0
pso,static_frozen,17,1020.0,17.0,3,degrading,degrading,3 22 23 65,3016,1.8348623853211008,0.545,0.0,32.906507451761335,18.283333333333335,44,2,42,3.4699753597636223,1.7349876798818111,74.50274736982058,60.0,1080.0,0.0,0.0,0.0,21.334564200020395,0.0,0.0,74.50274736982058,1080.0,116.53606932127504,1659.454867302919,,,,False,False,not_attempted,0,0,0,0,34,0,0.0,166.5343355462216,1048.0,False,,,False,8,0
pso,static_frozen,18,1080.0,18.0,3,degrading,degrading,3 22 23 65,3016,2.0833333333333335,0.48,0.0,32.38718437773333,18.3,42,3,39,5.844726360551409,1.948242120183803,80.34747373037199,60.0,1140.0,0.0,0.0,0.0,21.334564200020395,0.0,0.0,80.34747373037199,1140.0,121.8806239824982,1564.2232964815796,,,,False,False,not_attempted,0,0,0,0,53,7,0.1320754716981132,166.01381561030078,1048.0,False,,,False,8,0
pso,static_frozen,19,1140.0,19.0,3,degrading,degrading,3 22 23 65,3016,2.409638554216868,0.4149999999999999,0.0,31.72957427121698,18.316666666666666,39,1,38,5.654202974601031,5.654202974601031,86.00167670497302,60.0,1200.0,0.0,0.0,0.0,21.334564200020395,0.0,0.0,86.00167670497302,1200.0,126.64948305317137,1611.3546885294058,,,,False,False,not_attempted,0,0,0,0,49,10,0.20408163265306123,165.3307802324892,1114.0,False,,,False,8,0
pso,static_frozen,20,1200.0,20.0,4,disrupted,holding,3 22 23 65,3016,2.857142857142857,0.35,0.0,30.869958212648605,18.333333333333332,38,1,37,4.12618302635625,4.12618302635625,90.12785973132927,60.0,1260.0,0.0,0.0,0.0,21.334564200020395,0.0,0.0,90.12785973132927,1260.0,134.18647522154384,1534.6350909166063,,,,False,False,not_attempted,0,0,0,0,30,3,0.1,164.98412622751104,1136.0,False,,,False,8,0
pso,static_frozen,21,1260.0,21.0,4,disrupted,disrupted,3 22 23 65,3016,2.857142857142857,0.35,0.0,30.869958212648605,18.35,37,2,35,1.9689183880346857,0.9844591940173428,92.09677811936395,60.0,1320.0,0.0,0.0,0.0,21.334564200020395,0.0,0.0,92.09677811936395,1320.0,130.14323789547527,1534.6350909166063,,,,False,False,not_attempted,0,0,0,0,43,0,0.0,164.71806936143437,1308.0,False,,,False,8,0
pso,static_frozen,22,1320.0,22.0,4,disrupted,disrupted,3 22 23 65,3016,2.857142857142857,0.35,0.0,30.869958212648605,18.366666666666667,35,3,32,6.279220253889969,2.093073417963323,98.37599837325392,60.0,1380.0,0.0,0.0,0.0,21.334564200020395,0.0,0.0,98.37599837325392,1380.0,128.478414297784,1513.0314415933367,,,,False,False,not_attempted,0,0,0,0,37,11,0.2972972972972973,164.62473602810104,1308.0,False,,,False,8,0
pso,static_frozen,23,1380.0,23.0,4,disrupted,disrupted,3 22 23 65,3016,2.857142857142857,0.35,0.0,30.869958212648605,18.383333333333333,32,1,31,6.186521245707203,6.186521245707203,104.56251961896112,60.0,1440.0,0.0,0.0,0.0,21.334564200020395,0.0,0.0,104.56251961896112,1440.0,123.79912603078235,1350.795256269491,,,,False,False,not_attempted,0,0,0,0,16,9,0.5625,163.96029241207466,1308.0,False,,,False,8,0
pso,static_frozen,24,1440.0,24.0,4,disrupted,disrupted,3 22 23 65,3016,2.857142857142857,0.35,0.0,30.869958212648605,18.4,31,3,28,3.499941206950006,1.1666470689833355,108.06246082591113,60.0,1500.0,0.0,0.0,0.0,21.334564200020395,0.0,0.0,108.06246082591113,1500.0,117.3417717493979,1350.795256269491,,,,False,False,not_attempted,0,0,0,0,38,0,0.0,163.4354225104585,1456.0,False,,,False,8,0
pso,static_frozen,25,1500.0,25.0,5,disrupted,disrupted,3 22 23 65,3016,2.857142857142857,0.35,0.0,30.869958212648605,18.416666666666668,28,3,25,5.562031871276318,1.8540106237587726,113.62449269718745,60.0,1560.0,0.0,0.0,0.0,21.334564200020395,0.0,0.0,113.62449269718745,1560.0,114.7693046421383,1333.7847911865242,,,,False,False,not_attempted,0,0,0,0,18,7,0.3888888888888889,160.96005094475473,1456.0,False,,,False,8,0
pso,static_frozen,26,1560.0,26.0,5,disrupted,disrupted,3 22 23 65,3016,2.857142857142857,0.35,0.0,30.869958212648605,18.433333333333334,25,3,22,5.458548112886373,1.8195160376287909,119.08304081007383,60.0,1620.0,0.0,0.0,0.0,21.334564200020395,0.0,0.0,119.08304081007383,1620.0,109.38137028484466,1213.7847911865242,,,,False,False,not_attempted,0,0,0,0,15,5,0.3333333333333333,158.99803932103083,1577.0,False,,,False,8,0
pso,static_frozen,27,1620.0,27.0,5,disrupted,disrupted,3 22 23 65,3016,2.857142857142857,0.35,0.0,30.869958212648605,18.45,22,2,20,10.724653129018218,5.362326564509109,129.80769393909205,60.0,1680.0,0.0,0.0,0.0,21.334564200020395,0.0,0.0,129.80769393909205,1680.0,103.07208815613551,1213.7847911865242,,,,False,False,not_attempted,0,0,0,0,66,12,0.18181818181818182,158.9047059876975,1577.0,False,,,False,8,0
pso,static_frozen,28,1680.0,28.0,5,disrupted,disrupted,3 22 23 65,3016,2.857142857142857,0.35,0.0,30.869958212648605,18.466666666666665,20,3,17,9.06002058379841,3.0200068612661366,138.86771452289045,60.0,1740.0,0.0,0.0,0.0,21.334564200020395,0.0,0.0,138.86771452289045,1740.0,94.49977498744856,1153.0722586652341,,,,False,False,not_attempted,0,0,0,0,33,8,0.24242424242424243,158.06440247759357,1617.0,False,,,False,7,0
pso,static_frozen,29,1740.0,29.0,5,disrupted,disrupted,3 22 23 65,3016,2.857142857142857,0.35,0.0,30.869958212648605,18.483333333333334,17,3,14,3.7970769781007023,1.2656923260335675,142.66479150099116,60.0,1800.0,0.0,0.0,0.0,21.334564200020395,0.0,0.0,142.66479150099116,1800.0,85.60996433019353,1095.6244511039054,,,,False,False,not_attempted,0,0,0,0,31,4,0.12903225806451613,157.3934907907561,1716.0,False,,,False,6,0
pso,static_frozen,30,1800.0,30.0,6,recovering,recovering,3 22 23 65,3016,2.857142857142857,0.35,0.0,30.869958212648605,18.5,14,1,13,2.551868481709858,2.551868481709858,145.216659982701,60.0,1860.0,0.0,0.0,0.0,21.334564200020395,0.0,0.0,145.216659982701,1860.0,81.82759352335663,938.9059637117331,,,,False,False,not_attempted,0,0,0,0,28,3,0.10714285714285714,156.81552039188148,1716.0,False,,,False,6,0
pso,static_frozen,31,1860.0,31.0,6,recovering,recovering,3 22 23 65,3016,2.6595744680851063,0.376,0.04,31.243657601678347,18.516666666666666,13,3,10,3.492223123135121,1.1640743743783737,148.70888310583612,60.0,1920.0,0.0,0.0,0.0,21.334564200020395,0.0,0.0,148.70888310583612,1920.0,76.36979806840611,918.8562223696387,,,,False,False,not_attempted,0,0,0,0,12,6,0.5,155.4750642586826,1716.0,False,,,False,5,0
pso,static_frozen,32,1920.0,32.0,6,recovering,recovering,3 22 23 65,3016,2.4875621890547266,0.40199999999999997,0.08,31.576464128164858,18.533333333333335,10,3,7,6.150973552552183,2.0503245175173945,154.8598566583883,60.0,1980.0,0.0,0.0,0.0,21.334564200020395,0.0,0.0,154.8598566583883,1980.0,70.13143680274028,853.0963865802439,,,,False,False,not_attempted,0,0,0,0,35,6,0.17142857142857143,153.83743576171932,1842.0,False,,,False,5,0
pso,static_frozen,33,1980.0,33.0,6,recovering,recovering,3 22 23 65,3016,2.336448598130841,0.428,0.12,31.874741780209174,18.55,7,0,7,1.1172226671851713,1.1172226671851713,155.97707932557347,60.0,2040.0,0.0,0.0,0.0,21.334564200020395,0.0,0.0,155.97707932557347,2040.0,61.97116507557155,715.9011582105516,,,,False,False,not_attempted,0,0,0,0,5,1,0.2,153.4721349785305,1842.0,False,,,False,4,0
pso,static_frozen,34,2040.0,34.0,6,recovering,recovering,3 22 23 65,3016,2.2026431718061676,0.45399999999999996,0.16,32.14359913561627,18.566666666666666,7,2,5,1.1751072082279075,0.5875536041139537,157.15218653380137,60.0,2100.0,0.0,0.0,0.0,21.334564200020395,0.0,0.0,157.15218653380137,2100.0,58.82280374269547,705.1950397048317,,,,False,False,not_attempted,0,0,0,0,8,2,0.25,153.37880164519717,1991.0,False,,,False,2,0
pso,static_frozen,35,2100.0,35.0,7,recovering,recovering,3 22 23 65,3016,2.0833333333333335,0.48,0.2,32.38718437773333,18.583333333333332,5,2,3,1.5531277917900783,0.7765638958950392,158.70531432559144,60.0,2160.0,0.0,0.0,0.0,21.334564200020395,0.0,0.0,158.70531432559144,2160.0,55.78397895821297,650.8884231563155,,,,False,False,not_attempted,0,0,0,0,22,2,0.09090909090909091,153.36369604614677,1991.0,False,,,False,2,0
pso,static_frozen,36,2160.0,36.0,7,recovering,recovering,3 22 23 65,3016,1.976284584980237,0.506,0.24,32.60890085287041,18.6,3,0,3,1.1354320244026406,1.1354320244026406,159.84074634999408,60.0,2220.0,0.0,0.0,0.0,21.334564200020395,0.0,0.0,159.84074634999408,2220.0,52.543996865256155,590.6152684759298,,,,False,False,not_attempted,0,0,0,0,5,3,0.6,153.36369604614677,1991.0,False,,,False,2,0
pso,static_frozen,37,2220.0,37.0,7,recovering,recovering,3 22 23 65,3016,1.8796992481203008,0.532,0.28,32.811567064520624,18.616666666666667,3,0,3,1.6384886893687463,1.6384886893687463,161.47923503936283,60.0,2280.0,0.0,0.0,0.0,21.334564200020395,0.0,0.0,161.47923503936283,2280.0,49.886818916992354,543.7332328541785,,,,False,False,not_attempted,0,0,0,0,25,2,0.08,153.36369604614677,1991.0,False,,,False,2,0
pso,static_frozen,38,2280.0,38.0,7,recovering,recovering,3 22 23 65,3016,1.7921146953405016,0.558,0.32,32.99753712540496,18.633333333333333,3,1,2,2.2186287915188947,2.2186287915188947,163.69786383088172,60.0,2340.0,0.0,0.0,0.0,21.334564200020395,0.0,0.0,163.69786383088172,2340.0,46.60720633097897,483.2954380271784,,,,False,False,not_attempted,0,0,0,0,28,1,0.03571428571428571,153.36369604614677,1991.0,False,,,False,2,0
pso,static_frozen,39,2340.0,39.0,7,recovering,recovering,3 22 23 65,3016,1.7123287671232879,0.584,0.36,33.168792617820394,18.65,2,0,2,0.18666666666666665,0.18666666666666665,163.88453049754838,60.0,2400.0,0.0,0.0,0.0,21.334564200020395,0.0,0.0,163.88453049754838,2400.0,42.567386548544974,326.1932408236974,,,,False,False,not_attempted,0,0,0,0,0,0,0.0,153.36369604614677,1991.0,False,,,False,0,0
pso,static_frozen,40,2400.0,40.0,8,recovering,recovering,3 22 23 65,3016,1.639344262295082,0.61,0.4,33.32701347891001,18.666666666666668,2,2,0,42.72732254979126,21.36366127489563,206.61185304733965,399.21808776489877,2799.218087764899,0.0,0.0,0.0,21.334564200020395,0.0,0.0,206.61185304733965,2799.218087764899,41.13172585708598,328.0126207108653,,,,False,False,not_attempted,0,0,0,0,360,144,0.4,145.4712380088594,1996.0,True,,,False,0,0
ga,adaptive,0,0.0,0.0,0,normal,initial,3 22 23 65,0,1.0,1.0,0.0,34.78037077224997,18.0,84,0,84,17.649882122789972,17.649882122789972,17.649882122789972,60.0,60.0,8.482715899939649,17.265034900046885,25.747750799986534,25.747750799986534,0.0,0.0,17.649882122789972,60.0,137.0202222079973,2575.791665618115,,,,False,False,initial_plan,0,0,0,0,110,0,0.0,177.61134889028398,0.0,False,,,True,10,10
ga,adaptive,1,60.0,1.0,0,normal,normal,3 22 23 65,0,1.0,1.0,0.0,34.78037077224997,18.016666666666666,84,0,84,3.860832221189131,3.860832221189131,21.510714343979103,60.0,120.0,0.0,0.0,0.0,25.747750799986534,0.0,0.0,21.510714343979103,120.0,118.33481725358962,2408.508397267874,,,,False,False,not_attempted,0,0,0,0,48,0,0.0,176.09020652430007,0.0,False,,,False,10,10
ga,adaptive,2,120.0,2.0,0,normal,normal,3 22 23 65,0,1.0,1.0,0.0,34.78037077224997,18.033333333333335,84,5,79,5.469586054369472,1.0939172108738944,26.980300398348575,60.0,180.0,0.0,0.0,0.0,25.747750799986534,0.0,0.0,26.980300398348575,180.0,114.32039977398952,2408.508397267874,,,,False,False,not_attempted,0,0,0,0,54,0,0.0,174.7596401655785,230.0,False,,,False,10,5
ga,adaptive,3,180.0,3.0,0,normal,normal,3 22 23 65,0,1.0,1.0,0.0,34.78037077224997,18.05,79,2,77,7.011609396691212,3.505804698345606,33.99190979503979,60.0,240.0,0.0,0.0,0.0,25.747750799986534,0.0,0.0,33.99190979503979,240.0,109.00105004153725,2395.4649197227227,,,,False,False,not_attempted,0,0,0,0,102,0,0.0,174.34235459366602,230.0,False,,,False,10,3
ga,adaptive,4,240.0,4.0,0,normal,normal,3 22 23 65,0,1.0,1.0,0.0,34.78037077224997,18.066666666666666,77,0,77,7.1547879192985535,7.1547879192985535,41.146697714338345,60.0,300.0,0.0,0.0,0.0,25.747750799986534,0.0,0.0,41.146697714338345,300.0,102.22978058226929,2222.1724931702206,,,,False,False,not_attempted,0,0,0,0,63,0,0.0,173.4394704160569,230.0,False,,,False,10,3
ga,adaptive,5,300.0,5.0,1,normal,normal,3 22 23 65,0,1.0,1.0,0.0,34.78037077224997,18.083333333333332,77,3,74,2.675963325709791,0.891987775236597,43.82266104004813,60.0,360.0,10.544201600016095,1231.4470429000212,1241.9912445000373,1267.7389953000238,0.0,0.0,43.82266104004813,360.0,95.1717140869908,2222.1724931702206,95.1717140869908,106.01582479873737,-10.844110711746566,True,False,incumbent_not_worse,6,37,0,0,34,0,0.0,173.10775928116314,402.0,False,,,True,10,2
ga,adaptive,6,360.0,6.0,1,normal,normal,3 22 23 65,0,1.0,1.0,0.0,34.78037077224997,18.1,74,2,72,2.766193936465484,1.383096968232742,46.588854976513616,60.0,420.0,0.0,0.0,0.0,1267.7389953000238,0.0,0.0,46.588854976513616,420.0,92.60410325990152,2214.6116397759683,,,,False,False,not_attempted,0,0,0,0,81,0,0.0,173.0144259478298,422.0,False,,,False,10,1
ga,adaptive,7,420.0,7.0,1,normal,normal,3 22 23 65,0,1.0,1.0,0.0,34.78037077224997,18.116666666666667,72,4,68,4.347192794898818,1.0867981987247044,50.93604777141243,60.0,480.0,0.0,0.0,0.0,1267.7389953000238,0.0,0.0,50.93604777141243,480.0,89.92368642949396,2148.2053198083527,,,,False,False,not_attempted,0,0,0,0,87,0,0.0,171.7315048732715,422.0,False,,,False,10,0
ga,adaptive,8,480.0,8.0,1,normal,normal,3 22 23 65,0,1.0,1.0,0.0,34.78037077224997,18.133333333333333,68,2,66,2.5250093236515756,1.2625046618257878,53.46105709506401,60.0,540.0,0.0,0.0,0.0,1267.7389953000238,0.0,0.0,53.46105709506401,540.0,85.28714308081315,2087.667082619376,,,,False,False,not_attempted,0,0,0,0,64,0,0.0,171.63817153993816,647.0,False,,,False,10,0
ga,adaptive,9,540.0,9.0,1,normal,normal,3 22 23 65,0,1.0,1.0,0.0,34.78037077224997,18.15,66,4,62,3.0619730013422446,0.7654932503355611,56.52303009640625,60.0,600.0,0.0,0.0,0.0,1267.7389953000238,0.0,0.0,56.52303009640625,600.0,82.77007440456873,1959.541901191854,,,,False,False,not_attempted,0,0,0,0,70,0,0.0,171.54640459197284,647.0,False,,,False,10,0
ga,adaptive,10,600.0,10.0,2,degrading,degrading,3 22 23 65,0,1.0,1.0,0.0,34.78037077224997,18.166666666666668,62,3,59,4.390709018242486,1.4635696727474954,60.913739114648735,60.0,660.0,5.880009848624468e-05,511.1124197000172,511.1124785001157,1778.8514738001395,0.0,0.0,60.913739114648735,660.0,80.09411359828835,1959.541901191854,80.09411359828835,98.66077012937346,-18.566656531085115,True,False,incumbent_not_worse,6,35,0,0,80,0,0.0,171.29011539682318,647.0,False,,,True,10,0
ga,adaptive,11,660.0,11.0,2,degrading,degrading,3 22 23 65,3016,1.06951871657754,0.935,0.0,34.616227642784246,18.183333333333334,59,1,58,2.7460029137415,2.7460029137415,63.659742028390234,60.0,720.0,0.0,0.0,0.0,1778.8514738001395,0.0,0.0,63.659742028390234,720.0,79.2258702232631,1911.9682726412254,,,,False,False,not_attempted,0,0,0,0,45,16,0.35555555555555557,171.00102300959978,647.0,False,,,False,9,0
ga,adaptive,12,720.0,12.0,2,degrading,degrading,3 22 23 65,3016,1.1494252873563218,0.87,0.0,34.42946093125795,18.2,58,4,54,2.5946457134058813,0.6486614283514703,66.25438774179611,60.0,780.0,0.0,0.0,0.0,1778.8514738001395,0.0,0.0,66.25438774179611,780.0,81.33166865921564,1830.239889166176,,,,False,False,not_attempted,0,0,0,0,31,0,0.0,169.9712503230566,647.0,False,,,False,8,0
ga,adaptive,13,780.0,13.0,2,degrading,degrading,3 22 23 65,3016,1.2422360248447206,0.8049999999999999,0.0,34.21504719348918,18.216666666666665,54,2,52,2.7921973528033823,1.3960986764016912,69.0465850945995,60.0,840.0,0.0,0.0,0.0,1778.8514738001395,0.0,0.0,69.0465850945995,840.0,84.00168948645172,1850.185696295457,,,,False,False,not_attempted,0,0,0,0,39,0,0.0,168.6873506151558,822.0,False,,,False,8,0
ga,adaptive,14,840.0,14.0,2,degrading,degrading,3 22 23 65,3016,1.3513513513513513,0.74,0.0,33.96635687075199,18.233333333333334,52,3,49,2.064038857136418,0.688012952378806,71.11062395173592,60.0,900.0,0.0,0.0,0.0,1778.8514738001395,0.0,0.0,71.11062395173592,900.0,87.14632273120691,1753.6354965690714,,,,False,False,not_attempted,0,0,0,0,31,0,0.0,168.44749961377207,822.0,False,,,False,8,0
ga,adaptive,15,900.0,15.0,3,degrading,degrading,3 22 23 65,3016,1.4814814814814814,0.675,0.0,33.6744566342527,18.25,49,3,46,2.5242729268055437,0.8414243089351813,73.63489687854145,60.0,960.0,10.374190600006841,431.16759579989593,441.5417863999028,2220.3932602000423,0.0,0.0,73.63489687854145,960.0,92.64834658274032,1781.6015546731599,92.64834658274032,93.66336341796236,-1.015016835222042,True,False,incumbent_not_worse,2,9,0,0,52,0,0.0,168.39759137099304,822.0,False,,,True,8,0
ga,adaptive,16,960.0,16.0,3,degrading,degrading,3 22 23 65,3016,1.639344262295082,0.61,0.0,33.32701347891001,18.266666666666666,46,1,45,2.9346180792453946,2.9346180792453946,76.56951495778685,60.0,1020.0,0.0,0.0,0.0,2220.3932602000423,0.0,0.0,76.56951495778685,1020.0,98.0768753773406,1841.3824964255261,,,,False,False,not_attempted,0,0,0,0,53,0,0.0,168.04603203450077,822.0,False,,,False,8,0
ga,adaptive,17,1020.0,17.0,3,degrading,degrading,3 22 23 65,3016,1.8348623853211008,0.545,0.0,32.906507451761335,18.283333333333335,45,3,42,2.7523229824168336,0.9174409941389445,79.32183794020368,60.0,1080.0,0.0,0.0,0.0,2220.3932602000423,0.0,0.0,79.32183794020368,1080.0,104.90459880800682,1822.5285326723817,,,,False,False,not_attempted,0,0,0,0,46,0,0.0,167.78109863358927,943.0,False,,,False,8,0
ga,adaptive,18,1080.0,18.0,3,degrading,degrading,3 22 23 65,3016,2.0833333333333335,0.48,0.0,32.38718437773333,18.3,42,2,40,2.918646733831805,1.4593233669159025,82.24048467403549,60.0,1140.0,0.0,0.0,0.0,2220.3932602000423,0.0,0.0,82.24048467403549,1140.0,112.8964970339606,1987.2054909167357,,,,False,False,not_attempted,0,0,0,0,24,0,0.0,167.68776530025593,943.0,False,,,False,8,0
ga,adaptive,19,1140.0,19.0,3,degrading,degrading,3 22 23 65,3016,2.409638554216868,0.4149999999999999,0.0,31.72957427121698,18.316666666666666,40,3,37,1.6785804673921207,0.5595268224640403,83.91906514142761,60.0,1200.0,0.0,0.0,0.0,2220.3932602000423,0.0,0.0,83.91906514142761,1200.0,122.85771025529425,1883.6455119704822,,,,False,False,not_attempted,0,0,0,0,24,0,0.0,167.15027002620576,967.0,False,,,False,8,0
ga,adaptive,20,1200.0,20.0,4,disrupted,holding,3 22 23 65,3016,2.857142857142857,0.35,0.0,30.869958212648605,18.333333333333332,37,3,34,7.396846048414157,2.4656153494713857,91.31591118984177,60.0,1260.0,10.542572000063956,219.68666849995498,230.22924050001893,2450.622500700061,0.0,0.0,91.31591118984177,1260.0,121.17773452116825,1590.8051143006464,135.2201290359189,121.17773452116825,14.04239451475064,True,True,lower_residual_energy,2,6,2,6,35,9,0.2571428571428571,167.05693669287243,1016.0,False,,,True,10,0
ga,adaptive,21,1260.0,21.0,4,disrupted,disrupted,3 22 23 65,3016,2.857142857142857,0.35,0.0,30.869958212648605,18.35,34,2,32,6.3349489715718335,3.1674744857859167,97.6508601614136,60.0,1320.0,0.0,0.0,0.0,2450.622500700061,0.0,0.0,97.6508601614136,1320.0,113.29488183717322,1577.4098936108942,,,,False,False,not_attempted,0,0,0,0,49,7,0.14285714285714285,166.82514864374002,1016.0,False,,,False,9,0
ga,adaptive,22,1320.0,22.0,4,disrupted,disrupted,3 22 23 65,3016,2.857142857142857,0.35,0.0,30.869958212648605,18.366666666666667,32,4,28,4.659486104961889,1.1648715262404723,102.31034626637549,60.0,1380.0,0.0,0.0,0.0,2450.622500700061,0.0,0.0,102.31034626637549,1380.0,107.38168805612146,1468.0985889191568,,,,False,False,not_attempted,0,0,0,0,54,0,0.0,166.30240376299795,1118.0,False,,,False,9,0
ga,adaptive,23,1380.0,23.0,4,disrupted,disrupted,3 22 23 65,3016,2.857142857142857,0.35,0.0,30.869958212648605,18.383333333333333,28,3,25,1.9037208301046593,0.6345736100348864,104.21406709648015,60.0,1440.0,0.0,0.0,0.0,2450.622500700061,0.0,0.0,104.21406709648015,1440.0,102.40229949032734,1400.6165783155095,,,,False,False,not_attempted,0,0,0,0,9,0,0.0,166.20907042966462,1168.0,False,,,False,8,0
ga,adaptive,24,1440.0,24.0,4,disrupted,disrupted,3 22 23 65,3016,2.857142857142857,0.35,0.0,30.869958212648605,18.4,25,5,20,3.2382262879058326,0.6476452575811665,107.45229338438598,60.0,1500.0,0.0,0.0,0.0,2450.622500700061,0.0,0.0,107.45229338438598,1500.0,100.83692498889995,1398.0585008127937,,,,False,False,not_attempted,0,0,0,0,28,0,0.0,165.03587015065153,1236.0,False,,,False,7,0
ga,adaptive,25,1500.0,25.0,5,disrupted,disrupted,3 22 23 65,3016,2.857142857142857,0.35,0.0,30.869958212648605,18.416666666666668,20,1,19,6.9058475607781,6.9058475607781,114.35814094516408,60.0,1560.0,6.000010762363672e-05,13.274687700089999,13.274747700197622,2463.897248400259,0.0,0.0,114.35814094516408,1560.0,97.42243933217492,1285.745559109961,97.42243933217492,97.42243933217492,0.0,True,False,incumbent_not_worse,0,0,0,0,17,6,0.35294117647058826,163.06263264416773,1236.0,False,,,True,6,0
ga,adaptive,26,1560.0,26.0,5,disrupted,disrupted,3 22 23 65,3016,2.857142857142857,0.35,0.0,30.869958212648605,18.433333333333334,19,4,15,4.198289129078443,1.0495722822696107,118.55643007424253,60.0,1620.0,0.0,0.0,0.0,2463.897248400259,0.0,0.0,118.55643007424253,1620.0,90.32496668138778,1261.3778912841763,,,,False,False,not_attempted,0,0,0,0,25,3,0.12,162.9692993108344,1378.0,False,,,False,6,0
ga,adaptive,27,1620.0,27.0,5,disrupted,disrupted,3 22 23 65,3016,2.857142857142857,0.35,0.0,30.869958212648605,18.45,15,1,14,4.360893417221541,4.360893417221541,122.91732349146407,60.0,1680.0,0.0,0.0,0.0,2463.897248400259,0.0,0.0,122.91732349146407,1680.0,86.68696614411685,1218.7004300265426,,,,False,False,not_attempted,0,0,0,0,18,7,0.3888888888888889,161.91912889650737,1378.0,False,,,False,6,0
ga,adaptive,28,1680.0,28.0,5,disrupted,disrupted,3 22 23 65,3016,2.857142857142857,0.35,0.0,30.869958212648605,18.466666666666665,14,2,12,5.15856490517477,2.579282452587385,128.07588839663885,60.0,1740.0,0.0,0.0,0.0,2463.897248400259,0.0,0.0,128.07588839663885,1740.0,81.94051862723623,1108.2504674948057,,,,False,False,not_attempted,0,0,0,0,14,5,0.35714285714285715,161.5691989864068,1439.0,False,,,False,5,0
ga,adaptive,29,1740.0,29.0,5,disrupted,disrupted,3 22 23 65,3016,2.857142857142857,0.35,0.0,30.869958212648605,18.483333333333334,12,2,10,5.286355828516355,2.6431779142581777,133.3622442251552,60.0,1800.0,0.0,0.0,0.0,2463.897248400259,0.0,0.0,133.3622442251552,1800.0,77.03151470360481,1090.356341014025,,,,False,False,not_attempted,0,0,0,0,30,6,0.2,160.51998044525982,1439.0,False,,,False,4,0
ga,adaptive,30,1800.0,30.0,6,recovering,recovering,3 22 23 65,3016,2.857142857142857,0.35,0.0,30.869958212648605,18.5,10,2,8,1.17105912229988,0.58552956114994,134.53330334745507,60.0,1860.0,5.679996684193611e-05,2.940717100049369,2.940773900016211,2466.838022300275,0.0,0.0,134.53330334745507,1860.0,71.888500732576,1035.664562206499,71.888500732576,71.888500732576,0.0,True,False,incumbent_not_worse,0,0,0,0,13,2,0.15384615384615385,160.42664711192648,1439.0,False,,,True,3,0
ga,adaptive,31,1860.0,31.0,6,recovering,recovering,3 22 23 65,3016,2.6595744680851063,0.376,0.04,31.243657601678347,18.516666666666666,8,2,6,2.322805839156506,1.161402919578253,136.85610918661158,60.0,1920.0,0.0,0.0,0.0,2466.838022300275,0.0,0.0,136.85610918661158,1920.0,67.50627575981753,962.4562552828216,,,,False,False,not_attempted,0,0,0,0,12,5,0.4166666666666667,158.908708547575,1678.0,False,,,False,3,0
ga,adaptive,32,1920.0,32.0,6,recovering,recovering,3 22 23 65,3016,2.4875621890547266,0.40199999999999997,0.08,31.576464128164858,18.533333333333335,6,0,6,0.7069708656490229,0.7069708656490229,137.5630800522606,60.0,1980.0,0.0,0.0,0.0,2466.838022300275,0.0,0.0,137.5630800522606,1980.0,62.52851640462071,903.6737818463657,,,,False,False,not_attempted,0,0,0,0,0,0,0.0,158.51646988352084,1678.0,False,,,False,2,0
ga,adaptive,33,1980.0,33.0,6,recovering,recovering,3 22 23 65,3016,2.336448598130841,0.428,0.12,31.874741780209174,18.55,6,1,5,0.25018667338977457,0.25018667338977457,137.81326672565038,60.0,2040.0,0.0,0.0,0.0,2466.838022300275,0.0,0.0,137.81326672565038,2040.0,59.681990110203394,781.4393790418836,,,,False,False,not_attempted,0,0,0,0,0,0,0.0,158.4231365501875,1678.0,False,,,False,2,0
ga,adaptive,34,2040.0,34.0,6,recovering,recovering,3 22 23 65,3016,2.2026431718061676,0.45399999999999996,0.16,32.14359913561627,18.566666666666666,5,2,3,3.8101427271543926,1.9050713635771963,141.62340945280476,60.0,2100.0,0.0,0.0,0.0,2466.838022300275,0.0,0.0,141.62340945280476,2100.0,57.25237811831484,779.4608990255801,,,,False,False,not_attempted,0,0,0,0,13,11,0.8461538461538461,154.99952819723035,1678.0,False,,,False,2,0
ga,adaptive,35,2100.0,35.0,7,recovering,recovering,3 22 23 65,3016,2.0833333333333335,0.48,0.2,32.38718437773333,18.583333333333332,3,0,3,1.1155480036840826,1.1155480036840826,142.73895745648883,60.0,2160.0,10.341948100016452,2.163945199921727,12.50589329993818,2479.343915600213,0.0,0.0,142.73895745648883,2160.0,51.39020019361231,722.0606994963606,51.39020019361231,51.39020019361231,0.0,True,False,incumbent_not_worse,0,0,0,0,7,1,0.14285714285714285,154.51067061529668,1678.0,False,,,True,2,0
ga,adaptive,36,2160.0,36.0,7,recovering,recovering,3 22 23 65,3016,1.976284584980237,0.506,0.24,32.60890085287041,18.6,3,0,3,0.4946250308254282,0.4946250308254282,143.23358248731427,60.0,2220.0,0.0,0.0,0.0,2479.343915600213,0.0,0.0,143.23358248731427,2220.0,48.227064757464504,640.1209972683098,,,,False,False,not_attempted,0,0,0,0,0,0,0.0,154.41733728196334,1678.0,False,,,False,2,0
ga,adaptive,37,2220.0,37.0,7,recovering,recovering,3 22 23 65,3016,1.8796992481203008,0.532,0.28,32.811567064520624,18.616666666666667,3,1,2,0.9014458085992298,0.9014458085992298,144.1350282959135,60.0,2280.0,0.0,0.0,0.0,2479.343915600213,0.0,0.0,144.1350282959135,2280.0,46.22282639603645,537.0887293366901,,,,False,False,not_attempted,0,0,0,0,3,3,1.0,153.6092248066974,1718.0,False,,,False,1,0
ga,adaptive,38,2280.0,38.0,7,recovering,recovering,3 22 23 65,3016,1.7921146953405016,0.558,0.32,32.99753712540496,18.633333333333333,2,1,1,0.13538978208057445,0.13538978208057445,144.27041807799407,60.0,2340.0,0.0,0.0,0.0,2479.343915600213,0.0,0.0,144.27041807799407,2340.0,43.561760319884826,536.5698173723656,,,,False,False,not_attempted,0,0,0,0,0,0,0.0,153.51589147336406,1718.0,False,,,False,0,0
ga,adaptive,39,2340.0,39.0,7,recovering,recovering,3 22 23 65,3016,1.7123287671232879,0.584,0.36,33.168792617820394,18.65,1,1,0,38.65174516973948,38.65174516973948,182.92216324773352,575.5278632821817,2915.527863282182,0.0,0.0,0.0,2479.343915600213,0.0,0.0,182.92216324773352,2915.527863282182,42.0122540231344,536.097109898015,,,,False,False,not_attempted,0,0,0,0,401,72,0.17955112219451372,146.8313243125856,1937.0,True,,,False,0,0
ga,static_live,0,0.0,0.0,0,normal,initial,3 22 23 65,0,1.0,1.0,0.0,34.78037077224997,18.0,84,0,84,17.649882122789972,17.649882122789972,17.649882122789972,60.0,60.0,8.482715899939649,17.265034900046885,25.747750799986534,25.747750799986534,0.0,0.0,17.649882122789972,60.0,137.0202222079973,2575.791665618115,,,,False,False,initial_plan,0,0,0,0,110,0,0.0,177.61134889028398,0.0,False,,,True,10,10
ga,static_live,1,60.0,1.0,0,normal,normal,3 22 23 65,0,1.0,1.0,0.0,34.78037077224997,18.016666666666666,84,0,84,3.860832221189131,3.860832221189131,21.510714343979103,60.0,120.0,0.0,0.0,0.0,25.747750799986534,0.0,0.0,21.510714343979103,120.0,118.33481725358962,2408.508397267874,,,,False,False,not_attempted,0,0,0,0,48,0,0.0,176.09020652430007,0.0,False,,,False,10,10
ga,static_live,2,120.0,2.0,0,normal,normal,3 22 23 65,0,1.0,1.0,0.0,34.78037077224997,18.033333333333335,84,5,79,5.469586054369472,1.0939172108738944,26.980300398348575,60.0,180.0,0.0,0.0,0.0,25.747750799986534,0.0,0.0,26.980300398348575,180.0,114.32039977398952,2408.508397267874,,,,False,False,not_attempted,0,0,0,0,54,0,0.0,174.7596401655785,230.0,False,,,False,10,5
ga,static_live,3,180.0,3.0,0,normal,normal,3 22 23 65,0,1.0,1.0,0.0,34.78037077224997,18.05,79,2,77,7.011609396691212,3.505804698345606,33.99190979503979,60.0,240.0,0.0,0.0,0.0,25.747750799986534,0.0,0.0,33.99190979503979,240.0,109.00105004153725,2395.4649197227227,,,,False,False,not_attempted,0,0,0,0,102,0,0.0,174.34235459366602,230.0,False,,,False,10,3
ga,static_live,4,240.0,4.0,0,normal,normal,3 22 23 65,0,1.0,1.0,0.0,34.78037077224997,18.066666666666666,77,0,77,7.1547879192985535,7.1547879192985535,41.146697714338345,60.0,300.0,0.0,0.0,0.0,25.747750799986534,0.0,0.0,41.146697714338345,300.0,102.22978058226929,2222.1724931702206,,,,False,False,not_attempted,0,0,0,0,63,0,0.0,173.4394704160569,230.0,False,,,False,10,3
ga,static_live,5,300.0,5.0,1,normal,normal,3 22 23 65,0,1.0,1.0,0.0,34.78037077224997,18.083333333333332,77,3,74,2.675963325709791,0.891987775236597,43.82266104004813,60.0,360.0,0.0,0.0,0.0,25.747750799986534,0.0,0.0,43.82266104004813,360.0,95.1717140869908,2222.1724931702206,,,,False,False,not_attempted,0,0,0,0,34,0,0.0,173.10775928116314,402.0,False,,,False,10,2
ga,static_live,6,360.0,6.0,1,normal,normal,3 22 23 65,0,1.0,1.0,0.0,34.78037077224997,18.1,74,2,72,2.766193936465484,1.383096968232742,46.588854976513616,60.0,420.0,0.0,0.0,0.0,25.747750799986534,0.0,0.0,46.588854976513616,420.0,92.60410325990152,2214.6116397759683,,,,False,False,not_attempted,0,0,0,0,81,0,0.0,173.0144259478298,422.0,False,,,False,10,1
ga,static_live,7,420.0,7.0,1,normal,normal,3 22 23 65,0,1.0,1.0,0.0,34.78037077224997,18.116666666666667,72,4,68,4.347192794898818,1.0867981987247044,50.93604777141243,60.0,480.0,0.0,0.0,0.0,25.747750799986534,0.0,0.0,50.93604777141243,480.0,89.92368642949396,2148.2053198083527,,,,False,False,not_attempted,0,0,0,0,87,0,0.0,171.7315048732715,422.0,False,,,False,10,0
ga,static_live,8,480.0,8.0,1,normal,normal,3 22 23 65,0,1.0,1.0,0.0,34.78037077224997,18.133333333333333,68,2,66,2.5250093236515756,1.2625046618257878,53.46105709506401,60.0,540.0,0.0,0.0,0.0,25.747750799986534,0.0,0.0,53.46105709506401,540.0,85.28714308081315,2087.667082619376,,,,False,False,not_attempted,0,0,0,0,64,0,0.0,171.63817153993816,647.0,False,,,False,10,0
ga,static_live,9,540.0,9.0,1,normal,normal,3 22 23 65,0,1.0,1.0,0.0,34.78037077224997,18.15,66,4,62,3.0619730013422446,0.7654932503355611,56.52303009640625,60.0,600.0,0.0,0.0,0.0,25.747750799986534,0.0,0.0,56.52303009640625,600.0,82.77007440456873,1959.541901191854,,,,False,False,not_attempted,0,0,0,0,70,0,0.0,171.54640459197284,647.0,False,,,False,10,0
ga,static_live,10,600.0,10.0,2,degrading,degrading,3 22 23 65,0,1.0,1.0,0.0,34.78037077224997,18.166666666666668,62,3,59,4.390709018242486,1.4635696727474954,60.913739114648735,60.0,660.0,0.0,0.0,0.0,25.747750799986534,0.0,0.0,60.913739114648735,660.0,80.09411359828835,1959.541901191854,,,,False,False,not_attempted,0,0,0,0,80,0,0.0,171.29011539682318,647.0,False,,,False,10,0
ga,static_live,11,660.0,11.0,2,degrading,degrading,3 22 23 65,3016,1.06951871657754,0.935,0.0,34.616227642784246,18.183333333333334,59,1,58,2.7460029137415,2.7460029137415,63.659742028390234,60.0,720.0,0.0,0.0,0.0,25.747750799986534,0.0,0.0,63.659742028390234,720.0,79.2258702232631,1911.9682726412254,,,,False,False,not_attempted,0,0,0,0,45,16,0.35555555555555557,171.00102300959978,647.0,False,,,False,9,0
ga,static_live,12,720.0,12.0,2,degrading,degrading,3 22 23 65,3016,1.1494252873563218,0.87,0.0,34.42946093125795,18.2,58,4,54,2.5946457134058813,0.6486614283514703,66.25438774179611,60.0,780.0,0.0,0.0,0.0,25.747750799986534,0.0,0.0,66.25438774179611,780.0,81.33166865921564,1830.239889166176,,,,False,False,not_attempted,0,0,0,0,31,0,0.0,169.9712503230566,647.0,False,,,False,8,0
ga,static_live,13,780.0,13.0,2,degrading,degrading,3 22 23 65,3016,1.2422360248447206,0.8049999999999999,0.0,34.21504719348918,18.216666666666665,54,2,52,2.7921973528033823,1.3960986764016912,69.0465850945995,60.0,840.0,0.0,0.0,0.0,25.747750799986534,0.0,0.0,69.0465850945995,840.0,84.00168948645172,1850.185696295457,,,,False,False,not_attempted,0,0,0,0,39,0,0.0,168.6873506151558,822.0,False,,,False,8,0
ga,static_live,14,840.0,14.0,2,degrading,degrading,3 22 23 65,3016,1.3513513513513513,0.74,0.0,33.96635687075199,18.233333333333334,52,3,49,2.064038857136418,0.688012952378806,71.11062395173592,60.0,900.0,0.0,0.0,0.0,25.747750799986534,0.0,0.0,71.11062395173592,900.0,87.14632273120691,1753.6354965690714,,,,False,False,not_attempted,0,0,0,0,31,0,0.0,168.44749961377207,822.0,False,,,False,8,0
ga,static_live,15,900.0,15.0,3,degrading,degrading,3 22 23 65,3016,1.4814814814814814,0.675,0.0,33.6744566342527,18.25,49,3,46,2.5242729268055437,0.8414243089351813,73.63489687854145,60.0,960.0,0.0,0.0,0.0,25.747750799986534,0.0,0.0,73.63489687854145,960.0,92.64834658274032,1781.6015546731599,,,,False,False,not_attempted,0,0,0,0,52,0,0.0,168.39759137099304,822.0,False,,,False,8,0
ga,static_live,16,960.0,16.0,3,degrading,degrading,3 22 23 65,3016,1.639344262295082,0.61,0.0,33.32701347891001,18.266666666666666,46,1,45,2.9346180792453946,2.9346180792453946,76.56951495778685,60.0,1020.0,0.0,0.0,0.0,25.747750799986534,0.0,0.0,76.56951495778685,1020.0,98.0768753773406,1841.3824964255261,,,,False,False,not_attempted,0,0,0,0,53,0,0.0,168.04603203450077,822.0,False,,,False,8,0
ga,static_live,17,1020.0,17.0,3,degrading,degrading,3 22 23 65,3016,1.8348623853211008,0.545,0.0,32.906507451761335,18.283333333333335,45,3,42,2.7523229824168336,0.9174409941389445,79.32183794020368,60.0,1080.0,0.0,0.0,0.0,25.747750799986534,0.0,0.0,79.32183794020368,1080.0,104.90459880800682,1822.5285326723817,,,,False,False,not_attempted,0,0,0,0,46,0,0.0,167.78109863358927,943.0,False,,,False,8,0
ga,static_live,18,1080.0,18.0,3,degrading,degrading,3 22 23 65,3016,2.0833333333333335,0.48,0.0,32.38718437773333,18.3,42,2,40,2.918646733831805,1.4593233669159025,82.24048467403549,60.0,1140.0,0.0,0.0,0.0,25.747750799986534,0.0,0.0,82.24048467403549,1140.0,112.8964970339606,1987.2054909167357,,,,False,False,not_attempted,0,0,0,0,24,0,0.0,167.68776530025593,943.0,False,,,False,8,0
ga,static_live,19,1140.0,19.0,3,degrading,degrading,3 22 23 65,3016,2.409638554216868,0.4149999999999999,0.0,31.72957427121698,18.316666666666666,40,3,37,1.6785804673921207,0.5595268224640403,83.91906514142761,60.0,1200.0,0.0,0.0,0.0,25.747750799986534,0.0,0.0,83.91906514142761,1200.0,122.85771025529425,1883.6455119704822,,,,False,False,not_attempted,0,0,0,0,24,0,0.0,167.15027002620576,967.0,False,,,False,8,0
ga,static_live,20,1200.0,20.0,4,disrupted,holding,3 22 23 65,3016,2.857142857142857,0.35,0.0,30.869958212648605,18.333333333333332,37,3,34,3.8719607848249114,1.2906535949416371,87.79102592625252,60.0,1260.0,0.0,0.0,0.0,25.747750799986534,0.0,0.0,87.79102592625252,1260.0,135.2201290359189,1966.821319239191,,,,False,False,not_attempted,0,0,0,0,22,1,0.045454545454545456,167.05693669287243,1016.0,False,,,False,8,0
ga,static_live,21,1260.0,21.0,4,disrupted,disrupted,3 22 23 65,3016,2.857142857142857,0.35,0.0,30.869958212648605,18.35,34,2,32,4.473907788357633,2.2369538941788165,92.26493371461015,60.0,1320.0,0.0,0.0,0.0,25.747750799986534,0.0,0.0,92.26493371461015,1320.0,131.1054201954886,1966.821319239191,,,,False,False,not_attempted,0,0,0,0,41,4,0.0975609756097561,166.82514864374002,1016.0,False,,,False,8,0
ga,static_live,22,1320.0,22.0,4,disrupted,disrupted,3 22 23 65,3016,2.857142857142857,0.35,0.0,30.869958212648605,18.366666666666667,32,3,29,3.7526025095355755,1.2508675031785252,96.01753622414573,60.0,1380.0,0.0,0.0,0.0,25.747750799986534,0.0,0.0,96.01753622414573,1380.0,126.85326157873857,1790.0280039438064,,,,False,False,not_attempted,0,0,0,0,38,0,0.0,166.30240376299795,1118.0,False,,,False,8,0
ga,static_live,23,1380.0,23.0,4,disrupted,disrupted,3 22 23 65,3016,2.857142857142857,0.35,0.0,30.869958212648605,18.383333333333333,29,3,26,1.8120077029584052,0.6040025676528017,97.82954392710414,60.0,1440.0,0.0,0.0,0.0,25.747750799986534,0.0,0.0,97.82954392710414,1440.0,122.76920278583935,1790.0280039438064,,,,False,False,not_attempted,0,0,0,0,9,0,0.0,166.20907042966462,1168.0,False,,,False,8,0
ga,static_live,24,1440.0,24.0,4,disrupted,disrupted,3 22 23 65,3016,2.857142857142857,0.35,0.0,30.869958212648605,18.4,26,5,21,4.1139198343447765,0.8227839668689553,101.94346376144891,60.0,1500.0,0.0,0.0,0.0,25.747750799986534,0.0,0.0,101.94346376144891,1500.0,121.39049495107864,1787.4699264410904,,,,False,False,not_attempted,0,0,0,0,35,0,0.0,165.03587015065153,1236.0,False,,,False,8,0
ga,static_live,25,1500.0,25.0,5,disrupted,disrupted,3 22 23 65,3016,2.857142857142857,0.35,0.0,30.869958212648605,18.416666666666668,21,0,21,7.563285952191713,7.563285952191713,109.50674971364063,60.0,1560.0,0.0,0.0,0.0,25.747750799986534,0.0,0.0,109.50674971364063,1560.0,116.96756828815438,1650.789316912473,,,,False,False,not_attempted,0,0,0,0,25,6,0.24,163.06263264416773,1236.0,False,,,False,6,0
ga,static_live,26,1560.0,26.0,5,disrupted,disrupted,3 22 23 65,3016,2.857142857142857,0.35,0.0,30.869958212648605,18.433333333333334,21,4,17,3.9486601170757183,0.9871650292689296,113.45540983071635,60.0,1620.0,0.0,0.0,0.0,25.747750799986534,0.0,0.0,113.45540983071635,1620.0,109.14815172748644,1650.789316912473,,,,False,False,not_attempted,0,0,0,0,25,3,0.12,162.9692993108344,1318.0,False,,,False,6,0
ga,static_live,27,1620.0,27.0,5,disrupted,disrupted,3 22 23 65,3016,2.857142857142857,0.35,0.0,30.869958212648605,18.45,17,1,16,2.815987775234567,2.815987775234567,116.27139760595091,60.0,1680.0,0.0,0.0,0.0,25.747750799986534,0.0,0.0,116.27139760595091,1680.0,105.71551630072204,1608.1118556548392,,,,False,False,not_attempted,0,0,0,0,9,3,0.3333333333333333,162.08552665103107,1318.0,False,,,False,4,0
ga,static_live,28,1680.0,28.0,5,disrupted,disrupted,3 22 23 65,3016,2.857142857142857,0.35,0.0,30.869958212648605,18.466666666666665,16,3,13,3.214107999293812,1.0713693330979372,119.48550560524473,60.0,1740.0,0.0,0.0,0.0,25.747750799986534,0.0,0.0,119.48550560524473,1740.0,102.86693447267761,1479.767766642322,,,,False,False,not_attempted,0,0,0,0,4,4,1.0,161.99219331769774,1382.0,False,,,False,3,0
ga,static_live,29,1740.0,29.0,5,disrupted,disrupted,3 22 23 65,3016,2.857142857142857,0.35,0.0,30.869958212648605,18.483333333333334,13,3,10,3.6946016180659824,1.2315338726886609,123.18010722331071,60.0,1800.0,0.0,0.0,0.0,25.747750799986534,0.0,0.0,123.18010722331071,1800.0,99.81972027865861,1479.767766642322,,,,False,False,not_attempted,0,0,0,0,33,7,0.21212121212121213,159.59048631844803,1382.0,False,,,False,3,0
ga,static_live,30,1800.0,30.0,6,recovering,recovering,3 22 23 65,3016,2.857142857142857,0.35,0.0,30.869958212648605,18.5,10,0,10,4.997937870859186,4.997937870859186,128.1780450941699,60.0,1860.0,0.0,0.0,0.0,25.747750799986534,0.0,0.0,128.1780450941699,1860.0,95.8789304599828,1429.208352212492,,,,False,False,not_attempted,0,0,0,0,30,8,0.26666666666666666,155.73326787909966,1382.0,False,,,False,3,0
ga,static_live,31,1860.0,31.0,6,recovering,recovering,3 22 23 65,3016,2.6595744680851063,0.376,0.04,31.243657601678347,18.516666666666666,10,0,10,1.3618742377883422,1.3618742377883422,129.53991933195823,60.0,1920.0,0.0,0.0,0.0,25.747750799986534,0.0,0.0,129.53991933195823,1920.0,86.93372947023492,1347.3983856125374,,,,False,False,not_attempted,0,0,0,0,9,3,0.3333333333333333,155.63993454576632,1382.0,False,,,False,3,0
ga,static_live,32,1920.0,32.0,6,recovering,recovering,3 22 23 65,3016,2.4875621890547266,0.40199999999999997,0.08,31.576464128164858,18.533333333333335,10,2,8,1.0250702787747552,0.5125351393873776,130.564989610733,60.0,1980.0,0.0,0.0,0.0,25.747750799986534,0.0,0.0,130.564989610733,1980.0,81.99934725025518,1197.8158764499742,,,,False,False,not_attempted,0,0,0,0,3,3,1.0,155.53811272156068,1468.0,False,,,False,3,0
ga,static_live,33,1980.0,33.0,6,recovering,recovering,3 22 23 65,3016,2.336448598130841,0.428,0.12,31.874741780209174,18.55,8,1,7,5.943222214948449,5.943222214948449,136.50821182568143,60.0,2040.0,0.0,0.0,0.0,25.747750799986534,0.0,0.0,136.50821182568143,2040.0,76.93808122104839,1021.6695233701832,,,,False,False,not_attempted,0,0,0,0,17,17,1.0,154.44963462825962,1468.0,False,,,False,3,0
ga,static_live,34,2040.0,34.0,6,recovering,recovering,3 22 23 65,3016,2.2026431718061676,0.45399999999999996,0.16,32.14359913561627,18.566666666666666,7,0,7,1.772716051262212,1.772716051262212,138.28092787694365,60.0,2100.0,0.0,0.0,0.0,25.747750799986534,0.0,0.0,138.28092787694365,2100.0,67.9456651618724,1045.9670797260083,,,,False,False,not_attempted,0,0,0,0,22,2,0.09090909090909091,154.35630129492628,1468.0,False,,,False,3,0
ga,static_live,35,2100.0,35.0,7,recovering,recovering,3 22 23 65,3016,2.0833333333333335,0.48,0.2,32.38718437773333,18.583333333333332,7,1,6,2.0044448094741485,2.0044448094741485,140.2853726864178,60.0,2160.0,0.0,0.0,0.0,25.747750799986534,0.0,0.0,140.2853726864178,2160.0,63.43934214452974,970.458638599441,,,,False,False,not_attempted,0,0,0,0,18,4,0.2222222222222222,153.25616745862624,1607.0,False,,,False,3,0
ga,static_live,36,2160.0,36.0,7,recovering,recovering,3 22 23 65,3016,1.976284584980237,0.506,0.24,32.60890085287041,18.6,6,0,6,2.9064625167098095,2.9064625167098095,143.1918352031276,60.0,2220.0,0.0,0.0,0.0,25.747750799986534,0.0,0.0,143.1918352031276,2220.0,58.476714124205685,798.321551218853,,,,False,False,not_attempted,0,0,0,0,11,8,0.7272727272727273,150.7792251936501,1607.0,False,,,False,2,0
ga,static_live,37,2220.0,37.0,7,recovering,recovering,3 22 23 65,3016,1.8796992481203008,0.532,0.28,32.811567064520624,18.616666666666667,6,1,5,0.2244553492731576,0.2244553492731576,143.41629055240077,60.0,2280.0,0.0,0.0,0.0,25.747750799986534,0.0,0.0,143.41629055240077,2280.0,52.706360309998665,638.4041305360416,,,,False,False,not_attempted,0,0,0,0,0,0,0.0,150.68589186031676,1635.0,False,,,False,2,0
ga,static_live,38,2280.0,38.0,7,recovering,recovering,3 22 23 65,3016,1.7921146953405016,0.558,0.32,32.99753712540496,18.633333333333333,5,2,3,1.607713604689864,0.803856802344932,145.02400415709064,60.0,2340.0,0.0,0.0,0.0,25.747750799986534,0.0,0.0,145.02400415709064,2340.0,49.959566943569925,624.682833397188,,,,False,False,not_attempted,0,0,0,0,9,9,1.0,150.09904365420812,1725.0,False,,,False,2,0
ga,static_live,39,2340.0,39.0,7,recovering,recovering,3 22 23 65,3016,1.7123287671232879,0.584,0.36,33.168792617820394,18.65,3,0,3,0.5585008845825703,0.5585008845825703,145.58250504167322,60.0,2400.0,0.0,0.0,0.0,25.747750799986534,0.0,0.0,145.58250504167322,2400.0,45.95061767140138,578.9312555707951,,,,False,False,not_attempted,0,0,0,0,1,1,1.0,149.71075833394076,1725.0,False,,,False,2,0
ga,static_live,40,2400.0,40.0,8,recovering,recovering,3 22 23 65,3016,1.639344262295082,0.61,0.4,33.32701347891001,18.666666666666668,3,0,3,0.18666666666666665,0.18666666666666665,145.76917170833988,60.0,2460.0,0.0,0.0,0.0,25.747750799986534,0.0,0.0,145.76917170833988,2460.0,43.223110324625054,535.6646987985272,,,,False,False,not_attempted,0,0,0,0,0,0,0.0,149.61742500060743,1725.0,False,,,False,1,0
ga,static_live,41,2460.0,41.0,8,recovering,recovering,3 22 23 65,3016,1.572327044025157,0.636,0.44,33.473633293615485,18.683333333333334,3,2,1,1.0401719880025888,0.5200859940012944,146.80934369634247,60.0,2520.0,0.0,0.0,0.0,25.747750799986534,0.0,0.0,146.80934369634247,2520.0,41.250430130792104,535.2676420656642,,,,False,False,not_attempted,0,0,0,0,7,7,1.0,149.60795776073022,1937.0,False,,,False,1,0
ga,static_live,42,2520.0,42.0,8,recovering,recovering,3 22 23 65,3016,1.5105740181268883,0.6619999999999999,0.48,33.609882855206216,18.7,1,0,1,1.5800547573067578,1.5800547573067578,148.38939845364922,60.0,2580.0,0.0,0.0,0.0,25.747750799986534,0.0,0.0,148.38939845364922,2580.0,38.363157531478876,639.8750588413668,,,,False,False,not_attempted,0,0,0,0,10,10,1.0,149.60795776073022,1937.0,False,,,False,1,0
ga,static_live,43,2580.0,43.0,8,recovering,recovering,3 22 23 65,3016,1.4534883720930234,0.688,0.52,33.7368247985553,18.716666666666665,1,0,1,1.417307339882701,1.417307339882701,149.80670579353193,60.0,2640.0,0.0,0.0,0.0,25.747750799986534,0.0,0.0,149.80670579353193,2640.0,34.88087610121693,636.3266199410465,,,,False,False,not_attempted,0,0,0,0,8,8,1.0,149.60795776073022,1937.0,False,,,False,1,0
ga,static_live,44,2640.0,44.0,8,recovering,recovering,3 22 23 65,3016,1.400560224089636,0.714,0.56,33.85538137013096,18.733333333333334,1,0,1,0.553366553195476,0.553366553195476,150.3600723467274,60.0,2700.0,0.0,0.0,0.0,25.747750799986534,0.0,0.0,150.3600723467274,2700.0,31.972915033618666,633.036610764559,,,,False,False,not_attempted,0,0,0,0,2,2,1.0,149.60795776073022,1937.0,False,,,False,1,0
ga,static_live,45,2700.0,45.0,9,recovering,recovering,3 22 23 65,3016,1.3513513513513513,0.74,0.6,33.96635687075199,18.75,1,0,1,0.09333333333333332,0.09333333333333332,150.45340568006074,60.0,2760.0,0.0,0.0,0.0,25.747750799986534,0.0,0.0,150.45340568006074,2760.0,29.963620608971542,629.9777914220952,,,,False,False,not_attempted,0,0,0,0,0,0,0.0,149.60795776073022,1937.0,False,,,False,0,0
ga,static_live,46,2760.0,46.0,9,recovering,recovering,3 22 23 65,3016,1.3054830287206267,0.766,0.64,34.07045592643944,18.766666666666666,1,1,0,25.77300355291036,25.77300355291036,176.2264092329711,638.4572910169841,3398.457291016984,0.0,0.0,0.0,25.747750799986534,0.0,0.0,176.2264092329711,3398.457291016984,28.65163234191365,627.1266203900857,,,,False,False,not_attempted,0,0,0,0,403,87,0.21588089330024815,145.70986450512908,1937.0,True,,,False,0,0
ga,static_frozen,0,0.0,0.0,0,normal,initial,3 22 23 65,0,1.0,1.0,0.0,34.78037077224997,18.0,84,0,84,17.649882122789972,17.649882122789972,17.649882122789972,60.0,60.0,8.482715899939649,17.265034900046885,25.747750799986534,25.747750799986534,0.0,0.0,17.649882122789972,60.0,137.0202222079973,2575.791665618115,,,,False,False,initial_plan,0,0,0,0,110,0,0.0,177.61134889028398,0.0,False,,,True,10,10
ga,static_frozen,1,60.0,1.0,0,normal,normal,3 22 23 65,0,1.0,1.0,0.0,34.78037077224997,18.016666666666666,84,0,84,3.860832221189131,3.860832221189131,21.510714343979103,60.0,120.0,0.0,0.0,0.0,25.747750799986534,0.0,0.0,21.510714343979103,120.0,118.33481725358962,2408.508397267874,,,,False,False,not_attempted,0,0,0,0,48,0,0.0,176.09020652430007,0.0,False,,,False,10,10
ga,static_frozen,2,120.0,2.0,0,normal,normal,3 22 23 65,0,1.0,1.0,0.0,34.78037077224997,18.033333333333335,84,5,79,5.469586054369472,1.0939172108738944,26.980300398348575,60.0,180.0,0.0,0.0,0.0,25.747750799986534,0.0,0.0,26.980300398348575,180.0,114.32039977398952,2408.508397267874,,,,False,False,not_attempted,0,0,0,0,54,0,0.0,174.7596401655785,230.0,False,,,False,10,5
ga,static_frozen,3,180.0,3.0,0,normal,normal,3 22 23 65,0,1.0,1.0,0.0,34.78037077224997,18.05,79,2,77,7.011609396691212,3.505804698345606,33.99190979503979,60.0,240.0,0.0,0.0,0.0,25.747750799986534,0.0,0.0,33.99190979503979,240.0,109.00105004153725,2395.4649197227227,,,,False,False,not_attempted,0,0,0,0,102,0,0.0,174.34235459366602,230.0,False,,,False,10,3
ga,static_frozen,4,240.0,4.0,0,normal,normal,3 22 23 65,0,1.0,1.0,0.0,34.78037077224997,18.066666666666666,77,0,77,7.1547879192985535,7.1547879192985535,41.146697714338345,60.0,300.0,0.0,0.0,0.0,25.747750799986534,0.0,0.0,41.146697714338345,300.0,102.22978058226929,2222.1724931702206,,,,False,False,not_attempted,0,0,0,0,63,0,0.0,173.4394704160569,230.0,False,,,False,10,3
ga,static_frozen,5,300.0,5.0,1,normal,normal,3 22 23 65,0,1.0,1.0,0.0,34.78037077224997,18.083333333333332,77,3,74,2.675963325709791,0.891987775236597,43.82266104004813,60.0,360.0,0.0,0.0,0.0,25.747750799986534,0.0,0.0,43.82266104004813,360.0,95.1717140869908,2222.1724931702206,,,,False,False,not_attempted,0,0,0,0,34,0,0.0,173.10775928116314,402.0,False,,,False,10,2
ga,static_frozen,6,360.0,6.0,1,normal,normal,3 22 23 65,0,1.0,1.0,0.0,34.78037077224997,18.1,74,2,72,2.766193936465484,1.383096968232742,46.588854976513616,60.0,420.0,0.0,0.0,0.0,25.747750799986534,0.0,0.0,46.588854976513616,420.0,92.60410325990152,2214.6116397759683,,,,False,False,not_attempted,0,0,0,0,81,0,0.0,173.0144259478298,422.0,False,,,False,10,1
ga,static_frozen,7,420.0,7.0,1,normal,normal,3 22 23 65,0,1.0,1.0,0.0,34.78037077224997,18.116666666666667,72,4,68,4.347192794898818,1.0867981987247044,50.93604777141243,60.0,480.0,0.0,0.0,0.0,25.747750799986534,0.0,0.0,50.93604777141243,480.0,89.92368642949396,2148.2053198083527,,,,False,False,not_attempted,0,0,0,0,87,0,0.0,171.7315048732715,422.0,False,,,False,10,0
ga,static_frozen,8,480.0,8.0,1,normal,normal,3 22 23 65,0,1.0,1.0,0.0,34.78037077224997,18.133333333333333,68,2,66,2.5250093236515756,1.2625046618257878,53.46105709506401,60.0,540.0,0.0,0.0,0.0,25.747750799986534,0.0,0.0,53.46105709506401,540.0,85.28714308081315,2087.667082619376,,,,False,False,not_attempted,0,0,0,0,64,0,0.0,171.63817153993816,647.0,False,,,False,10,0
ga,static_frozen,9,540.0,9.0,1,normal,normal,3 22 23 65,0,1.0,1.0,0.0,34.78037077224997,18.15,66,4,62,3.0619730013422446,0.7654932503355611,56.52303009640625,60.0,600.0,0.0,0.0,0.0,25.747750799986534,0.0,0.0,56.52303009640625,600.0,82.77007440456873,1959.541901191854,,,,False,False,not_attempted,0,0,0,0,70,0,0.0,171.54640459197284,647.0,False,,,False,10,0
ga,static_frozen,10,600.0,10.0,2,degrading,degrading,3 22 23 65,0,1.0,1.0,0.0,34.78037077224997,18.166666666666668,62,3,59,4.390709018242486,1.4635696727474954,60.913739114648735,60.0,660.0,0.0,0.0,0.0,25.747750799986534,0.0,0.0,60.913739114648735,660.0,80.09411359828835,1959.541901191854,,,,False,False,not_attempted,0,0,0,0,80,0,0.0,171.29011539682318,647.0,False,,,False,10,0
ga,static_frozen,11,660.0,11.0,2,degrading,degrading,3 22 23 65,3016,1.06951871657754,0.935,0.0,34.616227642784246,18.183333333333334,59,1,58,2.7554517920919626,2.7554517920919626,63.669190906740695,60.0,720.0,0.0,0.0,0.0,25.747750799986534,0.0,0.0,63.669190906740695,720.0,79.2258702232631,1911.9682726412254,,,,False,False,not_attempted,0,0,0,0,47,18,0.3829787234042553,171.00102300959978,647.0,False,,,False,9,0
ga,static_frozen,12,720.0,12.0,2,degrading,degrading,3 22 23 65,3016,1.1494252873563218,0.87,0.0,34.42946093125795,18.2,58,4,54,2.5946457134058813,0.6486614283514703,66.26383662014658,60.0,780.0,0.0,0.0,0.0,25.747750799986534,0.0,0.0,66.26383662014658,780.0,81.33166865921564,1830.239889166176,,,,False,False,not_attempted,0,0,0,0,31,0,0.0,169.9712503230566,647.0,False,,,False,8,0
ga,static_frozen,13,780.0,13.0,2,degrading,degrading,3 22 23 65,3016,1.2422360248447206,0.8049999999999999,0.0,34.21504719348918,18.216666666666665,54,2,52,2.7868067952145243,1.3934033976072622,69.05064341536111,60.0,840.0,0.0,0.0,0.0,25.747750799986534,0.0,0.0,69.05064341536111,840.0,84.00168948645172,1850.185696295457,,,,False,False,not_attempted,0,0,0,0,39,0,0.0,168.6873506151558,822.0,False,,,False,8,0
ga,static_frozen,14,840.0,14.0,2,degrading,degrading,3 22 23 65,3016,1.3513513513513513,0.74,0.0,33.96635687075199,18.233333333333334,52,3,49,2.064038857136418,0.688012952378806,71.11468227249753,60.0,900.0,0.0,0.0,0.0,25.747750799986534,0.0,0.0,71.11468227249753,900.0,87.14632273120691,1753.6354965690714,,,,False,False,not_attempted,0,0,0,0,31,0,0.0,168.44749961377207,822.0,False,,,False,8,0
ga,static_frozen,15,900.0,15.0,3,degrading,degrading,3 22 23 65,3016,1.4814814814814814,0.675,0.0,33.6744566342527,18.25,49,3,46,2.5242729268055437,0.8414243089351813,73.63895519930307,60.0,960.0,0.0,0.0,0.0,25.747750799986534,0.0,0.0,73.63895519930307,960.0,92.64834658274032,1781.6015546731599,,,,False,False,not_attempted,0,0,0,0,52,0,0.0,168.39759137099304,822.0,False,,,False,8,0
ga,static_frozen,16,960.0,16.0,3,degrading,degrading,3 22 23 65,3016,1.639344262295082,0.61,0.0,33.32701347891001,18.266666666666666,46,1,45,2.9346180792453946,2.9346180792453946,76.57357327854847,60.0,1020.0,0.0,0.0,0.0,25.747750799986534,0.0,0.0,76.57357327854847,1020.0,98.0768753773406,1841.3824964255261,,,,False,False,not_attempted,0,0,0,0,53,0,0.0,168.04603203450077,822.0,False,,,False,8,0
ga,static_frozen,17,1020.0,17.0,3,degrading,degrading,3 22 23 65,3016,1.8348623853211008,0.545,0.0,32.906507451761335,18.283333333333335,45,3,42,2.7523229824168336,0.9174409941389445,79.3258962609653,60.0,1080.0,0.0,0.0,0.0,25.747750799986534,0.0,0.0,79.3258962609653,1080.0,104.90459880800682,1822.5285326723817,,,,False,False,not_attempted,0,0,0,0,46,0,0.0,167.78109863358927,943.0,False,,,False,8,0
ga,static_frozen,18,1080.0,18.0,3,degrading,degrading,3 22 23 65,3016,2.0833333333333335,0.48,0.0,32.38718437773333,18.3,42,2,40,2.918646733831805,1.4593233669159025,82.2445429947971,60.0,1140.0,0.0,0.0,0.0,25.747750799986534,0.0,0.0,82.2445429947971,1140.0,112.8964970339606,1987.2054909167357,,,,False,False,not_attempted,0,0,0,0,24,0,0.0,167.68776530025593,943.0,False,,,False,8,0
ga,static_frozen,19,1140.0,19.0,3,degrading,degrading,3 22 23 65,3016,2.409638554216868,0.4149999999999999,0.0,31.72957427121698,18.316666666666666,40,3,37,1.6785804673921207,0.5595268224640403,83.92312346218922,60.0,1200.0,0.0,0.0,0.0,25.747750799986534,0.0,0.0,83.92312346218922,1200.0,122.85771025529425,1883.6455119704822,,,,False,False,not_attempted,0,0,0,0,24,0,0.0,167.15027002620576,967.0,False,,,False,8,0
ga,static_frozen,20,1200.0,20.0,4,disrupted,holding,3 22 23 65,3016,2.857142857142857,0.35,0.0,30.869958212648605,18.333333333333332,37,3,34,3.8719607848249114,1.2906535949416371,87.79508424701413,60.0,1260.0,0.0,0.0,0.0,25.747750799986534,0.0,0.0,87.79508424701413,1260.0,135.2201290359189,1966.821319239191,,,,False,False,not_attempted,0,0,0,0,22,1,0.045454545454545456,167.05693669287243,1016.0,False,,,False,8,0
ga,static_frozen,21,1260.0,21.0,4,disrupted,disrupted,3 22 23 65,3016,2.857142857142857,0.35,0.0,30.869958212648605,18.35,34,2,32,4.473907788357633,2.2369538941788165,92.26899203537177,60.0,1320.0,0.0,0.0,0.0,25.747750799986534,0.0,0.0,92.26899203537177,1320.0,131.1054201954886,1966.821319239191,,,,False,False,not_attempted,0,0,0,0,41,4,0.0975609756097561,166.82514864374002,1016.0,False,,,False,8,0
ga,static_frozen,22,1320.0,22.0,4,disrupted,disrupted,3 22 23 65,3016,2.857142857142857,0.35,0.0,30.869958212648605,18.366666666666667,32,3,29,4.120091314275675,1.3733637714252251,96.38908334964744,60.0,1380.0,0.0,0.0,0.0,25.747750799986534,0.0,0.0,96.38908334964744,1380.0,126.85326157873857,1790.0280039438064,,,,False,False,not_attempted,0,0,0,0,37,1,0.02702702702702703,166.30240376299795,1118.0,False,,,False,8,0
ga,static_frozen,23,1380.0,23.0,4,disrupted,disrupted,3 22 23 65,3016,2.857142857142857,0.35,0.0,30.869958212648605,18.383333333333333,29,3,26,1.8120077029584052,0.6040025676528017,98.20109105260585,60.0,1440.0,0.0,0.0,0.0,25.747750799986534,0.0,0.0,98.20109105260585,1440.0,122.76920278583935,1790.0280039438064,,,,False,False,not_attempted,0,0,0,0,9,0,0.0,166.20907042966462,1168.0,False,,,False,8,0
ga,static_frozen,24,1440.0,24.0,4,disrupted,disrupted,3 22 23 65,3016,2.857142857142857,0.35,0.0,30.869958212648605,18.4,26,5,21,4.1800438607371015,0.8360087721474203,102.38113491334295,60.0,1500.0,0.0,0.0,0.0,25.747750799986534,0.0,0.0,102.38113491334295,1500.0,121.39049495107864,1787.4699264410904,,,,False,False,not_attempted,0,0,0,0,36,1,0.027777777777777776,165.03587015065153,1236.0,False,,,False,8,0
ga,static_frozen,25,1500.0,25.0,5,disrupted,disrupted,3 22 23 65,3016,2.857142857142857,0.35,0.0,30.869958212648605,18.416666666666668,21,0,21,9.201149640153513,9.201149640153513,111.58228455349646,60.0,1560.0,0.0,0.0,0.0,25.747750799986534,0.0,0.0,111.58228455349646,1560.0,117.04975657055621,1650.789316912473,,,,False,False,not_attempted,0,0,0,0,30,11,0.36666666666666664,163.06263264416773,1236.0,False,,,False,6,0
ga,static_frozen,26,1560.0,26.0,5,disrupted,disrupted,3 22 23 65,3016,2.857142857142857,0.35,0.0,30.869958212648605,18.433333333333334,21,4,17,3.341878748483062,0.8354696871207655,114.92416330197953,60.0,1620.0,0.0,0.0,0.0,25.747750799986534,0.0,0.0,114.92416330197953,1620.0,108.96148506081977,1650.789316912473,,,,False,False,not_attempted,0,0,0,0,25,3,0.12,162.9692993108344,1318.0,False,,,False,6,0
ga,static_frozen,27,1620.0,27.0,5,disrupted,disrupted,3 22 23 65,3016,2.857142857142857,0.35,0.0,30.869958212648605,18.45,17,2,15,3.378446765219568,1.689223382609784,118.3026100671991,60.0,1680.0,0.0,0.0,0.0,25.747750799986534,0.0,0.0,118.3026100671991,1680.0,105.71551630072204,1608.1118556548392,,,,False,False,not_attempted,0,0,0,0,10,4,0.4,162.08552665103107,1318.0,False,,,False,4,0
ga,static_frozen,28,1680.0,28.0,5,disrupted,disrupted,3 22 23 65,3016,2.857142857142857,0.35,0.0,30.869958212648605,18.466666666666665,15,2,13,4.3622308171863216,2.1811154085931608,122.66484088438541,60.0,1740.0,0.0,0.0,0.0,25.747750799986534,0.0,0.0,122.66484088438541,1740.0,101.17331773554294,1479.767766642322,,,,False,False,not_attempted,0,0,0,0,7,7,1.0,158.97745124743716,1382.0,False,,,False,3,0
ga,static_frozen,29,1740.0,29.0,5,disrupted,disrupted,3 22 23 65,3016,2.857142857142857,0.35,0.0,30.869958212648605,18.483333333333334,13,3,10,4.904673736384026,1.6348912454613418,127.56951462076944,60.0,1800.0,0.0,0.0,0.0,25.747750799986534,0.0,0.0,127.56951462076944,1800.0,100.24574797450593,1479.767766642322,,,,False,False,not_attempted,0,0,0,0,36,10,0.2777777777777778,155.2051372417508,1382.0,False,,,False,3,0
ga,static_frozen,30,1800.0,30.0,6,recovering,recovering,3 22 23 65,3016,2.857142857142857,0.35,0.0,30.869958212648605,18.5,10,0,10,4.017339490947386,4.017339490947386,131.58685411171683,60.0,1860.0,0.0,0.0,0.0,25.747750799986534,0.0,0.0,131.58685411171683,1860.0,94.79031506311362,1429.208352212492,,,,False,False,not_attempted,0,0,0,0,28,6,0.21428571428571427,152.32851718231424,1382.0,False,,,False,3,0
ga,static_frozen,31,1860.0,31.0,6,recovering,recovering,3 22 23 65,3016,2.6595744680851063,0.376,0.04,31.243657601678347,18.516666666666666,10,0,10,1.3618742377883422,1.3618742377883422,132.9487283495052,60.0,1920.0,0.0,0.0,0.0,25.747750799986534,0.0,0.0,132.9487283495052,1920.0,86.93372947023492,1347.3983856125374,,,,False,False,not_attempted,0,0,0,0,9,3,0.3333333333333333,152.2351838489809,1382.0,False,,,False,3,0
ga,static_frozen,32,1920.0,32.0,6,recovering,recovering,3 22 23 65,3016,2.4875621890547266,0.40199999999999997,0.08,31.576464128164858,18.533333333333335,10,2,8,1.388045335059905,0.6940226675299525,134.3367736845651,60.0,1980.0,0.0,0.0,0.0,25.747750799986534,0.0,0.0,134.3367736845651,1980.0,81.99934725025518,1197.8158764499742,,,,False,False,not_attempted,0,0,0,0,4,4,1.0,151.7703869684901,1468.0,False,,,False,3,0
ga,static_frozen,33,1980.0,33.0,6,recovering,recovering,3 22 23 65,3016,2.336448598130841,0.428,0.12,31.874741780209174,18.55,8,1,7,5.926590175521465,5.926590175521465,140.26336386008654,60.0,2040.0,0.0,0.0,0.0,25.747750799986534,0.0,0.0,140.26336386008654,2040.0,76.57926747376179,1021.6695233701832,,,,False,False,not_attempted,0,0,0,0,17,17,1.0,151.01054265569098,1468.0,False,,,False,3,0
ga,static_frozen,34,2040.0,34.0,6,recovering,recovering,3 22 23 65,3016,2.2026431718061676,0.45399999999999996,0.16,32.14359913561627,18.566666666666666,7,0,7,2.6845021576346415,2.6845021576346415,142.9478660177212,60.0,2100.0,0.0,0.0,0.0,25.747750799986534,0.0,0.0,142.9478660177212,2100.0,68.44962854159853,1055.409259942785,,,,False,False,not_attempted,0,0,0,0,23,7,0.30434782608695654,150.91720932235765,1468.0,False,,,False,3,0
ga,static_frozen,35,2100.0,35.0,7,recovering,recovering,3 22 23 65,3016,2.0833333333333335,0.48,0.2,32.38718437773333,18.583333333333332,7,1,6,2.973732250544642,2.973732250544642,145.92159826826583,60.0,2160.0,0.0,0.0,0.0,25.747750799986534,0.0,0.0,145.92159826826583,2160.0,63.435552372083535,900.5859428868798,,,,False,False,not_attempted,0,0,0,0,12,8,0.6666666666666666,149.36643582710587,1607.0,False,,,False,3,0
ga,static_frozen,36,2160.0,36.0,7,recovering,recovering,3 22 23 65,3016,1.976284584980237,0.506,0.24,32.60890085287041,18.6,6,0,6,2.25302672398658,2.25302672398658,148.1746249922524,60.0,2220.0,0.0,0.0,0.0,25.747750799986534,0.0,0.0,148.1746249922524,2220.0,57.7401029044105,710.8056180249009,,,,False,False,not_attempted,0,0,0,0,6,6,1.0,147.30007576978593,1607.0,False,,,False,2,0
ga,static_frozen,37,2220.0,37.0,7,recovering,recovering,3 22 23 65,3016,1.8796992481203008,0.532,0.28,32.811567064520624,18.616666666666667,6,2,4,1.3448321445933897,0.6724160722966949,149.5194571368458,60.0,2280.0,0.0,0.0,0.0,25.747750799986534,0.0,0.0,149.5194571368458,2280.0,52.706360309998665,638.4041305360416,,,,False,False,not_attempted,0,0,0,0,6,6,1.0,147.2067424364526,1635.0,False,,,False,2,0
ga,static_frozen,38,2280.0,38.0,7,recovering,recovering,3 22 23 65,3016,1.7921146953405016,0.558,0.32,32.99753712540496,18.633333333333333,4,1,3,1.0006314192886294,1.0006314192886294,150.52008855613443,60.0,2340.0,0.0,0.0,0.0,25.747750799986534,0.0,0.0,150.52008855613443,2340.0,48.70707024257278,536.5698173723656,,,,False,False,not_attempted,0,0,0,0,4,4,1.0,146.29944435049734,1725.0,False,,,False,2,0
ga,static_frozen,39,2340.0,39.0,7,recovering,recovering,3 22 23 65,3016,1.7123287671232879,0.584,0.36,33.168792617820394,18.65,3,1,2,0.25486661608660854,0.25486661608660854,150.77495517222104,60.0,2400.0,0.0,0.0,0.0,25.747750799986534,0.0,0.0,150.77495517222104,2400.0,45.34944531944875,536.097109898015,,,,False,False,not_attempted,0,0,0,0,1,1,1.0,146.206111017164,1725.0,False,,,False,1,0
ga,static_frozen,40,2400.0,40.0,8,recovering,recovering,3 22 23 65,3016,1.639344262295082,0.61,0.4,33.32701347891001,18.666666666666668,2,1,1,2.4257183420590525,2.4257183420590525,153.20067351428008,60.0,2460.0,0.0,0.0,0.0,25.747750799986534,0.0,0.0,153.20067351428008,2460.0,43.166099849620004,535.6646987985272,,,,False,False,not_attempted,0,0,0,0,16,16,1.0,146.12373160837086,1937.0,False,,,False,1,0
ga,static_frozen,41,2460.0,41.0,8,recovering,recovering,3 22 23 65,3016,1.572327044025157,0.636,0.44,33.473633293615485,18.683333333333334,1,0,1,1.7411756693365745,1.7411756693365745,154.94184918361665,60.0,2520.0,0.0,0.0,0.0,25.747750799986534,0.0,0.0,154.94184918361665,2520.0,39.71706046060007,535.2676420656642,,,,False,False,not_attempted,0,0,0,0,12,12,1.0,146.12373160837086,1937.0,False,,,False,1,0
ga,static_frozen,42,2520.0,42.0,8,recovering,recovering,3 22 23 65,3016,1.5105740181268883,0.6619999999999999,0.48,33.609882855206216,18.7,1,0,1,1.4974207550475687,1.4974207550475687,156.4392699386642,60.0,2580.0,0.0,0.0,0.0,25.747750799986534,0.0,0.0,156.4392699386642,2580.0,36.73630461554688,639.8750588413668,,,,False,False,not_attempted,0,0,0,0,6,6,1.0,146.12373160837086,1937.0,False,,,False,1,0
ga,static_frozen,43,2580.0,43.0,8,recovering,recovering,3 22 23 65,3016,1.4534883720930234,0.688,0.52,33.7368247985553,18.716666666666665,1,0,1,0.5646407676631335,0.5646407676631335,157.00391070632733,60.0,2640.0,0.0,0.0,0.0,25.747750799986534,0.0,0.0,157.00391070632733,2640.0,33.526389032766964,636.3266199410465,,,,False,False,not_attempted,0,0,0,0,2,2,1.0,146.12373160837086,1937.0,False,,,False,1,0
ga,static_frozen,44,2640.0,44.0,8,recovering,recovering,3 22 23 65,3016,1.400560224089636,0.714,0.56,33.85538137013096,18.733333333333334,1,0,1,0.09333333333333332,0.09333333333333332,157.09724403966067,60.0,2700.0,0.0,0.0,0.0,25.747750799986534,0.0,0.0,157.09724403966067,2700.0,31.375125257893714,633.036610764559,,,,False,False,not_attempted,0,0,0,0,0,0,0.0,146.12373160837086,1937.0,False,,,False,0,0
ga,static_frozen,45,2700.0,45.0,9,recovering,recovering,3 22 23 65,3016,1.3513513513513513,0.74,0.6,33.96635687075199,18.75,1,1,0,26.764316057609747,26.764316057609747,183.8615600972704,525.6229301962617,3225.6229301962617,0.0,0.0,0.0,25.747750799986534,0.0,0.0,183.8615600972704,3225.6229301962617,29.963620608971542,629.9777914220952,,,,False,False,not_attempted,0,0,0,0,358,137,0.38268156424581007,141.89960608137542,1937.0,True,,,False,0,0
