method,policy,epoch,elapsed_min,n,cumulative_energy_kwh_mean,cumulative_energy_kwh_std,cumulative_energy_kwh_min,cumulative_energy_kwh_max,cumulative_operating_s_mean,cumulative_operating_s_std,cumulative_operating_s_min,cumulative_operating_s_max,cumulative_planning_runtime_s_mean,cumulative_planning_runtime_s_std,cumulative_planning_runtime_s_min,cumulative_planning_runtime_s_max,latency_adjusted_energy_kwh_mean,latency_adjusted_energy_kwh_std,latency_adjusted_energy_kwh_min,latency_adjusted_energy_kwh_max
aco,adaptive,0,0.0,10,18.680839634308786,0.0,18.680839634308786,18.680839634308786,60.0,0.0,60.0,60.0,31.84011709992774,0.0,31.84011709992774,31.84011709992774,18.680839634308786,0.0,18.680839634308786,18.680839634308786
aco,adaptive,1,1.0,10,23.44890122770917,0.0,23.44890122770917,23.44890122770917,120.0,0.0,120.0,120.0,31.84011709992774,0.0,31.84011709992774,31.84011709992774,23.44890122770917,0.0,23.44890122770917,23.44890122770917
aco,adaptive,2,2.0,10,28.755198680519733,0.0,28.75519868051973,28.75519868051973,180.0,0.0,180.0,180.0,31.84011709992774,0.0,31.84011709992774,31.84011709992774,28.755198680519733,0.0,28.75519868051973,28.75519868051973
aco,adaptive,3,3.0,10,33.41526457852969,0.0,33.41526457852969,33.41526457852969,240.0,0.0,240.0,240.0,31.84011709992774,0.0,31.84011709992774,31.84011709992774,33.41526457852969,0.0,33.41526457852969,33.41526457852969
aco,adaptive,4,4.0,10,36.43978128070112,0.0,36.43978128070112,36.43978128070112,300.0,0.0,300.0,300.0,31.84011709992774,0.0,31.84011709992774,31.84011709992774,36.43978128070112,0.0,36.43978128070112,36.43978128070112
aco,adaptive,5,5.0,10,39.30771540054432,0.0,39.30771540054432,39.30771540054432,360.0,0.0,360.0,360.0,258.9864950699266,1.9431066146552693,254.7523776999442,261.2810268998146,39.30771540054432,0.0,39.30771540054432,39.30771540054432
aco,adaptive,6,6.0,10,42.82760875349523,0.0,42.82760875349523,42.82760875349523,420.0,0.0,420.0,420.0,258.9864950699266,1.9431066146552693,254.7523776999442,261.2810268998146,42.82760875349523,0.0,42.82760875349523,42.82760875349523
aco,adaptive,7,7.0,10,46.91926083485265,0.0,46.91926083485265,46.91926083485265,480.0,0.0,480.0,480.0,258.9864950699266,1.9431066146552693,254.7523776999442,261.2810268998146,46.91926083485265,0.0,46.91926083485265,46.91926083485265
aco,adaptive,8,8.0,10,48.86578930116977,0.0,48.86578930116977,48.86578930116977,540.0,0.0,540.0,540.0,258.9864950699266,1.9431066146552693,254.7523776999442,261.2810268998146,48.86578930116977,0.0,48.86578930116977,48.86578930116977
aco,adaptive,9,9.0,10,52.71229306871688,0.0,52.71229306871688,52.71229306871688,600.0,0.0,600.0,600.0,258.9864950699266,1.9431066146552693,254.7523776999442,261.2810268998146,52.71229306871688,0.0,52.71229306871688,52.71229306871688
aco,adaptive,10,10.0,10,54.95292495241339,0.0,54.95292495241339,54.95292495241339,660.0,0.0,660.0,660.0,389.99901384988334,2.6347472831426333,386.6269457999151,396.0465285998071,54.95292495241339,0.0,54.95292495241339,54.95292495241339
aco,adaptive,11,11.0,10,56.74795344012017,0.03694503623785959,56.70959216876123,56.81740084646847,720.0,0.0,720.0,720.0,389.99901384988334,2.6347472831426333,386.6269457999151,396.0465285998071,56.74795344012017,0.03694503623785959,56.70959216876123,56.81740084646847
aco,adaptive,12,12.0,10,59.06673802930525,0.1362796806362767,58.792998136994605,59.22706373294715,780.0,0.0,780.0,780.0,389.99901384988334,2.6347472831426333,386.6269457999151,396.0465285998071,59.06673802930525,0.1362796806362767,58.792998136994605,59.22706373294715
aco,adaptive,13,13.0,10,60.96086413875305,0.19268124621376576,60.549349122436,61.19904201197824,840.0,0.0,840.0,840.0,389.99901384988334,2.6347472831426333,386.6269457999151,396.0465285998071,60.96086413875305,0.19268124621376576,60.549349122436,61.19904201197824
aco,adaptive,14,14.0,10,62.607043988955226,0.26195761324975486,62.16605069573129,62.98594375226432,900.0,0.0,900.0,900.0,389.99901384988334,2.6347472831426333,386.6269457999151,396.0465285998071,62.607043988955226,0.26195761324975486,62.16605069573129,62.98594375226432
aco,adaptive,15,15.0,10,63.93666935978697,0.6506410638134894,63.06162173720701,65.52324991529709,960.0,0.0,960.0,960.0,499.38032605990304,7.600678894289655,490.0219699998852,518.9216026997892,63.93666935978697,0.6506410638134894,63.06162173720701,65.52324991529709
aco,adaptive,16,16.0,10,67.26324127235151,1.166143874511873,65.86746434316974,69.93474742555806,1020.0,0.0,1020.0,1020.0,499.38032605990304,7.600678894289655,490.0219699998852,518.9216026997892,67.26324127235151,1.166143874511873,65.86746434316974,69.93474742555806
aco,adaptive,17,17.0,10,72.54757522488785,1.6306729619147333,70.40755362421662,75.04506126182244,1080.0,0.0,1080.0,1080.0,499.38032605990304,7.600678894289655,490.0219699998852,518.9216026997892,72.54757522488785,1.6306729619147333,70.40755362421662,75.04506126182244
aco,adaptive,18,18.0,10,75.86196304239488,1.7087545291451993,73.51138432351061,78.83808207896465,1140.0,0.0,1140.0,1140.0,499.38032605990304,7.600678894289655,490.0219699998852,518.9216026997892,75.86196304239488,1.7087545291451993,73.51138432351061,78.83808207896465
aco,adaptive,19,19.0,10,79.13560885219016,2.646037568645838,75.76610867432406,84.37443068488163,1200.0,0.0,1200.0,1200.0,499.38032605990304,7.600678894289655,490.0219699998852,518.9216026997892,79.13560885219016,2.646037568645838,75.76610867432406,84.37443068488163
aco,adaptive,20,20.0,10,82.70695167320261,3.9334793435224285,78.40987545136838,90.64814344093976,1260.0,0.0,1260.0,1260.0,590.6169252398889,11.157618148939296,570.2454947998049,607.7169390998315,82.70695167320261,3.9334793435224285,78.40987545136838,90.64814344093976
aco,adaptive,21,21.0,10,85.15119061855029,4.894426913589623,79.91768944822029,94.72258373311648,1320.0,0.0,1320.0,1320.0,590.6169252398889,11.157618148939296,570.2454947998049,607.7169390998315,85.15119061855029,4.894426913589623,79.91768944822029,94.72258373311648
aco,adaptive,22,22.0,10,87.8856562835395,4.452307019432376,83.82952310116178,96.31906215514957,1380.0,0.0,1380.0,1380.0,590.6169252398889,11.157618148939296,570.2454947998049,607.7169390998315,87.8856562835395,4.452307019432376,83.82952310116178,96.31906215514957
aco,adaptive,23,23.0,10,91.09686852870836,5.483782641977475,85.69430340930815,102.515574946792,1440.0,0.0,1440.0,1440.0,590.6169252398889,11.157618148939296,570.2454947998049,607.7169390998315,91.09686852870836,5.483782641977475,85.69430340930815,102.515574946792
aco,adaptive,24,24.0,10,93.47766514694914,6.12448704704219,87.73486752063313,104.91510568582532,1500.0,0.0,1500.0,1500.0,590.6169252398889,11.157618148939296,570.2454947998049,607.7169390998315,93.47766514694914,6.12448704704219,87.73486752063313,104.91510568582532
aco,adaptive,25,25.0,10,95.83995760056192,5.347943991518978,91.6183001347703,105.97747635909052,1560.0,0.0,1560.0,1560.0,622.4438376698643,11.864488557527691,600.3367386998143,638.5865404997021,95.83995760056192,5.347943991518978,91.6183001347703,105.97747635909052
aco,adaptive,26,26.0,10,98.85419609421524,4.822269622200416,94.58567988946145,108.57950956150904,1620.0,0.0,1620.0,1620.0,622.4438376698643,11.864488557527691,600.3367386998143,638.5865404997021,98.85419609421524,4.822269622200416,94.58567988946145,108.57950956150904
aco,adaptive,27,27.0,10,102.1155666609084,4.945894993393872,96.35511353777508,111.95065585427936,1680.0,0.0,1680.0,1680.0,622.4438376698643,11.864488557527691,600.3367386998143,638.5865404997021,102.1155666609084,4.945894993393872,96.35511353777508,111.95065585427936
aco,adaptive,28,28.0,10,105.12326639219108,5.2874063795095525,100.65182358337329,116.6650109127384,1740.0,0.0,1740.0,1740.0,622.4438376698643,11.864488557527691,600.3367386998143,638.5865404997021,105.12326639219108,5.2874063795095525,100.65182358337329,116.6650109127384
aco,adaptive,29,29.0,10,107.46384245304803,5.3791241493052055,101.69585716751868,118.8367443669717,1800.0,0.0,1800.0,1800.0,622.4438376698643,11.864488557527691,600.3367386998143,638.5865404997021,107.46384245304803,5.3791241493052055,101.69585716751868,118.8367443669717
aco,adaptive,30,30.0,10,110.49129458685479,5.94838624395146,103.85552821008064,120.15961903616925,1860.0,0.0,1860.0,1860.0,637.3077860698337,15.673503289689684,611.1319851997541,660.2685438998742,110.49129458685479,5.94838624395146,103.85552821008064,120.15961903616925
aco,adaptive,31,31.0,10,112.70819457767456,6.327947873524123,105.12774313727944,123.32587805630668,1920.0,0.0,1920.0,1920.0,637.3077860698337,15.673503289689684,611.1319851997541,660.2685438998742,112.70819457767456,6.327947873524123,105.12774313727944,123.32587805630668
aco,adaptive,32,32.0,10,114.76186870860928,6.574398580050305,106.10039538119564,125.28069700602953,1980.0,0.0,1980.0,1980.0,637.3077860698337,15.673503289689684,611.1319851997541,660.2685438998742,114.76186870860928,6.574398580050305,106.10039538119564,125.28069700602953
aco,adaptive,33,33.0,10,117.52553142196741,7.747082230978445,107.04740208127242,131.80718424002026,2040.0,0.0,2040.0,2040.0,637.3077860698337,15.673503289689684,611.1319851997541,660.2685438998742,117.52553142196741,7.747082230978445,107.04740208127242,131.80718424002026
aco,adaptive,34,34.0,10,119.58257981184163,8.457606009928519,110.50786286085985,136.90415759035838,2100.0,0.0,2100.0,2100.0,637.3077860698337,15.673503289689684,611.1319851997541,660.2685438998742,119.58257981184163,8.457606009928519,110.50786286085985,136.90415759035838
aco,adaptive,35,35.0,10,121.23828692879746,8.239498862291713,112.30766110244174,137.5816589164842,2160.0,0.0,2160.0,2160.0,654.7835200298462,19.438936023270383,623.8215197998798,682.8005677998299,121.23828692879746,8.239498862291713,112.30766110244174,137.5816589164842
aco,adaptive,36,36.0,10,122.86351977560734,8.595055390322436,112.98718300119005,140.31566981103344,2220.0,0.0,2220.0,2220.0,654.7835200298462,19.438936023270383,623.8215197998798,682.8005677998299,122.86351977560734,8.595055390322436,112.98718300119005,140.31566981103344
aco,adaptive,37,37.0,10,124.20504467066023,8.56397555584045,113.51439685729966,141.10810342161906,2280.0,0.0,2280.0,2280.0,654.7835200298462,19.438936023270383,623.8215197998798,682.8005677998299,124.20504467066023,8.56397555584045,113.51439685729966,141.10810342161906
aco,adaptive,38,38.0,10,125.36634233660922,8.643690381202923,115.22274647947276,141.7146382037109,2340.0,0.0,2340.0,2340.0,654.7835200298462,19.438936023270383,623.8215197998798,682.8005677998299,125.36634233660922,8.643690381202923,115.22274647947276,141.7146382037109
aco,adaptive,39,39.0,10,126.61542474349365,9.045506080243584,116.56897124939302,144.80458690393155,2400.0,0.0,2400.0,2400.0,654.7835200298462,19.438936023270383,623.8215197998798,682.8005677998299,126.61542474349365,9.045506080243584,116.56897124939302,144.80458690393155
aco,adaptive,40,40.0,10,127.90761663545668,8.87057831724115,117.63626170652032,145.43263143337194,2460.0,0.0,2460.0,2460.0,667.8284145498649,21.215631164226508,634.9117691998836,699.8868484997656,127.90761663545668,8.87057831724115,117.63626170652032,145.43263143337194
aco,adaptive,41,41.0,10,129.06978300452005,8.855155711149822,119.0373283827345,145.70844705146897,2520.0,0.0,2520.0,2520.0,667.8284145498649,21.215631164226508,634.9117691998836,699.8868484997656,129.06978300452005,8.855155711149822,119.0373283827345,145.70844705146897
aco,adaptive,42,42.0,10,130.11928353622116,8.264321616054351,120.0096549648095,145.80425412177038,2580.0,0.0,2580.0,2580.0,667.8284145498649,21.215631164226508,634.9117691998836,699.8868484997656,130.11928353622116,8.264321616054351,120.0096549648095,145.80425412177038
aco,adaptive,43,43.0,10,131.47764791894883,8.02433119689294,121.2250276915998,146.28980616083567,2640.0,0.0,2640.0,2640.0,667.8284145498649,21.215631164226508,634.9117691998836,699.8868484997656,131.47764791894883,8.02433119689294,121.2250276915998,146.28980616083567
aco,adaptive,44,44.0,10,132.45531825056963,7.379848065032435,121.77373746021128,146.383139494169,2700.0,0.0,2700.0,2700.0,667.8284145498649,21.215631164226508,634.9117691998836,699.8868484997656,132.45531825056963,7.379848065032435,121.77373746021128,146.383139494169
aco,adaptive,45,45.0,10,138.64650328530627,13.278025598802696,121.8670707935446,162.81401500174945,2831.263442680687,160.91777972287102,2760.0,3238.6112360911834,676.210129729868,25.213756898172267,634.9117691998836,712.6924132996937,138.64650328530627,13.278025598802696,121.8670707935446,162.81401500174945
aco,adaptive,46,46.0,10,142.08435744517047,11.850994767143321,125.99772052173569,162.81401500174945,2925.32259954273,184.6123660323319,2820.0,3280.591568620428,676.210129729868,25.213756898172267,634.9117691998836,712.6924132996937,142.08435744517047,11.850994767143321,125.99772052173569,162.81401500174945
aco,adaptive,47,47.0,10,142.62000147915984,11.298731174754721,127.86221500858832,162.81401500174945,2967.32259954273,158.40333456528268,2880.0,3280.591568620428,676.210129729868,25.213756898172267,634.9117691998836,712.6924132996937,142.62000147915984,11.298731174754721,127.86221500858832,162.81401500174945
aco,adaptive,48,48.0,10,147.7100095958234,16.01006839604774,127.95554834192166,173.94145021138863,3095.610434529691,194.7289732517183,2940.0,3410.4975616848183,676.210129729868,25.213756898172267,634.9117691998836,712.6924132996937,147.7100095958234,16.01006839604774,127.95554834192166,173.94145021138863
aco,adaptive,49,49.0,10,147.9585278547471,15.776206367039528,128.19534790593286,173.94145021138863,3125.610434529691,168.95367428683636,2994.023190715688,3410.4975616848183,676.210129729868,25.213756898172267,634.9117691998836,712.6924132996937,147.9585278547471,15.776206367039528,128.19534790593286,173.94145021138863
aco,adaptive,50,50.0,10,148.185375777734,15.525381309637059,129.1833224884981,173.94145021138863,3155.610434529691,145.50366004460622,2994.023190715688,3410.4975616848183,681.9759328798857,30.542803858657646,634.9117691998836,724.1269857996376,148.185375777734,15.525381309637059,129.1833224884981,173.94145021138863
aco,adaptive,51,51.0,10,148.31209626911425,15.421533605374723,129.27665582183144,173.94145021138863,3185.610434529691,125.68725519212474,2994.023190715688,3410.4975616848183,681.9759328798857,30.542803858657646,634.9117691998836,724.1269857996376,148.31209626911425,15.421533605374723,129.27665582183144,173.94145021138863
aco,adaptive,52,52.0,10,148.78261910177372,14.890202702069757,131.1967876595747,173.94145021138863,3215.610434529691,111.45966601907728,2994.023190715688,3410.4975616848183,681.9759328798857,30.542803858657646,634.9117691998836,724.1269857996376,148.78261910177372,14.890202702069757,131.1967876595747,173.94145021138863
aco,adaptive,53,53.0,10,148.8610157428014,14.819863007317059,131.29012099290804,173.94145021138863,3245.610434529691,105.11530897275715,2994.023190715688,3410.4975616848183,681.9759328798857,30.542803858657646,634.9117691998836,724.1269857996376,148.8610157428014,14.819863007317059,131.29012099290804,173.94145021138863
aco,adaptive,54,54.0,10,153.10514536737054,12.177608171065144,137.71257804152071,173.94145021138863,3371.3428925152775,239.99137704192248,2994.023190715688,3779.083640274505,681.9759328798857,30.542803858657646,634.9117691998836,724.1269857996376,153.10514536737054,12.177608171065144,137.71257804152071,173.94145021138863
aco,adaptive,55,55.0,10,153.16608635566914,12.097356881173878,137.80591137485405,173.94145021138863,3389.3428925152775,235.75865912807348,2994.023190715688,3779.083640274505,685.3268779298872,34.13098891091739,634.9117691998836,735.0743409997085,153.16608635566914,12.097356881173878,137.80591137485405,173.94145021138863
aco,adaptive,56,56.0,10,153.2334942030538,12.005589538582507,138.28919234163487,173.94145021138863,3407.3428925152775,235.04984503984684,2994.023190715688,3779.083640274505,685.3268779298872,34.13098891091739,634.9117691998836,735.0743409997085,153.2334942030538,12.005589538582507,138.28919234163487,173.94145021138863
aco,adaptive,57,57.0,10,153.29422452901497,11.929001585326787,138.3825256749682,173.94145021138863,3425.3428925152775,237.89643535085796,2994.023190715688,3779.083640274505,685.3268779298872,34.13098891091739,634.9117691998836,735.0743409997085,153.29422452901497,11.929001585326787,138.3825256749682,173.94145021138863
aco,adaptive,58,58.0,10,153.3450216832477,11.861770106374271,138.581365569025,173.94145021138863,3443.3428925152775,244.17411462322093,2994.023190715688,3779.083640274505,685.3268779298872,34.13098891091739,634.9117691998836,735.0743409997085,153.3450216832477,11.861770106374271,138.581365569025,173.94145021138863
aco,adaptive,59,59.0,10,153.48252344461244,11.678994279686194,139.43996633647964,173.94145021138863,3461.3428925152775,253.62823689688565,2994.023190715688,3779.083640274505,685.3268779298872,34.13098891091739,634.9117691998836,735.0743409997085,153.48252344461244,11.678994279686194,139.43996633647964,173.94145021138863
aco,adaptive,60,60.0,10,155.15009242388788,10.311369810250284,139.94850392611644,173.94145021138863,3499.446579368026,287.79503127627993,2994.023190715688,3861.036868527487,686.4382898098789,35.74399740720388,634.9117691998836,740.5064095996786,155.15009242388788,10.311369810250284,139.94850392611644,173.94145021138863
aco,adaptive,61,61.0,10,155.16922711385595,10.282451461928916,140.04183725944978,173.94145021138863,3511.446579368026,296.2218840286803,2994.023190715688,3861.036868527487,686.4382898098789,35.74399740720388,634.9117691998836,740.5064095996786,155.16922711385595,10.282451461928916,140.04183725944978,173.94145021138863
aco,adaptive,62,62.0,10,157.25720020158707,8.849632596638411,142.5067548844067,173.94145021138863,3559.5187359100773,357.1081703756465,2994.023190715688,4140.721565420517,686.4382898098789,35.74399740720388,634.9117691998836,740.5064095996786,157.25720020158707,8.849632596638411,142.5067548844067,173.94145021138863
aco,adaptive,63,63.0,10,157.2682222738594,8.829265089082496,142.61697560712977,173.94145021138863,3565.5187359100773,361.69876352692637,2994.023190715688,4140.721565420517,686.4382898098789,35.74399740720388,634.9117691998836,740.5064095996786,157.2682222738594,8.829265089082496,142.61697560712977,173.94145021138863
aco,adaptive,64,64.0,10,159.19856765169345,7.236673326131849,148.82397424205928,173.94145021138863,3598.378163079606,402.0774770308273,2994.023190715688,4168.59427169528,686.4382898098789,35.74399740720388,634.9117691998836,740.5064095996786,159.19856765169345,7.236673326131849,148.82397424205928,173.94145021138863
aco,static_frozen,0,0.0,10,18.680839634308786,0.0,18.680839634308786,18.680839634308786,60.0,0.0,60.0,60.0,31.84011709992774,0.0,31.84011709992774,31.84011709992774,18.680839634308786,0.0,18.680839634308786,18.680839634308786
aco,static_frozen,1,1.0,10,23.44890122770917,0.0,23.44890122770917,23.44890122770917,120.0,0.0,120.0,120.0,31.84011709992774,0.0,31.84011709992774,31.84011709992774,23.44890122770917,0.0,23.44890122770917,23.44890122770917
aco,static_frozen,2,2.0,10,28.755198680519733,0.0,28.75519868051973,28.75519868051973,180.0,0.0,180.0,180.0,31.84011709992774,0.0,31.84011709992774,31.84011709992774,28.755198680519733,0.0,28.75519868051973,28.75519868051973
aco,static_frozen,3,3.0,10,33.41526457852969,0.0,33.41526457852969,33.41526457852969,240.0,0.0,240.0,240.0,31.84011709992774,0.0,31.84011709992774,31.84011709992774,33.41526457852969,0.0,33.41526457852969,33.41526457852969
aco,static_frozen,4,4.0,10,36.43978128070112,0.0,36.43978128070112,36.43978128070112,300.0,0.0,300.0,300.0,31.84011709992774,0.0,31.84011709992774,31.84011709992774,36.43978128070112,0.0,36.43978128070112,36.43978128070112
aco,static_frozen,5,5.0,10,39.30771540054432,0.0,39.30771540054432,39.30771540054432,360.0,0.0,360.0,360.0,31.84011709992774,0.0,31.84011709992774,31.84011709992774,39.30771540054432,0.0,39.30771540054432,39.30771540054432
aco,static_frozen,6,6.0,10,42.82760875349523,0.0,42.82760875349523,42.82760875349523,420.0,0.0,420.0,420.0,31.84011709992774,0.0,31.84011709992774,31.84011709992774,42.82760875349523,0.0,42.82760875349523,42.82760875349523
aco,static_frozen,7,7.0,10,46.91926083485265,0.0,46.91926083485265,46.91926083485265,480.0,0.0,480.0,480.0,31.84011709992774,0.0,31.84011709992774,31.84011709992774,46.91926083485265,0.0,46.91926083485265,46.91926083485265
aco,static_frozen,8,8.0,10,48.86578930116977,0.0,48.86578930116977,48.86578930116977,540.0,0.0,540.0,540.0,31.84011709992774,0.0,31.84011709992774,31.84011709992774,48.86578930116977,0.0,48.86578930116977,48.86578930116977
aco,static_frozen,9,9.0,10,52.71229306871688,0.0,52.71229306871688,52.71229306871688,600.0,0.0,600.0,600.0,31.84011709992774,0.0,31.84011709992774,31.84011709992774,52.71229306871688,0.0,52.71229306871688,52.71229306871688
aco,static_frozen,10,10.0,10,54.95292495241339,0.0,54.95292495241339,54.95292495241339,660.0,0.0,660.0,660.0,31.84011709992774,0.0,31.84011709992774,31.84011709992774,54.95292495241339,0.0,54.95292495241339,54.95292495241339
aco,static_frozen,11,11.0,10,56.74795344012017,0.03694503623785959,56.70959216876123,56.81740084646847,720.0,0.0,720.0,720.0,31.84011709992774,0.0,31.84011709992774,31.84011709992774,56.74795344012017,0.03694503623785959,56.70959216876123,56.81740084646847
aco,static_frozen,12,12.0,10,59.086041000150225,0.1643231037189937,58.792998136994605,59.30109239661224,780.0,0.0,780.0,780.0,31.84011709992774,0.0,31.84011709992774,31.84011709992774,59.086041000150225,0.1643231037189937,58.792998136994605,59.30109239661224
aco,static_frozen,13,13.0,10,61.05387491293247,0.24753713825388038,60.549349122436,61.29009052226479,840.0,0.0,840.0,840.0,31.84011709992774,0.0,31.84011709992774,31.84011709992774,61.05387491293247,0.24753713825388038,60.549349122436,61.29009052226479
aco,static_frozen,14,14.0,10,62.69344011919503,0.30033132713850585,62.16605069573129,63.016147276231365,900.0,0.0,900.0,900.0,31.84011709992774,0.0,31.84011709992774,31.84011709992774,62.69344011919503,0.30033132713850585,62.16605069573129,63.016147276231365
aco,static_frozen,15,15.0,10,64.19399347360839,0.832680817433049,63.06162173720701,65.37731923455158,960.0,0.0,960.0,960.0,31.84011709992774,0.0,31.84011709992774,31.84011709992774,64.19399347360839,0.832680817433049,63.06162173720701,65.37731923455158
aco,static_frozen,16,16.0,10,67.50677393267733,1.3070911185491159,65.86746434316974,69.46235332068383,1020.0,0.0,1020.0,1020.0,31.84011709992774,0.0,31.84011709992774,31.84011709992774,67.50677393267733,1.3070911185491159,65.86746434316974,69.46235332068383
aco,static_frozen,17,17.0,10,72.81767475520893,1.9108426221702346,70.40755362421662,75.61424366034423,1080.0,0.0,1080.0,1080.0,31.84011709992774,0.0,31.84011709992774,31.84011709992774,72.81767475520893,1.9108426221702346,70.40755362421662,75.61424366034423
aco,static_frozen,18,18.0,10,76.30535776859291,2.1463378202077177,73.51138432351061,79.63517511696213,1140.0,0.0,1140.0,1140.0,31.84011709992774,0.0,31.84011709992774,31.84011709992774,76.30535776859291,2.1463378202077177,73.51138432351061,79.63517511696213
aco,static_frozen,19,19.0,10,79.35541157999852,2.63411367161895,75.76610867432406,83.72681137941139,1200.0,0.0,1200.0,1200.0,31.84011709992774,0.0,31.84011709992774,31.84011709992774,79.35541157999852,2.63411367161895,75.76610867432406,83.72681137941139
aco,static_frozen,20,20.0,10,82.86877186995432,3.6126653992729083,78.40987545136838,89.5231320797883,1260.0,0.0,1260.0,1260.0,31.84011709992774,0.0,31.84011709992774,31.84011709992774,82.86877186995432,3.6126653992729083,78.40987545136838,89.5231320797883
aco,static_frozen,21,21.0,10,85.2822578061921,4.891794048926655,79.91768944822029,93.61425721287192,1320.0,0.0,1320.0,1320.0,31.84011709992774,0.0,31.84011709992774,31.84011709992774,85.2822578061921,4.891794048926655,79.91768944822029,93.61425721287192
aco,static_frozen,22,22.0,10,88.3466793251073,4.669680165764391,83.82952310116178,98.31455419127349,1380.0,0.0,1380.0,1380.0,31.84011709992774,0.0,31.84011709992774,31.84011709992774,88.3466793251073,4.669680165764391,83.82952310116178,98.31455419127349
aco,static_frozen,23,23.0,10,91.07878422390272,5.337059326039926,85.69430340930815,102.87903412248392,1440.0,0.0,1440.0,1440.0,31.84011709992774,0.0,31.84011709992774,31.84011709992774,91.07878422390272,5.337059326039926,85.69430340930815,102.87903412248392
aco,static_frozen,24,24.0,10,93.46087188148795,5.916358610190526,87.73486752063313,105.85297744732114,1500.0,0.0,1500.0,1500.0,31.84011709992774,0.0,31.84011709992774,31.84011709992774,93.46087188148795,5.916358610190526,87.73486752063313,105.85297744732114
aco,static_frozen,25,25.0,10,95.37786869384209,5.759458208535225,90.14393863593853,107.97296839521444,1560.0,0.0,1560.0,1560.0,31.84011709992774,0.0,31.84011709992774,31.84011709992774,95.37786869384209,5.759458208535225,90.14393863593853,107.97296839521444
aco,static_frozen,26,26.0,10,97.19821471811602,5.851669596189244,91.82689819988596,110.23852931185652,1620.0,0.0,1620.0,1620.0,31.84011709992774,0.0,31.84011709992774,31.84011709992774,97.19821471811602,5.851669596189244,91.82689819988596,110.23852931185652
aco,static_frozen,27,27.0,10,101.0491636346969,5.783162773563966,95.70058027014146,113.26012135353282,1680.0,0.0,1680.0,1680.0,31.84011709992774,0.0,31.84011709992774,31.84011709992774,101.0491636346969,5.783162773563966,95.70058027014146,113.26012135353282
aco,static_frozen,28,28.0,10,105.28597805659084,6.315017437004253,98.56053141962042,118.04488330121508,1740.0,0.0,1740.0,1740.0,31.84011709992774,0.0,31.84011709992774,31.84011709992774,105.28597805659084,6.315017437004253,98.56053141962042,118.04488330121508
aco,static_frozen,29,29.0,10,108.6890831119343,6.388718561333887,99.96990100032362,120.8322364030956,1800.0,0.0,1800.0,1800.0,31.84011709992774,0.0,31.84011709992774,31.84011709992774,108.6890831119343,6.388718561333887,99.96990100032362,120.8322364030956
aco,static_frozen,30,30.0,10,113.88842581574647,5.373188219378504,105.78615648256836,121.80072292658969,1860.0,0.0,1860.0,1860.0,31.84011709992774,0.0,31.84011709992774,31.84011709992774,113.88842581574647,5.373188219378504,105.78615648256836,121.80072292658969
aco,static_frozen,31,31.0,10,118.09920755263697,6.051969479147794,109.44004561694707,125.77572055861694,1920.0,0.0,1920.0,1920.0,31.84011709992774,0.0,31.84011709992774,31.84011709992774,118.09920755263697,6.051969479147794,109.44004561694707,125.77572055861694
aco,static_frozen,32,32.0,10,120.94221587547153,5.552673947582912,110.49449875522428,127.89458710862466,1980.0,0.0,1980.0,1980.0,31.84011709992774,0.0,31.84011709992774,31.84011709992774,120.94221587547153,5.552673947582912,110.49449875522428,127.89458710862466
aco,static_frozen,33,33.0,10,123.90858622209703,4.80100551709313,113.5939658377006,128.70597365811005,2040.0,0.0,2040.0,2040.0,31.84011709992774,0.0,31.84011709992774,31.84011709992774,123.90858622209703,4.80100551709313,113.5939658377006,128.70597365811005
aco,static_frozen,34,34.0,10,127.83325338506022,4.102707528410061,118.00761148205255,131.4713351629417,2100.0,0.0,2100.0,2100.0,31.84011709992774,0.0,31.84011709992774,31.84011709992774,127.83325338506022,4.102707528410061,118.00761148205255,131.4713351629417
aco,static_frozen,35,35.0,10,130.30447427466248,5.462417037088478,118.88207408893282,136.2800827198571,2160.0,0.0,2160.0,2160.0,31.84011709992774,0.0,31.84011709992774,31.84011709992774,130.30447427466248,5.462417037088478,118.88207408893282,136.2800827198571
aco,static_frozen,36,36.0,10,132.028626400189,5.411738756505973,121.00854364122304,140.07961728068688,2220.0,0.0,2220.0,2220.0,31.84011709992774,0.0,31.84011709992774,31.84011709992774,132.028626400189,5.411738756505973,121.00854364122304,140.07961728068688
aco,static_frozen,37,37.0,10,134.33032158282273,6.2348475855459,121.58204654092056,144.62799269125676,2280.0,0.0,2280.0,2280.0,31.84011709992774,0.0,31.84011709992774,31.84011709992774,134.33032158282273,6.2348475855459,121.58204654092056,144.62799269125676
aco,static_frozen,38,38.0,10,136.3319185907548,7.653346954164881,121.76871320758724,148.67810951398383,2340.0,0.0,2340.0,2340.0,31.84011709992774,0.0,31.84011709992774,31.84011709992774,136.3319185907548,7.653346954164881,121.76871320758724,148.67810951398383
aco,static_frozen,39,39.0,10,138.13906342381085,8.432195993758201,124.305860897822,152.96794214332172,2400.0,0.0,2400.0,2400.0,31.84011709992774,0.0,31.84011709992774,31.84011709992774,138.13906342381085,8.432195993758201,124.305860897822,152.96794214332172
aco,static_frozen,40,40.0,10,139.85716179790933,8.912066880318498,127.1389173968066,155.1840682852085,2460.0,0.0,2460.0,2460.0,31.84011709992774,0.0,31.84011709992774,31.84011709992774,139.85716179790933,8.912066880318498,127.1389173968066,155.1840682852085
aco,static_frozen,41,41.0,10,142.02599385644322,9.247367924824696,130.2447059529356,156.64787436834672,2520.0,0.0,2520.0,2520.0,31.84011709992774,0.0,31.84011709992774,31.84011709992774,142.02599385644322,9.247367924824696,130.2447059529356,156.64787436834672
aco,static_frozen,42,42.0,10,143.99382093732913,9.055024439383077,131.07436480482875,158.029565241581,2580.0,0.0,2580.0,2580.0,31.84011709992774,0.0,31.84011709992774,31.84011709992774,143.99382093732913,9.055024439383077,131.07436480482875,158.029565241581
aco,static_frozen,43,43.0,10,145.04876540138034,9.179380840948573,131.18495909412596,158.38710912441744,2640.0,0.0,2640.0,2640.0,31.84011709992774,0.0,31.84011709992774,31.84011709992774,145.04876540138034,9.179380840948573,131.18495909412596,158.38710912441744
aco,static_frozen,44,44.0,10,145.42262084378189,9.473290000489815,131.2782924274593,159.4324358111718,2700.0,0.0,2700.0,2700.0,31.84011709992774,0.0,31.84011709992774,31.84011709992774,145.42262084378189,9.473290000489815,131.2782924274593,159.4324358111718
aco,static_frozen,45,45.0,10,145.82728755891884,9.693247219089818,131.49407778178593,160.56582293853347,2760.0,0.0,2760.0,2760.0,31.84011709992774,0.0,31.84011709992774,31.84011709992774,145.82728755891884,9.693247219089818,131.49407778178593,160.56582293853347
aco,static_frozen,46,46.0,10,145.92422606336453,9.698913938841988,131.58741111511927,160.65922216822608,2820.0,0.0,2820.0,2820.0,31.84011709992774,0.0,31.84011709992774,31.84011709992774,145.92422606336453,9.698913938841988,131.58741111511927,160.65922216822608
aco,static_frozen,47,47.0,10,167.16566128292848,6.883719879797469,158.94427532555702,177.43160645996994,3102.970014706578,118.93625707677927,2880.0,3190.9922334700973,31.84011709992774,0.0,31.84011709992774,31.84011709992774,167.16566128292848,6.883719879797469,158.94427532555702,177.43160645996994
aco,static_frozen,48,48.0,10,167.19657315169448,6.850628469099598,158.94427532555702,177.43160645996994,3114.970014706578,94.02109438095076,2940.0,3190.9922334700973,31.84011709992774,0.0,31.84011709992774,31.84011709992774,167.19657315169448,6.850628469099598,158.94427532555702,177.43160645996994
aco,static_frozen,49,49.0,10,169.5954764177269,8.07821811858115,158.94427532555702,183.82392049248935,3154.8855731328067,68.77755697550663,3000.0,3279.155584262288,31.84011709992774,0.0,31.84011709992774,31.84011709992774,169.5954764177269,8.07821811858115,158.94427532555702,183.82392049248935
aco,static_frozen,50,50.0,10,171.97437884158393,8.75990057288226,158.94427532555702,184.85069842778955,3189.221359963975,68.56948933084321,3140.7929425670973,3343.3578683116853,31.84011709992774,0.0,31.84011709992774,31.84011709992774,171.97437884158393,8.75990057288226,158.94427532555702,184.85069842778955
aco,static_frozen,51,51.0,10,171.97437884158393,8.75990057288226,158.94427532555702,184.85069842778955,3189.221359963975,68.56948933084321,3140.7929425670973,3343.3578683116853,31.84011709992774,0.0,31.84011709992774,31.84011709992774,171.97437884158393,8.75990057288226,158.94427532555702,184.85069842778955
aco,static_frozen,52,52.0,10,171.97437884158393,8.75990057288226,158.94427532555702,184.85069842778955,3189.221359963975,68.56948933084321,3140.7929425670973,3343.3578683116853,31.84011709992774,0.0,31.84011709992774,31.84011709992774,171.97437884158393,8.75990057288226,158.94427532555702,184.85069842778955
aco,static_frozen,53,53.0,10,171.97437884158393,8.75990057288226,158.94427532555702,184.85069842778955,3189.221359963975,68.56948933084321,3140.7929425670973,3343.3578683116853,31.84011709992774,0.0,31.84011709992774,31.84011709992774,171.97437884158393,8.75990057288226,158.94427532555702,184.85069842778955
aco,static_frozen,54,54.0,10,171.97437884158393,8.75990057288226,158.94427532555702,184.85069842778955,3189.221359963975,68.56948933084321,3140.7929425670973,3343.3578683116853,31.84011709992774,0.0,31.84011709992774,31.84011709992774,171.97437884158393,8.75990057288226,158.94427532555702,184.85069842778955
aco,static_frozen,55,55.0,10,171.97437884158393,8.75990057288226,158.94427532555702,184.85069842778955,3189.221359963975,68.56948933084321,3140.7929425670973,3343.3578683116853,31.84011709992774,0.0,31.84011709992774,31.84011709992774,171.97437884158393,8.75990057288226,158.94427532555702,184.85069842778955
aco,static_frozen,56,56.0,10,171.97437884158393,8.75990057288226,158.94427532555702,184.85069842778955,3189.221359963975,68.56948933084321,3140.7929425670973,3343.3578683116853,31.84011709992774,0.0,31.84011709992774,31.84011709992774,171.97437884158393,8.75990057288226,158.94427532555702,184.85069842778955
aco,static_frozen,57,57.0,10,171.97437884158393,8.75990057288226,158.94427532555702,184.85069842778955,3189.221359963975,68.56948933084321,3140.7929425670973,3343.3578683116853,31.84011709992774,0.0,31.84011709992774,31.84011709992774,171.97437884158393,8.75990057288226,158.94427532555702,184.85069842778955
aco,static_frozen,58,58.0,10,171.97437884158393,8.75990057288226,158.94427532555702,184.85069842778955,3189.221359963975,68.56948933084321,3140.7929425670973,3343.3578683116853,31.84011709992774,0.0,31.84011709992774,31.84011709992774,171.97437884158393,8.75990057288226,158.94427532555702,184.85069842778955
aco,static_frozen,59,59.0,10,171.97437884158393,8.75990057288226,158.94427532555702,184.85069842778955,3189.221359963975,68.56948933084321,3140.7929425670973,3343.3578683116853,31.84011709992774,0.0,31.84011709992774,31.84011709992774,171.97437884158393,8.75990057288226,158.94427532555702,184.85069842778955
aco,static_frozen,60,60.0,10,171.97437884158393,8.75990057288226,158.94427532555702,184.85069842778955,3189.221359963975,68.56948933084321,3140.7929425670973,3343.3578683116853,31.84011709992774,0.0,31.84011709992774,31.84011709992774,171.97437884158393,8.75990057288226,158.94427532555702,184.85069842778955
aco,static_frozen,61,61.0,10,171.97437884158393,8.75990057288226,158.94427532555702,184.85069842778955,3189.221359963975,68.56948933084321,3140.7929425670973,3343.3578683116853,31.84011709992774,0.0,31.84011709992774,31.84011709992774,171.97437884158393,8.75990057288226,158.94427532555702,184.85069842778955
aco,static_frozen,62,62.0,10,171.97437884158393,8.75990057288226,158.94427532555702,184.85069842778955,3189.221359963975,68.56948933084321,3140.7929425670973,3343.3578683116853,31.84011709992774,0.0,31.84011709992774,31.84011709992774,171.97437884158393,8.75990057288226,158.94427532555702,184.85069842778955
aco,static_frozen,63,63.0,10,171.97437884158393,8.75990057288226,158.94427532555702,184.85069842778955,3189.221359963975,68.56948933084321,3140.7929425670973,3343.3578683116853,31.84011709992774,0.0,31.84011709992774,31.84011709992774,171.97437884158393,8.75990057288226,158.94427532555702,184.85069842778955
aco,static_frozen,64,64.0,10,171.97437884158393,8.75990057288226,158.94427532555702,184.85069842778955,3189.221359963975,68.56948933084321,3140.7929425670973,3343.3578683116853,31.84011709992774,0.0,31.84011709992774,31.84011709992774,171.97437884158393,8.75990057288226,158.94427532555702,184.85069842778955
aco,static_live,0,0.0,10,18.680839634308786,0.0,18.680839634308786,18.680839634308786,60.0,0.0,60.0,60.0,31.84011709992774,0.0,31.84011709992774,31.84011709992774,18.680839634308786,0.0,18.680839634308786,18.680839634308786
aco,static_live,1,1.0,10,23.44890122770917,0.0,23.44890122770917,23.44890122770917,120.0,0.0,120.0,120.0,31.84011709992774,0.0,31.84011709992774,31.84011709992774,23.44890122770917,0.0,23.44890122770917,23.44890122770917
aco,static_live,2,2.0,10,28.755198680519733,0.0,28.75519868051973,28.75519868051973,180.0,0.0,180.0,180.0,31.84011709992774,0.0,31.84011709992774,31.84011709992774,28.755198680519733,0.0,28.75519868051973,28.75519868051973
aco,static_live,3,3.0,10,33.41526457852969,0.0,33.41526457852969,33.41526457852969,240.0,0.0,240.0,240.0,31.84011709992774,0.0,31.84011709992774,31.84011709992774,33.41526457852969,0.0,33.41526457852969,33.41526457852969
aco,static_live,4,4.0,10,36.43978128070112,0.0,36.43978128070112,36.43978128070112,300.0,0.0,300.0,300.0,31.84011709992774,0.0,31.84011709992774,31.84011709992774,36.43978128070112,0.0,36.43978128070112,36.43978128070112
aco,static_live,5,5.0,10,39.30771540054432,0.0,39.30771540054432,39.30771540054432,360.0,0.0,360.0,360.0,31.84011709992774,0.0,31.84011709992774,31.84011709992774,39.30771540054432,0.0,39.30771540054432,39.30771540054432
aco,static_live,6,6.0,10,42.82760875349523,0.0,42.82760875349523,42.82760875349523,420.0,0.0,420.0,420.0,31.84011709992774,0.0,31.84011709992774,31.84011709992774,42.82760875349523,0.0,42.82760875349523,42.82760875349523
aco,static_live,7,7.0,10,46.91926083485265,0.0,46.91926083485265,46.91926083485265,480.0,0.0,480.0,480.0,31.84011709992774,0.0,31.84011709992774,31.84011709992774,46.91926083485265,0.0,46.91926083485265,46.91926083485265
aco,static_live,8,8.0,10,48.86578930116977,0.0,48.86578930116977,48.86578930116977,540.0,0.0,540.0,540.0,31.84011709992774,0.0,31.84011709992774,31.84011709992774,48.86578930116977,0.0,48.86578930116977,48.86578930116977
aco,static_live,9,9.0,10,52.71229306871688,0.0,52.71229306871688,52.71229306871688,600.0,0.0,600.0,600.0,31.84011709992774,0.0,31.84011709992774,31.84011709992774,52.71229306871688,0.0,52.71229306871688,52.71229306871688
aco,static_live,10,10.0,10,54.95292495241339,0.0,54.95292495241339,54.95292495241339,660.0,0.0,660.0,660.0,31.84011709992774,0.0,31.84011709992774,31.84011709992774,54.95292495241339,0.0,54.95292495241339,54.95292495241339
aco,static_live,11,11.0,10,56.74795344012017,0.03694503623785959,56.70959216876123,56.81740084646847,720.0,0.0,720.0,720.0,31.84011709992774,0.0,31.84011709992774,31.84011709992774,56.74795344012017,0.03694503623785959,56.70959216876123,56.81740084646847
aco,static_live,12,12.0,10,59.06673802930525,0.1362796806362767,58.792998136994605,59.22706373294715,780.0,0.0,780.0,780.0,31.84011709992774,0.0,31.84011709992774,31.84011709992774,59.06673802930525,0.1362796806362767,58.792998136994605,59.22706373294715
aco,static_live,13,13.0,10,60.96086413875305,0.19268124621376576,60.549349122436,61.19904201197824,840.0,0.0,840.0,840.0,31.84011709992774,0.0,31.84011709992774,31.84011709992774,60.96086413875305,0.19268124621376576,60.549349122436,61.19904201197824
aco,static_live,14,14.0,10,62.607043988955226,0.26195761324975486,62.16605069573129,62.98594375226432,900.0,0.0,900.0,900.0,31.84011709992774,0.0,31.84011709992774,31.84011709992774,62.607043988955226,0.26195761324975486,62.16605069573129,62.98594375226432
aco,static_live,15,15.0,10,63.793038447265516,0.35103804773303804,63.06162173720701,64.12432479866231,960.0,0.0,960.0,960.0,31.84011709992774,0.0,31.84011709992774,31.84011709992774,63.793038447265516,0.35103804773303804,63.06162173720701,64.12432479866231
aco,static_live,16,16.0,10,67.0942999061244,0.8014689642884869,65.86746434316974,68.2453337632871,1020.0,0.0,1020.0,1020.0,31.84011709992774,0.0,31.84011709992774,31.84011709992774,67.0942999061244,0.8014689642884869,65.86746434316974,68.2453337632871
aco,static_live,17,17.0,10,72.39529701900751,1.4823011504876824,70.40755362421662,75.04506126182244,1080.0,0.0,1080.0,1080.0,31.84011709992774,0.0,31.84011709992774,31.84011709992774,72.39529701900751,1.4823011504876824,70.40755362421662,75.04506126182244
aco,static_live,18,18.0,10,75.65189252347194,1.4042137785546658,73.51138432351061,78.07513231651991,1140.0,0.0,1140.0,1140.0,31.84011709992774,0.0,31.84011709992774,31.84011709992774,75.65189252347194,1.4042137785546658,73.51138432351061,78.07513231651991
aco,static_live,19,19.0,10,78.93615021352804,2.5342531387538463,75.76610867432406,84.37443068488163,1200.0,0.0,1200.0,1200.0,31.84011709992774,0.0,31.84011709992774,31.84011709992774,78.93615021352804,2.5342531387538463,75.76610867432406,84.37443068488163
aco,static_live,20,20.0,10,82.29636321724743,3.642475525706658,78.40987545136838,90.64814344093976,1260.0,0.0,1260.0,1260.0,31.84011709992774,0.0,31.84011709992774,31.84011709992774,82.29636321724743,3.642475525706658,78.40987545136838,90.64814344093976
aco,static_live,21,21.0,10,84.92128582703508,4.794852959821633,79.91768944822029,94.72258373311648,1320.0,0.0,1320.0,1320.0,31.84011709992774,0.0,31.84011709992774,31.84011709992774,84.92128582703508,4.794852959821633,79.91768944822029,94.72258373311648
aco,static_live,22,22.0,10,87.35873484014914,3.993385976304637,83.82952310116178,96.31906215514957,1380.0,0.0,1380.0,1380.0,31.84011709992774,0.0,31.84011709992774,31.84011709992774,87.35873484014914,3.993385976304637,83.82952310116178,96.31906215514957
aco,static_live,23,23.0,10,90.46597121633349,4.997840034127276,85.69430340930815,102.515574946792,1440.0,0.0,1440.0,1440.0,31.84011709992774,0.0,31.84011709992774,31.84011709992774,90.46597121633349,4.997840034127276,85.69430340930815,102.515574946792
aco,static_live,24,24.0,10,92.73867184372423,5.487604775352071,87.73486752063313,104.91510568582532,1500.0,0.0,1500.0,1500.0,31.84011709992774,0.0,31.84011709992774,31.84011709992774,92.73867184372423,5.487604775352071,87.73486752063313,104.91510568582532
aco,static_live,25,25.0,10,94.41454658835859,5.10020645962392,90.14393863593853,105.97747635909052,1560.0,0.0,1560.0,1560.0,31.84011709992774,0.0,31.84011709992774,31.84011709992774,94.41454658835859,5.10020645962392,90.14393863593853,105.97747635909052
aco,static_live,26,26.0,10,96.59033909408251,5.190357692393909,91.82689819988596,108.57950956150904,1620.0,0.0,1620.0,1620.0,31.84011709992774,0.0,31.84011709992774,31.84011709992774,96.59033909408251,5.190357692393909,91.82689819988596,108.57950956150904
aco,static_live,27,27.0,10,100.33620701277292,5.334974791945607,95.70058027014146,111.95065585427936,1680.0,0.0,1680.0,1680.0,31.84011709992774,0.0,31.84011709992774,31.84011709992774,100.33620701277292,5.334974791945607,95.70058027014146,111.95065585427936
aco,static_live,28,28.0,10,103.29156046161219,5.547452957695155,98.56053141962042,116.6650109127384,1740.0,0.0,1740.0,1740.0,31.84011709992774,0.0,31.84011709992774,31.84011709992774,103.29156046161219,5.547452957695155,98.56053141962042,116.6650109127384
aco,static_live,29,29.0,10,106.12375813317783,5.641425368337468,99.96990100032362,118.8367443669717,1800.0,0.0,1800.0,1800.0,31.84011709992774,0.0,31.84011709992774,31.84011709992774,106.12375813317783,5.641425368337468,99.96990100032362,118.8367443669717
aco,static_live,30,30.0,10,110.01593076732681,5.719729809340519,104.32867740894228,120.18089457038847,1860.0,0.0,1860.0,1860.0,31.84011709992774,0.0,31.84011709992774,31.84011709992774,110.01593076732681,5.719729809340519,104.32867740894228,120.18089457038847
aco,static_live,31,31.0,10,112.60851191771721,5.792843427894022,106.5174150206126,122.14900357519076,1920.0,0.0,1920.0,1920.0,31.84011709992774,0.0,31.84011709992774,31.84011709992774,112.60851191771721,5.792843427894022,106.5174150206126,122.14900357519076
aco,static_live,32,32.0,10,114.98894540065096,5.79361050949386,108.3934370498422,125.31788354094232,1980.0,0.0,1980.0,1980.0,31.84011709992774,0.0,31.84011709992774,31.84011709992774,114.98894540065096,5.79361050949386,108.3934370498422,125.31788354094232
aco,static_live,33,33.0,10,117.73333608815992,6.265505104656902,111.14776973465662,129.58898476917406,2040.0,0.0,2040.0,2040.0,31.84011709992774,0.0,31.84011709992774,31.84011709992774,117.73333608815992,6.265505104656902,111.14776973465662,129.58898476917406
aco,static_live,34,34.0,10,119.56779009946437,5.694968537266054,113.17496506189084,130.35584561761053,2100.0,0.0,2100.0,2100.0,31.84011709992774,0.0,31.84011709992774,31.84011709992774,119.56779009946437,5.694968537266054,113.17496506189084,130.35584561761053
aco,static_live,35,35.0,10,122.66925200978183,5.411247694149526,115.77989663812755,133.38617943584876,2160.0,0.0,2160.0,2160.0,31.84011709992774,0.0,31.84011709992774,31.84011709992774,122.66925200978183,5.411247694149526,115.77989663812755,133.38617943584876
aco,static_live,36,36.0,10,124.88706599572647,5.475727246004586,117.88209491537675,134.5573845257257,2220.0,0.0,2220.0,2220.0,31.84011709992774,0.0,31.84011709992774,31.84011709992774,124.88706599572647,5.475727246004586,117.88209491537675,134.5573845257257
aco,static_live,37,37.0,10,125.79395122730459,5.543095243627252,118.43842275011552,134.9066665350265,2280.0,0.0,2280.0,2280.0,31.84011709992774,0.0,31.84011709992774,31.84011709992774,125.79395122730459,5.543095243627252,118.43842275011552,134.9066665350265
aco,static_live,38,38.0,10,127.36234527539557,6.2735144852228,119.17515190230488,138.55271454496346,2340.0,0.0,2340.0,2340.0,31.84011709992774,0.0,31.84011709992774,31.84011709992774,127.36234527539557,6.2735144852228,119.17515190230488,138.55271454496346
aco,static_live,39,39.0,10,129.4828310707497,6.408970923619623,121.21441621349962,141.05610337554504,2400.0,0.0,2400.0,2400.0,31.84011709992774,0.0,31.84011709992774,31.84011709992774,129.4828310707497,6.408970923619623,121.21441621349962,141.05610337554504
aco,static_live,40,40.0,10,130.47850205298573,6.381407945660145,121.89115845479266,142.08876369668846,2460.0,0.0,2460.0,2460.0,31.84011709992774,0.0,31.84011709992774,31.84011709992774,130.47850205298573,6.381407945660145,121.89115845479266,142.08876369668846
aco,static_live,41,41.0,10,131.6821314444901,6.249590455730896,122.50227102153636,142.58436440061615,2520.0,0.0,2520.0,2520.0,31.84011709992774,0.0,31.84011709992774,31.84011709992774,131.6821314444901,6.249590455730896,122.50227102153636,142.58436440061615
aco,static_live,42,42.0,10,132.9625917504999,6.296882377708007,124.19195688795688,143.310629222785,2580.0,0.0,2580.0,2580.0,31.84011709992774,0.0,31.84011709992774,31.84011709992774,132.9625917504999,6.296882377708007,124.19195688795688,143.310629222785
aco,static_live,43,43.0,10,133.80106919262377,6.425148121239702,124.37862355462354,144.65847137992137,2640.0,0.0,2640.0,2640.0,31.84011709992774,0.0,31.84011709992774,31.84011709992774,133.80106919262377,6.425148121239702,124.37862355462354,144.65847137992137
aco,static_live,44,44.0,10,134.8507425177822,5.975889888087651,124.86407029305198,144.9159051083859,2700.0,0.0,2700.0,2700.0,31.84011709992774,0.0,31.84011709992774,31.84011709992774,134.8507425177822,5.975889888087651,124.86407029305198,144.9159051083859
aco,static_live,45,45.0,10,135.8990579362737,6.028331321023208,125.52754559617476,146.36564240811927,2760.0,0.0,2760.0,2760.0,31.84011709992774,0.0,31.84011709992774,31.84011709992774,135.8990579362737,6.028331321023208,125.52754559617476,146.36564240811927
aco,static_live,46,46.0,10,136.59615033027447,6.106584517995921,125.7142122628414,147.14146243646493,2820.0,0.0,2820.0,2820.0,31.84011709992774,0.0,31.84011709992774,31.84011709992774,136.59615033027447,6.106584517995921,125.7142122628414,147.14146243646493
aco,static_live,47,47.0,10,147.6031680835074,14.422392031261465,127.07511735236244,170.65955273616362,2986.8198201963423,137.98609464194047,2880.0,3159.42681774875,31.84011709992774,0.0,31.84011709992774,31.84011709992774,147.6031680835074,14.422392031261465,127.07511735236244,170.65955273616362
aco,static_live,48,48.0,10,155.30640072451126,12.459706514333755,129.30327738880214,170.65955273616362,3119.4145607997834,136.49997481765337,2940.0,3296.9132818813114,31.84011709992774,0.0,31.84011709992774,31.84011709992774,155.30640072451126,12.459706514333755,129.30327738880214,170.65955273616362
aco,static_live,49,49.0,10,155.34923176098664,12.407338842770775,129.39661072213548,170.65955273616362,3137.4145607997834,110.88580023262058,3000.0,3296.9132818813114,31.84011709992774,0.0,31.84011709992774,31.84011709992774,155.34923176098664,12.407338842770775,129.39661072213548,170.65955273616362
aco,static_live,50,50.0,10,157.7816692483692,8.510912324077642,140.3049372573404,170.65955273616362,3183.2765087051002,97.4388278756154,3060.0,3338.61947905317,31.84011709992774,0.0,31.84011709992774,31.84011709992774,157.7816692483692,8.510912324077642,140.3049372573404,170.65955273616362
aco,static_live,51,51.0,10,162.3829742316806,5.445531261380807,153.53076539232836,171.51204868416727,3250.0292517856096,104.93658283618977,3142.7257241099087,3393.814085238975,31.84011709992774,0.0,31.84011709992774,31.84011709992774,162.3829742316806,5.445531261380807,153.53076539232836,171.51204868416727
aco,static_live,52,52.0,10,162.3829742316806,5.445531261380807,153.53076539232836,171.51204868416727,3250.0292517856096,104.93658283618977,3142.7257241099087,3393.814085238975,31.84011709992774,0.0,31.84011709992774,31.84011709992774,162.3829742316806,5.445531261380807,153.53076539232836,171.51204868416727
aco,static_live,53,53.0,10,162.3829742316806,5.445531261380807,153.53076539232836,171.51204868416727,3250.0292517856096,104.93658283618977,3142.7257241099087,3393.814085238975,31.84011709992774,0.0,31.84011709992774,31.84011709992774,162.3829742316806,5.445531261380807,153.53076539232836,171.51204868416727
aco,static_live,54,54.0,10,162.3829742316806,5.445531261380807,153.53076539232836,171.51204868416727,3250.0292517856096,104.93658283618977,3142.7257241099087,3393.814085238975,31.84011709992774,0.0,31.84011709992774,31.84011709992774,162.3829742316806,5.445531261380807,153.53076539232836,171.51204868416727
aco,static_live,55,55.0,10,162.3829742316806,5.445531261380807,153.53076539232836,171.51204868416727,3250.0292517856096,104.93658283618977,3142.7257241099087,3393.814085238975,31.84011709992774,0.0,31.84011709992774,31.84011709992774,162.3829742316806,5.445531261380807,153.53076539232836,171.51204868416727
aco,static_live,56,56.0,10,162.3829742316806,5.445531261380807,153.53076539232836,171.51204868416727,3250.0292517856096,104.93658283618977,3142.7257241099087,3393.814085238975,31.84011709992774,0.0,31.84011709992774,31.84011709992774,162.3829742316806,5.445531261380807,153.53076539232836,171.51204868416727
aco,static_live,57,57.0,10,162.3829742316806,5.445531261380807,153.53076539232836,171.51204868416727,3250.0292517856096,104.93658283618977,3142.7257241099087,3393.814085238975,31.84011709992774,0.0,31.84011709992774,31.84011709992774,162.3829742316806,5.445531261380807,153.53076539232836,171.51204868416727
aco,static_live,58,58.0,10,162.3829742316806,5.445531261380807,153.53076539232836,171.51204868416727,3250.0292517856096,104.93658283618977,3142.7257241099087,3393.814085238975,31.84011709992774,0.0,31.84011709992774,31.84011709992774,162.3829742316806,5.445531261380807,153.53076539232836,171.51204868416727
aco,static_live,59,59.0,10,162.3829742316806,5.445531261380807,153.53076539232836,171.51204868416727,3250.0292517856096,104.93658283618977,3142.7257241099087,3393.814085238975,31.84011709992774,0.0,31.84011709992774,31.84011709992774,162.3829742316806,5.445531261380807,153.53076539232836,171.51204868416727
aco,static_live,60,60.0,10,162.3829742316806,5.445531261380807,153.53076539232836,171.51204868416727,3250.0292517856096,104.93658283618977,3142.7257241099087,3393.814085238975,31.84011709992774,0.0,31.84011709992774,31.84011709992774,162.3829742316806,5.445531261380807,153.53076539232836,171.51204868416727
aco,static_live,61,61.0,10,162.3829742316806,5.445531261380807,153.53076539232836,171.51204868416727,3250.0292517856096,104.93658283618977,3142.7257241099087,3393.814085238975,31.84011709992774,0.0,31.84011709992774,31.84011709992774,162.3829742316806,5.445531261380807,153.53076539232836,171.51204868416727
aco,static_live,62,62.0,10,162.3829742316806,5.445531261380807,153.53076539232836,171.51204868416727,3250.0292517856096,104.93658283618977,3142.7257241099087,3393.814085238975,31.84011709992774,0.0,31.84011709992774,31.84011709992774,162.3829742316806,5.445531261380807,153.53076539232836,171.51204868416727
aco,static_live,63,63.0,10,162.3829742316806,5.445531261380807,153.53076539232836,171.51204868416727,3250.0292517856096,104.93658283618977,3142.7257241099087,3393.814085238975,31.84011709992774,0.0,31.84011709992774,31.84011709992774,162.3829742316806,5.445531261380807,153.53076539232836,171.51204868416727
aco,static_live,64,64.0,10,162.3829742316806,5.445531261380807,153.53076539232836,171.51204868416727,3250.0292517856096,104.93658283618977,3142.7257241099087,3393.814085238975,31.84011709992774,0.0,31.84011709992774,31.84011709992774,162.3829742316806,5.445531261380807,153.53076539232836,171.51204868416727
ga,adaptive,0,0.0,10,17.649882122789972,0.0,17.649882122789972,17.649882122789972,60.0,0.0,60.0,60.0,25.747750799986527,0.0,25.74775079998653,25.74775079998653,17.649882122789972,0.0,17.649882122789972,17.649882122789972
ga,adaptive,1,1.0,10,21.510714343979103,0.0,21.510714343979103,21.510714343979103,120.0,0.0,120.0,120.0,25.747750799986527,0.0,25.74775079998653,25.74775079998653,21.510714343979103,0.0,21.510714343979103,21.510714343979103
ga,adaptive,2,2.0,10,26.98030039834857,0.0,26.98030039834857,26.98030039834857,180.0,0.0,180.0,180.0,25.747750799986527,0.0,25.74775079998653,25.74775079998653,26.98030039834857,0.0,26.98030039834857,26.98030039834857
ga,adaptive,3,3.0,10,33.99190979503979,0.0,33.99190979503979,33.99190979503979,240.0,0.0,240.0,240.0,25.747750799986527,0.0,25.74775079998653,25.74775079998653,33.99190979503979,0.0,33.99190979503979,33.99190979503979
ga,adaptive,4,4.0,10,41.146697714338345,0.0,41.146697714338345,41.146697714338345,300.0,0.0,300.0,300.0,25.747750799986527,0.0,25.74775079998653,25.74775079998653,41.146697714338345,0.0,41.146697714338345,41.146697714338345
ga,adaptive,5,5.0,10,43.82266104004813,0.0,43.82266104004813,43.82266104004813,360.0,0.0,360.0,360.0,1263.8525799000054,15.905236418083916,1221.8939650999382,1282.6188570000231,43.82266104004813,0.0,43.82266104004813,43.82266104004813
ga,adaptive,6,6.0,10,46.588854976513616,0.0,46.588854976513616,46.588854976513616,420.0,0.0,420.0,420.0,1263.8525799000054,15.905236418083916,1221.8939650999382,1282.6188570000231,46.588854976513616,0.0,46.588854976513616,46.588854976513616
ga,adaptive,7,7.0,10,50.93604777141243,0.0,50.93604777141243,50.93604777141243,480.0,0.0,480.0,480.0,1263.8525799000054,15.905236418083916,1221.8939650999382,1282.6188570000231,50.93604777141243,0.0,50.93604777141243,50.93604777141243
ga,adaptive,8,8.0,10,53.46105709506401,0.0,53.46105709506401,53.46105709506401,540.0,0.0,540.0,540.0,1263.8525799000054,15.905236418083916,1221.8939650999382,1282.6188570000231,53.46105709506401,0.0,53.46105709506401,53.46105709506401
ga,adaptive,9,9.0,10,56.52303009640625,0.0,56.52303009640625,56.52303009640625,600.0,0.0,600.0,600.0,1263.8525799000054,15.905236418083916,1221.8939650999382,1282.6188570000231,56.52303009640625,0.0,56.52303009640625,56.52303009640625
ga,adaptive,10,10.0,10,60.91373911464873,0.0,60.913739114648735,60.913739114648735,660.0,0.0,660.0,660.0,1773.0420756100211,22.2929646574867,1713.1553559998283,1795.536451300024,60.91373911464873,0.0,60.913739114648735,60.913739114648735
ga,adaptive,11,11.0,10,63.56467663231134,0.08149497753328408,63.45729561449083,63.65974202839024,720.0,0.0,720.0,720.0,1773.0420756100211,22.2929646574867,1713.1553559998283,1795.536451300024,63.56467663231134,0.08149497753328408,63.45729561449083,63.65974202839024
ga,adaptive,12,12.0,10,66.21339545780926,0.12534218178212783,66.02651345552206,66.48919836963371,780.0,0.0,780.0,780.0,1773.0420756100211,22.2929646574867,1713.1553559998283,1795.536451300024,66.21339545780926,0.12534218178212783,66.02651345552206,66.48919836963371
ga,adaptive,13,13.0,10,69.28304061691185,0.3532965102827553,68.90163062204293,69.85646994254205,840.0,0.0,840.0,840.0,1773.0420756100211,22.2929646574867,1713.1553559998283,1795.536451300024,69.28304061691185,0.3532965102827553,68.90163062204293,69.85646994254205
ga,adaptive,14,14.0,10,71.41081317194067,0.35809932236661285,70.99863980434155,71.92520516061707,900.0,0.0,900.0,900.0,1773.0420756100211,22.2929646574867,1713.1553559998283,1795.536451300024,71.41081317194067,0.35809932236661285,70.99863980434155,71.92520516061707
ga,adaptive,15,15.0,10,74.30985057920003,0.5661532886773969,73.51336370487954,75.50903965727137,960.0,0.0,960.0,960.0,2328.8806807000074,131.51166362212948,2119.825091200066,2545.8935106998542,74.30985057920003,0.5661532886773969,73.51336370487954,75.50903965727137
ga,adaptive,16,16.0,10,78.1695297223898,1.0817935928088291,76.56951495778685,80.14076824615432,1020.0,0.0,1020.0,1020.0,2328.8806807000074,131.51166362212948,2119.825091200066,2545.8935106998542,78.1695297223898,1.0817935928088291,76.56951495778685,80.14076824615432
ga,adaptive,17,17.0,10,82.17946132308074,1.509203057807077,79.32183794020368,84.21970824619848,1080.0,0.0,1080.0,1080.0,2328.8806807000074,131.51166362212948,2119.825091200066,2545.8935106998542,82.17946132308074,1.509203057807077,79.32183794020368,84.21970824619848
ga,adaptive,18,18.0,10,85.69843766026607,1.6235188236140086,82.24048467403549,87.46274945692423,1140.0,0.0,1140.0,1140.0,2328.8806807000074,131.51166362212948,2119.825091200066,2545.8935106998542,85.69843766026607,1.6235188236140086,82.24048467403549,87.46274945692423
ga,adaptive,19,19.0,10,88.52761150726437,2.5543969820347856,83.91906514142761,93.83059418887892,1200.0,0.0,1200.0,1200.0,2328.8806807000074,131.51166362212948,2119.825091200066,2545.8935106998542,88.52761150726437,2.5543969820347856,83.91906514142761,93.83059418887892
ga,adaptive,20,20.0,10,95.88714086937163,3.0875333600158643,91.31591118984176,101.241108809144,1260.0,0.0,1260.0,1260.0,2584.1495198400107,213.60598350102015,2303.7113257000456,3042.144268299802,95.88714086937163,3.0875333600158643,91.31591118984176,101.241108809144
ga,adaptive,21,21.0,10,101.12269920131625,3.5464454905720717,97.6508601614136,106.43907020833316,1320.0,0.0,1320.0,1320.0,2584.1495198400107,213.60598350102015,2303.7113257000456,3042.144268299802,101.12269920131625,3.5464454905720717,97.6508601614136,106.43907020833316
ga,adaptive,22,22.0,10,104.64384449622506,3.5130972775713363,100.495483108585,109.07790699664866,1380.0,0.0,1380.0,1380.0,2584.1495198400107,213.60598350102015,2303.7113257000456,3042.144268299802,104.64384449622506,3.5130972775713363,100.495483108585,109.07790699664866
ga,adaptive,23,23.0,10,108.99774364676541,5.102011400569553,103.9784919297151,114.71780608240088,1440.0,0.0,1440.0,1440.0,2584.1495198400107,213.60598350102015,2303.7113257000456,3042.144268299802,108.99774364676541,5.102011400569553,103.9784919297151,114.71780608240088
ga,adaptive,24,24.0,10,113.93725296812627,7.106073710529485,106.86175514200232,126.317086697856,1500.0,0.0,1500.0,1500.0,2584.1495198400107,213.60598350102015,2303.7113257000456,3042.144268299802,113.93725296812627,7.106073710529485,106.86175514200232,126.317086697856
ga,adaptive,25,25.0,10,117.76046713988528,7.302712062654378,109.77632235509296,130.21274935948415,1560.0,0.0,1560.0,1560.0,2639.3477912900735,221.6372237083184,2347.4058804999804,3128.5363962999545,117.76046713988528,7.302712062654378,109.77632235509296,130.21274935948415
ga,adaptive,26,26.0,10,122.60555886124868,7.159534756447066,115.13900937405964,134.1241622535439,1620.0,0.0,1620.0,1620.0,2639.3477912900735,221.6372237083184,2347.4058804999804,3128.5363962999545,122.60555886124868,7.159534756447066,115.13900937405964,134.1241622535439
ga,adaptive,27,27.0,10,127.81933237839014,8.547434760358607,116.92139399880298,141.9817212895855,1680.0,0.0,1680.0,1680.0,2639.3477912900735,221.6372237083184,2347.4058804999804,3128.5363962999545,127.81933237839014,8.547434760358607,116.92139399880298,141.9817212895855
ga,adaptive,28,28.0,10,132.2936661954781,10.578112256261027,118.552835477808,147.4312768791031,1740.0,0.0,1740.0,1740.0,2639.3477912900735,221.6372237083184,2347.4058804999804,3128.5363962999545,132.2936661954781,10.578112256261027,118.552835477808,147.4312768791031
ga,adaptive,29,29.0,10,138.3267655716405,11.285618038029757,123.21712447632204,153.3527465264234,1800.0,0.0,1800.0,1800.0,2639.3477912900735,221.6372237083184,2347.4058804999804,3128.5363962999545,138.3267655716405,11.285618038029757,123.21712447632204,153.3527465264234
ga,adaptive,30,30.0,10,141.23847083741774,10.6721464122407,127.6560154358677,155.58601374419337,1860.0,0.0,1860.0,1860.0,2650.872792450059,218.47662358729897,2362.1946908999234,3131.7363885999657,141.23847083741774,10.6721464122407,127.6560154358677,155.58601374419337
ga,adaptive,31,31.0,10,144.3815061610706,12.316130826883537,131.06117026796508,163.73790611752452,1920.0,0.0,1920.0,1920.0,2650.872792450059,218.47662358729897,2362.1946908999234,3131.7363885999657,144.3815061610706,12.316130826883537,131.06117026796508,163.73790611752452
ga,adaptive,32,32.0,10,148.3211903437688,13.646807921183088,132.21315434622852,166.97978968059743,1980.0,0.0,1980.0,1980.0,2650.872792450059,218.47662358729897,2362.1946908999234,3131.7363885999657,148.3211903437688,13.646807921183088,132.21315434622852,166.97978968059743
ga,adaptive,33,33.0,10,150.15065709700065,13.962300956527422,132.49486549708962,167.96224120368382,2040.0,0.0,2040.0,2040.0,2650.872792450059,218.47662358729897,2362.1946908999234,3131.7363885999657,150.15065709700065,13.962300956527422,132.49486549708962,167.96224120368382
ga,adaptive,34,34.0,10,152.03774463852864,14.259457261032779,133.01539342557624,170.46960943509507,2100.0,0.0,2100.0,2100.0,2650.872792450059,218.47662358729897,2362.1946908999234,3131.7363885999657,152.03774463852864,14.259457261032779,133.01539342557624,170.46960943509507
ga,adaptive,35,35.0,10,153.64677512305352,14.523983705439921,134.75650108824155,171.1354281532893,2160.0,0.0,2160.0,2160.0,2664.044648290018,218.06280067427986,2377.0736096998444,3144.0070529998047,153.64677512305352,14.523983705439921,134.75650108824155,171.1354281532893
ga,adaptive,36,36.0,10,154.84953304185095,14.6441299383072,135.98831707337516,173.3697634603394,2220.0,0.0,2220.0,2220.0,2664.044648290018,218.06280067427986,2377.0736096998444,3144.0070529998047,154.84953304185095,14.6441299383072,135.98831707337516,173.3697634603394
ga,adaptive,37,37.0,10,155.94649009569886,14.935906073211369,136.7952118416312,175.77128770142102,2280.0,0.0,2280.0,2280.0,2664.044648290018,218.06280067427986,2377.0736096998444,3144.0070529998047,155.94649009569886,14.935906073211369,136.7952118416312,175.77128770142102
ga,adaptive,38,38.0,10,156.76588495383967,15.202445608968336,137.63379359089475,177.14149323792523,2340.0,0.0,2340.0,2340.0,2664.044648290018,218.06280067427986,2377.0736096998444,3144.0070529998047,156.76588495383967,15.202445608968336,137.63379359089475,177.14149323792523
ga,adaptive,39,39.0,10,166.52192111211932,18.287582563910618,138.72530081657487,197.07327066018283,2519.5111327870522,209.76964227951137,2400.0,2915.527863282182,2664.044648290018,218.06280067427986,2377.0736096998444,3144.0070529998047,166.52192111211932,18.287582563910618,138.72530081657487,197.07327066018283
ga,adaptive,40,40.0,10,169.79420466713395,21.29013052037793,139.6740868563549,201.8041099694985,2596.3297589879808,194.82787726875355,2460.0,2915.527863282182,2668.6337925300118,218.55695753895517,2389.900906299823,3153.337554199737,169.79420466713395,21.29013052037793,139.6740868563549,201.8041099694985
ga,adaptive,41,41.0,10,176.19804613578418,18.733774270490628,139.82729319224822,201.8041099694985,2701.560590613116,178.97883440496992,2520.0,2915.527863282182,2668.6337925300118,218.55695753895517,2389.900906299823,3153.337554199737,176.19804613578418,18.733774270490628,139.82729319224822,201.8041099694985
ga,adaptive,42,42.0,10,176.34171345869353,18.58411690043809,139.9276213296948,201.8041099694985,2725.560590613116,152.67675548555343,2580.0,2915.527863282182,2668.6337925300118,218.55695753895517,2389.900906299823,3153.337554199737,176.34171345869353,18.58411690043809,139.9276213296948,201.8041099694985
ga,adaptive,43,43.0,10,180.33985654404228,20.382331064748428,140.35573536047164,201.8041099694985,2814.8407815209603,154.93677772839257,2594.579794926969,3107.9435219263446,2668.6337925300118,218.55695753895517,2389.900906299823,3153.337554199737,180.33985654404228,20.382331064748428,140.35573536047164,201.8041099694985
ga,adaptive,44,44.0,10,182.5478904257631,18.415357227348004,141.18673606026323,201.8041099694985,2841.9892875215264,134.1934103926853,2594.579794926969,3107.9435219263446,2668.6337925300118,218.55695753895517,2389.900906299823,3153.337554199737,182.5478904257631,18.415357227348004,141.18673606026323,201.8041099694985
ga,adaptive,45,45.0,10,182.64850506081163,18.165317334276956,142.19288241074878,201.8041099694985,2847.9892875215264,128.35373345770913,2594.579794926969,3107.9435219263446,2669.7013232800177,218.85812966105402,2389.900906299823,3153.337554199737,182.64850506081163,18.165317334276956,142.19288241074878,201.8041099694985
ga,adaptive,46,46.0,10,182.8070971424837,17.77561871659478,143.77880322746958,201.8041099694985,2853.9892875215264,125.1458764492287,2594.579794926969,3107.9435219263446,2669.7013232800177,218.85812966105402,2389.900906299823,3153.337554199737,182.8070971424837,17.77561871659478,143.77880322746958,201.8041099694985
ga,adaptive,47,47.0,10,182.9199307717759,17.50182636304777,144.90713952039138,201.8041099694985,2859.9892875215264,124.77299343992111,2594.579794926969,3107.9435219263446,2669.7013232800177,218.85812966105402,2389.900906299823,3153.337554199737,182.9199307717759,17.50182636304777,144.90713952039138,201.8041099694985
ga,adaptive,48,48.0,10,182.93045733145794,17.476436290763317,145.01240511721176,201.8041099694985,2865.9892875215264,127.26000703941348,2594.579794926969,3107.9435219263446,2669.7013232800177,218.85812966105402,2389.900906299823,3153.337554199737,182.93045733145794,17.476436290763317,145.01240511721176,201.8041099694985
ga,adaptive,49,49.0,10,182.93979066479125,17.453946489142524,145.1057384505451,201.8041099694985,2871.9892875215264,132.44590930407986,2594.579794926969,3107.9435219263446,2669.7013232800177,218.85812966105402,2389.900906299823,3153.337554199737,182.93979066479125,17.453946489142524,145.1057384505451,201.8041099694985
ga,adaptive,50,50.0,10,184.703822596841,13.691098028660429,162.74605777104256,201.8041099694985,2905.7562756826906,196.34064738231936,2594.579794926969,3337.669881611641,2669.7013232800177,218.85812966105402,2389.900906299823,3153.337554199737,184.703822596841,13.691098028660429,162.74605777104256,201.8041099694985
ga,adaptive,51,51.0,10,184.703822596841,13.691098028660429,162.74605777104256,201.8041099694985,2905.7562756826906,196.34064738231936,2594.579794926969,3337.669881611641,2669.7013232800177,218.85812966105402,2389.900906299823,3153.337554199737,184.703822596841,13.691098028660429,162.74605777104256,201.8041099694985
ga,adaptive,52,52.0,10,184.703822596841,13.691098028660429,162.74605777104256,201.8041099694985,2905.7562756826906,196.34064738231936,2594.579794926969,3337.669881611641,2669.7013232800177,218.85812966105402,2389.900906299823,3153.337554199737,184.703822596841,13.691098028660429,162.74605777104256,201.8041099694985
ga,adaptive,53,53.0,10,184.703822596841,13.691098028660429,162.74605777104256,201.8041099694985,2905.7562756826906,196.34064738231936,2594.579794926969,3337.669881611641,2669.7013232800177,218.85812966105402,2389.900906299823,3153.337554199737,184.703822596841,13.691098028660429,162.74605777104256,201.8041099694985
ga,adaptive,54,54.0,10,184.703822596841,13.691098028660429,162.74605777104256,201.8041099694985,2905.7562756826906,196.34064738231936,2594.579794926969,3337.669881611641,2669.7013232800177,218.85812966105402,2389.900906299823,3153.337554199737,184.703822596841,13.691098028660429,162.74605777104256,201.8041099694985
ga,adaptive,55,55.0,10,184.703822596841,13.691098028660429,162.74605777104256,201.8041099694985,2905.7562756826906,196.34064738231936,2594.579794926969,3337.669881611641,2669.7013232800177,218.85812966105402,2389.900906299823,3153.337554199737,184.703822596841,13.691098028660429,162.74605777104256,201.8041099694985
ga,adaptive,56,56.0,10,184.703822596841,13.691098028660429,162.74605777104256,201.8041099694985,2905.7562756826906,196.34064738231936,2594.579794926969,3337.669881611641,2669.7013232800177,218.85812966105402,2389.900906299823,3153.337554199737,184.703822596841,13.691098028660429,162.74605777104256,201.8041099694985
ga,adaptive,57,57.0,10,184.703822596841,13.691098028660429,162.74605777104256,201.8041099694985,2905.7562756826906,196.34064738231936,2594.579794926969,3337.669881611641,2669.7013232800177,218.85812966105402,2389.900906299823,3153.337554199737,184.703822596841,13.691098028660429,162.74605777104256,201.8041099694985
ga,adaptive,58,58.0,10,184.703822596841,13.691098028660429,162.74605777104256,201.8041099694985,2905.7562756826906,196.34064738231936,2594.579794926969,3337.669881611641,2669.7013232800177,218.85812966105402,2389.900906299823,3153.337554199737,184.703822596841,13.691098028660429,162.74605777104256,201.8041099694985
ga,adaptive,59,59.0,10,184.703822596841,13.691098028660429,162.74605777104256,201.8041099694985,2905.7562756826906,196.34064738231936,2594.579794926969,3337.669881611641,2669.7013232800177,218.85812966105402,2389.900906299823,3153.337554199737,184.703822596841,13.691098028660429,162.74605777104256,201.8041099694985
ga,adaptive,60,60.0,10,184.703822596841,13.691098028660429,162.74605777104256,201.8041099694985,2905.7562756826906,196.34064738231936,2594.579794926969,3337.669881611641,2669.7013232800177,218.85812966105402,2389.900906299823,3153.337554199737,184.703822596841,13.691098028660429,162.74605777104256,201.8041099694985
ga,adaptive,61,61.0,10,184.703822596841,13.691098028660429,162.74605777104256,201.8041099694985,2905.7562756826906,196.34064738231936,2594.579794926969,3337.669881611641,2669.7013232800177,218.85812966105402,2389.900906299823,3153.337554199737,184.703822596841,13.691098028660429,162.74605777104256,201.8041099694985
ga,adaptive,62,62.0,10,184.703822596841,13.691098028660429,162.74605777104256,201.8041099694985,2905.7562756826906,196.34064738231936,2594.579794926969,3337.669881611641,2669.7013232800177,218.85812966105402,2389.900906299823,3153.337554199737,184.703822596841,13.691098028660429,162.74605777104256,201.8041099694985
ga,adaptive,63,63.0,10,184.703822596841,13.691098028660429,162.74605777104256,201.8041099694985,2905.7562756826906,196.34064738231936,2594.579794926969,3337.669881611641,2669.7013232800177,218.85812966105402,2389.900906299823,3153.337554199737,184.703822596841,13.691098028660429,162.74605777104256,201.8041099694985
ga,adaptive,64,64.0,10,184.703822596841,13.691098028660429,162.74605777104256,201.8041099694985,2905.7562756826906,196.34064738231936,2594.579794926969,3337.669881611641,2669.7013232800177,218.85812966105402,2389.900906299823,3153.337554199737,184.703822596841,13.691098028660429,162.74605777104256,201.8041099694985
ga,static_frozen,0,0.0,10,17.649882122789972,0.0,17.649882122789972,17.649882122789972,60.0,0.0,60.0,60.0,25.747750799986527,0.0,25.74775079998653,25.74775079998653,17.649882122789972,0.0,17.649882122789972,17.649882122789972
ga,static_frozen,1,1.0,10,21.510714343979103,0.0,21.510714343979103,21.510714343979103,120.0,0.0,120.0,120.0,25.747750799986527,0.0,25.74775079998653,25.74775079998653,21.510714343979103,0.0,21.510714343979103,21.510714343979103
ga,static_frozen,2,2.0,10,26.98030039834857,0.0,26.98030039834857,26.98030039834857,180.0,0.0,180.0,180.0,25.747750799986527,0.0,25.74775079998653,25.74775079998653,26.98030039834857,0.0,26.98030039834857,26.98030039834857
ga,static_frozen,3,3.0,10,33.99190979503979,0.0,33.99190979503979,33.99190979503979,240.0,0.0,240.0,240.0,25.747750799986527,0.0,25.74775079998653,25.74775079998653,33.99190979503979,0.0,33.99190979503979,33.99190979503979
ga,static_frozen,4,4.0,10,41.146697714338345,0.0,41.146697714338345,41.146697714338345,300.0,0.0,300.0,300.0,25.747750799986527,0.0,25.74775079998653,25.74775079998653,41.146697714338345,0.0,41.146697714338345,41.146697714338345
ga,static_frozen,5,5.0,10,43.82266104004813,0.0,43.82266104004813,43.82266104004813,360.0,0.0,360.0,360.0,25.747750799986527,0.0,25.74775079998653,25.74775079998653,43.82266104004813,0.0,43.82266104004813,43.82266104004813
ga,static_frozen,6,6.0,10,46.588854976513616,0.0,46.588854976513616,46.588854976513616,420.0,0.0,420.0,420.0,25.747750799986527,0.0,25.74775079998653,25.74775079998653,46.588854976513616,0.0,46.588854976513616,46.588854976513616
ga,static_frozen,7,7.0,10,50.93604777141243,0.0,50.93604777141243,50.93604777141243,480.0,0.0,480.0,480.0,25.747750799986527,0.0,25.74775079998653,25.74775079998653,50.93604777141243,0.0,50.93604777141243,50.93604777141243
ga,static_frozen,8,8.0,10,53.46105709506401,0.0,53.46105709506401,53.46105709506401,540.0,0.0,540.0,540.0,25.747750799986527,0.0,25.74775079998653,25.74775079998653,53.46105709506401,0.0,53.46105709506401,53.46105709506401
ga,static_frozen,9,9.0,10,56.52303009640625,0.0,56.52303009640625,56.52303009640625,600.0,0.0,600.0,600.0,25.747750799986527,0.0,25.74775079998653,25.74775079998653,56.52303009640625,0.0,56.52303009640625,56.52303009640625
ga,static_frozen,10,10.0,10,60.91373911464873,0.0,60.913739114648735,60.913739114648735,660.0,0.0,660.0,660.0,25.747750799986527,0.0,25.74775079998653,25.74775079998653,60.91373911464873,0.0,60.913739114648735,60.913739114648735
ga,static_frozen,11,11.0,10,63.56751129581649,0.08398223763909338,63.45729561449083,63.669190906740695,720.0,0.0,720.0,720.0,25.747750799986527,0.0,25.74775079998653,25.74775079998653,63.56751129581649,0.08398223763909338,63.45729561449083,63.669190906740695
ga,static_frozen,12,12.0,10,66.2162301213144,0.12574238716607905,66.02651345552206,66.48919836963371,780.0,0.0,780.0,780.0,25.747750799986527,0.0,25.74775079998653,25.74775079998653,66.2162301213144,0.12574238716607905,66.02651345552206,66.48919836963371
ga,static_frozen,13,13.0,10,69.29215645362642,0.357178562962713,68.90163062204293,69.86052826330366,840.0,0.0,840.0,840.0,25.747750799986527,0.0,25.74775079998653,25.74775079998653,69.29215645362642,0.357178562962713,68.90163062204293,69.86052826330366
ga,static_frozen,14,14.0,10,71.4197240989997,0.36005391896298344,70.99863980434155,71.92926348137868,900.0,0.0,900.0,900.0,25.747750799986527,0.0,25.74775079998653,25.74775079998653,71.4197240989997,0.36005391896298344,70.99863980434155,71.92926348137868
ga,static_frozen,15,15.0,10,74.40107707943412,0.6346067022430655,73.51336370487954,75.6806796265131,960.0,0.0,960.0,960.0,25.747750799986527,0.0,25.74775079998653,25.74775079998653,74.40107707943412,0.6346067022430655,73.51336370487954,75.6806796265131
ga,static_frozen,16,16.0,10,78.34491144549598,1.259980758784939,76.57357327854847,80.62369634438392,1020.0,0.0,1020.0,1020.0,25.747750799986527,0.0,25.74775079998653,25.74775079998653,78.34491144549598,1.259980758784939,76.57357327854847,80.62369634438392
ga,static_frozen,17,17.0,10,82.57483730850048,1.9992146153940036,79.3258962609653,86.56442144560584,1080.0,0.0,1080.0,1080.0,25.747750799986527,0.0,25.74775079998653,25.74775079998653,82.57483730850048,1.9992146153940036,79.3258962609653,86.56442144560584
ga,static_frozen,18,18.0,10,86.09612911706077,2.142255637626914,82.2445429947971,89.86991684680055,1140.0,0.0,1140.0,1140.0,25.747750799986527,0.0,25.74775079998653,25.74775079998653,86.09612911706077,2.142255637626914,82.2445429947971,89.86991684680055
ga,static_frozen,19,19.0,10,89.36016911327722,3.0629697062545116,83.92312346218922,93.83465250964052,1200.0,0.0,1200.0,1200.0,25.747750799986527,0.0,25.74775079998653,25.74775079998653,89.36016911327722,3.0629697062545116,83.92312346218922,93.83465250964052
ga,static_frozen,20,20.0,10,95.25501208320273,3.990872684953919,87.79508424701413,100.71822417415233,1260.0,0.0,1260.0,1260.0,25.747750799986527,0.0,25.74775079998653,25.74775079998653,95.25501208320273,3.990872684953919,87.79508424701413,100.71822417415233
ga,static_frozen,21,21.0,10,100.27490054916811,5.282146410853688,92.26899203537177,107.61599920319549,1320.0,0.0,1320.0,1320.0,25.747750799986527,0.0,25.74775079998653,25.74775079998653,100.27490054916811,5.282146410853688,92.26899203537177,107.61599920319549
ga,static_frozen,22,22.0,10,104.61715354628109,5.758606971746963,96.38908334964744,115.35948367805165,1380.0,0.0,1380.0,1380.0,25.747750799986527,0.0,25.74775079998653,25.74775079998653,104.61715354628109,5.758606971746963,96.38908334964744,115.35948367805165
ga,static_frozen,23,23.0,10,109.28685822326611,7.70607246719233,98.20109105260585,123.01885686213288,1440.0,0.0,1440.0,1440.0,25.747750799986527,0.0,25.74775079998653,25.74775079998653,109.28685822326611,7.70607246719233,98.20109105260585,123.01885686213288
ga,static_frozen,24,24.0,10,114.94274466498082,9.819459200504932,102.38113491334296,130.76513766719876,1500.0,0.0,1500.0,1500.0,25.747750799986527,0.0,25.74775079998653,25.74775079998653,114.94274466498082,9.819459200504932,102.38113491334296,130.76513766719876
ga,static_frozen,25,25.0,10,119.32058641545882,9.786333837481807,110.28010090139227,136.81010378151518,1560.0,0.0,1560.0,1560.0,25.747750799986527,0.0,25.74775079998653,25.74775079998653,119.32058641545882,9.786333837481807,110.28010090139227,136.81010378151518
ga,static_frozen,26,26.0,10,124.47067726469709,9.74623878328066,113.8791650595801,140.10015204823807,1620.0,0.0,1620.0,1620.0,25.747750799986527,0.0,25.74775079998653,25.74775079998653,124.47067726469709,9.74623878328066,113.8791650595801,140.10015204823807
ga,static_frozen,27,27.0,10,129.88500856896502,11.885803900338352,117.28908658127462,149.2004742285535,1680.0,0.0,1680.0,1680.0,25.747750799986527,0.0,25.74775079998653,25.74775079998653,129.88500856896502,11.885803900338352,117.28908658127462,149.2004742285535
ga,static_frozen,28,28.0,10,135.28140065826727,14.975841670259395,118.1105603337112,158.846890877332,1740.0,0.0,1740.0,1740.0,25.747750799986527,0.0,25.74775079998653,25.74775079998653,135.28140065826727,14.975841670259395,118.1105603337112,158.846890877332
ga,static_frozen,29,29.0,10,141.33005382052187,17.01622668222975,119.28972749169868,171.22101406312763,1800.0,0.0,1800.0,1800.0,25.747750799986527,0.0,25.74775079998653,25.74775079998653,141.33005382052187,17.01622668222975,119.28972749169868,171.22101406312763
ga,static_frozen,30,30.0,10,145.46673044296693,18.2667699030041,120.48303967670608,178.90433257694878,1860.0,0.0,1860.0,1860.0,25.747750799986527,0.0,25.74775079998653,25.74775079998653,145.46673044296693,18.2667699030041,120.48303967670608,178.90433257694878
ga,static_frozen,31,31.0,10,150.43941423190012,20.092673942201525,126.13184712698616,187.6345223363897,1920.0,0.0,1920.0,1920.0,25.747750799986527,0.0,25.74775079998653,25.74775079998653,150.43941423190012,20.092673942201525,126.13184712698616,187.6345223363897
ga,static_frozen,32,32.0,10,154.3616417216713,21.713203214188244,128.9830025722679,194.2804921812105,1980.0,0.0,1980.0,1980.0,25.747750799986527,0.0,25.74775079998653,25.74775079998653,154.3616417216713,21.713203214188244,128.9830025722679,194.2804921812105
ga,static_frozen,33,33.0,10,157.4163283656626,21.89859914047361,131.77474600485124,196.8249500193315,2040.0,0.0,2040.0,2040.0,25.747750799986527,0.0,25.74775079998653,25.74775079998653,157.4163283656626,21.89859914047361,131.77474600485124,196.8249500193315
ga,static_frozen,34,34.0,10,158.53472579642275,21.868857802272416,132.58147791148355,198.32120639242575,2100.0,0.0,2100.0,2100.0,25.747750799986527,0.0,25.74775079998653,25.74775079998653,158.53472579642275,21.868857802272416,132.58147791148355,198.32120639242575
ga,static_frozen,35,35.0,10,159.32972233223336,21.68111490165627,133.22954805700687,199.08327912931304,2160.0,0.0,2160.0,2160.0,25.747750799986527,0.0,25.74775079998653,25.74775079998653,159.32972233223336,21.68111490165627,133.22954805700687,199.08327912931304
ga,static_frozen,36,36.0,10,159.98295503416847,21.461446580121095,133.46960856548955,199.3553430404143,2220.0,0.0,2220.0,2220.0,25.747750799986527,0.0,25.74775079998653,25.74775079998653,159.98295503416847,21.461446580121095,133.46960856548955,199.3553430404143
ga,static_frozen,37,37.0,10,160.71216883482782,21.590806512175483,133.5971552314679,200.61794893969744,2280.0,0.0,2280.0,2280.0,25.747750799986527,0.0,25.74775079998653,25.74775079998653,160.71216883482782,21.590806512175483,133.5971552314679,200.61794893969744
ga,static_frozen,38,38.0,10,161.48322828215186,22.25067816176293,133.85081902013206,202.6408698459713,2340.0,0.0,2340.0,2340.0,25.747750799986527,0.0,25.74775079998653,25.74775079998653,161.48322828215186,22.25067816176293,133.85081902013206,202.6408698459713
ga,static_frozen,39,39.0,10,161.94905054334816,22.173167878038154,134.46051743013655,202.87965672174928,2400.0,0.0,2400.0,2400.0,25.747750799986527,0.0,25.74775079998653,25.74775079998653,161.94905054334816,22.173167878038154,134.46051743013655,202.87965672174928
ga,static_frozen,40,40.0,10,163.14320645568242,21.690915544749068,135.6784704398573,203.742825827287,2460.0,0.0,2460.0,2460.0,25.747750799986527,0.0,25.74775079998653,25.74775079998653,163.14320645568242,21.690915544749068,135.6784704398573,203.742825827287
ga,static_frozen,41,41.0,10,163.8843162564951,21.45316341838843,136.14215267720854,204.0881238486579,2520.0,0.0,2520.0,2520.0,25.747750799986527,0.0,25.74775079998653,25.74775079998653,163.8843162564951,21.45316341838843,136.14215267720854,204.0881238486579
ga,static_frozen,42,42.0,10,166.85520274282527,21.736167043119856,136.23548601054188,204.75293523742235,2628.1960214935575,152.40920207807125,2580.0,3061.960214935573,25.747750799986527,0.0,25.74775079998653,25.74775079998653,166.85520274282527,21.736167043119856,136.23548601054188,204.75293523742235
ga,static_frozen,43,43.0,10,173.1018016741904,17.702817975377723,142.6171864371535,205.42016400269765,2773.0026792167587,214.39469539542293,2640.0,3104.988154663078,25.747750799986527,0.0,25.74775079998653,25.74775079998653,173.1018016741904,17.702817975377723,142.6171864371535,205.42016400269765
ga,static_frozen,44,44.0,10,176.10202362225658,17.42033925771551,142.71051977048683,205.51349733603095,2860.043716309438,207.76837300453565,2700.0,3150.4103709267906,25.747750799986527,0.0,25.74775079998653,25.74775079998653,176.10202362225658,17.42033925771551,142.71051977048683,205.51349733603095
ga,static_frozen,45,45.0,10,183.73009845774678,16.920760978396675,165.82491761362425,227.36820196491755,3037.1286894264776,200.70021470668115,2760.0,3232.6433929008977,25.747750799986527,0.0,25.74775079998653,25.74775079998653,183.73009845774678,16.920760978396675,165.82491761362425,227.36820196491755
ga,static_frozen,46,46.0,10,188.45987205800628,18.151343423650065,165.82491761362425,227.36820196491755,3146.8844728824834,140.01911524016114,2820.0,3299.427241167063,25.747750799986527,0.0,25.74775079998653,25.74775079998653,188.45987205800628,18.151343423650065,165.82491761362425,227.36820196491755
ga,static_frozen,47,47.0,10,188.46920539133959,18.152188021213075,165.82491761362425,227.36820196491755,3152.8844728824834,124.9275509813764,2880.0,3299.427241167063,25.747750799986527,0.0,25.74775079998653,25.74775079998653,188.46920539133959,18.152188021213075,165.82491761362425,227.36820196491755
ga,static_frozen,48,48.0,10,190.49582757350927,19.427323976286974,165.82491761362425,227.36820196491755,3204.3160753810234,104.26099643716492,3061.960214935573,3394.3160249854013,25.747750799986527,0.0,25.74775079998653,25.74775079998653,190.49582757350927,19.427323976286974,165.82491761362425,227.36820196491755
ga,static_frozen,49,49.0,10,190.49582757350927,19.427323976286974,165.82491761362425,227.36820196491755,3204.3160753810234,104.26099643716492,3061.960214935573,3394.3160249854013,25.747750799986527,0.0,25.74775079998653,25.74775079998653,190.49582757350927,19.427323976286974,165.82491761362425,227.36820196491755
ga,static_frozen,50,50.0,10,190.49582757350927,19.427323976286974,165.82491761362425,227.36820196491755,3204.3160753810234,104.26099643716492,3061.960214935573,3394.3160249854013,25.747750799986527,0.0,25.74775079998653,25.74775079998653,190.49582757350927,19.427323976286974,165.82491761362425,227.36820196491755
ga,static_frozen,51,51.0,10,190.49582757350927,19.427323976286974,165.82491761362425,227.36820196491755,3204.3160753810234,104.26099643716492,3061.960214935573,3394.3160249854013,25.747750799986527,0.0,25.74775079998653,25.74775079998653,190.49582757350927,19.427323976286974,165.82491761362425,227.36820196491755
ga,static_frozen,52,52.0,10,190.49582757350927,19.427323976286974,165.82491761362425,227.36820196491755,3204.3160753810234,104.26099643716492,3061.960214935573,3394.3160249854013,25.747750799986527,0.0,25.74775079998653,25.74775079998653,190.49582757350927,19.427323976286974,165.82491761362425,227.36820196491755
ga,static_frozen,53,53.0,10,190.49582757350927,19.427323976286974,165.82491761362425,227.36820196491755,3204.3160753810234,104.26099643716492,3061.960214935573,3394.3160249854013,25.747750799986527,0.0,25.74775079998653,25.74775079998653,190.49582757350927,19.427323976286974,165.82491761362425,227.36820196491755
ga,static_frozen,54,54.0,10,190.49582757350927,19.427323976286974,165.82491761362425,227.36820196491755,3204.3160753810234,104.26099643716492,3061.960214935573,3394.3160249854013,25.747750799986527,0.0,25.74775079998653,25.74775079998653,190.49582757350927,19.427323976286974,165.82491761362425,227.36820196491755
ga,static_frozen,55,55.0,10,190.49582757350927,19.427323976286974,165.82491761362425,227.36820196491755,3204.3160753810234,104.26099643716492,3061.960214935573,3394.3160249854013,25.747750799986527,0.0,25.74775079998653,25.74775079998653,190.49582757350927,19.427323976286974,165.82491761362425,227.36820196491755
ga,static_frozen,56,56.0,10,190.49582757350927,19.427323976286974,165.82491761362425,227.36820196491755,3204.3160753810234,104.26099643716492,3061.960214935573,3394.3160249854013,25.747750799986527,0.0,25.74775079998653,25.74775079998653,190.49582757350927,19.427323976286974,165.82491761362425,227.36820196491755
ga,static_frozen,57,57.0,10,190.49582757350927,19.427323976286974,165.82491761362425,227.36820196491755,3204.3160753810234,104.26099643716492,3061.960214935573,3394.3160249854013,25.747750799986527,0.0,25.74775079998653,25.74775079998653,190.49582757350927,19.427323976286974,165.82491761362425,227.36820196491755
ga,static_frozen,58,58.0,10,190.49582757350927,19.427323976286974,165.82491761362425,227.36820196491755,3204.3160753810234,104.26099643716492,3061.960214935573,3394.3160249854013,25.747750799986527,0.0,25.74775079998653,25.74775079998653,190.49582757350927,19.427323976286974,165.82491761362425,227.36820196491755
ga,static_frozen,59,59.0,10,190.49582757350927,19.427323976286974,165.82491761362425,227.36820196491755,3204.3160753810234,104.26099643716492,3061.960214935573,3394.3160249854013,25.747750799986527,0.0,25.74775079998653,25.74775079998653,190.49582757350927,19.427323976286974,165.82491761362425,227.36820196491755
ga,static_frozen,60,60.0,10,190.49582757350927,19.427323976286974,165.82491761362425,227.36820196491755,3204.3160753810234,104.26099643716492,3061.960214935573,3394.3160249854013,25.747750799986527,0.0,25.74775079998653,25.74775079998653,190.49582757350927,19.427323976286974,165.82491761362425,227.36820196491755
ga,static_frozen,61,61.0,10,190.49582757350927,19.427323976286974,165.82491761362425,227.36820196491755,3204.3160753810234,104.26099643716492,3061.960214935573,3394.3160249854013,25.747750799986527,0.0,25.74775079998653,25.74775079998653,190.49582757350927,19.427323976286974,165.82491761362425,227.36820196491755
ga,static_frozen,62,62.0,10,190.49582757350927,19.427323976286974,165.82491761362425,227.36820196491755,3204.3160753810234,104.26099643716492,3061.960214935573,3394.3160249854013,25.747750799986527,0.0,25.74775079998653,25.74775079998653,190.49582757350927,19.427323976286974,165.82491761362425,227.36820196491755
ga,static_frozen,63,63.0,10,190.49582757350927,19.427323976286974,165.82491761362425,227.36820196491755,3204.3160753810234,104.26099643716492,3061.960214935573,3394.3160249854013,25.747750799986527,0.0,25.74775079998653,25.74775079998653,190.49582757350927,19.427323976286974,165.82491761362425,227.36820196491755
ga,static_frozen,64,64.0,10,190.49582757350927,19.427323976286974,165.82491761362425,227.36820196491755,3204.3160753810234,104.26099643716492,3061.960214935573,3394.3160249854013,25.747750799986527,0.0,25.74775079998653,25.74775079998653,190.49582757350927,19.427323976286974,165.82491761362425,227.36820196491755
ga,static_live,0,0.0,10,17.649882122789972,0.0,17.649882122789972,17.649882122789972,60.0,0.0,60.0,60.0,25.747750799986527,0.0,25.74775079998653,25.74775079998653,17.649882122789972,0.0,17.649882122789972,17.649882122789972
ga,static_live,1,1.0,10,21.510714343979103,0.0,21.510714343979103,21.510714343979103,120.0,0.0,120.0,120.0,25.747750799986527,0.0,25.74775079998653,25.74775079998653,21.510714343979103,0.0,21.510714343979103,21.510714343979103
ga,static_live,2,2.0,10,26.98030039834857,0.0,26.98030039834857,26.98030039834857,180.0,0.0,180.0,180.0,25.747750799986527,0.0,25.74775079998653,25.74775079998653,26.98030039834857,0.0,26.98030039834857,26.98030039834857
ga,static_live,3,3.0,10,33.99190979503979,0.0,33.99190979503979,33.99190979503979,240.0,0.0,240.0,240.0,25.747750799986527,0.0,25.74775079998653,25.74775079998653,33.99190979503979,0.0,33.99190979503979,33.99190979503979
ga,static_live,4,4.0,10,41.146697714338345,0.0,41.146697714338345,41.146697714338345,300.0,0.0,300.0,300.0,25.747750799986527,0.0,25.74775079998653,25.74775079998653,41.146697714338345,0.0,41.146697714338345,41.146697714338345
ga,static_live,5,5.0,10,43.82266104004813,0.0,43.82266104004813,43.82266104004813,360.0,0.0,360.0,360.0,25.747750799986527,0.0,25.74775079998653,25.74775079998653,43.82266104004813,0.0,43.82266104004813,43.82266104004813
ga,static_live,6,6.0,10,46.588854976513616,0.0,46.588854976513616,46.588854976513616,420.0,0.0,420.0,420.0,25.747750799986527,0.0,25.74775079998653,25.74775079998653,46.588854976513616,0.0,46.588854976513616,46.588854976513616
ga,static_live,7,7.0,10,50.93604777141243,0.0,50.93604777141243,50.93604777141243,480.0,0.0,480.0,480.0,25.747750799986527,0.0,25.74775079998653,25.74775079998653,50.93604777141243,0.0,50.93604777141243,50.93604777141243
ga,static_live,8,8.0,10,53.46105709506401,0.0,53.46105709506401,53.46105709506401,540.0,0.0,540.0,540.0,25.747750799986527,0.0,25.74775079998653,25.74775079998653,53.46105709506401,0.0,53.46105709506401,53.46105709506401
ga,static_live,9,9.0,10,56.52303009640625,0.0,56.52303009640625,56.52303009640625,600.0,0.0,600.0,600.0,25.747750799986527,0.0,25.74775079998653,25.74775079998653,56.52303009640625,0.0,56.52303009640625,56.52303009640625
ga,static_live,10,10.0,10,60.91373911464873,0.0,60.913739114648735,60.913739114648735,660.0,0.0,660.0,660.0,25.747750799986527,0.0,25.74775079998653,25.74775079998653,60.91373911464873,0.0,60.913739114648735,60.913739114648735
ga,static_live,11,11.0,10,63.56467663231134,0.08149497753328408,63.45729561449083,63.65974202839024,720.0,0.0,720.0,720.0,25.747750799986527,0.0,25.74775079998653,25.74775079998653,63.56467663231134,0.08149497753328408,63.45729561449083,63.65974202839024
ga,static_live,12,12.0,10,66.21339545780926,0.12534218178212783,66.02651345552206,66.48919836963371,780.0,0.0,780.0,780.0,25.747750799986527,0.0,25.74775079998653,25.74775079998653,66.21339545780926,0.12534218178212783,66.02651345552206,66.48919836963371
ga,static_live,13,13.0,10,69.28304061691185,0.3532965102827553,68.90163062204293,69.85646994254205,840.0,0.0,840.0,840.0,25.747750799986527,0.0,25.74775079998653,25.74775079998653,69.28304061691185,0.3532965102827553,68.90163062204293,69.85646994254205
ga,static_live,14,14.0,10,71.41081317194067,0.35809932236661285,70.99863980434155,71.92520516061707,900.0,0.0,900.0,900.0,25.747750799986527,0.0,25.74775079998653,25.74775079998653,71.41081317194067,0.35809932236661285,70.99863980434155,71.92520516061707
ga,static_live,15,15.0,10,74.30985057920003,0.5661532886773969,73.51336370487954,75.50903965727137,960.0,0.0,960.0,960.0,25.747750799986527,0.0,25.74775079998653,25.74775079998653,74.30985057920003,0.5661532886773969,73.51336370487954,75.50903965727137
ga,static_live,16,16.0,10,78.1695297223898,1.0817935928088291,76.56951495778685,80.14076824615432,1020.0,0.0,1020.0,1020.0,25.747750799986527,0.0,25.74775079998653,25.74775079998653,78.1695297223898,1.0817935928088291,76.56951495778685,80.14076824615432
ga,static_live,17,17.0,10,82.17946132308074,1.509203057807077,79.32183794020368,84.21970824619848,1080.0,0.0,1080.0,1080.0,25.747750799986527,0.0,25.74775079998653,25.74775079998653,82.17946132308074,1.509203057807077,79.32183794020368,84.21970824619848
ga,static_live,18,18.0,10,85.69843766026607,1.6235188236140086,82.24048467403549,87.46274945692423,1140.0,0.0,1140.0,1140.0,25.747750799986527,0.0,25.74775079998653,25.74775079998653,85.69843766026607,1.6235188236140086,82.24048467403549,87.46274945692423
ga,static_live,19,19.0,10,88.52761150726437,2.5543969820347856,83.91906514142761,93.83059418887892,1200.0,0.0,1200.0,1200.0,25.747750799986527,0.0,25.74775079998653,25.74775079998653,88.52761150726437,2.5543969820347856,83.91906514142761,93.83059418887892
ga,static_live,20,20.0,10,94.3612485360692,3.2416161019186958,87.79102592625252,98.37140016583216,1260.0,0.0,1260.0,1260.0,25.747750799986527,0.0,25.74775079998653,25.74775079998653,94.3612485360692,3.2416161019186958,87.79102592625252,98.37140016583216
ga,static_live,21,21.0,10,98.85287479230571,3.966943826052417,92.26493371461017,106.43907020833316,1320.0,0.0,1320.0,1320.0,25.747750799986527,0.0,25.74775079998653,25.74775079998653,98.85287479230571,3.966943826052417,92.26493371461017,106.43907020833316
ga,static_live,22,22.0,10,102.74513832256768,3.821043131461263,96.01753622414572,108.22205761113985,1380.0,0.0,1380.0,1380.0,25.747750799986527,0.0,25.74775079998653,25.74775079998653,102.74513832256768,3.821043131461263,96.01753622414572,108.22205761113985
ga,static_live,23,23.0,10,106.98243216104984,5.450500379856253,97.82954392710414,114.71780608240088,1440.0,0.0,1440.0,1440.0,25.747750799986527,0.0,25.74775079998653,25.74775079998653,106.98243216104984,5.450500379856253,97.82954392710414,114.71780608240088
ga,static_live,24,24.0,10,112.26426891306828,7.116033468483906,101.94346376144892,126.317086697856,1500.0,0.0,1500.0,1500.0,25.747750799986527,0.0,25.74775079998653,25.74775079998653,112.26426891306828,7.116033468483906,101.94346376144892,126.317086697856
ga,static_live,25,25.0,10,116.2889899620674,6.948175307808913,109.50674971364064,128.58919599099912,1560.0,0.0,1560.0,1560.0,25.747750799986527,0.0,25.74775079998653,25.74775079998653,116.2889899620674,6.948175307808913,109.50674971364064,128.58919599099912
ga,static_live,26,26.0,10,121.02104865043808,7.359901974450914,113.45540983071636,134.1241622535439,1620.0,0.0,1620.0,1620.0,25.747750799986527,0.0,25.74775079998653,25.74775079998653,121.02104865043808,7.359901974450914,113.45540983071636,134.1241622535439
ga,static_live,27,27.0,10,126.02455773447522,8.799544022219584,116.27139760595092,141.9817212895855,1680.0,0.0,1680.0,1680.0,25.747750799986527,0.0,25.74775079998653,25.74775079998653,126.02455773447522,8.799544022219584,116.27139760595092,141.9817212895855
ga,static_live,28,28.0,10,130.1038188679149,11.296880746443236,117.94507016610464,147.4312768791031,1740.0,0.0,1740.0,1740.0,25.747750799986527,0.0,25.74775079998653,25.74775079998653,130.1038188679149,11.296880746443236,117.94507016610464,147.4312768791031
ga,static_live,29,29.0,10,135.13264017342516,13.022195475977298,119.13946884637564,153.3527465264234,1800.0,0.0,1800.0,1800.0,25.747750799986527,0.0,25.74775079998653,25.74775079998653,135.13264017342516,13.022195475977298,119.13946884637564,153.3527465264234
ga,static_live,30,30.0,10,138.17882782401867,12.552374207450892,120.2305406686078,156.25123112063625,1860.0,0.0,1860.0,1860.0,25.747750799986527,0.0,25.74775079998653,25.74775079998653,138.17882782401867,12.552374207450892,120.2305406686078,156.25123112063625
ga,static_live,31,31.0,10,142.2487254935714,14.926220842692226,122.0912820868241,165.32446442279536,1920.0,0.0,1920.0,1920.0,25.747750799986527,0.0,25.74775079998653,25.74775079998653,142.2487254935714,14.926220842692226,122.0912820868241,165.32446442279536
ga,static_live,32,32.0,10,145.33955377862793,15.851976457786968,123.24679017865338,167.90908946466425,1980.0,0.0,1980.0,1980.0,25.747750799986527,0.0,25.74775079998653,25.74775079998653,145.33955377862793,15.851976457786968,123.24679017865338,167.90908946466425
ga,static_live,33,33.0,10,147.9787620541384,15.835526806385841,126.4113455013591,171.43937776777855,2040.0,0.0,2040.0,2040.0,25.747750799986527,0.0,25.74775079998653,25.74775079998653,147.9787620541384,15.835526806385841,126.4113455013591,171.43937776777855
ga,static_live,34,34.0,10,148.89786030784563,15.824536046569142,127.28409159936145,173.12017087340723,2100.0,0.0,2100.0,2100.0,25.747750799986527,0.0,25.74775079998653,25.74775079998653,148.89786030784563,15.824536046569142,127.28409159936145,173.12017087340723
ga,static_live,35,35.0,10,149.7628966011915,15.603964674785212,128.76966727414683,173.67749284134487,2160.0,0.0,2160.0,2160.0,25.747750799986527,0.0,25.74775079998653,25.74775079998653,149.7628966011915,15.603964674785212,128.76966727414683,173.67749284134487
ga,static_live,36,36.0,10,150.54950289607783,15.698163561048679,128.9563339408135,174.53450460832434,2220.0,0.0,2220.0,2220.0,25.747750799986527,0.0,25.74775079998653,25.74775079998653,150.54950289607783,15.698163561048679,128.9563339408135,174.53450460832434
ga,static_live,37,37.0,10,150.9550250394464,15.486381284024956,129.9784261339526,174.721171274991,2280.0,0.0,2280.0,2280.0,25.747750799986527,0.0,25.74775079998653,25.74775079998653,150.9550250394464,15.486381284024956,129.9784261339526,174.721171274991
ga,static_live,38,38.0,10,151.660103473762,15.543736713018248,130.26324148523616,175.9318304207105,2340.0,0.0,2340.0,2340.0,25.747750799986527,0.0,25.74775079998653,25.74775079998653,151.660103473762,15.543736713018248,130.26324148523616,175.9318304207105
ga,static_live,39,39.0,10,152.38312913718465,15.867738921768055,130.3565748185695,177.8691468840792,2400.0,0.0,2400.0,2400.0,25.747750799986527,0.0,25.74775079998653,25.74775079998653,152.38312913718465,15.867738921768055,130.3565748185695,177.8691468840792
ga,static_live,40,40.0,10,153.1716524429749,15.518117940731347,131.43097087695458,178.05581355074585,2460.0,0.0,2460.0,2460.0,25.747750799986527,0.0,25.74775079998653,25.74775079998653,153.1716524429749,15.518117940731347,131.43097087695458,178.05581355074585
ga,static_live,41,41.0,10,153.82604620202707,15.503254037829793,132.56141407599034,178.9108087972129,2520.0,0.0,2520.0,2520.0,25.747750799986527,0.0,25.74775079998653,25.74775079998653,153.82604620202707,15.503254037829793,132.56141407599034,178.9108087972129
ga,static_live,42,42.0,10,156.6365445964381,15.798652225003451,132.78579102446864,179.09747546387956,2628.1960214935575,152.40920207807125,2580.0,3061.960214935573,25.747750799986527,0.0,25.74775079998653,25.74775079998653,156.6365445964381,15.798652225003451,132.78579102446864,179.09747546387956
ga,static_live,43,43.0,10,165.65506159876622,14.752894422237272,134.7685888021039,182.1066439922646,2821.346625773728,234.62277657426878,2640.0,3123.4394655696965,25.747750799986527,0.0,25.74775079998653,25.74775079998653,165.65506159876622,14.752894422237272,134.7685888021039,182.1066439922646
ga,static_live,44,44.0,10,165.8986058002442,14.733031712343644,134.86192213543725,182.1066439922646,2857.346625773728,203.71577559315574,2700.0,3123.4394655696965,25.747750799986527,0.0,25.74775079998653,25.74775079998653,165.8986058002442,14.733031712343644,134.86192213543725,182.1066439922646
ga,static_live,45,45.0,10,168.79976542724788,10.195701093397496,150.45340568006074,182.1066439922646,2944.397482028487,202.0064325639534,2760.0,3270.50856254759,25.747750799986527,0.0,25.74775079998653,25.74775079998653,168.79976542724788,10.195701093397496,150.45340568006074,182.1066439922646
ga,static_live,46,46.0,10,173.55309988832582,10.658299848017991,161.28425358865806,193.6617610214208,3080.076810333785,208.44008214433197,2820.0,3398.457291016984,25.747750799986527,0.0,25.74775079998653,25.74775079998653,173.55309988832582,10.658299848017991,161.28425358865806,193.6617610214208
ga,static_live,47,47.0,10,173.68511937697434,10.601099942927643,161.3775869219914,193.6617610214208,3098.076810333785,184.07660207365967,2880.0,3398.457291016984,25.747750799986527,0.0,25.74775079998653,25.74775079998653,173.68511937697434,10.601099942927643,161.3775869219914,193.6617610214208
ga,static_live,48,48.0,10,178.25337338114235,13.028391089346687,161.4281664725553,201.744403927894,3205.103838630484,162.55123871904794,2940.0,3398.457291016984,25.747750799986527,0.0,25.74775079998653,25.74775079998653,178.25337338114235,13.028391089346687,161.4281664725553,201.744403927894
ga,static_live,49,49.0,10,178.26270671447568,13.02206490604893,161.4281664725553,201.744403927894,3211.103838630484,152.47356282546318,3000.0,3398.457291016984,25.747750799986527,0.0,25.74775079998653,25.74775079998653,178.26270671447568,13.02206490604893,161.4281664725553,201.744403927894
ga,static_live,50,50.0,10,180.2911851297321,13.232294642161165,161.4281664725553,201.744403927894,3267.0782118028715,168.28789026791816,3061.960214935573,3559.743731723873,25.747750799986527,0.0,25.74775079998653,25.74775079998653,180.2911851297321,13.232294642161165,161.4281664725553,201.744403927894
ga,static_live,51,51.0,10,180.2911851297321,13.232294642161165,161.4281664725553,201.744403927894,3267.0782118028715,168.28789026791816,3061.960214935573,3559.743731723873,25.747750799986527,0.0,25.74775079998653,25.74775079998653,180.2911851297321,13.232294642161165,161.4281664725553,201.744403927894
ga,static_live,52,52.0,10,180.2911851297321,13.232294642161165,161.4281664725553,201.744403927894,3267.0782118028715,168.28789026791816,3061.960214935573,3559.743731723873,25.747750799986527,0.0,25.74775079998653,25.74775079998653,180.2911851297321,13.232294642161165,161.4281664725553,201.744403927894
ga,static_live,53,53.0,10,180.2911851297321,13.232294642161165,161.4281664725553,201.744403927894,3267.0782118028715,168.28789026791816,3061.960214935573,3559.743731723873,25.747750799986527,0.0,25.74775079998653,25.74775079998653,180.2911851297321,13.232294642161165,161.4281664725553,201.744403927894
ga,static_live,54,54.0,10,180.2911851297321,13.232294642161165,161.4281664725553,201.744403927894,3267.0782118028715,168.28789026791816,3061.960214935573,3559.743731723873,25.747750799986527,0.0,25.74775079998653,25.74775079998653,180.2911851297321,13.232294642161165,161.4281664725553,201.744403927894
ga,static_live,55,55.0,10,180.2911851297321,13.232294642161165,161.4281664725553,201.744403927894,3267.0782118028715,168.28789026791816,3061.960214935573,3559.743731723873,25.747750799986527,0.0,25.74775079998653,25.74775079998653,180.2911851297321,13.232294642161165,161.4281664725553,201.744403927894
ga,static_live,56,56.0,10,180.2911851297321,13.232294642161165,161.4281664725553,201.744403927894,3267.0782118028715,168.28789026791816,3061.960214935573,3559.743731723873,25.747750799986527,0.0,25.74775079998653,25.74775079998653,180.2911851297321,13.232294642161165,161.4281664725553,201.744403927894
ga,static_live,57,57.0,10,180.2911851297321,13.232294642161165,161.4281664725553,201.744403927894,3267.0782118028715,168.28789026791816,3061.960214935573,3559.743731723873,25.747750799986527,0.0,25.74775079998653,25.74775079998653,180.2911851297321,13.232294642161165,161.4281664725553,201.744403927894
ga,static_live,58,58.0,10,180.2911851297321,13.232294642161165,161.4281664725553,201.744403927894,3267.0782118028715,168.28789026791816,3061.960214935573,3559.743731723873,25.747750799986527,0.0,25.74775079998653,25.74775079998653,180.2911851297321,13.232294642161165,161.4281664725553,201.744403927894
ga,static_live,59,59.0,10,180.2911851297321,13.232294642161165,161.4281664725553,201.744403927894,3267.0782118028715,168.28789026791816,3061.960214935573,3559.743731723873,25.747750799986527,0.0,25.74775079998653,25.74775079998653,180.2911851297321,13.232294642161165,161.4281664725553,201.744403927894
ga,static_live,60,60.0,10,180.2911851297321,13.232294642161165,161.4281664725553,201.744403927894,3267.0782118028715,168.28789026791816,3061.960214935573,3559.743731723873,25.747750799986527,0.0,25.74775079998653,25.74775079998653,180.2911851297321,13.232294642161165,161.4281664725553,201.744403927894
ga,static_live,61,61.0,10,180.2911851297321,13.232294642161165,161.4281664725553,201.744403927894,3267.0782118028715,168.28789026791816,3061.960214935573,3559.743731723873,25.747750799986527,0.0,25.74775079998653,25.74775079998653,180.2911851297321,13.232294642161165,161.4281664725553,201.744403927894
ga,static_live,62,62.0,10,180.2911851297321,13.232294642161165,161.4281664725553,201.744403927894,3267.0782118028715,168.28789026791816,3061.960214935573,3559.743731723873,25.747750799986527,0.0,25.74775079998653,25.74775079998653,180.2911851297321,13.232294642161165,161.4281664725553,201.744403927894
ga,static_live,63,63.0,10,180.2911851297321,13.232294642161165,161.4281664725553,201.744403927894,3267.0782118028715,168.28789026791816,3061.960214935573,3559.743731723873,25.747750799986527,0.0,25.74775079998653,25.74775079998653,180.2911851297321,13.232294642161165,161.4281664725553,201.744403927894
ga,static_live,64,64.0,10,180.2911851297321,13.232294642161165,161.4281664725553,201.744403927894,3267.0782118028715,168.28789026791816,3061.960214935573,3559.743731723873,25.747750799986527,0.0,25.74775079998653,25.74775079998653,180.2911851297321,13.232294642161165,161.4281664725553,201.744403927894
nn,adaptive,0,0.0,10,16.660400703942315,0.0,16.660400703942315,16.660400703942315,60.0,0.0,60.0,60.0,10.21008449990768,0.0,10.21008449990768,10.21008449990768,16.660400703942315,0.0,16.660400703942315,16.660400703942315
nn,adaptive,1,1.0,10,19.33223618167276,0.0,19.33223618167276,19.33223618167276,120.0,0.0,120.0,120.0,10.21008449990768,0.0,10.21008449990768,10.21008449990768,19.33223618167276,0.0,19.33223618167276,19.33223618167276
nn,adaptive,2,2.0,10,21.565885331898087,0.0,21.565885331898087,21.565885331898087,180.0,0.0,180.0,180.0,10.21008449990768,0.0,10.21008449990768,10.21008449990768,21.565885331898087,0.0,21.565885331898087,21.565885331898087
nn,adaptive,3,3.0,10,26.198742999222823,0.0,26.198742999222823,26.198742999222823,240.0,0.0,240.0,240.0,10.21008449990768,0.0,10.21008449990768,10.21008449990768,26.198742999222823,0.0,26.198742999222823,26.198742999222823
nn,adaptive,4,4.0,10,28.387841410471413,0.0,28.38784141047141,28.38784141047141,300.0,0.0,300.0,300.0,10.21008449990768,0.0,10.21008449990768,10.21008449990768,28.387841410471413,0.0,28.38784141047141,28.38784141047141
nn,adaptive,5,5.0,10,33.1514387899738,0.0,33.1514387899738,33.1514387899738,360.0,0.0,360.0,360.0,20.839852459914983,0.2891648300281192,20.169632099801674,21.12000559992157,33.1514387899738,0.0,33.1514387899738,33.1514387899738
nn,adaptive,6,6.0,10,37.63724995667704,0.0,37.63724995667704,37.63724995667704,420.0,0.0,420.0,420.0,20.839852459914983,0.2891648300281192,20.169632099801674,21.12000559992157,37.63724995667704,0.0,37.63724995667704,37.63724995667704
nn,adaptive,7,7.0,10,40.6185324406206,0.0,40.6185324406206,40.6185324406206,480.0,0.0,480.0,480.0,20.839852459914983,0.2891648300281192,20.169632099801674,21.12000559992157,40.6185324406206,0.0,40.6185324406206,40.6185324406206
nn,adaptive,8,8.0,10,42.796631302448986,0.0,42.796631302448986,42.796631302448986,540.0,0.0,540.0,540.0,20.839852459914983,0.2891648300281192,20.169632099801674,21.12000559992157,42.796631302448986,0.0,42.796631302448986,42.796631302448986
nn,adaptive,9,9.0,10,44.64195345947076,0.0,44.64195345947076,44.64195345947076,600.0,0.0,600.0,600.0,20.839852459914983,0.2891648300281192,20.169632099801674,21.12000559992157,44.64195345947076,0.0,44.64195345947076,44.64195345947076
nn,adaptive,10,10.0,10,47.729002302401625,0.0,47.729002302401625,47.729002302401625,660.0,0.0,660.0,660.0,20.959364139917305,0.2929950254180909,20.27982349984813,21.228539899922907,47.729002302401625,0.0,47.729002302401625,47.729002302401625
nn,adaptive,11,11.0,10,49.26498105614275,0.04353308030732453,49.21540184670219,49.34172069420586,720.0,0.0,720.0,720.0,20.959364139917305,0.2929950254180909,20.27982349984813,21.228539899922907,49.26498105614275,0.04353308030732453,49.21540184670219,49.34172069420586
nn,adaptive,12,12.0,10,50.42779656386104,0.21422147844860262,50.17059668373984,50.71833934389687,780.0,0.0,780.0,780.0,20.959364139917305,0.2929950254180909,20.27982349984813,21.228539899922907,50.42779656386104,0.21422147844860262,50.17059668373984,50.71833934389687
nn,adaptive,13,13.0,10,53.7909821794283,0.38628428494809647,53.1469162753102,54.3981108640376,840.0,0.0,840.0,840.0,20.959364139917305,0.2929950254180909,20.27982349984813,21.228539899922907,53.7909821794283,0.38628428494809647,53.1469162753102,54.3981108640376
nn,adaptive,14,14.0,10,57.31564479622548,0.34797638464214764,56.78951745509061,57.91405558394173,900.0,0.0,900.0,900.0,20.959364139917305,0.2929950254180909,20.27982349984813,21.228539899922907,57.31564479622548,0.34797638464214764,56.78951745509061,57.91405558394173
nn,adaptive,15,15.0,10,60.7455214747059,0.8078734268072855,59.48237644104714,61.73706258697521,960.0,0.0,960.0,960.0,31.60684232994681,0.6777807829462315,30.156569399987347,32.31431009981316,60.7455214747059,0.8078734268072855,59.48237644104714,61.73706258697521
nn,adaptive,16,16.0,10,63.0680470505902,1.2395558724436775,61.2781028775545,65.08460516111474,1020.0,0.0,1020.0,1020.0,31.60684232994681,0.6777807829462315,30.156569399987347,32.31431009981316,63.0680470505902,1.2395558724436775,61.2781028775545,65.08460516111474
nn,adaptive,17,17.0,10,66.5860771295786,1.4838381456182594,64.4880813832723,69.02550541898826,1080.0,0.0,1080.0,1080.0,31.60684232994681,0.6777807829462315,30.156569399987347,32.31431009981316,66.5860771295786,1.4838381456182594,64.4880813832723,69.02550541898826
nn,adaptive,18,18.0,10,69.42171009365761,1.9081817200603601,66.0910554353911,71.98410898909201,1140.0,0.0,1140.0,1140.0,31.60684232994681,0.6777807829462315,30.156569399987347,32.31431009981316,69.42171009365761,1.9081817200603601,66.0910554353911,71.98410898909201
nn,adaptive,19,19.0,10,72.53850018551822,2.2284787032906377,68.57809240027372,75.6783042736629,1200.0,0.0,1200.0,1200.0,31.60684232994681,0.6777807829462315,30.156569399987347,32.31431009981316,72.53850018551822,2.2284787032906377,68.57809240027372,75.6783042736629
nn,adaptive,20,20.0,10,77.68431914093446,3.0425403630774976,70.95900108107142,81.49352211260154,1260.0,0.0,1260.0,1260.0,42.34488245989196,1.0111903169908398,40.12740939983632,43.4389585996978,77.68431914093446,3.0425403630774976,70.95900108107142,81.49352211260154
nn,adaptive,21,21.0,10,80.71860865573731,4.20478856812894,71.81749126917028,86.74218919191797,1320.0,0.0,1320.0,1320.0,42.34488245989196,1.0111903169908398,40.12740939983632,43.4389585996978,80.71860865573731,4.20478856812894,71.81749126917028,86.74218919191797
nn,adaptive,22,22.0,10,85.84417138746747,4.39273687737229,76.29190653933777,90.62286294502834,1380.0,0.0,1380.0,1380.0,42.34488245989196,1.0111903169908398,40.12740939983632,43.4389585996978,85.84417138746747,4.39273687737229,76.29190653933777,90.62286294502834
nn,adaptive,23,23.0,10,91.45697283251779,6.002776219796575,77.52426707002616,97.57606923973444,1440.0,0.0,1440.0,1440.0,42.34488245989196,1.0111903169908398,40.12740939983632,43.4389585996978,91.45697283251779,6.002776219796575,77.52426707002616,97.57606923973444
nn,adaptive,24,24.0,10,94.80731370042652,7.519154259751169,78.47558380220757,103.80752616515728,1500.0,0.0,1500.0,1500.0,42.34488245989196,1.0111903169908398,40.12740939983632,43.4389585996978,94.80731370042652,7.519154259751169,78.47558380220757,103.80752616515728
nn,adaptive,25,25.0,10,101.14819089626954,8.409090578077947,83.6362809216627,113.29989367468644,1560.0,0.0,1560.0,1560.0,42.36573376988527,1.0115541693607009,40.14789799996652,43.46093909966294,101.14819089626954,8.409090578077947,83.6362809216627,113.29989367468644
nn,adaptive,26,26.0,10,107.41854540937314,9.330597293377426,86.09522861342245,119.7315146889798,1620.0,0.0,1620.0,1620.0,42.36573376988527,1.0115541693607009,40.14789799996652,43.46093909966294,107.41854540937314,9.330597293377426,86.09522861342245,119.7315146889798
nn,adaptive,27,27.0,10,112.02480143003777,10.930021729094294,88.22642592382371,127.99521210876958,1680.0,0.0,1680.0,1680.0,42.36573376988527,1.0115541693607009,40.14789799996652,43.46093909966294,112.02480143003777,10.930021729094294,88.22642592382371,127.99521210876958
nn,adaptive,28,28.0,10,118.53689361674739,12.45315694066146,93.38725318541948,139.76021754412463,1740.0,0.0,1740.0,1740.0,42.36573376988527,1.0115541693607009,40.14789799996652,43.46093909966294,118.53689361674739,12.45315694066146,93.38725318541948,139.76021754412463
nn,adaptive,29,29.0,10,123.60916896820645,13.208851873705399,96.56688806017472,145.54933291262657,1800.0,0.0,1800.0,1800.0,42.36573376988527,1.0115541693607009,40.14789799996652,43.46093909966294,123.60916896820645,13.208851873705399,96.56688806017472,145.54933291262657
nn,adaptive,30,30.0,10,127.86887663122016,14.809379623850425,97.50952111637828,149.77017347081988,1860.0,0.0,1860.0,1860.0,42.37221049988875,1.012175816171872,40.15397920005489,43.46850599977188,127.86887663122016,14.809379623850425,97.50952111637828,149.77017347081988
nn,adaptive,31,31.0,10,131.8918151960375,15.03243387940204,100.64442113412872,153.96816450674646,1920.0,0.0,1920.0,1920.0,42.37221049988875,1.012175816171872,40.15397920005489,43.46850599977188,131.8918151960375,15.03243387940204,100.64442113412872,153.96816450674646
nn,adaptive,32,32.0,10,135.4614251816129,14.888557359300393,105.22383903331954,158.7817879270513,1980.0,0.0,1980.0,1980.0,42.37221049988875,1.012175816171872,40.15397920005489,43.46850599977188,135.4614251816129,14.888557359300393,105.22383903331954,158.7817879270513
nn,adaptive,33,33.0,10,137.87320980541546,15.520911374596025,106.18889665816276,160.48955631992533,2040.0,0.0,2040.0,2040.0,42.37221049988875,1.012175816171872,40.15397920005489,43.46850599977188,137.87320980541546,15.520911374596025,106.18889665816276,160.48955631992533
nn,adaptive,34,34.0,10,141.08448551445787,15.892101837915327,108.24750487323738,162.78419538431436,2100.0,0.0,2100.0,2100.0,42.37221049988875,1.012175816171872,40.15397920005489,43.46850599977188,141.08448551445787,15.892101837915327,108.24750487323738,162.78419538431436
nn,adaptive,35,35.0,10,144.35674868632378,16.38258191533171,110.82410272431436,166.02970838203476,2160.0,0.0,2160.0,2160.0,53.01746162991039,1.3460254184798288,50.05559659993742,54.46550119970925,144.35674868632378,16.38258191533171,110.82410272431436,166.02970838203476
nn,adaptive,36,36.0,10,145.52480309938156,16.323482154462308,112.60380429174076,166.38851119592172,2220.0,0.0,2220.0,2220.0,53.01746162991039,1.3460254184798288,50.05559659993742,54.46550119970925,145.52480309938156,16.323482154462308,112.60380429174076,166.38851119592172
nn,adaptive,37,37.0,10,146.60364496623043,16.436443797215432,113.98201724436151,167.84497202449248,2280.0,0.0,2280.0,2280.0,53.01746162991039,1.3460254184798288,50.05559659993742,54.46550119970925,146.60364496623043,16.436443797215432,113.98201724436151,167.84497202449248
nn,adaptive,38,38.0,10,148.52033586693875,16.777279886817144,114.2627646778774,169.51627209317965,2340.0,0.0,2340.0,2340.0,53.01746162991039,1.3460254184798288,50.05559659993742,54.46550119970925,148.52033586693875,16.777279886817144,114.2627646778774,169.51627209317965
nn,adaptive,39,39.0,10,149.37709986383524,16.902849085520177,114.6056117876141,170.65977435478732,2400.0,0.0,2400.0,2400.0,53.01746162991039,1.3460254184798288,50.05559659993742,54.46550119970925,149.37709986383524,16.902849085520177,114.6056117876141,170.65977435478732
nn,adaptive,40,40.0,10,160.39477196673525,26.049849436617873,115.31122423754714,208.93201478101577,2559.2413685807232,209.28409446591178,2460.0,2967.263973108899,61.40211372991325,4.338260534630423,53.76266050012782,65.38877419976052,160.39477196673525,26.049849436617873,115.31122423754714,208.93201478101577
nn,adaptive,41,41.0,10,160.5223948908212,26.020951189219144,115.40455757088048,208.93201478101577,2607.2413685807232,183.99479942235564,2520.0,2967.263973108899,61.40211372991325,4.338260534630423,53.76266050012782,65.38877419976052,160.5223948908212,26.020951189219144,115.40455757088048,208.93201478101577
nn,adaptive,42,42.0,10,165.53149273684804,24.837958716289968,115.81292176199692,208.93201478101577,2706.4513493295494,207.00361588592912,2580.0,3092.099807488264,61.40211372991325,4.338260534630423,53.76266050012782,65.38877419976052,165.53149273684804,24.837958716289968,115.81292176199692,208.93201478101577
nn,adaptive,43,43.0,10,192.81043803691696,29.34086027307377,116.83779905587228,219.23463818799056,3041.4313149401623,159.7125022023768,2640.0,3166.1683684634745,61.40211372991325,4.338260534630423,53.76266050012782,65.38877419976052,192.81043803691696,29.34086027307377,116.83779905587228,219.23463818799056
nn,adaptive,44,44.0,10,193.0618535193588,28.619437174125352,119.35195388029084,219.23463818799056,3047.4313149401623,143.2329076267347,2700.0,3166.1683684634745,61.40211372991325,4.338260534630423,53.76266050012782,65.38877419976052,193.0618535193588,28.619437174125352,119.35195388029084,219.23463818799056
nn,adaptive,45,45.0,10,193.07118685269216,28.592730848178523,119.44528721362416,219.23463818799056,3053.4313149401623,127.4490027213756,2760.0,3166.1683684634745,62.46854791991645,6.028436132482629,53.76266050012782,74.6610119001707,193.07118685269216,28.592730848178523,119.44528721362416,219.23463818799056
nn,adaptive,46,46.0,10,193.0987161184438,28.513991077486033,119.72057987114086,219.23463818799056,3059.4313149401623,112.65358743572133,2820.0,3166.1683684634745,62.46854791991645,6.028436132482629,53.76266050012782,74.6610119001707,193.0987161184438,28.513991077486033,119.72057987114086,219.23463818799056
nn,adaptive,47,47.0,10,193.1810847256156,28.278689856069267,120.5442659428588,219.23463818799056,3065.4313149401623,99.28954239798978,2880.0,3166.1683684634745,62.46854791991645,6.028436132482629,53.76266050012782,74.6610119001707,193.1810847256156,28.278689856069267,120.5442659428588,219.23463818799056
nn,adaptive,48,48.0,10,193.19041805894895,28.252055317450107,120.63759927619212,219.23463818799056,3071.4313149401623,88.01133845742099,2940.0,3166.1683684634745,62.46854791991645,6.028436132482629,53.76266050012782,74.6610119001707,193.19041805894895,28.252055317450107,120.63759927619212,219.23463818799056
nn,adaptive,49,49.0,10,193.2438051381112,28.09981518635595,121.17147006781497,219.23463818799056,3077.4313149401623,79.70933549171774,2945.1497126983318,3166.1683684634745,62.46854791991645,6.028436132482629,53.76266050012782,74.6610119001707,193.2438051381112,28.09981518635595,121.17147006781497,219.23463818799056
nn,adaptive,50,50.0,10,193.32597246910314,27.86587783107991,121.99314337773404,219.23463818799056,3083.4313149401623,75.37347432615611,2945.1497126983318,3166.1683684634745,63.53078078991966,8.74104990048104,53.76266050012782,85.28334060020279,193.32597246910314,27.86587783107991,121.99314337773404,219.23463818799056
nn,adaptive,51,51.0,10,193.57990519462714,27.14588754628127,124.53247063297408,219.23463818799056,3089.4313149401623,75.68846080784189,2945.1497126983318,3166.1683684634745,63.53078078991966,8.74104990048104,53.76266050012782,85.28334060020279,193.57990519462714,27.14588754628127,124.53247063297408,219.23463818799056
nn,adaptive,52,52.0,10,193.58923852796048,27.119513027475314,124.62580396630742,219.23463818799056,3095.4313149401623,80.59978639503156,2945.1497126983318,3180.0,63.53078078991966,8.74104990048104,53.76266050012782,85.28334060020279,193.58923852796048,27.119513027475314,124.62580396630742,219.23463818799056
nn,adaptive,53,53.0,10,196.9105355863683,18.351633618464533,157.8387745503856,219.23463818799056,3150.444338588667,217.023670217049,2945.1497126983318,3730.13023648505,63.53078078991966,8.74104990048104,53.76266050012782,85.28334060020279,196.9105355863683,18.351633618464533,157.8387745503856,219.23463818799056
nn,adaptive,54,54.0,10,196.9105355863683,18.351633618464533,157.8387745503856,219.23463818799056,3150.444338588667,217.023670217049,2945.1497126983318,3730.13023648505,63.53078078991966,8.74104990048104,53.76266050012782,85.28334060020279,196.9105355863683,18.351633618464533,157.8387745503856,219.23463818799056
nn,adaptive,55,55.0,10,196.9105355863683,18.351633618464533,157.8387745503856,219.23463818799056,3150.444338588667,217.023670217049,2945.1497126983318,3730.13023648505,63.53078078991966,8.74104990048104,53.76266050012782,85.28334060020279,196.9105355863683,18.351633618464533,157.8387745503856,219.23463818799056
nn,adaptive,56,56.0,10,196.9105355863683,18.351633618464533,157.8387745503856,219.23463818799056,3150.444338588667,217.023670217049,2945.1497126983318,3730.13023648505,63.53078078991966,8.74104990048104,53.76266050012782,85.28334060020279,196.9105355863683,18.351633618464533,157.8387745503856,219.23463818799056
nn,adaptive,57,57.0,10,196.9105355863683,18.351633618464533,157.8387745503856,219.23463818799056,3150.444338588667,217.023670217049,2945.1497126983318,3730.13023648505,63.53078078991966,8.74104990048104,53.76266050012782,85.28334060020279,196.9105355863683,18.351633618464533,157.8387745503856,219.23463818799056
nn,adaptive,58,58.0,10,196.9105355863683,18.351633618464533,157.8387745503856,219.23463818799056,3150.444338588667,217.023670217049,2945.1497126983318,3730.13023648505,63.53078078991966,8.74104990048104,53.76266050012782,85.28334060020279,196.9105355863683,18.351633618464533,157.8387745503856,219.23463818799056
nn,adaptive,59,59.0,10,196.9105355863683,18.351633618464533,157.8387745503856,219.23463818799056,3150.444338588667,217.023670217049,2945.1497126983318,3730.13023648505,63.53078078991966,8.74104990048104,53.76266050012782,85.28334060020279,196.9105355863683,18.351633618464533,157.8387745503856,219.23463818799056
nn,adaptive,60,60.0,10,196.9105355863683,18.351633618464533,157.8387745503856,219.23463818799056,3150.444338588667,217.023670217049,2945.1497126983318,3730.13023648505,63.53078078991966,8.74104990048104,53.76266050012782,85.28334060020279,196.9105355863683,18.351633618464533,157.8387745503856,219.23463818799056
nn,adaptive,61,61.0,10,196.9105355863683,18.351633618464533,157.8387745503856,219.23463818799056,3150.444338588667,217.023670217049,2945.1497126983318,3730.13023648505,63.53078078991966,8.74104990048104,53.76266050012782,85.28334060020279,196.9105355863683,18.351633618464533,157.8387745503856,219.23463818799056
nn,adaptive,62,62.0,10,196.9105355863683,18.351633618464533,157.8387745503856,219.23463818799056,3150.444338588667,217.023670217049,2945.1497126983318,3730.13023648505,63.53078078991966,8.74104990048104,53.76266050012782,85.28334060020279,196.9105355863683,18.351633618464533,157.8387745503856,219.23463818799056
nn,adaptive,63,63.0,10,196.9105355863683,18.351633618464533,157.8387745503856,219.23463818799056,3150.444338588667,217.023670217049,2945.1497126983318,3730.13023648505,63.53078078991966,8.74104990048104,53.76266050012782,85.28334060020279,196.9105355863683,18.351633618464533,157.8387745503856,219.23463818799056
nn,adaptive,64,64.0,10,196.9105355863683,18.351633618464533,157.8387745503856,219.23463818799056,3150.444338588667,217.023670217049,2945.1497126983318,3730.13023648505,63.53078078991966,8.74104990048104,53.76266050012782,85.28334060020279,196.9105355863683,18.351633618464533,157.8387745503856,219.23463818799056
nn,static_frozen,0,0.0,10,16.660400703942315,0.0,16.660400703942315,16.660400703942315,60.0,0.0,60.0,60.0,10.21008449990768,0.0,10.21008449990768,10.21008449990768,16.660400703942315,0.0,16.660400703942315,16.660400703942315
nn,static_frozen,1,1.0,10,19.33223618167276,0.0,19.33223618167276,19.33223618167276,120.0,0.0,120.0,120.0,10.21008449990768,0.0,10.21008449990768,10.21008449990768,19.33223618167276,0.0,19.33223618167276,19.33223618167276
nn,static_frozen,2,2.0,10,21.565885331898087,0.0,21.565885331898087,21.565885331898087,180.0,0.0,180.0,180.0,10.21008449990768,0.0,10.21008449990768,10.21008449990768,21.565885331898087,0.0,21.565885331898087,21.565885331898087
nn,static_frozen,3,3.0,10,26.198742999222823,0.0,26.198742999222823,26.198742999222823,240.0,0.0,240.0,240.0,10.21008449990768,0.0,10.21008449990768,10.21008449990768,26.198742999222823,0.0,26.198742999222823,26.198742999222823
nn,static_frozen,4,4.0,10,28.387841410471413,0.0,28.38784141047141,28.38784141047141,300.0,0.0,300.0,300.0,10.21008449990768,0.0,10.21008449990768,10.21008449990768,28.387841410471413,0.0,28.38784141047141,28.38784141047141
nn,static_frozen,5,5.0,10,33.1514387899738,0.0,33.1514387899738,33.1514387899738,360.0,0.0,360.0,360.0,10.21008449990768,0.0,10.21008449990768,10.21008449990768,33.1514387899738,0.0,33.1514387899738,33.1514387899738
nn,static_frozen,6,6.0,10,37.75032298173061,0.0,37.75032298173061,37.75032298173061,420.0,0.0,420.0,420.0,10.21008449990768,0.0,10.21008449990768,10.21008449990768,37.75032298173061,0.0,37.75032298173061,37.75032298173061
nn,static_frozen,7,7.0,10,41.809952613596025,0.0,41.809952613596025,41.809952613596025,480.0,0.0,480.0,480.0,10.21008449990768,0.0,10.21008449990768,10.21008449990768,41.809952613596025,0.0,41.809952613596025,41.809952613596025
nn,static_frozen,8,8.0,10,44.77170234693701,0.0,44.77170234693701,44.77170234693701,540.0,0.0,540.0,540.0,10.21008449990768,0.0,10.21008449990768,10.21008449990768,44.77170234693701,0.0,44.77170234693701,44.77170234693701
nn,static_frozen,9,9.0,10,46.13259021560305,0.0,46.13259021560305,46.13259021560305,600.0,0.0,600.0,600.0,10.21008449990768,0.0,10.21008449990768,10.21008449990768,46.13259021560305,0.0,46.13259021560305,46.13259021560305
nn,static_frozen,10,10.0,10,49.49372783952047,0.0,49.49372783952047,49.49372783952047,660.0,0.0,660.0,660.0,10.21008449990768,0.0,10.21008449990768,10.21008449990768,49.49372783952047,0.0,49.49372783952047,49.49372783952047
nn,static_frozen,11,11.0,10,54.83890720018594,0.13254588803600698,54.6217165385483,55.014208949893046,720.0,0.0,720.0,720.0,10.21008449990768,0.0,10.21008449990768,10.21008449990768,54.83890720018594,0.13254588803600698,54.6217165385483,55.014208949893046
nn,static_frozen,12,12.0,10,56.795704963906374,0.18615167344242028,56.45444206372639,57.050226452338464,780.0,0.0,780.0,780.0,10.21008449990768,0.0,10.21008449990768,10.21008449990768,56.795704963906374,0.18615167344242028,56.45444206372639,57.050226452338464
nn,static_frozen,13,13.0,10,60.47849824784639,0.6319899229769848,59.72959738637446,61.35463265277622,840.0,0.0,840.0,840.0,10.21008449990768,0.0,10.21008449990768,10.21008449990768,60.47849824784639,0.6319899229769848,59.72959738637446,61.35463265277622
nn,static_frozen,14,14.0,10,66.30033572149458,1.0296452618602072,65.11239464873549,67.54452664843063,900.0,0.0,900.0,900.0,10.21008449990768,0.0,10.21008449990768,10.21008449990768,66.30033572149458,1.0296452618602072,65.11239464873549,67.54452664843063
nn,static_frozen,15,15.0,10,69.88859284565521,1.2659549675172825,67.68083684317719,72.10682340108389,960.0,0.0,960.0,960.0,10.21008449990768,0.0,10.21008449990768,10.21008449990768,69.88859284565521,1.2659549675172825,67.68083684317719,72.10682340108389
nn,static_frozen,16,16.0,10,76.8666178611587,1.7848761879354589,74.62820810023955,80.78951958301003,1020.0,0.0,1020.0,1020.0,10.21008449990768,0.0,10.21008449990768,10.21008449990768,76.8666178611587,1.7848761879354589,74.62820810023955,80.78951958301003
nn,static_frozen,17,17.0,10,80.29178927216604,1.683146204849985,77.94795108672955,83.90219374089679,1080.0,0.0,1080.0,1080.0,10.21008449990768,0.0,10.21008449990768,10.21008449990768,80.29178927216604,1.683146204849985,77.94795108672955,83.90219374089679
nn,static_frozen,18,18.0,10,83.1470739153158,2.238459533223339,79.48994888998702,87.76810579342161,1140.0,0.0,1140.0,1140.0,10.21008449990768,0.0,10.21008449990768,10.21008449990768,83.1470739153158,2.238459533223339,79.48994888998702,87.76810579342161
nn,static_frozen,19,19.0,10,87.6785578008045,4.066022049905931,81.76686993577306,95.88644260753422,1200.0,0.0,1200.0,1200.0,10.21008449990768,0.0,10.21008449990768,10.21008449990768,87.6785578008045,4.066022049905931,81.76686993577306,95.88644260753422
nn,static_frozen,20,20.0,10,93.84773918528317,5.363751559225013,88.10904366485937,101.3347367508561,1260.0,0.0,1260.0,1260.0,10.21008449990768,0.0,10.21008449990768,10.21008449990768,93.84773918528317,5.363751559225013,88.10904366485937,101.3347367508561
nn,static_frozen,21,21.0,10,100.6712300688359,7.914843329350586,92.22454018662202,113.2065144524922,1320.0,0.0,1320.0,1320.0,10.21008449990768,0.0,10.21008449990768,10.21008449990768,100.6712300688359,7.914843329350586,92.22454018662202,113.2065144524922
nn,static_frozen,22,22.0,10,107.02356202114879,8.69340330016566,98.35580801858607,119.25489402622574,1380.0,0.0,1380.0,1380.0,10.21008449990768,0.0,10.21008449990768,10.21008449990768,107.02356202114879,8.69340330016566,98.35580801858607,119.25489402622574
nn,static_frozen,23,23.0,10,114.09634736381327,9.990247947677842,103.8572207789739,131.15121032817166,1440.0,0.0,1440.0,1440.0,10.21008449990768,0.0,10.21008449990768,10.21008449990768,114.09634736381327,9.990247947677842,103.8572207789739,131.15121032817166
nn,static_frozen,24,24.0,10,119.63955047441061,10.94807328885566,106.98542014779264,135.34743911016,1500.0,0.0,1500.0,1500.0,10.21008449990768,0.0,10.21008449990768,10.21008449990768,119.63955047441061,10.94807328885566,106.98542014779264,135.34743911016
nn,static_frozen,25,25.0,10,126.08200254047847,11.189368763812663,110.96594627376842,139.63126772395356,1560.0,0.0,1560.0,1560.0,10.21008449990768,0.0,10.21008449990768,10.21008449990768,126.08200254047847,11.189368763812663,110.96594627376842,139.63126772395356
nn,static_frozen,26,26.0,10,133.80190582716972,12.365693700341618,118.13262781905016,151.265104696691,1620.0,0.0,1620.0,1620.0,10.21008449990768,0.0,10.21008449990768,10.21008449990768,133.80190582716972,12.365693700341618,118.13262781905016,151.265104696691
nn,static_frozen,27,27.0,10,140.2580487589057,15.358200681200499,119.57190020740316,161.5895685804622,1680.0,0.0,1680.0,1680.0,10.21008449990768,0.0,10.21008449990768,10.21008449990768,140.2580487589057,15.358200681200499,119.57190020740316,161.5895685804622
nn,static_frozen,28,28.0,10,147.091820531317,15.743236977437522,124.8713898954576,169.3656747684216,1740.0,0.0,1740.0,1740.0,10.21008449990768,0.0,10.21008449990768,10.21008449990768,147.091820531317,15.743236977437522,124.8713898954576,169.3656747684216
nn,static_frozen,29,29.0,10,153.38201370971106,18.118787230542985,130.23233578360262,178.80153904057357,1800.0,0.0,1800.0,1800.0,10.21008449990768,0.0,10.21008449990768,10.21008449990768,153.38201370971106,18.118787230542985,130.23233578360262,178.80153904057357
nn,static_frozen,30,30.0,10,158.24884349209597,20.21119380693291,131.66271024124276,186.49183171232377,1860.0,0.0,1860.0,1860.0,10.21008449990768,0.0,10.21008449990768,10.21008449990768,158.24884349209597,20.21119380693291,131.66271024124276,186.49183171232377
nn,static_frozen,31,31.0,10,161.84988857301454,21.062677897971806,133.26408230340414,192.7068326889984,1920.0,0.0,1920.0,1920.0,10.21008449990768,0.0,10.21008449990768,10.21008449990768,161.84988857301454,21.062677897971806,133.26408230340414,192.7068326889984
nn,static_frozen,32,32.0,10,164.61256665900015,21.191741154900136,134.95593273119445,194.1245905332792,1980.0,0.0,1980.0,1980.0,10.21008449990768,0.0,10.21008449990768,10.21008449990768,164.61256665900015,21.191741154900136,134.95593273119445,194.1245905332792
nn,static_frozen,33,33.0,10,167.34163294127882,22.68160756197686,135.93192287243923,197.0510098307128,2040.0,0.0,2040.0,2040.0,10.21008449990768,0.0,10.21008449990768,10.21008449990768,167.34163294127882,22.68160756197686,135.93192287243923,197.0510098307128
nn,static_frozen,34,34.0,10,170.57155856193012,24.267720977175152,136.65727035295143,204.007860020752,2100.0,0.0,2100.0,2100.0,10.21008449990768,0.0,10.21008449990768,10.21008449990768,170.57155856193012,24.267720977175152,136.65727035295143,204.007860020752
nn,static_frozen,35,35.0,10,173.71447987701953,25.121308071127324,138.54568733237096,208.524325911362,2160.0,0.0,2160.0,2160.0,10.21008449990768,0.0,10.21008449990768,10.21008449990768,173.71447987701953,25.121308071127324,138.54568733237096,208.524325911362
nn,static_frozen,36,36.0,10,178.5435306036517,26.279760139224116,139.94608256677327,213.3559697125624,2220.0,0.0,2220.0,2220.0,10.21008449990768,0.0,10.21008449990768,10.21008449990768,178.5435306036517,26.279760139224116,139.94608256677327,213.3559697125624
nn,static_frozen,37,37.0,10,180.91129598818537,26.343518395081563,142.77557043174053,216.4902667450881,2280.0,0.0,2280.0,2280.0,10.21008449990768,0.0,10.21008449990768,10.21008449990768,180.91129598818537,26.343518395081563,142.77557043174053,216.4902667450881
nn,static_frozen,38,38.0,10,183.6131366639142,24.756855053078333,147.2482676444517,216.8306348159367,2340.0,0.0,2340.0,2340.0,10.21008449990768,0.0,10.21008449990768,10.21008449990768,183.6131366639142,24.756855053078333,147.2482676444517,216.8306348159367
nn,static_frozen,39,39.0,10,184.7783547026527,24.45321893064437,149.11438716291573,218.70850305449,2400.0,0.0,2400.0,2400.0,10.21008449990768,0.0,10.21008449990768,10.21008449990768,184.7783547026527,24.45321893064437,149.11438716291573,218.70850305449
nn,static_frozen,40,40.0,10,203.1282192301061,40.019605962459345,155.1019529963733,264.1235235608693,2616.2419860317577,251.99783101350104,2460.0,3016.4361938064058,10.21008449990768,0.0,10.21008449990768,10.21008449990768,203.1282192301061,40.019605962459345,155.1019529963733,264.1235235608693
nn,static_frozen,41,41.0,10,208.4865524521934,38.081566070102284,155.35929069265077,264.1235235608693,2707.9334574014324,243.28441262867477,2520.0,3016.914713696749,10.21008449990768,0.0,10.21008449990768,10.21008449990768,208.4865524521934,38.081566070102284,155.35929069265077,264.1235235608693
nn,static_frozen,42,42.0,10,218.6354030652579,31.484927680129147,155.45262402598408,264.1235235608693,2839.4919351616836,225.59661322940335,2580.0,3064.059508250027,10.21008449990768,0.0,10.21008449990768,10.21008449990768,218.6354030652579,31.484927680129147,155.45262402598408,264.1235235608693
nn,static_frozen,43,43.0,10,238.05235968267715,25.049568470022145,201.84407714768196,271.2786224389911,3058.796430589717,68.45958891692416,2959.9147331863123,3150.3281438591125,10.21008449990768,0.0,10.21008449990768,10.21008449990768,238.05235968267715,25.049568470022145,201.84407714768196,271.2786224389911
nn,static_frozen,44,44.0,10,238.05235968267715,25.049568470022145,201.84407714768196,271.2786224389911,3058.796430589717,68.45958891692416,2959.9147331863123,3150.3281438591125,10.21008449990768,0.0,10.21008449990768,10.21008449990768,238.05235968267715,25.049568470022145,201.84407714768196,271.2786224389911
nn,static_frozen,45,45.0,10,238.05235968267715,25.049568470022145,201.84407714768196,271.2786224389911,3058.796430589717,68.45958891692416,2959.9147331863123,3150.3281438591125,10.21008449990768,0.0,10.21008449990768,10.21008449990768,238.05235968267715,25.049568470022145,201.84407714768196,271.2786224389911
nn,static_frozen,46,46.0,10,238.05235968267715,25.049568470022145,201.84407714768196,271.2786224389911,3058.796430589717,68.45958891692416,2959.9147331863123,3150.3281438591125,10.21008449990768,0.0,10.21008449990768,10.21008449990768,238.05235968267715,25.049568470022145,201.84407714768196,271.2786224389911
nn,static_frozen,47,47.0,10,238.05235968267715,25.049568470022145,201.84407714768196,271.2786224389911,3058.796430589717,68.45958891692416,2959.9147331863123,3150.3281438591125,10.21008449990768,0.0,10.21008449990768,10.21008449990768,238.05235968267715,25.049568470022145,201.84407714768196,271.2786224389911
nn,static_frozen,48,48.0,10,238.05235968267715,25.049568470022145,201.84407714768196,271.2786224389911,3058.796430589717,68.45958891692416,2959.9147331863123,3150.3281438591125,10.21008449990768,0.0,10.21008449990768,10.21008449990768,238.05235968267715,25.049568470022145,201.84407714768196,271.2786224389911
nn,static_frozen,49,49.0,10,238.05235968267715,25.049568470022145,201.84407714768196,271.2786224389911,3058.796430589717,68.45958891692416,2959.9147331863123,3150.3281438591125,10.21008449990768,0.0,10.21008449990768,10.21008449990768,238.05235968267715,25.049568470022145,201.84407714768196,271.2786224389911
nn,static_frozen,50,50.0,10,238.05235968267715,25.049568470022145,201.84407714768196,271.2786224389911,3058.796430589717,68.45958891692416,2959.9147331863123,3150.3281438591125,10.21008449990768,0.0,10.21008449990768,10.21008449990768,238.05235968267715,25.049568470022145,201.84407714768196,271.2786224389911
nn,static_frozen,51,51.0,10,238.05235968267715,25.049568470022145,201.84407714768196,271.2786224389911,3058.796430589717,68.45958891692416,2959.9147331863123,3150.3281438591125,10.21008449990768,0.0,10.21008449990768,10.21008449990768,238.05235968267715,25.049568470022145,201.84407714768196,271.2786224389911
nn,static_frozen,52,52.0,10,238.05235968267715,25.049568470022145,201.84407714768196,271.2786224389911,3058.796430589717,68.45958891692416,2959.9147331863123,3150.3281438591125,10.21008449990768,0.0,10.21008449990768,10.21008449990768,238.05235968267715,25.049568470022145,201.84407714768196,271.2786224389911
nn,static_frozen,53,53.0,10,238.05235968267715,25.049568470022145,201.84407714768196,271.2786224389911,3058.796430589717,68.45958891692416,2959.9147331863123,3150.3281438591125,10.21008449990768,0.0,10.21008449990768,10.21008449990768,238.05235968267715,25.049568470022145,201.84407714768196,271.2786224389911
nn,static_frozen,54,54.0,10,238.05235968267715,25.049568470022145,201.84407714768196,271.2786224389911,3058.796430589717,68.45958891692416,2959.9147331863123,3150.3281438591125,10.21008449990768,0.0,10.21008449990768,10.21008449990768,238.05235968267715,25.049568470022145,201.84407714768196,271.2786224389911
nn,static_frozen,55,55.0,10,238.05235968267715,25.049568470022145,201.84407714768196,271.2786224389911,3058.796430589717,68.45958891692416,2959.9147331863123,3150.3281438591125,10.21008449990768,0.0,10.21008449990768,10.21008449990768,238.05235968267715,25.049568470022145,201.84407714768196,271.2786224389911
nn,static_frozen,56,56.0,10,238.05235968267715,25.049568470022145,201.84407714768196,271.2786224389911,3058.796430589717,68.45958891692416,2959.9147331863123,3150.3281438591125,10.21008449990768,0.0,10.21008449990768,10.21008449990768,238.05235968267715,25.049568470022145,201.84407714768196,271.2786224389911
nn,static_frozen,57,57.0,10,238.05235968267715,25.049568470022145,201.84407714768196,271.2786224389911,3058.796430589717,68.45958891692416,2959.9147331863123,3150.3281438591125,10.21008449990768,0.0,10.21008449990768,10.21008449990768,238.05235968267715,25.049568470022145,201.84407714768196,271.2786224389911
nn,static_frozen,58,58.0,10,238.05235968267715,25.049568470022145,201.84407714768196,271.2786224389911,3058.796430589717,68.45958891692416,2959.9147331863123,3150.3281438591125,10.21008449990768,0.0,10.21008449990768,10.21008449990768,238.05235968267715,25.049568470022145,201.84407714768196,271.2786224389911
nn,static_frozen,59,59.0,10,238.05235968267715,25.049568470022145,201.84407714768196,271.2786224389911,3058.796430589717,68.45958891692416,2959.9147331863123,3150.3281438591125,10.21008449990768,0.0,10.21008449990768,10.21008449990768,238.05235968267715,25.049568470022145,201.84407714768196,271.2786224389911
nn,static_frozen,60,60.0,10,238.05235968267715,25.049568470022145,201.84407714768196,271.2786224389911,3058.796430589717,68.45958891692416,2959.9147331863123,3150.3281438591125,10.21008449990768,0.0,10.21008449990768,10.21008449990768,238.05235968267715,25.049568470022145,201.84407714768196,271.2786224389911
nn,static_frozen,61,61.0,10,238.05235968267715,25.049568470022145,201.84407714768196,271.2786224389911,3058.796430589717,68.45958891692416,2959.9147331863123,3150.3281438591125,10.21008449990768,0.0,10.21008449990768,10.21008449990768,238.05235968267715,25.049568470022145,201.84407714768196,271.2786224389911
nn,static_frozen,62,62.0,10,238.05235968267715,25.049568470022145,201.84407714768196,271.2786224389911,3058.796430589717,68.45958891692416,2959.9147331863123,3150.3281438591125,10.21008449990768,0.0,10.21008449990768,10.21008449990768,238.05235968267715,25.049568470022145,201.84407714768196,271.2786224389911
nn,static_frozen,63,63.0,10,238.05235968267715,25.049568470022145,201.84407714768196,271.2786224389911,3058.796430589717,68.45958891692416,2959.9147331863123,3150.3281438591125,10.21008449990768,0.0,10.21008449990768,10.21008449990768,238.05235968267715,25.049568470022145,201.84407714768196,271.2786224389911
nn,static_frozen,64,64.0,10,238.05235968267715,25.049568470022145,201.84407714768196,271.2786224389911,3058.796430589717,68.45958891692416,2959.9147331863123,3150.3281438591125,10.21008449990768,0.0,10.21008449990768,10.21008449990768,238.05235968267715,25.049568470022145,201.84407714768196,271.2786224389911
nn,static_live,0,0.0,10,16.660400703942315,0.0,16.660400703942315,16.660400703942315,60.0,0.0,60.0,60.0,10.21008449990768,0.0,10.21008449990768,10.21008449990768,16.660400703942315,0.0,16.660400703942315,16.660400703942315
nn,static_live,1,1.0,10,19.33223618167276,0.0,19.33223618167276,19.33223618167276,120.0,0.0,120.0,120.0,10.21008449990768,0.0,10.21008449990768,10.21008449990768,19.33223618167276,0.0,19.33223618167276,19.33223618167276
nn,static_live,2,2.0,10,21.565885331898087,0.0,21.565885331898087,21.565885331898087,180.0,0.0,180.0,180.0,10.21008449990768,0.0,10.21008449990768,10.21008449990768,21.565885331898087,0.0,21.565885331898087,21.565885331898087
nn,static_live,3,3.0,10,26.198742999222823,0.0,26.198742999222823,26.198742999222823,240.0,0.0,240.0,240.0,10.21008449990768,0.0,10.21008449990768,10.21008449990768,26.198742999222823,0.0,26.198742999222823,26.198742999222823
nn,static_live,4,4.0,10,28.387841410471413,0.0,28.38784141047141,28.38784141047141,300.0,0.0,300.0,300.0,10.21008449990768,0.0,10.21008449990768,10.21008449990768,28.387841410471413,0.0,28.38784141047141,28.38784141047141
nn,static_live,5,5.0,10,33.1514387899738,0.0,33.1514387899738,33.1514387899738,360.0,0.0,360.0,360.0,10.21008449990768,0.0,10.21008449990768,10.21008449990768,33.1514387899738,0.0,33.1514387899738,33.1514387899738
nn,static_live,6,6.0,10,37.75032298173061,0.0,37.75032298173061,37.75032298173061,420.0,0.0,420.0,420.0,10.21008449990768,0.0,10.21008449990768,10.21008449990768,37.75032298173061,0.0,37.75032298173061,37.75032298173061
nn,static_live,7,7.0,10,41.809952613596025,0.0,41.809952613596025,41.809952613596025,480.0,0.0,480.0,480.0,10.21008449990768,0.0,10.21008449990768,10.21008449990768,41.809952613596025,0.0,41.809952613596025,41.809952613596025
nn,static_live,8,8.0,10,44.77170234693701,0.0,44.77170234693701,44.77170234693701,540.0,0.0,540.0,540.0,10.21008449990768,0.0,10.21008449990768,10.21008449990768,44.77170234693701,0.0,44.77170234693701,44.77170234693701
nn,static_live,9,9.0,10,46.13258861631725,0.0,46.13258861631725,46.13258861631725,600.0,0.0,600.0,600.0,10.21008449990768,0.0,10.21008449990768,10.21008449990768,46.13258861631725,0.0,46.13258861631725,46.13258861631725
nn,static_live,10,10.0,10,49.49360602630605,0.0,49.49360602630605,49.49360602630605,660.0,0.0,660.0,660.0,10.21008449990768,0.0,10.21008449990768,10.21008449990768,49.49360602630605,0.0,49.49360602630605,49.49360602630605
nn,static_live,11,11.0,10,54.67854102733846,0.43363231198641666,53.48351879556283,54.96921891074651,720.0,0.0,720.0,720.0,10.21008449990768,0.0,10.21008449990768,10.21008449990768,54.67854102733846,0.43363231198641666,53.48351879556283,54.96921891074651
nn,static_live,12,12.0,10,56.68838410464076,0.23675466098835724,56.17927425021619,56.9805978173872,780.0,0.0,780.0,780.0,10.21008449990768,0.0,10.21008449990768,10.21008449990768,56.68838410464076,0.23675466098835724,56.17927425021619,56.9805978173872
nn,static_live,13,13.0,10,60.224272455704806,0.4452336433113708,59.72942741819679,61.02710018052783,840.0,0.0,840.0,840.0,10.21008449990768,0.0,10.21008449990768,10.21008449990768,60.224272455704806,0.4452336433113708,59.72942741819679,61.02710018052783
nn,static_live,14,14.0,10,66.07993555328044,0.9228533756106443,65.11227283552105,67.3834943501267,900.0,0.0,900.0,900.0,10.21008449990768,0.0,10.21008449990768,10.21008449990768,66.07993555328044,0.9228533756106443,65.11227283552105,67.3834943501267
nn,static_live,15,15.0,10,69.51810649655559,1.0655606198054344,67.68071502996277,71.3355358386866,960.0,0.0,960.0,960.0,10.21008449990768,0.0,10.21008449990768,10.21008449990768,69.51810649655559,1.0655606198054344,67.68071502996277,71.3355358386866
nn,static_live,16,16.0,10,75.50021712071609,1.2603602478462022,73.8842857325625,77.38559197240022,1020.0,0.0,1020.0,1020.0,10.21008449990768,0.0,10.21008449990768,10.21008449990768,75.50021712071609,1.2603602478462022,73.8842857325625,77.38559197240022
nn,static_live,17,17.0,10,78.53294795560195,1.4065768220124495,76.86117336554797,80.63240572542315,1080.0,0.0,1080.0,1080.0,10.21008449990768,0.0,10.21008449990768,10.21008449990768,78.53294795560195,1.4065768220124495,76.86117336554797,80.63240572542315
nn,static_live,18,18.0,10,81.41614417329012,1.4586689250226057,79.22805287258618,84.00871213134491,1140.0,0.0,1140.0,1140.0,10.21008449990768,0.0,10.21008449990768,10.21008449990768,81.41614417329012,1.4586689250226057,79.22805287258618,84.00871213134491
nn,static_live,19,19.0,10,85.57797733531484,2.8944403173507207,82.55565764391184,91.43830506505418,1200.0,0.0,1200.0,1200.0,10.21008449990768,0.0,10.21008449990768,10.21008449990768,85.57797733531484,2.8944403173507207,82.55565764391184,91.43830506505418
nn,static_live,20,20.0,10,90.50212875112196,3.111985505579803,85.82719808828888,95.61859063547224,1260.0,0.0,1260.0,1260.0,10.21008449990768,0.0,10.21008449990768,10.21008449990768,90.50212875112196,3.111985505579803,85.82719808828888,95.61859063547224
nn,static_live,21,21.0,10,94.61228194136791,4.291453715542266,88.00565964692697,101.13896934655575,1320.0,0.0,1320.0,1320.0,10.21008449990768,0.0,10.21008449990768,10.21008449990768,94.61228194136791,4.291453715542266,88.00565964692697,101.13896934655575
nn,static_live,22,22.0,10,99.84917054466351,5.837573776555246,92.0005920962552,109.1624576534968,1380.0,0.0,1380.0,1380.0,10.21008449990768,0.0,10.21008449990768,10.21008449990768,99.84917054466351,5.837573776555246,92.0005920962552,109.1624576534968
nn,static_live,23,23.0,10,106.02945226627885,6.104882986033951,98.75076453202117,116.51216143392014,1440.0,0.0,1440.0,1440.0,10.21008449990768,0.0,10.21008449990768,10.21008449990768,106.02945226627885,6.104882986033951,98.75076453202117,116.51216143392014
nn,static_live,24,24.0,10,110.66281467042522,6.547001940273081,101.85282986074608,122.27071495866714,1500.0,0.0,1500.0,1500.0,10.21008449990768,0.0,10.21008449990768,10.21008449990768,110.66281467042522,6.547001940273081,101.85282986074608,122.27071495866714
nn,static_live,25,25.0,10,116.31263889932131,7.69973013861313,105.06168294918112,127.6472694961516,1560.0,0.0,1560.0,1560.0,10.21008449990768,0.0,10.21008449990768,10.21008449990768,116.31263889932131,7.69973013861313,105.06168294918112,127.6472694961516
nn,static_live,26,26.0,10,122.43684202509112,7.571683481202658,112.7436256063732,134.63064700615482,1620.0,0.0,1620.0,1620.0,10.21008449990768,0.0,10.21008449990768,10.21008449990768,122.43684202509112,7.571683481202658,112.7436256063732,134.63064700615482
nn,static_live,27,27.0,10,127.73086164592705,8.77085093375175,116.88800181829345,141.65647192549758,1680.0,0.0,1680.0,1680.0,10.21008449990768,0.0,10.21008449990768,10.21008449990768,127.73086164592705,8.77085093375175,116.88800181829345,141.65647192549758
nn,static_live,28,28.0,10,134.7172286924764,9.69314109515491,121.37913295282718,146.3480716847749,1740.0,0.0,1740.0,1740.0,10.21008449990768,0.0,10.21008449990768,10.21008449990768,134.7172286924764,9.69314109515491,121.37913295282718,146.3480716847749
nn,static_live,29,29.0,10,139.6295496972707,10.420736979765584,125.65137861508424,152.87590755206838,1800.0,0.0,1800.0,1800.0,10.21008449990768,0.0,10.21008449990768,10.21008449990768,139.6295496972707,10.420736979765584,125.65137861508424,152.87590755206838
nn,static_live,30,30.0,10,143.8401985820703,11.271372206328047,128.91497362792347,157.41444800208504,1860.0,0.0,1860.0,1860.0,10.21008449990768,0.0,10.21008449990768,10.21008449990768,143.8401985820703,11.271372206328047,128.91497362792347,157.41444800208504
nn,static_live,31,31.0,10,147.6284812325516,13.173628789665623,130.6160770002677,163.7373493296107,1920.0,0.0,1920.0,1920.0,10.21008449990768,0.0,10.21008449990768,10.21008449990768,147.6284812325516,13.173628789665623,130.6160770002677,163.7373493296107
nn,static_live,32,32.0,10,150.4115619102924,13.882100548403503,131.43371441781966,166.16505381948252,1980.0,0.0,1980.0,1980.0,10.21008449990768,0.0,10.21008449990768,10.21008449990768,150.4115619102924,13.882100548403503,131.43371441781966,166.16505381948252
nn,static_live,33,33.0,10,152.2608327259221,13.59800081101419,132.88902917287618,168.10376592465252,2040.0,0.0,2040.0,2040.0,10.21008449990768,0.0,10.21008449990768,10.21008449990768,152.2608327259221,13.59800081101419,132.88902917287618,168.10376592465252
nn,static_live,34,34.0,10,154.80896416998863,14.721752413647305,134.02726618144715,171.65001308020288,2100.0,0.0,2100.0,2100.0,10.21008449990768,0.0,10.21008449990768,10.21008449990768,154.80896416998863,14.721752413647305,134.02726618144715,171.65001308020288
nn,static_live,35,35.0,10,158.14628898076046,15.498902895931417,135.59289436841578,175.15401128690476,2160.0,0.0,2160.0,2160.0,10.21008449990768,0.0,10.21008449990768,10.21008449990768,158.14628898076046,15.498902895931417,135.59289436841578,175.15401128690476
nn,static_live,36,36.0,10,161.07615670873687,15.825811597428997,137.2375363423423,180.23178137938356,2220.0,0.0,2220.0,2220.0,10.21008449990768,0.0,10.21008449990768,10.21008449990768,161.07615670873687,15.825811597428997,137.2375363423423,180.23178137938356
nn,static_live,37,37.0,10,162.8776852251861,16.14714181644438,138.7882549771829,182.08667491914497,2280.0,0.0,2280.0,2280.0,10.21008449990768,0.0,10.21008449990768,10.21008449990768,162.8776852251861,16.14714181644438,138.7882549771829,182.08667491914497
nn,static_live,38,38.0,10,165.0751158648083,16.48383561629182,138.97492164384957,185.7020002305321,2340.0,0.0,2340.0,2340.0,10.21008449990768,0.0,10.21008449990768,10.21008449990768,165.0751158648083,16.48383561629182,138.97492164384957,185.7020002305321
nn,static_live,39,39.0,10,165.97936384841785,16.153056023847387,139.32011027484015,186.734221041776,2400.0,0.0,2400.0,2400.0,10.21008449990768,0.0,10.21008449990768,10.21008449990768,165.97936384841785,16.153056023847387,139.32011027484015,186.734221041776
nn,static_live,40,40.0,10,172.6353424293551,25.27203935035625,140.63396761827045,228.9737375506911,2508.8493475462956,154.47520045945163,2460.0,2948.493475462956,10.21008449990768,0.0,10.21008449990768,10.21008449990768,172.6353424293551,25.27203935035625,140.63396761827045,228.9737375506911
nn,static_live,41,41.0,10,174.250967724244,24.536165809263128,145.7625120112257,228.9737375506911,2562.8493475462956,135.50153449844126,2520.0,2948.493475462956,10.21008449990768,0.0,10.21008449990768,10.21008449990768,174.250967724244,24.536165809263128,145.7625120112257,228.9737375506911
nn,static_live,42,42.0,10,179.6830612204939,24.921649286303616,145.98047945660466,228.9737375506911,2666.350332566306,184.468724814076,2580.0,3075.0098502001047,10.21008449990768,0.0,10.21008449990768,10.21008449990768,179.6830612204939,24.921649286303616,145.98047945660466,228.9737375506911
nn,static_live,43,43.0,10,188.8294826986702,30.988144284922033,146.073812789938,228.9737375506911,2812.7586441912654,228.93221171472882,2640.0,3159.7320389380207,10.21008449990768,0.0,10.21008449990768,10.21008449990768,188.8294826986702,30.988144284922033,146.073812789938,228.9737375506911
nn,static_live,44,44.0,10,211.96457783683974,26.525520133652915,147.96195900396924,235.0721508103181,3096.240560353742,162.1075851265286,2700.0,3242.5903649014435,10.21008449990768,0.0,10.21008449990768,10.21008449990768,211.96457783683974,26.525520133652915,147.96195900396924,235.0721508103181
nn,static_live,45,45.0,10,212.05874635381232,26.27353215088731,148.90364417369497,235.0721508103181,3102.240560353742,146.1357645621752,2760.0,3242.5903649014435,10.21008449990768,0.0,10.21008449990768,10.21008449990768,212.05874635381232,26.27353215088731,148.90364417369497,235.0721508103181
nn,static_live,46,46.0,10,212.12244464567533,26.103627153332937,149.54062709232517,235.0721508103181,3108.240560353742,130.9673784298528,2820.0,3242.5903649014435,10.21008449990768,0.0,10.21008449990768,10.21008449990768,212.12244464567533,26.103627153332937,149.54062709232517,235.0721508103181
nn,static_live,47,47.0,10,212.23932078585077,25.793059213497298,150.70938849407966,235.0721508103181,3114.240560353742,116.91555388999814,2880.0,3242.5903649014435,10.21008449990768,0.0,10.21008449990768,10.21008449990768,212.23932078585077,25.793059213497298,150.70938849407966,235.0721508103181
nn,static_live,48,48.0,10,212.24865411918412,25.768325485538053,150.802721827413,235.0721508103181,3120.240560353742,104.43198394180705,2940.0,3242.5903649014435,10.21008449990768,0.0,10.21008449990768,10.21008449990768,212.24865411918412,25.768325485538053,150.802721827413,235.0721508103181
nn,static_live,49,49.0,10,216.54152558267165,16.19004044152984,191.1667825614857,235.0721508103181,3178.0022678475884,145.3775313722579,2948.493475462956,3517.6170749384714,10.21008449990768,0.0,10.21008449990768,10.21008449990768,216.54152558267165,16.19004044152984,191.1667825614857,235.0721508103181
nn,static_live,50,50.0,10,216.54152558267165,16.19004044152984,191.1667825614857,235.0721508103181,3178.0022678475884,145.3775313722579,2948.493475462956,3517.6170749384714,10.21008449990768,0.0,10.21008449990768,10.21008449990768,216.54152558267165,16.19004044152984,191.1667825614857,235.0721508103181
nn,static_live,51,51.0,10,216.54152558267165,16.19004044152984,191.1667825614857,235.0721508103181,3178.0022678475884,145.3775313722579,2948.493475462956,3517.6170749384714,10.21008449990768,0.0,10.21008449990768,10.21008449990768,216.54152558267165,16.19004044152984,191.1667825614857,235.0721508103181
nn,static_live,52,52.0,10,216.54152558267165,16.19004044152984,191.1667825614857,235.0721508103181,3178.0022678475884,145.3775313722579,2948.493475462956,3517.6170749384714,10.21008449990768,0.0,10.21008449990768,10.21008449990768,216.54152558267165,16.19004044152984,191.1667825614857,235.0721508103181
nn,static_live,53,53.0,10,216.54152558267165,16.19004044152984,191.1667825614857,235.0721508103181,3178.0022678475884,145.3775313722579,2948.493475462956,3517.6170749384714,10.21008449990768,0.0,10.21008449990768,10.21008449990768,216.54152558267165,16.19004044152984,191.1667825614857,235.0721508103181
nn,static_live,54,54.0,10,216.54152558267165,16.19004044152984,191.1667825614857,235.0721508103181,3178.0022678475884,145.3775313722579,2948.493475462956,3517.6170749384714,10.21008449990768,0.0,10.21008449990768,10.21008449990768,216.54152558267165,16.19004044152984,191.1667825614857,235.0721508103181
nn,static_live,55,55.0,10,216.54152558267165,16.19004044152984,191.1667825614857,235.0721508103181,3178.0022678475884,145.3775313722579,2948.493475462956,3517.6170749384714,10.21008449990768,0.0,10.21008449990768,10.21008449990768,216.54152558267165,16.19004044152984,191.1667825614857,235.0721508103181
nn,static_live,56,56.0,10,216.54152558267165,16.19004044152984,191.1667825614857,235.0721508103181,3178.0022678475884,145.3775313722579,2948.493475462956,3517.6170749384714,10.21008449990768,0.0,10.21008449990768,10.21008449990768,216.54152558267165,16.19004044152984,191.1667825614857,235.0721508103181
nn,static_live,57,57.0,10,216.54152558267165,16.19004044152984,191.1667825614857,235.0721508103181,3178.0022678475884,145.3775313722579,2948.493475462956,3517.6170749384714,10.21008449990768,0.0,10.21008449990768,10.21008449990768,216.54152558267165,16.19004044152984,191.1667825614857,235.0721508103181
nn,static_live,58,58.0,10,216.54152558267165,16.19004044152984,191.1667825614857,235.0721508103181,3178.0022678475884,145.3775313722579,2948.493475462956,3517.6170749384714,10.21008449990768,0.0,10.21008449990768,10.21008449990768,216.54152558267165,16.19004044152984,191.1667825614857,235.0721508103181
nn,static_live,59,59.0,10,216.54152558267165,16.19004044152984,191.1667825614857,235.0721508103181,3178.0022678475884,145.3775313722579,2948.493475462956,3517.6170749384714,10.21008449990768,0.0,10.21008449990768,10.21008449990768,216.54152558267165,16.19004044152984,191.1667825614857,235.0721508103181
nn,static_live,60,60.0,10,216.54152558267165,16.19004044152984,191.1667825614857,235.0721508103181,3178.0022678475884,145.3775313722579,2948.493475462956,3517.6170749384714,10.21008449990768,0.0,10.21008449990768,10.21008449990768,216.54152558267165,16.19004044152984,191.1667825614857,235.0721508103181
nn,static_live,61,61.0,10,216.54152558267165,16.19004044152984,191.1667825614857,235.0721508103181,3178.0022678475884,145.3775313722579,2948.493475462956,3517.6170749384714,10.21008449990768,0.0,10.21008449990768,10.21008449990768,216.54152558267165,16.19004044152984,191.1667825614857,235.0721508103181
nn,static_live,62,62.0,10,216.54152558267165,16.19004044152984,191.1667825614857,235.0721508103181,3178.0022678475884,145.3775313722579,2948.493475462956,3517.6170749384714,10.21008449990768,0.0,10.21008449990768,10.21008449990768,216.54152558267165,16.19004044152984,191.1667825614857,235.0721508103181
nn,static_live,63,63.0,10,216.54152558267165,16.19004044152984,191.1667825614857,235.0721508103181,3178.0022678475884,145.3775313722579,2948.493475462956,3517.6170749384714,10.21008449990768,0.0,10.21008449990768,10.21008449990768,216.54152558267165,16.19004044152984,191.1667825614857,235.0721508103181
nn,static_live,64,64.0,10,216.54152558267165,16.19004044152984,191.1667825614857,235.0721508103181,3178.0022678475884,145.3775313722579,2948.493475462956,3517.6170749384714,10.21008449990768,0.0,10.21008449990768,10.21008449990768,216.54152558267165,16.19004044152984,191.1667825614857,235.0721508103181
proposed,adaptive,0,0.0,10,18.94781220058084,0.0,18.94781220058084,18.94781220058084,60.0,0.0,60.0,60.0,1139.5955789000727,0.0,1139.5955789000727,1139.5955789000727,18.94781220058084,0.0,18.94781220058084,18.94781220058084
proposed,adaptive,1,1.0,10,22.590940946994326,0.0,22.590940946994326,22.590940946994326,120.0,0.0,120.0,120.0,1139.5955789000727,0.0,1139.5955789000727,1139.5955789000727,22.590940946994326,0.0,22.590940946994326,22.590940946994326
proposed,adaptive,2,2.0,10,24.741554540164067,0.0,24.741554540164067,24.741554540164067,180.0,0.0,180.0,180.0,1139.5955789000727,0.0,1139.5955789000727,1139.5955789000727,24.741554540164067,0.0,24.741554540164067,24.741554540164067
proposed,adaptive,3,3.0,10,28.012910637870753,0.0,28.012910637870757,28.012910637870757,240.0,0.0,240.0,240.0,1139.5955789000727,0.0,1139.5955789000727,1139.5955789000727,28.012910637870753,0.0,28.012910637870757,28.012910637870757
proposed,adaptive,4,4.0,10,31.71534218387892,0.0,31.71534218387892,31.71534218387892,300.0,0.0,300.0,300.0,1139.5955789000727,0.0,1139.5955789000727,1139.5955789000727,31.71534218387892,0.0,31.71534218387892,31.71534218387892
proposed,adaptive,5,5.0,10,34.4343180028116,0.0,34.4343180028116,34.4343180028116,360.0,0.0,360.0,360.0,1287.0879457500646,1.040875464308515,1285.7398036000086,1288.7411702000536,34.4343180028116,0.0,34.4343180028116,34.4343180028116
proposed,adaptive,6,6.0,10,39.04559742007124,0.0,39.04559742007124,39.04559742007124,420.0,0.0,420.0,420.0,1287.0879457500646,1.040875464308515,1285.7398036000086,1288.7411702000536,39.04559742007124,0.0,39.04559742007124,39.04559742007124
proposed,adaptive,7,7.0,10,44.235997422894215,0.0,44.235997422894215,44.235997422894215,480.0,0.0,480.0,480.0,1287.0879457500646,1.040875464308515,1285.7398036000086,1288.7411702000536,44.235997422894215,0.0,44.235997422894215,44.235997422894215
proposed,adaptive,8,8.0,10,46.7311343906048,0.0,46.7311343906048,46.7311343906048,540.0,0.0,540.0,540.0,1287.0879457500646,1.040875464308515,1285.7398036000086,1288.7411702000536,46.7311343906048,0.0,46.7311343906048,46.7311343906048
proposed,adaptive,9,9.0,10,48.999369787694974,0.0,48.999369787694974,48.999369787694974,600.0,0.0,600.0,600.0,1287.0879457500646,1.040875464308515,1285.7398036000086,1288.7411702000536,48.999369787694974,0.0,48.999369787694974,48.999369787694974
proposed,adaptive,10,10.0,10,51.26372903641793,0.0,51.26372903641793,51.26372903641793,660.0,0.0,660.0,660.0,1360.0461708700284,1.9429833422357585,1355.9859328999885,1362.8716318000806,51.26372903641793,0.0,51.26372903641793,51.26372903641793
proposed,adaptive,11,11.0,10,54.41803115848916,0.04874007360010303,54.343026181055606,54.45619543329552,720.0,0.0,720.0,720.0,1360.0461708700284,1.9429833422357585,1355.9859328999885,1362.8716318000806,54.41803115848916,0.04874007360010303,54.343026181055606,54.45619543329552
proposed,adaptive,12,12.0,10,58.1054886554791,0.15702812596156746,57.92129600743637,58.39598259872368,780.0,0.0,780.0,780.0,1360.0461708700284,1.9429833422357585,1355.9859328999885,1362.8716318000806,58.1054886554791,0.15702812596156746,57.92129600743637,58.39598259872368
proposed,adaptive,13,13.0,10,61.66540667040292,0.15907078688353343,61.431179369022125,61.980780017251455,840.0,0.0,840.0,840.0,1360.0461708700284,1.9429833422357585,1355.9859328999885,1362.8716318000806,61.66540667040292,0.15907078688353343,61.431179369022125,61.980780017251455
proposed,adaptive,14,14.0,10,64.19864414641646,0.6677204256291491,63.37043266153172,65.51642167660616,900.0,0.0,900.0,900.0,1360.0461708700284,1.9429833422357585,1355.9859328999885,1362.8716318000806,64.19864414641646,0.6677204256291491,63.37043266153172,65.51642167660616
proposed,adaptive,15,15.0,10,66.41413371094939,1.2113755983430028,65.0754033739099,68.29630212196544,960.0,0.0,960.0,960.0,1473.8391613100189,20.79150965888016,1428.436700400198,1500.9892195999855,66.41413371094939,1.2113755983430028,65.0754033739099,68.29630212196544
proposed,adaptive,16,16.0,10,68.9859873838349,1.7170972925805745,67.11493602169355,71.38795739524113,1020.0,0.0,1020.0,1020.0,1473.8391613100189,20.79150965888016,1428.436700400198,1500.9892195999855,68.9859873838349,1.7170972925805745,67.11493602169355,71.38795739524113
proposed,adaptive,17,17.0,10,73.37228261164057,2.2720244319353644,70.95778803776489,77.16632864581553,1080.0,0.0,1080.0,1080.0,1473.8391613100189,20.79150965888016,1428.436700400198,1500.9892195999855,73.37228261164057,2.2720244319353644,70.95778803776489,77.16632864581553
proposed,adaptive,18,18.0,10,76.67850338277688,3.0842935668532836,73.45755308073696,81.19987710764508,1140.0,0.0,1140.0,1140.0,1473.8391613100189,20.79150965888016,1428.436700400198,1500.9892195999855,76.67850338277688,3.0842935668532836,73.45755308073696,81.19987710764508
proposed,adaptive,19,19.0,10,79.3290161427387,3.739500374408618,75.14012058681922,86.72612530355552,1200.0,0.0,1200.0,1200.0,1473.8391613100189,20.79150965888016,1428.436700400198,1500.9892195999855,79.3290161427387,3.739500374408618,75.14012058681922,86.72612530355552
proposed,adaptive,20,20.0,10,82.27556730825458,4.960474513621772,76.6534928951436,89.98097246686724,1260.0,0.0,1260.0,1260.0,1582.2549738400035,20.408876897493272,1554.3015553001314,1612.134433599771,82.27556730825458,4.960474513621772,76.6534928951436,89.98097246686724
proposed,adaptive,21,21.0,10,84.84709298816708,5.354854544742887,80.0140073797386,95.2296717931699,1320.0,0.0,1320.0,1320.0,1582.2549738400035,20.408876897493272,1554.3015553001314,1612.134433599771,84.84709298816708,5.354854544742887,80.0140073797386,95.2296717931699
proposed,adaptive,22,22.0,10,86.98858132261572,6.012406456119426,80.97925923437221,99.723155571779,1380.0,0.0,1380.0,1380.0,1582.2549738400035,20.408876897493272,1554.3015553001314,1612.134433599771,86.98858132261572,6.012406456119426,80.97925923437221,99.723155571779
proposed,adaptive,23,23.0,10,88.87515703314617,6.165922655020873,82.21996638715058,100.95723693689273,1440.0,0.0,1440.0,1440.0,1582.2549738400035,20.408876897493272,1554.3015553001314,1612.134433599771,88.87515703314617,6.165922655020873,82.21996638715058,100.95723693689273
proposed,adaptive,24,24.0,10,90.9886216123217,6.8597073280647205,85.04344183837999,105.20390960576614,1500.0,0.0,1500.0,1500.0,1582.2549738400035,20.408876897493272,1554.3015553001314,1612.134433599771,90.9886216123217,6.8597073280647205,85.04344183837999,105.20390960576614
proposed,adaptive,25,25.0,10,93.81290193682104,7.71077261586372,87.09163644132752,108.91083549414984,1560.0,0.0,1560.0,1560.0,1625.292247710016,23.272757524443907,1591.2099704000866,1662.3827901998302,93.81290193682104,7.71077261586372,87.09163644132752,108.91083549414984
proposed,adaptive,26,26.0,10,96.44100587550736,8.53024562719608,88.71285001577799,112.5682266869569,1620.0,0.0,1620.0,1620.0,1625.292247710016,23.272757524443907,1591.2099704000866,1662.3827901998302,96.44100587550736,8.53024562719608,88.71285001577799,112.5682266869569
proposed,adaptive,27,27.0,10,101.12399734704896,8.818089089662143,93.70345960062888,120.06279304450842,1680.0,0.0,1680.0,1680.0,1625.292247710016,23.272757524443907,1591.2099704000866,1662.3827901998302,101.12399734704896,8.818089089662143,93.70345960062888,120.06279304450842
proposed,adaptive,28,28.0,10,104.13424838417873,8.735453772562648,96.83471686003156,122.23417406798804,1740.0,0.0,1740.0,1740.0,1625.292247710016,23.272757524443907,1591.2099704000866,1662.3827901998302,104.13424838417873,8.735453772562648,96.83471686003156,122.23417406798804
proposed,adaptive,29,29.0,10,107.09392827099471,9.349870749457068,97.64454266363282,126.32783003300707,1800.0,0.0,1800.0,1800.0,1625.292247710016,23.272757524443907,1591.2099704000866,1662.3827901998302,107.09392827099471,9.349870749457068,97.64454266363282,126.32783003300707
proposed,adaptive,30,30.0,10,111.0585540632643,8.724559103689982,101.50494658194286,127.78850633055632,1860.0,0.0,1860.0,1860.0,1659.6168839900288,29.173891768623466,1612.5886319000274,1699.0796767998254,111.0585540632643,8.724559103689982,101.50494658194286,127.78850633055632
proposed,adaptive,31,31.0,10,114.0749783028978,8.963009882172742,103.2993933190888,129.56316582078068,1920.0,0.0,1920.0,1920.0,1659.6168839900288,29.173891768623466,1612.5886319000274,1699.0796767998254,114.0749783028978,8.963009882172742,103.2993933190888,129.56316582078068
proposed,adaptive,32,32.0,10,117.08531549375307,9.882369229955431,104.37595619275322,133.01832866778076,1980.0,0.0,1980.0,1980.0,1659.6168839900288,29.173891768623466,1612.5886319000274,1699.0796767998254,117.08531549375307,9.882369229955431,104.37595619275322,133.01832866778076
proposed,adaptive,33,33.0,10,119.60965214956536,9.896679902582989,106.4694994346998,135.98260231167922,2040.0,0.0,2040.0,2040.0,1659.6168839900288,29.173891768623466,1612.5886319000274,1699.0796767998254,119.60965214956536,9.896679902582989,106.4694994346998,135.98260231167922
proposed,adaptive,34,34.0,10,122.66038550232523,10.113419116368096,108.99119962039042,139.33478666288212,2100.0,0.0,2100.0,2100.0,1659.6168839900288,29.173891768623466,1612.5886319000274,1699.0796767998254,122.66038550232523,10.113419116368096,108.99119962039042,139.33478666288212
proposed,adaptive,35,35.0,10,125.7522191902963,11.342475320060611,109.43291808653166,144.1625376689121,2160.0,0.0,2160.0,2160.0,1691.6923479600111,35.64504217955736,1632.4052927000448,1731.9403572997544,125.7522191902963,11.342475320060611,109.43291808653166,144.1625376689121
proposed,adaptive,36,36.0,10,127.72129572115145,11.75324920754881,111.1645629538781,146.13447475388153,2220.0,0.0,2220.0,2220.0,1691.6923479600111,35.64504217955736,1632.4052927000448,1731.9403572997544,127.72129572115145,11.75324920754881,111.1645629538781,146.13447475388153
proposed,adaptive,37,37.0,10,129.68500007220206,11.482632537855084,113.60151213524598,147.14375856569094,2280.0,0.0,2280.0,2280.0,1691.6923479600111,35.64504217955736,1632.4052927000448,1731.9403572997544,129.68500007220206,11.482632537855084,113.60151213524598,147.14375856569094
proposed,adaptive,38,38.0,10,131.90558372520115,11.302702851897482,118.69015531034242,150.13816404428363,2340.0,0.0,2340.0,2340.0,1691.6923479600111,35.64504217955736,1632.4052927000448,1731.9403572997544,131.90558372520115,11.302702851897482,118.69015531034242,150.13816404428363
proposed,adaptive,39,39.0,10,133.36169310456873,11.239966767559087,118.82748415470824,151.51593329836908,2400.0,0.0,2400.0,2400.0,1691.6923479600111,35.64504217955736,1632.4052927000448,1731.9403572997544,133.36169310456873,11.239966767559087,118.82748415470824,151.51593329836908
proposed,adaptive,40,40.0,10,134.26548749454642,11.553613599601045,119.60139056601496,152.8857678459781,2460.0,0.0,2460.0,2460.0,1709.294310649985,40.01402444757737,1642.329724300071,1770.014741699677,134.26548749454642,11.553613599601045,119.60139056601496,152.8857678459781
proposed,adaptive,41,41.0,10,135.1705668028673,11.43131855149886,121.64562558671057,153.1657678459781,2520.0,0.0,2520.0,2520.0,1709.294310649985,40.01402444757737,1642.329724300071,1770.014741699677,135.1705668028673,11.43131855149886,121.64562558671057,153.1657678459781
proposed,adaptive,42,42.0,10,136.33424531410517,11.673911197223196,121.7389589200439,153.99277621517376,2580.0,0.0,2580.0,2580.0,1709.294310649985,40.01402444757737,1642.329724300071,1770.014741699677,136.33424531410517,11.673911197223196,121.7389589200439,153.99277621517376
proposed,adaptive,43,43.0,10,137.16824719980156,11.989189878555287,122.2046536412792,155.58164341785158,2640.0,0.0,2640.0,2640.0,1709.294310649985,40.01402444757737,1642.329724300071,1770.014741699677,137.16824719980156,11.989189878555287,122.2046536412792,155.58164341785158
proposed,adaptive,44,44.0,10,137.8259837360519,11.823030124499537,123.43924473603305,155.76831008451825,2700.0,0.0,2700.0,2700.0,1709.294310649985,40.01402444757737,1642.329724300071,1770.014741699677,137.8259837360519,11.823030124499537,123.43924473603305,155.76831008451825
proposed,adaptive,45,45.0,10,142.08186602309016,17.000687536351652,123.53257806936638,170.41337630910186,2774.673058753955,35.67040169495689,2760.0,2871.044544597224,1719.396641899983,41.545437524972485,1652.1258361999644,1780.9524220996536,142.08186602309016,17.000687536351652,123.53257806936638,170.41337630910186
proposed,adaptive,46,46.0,10,142.7783418757802,16.63147900525575,124.58571215978192,170.41337630910186,2822.673058753955,18.634679766259556,2795.686042942327,2871.044544597224,1719.396641899983,41.545437524972485,1652.1258361999644,1780.9524220996536,142.7783418757802,16.63147900525575,124.58571215978192,170.41337630910186
proposed,adaptive,47,47.0,10,144.83778115304196,16.389148301876055,126.01719984442856,170.41337630910186,2878.762397060966,39.04052929737754,2795.686042942327,2960.893383070109,1719.396641899983,41.545437524972485,1652.1258361999644,1780.9524220996536,144.83778115304196,16.389148301876055,126.01719984442856,170.41337630910186
proposed,adaptive,48,48.0,10,145.33164699895164,15.934392060294929,126.11053317776192,170.41337630910186,2920.762397060966,49.79631046034013,2795.686042942327,2960.893383070109,1719.396641899983,41.545437524972485,1652.1258361999644,1780.9524220996536,145.33164699895164,15.934392060294929,126.11053317776192,170.41337630910186
proposed,adaptive,49,49.0,10,151.15869472909046,15.350054594298916,129.24829524312293,171.0111885735448,3009.208365545904,132.20705313508245,2795.686042942327,3256.9727664363872,1719.396641899983,41.545437524972485,1652.1258361999644,1780.9524220996536,151.15869472909046,15.350054594298916,129.24829524312293,171.0111885735448
proposed,adaptive,50,50.0,10,151.4886856958309,15.152626622057717,130.2251052169617,171.0111885735448,3033.208365545904,133.9686234517158,2795.686042942327,3256.9727664363872,1724.172548429959,43.22453147074316,1652.1258361999644,1780.9524220996536,151.4886856958309,15.152626622057717,130.2251052169617,171.0111885735448
proposed,adaptive,51,51.0,10,151.823586946295,14.781144542323226,130.73894332864464,171.0111885735448,3057.208365545904,142.60602806484982,2795.686042942327,3256.9727664363872,1724.172548429959,43.22453147074316,1652.1258361999644,1780.9524220996536,151.823586946295,14.781144542323226,130.73894332864464,171.0111885735448
proposed,adaptive,52,52.0,10,153.28185043532284,15.468074486960239,130.83227666197797,171.0111885735448,3085.765575410079,160.79031081907547,2795.686042942327,3256.9727664363872,1724.172548429959,43.22453147074316,1652.1258361999644,1780.9524220996536,153.28185043532284,15.468074486960239,130.83227666197797,171.0111885735448
proposed,adaptive,53,53.0,10,154.90994488973007,14.756694954013314,131.79526795974795,171.0111885735448,3114.969723685375,187.37718575401863,2795.686042942327,3352.041482752965,1724.172548429959,43.22453147074316,1652.1258361999644,1780.9524220996536,154.90994488973007,14.756694954013314,131.79526795974795,171.0111885735448
proposed,adaptive,54,54.0,10,155.06849167792896,14.496887972461346,131.8886012930813,171.0111885735448,3126.969723685375,197.69762376624396,2795.686042942327,3352.041482752965,1724.172548429959,43.22453147074316,1652.1258361999644,1780.9524220996536,155.06849167792896,14.496887972461346,131.8886012930813,171.0111885735448
proposed,adaptive,55,55.0,10,155.15657501465515,14.343395466129564,132.6761013270098,171.0111885735448,3138.969723685375,210.56707041829375,2795.686042942327,3360.0,1725.2511943399556,43.439337960766586,1652.1258361999644,1780.9524220996536,155.15657501465515,14.343395466129564,132.6761013270098,171.0111885735448
proposed,adaptive,56,56.0,10,156.9113647187466,12.275251514441312,133.85529477230722,171.0111885735448,3174.150014185659,264.7718124209913,2795.686042942327,3651.802905002842,1725.2511943399556,43.439337960766586,1652.1258361999644,1780.9524220996536,156.9113647187466,12.275251514441312,133.85529477230722,171.0111885735448
proposed,adaptive,57,57.0,10,156.92069805207993,12.255793360066304,133.94862810564055,171.0111885735448,3180.150014185659,271.5549897600015,2795.686042942327,3651.802905002842,1725.2511943399556,43.439337960766586,1652.1258361999644,1780.9524220996536,156.92069805207993,12.255793360066304,133.94862810564055,171.0111885735448
proposed,adaptive,58,58.0,10,158.3134629325993,9.924872537630113,143.92979688469367,171.0111885735448,3188.756214241577,283.22672359237777,2795.686042942327,3651.802905002842,1725.2511943399556,43.439337960766586,1652.1258361999644,1780.9524220996536,158.3134629325993,9.924872537630113,143.92979688469367,171.0111885735448
proposed,adaptive,59,59.0,10,158.3134629325993,9.924872537630113,143.92979688469367,171.0111885735448,3188.756214241577,283.22672359237777,2795.686042942327,3651.802905002842,1725.2511943399556,43.439337960766586,1652.1258361999644,1780.9524220996536,158.3134629325993,9.924872537630113,143.92979688469367,171.0111885735448
proposed,adaptive,60,60.0,10,158.3134629325993,9.924872537630113,143.92979688469367,171.0111885735448,3188.756214241577,283.22672359237777,2795.686042942327,3651.802905002842,1725.2511943399556,43.439337960766586,1652.1258361999644,1780.9524220996536,158.3134629325993,9.924872537630113,143.92979688469367,171.0111885735448
proposed,adaptive,61,61.0,10,158.3134629325993,9.924872537630113,143.92979688469367,171.0111885735448,3188.756214241577,283.22672359237777,2795.686042942327,3651.802905002842,1725.2511943399556,43.439337960766586,1652.1258361999644,1780.9524220996536,158.3134629325993,9.924872537630113,143.92979688469367,171.0111885735448
proposed,adaptive,62,62.0,10,158.3134629325993,9.924872537630113,143.92979688469367,171.0111885735448,3188.756214241577,283.22672359237777,2795.686042942327,3651.802905002842,1725.2511943399556,43.439337960766586,1652.1258361999644,1780.9524220996536,158.3134629325993,9.924872537630113,143.92979688469367,171.0111885735448
proposed,adaptive,63,63.0,10,158.3134629325993,9.924872537630113,143.92979688469367,171.0111885735448,3188.756214241577,283.22672359237777,2795.686042942327,3651.802905002842,1725.2511943399556,43.439337960766586,1652.1258361999644,1780.9524220996536,158.3134629325993,9.924872537630113,143.92979688469367,171.0111885735448
proposed,adaptive,64,64.0,10,158.3134629325993,9.924872537630113,143.92979688469367,171.0111885735448,3188.756214241577,283.22672359237777,2795.686042942327,3651.802905002842,1725.2511943399556,43.439337960766586,1652.1258361999644,1780.9524220996536,158.3134629325993,9.924872537630113,143.92979688469367,171.0111885735448
proposed,static_frozen,0,0.0,10,18.94781220058084,0.0,18.94781220058084,18.94781220058084,60.0,0.0,60.0,60.0,1139.5955789000727,0.0,1139.5955789000727,1139.5955789000727,18.94781220058084,0.0,18.94781220058084,18.94781220058084
proposed,static_frozen,1,1.0,10,22.590940946994326,0.0,22.590940946994326,22.590940946994326,120.0,0.0,120.0,120.0,1139.5955789000727,0.0,1139.5955789000727,1139.5955789000727,22.590940946994326,0.0,22.590940946994326,22.590940946994326
proposed,static_frozen,2,2.0,10,24.741554540164067,0.0,24.741554540164067,24.741554540164067,180.0,0.0,180.0,180.0,1139.5955789000727,0.0,1139.5955789000727,1139.5955789000727,24.741554540164067,0.0,24.741554540164067,24.741554540164067
proposed,static_frozen,3,3.0,10,28.012910637870753,0.0,28.012910637870757,28.012910637870757,240.0,0.0,240.0,240.0,1139.5955789000727,0.0,1139.5955789000727,1139.5955789000727,28.012910637870753,0.0,28.012910637870757,28.012910637870757
proposed,static_frozen,4,4.0,10,31.715342580592072,0.0,31.715342580592075,31.715342580592075,300.0,0.0,300.0,300.0,1139.5955789000727,0.0,1139.5955789000727,1139.5955789000727,31.715342580592072,0.0,31.715342580592075,31.715342580592075
proposed,static_frozen,5,5.0,10,34.434439816026014,0.0,34.434439816026014,34.434439816026014,360.0,0.0,360.0,360.0,1139.5955789000727,0.0,1139.5955789000727,1139.5955789000727,34.434439816026014,0.0,34.434439816026014,34.434439816026014
proposed,static_frozen,6,6.0,10,39.04571923328565,0.0,39.04571923328565,39.04571923328565,420.0,0.0,420.0,420.0,1139.5955789000727,0.0,1139.5955789000727,1139.5955789000727,39.04571923328565,0.0,39.04571923328565,39.04571923328565
proposed,static_frozen,7,7.0,10,44.23686129142588,0.0,44.23686129142588,44.23686129142588,480.0,0.0,480.0,480.0,1139.5955789000727,0.0,1139.5955789000727,1139.5955789000727,44.23686129142588,0.0,44.23686129142588,44.23686129142588
proposed,static_frozen,8,8.0,10,46.731256203819214,0.0,46.731256203819214,46.731256203819214,540.0,0.0,540.0,540.0,1139.5955789000727,0.0,1139.5955789000727,1139.5955789000727,46.731256203819214,0.0,46.731256203819214,46.731256203819214
proposed,static_frozen,9,9.0,10,48.99949160090939,0.0,48.99949160090939,48.99949160090939,600.0,0.0,600.0,600.0,1139.5955789000727,0.0,1139.5955789000727,1139.5955789000727,48.99949160090939,0.0,48.99949160090939,48.99949160090939
proposed,static_frozen,10,10.0,10,51.264174649504284,0.0,51.26417464950429,51.26417464950429,660.0,0.0,660.0,660.0,1139.5955789000727,0.0,1139.5955789000727,1139.5955789000727,51.264174649504284,0.0,51.26417464950429,51.26417464950429
proposed,static_frozen,11,11.0,10,54.41835054962886,0.048014466647742234,54.343147994270026,54.45631724650993,720.0,0.0,720.0,720.0,1139.5955789000727,0.0,1139.5955789000727,1139.5955789000727,54.41835054962886,0.048014466647742234,54.343147994270026,54.45631724650993
proposed,static_frozen,12,12.0,10,58.105808046618804,0.15726379300478327,57.92141782065079,58.39610441193809,780.0,0.0,780.0,780.0,1139.5955789000727,0.0,1139.5955789000727,1139.5955789000727,58.105808046618804,0.15726379300478327,57.92141782065079,58.39610441193809
proposed,static_frozen,13,13.0,10,61.76470839130642,0.22317549377892595,61.43032879070096,62.02718759987359,840.0,0.0,840.0,840.0,1139.5955789000727,0.0,1139.5955789000727,1139.5955789000727,61.76470839130642,0.22317549377892595,61.43032879070096,62.02718759987359
proposed,static_frozen,14,14.0,10,64.39717700827154,0.906777967096994,63.37055447474612,66.27668349035528,900.0,0.0,900.0,900.0,1139.5955789000727,0.0,1139.5955789000727,1139.5955789000727,64.39717700827154,0.906777967096994,63.37055447474612,66.27668349035528
proposed,static_frozen,15,15.0,10,66.38906050055294,1.1552822817935358,65.07614298245664,68.24917268996909,960.0,0.0,960.0,960.0,1139.5955789000727,0.0,1139.5955789000727,1139.5955789000727,66.38906050055294,1.1552822817935358,65.07614298245664,68.24917268996909
proposed,static_frozen,16,16.0,10,68.77434703938984,1.4361190047512196,67.11505783490797,71.05339454130734,1020.0,0.0,1020.0,1020.0,1139.5955789000727,0.0,1139.5955789000727,1139.5955789000727,68.77434703938984,1.4361190047512196,67.11505783490797,71.05339454130734
proposed,static_frozen,17,17.0,10,73.21078379125018,2.1779854371844887,70.9579098509793,76.77095259585711,1080.0,0.0,1080.0,1080.0,1139.5955789000727,0.0,1139.5955789000727,1139.5955789000727,73.21078379125018,2.1779854371844887,70.9579098509793,76.77095259585711
proposed,static_frozen,18,18.0,10,76.82444393534419,3.2467851880038707,73.45767489395138,82.81582937450162,1140.0,0.0,1140.0,1140.0,1139.5955789000727,0.0,1139.5955789000727,1139.5955789000727,76.82444393534419,3.2467851880038707,73.45767489395138,82.81582937450162
proposed,static_frozen,19,19.0,10,80.01154672951873,4.33144615424,75.14024240003364,86.5605504327913,1200.0,0.0,1200.0,1200.0,1139.5955789000727,0.0,1139.5955789000727,1139.5955789000727,80.01154672951873,4.33144615424,75.14024240003364,86.5605504327913
proposed,static_frozen,20,20.0,10,82.60120674449796,5.479313578087383,76.66709341492431,90.8456250345488,1260.0,0.0,1260.0,1260.0,1139.5955789000727,0.0,1139.5955789000727,1139.5955789000727,82.60120674449796,5.479313578087383,76.66709341492431,90.8456250345488
proposed,static_frozen,21,21.0,10,85.40768495856958,6.448590140434538,78.5819375164915,97.15870894282828,1320.0,0.0,1320.0,1320.0,1139.5955789000727,0.0,1139.5955789000727,1139.5955789000727,85.40768495856958,6.448590140434538,78.5819375164915,97.15870894282828
proposed,static_frozen,22,22.0,10,87.42778107532155,6.605792092733384,79.74066667805083,99.50088276243838,1380.0,0.0,1380.0,1380.0,1139.5955789000727,0.0,1139.5955789000727,1139.5955789000727,87.42778107532155,6.605792092733384,79.74066667805083,99.50088276243838
proposed,static_frozen,23,23.0,10,89.5401102220233,6.805815341628558,80.83899924341242,101.63359575371062,1440.0,0.0,1440.0,1440.0,1139.5955789000727,0.0,1139.5955789000727,1139.5955789000727,89.5401102220233,6.805815341628558,80.83899924341242,101.63359575371062
proposed,static_frozen,24,24.0,10,91.97450742675659,8.478377207708297,82.27210113210947,110.00360668621006,1500.0,0.0,1500.0,1500.0,1139.5955789000727,0.0,1139.5955789000727,1139.5955789000727,91.97450742675659,8.478377207708297,82.27210113210947,110.00360668621006
proposed,static_frozen,25,25.0,10,94.83127417580536,9.142094534926054,84.28647970825877,115.29362575785868,1560.0,0.0,1560.0,1560.0,1139.5955789000727,0.0,1139.5955789000727,1139.5955789000727,94.83127417580536,9.142094534926054,84.28647970825877,115.29362575785868
proposed,static_frozen,26,26.0,10,97.62400774555105,9.822536936557166,85.70340765807204,119.75766424551968,1620.0,0.0,1620.0,1620.0,1139.5955789000727,0.0,1139.5955789000727,1139.5955789000727,97.62400774555105,9.822536936557166,85.70340765807204,119.75766424551968
proposed,static_frozen,27,27.0,10,103.94885044766045,10.369596883573042,91.099275647024,127.11319533446036,1680.0,0.0,1680.0,1680.0,1139.5955789000727,0.0,1139.5955789000727,1139.5955789000727,103.94885044766045,10.369596883573042,91.099275647024,127.11319533446036
proposed,static_frozen,28,28.0,10,109.50324947100766,12.236778406472107,93.60191634391586,137.63771550366658,1740.0,0.0,1740.0,1740.0,1139.5955789000727,0.0,1139.5955789000727,1139.5955789000727,109.50324947100766,12.236778406472107,93.60191634391586,137.63771550366658
proposed,static_frozen,29,29.0,10,112.66513892850423,13.119218665918899,94.41233864549976,144.19140287872176,1800.0,0.0,1800.0,1800.0,1139.5955789000727,0.0,1139.5955789000727,1139.5955789000727,112.66513892850423,13.119218665918899,94.41233864549976,144.19140287872176
proposed,static_frozen,30,30.0,10,118.65984185352856,12.061587574224495,99.3441031262767,146.5896118019566,1860.0,0.0,1860.0,1860.0,1139.5955789000727,0.0,1139.5955789000727,1139.5955789000727,118.65984185352856,12.061587574224495,99.3441031262767,146.5896118019566
proposed,static_frozen,31,31.0,10,122.48258142577895,12.863780985023983,101.19424228060892,149.4156056432066,1920.0,0.0,1920.0,1920.0,1139.5955789000727,0.0,1139.5955789000727,1139.5955789000727,122.48258142577895,12.863780985023983,101.19424228060892,149.4156056432066
proposed,static_frozen,32,32.0,10,125.92555501972898,14.138587632507978,102.5297225198464,156.03909114301592,1980.0,0.0,1980.0,1980.0,1139.5955789000727,0.0,1139.5955789000727,1139.5955789000727,125.92555501972898,14.138587632507978,102.5297225198464,156.03909114301592
proposed,static_frozen,33,33.0,10,129.90022526138662,14.664704937103497,105.28451818112076,160.20425122593167,2040.0,0.0,2040.0,2040.0,1139.5955789000727,0.0,1139.5955789000727,1139.5955789000727,129.90022526138662,14.664704937103497,105.28451818112076,160.20425122593167
proposed,static_frozen,34,34.0,10,132.82434858728527,14.929070192892913,107.93739947102688,163.71644242732492,2100.0,0.0,2100.0,2100.0,1139.5955789000727,0.0,1139.5955789000727,1139.5955789000727,132.82434858728527,14.929070192892913,107.93739947102688,163.71644242732492
proposed,static_frozen,35,35.0,10,136.07321343321195,16.0880128417647,109.25863071915168,169.6105663503118,2160.0,0.0,2160.0,2160.0,1139.5955789000727,0.0,1139.5955789000727,1139.5955789000727,136.07321343321195,16.0880128417647,109.25863071915168,169.6105663503118
proposed,static_frozen,36,36.0,10,138.49504915645375,16.022465313287746,111.56962744366064,172.27347305352313,2220.0,0.0,2220.0,2220.0,1139.5955789000727,0.0,1139.5955789000727,1139.5955789000727,138.49504915645375,16.022465313287746,111.56962744366064,172.27347305352313
proposed,static_frozen,37,37.0,10,140.83112524446778,15.805462046599565,114.14328727770506,173.8576399613403,2280.0,0.0,2280.0,2280.0,1139.5955789000727,0.0,1139.5955789000727,1139.5955789000727,140.83112524446778,15.805462046599565,114.14328727770506,173.8576399613403
proposed,static_frozen,38,38.0,10,143.4526280487351,15.712976887511088,119.2453268139983,176.99041159026322,2340.0,0.0,2340.0,2340.0,1139.5955789000727,0.0,1139.5955789000727,1139.5955789000727,143.4526280487351,15.712976887511088,119.2453268139983,176.99041159026322
proposed,static_frozen,39,39.0,10,146.41253575834017,15.939084946378792,119.39504227344308,178.8791289261109,2400.0,0.0,2400.0,2400.0,1139.5955789000727,0.0,1139.5955789000727,1139.5955789000727,146.41253575834017,15.939084946378792,119.39504227344308,178.8791289261109
proposed,static_frozen,40,40.0,10,147.39361690660147,15.981657211428088,120.1689486847498,180.12654932401892,2460.0,0.0,2460.0,2460.0,1139.5955789000727,0.0,1139.5955789000727,1139.5955789000727,147.39361690660147,15.981657211428088,120.1689486847498,180.12654932401892
proposed,static_frozen,41,41.0,10,148.04438914736954,15.8768041920625,122.21318370544542,180.40065711812863,2520.0,0.0,2520.0,2520.0,1139.5955789000727,0.0,1139.5955789000727,1139.5955789000727,148.04438914736954,15.8768041920625,122.21318370544542,180.40065711812863
proposed,static_frozen,42,42.0,10,149.1361447013324,15.739080316649066,122.30651703877876,181.29044892462576,2580.0,0.0,2580.0,2580.0,1139.5955789000727,0.0,1139.5955789000727,1139.5955789000727,149.1361447013324,15.739080316649066,122.30651703877876,181.29044892462576
proposed,static_frozen,43,43.0,10,149.6858250617821,16.017424205641763,122.77221176001405,182.88496241104048,2640.0,0.0,2640.0,2640.0,1139.5955789000727,0.0,1139.5955789000727,1139.5955789000727,149.6858250617821,16.017424205641763,122.77221176001405,182.88496241104048
proposed,static_frozen,44,44.0,10,150.18104627234447,15.927276436977857,124.0068028547679,183.05895646174545,2700.0,0.0,2700.0,2700.0,1139.5955789000727,0.0,1139.5955789000727,1139.5955789000727,150.18104627234447,15.927276436977857,124.0068028547679,183.05895646174545
proposed,static_frozen,45,45.0,10,154.35270166496477,20.324198229868575,124.10013618810125,197.1631035778028,2768.8968773923502,19.209369265915274,2760.0,2813.2827309811737,1139.5955789000727,0.0,1139.5955789000727,1139.5955789000727,154.35270166496477,20.324198229868575,124.10013618810125,197.1631035778028
proposed,static_frozen,46,46.0,10,154.70822543363502,20.224837797617937,125.15327027851676,197.1631035778028,2816.8968773923502,7.7459416735659845,2795.686042942327,2820.0,1139.5955789000727,0.0,1139.5955789000727,1139.5955789000727,154.70822543363502,20.224837797617937,125.15327027851676,197.1631035778028
proposed,static_frozen,47,47.0,10,156.9932945181459,19.789002926349887,126.58475796316344,197.1631035778028,2872.986215699361,44.236542288050224,2795.686042942327,2960.893383070109,1139.5955789000727,0.0,1139.5955789000727,1139.5955789000727,156.9932945181459,19.789002926349887,126.58475796316344,197.1631035778028
proposed,static_frozen,48,48.0,10,158.74062983298973,20.713779081286805,126.67809129649676,197.1631035778028,2922.8131883553006,67.07591311005321,2795.686042942327,3018.269726559396,1139.5955789000727,0.0,1139.5955789000727,1139.5955789000727,158.74062983298973,20.713779081286805,126.67809129649676,197.1631035778028
proposed,static_frozen,49,49.0,10,165.52642953549815,17.47822589997738,141.97030101286623,197.1631035778028,2978.9223332504416,97.23087431824058,2795.686042942327,3072.8405227147564,1139.5955789000727,0.0,1139.5955789000727,1139.5955789000727,165.52642953549815,17.47822589997738,141.97030101286623,197.1631035778028
proposed,static_frozen,50,50.0,10,168.8687055602381,14.333221595933164,143.9406985722913,197.1631035778028,2998.4652542546983,109.85245787903224,2795.686042942327,3099.7223714939805,1139.5955789000727,0.0,1139.5955789000727,1139.5955789000727,168.8687055602381,14.333221595933164,143.9406985722913,197.1631035778028
proposed,static_frozen,51,51.0,10,168.8687055602381,14.333221595933164,143.9406985722913,197.1631035778028,2998.4652542546983,109.85245787903224,2795.686042942327,3099.7223714939805,1139.5955789000727,0.0,1139.5955789000727,1139.5955789000727,168.8687055602381,14.333221595933164,143.9406985722913,197.1631035778028
proposed,static_frozen,52,52.0,10,168.8687055602381,14.333221595933164,143.9406985722913,197.1631035778028,2998.4652542546983,109.85245787903224,2795.686042942327,3099.7223714939805,1139.5955789000727,0.0,1139.5955789000727,1139.5955789000727,168.8687055602381,14.333221595933164,143.9406985722913,197.1631035778028
proposed,static_frozen,53,53.0,10,168.8687055602381,14.333221595933164,143.9406985722913,197.1631035778028,2998.4652542546983,109.85245787903224,2795.686042942327,3099.7223714939805,1139.5955789000727,0.0,1139.5955789000727,1139.5955789000727,168.8687055602381,14.333221595933164,143.9406985722913,197.1631035778028
proposed,static_frozen,54,54.0,10,168.8687055602381,14.333221595933164,143.9406985722913,197.1631035778028,2998.4652542546983,109.85245787903224,2795.686042942327,3099.7223714939805,1139.5955789000727,0.0,1139.5955789000727,1139.5955789000727,168.8687055602381,14.333221595933164,143.9406985722913,197.1631035778028
proposed,static_frozen,55,55.0,10,168.8687055602381,14.333221595933164,143.9406985722913,197.1631035778028,2998.4652542546983,109.85245787903224,2795.686042942327,3099.7223714939805,1139.5955789000727,0.0,1139.5955789000727,1139.5955789000727,168.8687055602381,14.333221595933164,143.9406985722913,197.1631035778028
proposed,static_frozen,56,56.0,10,168.8687055602381,14.333221595933164,143.9406985722913,197.1631035778028,2998.4652542546983,109.85245787903224,2795.686042942327,3099.7223714939805,1139.5955789000727,0.0,1139.5955789000727,1139.5955789000727,168.8687055602381,14.333221595933164,143.9406985722913,197.1631035778028
proposed,static_frozen,57,57.0,10,168.8687055602381,14.333221595933164,143.9406985722913,197.1631035778028,2998.4652542546983,109.85245787903224,2795.686042942327,3099.7223714939805,1139.5955789000727,0.0,1139.5955789000727,1139.5955789000727,168.8687055602381,14.333221595933164,143.9406985722913,197.1631035778028
proposed,static_frozen,58,58.0,10,168.8687055602381,14.333221595933164,143.9406985722913,197.1631035778028,2998.4652542546983,109.85245787903224,2795.686042942327,3099.7223714939805,1139.5955789000727,0.0,1139.5955789000727,1139.5955789000727,168.8687055602381,14.333221595933164,143.9406985722913,197.1631035778028
proposed,static_frozen,59,59.0,10,168.8687055602381,14.333221595933164,143.9406985722913,197.1631035778028,2998.4652542546983,109.85245787903224,2795.686042942327,3099.7223714939805,1139.5955789000727,0.0,1139.5955789000727,1139.5955789000727,168.8687055602381,14.333221595933164,143.9406985722913,197.1631035778028
proposed,static_frozen,60,60.0,10,168.8687055602381,14.333221595933164,143.9406985722913,197.1631035778028,2998.4652542546983,109.85245787903224,2795.686042942327,3099.7223714939805,1139.5955789000727,0.0,1139.5955789000727,1139.5955789000727,168.8687055602381,14.333221595933164,143.9406985722913,197.1631035778028
proposed,static_frozen,61,61.0,10,168.8687055602381,14.333221595933164,143.9406985722913,197.1631035778028,2998.4652542546983,109.85245787903224,2795.686042942327,3099.7223714939805,1139.5955789000727,0.0,1139.5955789000727,1139.5955789000727,168.8687055602381,14.333221595933164,143.9406985722913,197.1631035778028
proposed,static_frozen,62,62.0,10,168.8687055602381,14.333221595933164,143.9406985722913,197.1631035778028,2998.4652542546983,109.85245787903224,2795.686042942327,3099.7223714939805,1139.5955789000727,0.0,1139.5955789000727,1139.5955789000727,168.8687055602381,14.333221595933164,143.9406985722913,197.1631035778028
proposed,static_frozen,63,63.0,10,168.8687055602381,14.333221595933164,143.9406985722913,197.1631035778028,2998.4652542546983,109.85245787903224,2795.686042942327,3099.7223714939805,1139.5955789000727,0.0,1139.5955789000727,1139.5955789000727,168.8687055602381,14.333221595933164,143.9406985722913,197.1631035778028
proposed,static_frozen,64,64.0,10,168.8687055602381,14.333221595933164,143.9406985722913,197.1631035778028,2998.4652542546983,109.85245787903224,2795.686042942327,3099.7223714939805,1139.5955789000727,0.0,1139.5955789000727,1139.5955789000727,168.8687055602381,14.333221595933164,143.9406985722913,197.1631035778028
proposed,static_live,0,0.0,10,18.94781220058084,0.0,18.94781220058084,18.94781220058084,60.0,0.0,60.0,60.0,1139.5955789000727,0.0,1139.5955789000727,1139.5955789000727,18.94781220058084,0.0,18.94781220058084,18.94781220058084
proposed,static_live,1,1.0,10,22.590940946994326,0.0,22.590940946994326,22.590940946994326,120.0,0.0,120.0,120.0,1139.5955789000727,0.0,1139.5955789000727,1139.5955789000727,22.590940946994326,0.0,22.590940946994326,22.590940946994326
proposed,static_live,2,2.0,10,24.741554540164067,0.0,24.741554540164067,24.741554540164067,180.0,0.0,180.0,180.0,1139.5955789000727,0.0,1139.5955789000727,1139.5955789000727,24.741554540164067,0.0,24.741554540164067,24.741554540164067
proposed,static_live,3,3.0,10,28.012910637870753,0.0,28.012910637870757,28.012910637870757,240.0,0.0,240.0,240.0,1139.5955789000727,0.0,1139.5955789000727,1139.5955789000727,28.012910637870753,0.0,28.012910637870757,28.012910637870757
proposed,static_live,4,4.0,10,31.71534218387892,0.0,31.71534218387892,31.71534218387892,300.0,0.0,300.0,300.0,1139.5955789000727,0.0,1139.5955789000727,1139.5955789000727,31.71534218387892,0.0,31.71534218387892,31.71534218387892
proposed,static_live,5,5.0,10,34.4343180028116,0.0,34.4343180028116,34.4343180028116,360.0,0.0,360.0,360.0,1139.5955789000727,0.0,1139.5955789000727,1139.5955789000727,34.4343180028116,0.0,34.4343180028116,34.4343180028116
proposed,static_live,6,6.0,10,39.04559742007124,0.0,39.04559742007124,39.04559742007124,420.0,0.0,420.0,420.0,1139.5955789000727,0.0,1139.5955789000727,1139.5955789000727,39.04559742007124,0.0,39.04559742007124,39.04559742007124
proposed,static_live,7,7.0,10,44.235997422894215,0.0,44.235997422894215,44.235997422894215,480.0,0.0,480.0,480.0,1139.5955789000727,0.0,1139.5955789000727,1139.5955789000727,44.235997422894215,0.0,44.235997422894215,44.235997422894215
proposed,static_live,8,8.0,10,46.7311343906048,0.0,46.7311343906048,46.7311343906048,540.0,0.0,540.0,540.0,1139.5955789000727,0.0,1139.5955789000727,1139.5955789000727,46.7311343906048,0.0,46.7311343906048,46.7311343906048
proposed,static_live,9,9.0,10,48.999369787694974,0.0,48.999369787694974,48.999369787694974,600.0,0.0,600.0,600.0,1139.5955789000727,0.0,1139.5955789000727,1139.5955789000727,48.999369787694974,0.0,48.999369787694974,48.999369787694974
proposed,static_live,10,10.0,10,51.26372903641793,0.0,51.26372903641793,51.26372903641793,660.0,0.0,660.0,660.0,1139.5955789000727,0.0,1139.5955789000727,1139.5955789000727,51.26372903641793,0.0,51.26372903641793,51.26372903641793
proposed,static_live,11,11.0,10,54.41803115848916,0.04874007360010303,54.343026181055606,54.45619543329552,720.0,0.0,720.0,720.0,1139.5955789000727,0.0,1139.5955789000727,1139.5955789000727,54.41803115848916,0.04874007360010303,54.343026181055606,54.45619543329552
proposed,static_live,12,12.0,10,58.1054886554791,0.15702812596156746,57.92129600743637,58.39598259872368,780.0,0.0,780.0,780.0,1139.5955789000727,0.0,1139.5955789000727,1139.5955789000727,58.1054886554791,0.15702812596156746,57.92129600743637,58.39598259872368
proposed,static_live,13,13.0,10,61.66540667040292,0.15907078688353343,61.431179369022125,61.980780017251455,840.0,0.0,840.0,840.0,1139.5955789000727,0.0,1139.5955789000727,1139.5955789000727,61.66540667040292,0.15907078688353343,61.431179369022125,61.980780017251455
proposed,static_live,14,14.0,10,64.19864414641646,0.6677204256291491,63.37043266153172,65.51642167660616,900.0,0.0,900.0,900.0,1139.5955789000727,0.0,1139.5955789000727,1139.5955789000727,64.19864414641646,0.6677204256291491,63.37043266153172,65.51642167660616
proposed,static_live,15,15.0,10,66.19958455616495,0.9323685600699347,65.0754033739099,67.49460804396793,960.0,0.0,960.0,960.0,1139.5955789000727,0.0,1139.5955789000727,1139.5955789000727,66.19958455616495,0.9323685600699347,65.0754033739099,67.49460804396793
proposed,static_live,16,16.0,10,68.64023542046344,1.3552535539912376,67.11493602169355,71.27532518923978,1020.0,0.0,1020.0,1020.0,1139.5955789000727,0.0,1139.5955789000727,1139.5955789000727,68.64023542046344,1.3552535539912376,67.11493602169355,71.27532518923978
proposed,static_live,17,17.0,10,72.98260042493267,1.9815165669307788,70.95778803776489,77.16632864581553,1080.0,0.0,1080.0,1080.0,1139.5955789000727,0.0,1139.5955789000727,1139.5955789000727,72.98260042493267,1.9815165669307788,70.95778803776489,77.16632864581553
proposed,static_live,18,18.0,10,76.2020477752321,2.6637997837617498,73.45755308073696,80.39786503238079,1140.0,0.0,1140.0,1140.0,1139.5955789000727,0.0,1139.5955789000727,1139.5955789000727,76.2020477752321,2.6637997837617498,73.45755308073696,80.39786503238079
proposed,static_live,19,19.0,10,78.82189505938648,3.173357659435207,75.14012058681922,84.30945878646104,1200.0,0.0,1200.0,1200.0,1139.5955789000727,0.0,1139.5955789000727,1139.5955789000727,78.82189505938648,3.173357659435207,75.14012058681922,84.30945878646104
proposed,static_live,20,20.0,10,81.00482266930122,4.686503646926079,76.6534928951436,89.26294903038834,1260.0,0.0,1260.0,1260.0,1139.5955789000727,0.0,1139.5955789000727,1139.5955789000727,81.00482266930122,4.686503646926079,76.6534928951436,89.26294903038834
proposed,static_live,21,21.0,10,83.5984321732323,5.308354341681459,78.58181570327707,94.24465401523616,1320.0,0.0,1320.0,1320.0,1139.5955789000727,0.0,1139.5955789000727,1139.5955789000727,83.5984321732323,5.308354341681459,78.58181570327707,94.24465401523616
proposed,static_live,22,22.0,10,85.50789632874339,5.6575208351489925,79.74054486483641,97.32443696821562,1380.0,0.0,1380.0,1380.0,1139.5955789000727,0.0,1139.5955789000727,1139.5955789000727,85.50789632874339,5.6575208351489925,79.74054486483641,97.32443696821562
proposed,static_live,23,23.0,10,87.42093134592153,6.101747722273795,80.83719768767233,99.11809826014598,1440.0,0.0,1440.0,1440.0,1139.5955789000727,0.0,1139.5955789000727,1139.5955789000727,87.42093134592153,6.101747722273795,80.83719768767233,99.11809826014598
proposed,static_live,24,24.0,10,89.32567436946472,6.3030118456942565,82.27140140767695,101.12682182467086,1500.0,0.0,1500.0,1500.0,1139.5955789000727,0.0,1139.5955789000727,1139.5955789000727,89.32567436946472,6.3030118456942565,82.27140140767695,101.12682182467086
proposed,static_live,25,25.0,10,91.98241388740942,6.851559401195872,84.24663528250622,105.26840573943242,1560.0,0.0,1560.0,1560.0,1139.5955789000727,0.0,1139.5955789000727,1139.5955789000727,91.98241388740942,6.851559401195872,84.24663528250622,105.26840573943242
proposed,static_live,26,26.0,10,94.41227593715797,7.773355948858815,85.69527304454341,110.14731340918463,1620.0,0.0,1620.0,1620.0,1139.5955789000727,0.0,1139.5955789000727,1139.5955789000727,94.41227593715797,7.773355948858815,85.69527304454341,110.14731340918463
proposed,static_live,27,27.0,10,99.3038262966178,8.604317481223305,90.03766265208404,118.59446617569704,1680.0,0.0,1680.0,1680.0,1139.5955789000727,0.0,1139.5955789000727,1139.5955789000727,99.3038262966178,8.604317481223305,90.03766265208404,118.59446617569704
proposed,static_live,28,28.0,10,101.98744663433952,8.452421651311335,92.1791668897962,120.6437340706879,1740.0,0.0,1740.0,1740.0,1139.5955789000727,0.0,1139.5955789000727,1139.5955789000727,101.98744663433952,8.452421651311335,92.1791668897962,120.6437340706879
proposed,static_live,29,29.0,10,104.97160864789593,9.391327009236653,94.40360753398848,126.00194151377237,1800.0,0.0,1800.0,1800.0,1139.5955789000727,0.0,1139.5955789000727,1139.5955789000727,104.97160864789593,9.391327009236653,94.40360753398848,126.00194151377237
proposed,static_live,30,30.0,10,109.26904176864275,9.404379814290088,99.298327596601,131.06355350492169,1860.0,0.0,1860.0,1860.0,1139.5955789000727,0.0,1139.5955789000727,1139.5955789000727,109.26904176864275,9.404379814290088,99.298327596601,131.06355350492169
proposed,static_live,31,31.0,10,112.40356003464153,10.016336660483415,101.18610766708028,135.21827753767872,1920.0,0.0,1920.0,1920.0,1139.5955789000727,0.0,1139.5955789000727,1139.5955789000727,112.40356003464153,10.016336660483415,101.18610766708028,135.21827753767872
proposed,static_live,32,32.0,10,115.59605311973023,10.636607451558811,102.52158790631776,137.79560021708062,1980.0,0.0,1980.0,1980.0,1139.5955789000727,0.0,1139.5955789000727,1139.5955789000727,115.59605311973023,10.636607451558811,102.52158790631776,137.79560021708062
proposed,static_live,33,33.0,10,118.9028928814292,11.104796192202754,105.17023734108624,142.3059163969176,2040.0,0.0,2040.0,2040.0,1139.5955789000727,0.0,1139.5955789000727,1139.5955789000727,118.9028928814292,11.104796192202754,105.17023734108624,142.3059163969176
proposed,static_live,34,34.0,10,121.91863105564376,10.685703017850585,107.92866728875984,144.63134245007856,2100.0,0.0,2100.0,2100.0,1139.5955789000727,0.0,1139.5955789000727,1139.5955789000727,121.91863105564376,10.685703017850585,107.92866728875984,144.63134245007856
proposed,static_live,35,35.0,10,124.68847484473542,11.350123942932834,109.25061757512286,147.82296585237935,2160.0,0.0,2160.0,2160.0,1139.5955789000727,0.0,1139.5955789000727,1139.5955789000727,124.68847484473542,11.350123942932834,109.25061757512286,147.82296585237935
proposed,static_live,36,36.0,10,127.28522779114594,11.509512130486428,111.561492830132,151.27918619755494,2220.0,0.0,2220.0,2220.0,1139.5955789000727,0.0,1139.5955789000727,1139.5955789000727,127.28522779114594,11.509512130486428,111.561492830132,151.27918619755494
proposed,static_live,37,37.0,10,129.89717834418852,11.506643686094652,114.1431654644906,153.7979679044742,2280.0,0.0,2280.0,2280.0,1139.5955789000727,0.0,1139.5955789000727,1139.5955789000727,129.89717834418852,11.506643686094652,114.1431654644906,153.7979679044742
proposed,static_live,38,38.0,10,132.12576164856736,11.80534056707112,119.24532681399828,157.45566224355673,2340.0,0.0,2340.0,2340.0,1139.5955789000727,0.0,1139.5955789000727,1139.5955789000727,132.12576164856736,11.80534056707112,119.24532681399828,157.45566224355673
proposed,static_live,39,39.0,10,133.70261465768533,11.443803197256011,119.39504227344304,157.81766478936552,2400.0,0.0,2400.0,2400.0,1139.5955789000727,0.0,1139.5955789000727,1139.5955789000727,133.70261465768533,11.443803197256011,119.39504227344304,157.81766478936552
proposed,static_live,40,40.0,10,134.7656907658719,11.801696963771471,120.16894868474978,159.87796913229192,2460.0,0.0,2460.0,2460.0,1139.5955789000727,0.0,1139.5955789000727,1139.5955789000727,134.7656907658719,11.801696963771471,120.16894868474978,159.87796913229192
proposed,static_live,41,41.0,10,135.5894731513111,11.706573592389171,122.2131837054454,160.4595868008633,2520.0,0.0,2520.0,2520.0,1139.5955789000727,0.0,1139.5955789000727,1139.5955789000727,135.5894731513111,11.706573592389171,122.2131837054454,160.4595868008633
proposed,static_live,42,42.0,10,136.88943779417204,11.855927919870311,122.30651703877872,161.11034919091318,2580.0,0.0,2580.0,2580.0,1139.5955789000727,0.0,1139.5955789000727,1139.5955789000727,136.88943779417204,11.855927919870311,122.30651703877872,161.11034919091318
proposed,static_live,43,43.0,10,138.12247920626345,11.83117810997005,122.77221176001402,162.6989546138855,2640.0,0.0,2640.0,2640.0,1139.5955789000727,0.0,1139.5955789000727,1139.5955789000727,138.12247920626345,11.83117810997005,122.77221176001402,162.6989546138855
proposed,static_live,44,44.0,10,138.59930824483126,11.710724222564082,124.00680285476788,163.11732503079566,2700.0,0.0,2700.0,2700.0,1139.5955789000727,0.0,1139.5955789000727,1139.5955789000727,138.59930824483126,11.710724222564082,124.00680285476788,163.11732503079566
proposed,static_live,45,45.0,10,141.55721100708564,14.640072124038198,124.1001361881012,167.70861169043295,2765.272675679224,16.67366450972252,2760.0,2812.7267567922377,1139.5955789000727,0.0,1139.5955789000727,1139.5955789000727,141.55721100708564,14.640072124038198,124.1001361881012,167.70861169043295
proposed,static_live,46,46.0,10,143.3596601034104,17.119574549863216,125.15327027851674,177.39897339092855,2826.868338219073,24.38252632469447,2812.7267567922377,2895.956625398488,1139.5955789000727,0.0,1139.5955789000727,1139.5955789000727,143.3596601034104,17.119574549863216,125.15327027851674,177.39897339092855
proposed,static_live,47,47.0,10,145.32146604980016,16.92032776531634,126.5847579631634,177.39897339092855,2882.9576765260836,35.3342202184233,2812.7267567922377,2960.893383070109,1139.5955789000727,0.0,1139.5955789000727,1139.5955789000727,145.32146604980016,16.92032776531634,126.5847579631634,177.39897339092855
proposed,static_live,48,48.0,10,145.89616710801687,16.51292382280113,126.67809129649672,177.39897339092855,2924.9576765260836,42.57296453552315,2812.7267567922377,2960.893383070109,1139.5955789000727,0.0,1139.5955789000727,1139.5955789000727,145.89616710801687,16.51292382280113,126.67809129649672,177.39897339092855
proposed,static_live,49,49.0,10,149.46163525618633,14.440054007530104,130.36497241829872,177.39897339092855,2975.975117586904,71.59898827897501,2812.7267567922377,3059.550171472765,1139.5955789000727,0.0,1139.5955789000727,1139.5955789000727,149.46163525618633,14.440054007530104,130.36497241829872,177.39897339092855
proposed,static_live,50,50.0,10,149.79050152313954,14.353056647413771,130.71849168545248,177.39897339092855,3005.975117586904,87.90946450816611,2812.7267567922377,3060.0,1139.5955789000727,0.0,1139.5955789000727,1139.5955789000727,149.79050152313954,14.353056647413771,130.71849168545248,177.39897339092855
proposed,static_live,51,51.0,10,150.30980197366188,13.83511770291703,131.85562050382043,177.39897339092855,3035.975117586904,111.03932986853003,2812.7267567922377,3120.0,1139.5955789000727,0.0,1139.5955789000727,1139.5955789000727,150.30980197366188,13.83511770291703,131.85562050382043,177.39897339092855
proposed,static_live,52,52.0,10,151.7686031635094,14.733059544668823,131.94895383715377,177.39897339092855,3070.5323274510783,142.45637358767635,2812.7267567922377,3225.5720986417427,1139.5955789000727,0.0,1139.5955789000727,1139.5955789000727,151.7686031635094,14.733059544668823,131.94895383715377,177.39897339092855
proposed,static_live,53,53.0,10,154.93434345308566,12.87316484655959,132.75520471395208,177.39897339092855,3104.990382990045,176.0802283230247,2812.7267567922377,3306.579365354469,1139.5955789000727,0.0,1139.5955789000727,1139.5955789000727,154.93434345308566,12.87316484655959,132.75520471395208,177.39897339092855
proposed,static_live,54,54.0,10,154.9686841618495,12.819710235771288,133.00527846825713,177.39897339092855,3116.990382990045,187.73519451580546,2812.7267567922377,3306.579365354469,1139.5955789000727,0.0,1139.5955789000727,1139.5955789000727,154.9686841618495,12.819710235771288,133.00527846825713,177.39897339092855
proposed,static_live,55,55.0,10,156.390820027579,12.71547895790758,133.0986118015905,177.39897339092855,3134.0940149352737,208.91434554084273,2812.7267567922377,3411.0363194522856,1139.5955789000727,0.0,1139.5955789000727,1139.5955789000727,156.390820027579,12.71547895790758,133.0986118015905,177.39897339092855
proposed,static_live,56,56.0,10,156.57815604216825,12.342518144711148,134.97197194748307,177.39897339092855,3140.0940149352737,216.8346918129607,2812.7267567922377,3420.0,1139.5955789000727,0.0,1139.5955789000727,1139.5955789000727,156.57815604216825,12.342518144711148,134.97197194748307,177.39897339092855
proposed,static_live,57,57.0,10,156.58748937550158,12.32438627278983,135.0653052808164,177.39897339092855,3146.0940149352737,226.07380072552564,2812.7267567922377,3480.0,1139.5955789000727,0.0,1139.5955789000727,1139.5955789000727,156.58748937550158,12.32438627278983,135.0653052808164,177.39897339092855
proposed,static_live,58,58.0,10,157.95104286421105,10.26004396438882,143.94069857229124,177.39897339092855,3156.5590214891035,244.8871189859444,2812.7267567922377,3584.650065538301,1139.5955789000727,0.0,1139.5955789000727,1139.5955789000727,157.95104286421105,10.26004396438882,143.94069857229124,177.39897339092855
proposed,static_live,59,59.0,10,157.95104286421105,10.26004396438882,143.94069857229124,177.39897339092855,3156.5590214891035,244.8871189859444,2812.7267567922377,3584.650065538301,1139.5955789000727,0.0,1139.5955789000727,1139.5955789000727,157.95104286421105,10.26004396438882,143.94069857229124,177.39897339092855
proposed,static_live,60,60.0,10,157.95104286421105,10.26004396438882,143.94069857229124,177.39897339092855,3156.5590214891035,244.8871189859444,2812.7267567922377,3584.650065538301,1139.5955789000727,0.0,1139.5955789000727,1139.5955789000727,157.95104286421105,10.26004396438882,143.94069857229124,177.39897339092855
proposed,static_live,61,61.0,10,157.95104286421105,10.26004396438882,143.94069857229124,177.39897339092855,3156.5590214891035,244.8871189859444,2812.7267567922377,3584.650065538301,1139.5955789000727,0.0,1139.5955789000727,1139.5955789000727,157.95104286421105,10.26004396438882,143.94069857229124,177.39897339092855
proposed,static_live,62,62.0,10,157.95104286421105,10.26004396438882,143.94069857229124,177.39897339092855,3156.5590214891035,244.8871189859444,2812.7267567922377,3584.650065538301,1139.5955789000727,0.0,1139.5955789000727,1139.5955789000727,157.95104286421105,10.26004396438882,143.94069857229124,177.39897339092855
proposed,static_live,63,63.0,10,157.95104286421105,10.26004396438882,143.94069857229124,177.39897339092855,3156.5590214891035,244.8871189859444,2812.7267567922377,3584.650065538301,1139.5955789000727,0.0,1139.5955789000727,1139.5955789000727,157.95104286421105,10.26004396438882,143.94069857229124,177.39897339092855
proposed,static_live,64,64.0,10,157.95104286421105,10.26004396438882,143.94069857229124,177.39897339092855,3156.5590214891035,244.8871189859444,2812.7267567922377,3584.650065538301,1139.5955789000727,0.0,1139.5955789000727,1139.5955789000727,157.95104286421105,10.26004396438882,143.94069857229124,177.39897339092855
pso,adaptive,0,0.0,10,17.41716950529079,0.0,17.41716950529079,17.41716950529079,60.0,0.0,60.0,60.0,21.334564200020395,0.0,21.334564200020395,21.334564200020395,17.41716950529079,0.0,17.41716950529079,17.41716950529079
pso,adaptive,1,1.0,10,20.328898302767588,0.0,20.328898302767588,20.328898302767588,120.0,0.0,120.0,120.0,21.334564200020395,0.0,21.334564200020395,21.334564200020395,20.328898302767588,0.0,20.328898302767588,20.328898302767588
pso,adaptive,2,2.0,10,25.27485167937211,0.0,25.27485167937211,25.27485167937211,180.0,0.0,180.0,180.0,21.334564200020395,0.0,21.334564200020395,21.334564200020395,25.27485167937211,0.0,25.27485167937211,25.27485167937211
pso,adaptive,3,3.0,10,30.56072248536949,0.0,30.56072248536949,30.56072248536949,240.0,0.0,240.0,240.0,21.334564200020395,0.0,21.334564200020395,21.334564200020395,30.56072248536949,0.0,30.56072248536949,30.56072248536949
pso,adaptive,4,4.0,10,35.329161543556125,0.0,35.329161543556125,35.329161543556125,300.0,0.0,300.0,300.0,21.334564200020395,0.0,21.334564200020395,21.334564200020395,35.329161543556125,0.0,35.329161543556125,35.329161543556125
pso,adaptive,5,5.0,10,37.66454111044615,0.0,37.66454111044615,37.66454111044615,360.0,0.0,360.0,360.0,836.3312712899875,4.20668390089609,826.9595660000341,840.7289291000925,37.66454111044615,0.0,37.66454111044615,37.66454111044615
pso,adaptive,6,6.0,10,40.766281378631376,0.0,40.766281378631376,40.766281378631376,420.0,0.0,420.0,420.0,836.3312712899875,4.20668390089609,826.9595660000341,840.7289291000925,40.766281378631376,0.0,40.766281378631376,40.766281378631376
pso,adaptive,7,7.0,10,45.8435885309894,0.0,45.8435885309894,45.8435885309894,480.0,0.0,480.0,480.0,836.3312712899875,4.20668390089609,826.9595660000341,840.7289291000925,45.8435885309894,0.0,45.8435885309894,45.8435885309894
pso,adaptive,8,8.0,10,50.412389898378905,0.0,50.412389898378905,50.412389898378905,540.0,0.0,540.0,540.0,836.3312712899875,4.20668390089609,826.9595660000341,840.7289291000925,50.412389898378905,0.0,50.412389898378905,50.412389898378905
pso,adaptive,9,9.0,10,53.31116502198498,0.0,53.31116502198498,53.31116502198498,600.0,0.0,600.0,600.0,836.3312712899875,4.20668390089609,826.9595660000341,840.7289291000925,53.31116502198498,0.0,53.31116502198498,53.31116502198498
pso,adaptive,10,10.0,10,55.772362744396695,0.0,55.772362744396695,55.772362744396695,660.0,0.0,660.0,660.0,1282.5178472999717,7.978851451998147,1268.2183969998732,1291.8367422001902,55.772362744396695,0.0,55.772362744396695,55.772362744396695
pso,adaptive,11,11.0,10,61.31685330251889,0.07785674602485854,61.25094842363071,61.46378624079711,720.0,0.0,720.0,720.0,1282.5178472999717,7.978851451998147,1268.2183969998732,1291.8367422001902,61.31685330251889,0.07785674602485854,61.25094842363071,61.46378624079711
pso,adaptive,12,12.0,10,64.85021464035724,0.19325900861668951,64.62192821817132,65.13106602303827,780.0,0.0,780.0,780.0,1282.5178472999717,7.978851451998147,1268.2183969998732,1291.8367422001902,64.85021464035724,0.19325900861668951,64.62192821817132,65.13106602303827
pso,adaptive,13,13.0,10,68.2515049626401,0.22289257787495165,67.9156054884116,68.55801378382063,840.0,0.0,840.0,840.0,1282.5178472999717,7.978851451998147,1268.2183969998732,1291.8367422001902,68.2515049626401,0.22289257787495165,67.9156054884116,68.55801378382063
pso,adaptive,14,14.0,10,69.588617902966,0.36097767500671685,68.96525011841256,70.13453914138468,900.0,0.0,900.0,900.0,1282.5178472999717,7.978851451998147,1268.2183969998732,1291.8367422001902,69.588617902966,0.36097767500671685,68.96525011841256,70.13453914138468
pso,adaptive,15,15.0,10,71.78500375804954,0.8360039235719741,70.5068238348348,72.97443316071504,960.0,0.0,960.0,960.0,1610.467655679991,33.820252727813376,1577.68261239992,1691.044532999862,71.78500375804954,0.8360039235719741,70.5068238348348,72.97443316071504
pso,adaptive,16,16.0,10,74.4870416142007,1.409173089938126,72.42849182992573,77.60164463023861,1020.0,0.0,1020.0,1020.0,1610.467655679991,33.820252727813376,1577.68261239992,1691.044532999862,74.4870416142007,1.409173089938126,72.42849182992573,77.60164463023861
pso,adaptive,17,17.0,10,76.62833108538857,1.7214344767381549,74.0963208909818,80.65650685174714,1080.0,0.0,1080.0,1080.0,1610.467655679991,33.820252727813376,1577.68261239992,1691.044532999862,76.62833108538857,1.7214344767381549,74.0963208909818,80.65650685174714
pso,adaptive,18,18.0,10,80.68533349219504,2.8059090448773363,76.86125705432664,87.47553169376557,1140.0,0.0,1140.0,1140.0,1610.467655679991,33.820252727813376,1577.68261239992,1691.044532999862,80.68533349219504,2.8059090448773363,76.86125705432664,87.47553169376557
pso,adaptive,19,19.0,10,85.05360177588526,3.5055953586648547,81.02317600844765,93.3948103844255,1200.0,0.0,1200.0,1200.0,1610.467655679991,33.820252727813376,1577.68261239992,1691.044532999862,85.05360177588526,3.5055953586648547,81.02317600844765,93.3948103844255
pso,adaptive,20,20.0,10,88.56167518912176,4.366597337300573,82.95171336847496,98.6957452559558,1260.0,0.0,1260.0,1260.0,1839.2590147699927,64.89916830460179,1753.8272046002094,1932.9661494998727,88.56167518912176,4.366597337300573,82.95171336847496,98.6957452559558
pso,adaptive,21,21.0,10,93.20604105718589,4.660649268976963,87.2885977865362,103.81562778546709,1320.0,0.0,1320.0,1320.0,1839.2590147699927,64.89916830460179,1753.8272046002094,1932.9661494998727,93.20604105718589,4.660649268976963,87.2885977865362,103.81562778546709
pso,adaptive,22,22.0,10,97.9883224504385,5.621967840815018,93.18674426740438,113.1517479461007,1380.0,0.0,1380.0,1380.0,1839.2590147699927,64.89916830460179,1753.8272046002094,1932.9661494998727,97.9883224504385,5.621967840815018,93.18674426740438,113.1517479461007
pso,adaptive,23,23.0,10,101.64073834038639,6.787715562805226,96.37876302825016,120.07519123105328,1440.0,0.0,1440.0,1440.0,1839.2590147699927,64.89916830460179,1753.8272046002094,1932.9661494998727,101.64073834038639,6.787715562805226,96.37876302825016,120.07519123105328
pso,adaptive,24,24.0,10,105.74463988056263,6.762547524096766,101.25667698180456,122.81251103291498,1500.0,0.0,1500.0,1500.0,1839.2590147699927,64.89916830460179,1753.8272046002094,1932.9661494998727,105.74463988056263,6.762547524096766,101.25667698180456,122.81251103291498
pso,adaptive,25,25.0,10,110.47523572915684,7.702001317300773,103.88061929295874,129.66429215773465,1560.0,0.0,1560.0,1560.0,1893.816410009982,79.78002852743656,1778.5179063999094,2004.805234399857,110.47523572915684,7.702001317300773,103.88061929295874,129.66429215773465
pso,adaptive,26,26.0,10,114.93618212268693,9.676958649322408,106.03135577873157,137.6617893015167,1620.0,0.0,1620.0,1620.0,1893.816410009982,79.78002852743656,1778.5179063999094,2004.805234399857,114.93618212268693,9.676958649322408,106.03135577873157,137.6617893015167
pso,adaptive,27,27.0,10,119.57163325604078,10.332391065761334,107.22959047173842,140.2765000323119,1680.0,0.0,1680.0,1680.0,1893.816410009982,79.78002852743656,1778.5179063999094,2004.805234399857,119.57163325604078,10.332391065761334,107.22959047173842,140.2765000323119
pso,adaptive,28,28.0,10,123.22044162406067,11.243684122707815,108.68038413499664,143.94875254292683,1740.0,0.0,1740.0,1740.0,1893.816410009982,79.78002852743656,1778.5179063999094,2004.805234399857,123.22044162406067,11.243684122707815,108.68038413499664,143.94875254292683
pso,adaptive,29,29.0,10,126.94734183340856,13.032033164076456,109.86909579682067,149.00747157943084,1800.0,0.0,1800.0,1800.0,1893.816410009982,79.78002852743656,1778.5179063999094,2004.805234399857,126.94734183340856,13.032033164076456,109.86909579682067,149.00747157943084
pso,adaptive,30,30.0,10,129.51102971664017,13.481499170801854,113.31995771772796,149.8049586276285,1860.0,0.0,1860.0,1860.0,1910.2464415199822,91.31082238748071,1781.2731384999352,2027.7094379998744,129.51102971664017,13.481499170801854,113.31995771772796,149.8049586276285
pso,adaptive,31,31.0,10,133.03789128948128,13.821952352131918,114.9735826574038,153.09986111786864,1920.0,0.0,1920.0,1920.0,1910.2464415199822,91.31082238748071,1781.2731384999352,2027.7094379998744,133.03789128948128,13.821952352131918,114.9735826574038,153.09986111786864
pso,adaptive,32,32.0,10,136.03154462680735,14.422283519677663,115.58520193866303,155.43448139128822,1980.0,0.0,1980.0,1980.0,1910.2464415199822,91.31082238748071,1781.2731384999352,2027.7094379998744,136.03154462680735,14.422283519677663,115.58520193866303,155.43448139128822
pso,adaptive,33,33.0,10,138.85798288693303,15.773336574758915,116.24503107918116,159.42193503358925,2040.0,0.0,2040.0,2040.0,1910.2464415199822,91.31082238748071,1781.2731384999352,2027.7094379998744,138.85798288693303,15.773336574758915,116.24503107918116,159.42193503358925
pso,adaptive,34,34.0,10,140.93457179810554,16.787041561379795,116.43169774584784,163.4583692991497,2100.0,0.0,2100.0,2100.0,1910.2464415199822,91.31082238748071,1781.2731384999352,2027.7094379998744,140.93457179810554,16.787041561379795,116.43169774584784,163.4583692991497
pso,adaptive,35,35.0,10,142.3139182975429,16.9572925339534,117.98489496095232,164.02208437240608,2160.0,0.0,2160.0,2160.0,1922.3489516899688,90.97788685561778,1792.2727322999854,2038.8473932998024,142.3139182975429,16.9572925339534,117.98489496095232,164.02208437240608
pso,adaptive,36,36.0,10,143.96259112772154,16.552289702009688,121.44861445607135,164.64178408405726,2220.0,0.0,2220.0,2220.0,1922.3489516899688,90.97788685561778,1792.2727322999854,2038.8473932998024,143.96259112772154,16.552289702009688,121.44861445607135,164.64178408405726
pso,adaptive,37,37.0,10,145.2587410672173,16.239747300576322,124.80918524033429,165.7409850203183,2280.0,0.0,2280.0,2280.0,1922.3489516899688,90.97788685561778,1792.2727322999854,2038.8473932998024,145.2587410672173,16.239747300576322,124.80918524033429,165.7409850203183
pso,adaptive,38,38.0,10,145.8745819076282,16.404845049439345,125.02137268289135,166.07412696039307,2340.0,0.0,2340.0,2340.0,1922.3489516899688,90.97788685561778,1792.2727322999854,2038.8473932998024,145.8745819076282,16.404845049439345,125.02137268289135,166.07412696039307
pso,adaptive,39,39.0,10,146.70746526812303,16.45888233257304,125.85533138077687,166.87803692924007,2400.0,0.0,2400.0,2400.0,1922.3489516899688,90.97788685561778,1792.2727322999854,2038.8473932998024,146.70746526812303,16.45888233257304,125.85533138077687,166.87803692924007
pso,adaptive,40,40.0,10,147.34014154996262,16.36652263179673,126.35384537582895,167.13650274912362,2460.0,0.0,2460.0,2460.0,1933.3493416799697,91.03570471722176,1803.1226312000072,2049.881109499838,147.34014154996262,16.36652263179673,126.35384537582895,167.13650274912362
pso,adaptive,41,41.0,10,147.87618164156916,16.261274855474433,126.54051204249562,167.22983608245696,2520.0,0.0,2520.0,2520.0,1933.3493416799697,91.03570471722176,1803.1226312000072,2049.881109499838,147.87618164156916,16.261274855474433,126.54051204249562,167.22983608245696
pso,adaptive,42,42.0,10,148.3158916472598,16.054042909440973,127.37892023897392,167.41993139935312,2580.0,0.0,2580.0,2580.0,1933.3493416799697,91.03570471722176,1803.1226312000072,2049.881109499838,148.3158916472598,16.054042909440973,127.37892023897392,167.41993139935312
pso,adaptive,43,43.0,10,148.6694778203974,15.849260054141585,128.6949543602098,167.51326473268645,2640.0,0.0,2640.0,2640.0,1933.3493416799697,91.03570471722176,1803.1226312000072,2049.881109499838,148.6694778203974,15.849260054141585,128.6949543602098,167.51326473268645
pso,adaptive,44,44.0,10,152.25115177317656,21.106890868038416,128.9943491463594,196.542320831217,2750.5741484460195,159.92949981288723,2700.0,3205.7414844601963,1933.3493416799697,91.03570471722176,1803.1226312000072,2049.881109499838,152.25115177317656,21.106890868038416,128.9943491463594,196.542320831217
pso,adaptive,45,45.0,10,152.58829721548028,21.03275690969277,129.31463287629103,196.542320831217,2804.5741484460195,140.9558338518769,2760.0,3205.7414844601963,1943.007863179932,91.41722306474729,1813.6455250999425,2060.697127699619,152.58829721548028,21.03275690969277,129.31463287629103,196.542320831217
pso,adaptive,46,46.0,10,152.99666372207986,20.90314412286691,129.40796620962436,196.542320831217,2858.5741484460195,121.98216789086663,2820.0,3205.7414844601963,1943.007863179932,91.41722306474729,1813.6455250999425,2060.697127699619,152.99666372207986,20.90314412286691,129.40796620962436,196.542320831217
pso,adaptive,47,47.0,10,162.94631814079776,24.23629432224699,130.7655880647577,196.542320831217,3056.0991760003058,231.77811812354764,2880.0,3381.981526892389,1943.007863179932,91.41722306474729,1813.6455250999425,2060.697127699619,162.94631814079776,24.23629432224699,130.7655880647577,196.542320831217
pso,adaptive,48,48.0,10,169.08847915557067,22.940272368723402,130.85892139809104,196.542320831217,3188.6310646380552,222.21767712007104,2940.0,3422.6612046699897,1943.007863179932,91.41722306474729,1813.6455250999425,2060.697127699619,169.08847915557067,22.940272368723402,130.85892139809104,196.542320831217
pso,adaptive,49,49.0,10,172.10722307979313,18.94893218047186,142.27241196572012,196.542320831217,3263.9945962197758,197.97104698775158,3000.0,3513.635315817206,1943.007863179932,91.41722306474729,1813.6455250999425,2060.697127699619,172.10722307979313,18.94893218047186,142.27241196572012,196.542320831217
pso,adaptive,50,50.0,10,172.2530015573308,18.80715503351603,142.95430545779632,196.542320831217,3281.9945962197758,171.676298878545,3060.0,3513.635315817206,1946.2762760799494,91.956799139979,1813.6455250999425,2071.834041999653,172.2530015573308,18.80715503351603,142.95430545779632,196.542320831217
pso,adaptive,51,51.0,10,172.4943805559811,18.459250310931353,144.28630068109186,196.542320831217,3299.9945962197758,146.400026461215,3120.0,3513.635315817206,1946.2762760799494,91.956799139979,1813.6455250999425,2071.834041999653,172.4943805559811,18.459250310931353,144.28630068109186,196.542320831217
pso,adaptive,52,52.0,10,172.5352455777583,18.428687271828284,144.3796340144252,196.542320831217,3317.9945962197758,122.77289562054571,3180.0,3513.635315817206,1946.2762760799494,91.956799139979,1813.6455250999425,2071.834041999653,172.5352455777583,18.428687271828284,144.3796340144252,196.542320831217
pso,adaptive,53,53.0,10,177.69581755695532,13.632301438906076,159.9726925296431,196.542320831217,3422.1018902588316,158.63924371878255,3205.7414844601963,3699.649537404388,1946.2762760799494,91.956799139979,1813.6455250999425,2071.834041999653,177.69581755695532,13.632301438906076,159.9726925296431,196.542320831217
pso,adaptive,54,54.0,10,177.74750046598174,13.60314262345072,159.9726925296431,196.542320831217,3428.1018902588316,151.9815266544464,3205.7414844601963,3699.649537404388,1946.2762760799494,91.956799139979,1813.6455250999425,2071.834041999653,177.74750046598174,13.60314262345072,159.9726925296431,196.542320831217
pso,adaptive,55,55.0,10,177.75683379931507,13.59807961513841,159.9726925296431,196.542320831217,3434.1018902588316,147.4800299727564,3205.7414844601963,3699.649537404388,1947.3704956699512,93.66606761466844,1813.6455250999425,2082.7762378996704,177.75683379931507,13.59807961513841,159.9726925296431,196.542320831217
pso,adaptive,56,56.0,10,177.81331107506026,13.568772038314483,159.9726925296431,196.542320831217,3440.1018902588316,145.33524705767022,3205.7414844601963,3699.649537404388,1947.3704956699512,93.66606761466844,1813.6455250999425,2082.7762378996704,177.81331107506026,13.568772038314483,159.9726925296431,196.542320831217
pso,adaptive,57,57.0,10,177.82264440839361,13.56414904299101,159.9726925296431,196.542320831217,3446.1018902588316,145.65132623448014,3205.7414844601963,3699.649537404388,1947.3704956699512,93.66606761466844,1813.6455250999425,2082.7762378996704,177.82264440839361,13.56414904299101,159.9726925296431,196.542320831217
pso,adaptive,58,58.0,10,177.86010529802232,13.546225047234039,159.9726925296431,196.542320831217,3452.1018902588316,148.41254539428894,3205.7414844601963,3699.649537404388,1947.3704956699512,93.66606761466844,1813.6455250999425,2082.7762378996704,177.86010529802232,13.546225047234039,159.9726925296431,196.542320831217
pso,adaptive,59,59.0,10,177.90164249774384,13.5275357803118,159.9726925296431,196.542320831217,3458.1018902588316,153.48699758272946,3205.7414844601963,3699.649537404388,1947.3704956699512,93.66606761466844,1813.6455250999425,2082.7762378996704,177.90164249774384,13.5275357803118,159.9726925296431,196.542320831217
pso,adaptive,60,60.0,10,177.9109758310772,13.5235083263397,159.9726925296431,196.542320831217,3464.1018902588316,160.65563551743122,3205.7414844601963,3699.649537404388,1947.3704956699512,93.66606761466844,1813.6455250999425,2082.7762378996704,177.9109758310772,13.5235083263397,159.9726925296431,196.542320831217
pso,adaptive,61,61.0,10,180.03799568581917,14.265254875228669,159.9726925296431,196.542320831217,3506.8868180204327,250.48205356221214,3205.7414844601963,4087.8492776160183,1947.3704956699512,93.66606761466844,1813.6455250999425,2082.7762378996704,180.03799568581917,14.265254875228669,159.9726925296431,196.542320831217
pso,adaptive,62,62.0,10,180.03799568581917,14.265254875228669,159.9726925296431,196.542320831217,3506.8868180204327,250.48205356221214,3205.7414844601963,4087.8492776160183,1947.3704956699512,93.66606761466844,1813.6455250999425,2082.7762378996704,180.03799568581917,14.265254875228669,159.9726925296431,196.542320831217
pso,adaptive,63,63.0,10,180.03799568581917,14.265254875228669,159.9726925296431,196.542320831217,3506.8868180204327,250.48205356221214,3205.7414844601963,4087.8492776160183,1947.3704956699512,93.66606761466844,1813.6455250999425,2082.7762378996704,180.03799568581917,14.265254875228669,159.9726925296431,196.542320831217
pso,adaptive,64,64.0,10,180.03799568581917,14.265254875228669,159.9726925296431,196.542320831217,3506.8868180204327,250.48205356221214,3205.7414844601963,4087.8492776160183,1947.3704956699512,93.66606761466844,1813.6455250999425,2082.7762378996704,180.03799568581917,14.265254875228669,159.9726925296431,196.542320831217
pso,static_frozen,0,0.0,10,17.41716950529079,0.0,17.41716950529079,17.41716950529079,60.0,0.0,60.0,60.0,21.334564200020395,0.0,21.334564200020395,21.334564200020395,17.41716950529079,0.0,17.41716950529079,17.41716950529079
pso,static_frozen,1,1.0,10,20.328898302767588,0.0,20.328898302767588,20.328898302767588,120.0,0.0,120.0,120.0,21.334564200020395,0.0,21.334564200020395,21.334564200020395,20.328898302767588,0.0,20.328898302767588,20.328898302767588
pso,static_frozen,2,2.0,10,25.27485167937211,0.0,25.27485167937211,25.27485167937211,180.0,0.0,180.0,180.0,21.334564200020395,0.0,21.334564200020395,21.334564200020395,25.27485167937211,0.0,25.27485167937211,25.27485167937211
pso,static_frozen,3,3.0,10,30.56072248536949,0.0,30.56072248536949,30.56072248536949,240.0,0.0,240.0,240.0,21.334564200020395,0.0,21.334564200020395,21.334564200020395,30.56072248536949,0.0,30.56072248536949,30.56072248536949
pso,static_frozen,4,4.0,10,35.32916194026929,0.0,35.32916194026929,35.32916194026929,300.0,0.0,300.0,300.0,21.334564200020395,0.0,21.334564200020395,21.334564200020395,35.32916194026929,0.0,35.32916194026929,35.32916194026929
pso,static_frozen,5,5.0,10,37.36234260206839,0.0,37.36234260206839,37.36234260206839,360.0,0.0,360.0,360.0,21.334564200020395,0.0,21.334564200020395,21.334564200020395,37.36234260206839,0.0,37.36234260206839,37.36234260206839
pso,static_frozen,6,6.0,10,40.25801271367233,0.0,40.25801271367233,40.25801271367233,420.0,0.0,420.0,420.0,21.334564200020395,0.0,21.334564200020395,21.334564200020395,40.25801271367233,0.0,40.25801271367233,40.25801271367233
pso,static_frozen,7,7.0,10,45.13231792771671,0.0,45.13231792771671,45.13231792771671,480.0,0.0,480.0,480.0,21.334564200020395,0.0,21.334564200020395,21.334564200020395,45.13231792771671,0.0,45.13231792771671,45.13231792771671
pso,static_frozen,8,8.0,10,48.87583208470176,0.0,48.87583208470176,48.87583208470176,540.0,0.0,540.0,540.0,21.334564200020395,0.0,21.334564200020395,21.334564200020395,48.87583208470176,0.0,48.87583208470176,48.87583208470176
pso,static_frozen,9,9.0,10,51.67126849400806,0.0,51.67126849400806,51.67126849400806,600.0,0.0,600.0,600.0,21.334564200020395,0.0,21.334564200020395,21.334564200020395,51.67126849400806,0.0,51.67126849400806,51.67126849400806
pso,static_frozen,10,10.0,10,55.54778860970898,0.0,55.54778860970899,55.54778860970899,660.0,0.0,660.0,660.0,21.334564200020395,0.0,21.334564200020395,21.334564200020395,55.54778860970898,0.0,55.54778860970899,55.54778860970899
pso,static_frozen,11,11.0,10,59.40017580702503,0.08088751742643209,59.32466965395397,59.510627025006926,720.0,0.0,720.0,720.0,21.334564200020395,0.0,21.334564200020395,21.334564200020395,59.40017580702503,0.08088751742643209,59.32466965395397,59.510627025006926
pso,static_frozen,12,12.0,10,60.82699410141593,0.13255022379008563,60.68045148578453,61.008399097522855,780.0,0.0,780.0,780.0,21.334564200020395,0.0,21.334564200020395,21.334564200020395,60.82699410141593,0.13255022379008563,60.68045148578453,61.008399097522855
pso,static_frozen,13,13.0,10,63.65742725264372,0.4785575740011187,63.23063393433345,64.58856643223872,840.0,0.0,840.0,840.0,21.334564200020395,0.0,21.334564200020395,21.334564200020395,63.65742725264372,0.4785575740011187,63.23063393433345,64.58856643223872
pso,static_frozen,14,14.0,10,64.77728042243004,0.45330138489984856,64.2476948397331,65.6460884805113,900.0,0.0,900.0,900.0,21.334564200020395,0.0,21.334564200020395,21.334564200020395,64.77728042243004,0.45330138489984856,64.2476948397331,65.6460884805113
pso,static_frozen,15,15.0,10,67.65581183999086,0.7607915119611391,66.50588504726319,68.9064598558084,960.0,0.0,960.0,960.0,21.334564200020395,0.0,21.334564200020395,21.334564200020395,67.65581183999086,0.7607915119611391,66.50588504726319,68.9064598558084
pso,static_frozen,16,16.0,10,72.78403081475372,2.084587066539322,70.9084619544894,77.73377154259947,1020.0,0.0,1020.0,1020.0,21.334564200020395,0.0,21.334564200020395,21.334564200020395,72.78403081475372,2.084587066539322,70.9084619544894,77.73377154259947
pso,static_frozen,17,17.0,10,77.54562891631997,2.449834477550585,74.50274736982058,82.48788835628365,1080.0,0.0,1080.0,1080.0,21.334564200020395,0.0,21.334564200020395,21.334564200020395,77.54562891631997,2.449834477550585,74.50274736982058,82.48788835628365
pso,static_frozen,18,18.0,10,82.5941700414915,2.221906458394842,79.82618279017441,87.45459020900756,1140.0,0.0,1140.0,1140.0,21.334564200020395,0.0,21.334564200020395,21.334564200020395,82.5941700414915,2.221906458394842,79.82618279017441,87.45459020900756
pso,static_frozen,19,19.0,10,87.99820390010916,3.393670253413847,83.45729984219476,95.65631180107292,1200.0,0.0,1200.0,1200.0,21.334564200020395,0.0,21.334564200020395,21.334564200020395,87.99820390010916,3.393670253413847,83.45729984219476,95.65631180107292
pso,static_frozen,20,20.0,10,93.4662236772403,4.060289000095868,89.41909880436293,101.23017595424808,1260.0,0.0,1260.0,1260.0,21.334564200020395,0.0,21.334564200020395,21.334564200020395,93.4662236772403,4.060289000095868,89.41909880436293,101.23017595424808
pso,static_frozen,21,21.0,10,98.22374825359923,4.773740994333769,92.09677811936396,105.85078534235888,1320.0,0.0,1320.0,1320.0,21.334564200020395,0.0,21.334564200020395,21.334564200020395,98.22374825359923,4.773740994333769,92.09677811936396,105.85078534235888
pso,static_frozen,22,22.0,10,103.35660955700999,5.273584752906853,96.27593372760244,111.84439128458372,1380.0,0.0,1380.0,1380.0,21.334564200020395,0.0,21.334564200020395,21.334564200020395,103.35660955700999,5.273584752906853,96.27593372760244,111.84439128458372
pso,static_frozen,23,23.0,10,108.89652860138327,7.0936616802154635,100.33340603165075,121.78855209223256,1440.0,0.0,1440.0,1440.0,21.334564200020395,0.0,21.334564200020395,21.334564200020395,108.89652860138327,7.0936616802154635,100.33340603165075,121.78855209223256
pso,static_frozen,24,24.0,10,113.56946959509023,8.325309912807114,102.94277489966665,127.28000171494432,1500.0,0.0,1500.0,1500.0,21.334564200020395,0.0,21.334564200020395,21.334564200020395,113.56946959509023,8.325309912807114,102.94277489966665,127.28000171494432
pso,static_frozen,25,25.0,10,118.81771967971736,8.868947754941537,107.33587907659172,131.99629391269175,1560.0,0.0,1560.0,1560.0,21.334564200020395,0.0,21.334564200020395,21.334564200020395,118.81771967971736,8.868947754941537,107.33587907659172,131.99629391269175
pso,static_frozen,26,26.0,10,125.80338104045227,11.301573101771766,111.96962633708053,147.20511712568845,1620.0,0.0,1620.0,1620.0,21.334564200020395,0.0,21.334564200020395,21.334564200020395,125.80338104045227,11.301573101771766,111.96962633708053,147.20511712568845
pso,static_frozen,27,27.0,10,132.7426584607951,13.674974519092412,116.4873786842835,160.15775246366636,1680.0,0.0,1680.0,1680.0,21.334564200020395,0.0,21.334564200020395,21.334564200020395,132.7426584607951,13.674974519092412,116.4873786842835,160.15775246366636
pso,static_frozen,28,28.0,10,140.1556872942378,16.53680985795512,120.55460034687697,167.68527948270193,1740.0,0.0,1740.0,1740.0,21.334564200020395,0.0,21.334564200020395,21.334564200020395,140.1556872942378,16.53680985795512,120.55460034687697,167.68527948270193
pso,static_frozen,29,29.0,10,147.70861008791138,15.805006050346034,123.93718199875188,173.7460380043478,1800.0,0.0,1800.0,1800.0,21.334564200020395,0.0,21.334564200020395,21.334564200020395,147.70861008791138,15.805006050346034,123.93718199875188,173.7460380043478
pso,static_frozen,30,30.0,10,153.90352501152205,18.093230882291362,126.42331917801197,183.7130758688926,1860.0,0.0,1860.0,1860.0,21.334564200020395,0.0,21.334564200020395,21.334564200020395,153.90352501152205,18.093230882291362,126.42331917801197,183.7130758688926
pso,static_frozen,31,31.0,10,161.76099751820448,19.943145110803695,128.1428849263466,189.38786494925608,1920.0,0.0,1920.0,1920.0,21.334564200020395,0.0,21.334564200020395,21.334564200020395,161.76099751820448,19.943145110803695,128.1428849263466,189.38786494925608
pso,static_frozen,32,32.0,10,167.3666225566567,19.5543253146047,138.9624247552708,195.99877811493167,1980.0,0.0,1980.0,1980.0,21.334564200020395,0.0,21.334564200020395,21.334564200020395,167.3666225566567,19.5543253146047,138.9624247552708,195.99877811493167
pso,static_frozen,33,33.0,10,170.80564249789262,21.25475939856623,140.04797538104214,206.7821946029553,2040.0,0.0,2040.0,2040.0,21.334564200020395,0.0,21.334564200020395,21.334564200020395,170.80564249789262,21.25475939856623,140.04797538104214,206.7821946029553
pso,static_frozen,34,34.0,10,174.9460521472984,22.750942865992204,141.75187334930044,210.46201632450988,2100.0,0.0,2100.0,2100.0,21.334564200020395,0.0,21.334564200020395,21.334564200020395,174.9460521472984,22.750942865992204,141.75187334930044,210.46201632450988
pso,static_frozen,35,35.0,10,178.11952646673123,24.006711724616274,143.0677267356239,215.23314700185983,2160.0,0.0,2160.0,2160.0,21.334564200020395,0.0,21.334564200020395,21.334564200020395,178.11952646673123,24.006711724616274,143.0677267356239,215.23314700185983
pso,static_frozen,36,36.0,10,180.42928857110869,23.676378296751974,145.12460946559955,217.31151874351852,2220.0,0.0,2220.0,2220.0,21.334564200020395,0.0,21.334564200020395,21.334564200020395,180.42928857110869,23.676378296751974,145.12460946559955,217.31151874351852
pso,static_frozen,37,37.0,10,182.17029641972118,22.817335679927904,146.471735373247,217.5992093944583,2280.0,0.0,2280.0,2280.0,21.334564200020395,0.0,21.334564200020395,21.334564200020395,182.17029641972118,22.817335679927904,146.471735373247,217.5992093944583
pso,static_frozen,38,38.0,10,183.40506126678625,22.710143123923554,146.55946291999666,218.559081319511,2340.0,0.0,2340.0,2340.0,21.334564200020395,0.0,21.334564200020395,21.334564200020395,183.40506126678625,22.710143123923554,146.55946291999666,218.559081319511
pso,static_frozen,39,39.0,10,184.06244932759844,23.16627032309996,146.9818620215584,221.50631782721297,2400.0,0.0,2400.0,2400.0,21.334564200020395,0.0,21.334564200020395,21.334564200020395,184.06244932759844,23.16627032309996,146.9818620215584,221.50631782721297
pso,static_frozen,40,40.0,10,192.37166870124491,28.703277220198782,147.7793466666993,246.83980966222532,2525.50452863742,138.2056831634847,2460.0,2799.218087764899,21.334564200020395,0.0,21.334564200020395,21.334564200020395,192.37166870124491,28.703277220198782,147.7793466666993,246.83980966222532
pso,static_frozen,41,41.0,10,192.66661545932902,28.543221142141952,147.87268000003263,246.83980966222532,2573.50452863742,112.9321085314566,2520.0,2799.218087764899,21.334564200020395,0.0,21.334564200020395,21.334564200020395,192.66661545932902,28.543221142141952,147.87268000003263,246.83980966222532
pso,static_frozen,42,42.0,10,196.47631116575744,31.071259368047976,148.98003662957808,246.83980966222532,2650.6140925242175,116.08331876345105,2580.0,2871.0956388679733,21.334564200020395,0.0,21.334564200020395,21.334564200020395,196.47631116575744,31.071259368047976,148.98003662957808,246.83980966222532
pso,static_frozen,43,43.0,10,200.4037808380353,30.939904216586246,149.0733699629114,246.83980966222532,2725.6519693264568,121.56029757666587,2640.0,2970.378768022388,21.334564200020395,0.0,21.334564200020395,21.334564200020395,200.4037808380353,30.939904216586246,149.0733699629114,246.83980966222532
pso,static_frozen,44,44.0,10,217.12982680283147,26.374320062597786,172.92888450185913,255.0403809371541,2924.595261498481,126.94856926807863,2700.0,3036.529061236185,21.334564200020395,0.0,21.334564200020395,21.334564200020395,217.12982680283147,26.374320062597786,172.92888450185913,255.0403809371541
pso,static_frozen,45,45.0,10,217.1391601361648,26.356951067805596,173.02221783519246,255.0403809371541,2930.595261498481,116.10915447356315,2760.0,3036.529061236185,21.334564200020395,0.0,21.334564200020395,21.334564200020395,217.1391601361648,26.356951067805596,173.02221783519246,255.0403809371541
pso,static_frozen,46,46.0,10,220.29743887518248,22.018308093552704,182.8434233823159,255.0403809371541,2964.074344777539,109.53486202383999,2775.827198609305,3094.790832790581,21.334564200020395,0.0,21.334564200020395,21.334564200020395,220.29743887518248,22.018308093552704,182.8434233823159,255.0403809371541
pso,static_frozen,47,47.0,10,220.29743887518248,22.018308093552704,182.8434233823159,255.0403809371541,2964.074344777539,109.53486202383999,2775.827198609305,3094.790832790581,21.334564200020395,0.0,21.334564200020395,21.334564200020395,220.29743887518248,22.018308093552704,182.8434233823159,255.0403809371541
pso,static_frozen,48,48.0,10,220.29743887518248,22.018308093552704,182.8434233823159,255.0403809371541,2964.074344777539,109.53486202383999,2775.827198609305,3094.790832790581,21.334564200020395,0.0,21.334564200020395,21.334564200020395,220.29743887518248,22.018308093552704,182.8434233823159,255.0403809371541
pso,static_frozen,49,49.0,10,220.29743887518248,22.018308093552704,182.8434233823159,255.0403809371541,2964.074344777539,109.53486202383999,2775.827198609305,3094.790832790581,21.334564200020395,0.0,21.334564200020395,21.334564200020395,220.29743887518248,22.018308093552704,182.8434233823159,255.0403809371541
pso,static_frozen,50,50.0,10,220.29743887518248,22.018308093552704,182.8434233823159,255.0403809371541,2964.074344777539,109.53486202383999,2775.827198609305,3094.790832790581,21.334564200020395,0.0,21.334564200020395,21.334564200020395,220.29743887518248,22.018308093552704,182.8434233823159,255.0403809371541
pso,static_frozen,51,51.0,10,220.29743887518248,22.018308093552704,182.8434233823159,255.0403809371541,2964.074344777539,109.53486202383999,2775.827198609305,3094.790832790581,21.334564200020395,0.0,21.334564200020395,21.334564200020395,220.29743887518248,22.018308093552704,182.8434233823159,255.0403809371541
pso,static_frozen,52,52.0,10,220.29743887518248,22.018308093552704,182.8434233823159,255.0403809371541,2964.074344777539,109.53486202383999,2775.827198609305,3094.790832790581,21.334564200020395,0.0,21.334564200020395,21.334564200020395,220.29743887518248,22.018308093552704,182.8434233823159,255.0403809371541
pso,static_frozen,53,53.0,10,220.29743887518248,22.018308093552704,182.8434233823159,255.0403809371541,2964.074344777539,109.53486202383999,2775.827198609305,3094.790832790581,21.334564200020395,0.0,21.334564200020395,21.334564200020395,220.29743887518248,22.018308093552704,182.8434233823159,255.0403809371541
pso,static_frozen,54,54.0,10,220.29743887518248,22.018308093552704,182.8434233823159,255.0403809371541,2964.074344777539,109.53486202383999,2775.827198609305,3094.790832790581,21.334564200020395,0.0,21.334564200020395,21.334564200020395,220.29743887518248,22.018308093552704,182.8434233823159,255.0403809371541
pso,static_frozen,55,55.0,10,220.29743887518248,22.018308093552704,182.8434233823159,255.0403809371541,2964.074344777539,109.53486202383999,2775.827198609305,3094.790832790581,21.334564200020395,0.0,21.334564200020395,21.334564200020395,220.29743887518248,22.018308093552704,182.8434233823159,255.0403809371541
pso,static_frozen,56,56.0,10,220.29743887518248,22.018308093552704,182.8434233823159,255.0403809371541,2964.074344777539,109.53486202383999,2775.827198609305,3094.790832790581,21.334564200020395,0.0,21.334564200020395,21.334564200020395,220.29743887518248,22.018308093552704,182.8434233823159,255.0403809371541
pso,static_frozen,57,57.0,10,220.29743887518248,22.018308093552704,182.8434233823159,255.0403809371541,2964.074344777539,109.53486202383999,2775.827198609305,3094.790832790581,21.334564200020395,0.0,21.334564200020395,21.334564200020395,220.29743887518248,22.018308093552704,182.8434233823159,255.0403809371541
pso,static_frozen,58,58.0,10,220.29743887518248,22.018308093552704,182.8434233823159,255.0403809371541,2964.074344777539,109.53486202383999,2775.827198609305,3094.790832790581,21.334564200020395,0.0,21.334564200020395,21.334564200020395,220.29743887518248,22.018308093552704,182.8434233823159,255.0403809371541
pso,static_frozen,59,59.0,10,220.29743887518248,22.018308093552704,182.8434233823159,255.0403809371541,2964.074344777539,109.53486202383999,2775.827198609305,3094.790832790581,21.334564200020395,0.0,21.334564200020395,21.334564200020395,220.29743887518248,22.018308093552704,182.8434233823159,255.0403809371541
pso,static_frozen,60,60.0,10,220.29743887518248,22.018308093552704,182.8434233823159,255.0403809371541,2964.074344777539,109.53486202383999,2775.827198609305,3094.790832790581,21.334564200020395,0.0,21.334564200020395,21.334564200020395,220.29743887518248,22.018308093552704,182.8434233823159,255.0403809371541
pso,static_frozen,61,61.0,10,220.29743887518248,22.018308093552704,182.8434233823159,255.0403809371541,2964.074344777539,109.53486202383999,2775.827198609305,3094.790832790581,21.334564200020395,0.0,21.334564200020395,21.334564200020395,220.29743887518248,22.018308093552704,182.8434233823159,255.0403809371541
pso,static_frozen,62,62.0,10,220.29743887518248,22.018308093552704,182.8434233823159,255.0403809371541,2964.074344777539,109.53486202383999,2775.827198609305,3094.790832790581,21.334564200020395,0.0,21.334564200020395,21.334564200020395,220.29743887518248,22.018308093552704,182.8434233823159,255.0403809371541
pso,static_frozen,63,63.0,10,220.29743887518248,22.018308093552704,182.8434233823159,255.0403809371541,2964.074344777539,109.53486202383999,2775.827198609305,3094.790832790581,21.334564200020395,0.0,21.334564200020395,21.334564200020395,220.29743887518248,22.018308093552704,182.8434233823159,255.0403809371541
pso,static_frozen,64,64.0,10,220.29743887518248,22.018308093552704,182.8434233823159,255.0403809371541,2964.074344777539,109.53486202383999,2775.827198609305,3094.790832790581,21.334564200020395,0.0,21.334564200020395,21.334564200020395,220.29743887518248,22.018308093552704,182.8434233823159,255.0403809371541
pso,static_live,0,0.0,10,17.41716950529079,0.0,17.41716950529079,17.41716950529079,60.0,0.0,60.0,60.0,21.334564200020395,0.0,21.334564200020395,21.334564200020395,17.41716950529079,0.0,17.41716950529079,17.41716950529079
pso,static_live,1,1.0,10,20.328898302767588,0.0,20.328898302767588,20.328898302767588,120.0,0.0,120.0,120.0,21.334564200020395,0.0,21.334564200020395,21.334564200020395,20.328898302767588,0.0,20.328898302767588,20.328898302767588
pso,static_live,2,2.0,10,25.27485167937211,0.0,25.27485167937211,25.27485167937211,180.0,0.0,180.0,180.0,21.334564200020395,0.0,21.334564200020395,21.334564200020395,25.27485167937211,0.0,25.27485167937211,25.27485167937211
pso,static_live,3,3.0,10,30.56072248536949,0.0,30.56072248536949,30.56072248536949,240.0,0.0,240.0,240.0,21.334564200020395,0.0,21.334564200020395,21.334564200020395,30.56072248536949,0.0,30.56072248536949,30.56072248536949
pso,static_live,4,4.0,10,35.329161543556125,0.0,35.329161543556125,35.329161543556125,300.0,0.0,300.0,300.0,21.334564200020395,0.0,21.334564200020395,21.334564200020395,35.329161543556125,0.0,35.329161543556125,35.329161543556125
pso,static_live,5,5.0,10,37.36222078885397,0.0,37.36222078885397,37.36222078885397,360.0,0.0,360.0,360.0,21.334564200020395,0.0,21.334564200020395,21.334564200020395,37.36222078885397,0.0,37.36222078885397,37.36222078885397
pso,static_live,6,6.0,10,40.25789090045791,0.0,40.25789090045791,40.25789090045791,420.0,0.0,420.0,420.0,21.334564200020395,0.0,21.334564200020395,21.334564200020395,40.25789090045791,0.0,40.25789090045791,40.25789090045791
pso,static_live,7,7.0,10,45.13145405918503,0.0,45.13145405918503,45.13145405918503,480.0,0.0,480.0,480.0,21.334564200020395,0.0,21.334564200020395,21.334564200020395,45.13145405918503,0.0,45.13145405918503,45.13145405918503
pso,static_live,8,8.0,10,48.875722105262994,0.0,48.875722105262994,48.875722105262994,540.0,0.0,540.0,540.0,21.334564200020395,0.0,21.334564200020395,21.334564200020395,48.875722105262994,0.0,48.875722105262994,48.875722105262994
pso,static_live,9,9.0,10,51.67114668079364,0.0,51.67114668079364,51.67114668079364,600.0,0.0,600.0,600.0,21.334564200020395,0.0,21.334564200020395,21.334564200020395,51.67114668079364,0.0,51.67114668079364,51.67114668079364
pso,static_live,10,10.0,10,55.54766679649457,0.0,55.54766679649457,55.54766679649457,660.0,0.0,660.0,660.0,21.334564200020395,0.0,21.334564200020395,21.334564200020395,55.54766679649457,0.0,55.54766679649457,55.54766679649457
pso,static_live,11,11.0,10,59.400053993810616,0.08088751742643284,59.32454784073955,59.510505211792506,720.0,0.0,720.0,720.0,21.334564200020395,0.0,21.334564200020395,21.334564200020395,59.400053993810616,0.08088751742643284,59.32454784073955,59.510505211792506
pso,static_live,12,12.0,10,60.82184725703546,0.12756410448276764,60.68032967257011,60.99896803587727,780.0,0.0,780.0,780.0,21.334564200020395,0.0,21.334564200020395,21.334564200020395,60.82184725703546,0.12756410448276764,60.68032967257011,60.99896803587727
pso,static_live,13,13.0,10,63.68234125966079,0.4690258767108325,63.23051212111903,64.63465553026258,840.0,0.0,840.0,840.0,21.334564200020395,0.0,21.334564200020395,21.334564200020395,63.68234125966079,0.4690258767108325,63.23051212111903,64.63465553026258
pso,static_live,14,14.0,10,64.89755260059694,0.6087131118202889,64.24757302651868,66.21649887040773,900.0,0.0,900.0,900.0,21.334564200020395,0.0,21.334564200020395,21.334564200020395,64.89755260059694,0.6087131118202889,64.24757302651868,66.21649887040773
pso,static_live,15,15.0,10,67.57577496231829,0.8614365274736758,66.50539634967305,69.22863509842547,960.0,0.0,960.0,960.0,21.334564200020395,0.0,21.334564200020395,21.334564200020395,67.57577496231829,0.8614365274736758,66.50539634967305,69.22863509842547
pso,static_live,16,16.0,10,72.10361511300474,1.629566689211074,70.37119978469119,75.54294182094937,1020.0,0.0,1020.0,1020.0,21.334564200020395,0.0,21.334564200020395,21.334564200020395,72.10361511300474,1.629566689211074,70.37119978469119,75.54294182094937
pso,static_live,17,17.0,10,76.47684509552838,1.454483844042358,74.36905315374243,78.99067647277556,1080.0,0.0,1080.0,1080.0,21.334564200020395,0.0,21.334564200020395,21.334564200020395,76.47684509552838,1.454483844042358,74.36905315374243,78.99067647277556
pso,static_live,18,18.0,10,81.2286942884699,1.5315290340911978,78.80094738637602,83.90607994715964,1140.0,0.0,1140.0,1140.0,21.334564200020395,0.0,21.334564200020395,21.334564200020395,81.2286942884699,1.5315290340911978,78.80094738637602,83.90607994715964
pso,static_live,19,19.0,10,85.31021448731941,2.108492209932,82.46620834851889,89.44479522507014,1200.0,0.0,1200.0,1200.0,21.334564200020395,0.0,21.334564200020395,21.334564200020395,85.31021448731941,2.108492209932,82.46620834851889,89.44479522507014
pso,static_live,20,20.0,10,90.13176301576111,1.8545027154246685,88.00629423670213,93.4223946408298,1260.0,0.0,1260.0,1260.0,21.334564200020395,0.0,21.334564200020395,21.334564200020395,90.13176301576111,1.8545027154246685,88.00629423670213,93.4223946408298
pso,static_live,21,21.0,10,95.10409079008211,2.978293923388803,89.94437894417604,98.94341952991668,1320.0,0.0,1320.0,1320.0,21.334564200020395,0.0,21.334564200020395,21.334564200020395,95.10409079008211,2.978293923388803,89.94437894417604,98.94341952991668
pso,static_live,22,22.0,10,100.11263879222633,4.004557439084565,95.09165820578316,106.01572659271709,1380.0,0.0,1380.0,1380.0,21.334564200020395,0.0,21.334564200020395,21.334564200020395,100.11263879222633,4.004557439084565,95.09165820578316,106.01572659271709
pso,static_live,23,23.0,10,104.10212208003281,3.4374784219995016,99.99087169079846,110.8240337835457,1440.0,0.0,1440.0,1440.0,21.334564200020395,0.0,21.334564200020395,21.334564200020395,104.10212208003281,3.4374784219995016,99.99087169079846,110.8240337835457
pso,static_live,24,24.0,10,108.21395062752838,4.501489776694313,102.4678694043956,118.16751945662187,1500.0,0.0,1500.0,1500.0,21.334564200020395,0.0,21.334564200020395,21.334564200020395,108.21395062752838,4.501489776694313,102.4678694043956,118.16751945662187
pso,static_live,25,25.0,10,112.78471385936817,4.451375248954051,106.87390763467435,122.64408514650736,1560.0,0.0,1560.0,1560.0,21.334564200020395,0.0,21.334564200020395,21.334564200020395,112.78471385936817,4.451375248954051,106.87390763467435,122.64408514650736
pso,static_live,26,26.0,10,118.31293858595834,4.750166014366396,111.65379679184989,127.35856642616328,1620.0,0.0,1620.0,1620.0,21.334564200020395,0.0,21.334564200020395,21.334564200020395,118.31293858595834,4.750166014366396,111.65379679184989,127.35856642616328
pso,static_live,27,27.0,10,124.31727439549368,6.1462983251484955,116.76677422534326,135.27635686622688,1680.0,0.0,1680.0,1680.0,21.334564200020395,0.0,21.334564200020395,21.334564200020395,124.31727439549368,6.1462983251484955,116.76677422534326,135.27635686622688
pso,static_live,28,28.0,10,130.70192001534048,7.818394128688778,120.09111061740488,143.21155526883652,1740.0,0.0,1740.0,1740.0,21.334564200020395,0.0,21.334564200020395,21.334564200020395,130.70192001534048,7.818394128688778,120.09111061740488,143.21155526883652
pso,static_live,29,29.0,10,136.2232256817279,8.173640055659618,123.60055613198686,150.1922890387515,1800.0,0.0,1800.0,1800.0,21.334564200020395,0.0,21.334564200020395,21.334564200020395,136.2232256817279,8.173640055659618,123.60055613198686,150.1922890387515
pso,static_live,30,30.0,10,140.57569128224674,9.354895804503034,126.08669331124696,158.05519832157552,1860.0,0.0,1860.0,1860.0,21.334564200020395,0.0,21.334564200020395,21.334564200020395,140.57569128224674,9.354895804503034,126.08669331124696,158.05519832157552
pso,static_live,31,31.0,10,145.66917372970207,10.316167197214924,126.58170638666452,161.04094152111216,1920.0,0.0,1920.0,1920.0,21.334564200020395,0.0,21.334564200020395,21.334564200020395,145.66917372970207,10.316167197214924,126.58170638666452,161.04094152111216
pso,static_live,32,32.0,10,150.3963641066397,11.353420254199584,128.3232199213508,164.7147217688225,1980.0,0.0,1980.0,1980.0,21.334564200020395,0.0,21.334564200020395,21.334564200020395,150.3963641066397,11.353420254199584,128.3232199213508,164.7147217688225
pso,static_live,33,33.0,10,152.81918919179952,12.202456403562662,129.3239380219178,168.9992500078845,2040.0,0.0,2040.0,2040.0,21.334564200020395,0.0,21.334564200020395,21.334564200020395,152.81918919179952,12.202456403562662,129.3239380219178,168.9992500078845
pso,static_live,34,34.0,10,157.33175259771753,13.991375564614492,131.19736276770513,176.5173741314726,2100.0,0.0,2100.0,2100.0,21.334564200020395,0.0,21.334564200020395,21.334564200020395,157.33175259771753,13.991375564614492,131.19736276770513,176.5173741314726
pso,static_live,35,35.0,10,160.40213693240432,14.222740511593194,133.2020240450001,179.8941723546651,2160.0,0.0,2160.0,2160.0,21.334564200020395,0.0,21.334564200020395,21.334564200020395,160.40213693240432,14.222740511593194,133.2020240450001,179.8941723546651
pso,static_live,36,36.0,10,161.9398784472237,14.665643041539958,134.5352872004158,183.64926786616505,2220.0,0.0,2220.0,2220.0,21.334564200020395,0.0,21.334564200020395,21.334564200020395,161.9398784472237,14.665643041539958,134.5352872004158,183.64926786616505
pso,static_live,37,37.0,10,163.37717770815385,14.759244466480876,135.99628498450488,184.0825962009579,2280.0,0.0,2280.0,2280.0,21.334564200020395,0.0,21.334564200020395,21.334564200020395,163.37717770815385,14.759244466480876,135.99628498450488,184.0825962009579
pso,static_live,38,38.0,10,164.7181158220597,14.375884112892347,138.3900027899021,184.58250793142665,2340.0,0.0,2340.0,2340.0,21.334564200020395,0.0,21.334564200020395,21.334564200020395,164.7181158220597,14.375884112892347,138.3900027899021,184.58250793142665
pso,static_live,39,39.0,10,165.27712295723012,14.529156160225492,138.61415214049728,186.1962556494372,2400.0,0.0,2400.0,2400.0,21.334564200020395,0.0,21.334564200020395,21.334564200020395,165.27712295723012,14.529156160225492,138.61415214049728,186.1962556494372
pso,static_live,40,40.0,10,169.66498323311046,17.392609654819864,138.70748547383062,196.0119241058464,2490.344045184278,95.95629620538215,2460.0,2763.44045184278,21.334564200020395,0.0,21.334564200020395,21.334564200020395,169.66498323311046,17.392609654819864,138.70748547383062,196.0119241058464
pso,static_live,41,41.0,10,170.7196437984815,17.233803205096947,139.76239582486747,196.0119241058464,2544.344045184278,76.98263024437192,2520.0,2763.44045184278,21.334564200020395,0.0,21.334564200020395,21.334564200020395,170.7196437984815,17.233803205096947,139.76239582486747,196.0119241058464
pso,static_live,42,42.0,10,174.22386061931374,19.938992822982623,142.5359176216806,205.81408820189696,2649.026111119581,164.27332912503397,2580.0,3086.82065935303,21.334564200020395,0.0,21.334564200020395,21.334564200020395,174.22386061931374,19.938992822982623,142.5359176216806,205.81408820189696
pso,static_live,43,43.0,10,182.06867625348423,24.30249225009039,142.62004752010608,214.30125895505307,2765.301453362292,180.36635405129363,2640.0,3086.82065935303,21.334564200020395,0.0,21.334564200020395,21.334564200020395,182.06867625348423,24.30249225009039,142.62004752010608,214.30125895505307
pso,static_live,44,44.0,10,185.7750471831559,25.409474425869195,142.84950648178614,214.30125895505307,2832.2938776481956,161.54370886195167,2700.0,3086.82065935303,21.334564200020395,0.0,21.334564200020395,21.334564200020395,185.7750471831559,25.409474425869195,142.84950648178614,214.30125895505307
pso,static_live,45,45.0,10,186.15207307773588,24.954305966126384,143.76570146687948,214.30125895505307,2862.2938776481956,135.19163446627158,2760.0,3086.82065935303,21.334564200020395,0.0,21.334564200020395,21.334564200020395,186.15207307773588,24.954305966126384,143.76570146687948,214.30125895505307
pso,static_live,46,46.0,10,186.34338116715062,24.701937107925826,143.9443489457441,214.30125895505307,2892.2938776481956,111.61176544813246,2763.44045184278,3086.82065935303,21.334564200020395,0.0,21.334564200020395,21.334564200020395,186.34338116715062,24.701937107925826,143.9443489457441,214.30125895505307
pso,static_live,47,47.0,10,186.7378649005622,24.49663366600003,144.03768227907744,214.30125895505307,2922.2938776481956,92.93865903506406,2763.44045184278,3086.82065935303,21.334564200020395,0.0,21.334564200020395,21.334564200020395,186.7378649005622,24.49663366600003,144.03768227907744,214.30125895505307
pso,static_live,48,48.0,10,186.87597382947962,24.27993650861423,145.04543823491852,214.30125895505307,2952.2938776481956,82.57119655196277,2763.44045184278,3086.82065935303,21.334564200020395,0.0,21.334564200020395,21.334564200020395,186.87597382947962,24.27993650861423,145.04543823491852,214.30125895505307
pso,static_live,49,49.0,10,195.38659552728564,24.954500303034603,145.13877156825183,222.16305844075464,3080.7866604798546,189.91729066685264,2763.44045184278,3337.406466845099,21.334564200020395,0.0,21.334564200020395,21.334564200020395,195.38659552728564,24.954500303034603,145.13877156825183,222.16305844075464
pso,static_live,50,50.0,10,198.1239281499464,19.79084966328348,156.90604509621622,222.16305844075464,3122.8165430391696,203.43119285724444,2763.44045184278,3360.2988255931464,21.334564200020395,0.0,21.334564200020395,21.334564200020395,198.1239281499464,19.79084966328348,156.90604509621622,222.16305844075464
pso,static_live,51,51.0,10,200.82407736266163,14.739905786632583,172.4187644615262,222.16305844075464,3160.370363831459,224.1537862701402,2763.44045184278,3435.538207922898,21.334564200020395,0.0,21.334564200020395,21.334564200020395,200.82407736266163,14.739905786632583,172.4187644615262,222.16305844075464
pso,static_live,52,52.0,10,200.82407736266163,14.739905786632583,172.4187644615262,222.16305844075464,3160.370363831459,224.1537862701402,2763.44045184278,3435.538207922898,21.334564200020395,0.0,21.334564200020395,21.334564200020395,200.82407736266163,14.739905786632583,172.4187644615262,222.16305844075464
pso,static_live,53,53.0,10,200.82407736266163,14.739905786632583,172.4187644615262,222.16305844075464,3160.370363831459,224.1537862701402,2763.44045184278,3435.538207922898,21.334564200020395,0.0,21.334564200020395,21.334564200020395,200.82407736266163,14.739905786632583,172.4187644615262,222.16305844075464
pso,static_live,54,54.0,10,200.82407736266163,14.739905786632583,172.4187644615262,222.16305844075464,3160.370363831459,224.1537862701402,2763.44045184278,3435.538207922898,21.334564200020395,0.0,21.334564200020395,21.334564200020395,200.82407736266163,14.739905786632583,172.4187644615262,222.16305844075464
pso,static_live,55,55.0,10,200.82407736266163,14.739905786632583,172.4187644615262,222.16305844075464,3160.370363831459,224.1537862701402,2763.44045184278,3435.538207922898,21.334564200020395,0.0,21.334564200020395,21.334564200020395,200.82407736266163,14.739905786632583,172.4187644615262,222.16305844075464
pso,static_live,56,56.0,10,200.82407736266163,14.739905786632583,172.4187644615262,222.16305844075464,3160.370363831459,224.1537862701402,2763.44045184278,3435.538207922898,21.334564200020395,0.0,21.334564200020395,21.334564200020395,200.82407736266163,14.739905786632583,172.4187644615262,222.16305844075464
pso,static_live,57,57.0,10,200.82407736266163,14.739905786632583,172.4187644615262,222.16305844075464,3160.370363831459,224.1537862701402,2763.44045184278,3435.538207922898,21.334564200020395,0.0,21.334564200020395,21.334564200020395,200.82407736266163,14.739905786632583,172.4187644615262,222.16305844075464
pso,static_live,58,58.0,10,200.82407736266163,14.739905786632583,172.4187644615262,222.16305844075464,3160.370363831459,224.1537862701402,2763.44045184278,3435.538207922898,21.334564200020395,0.0,21.334564200020395,21.334564200020395,200.82407736266163,14.739905786632583,172.4187644615262,222.16305844075464
pso,static_live,59,59.0,10,200.82407736266163,14.739905786632583,172.4187644615262,222.16305844075464,3160.370363831459,224.1537862701402,2763.44045184278,3435.538207922898,21.334564200020395,0.0,21.334564200020395,21.334564200020395,200.82407736266163,14.739905786632583,172.4187644615262,222.16305844075464
pso,static_live,60,60.0,10,200.82407736266163,14.739905786632583,172.4187644615262,222.16305844075464,3160.370363831459,224.1537862701402,2763.44045184278,3435.538207922898,21.334564200020395,0.0,21.334564200020395,21.334564200020395,200.82407736266163,14.739905786632583,172.4187644615262,222.16305844075464
pso,static_live,61,61.0,10,200.82407736266163,14.739905786632583,172.4187644615262,222.16305844075464,3160.370363831459,224.1537862701402,2763.44045184278,3435.538207922898,21.334564200020395,0.0,21.334564200020395,21.334564200020395,200.82407736266163,14.739905786632583,172.4187644615262,222.16305844075464
pso,static_live,62,62.0,10,200.82407736266163,14.739905786632583,172.4187644615262,222.16305844075464,3160.370363831459,224.1537862701402,2763.44045184278,3435.538207922898,21.334564200020395,0.0,21.334564200020395,21.334564200020395,200.82407736266163,14.739905786632583,172.4187644615262,222.16305844075464
pso,static_live,63,63.0,10,200.82407736266163,14.739905786632583,172.4187644615262,222.16305844075464,3160.370363831459,224.1537862701402,2763.44045184278,3435.538207922898,21.334564200020395,0.0,21.334564200020395,21.334564200020395,200.82407736266163,14.739905786632583,172.4187644615262,222.16305844075464
pso,static_live,64,64.0,10,200.82407736266163,14.739905786632583,172.4187644615262,222.16305844075464,3160.370363831459,224.1537862701402,2763.44045184278,3435.538207922898,21.334564200020395,0.0,21.334564200020395,21.334564200020395,200.82407736266163,14.739905786632583,172.4187644615262,222.16305844075464
