method,policy,epoch,elapsed_s,elapsed_min,replan_epoch,traffic_state,traffic_change,center_bins,affected_edges,peak_tt_multiplier,speed_multiplier,recovery_progress,network_speed_kmh,sim_hour,remaining_bins_before,served_bins_epoch,remaining_bins_after,epoch_energy_kwh,epoch_energy_per_served_bin_kwh,cumulative_energy_kwh,epoch_operating_s,cumulative_operating_s,oracle_runtime_s,solver_runtime_s,planning_runtime_s,cumulative_planning_runtime_s,compute_wait_aux_energy_kwh,cumulative_compute_wait_aux_energy_kwh,latency_adjusted_energy_kwh,latency_adjusted_time_s,planned_remaining_energy_kwh,planned_remaining_makespan_s,incumbent_plan_energy_kwh,candidate_plan_energy_kwh,candidate_energy_improvement_kwh,replan_attempted,replan_accepted,acceptance_reason,candidate_next_choice_changes,candidate_reassigned_bins,next_choice_changes,reassigned_bins,traversed_edges,disrupted_edges_traversed,disrupted_edge_share,min_battery_kwh,max_payload_kg,returned_to_depot,converged,rounds,replanned,active_planning_vehicles,vehicles_still_requiring_first_service
proposed,adaptive,0,0.0,0.0,0,normal,initial,30 42 51 81,0,1.0,1.0,0.0,34.78037077224997,18.0,84,0,84,18.947812200580838,18.947812200580838,18.947812200580838,60.0,60.0,10.709383900044486,1128.8861950000282,1139.5955789000727,1139.5955789000727,0.0,0.0,18.947812200580838,60.0,124.98723160038621,2771.5048752969888,,,,False,False,initial_plan,0,0,0,0,123,0,0.0,177.2717760608753,0.0,False,,,True,10,10
proposed,adaptive,1,60.0,1.0,0,normal,normal,30 42 51 81,0,1.0,1.0,0.0,34.78037077224997,18.016666666666666,84,0,84,3.6431287464134887,3.6431287464134887,22.590940946994326,60.0,120.0,0.0,0.0,0.0,1139.5955789000727,0.0,0.0,22.590940946994326,120.0,105.50890338066785,2707.1370397431347,,,,False,False,not_attempted,0,0,0,0,83,0,0.0,176.43141531177028,0.0,False,,,False,9,10
proposed,adaptive,2,120.0,2.0,0,normal,normal,30 42 51 81,0,1.0,1.0,0.0,34.78037077224997,18.033333333333335,84,3,81,2.150613593169741,0.716871197723247,24.741554540164067,60.0,180.0,0.0,0.0,0.0,1139.5955789000727,0.0,0.0,24.741554540164067,180.0,101.10086336244001,2575.1489099165824,,,,False,False,not_attempted,0,0,0,0,49,0,0.0,176.33808197843695,215.0,False,,,False,8,7
proposed,adaptive,3,180.0,3.0,0,normal,normal,30 42 51 81,0,1.0,1.0,0.0,34.78037077224997,18.05,81,3,78,3.271356097706687,1.0904520325688958,28.012910637870753,60.0,240.0,0.0,0.0,0.0,1139.5955789000727,0.0,0.0,28.012910637870753,240.0,99.24169389457438,2575.1489099165824,,,,False,False,not_attempted,0,0,0,0,57,0,0.0,176.08417388140913,215.0,False,,,False,8,4
proposed,adaptive,4,240.0,4.0,0,normal,normal,30 42 51 81,0,1.0,1.0,0.0,34.78037077224997,18.066666666666666,78,1,77,3.7024315460081656,3.7024315460081656,31.715342183878917,60.0,300.0,0.0,0.0,0.0,1139.5955789000727,0.0,0.0,31.715342183878917,300.0,96.4371557706104,2523.292639918653,,,,False,False,not_attempted,0,0,0,0,61,0,0.0,174.23595111138894,249.0,False,,,False,7,3
proposed,adaptive,5,300.0,5.0,1,normal,normal,30 42 51 81,0,1.0,1.0,0.0,34.78037077224997,18.083333333333332,77,2,75,2.7189758189326834,1.3594879094663417,34.4343180028116,60.0,360.0,9.650230800034478,136.76120289997198,146.41143370000646,1286.0070126000792,0.0,0.0,34.4343180028116,360.0,92.79090225860935,2353.701123446594,92.79090225860935,96.66345094303185,-3.8725486844224974,True,False,incumbent_not_worse,8,51,0,0,41,0,0.0,174.1426177780556,402.0,False,True,21.0,True,7,3
proposed,adaptive,6,360.0,6.0,1,normal,normal,30 42 51 81,0,1.0,1.0,0.0,34.78037077224997,18.1,75,3,72,4.611279417259635,1.5370931390865452,39.04559742007124,60.0,420.0,0.0,0.0,0.0,1286.0070126000792,0.0,0.0,39.04559742007124,420.0,90.05551392370413,2353.701123446594,,,,False,False,not_attempted,0,0,0,0,41,0,0.0,173.80269504982573,402.0,False,,,False,7,2
proposed,adaptive,7,420.0,7.0,1,normal,normal,30 42 51 81,0,1.0,1.0,0.0,34.78037077224997,18.116666666666667,72,1,71,5.190400002822974,5.190400002822974,44.235997422894215,60.0,480.0,0.0,0.0,0.0,1286.0070126000792,0.0,0.0,44.235997422894215,480.0,85.29960763845678,2350.428994697508,,,,False,False,not_attempted,0,0,0,0,51,0,0.0,171.7315048732715,402.0,False,,,False,7,1
proposed,adaptive,8,480.0,8.0,1,normal,normal,30 42 51 81,0,1.0,1.0,0.0,34.78037077224997,18.133333333333333,71,2,69,2.495136967710586,1.247568483855293,46.7311343906048,60.0,540.0,0.0,0.0,0.0,1286.0070126000792,0.0,0.0,46.7311343906048,540.0,79.97940923294234,2176.3863390623183,,,,False,False,not_attempted,0,0,0,0,19,0,0.0,171.63817153993816,422.0,False,,,False,7,0
proposed,adaptive,9,540.0,9.0,1,normal,normal,30 42 51 81,0,1.0,1.0,0.0,34.78037077224997,18.15,69,4,65,2.2682353970901716,0.5670588492725429,48.999369787694974,60.0,600.0,0.0,0.0,0.0,1286.0070126000792,0.0,0.0,48.999369787694974,600.0,77.62879857543831,2176.3863390623183,,,,False,False,not_attempted,0,0,0,0,19,0,0.0,171.54640459197284,574.0,False,,,False,7,0
proposed,adaptive,10,600.0,10.0,2,degrading,degrading,30 42 51 81,0,1.0,1.0,0.0,34.78037077224997,18.166666666666668,65,1,64,2.264359248722955,2.264359248722955,51.26372903641793,60.0,660.0,5.859998054802418e-05,72.51705609995406,72.51711469993461,1358.5241273000138,0.0,0.0,51.26372903641793,660.0,75.37762181306357,2157.509480549697,75.37762181306357,80.01441057614328,-4.636788763079707,True,False,incumbent_not_worse,4,25,0,0,29,0,0.0,171.29011539682318,574.0,False,True,22.0,True,7,0
proposed,adaptive,11,660.0,11.0,2,degrading,degrading,30 42 51 81,2227,1.06951871657754,0.935,0.0,34.64316594981709,18.183333333333334,64,2,62,3.0896183891232565,1.5448091945616282,54.35334742554119,60.0,720.0,0.0,0.0,0.0,1358.5241273000138,0.0,0.0,54.35334742554119,720.0,76.00068380290205,2027.8409216876005,,,,False,False,not_attempted,0,0,0,0,42,0,0.0,171.19678206348985,700.0,False,,,False,7,0
proposed,adaptive,12,720.0,12.0,2,degrading,degrading,30 42 51 81,2227,1.1494252873563218,0.87,0.0,34.48678831955742,18.2,62,3,59,3.7480131518565534,1.2493377172855178,58.10136057739774,60.0,780.0,0.0,0.0,0.0,1358.5241273000138,0.0,0.0,58.10136057739774,780.0,76.17796770941648,2044.7165811469456,,,,False,False,not_attempted,0,0,0,0,39,11,0.28205128205128205,169.78970875310245,791.0,False,,,False,7,0
proposed,adaptive,13,780.0,13.0,2,degrading,degrading,30 42 51 81,2227,1.2422360248447206,0.8049999999999999,0.0,34.30692006739202,18.216666666666665,59,1,58,3.5651254123788334,3.5651254123788334,61.666485989776575,60.0,840.0,0.0,0.0,0.0,1358.5241273000138,0.0,0.0,61.666485989776575,840.0,75.74641052783257,2037.4297549273772,,,,False,False,not_attempted,0,0,0,0,41,0,0.0,168.3098216043693,791.0,False,,,False,7,0
proposed,adaptive,14,840.0,14.0,2,degrading,degrading,30 42 51 81,2227,1.3513513513513513,0.74,0.0,34.09783830938845,18.233333333333334,58,2,56,2.1532135463403552,1.0766067731701776,63.81969953611693,60.0,900.0,0.0,0.0,0.0,1358.5241273000138,0.0,0.0,63.81969953611693,900.0,76.46187407424853,2053.359074734238,,,,False,False,not_attempted,0,0,0,0,45,2,0.044444444444444446,167.83591028427398,848.0,False,,,False,7,0
proposed,adaptive,15,900.0,15.0,3,degrading,degrading,30 42 51 81,2227,1.4814814814814814,0.675,0.0,33.851796877256575,18.25,56,1,55,1.65993283848747,1.65993283848747,65.47963237460439,60.0,960.0,9.513385899947025,101.12291349994484,110.63629939989187,1469.1604266999057,0.0,0.0,65.47963237460439,960.0,78.65648804304804,1939.3951117914232,78.65648804304804,85.26773551053142,-6.6112474674833805,True,False,incumbent_not_worse,3,22,0,0,30,0,0.0,167.74257695094065,848.0,False,True,25.0,True,7,0
proposed,adaptive,16,960.0,16.0,3,degrading,degrading,30 42 51 81,2227,1.639344262295082,0.61,0.0,33.55804547919766,18.266666666666666,55,3,52,2.35172761260599,0.7839092042019966,67.83135998721038,60.0,1020.0,0.0,0.0,0.0,1469.1604266999057,0.0,0.0,67.83135998721038,1020.0,82.30483486294126,1969.4155174218552,,,,False,False,not_attempted,0,0,0,0,30,2,0.06666666666666667,166.7698722566352,907.0,False,,,False,7,0
proposed,adaptive,17,1020.0,17.0,3,degrading,degrading,30 42 51 81,2227,1.8348623853211008,0.545,0.0,33.20121701570619,18.283333333333335,52,4,48,3.8748798725973037,0.9687199681493259,71.70623985980768,60.0,1080.0,0.0,0.0,0.0,1469.1604266999057,0.0,0.0,71.70623985980768,1080.0,86.40958875450775,2181.239412047637,,,,False,False,not_attempted,0,0,0,0,43,0,0.0,166.14211438819146,930.0,False,,,False,7,0
proposed,adaptive,18,1080.0,18.0,3,degrading,degrading,30 42 51 81,2227,2.0833333333333335,0.48,0.0,32.75855106933444,18.3,48,1,47,3.060005254470095,3.060005254470095,74.76624511427778,60.0,1140.0,0.0,0.0,0.0,1469.1604266999057,0.0,0.0,74.76624511427778,1140.0,88.49665722245771,2167.7773830616943,,,,False,False,not_attempted,0,0,0,0,32,3,0.09375,166.04878105485813,930.0,False,,,False,7,0
proposed,adaptive,19,1140.0,19.0,3,degrading,degrading,30 42 51 81,2227,2.409638554216868,0.4149999999999999,0.0,32.194839714285706,18.316666666666666,47,2,45,2.1253009873573787,1.0626504936786894,76.89154610163516,60.0,1200.0,0.0,0.0,0.0,1469.1604266999057,0.0,0.0,76.89154610163516,1200.0,92.59801134664957,2221.569447190734,,,,False,False,not_attempted,0,0,0,0,8,1,0.125,165.42936108739778,988.0,False,,,False,7,0
proposed,adaptive,20,1200.0,20.0,4,disrupted,holding,30 42 51 81,2227,2.857142857142857,0.35,0.0,31.452570520598588,18.333333333333332,45,4,41,1.0472335516730975,0.2618083879182744,77.93877965330826,60.0,1260.0,9.602166900062002,91.01840649999212,100.62057340005413,1569.7810000999598,0.0,0.0,77.93877965330826,1260.0,99.95175866110685,2157.479190628135,99.95175866110685,118.28222658187526,-18.330467920768413,True,False,incumbent_not_worse,4,20,0,0,31,0,0.0,165.33602775406445,1072.0,False,True,24.0,True,7,0
proposed,adaptive,21,1260.0,21.0,4,disrupted,disrupted,30 42 51 81,2227,2.857142857142857,0.35,0.0,31.452570520598588,18.35,41,3,38,3.135726647721638,1.0452422159072128,81.0745063010299,60.0,1320.0,0.0,0.0,0.0,1569.7810000999598,0.0,0.0,81.0745063010299,1320.0,99.03906023192039,2157.479190628135,,,,False,False,not_attempted,0,0,0,0,15,1,0.06666666666666667,165.0209883051059,1171.0,False,,,False,6,0
proposed,adaptive,22,1320.0,22.0,4,disrupted,disrupted,30 42 51 81,2227,2.857142857142857,0.35,0.0,31.452570520598588,18.366666666666667,38,2,36,1.8745956122652931,0.9372978061326466,82.9491019132952,60.0,1380.0,0.0,0.0,0.0,1569.7810000999598,0.0,0.0,82.9491019132952,1380.0,95.28383685647817,2122.075071635,,,,False,False,not_attempted,0,0,0,0,32,0,0.0,164.71604016529596,1215.0,False,,,False,6,0
proposed,adaptive,23,1380.0,23.0,4,disrupted,disrupted,30 42 51 81,2227,2.857142857142857,0.35,0.0,31.452570520598588,18.383333333333333,36,1,35,1.6387045612934774,1.6387045612934774,84.58780647458867,60.0,1440.0,0.0,0.0,0.0,1569.7810000999598,0.0,0.0,84.58780647458867,1440.0,93.96533656894005,1990.9167697356386,,,,False,False,not_attempted,0,0,0,0,22,0,0.0,164.62270683196263,1215.0,False,,,False,6,0
proposed,adaptive,24,1440.0,24.0,4,disrupted,disrupted,30 42 51 81,2227,2.857142857142857,0.35,0.0,31.452570520598588,18.4,35,2,33,1.0881907448874877,0.5440953724437438,85.67599721947616,60.0,1500.0,0.0,0.0,0.0,1569.7810000999598,0.0,0.0,85.67599721947616,1500.0,92.34019384084452,1990.9167697356386,,,,False,False,not_attempted,0,0,0,0,5,1,0.2,164.13738878855082,1215.0,False,,,False,6,0
proposed,adaptive,25,1500.0,25.0,5,disrupted,disrupted,30 42 51 81,2227,2.857142857142857,0.35,0.0,31.452570520598588,18.416666666666668,33,3,30,2.5835176841288314,0.8611725613762772,88.259514903605,60.0,1560.0,6.180000491440296e-05,50.363880899967626,50.36394269997254,1620.1449427999323,0.0,0.0,88.259514903605,1560.0,91.3212652596492,1943.8112232544074,91.3212652596492,97.03885958177963,-5.717594322130438,True,False,incumbent_not_worse,6,21,0,0,56,1,0.017857142857142856,163.44613521481844,1215.0,False,True,22.0,True,6,0
proposed,adaptive,26,1560.0,26.0,5,disrupted,disrupted,30 42 51 81,2227,2.857142857142857,0.35,0.0,31.452570520598588,18.433333333333334,30,1,29,2.5062548035185137,2.5062548035185137,90.76576970712351,60.0,1620.0,0.0,0.0,0.0,1620.1449427999323,0.0,0.0,90.76576970712351,1620.0,88.89370492511749,1803.258442325661,,,,False,False,not_attempted,0,0,0,0,46,4,0.08695652173913043,163.3528018814851,1373.0,False,,,False,6,0
proposed,adaptive,27,1620.0,27.0,5,disrupted,disrupted,30 42 51 81,2227,2.857142857142857,0.35,0.0,31.452570520598588,18.45,29,1,28,4.319162464076977,4.319162464076977,95.08493217120049,60.0,1680.0,0.0,0.0,0.0,1620.1449427999323,0.0,0.0,95.08493217120049,1680.0,85.98972436761844,1803.258442325661,,,,False,False,not_attempted,0,0,0,0,29,7,0.2413793103448276,162.42102647375265,1373.0,False,,,False,6,0
proposed,adaptive,28,1680.0,28.0,5,disrupted,disrupted,30 42 51 81,2227,2.857142857142857,0.35,0.0,31.452570520598588,18.466666666666665,28,2,26,4.045321577843758,2.022660788921879,99.13025374904424,60.0,1740.0,0.0,0.0,0.0,1620.1449427999323,0.0,0.0,99.13025374904424,1740.0,81.56294566367055,1769.7269433804138,,,,False,False,not_attempted,0,0,0,0,36,5,0.1388888888888889,160.88494243434985,1419.0,False,,,False,6,0
proposed,adaptive,29,1740.0,29.0,5,disrupted,disrupted,30 42 51 81,2227,2.857142857142857,0.35,0.0,31.452570520598588,18.483333333333334,26,1,25,3.178648999063506,3.178648999063506,102.30890274810776,60.0,1800.0,0.0,0.0,0.0,1620.1449427999323,0.0,0.0,102.30890274810776,1800.0,77.35602343695311,1712.5569525007784,,,,False,False,not_attempted,0,0,0,0,21,1,0.047619047619047616,159.3665328867319,1419.0,False,,,False,6,0
proposed,adaptive,30,1800.0,30.0,6,recovering,recovering,30 42 51 81,2227,2.857142857142857,0.35,0.0,31.452570520598588,18.5,25,3,22,6.387916294425154,2.1293054314750512,108.69681904253291,60.0,1860.0,8.070003241300583e-05,23.228534599998966,23.22861530003138,1643.3735580999637,0.0,0.0,108.69681904253291,1860.0,70.15356905426961,1650.783178776266,74.76590752831713,70.15356905426961,4.612338474047519,True,True,lower_residual_energy,3,6,3,6,52,2,0.038461538461538464,157.8873662593626,1669.0,False,True,27.0,True,8,0
proposed,adaptive,31,1860.0,31.0,6,recovering,recovering,30 42 51 81,2227,2.6595744680851063,0.376,0.04,31.77601131408416,18.516666666666666,22,1,21,3.731602647427779,3.731602647427779,112.42842168996069,60.0,1920.0,0.0,0.0,0.0,1643.3735580999637,0.0,0.0,112.42842168996069,1920.0,60.75621110613398,1547.935480621553,,,,False,False,not_attempted,0,0,0,0,40,3,0.075,157.55456023247274,1669.0,False,,,False,7,0
proposed,adaptive,32,1920.0,32.0,6,recovering,recovering,30 42 51 81,2227,2.4875621890547266,0.40199999999999997,0.08,32.063080038424864,18.533333333333335,21,2,19,3.152669415264632,1.576334707632316,115.58109110522531,60.0,1980.0,0.0,0.0,0.0,1643.3735580999637,0.0,0.0,115.58109110522531,1980.0,54.57367686918658,1487.3724151411423,,,,False,False,not_attempted,0,0,0,0,13,3,0.23076923076923078,156.19275748926046,1733.0,False,,,False,6,0
proposed,adaptive,33,1980.0,33.0,6,recovering,recovering,30 42 51 81,2227,2.336448598130841,0.428,0.12,32.31958534492627,18.55,19,3,16,2.2489567805386725,0.7496522601795576,117.83004788576399,60.0,2040.0,0.0,0.0,0.0,1643.3735580999637,0.0,0.0,117.83004788576399,2040.0,49.95810994855313,1412.5066131828019,,,,False,False,not_attempted,0,0,0,0,16,4,0.25,155.02707123733018,1820.0,False,,,False,4,0
proposed,adaptive,34,2040.0,34.0,6,recovering,recovering,30 42 51 81,2227,2.2026431718061676,0.45399999999999996,0.16,32.55016153739909,18.566666666666666,16,3,13,6.810960835157667,2.270320278385889,124.64100872092166,60.0,2100.0,0.0,0.0,0.0,1643.3735580999637,0.0,0.0,124.64100872092166,2100.0,46.556078797806805,1341.144199545089,,,,False,False,not_attempted,0,0,0,0,32,19,0.59375,153.61265286197678,1820.0,False,,,False,4,0
proposed,adaptive,35,2100.0,35.0,7,recovering,recovering,30 42 51 81,2227,2.0833333333333335,0.48,0.2,32.75855106933444,18.583333333333332,13,0,13,0.8930865798083367,0.8930865798083367,125.53409530073,60.0,2160.0,10.24686719989404,11.314155999920331,21.56102319981437,1664.934581299778,0.0,0.0,125.53409530073,2160.0,38.68810294323075,1186.717515147771,38.68810294323075,38.68810294323075,0.0,True,False,incumbent_not_worse,0,0,0,0,1,1,1.0,153.51931952864345,1820.0,False,True,25.0,True,4,0
proposed,adaptive,36,2160.0,36.0,7,recovering,recovering,30 42 51 81,2227,1.976284584980237,0.506,0.24,32.94780923645322,18.6,13,2,11,1.7023149991653117,0.8511574995826559,127.23641029989531,60.0,2220.0,0.0,0.0,0.0,1664.934581299778,0.0,0.0,127.23641029989531,2220.0,37.26328667127894,1179.2095040805605,,,,False,False,not_attempted,0,0,0,0,5,3,0.6,152.23403993681077,1866.0,False,,,False,3,0
proposed,adaptive,37,2220.0,37.0,7,recovering,recovering,30 42 51 81,2227,1.8796992481203008,0.532,0.28,33.120454967615515,18.616666666666667,11,2,9,1.5241281379478142,0.7620640689739071,128.76053843784314,60.0,2280.0,0.0,0.0,0.0,1664.934581299778,0.0,0.0,128.76053843784314,2280.0,34.91867412446537,1049.5485130999841,,,,False,False,not_attempted,0,0,0,0,11,4,0.36363636363636365,151.81440448150215,1866.0,False,,,False,3,0
proposed,adaptive,38,2280.0,38.0,7,recovering,recovering,30 42 51 81,2227,1.7921146953405016,0.558,0.32,33.27858357743186,18.633333333333333,9,0,9,0.27999999999999997,0.27999999999999997,129.04053843784314,60.0,2340.0,0.0,0.0,0.0,1664.934581299778,0.0,0.0,129.04053843784314,2340.0,32.74957592810573,922.0580572008857,,,,False,False,not_attempted,0,0,0,0,0,0,0.0,151.72107114816882,1866.0,False,,,False,2,0
proposed,adaptive,39,2340.0,39.0,7,recovering,recovering,30 42 51 81,2227,1.7123287671232879,0.584,0.36,33.42395222363892,18.65,9,3,6,2.540776999991113,0.8469256666637044,131.58131543783426,60.0,2400.0,0.0,0.0,0.0,1664.934581299778,0.0,0.0,131.58131543783426,2400.0,31.999419626427336,915.2345597037622,,,,False,False,not_attempted,0,0,0,0,8,8,1.0,150.23293556148676,1973.0,False,,,False,2,0
proposed,adaptive,40,2400.0,40.0,8,recovering,recovering,30 42 51 81,2227,1.639344262295082,0.61,0.4,33.55804547919766,18.666666666666668,6,0,6,0.7757222778964789,0.7757222778964789,132.35703771573074,60.0,2460.0,10.273321399930865,10.42931540007703,20.702636800007895,1685.637218099786,0.0,0.0,132.35703771573074,2460.0,29.002873296888584,861.9921950692424,29.002873296888584,29.002873296888584,0.0,True,False,incumbent_not_worse,0,0,0,0,24,1,0.041666666666666664,150.13398292354276,1973.0,False,True,22.0,True,2,0
proposed,adaptive,41,2460.0,41.0,8,recovering,recovering,30 42 51 81,2227,1.572327044025157,0.636,0.44,33.68212621591513,18.683333333333334,6,0,6,0.34255460561999884,0.34255460561999884,132.69959232135074,60.0,2520.0,0.0,0.0,0.0,1685.637218099786,0.0,0.0,132.69959232135074,2520.0,27.72075007412819,738.182116259655,,,,False,False,not_attempted,0,0,0,0,18,0,0.0,150.04064959020943,1973.0,False,,,False,2,0
proposed,adaptive,42,2520.0,42.0,8,recovering,recovering,30 42 51 81,2227,1.5105740181268883,0.6619999999999999,0.48,33.79727550010811,18.7,6,1,5,2.109471733362678,2.109471733362678,134.80906405471342,60.0,2580.0,0.0,0.0,0.0,1685.637218099786,0.0,0.0,134.80906405471342,2580.0,26.85888557383683,734.6713185650203,,,,False,False,not_attempted,0,0,0,0,6,6,1.0,148.02451119018005,1973.0,False,,,False,1,0
proposed,adaptive,43,2580.0,43.0,8,recovering,recovering,30 42 51 81,2227,1.4534883720930234,0.688,0.52,33.904424172373204,18.716666666666665,5,1,4,2.747039987408927,2.747039987408927,137.55610404212234,60.0,2640.0,0.0,0.0,0.0,1685.637218099786,0.0,0.0,137.55610404212234,2640.0,24.206036920296118,666.1617989860717,,,,False,False,not_attempted,0,0,0,0,8,1,0.125,145.36985847857207,1973.0,False,,,False,1,0
proposed,adaptive,44,2640.0,44.0,8,recovering,recovering,30 42 51 81,2227,1.400560224089636,0.714,0.56,34.00437806583756,18.733333333333334,4,0,4,0.09333333333333332,0.09333333333333332,137.64943737545568,60.0,2700.0,0.0,0.0,0.0,1685.637218099786,0.0,0.0,137.64943737545568,2700.0,21.51377441863459,509.65685232888626,,,,False,False,not_attempted,0,0,0,0,0,0,0.0,145.27652514523874,1973.0,False,,,False,1,0
proposed,adaptive,45,2700.0,45.0,9,recovering,recovering,30 42 51 81,2227,1.3513513513513513,0.74,0.6,34.09783830938845,18.75,4,1,3,0.7371975305246876,0.7371975305246876,138.38663490598037,60.0,2760.0,10.166835099924356,0.07346829993184656,10.240303399856202,1695.8775214996422,0.0,0.0,138.38663490598037,2760.0,21.307429963046506,509.65685232888626,21.307429963046506,21.307429963046506,0.0,True,False,incumbent_not_worse,0,0,0,0,5,0,0.0,144.53932761471407,1973.0,False,True,23.0,True,1,0
proposed,adaptive,46,2760.0,46.0,9,recovering,recovering,30 42 51 81,2227,1.3054830287206267,0.766,0.64,34.18541779831154,18.766666666666666,3,0,3,0.7534505549970255,0.7534505549970255,139.1400854609774,60.0,2820.0,0.0,0.0,0.0,1695.8775214996422,0.0,0.0,139.1400854609774,2820.0,20.415249072574348,493.1305387087702,,,,False,False,not_attempted,0,0,0,0,2,0,0.0,143.78587705971702,1973.0,False,,,False,1,0
proposed,adaptive,47,2820.0,47.0,9,recovering,recovering,30 42 51 81,2227,1.2626262626262625,0.792,0.68,34.26765465063994,18.783333333333335,3,0,3,0.09333333333333332,0.09333333333333332,139.23341879431072,60.0,2880.0,0.0,0.0,0.0,1695.8775214996422,0.0,0.0,139.23341879431072,2880.0,19.39262255203083,351.7498966281673,,,,False,False,not_attempted,0,0,0,0,0,0,0.0,143.6925437263837,1973.0,False,,,False,1,0
proposed,adaptive,48,2880.0,48.0,9,recovering,recovering,30 42 51 81,2227,1.2224938875305624,0.818,0.72,34.345023273750066,18.8,3,1,2,0.9629912977700141,0.9629912977700141,140.19641009208073,60.0,2940.0,0.0,0.0,0.0,1695.8775214996422,0.0,0.0,140.19641009208073,2940.0,19.22499207865739,351.7498966281673,,,,False,False,not_attempted,0,0,0,0,4,0,0.0,142.7295524286137,1973.0,False,,,False,1,0
proposed,adaptive,49,2940.0,49.0,9,recovering,recovering,30 42 51 81,2227,1.1848341232227486,0.8440000000000001,0.76,34.417943522107606,18.816666666666666,2,0,2,0.09333333333333332,0.09333333333333332,140.28974342541406,60.0,3000.0,0.0,0.0,0.0,1695.8775214996422,0.0,0.0,140.28974342541406,3000.0,17.961617368863465,199.94920782218168,,,,False,False,not_attempted,0,0,0,0,0,0,0.0,142.63621909528035,1973.0,False,,,False,1,0
proposed,adaptive,50,3000.0,50.0,10,recovering,recovering,30 42 51 81,2227,1.1494252873563218,0.87,0.8,34.48678831955742,18.833333333333332,2,1,1,0.36776257917505634,0.36776257917505634,140.65750600458912,60.0,3060.0,10.123237999971025,0.034348499961197376,10.157586499932222,1706.0351079995744,0.0,0.0,140.65750600458912,3060.0,17.775554351581047,199.94920782218168,17.775554351581047,17.775554351581047,0.0,True,False,incumbent_not_worse,0,0,0,0,1,0,0.0,142.2684565161053,1973.0,False,True,18.0,True,1,0
proposed,adaptive,51,3060.0,51.0,10,recovering,recovering,30 42 51 81,2227,1.1160714285714286,0.896,0.84,34.55189003834604,18.85,1,0,1,1.598930900050869,1.598930900050869,142.25643690464,60.0,3120.0,0.0,0.0,0.0,1706.0351079995744,0.0,0.0,142.25643690464,3120.0,16.70362120378078,182.05226568257135,,,,False,False,not_attempted,0,0,0,0,3,0,0.0,140.66952561605441,1973.0,False,,,False,1,0
proposed,adaptive,52,3120.0,52.0,10,recovering,recovering,30 42 51 81,2227,1.0845986984815619,0.922,0.88,34.613545865202205,18.866666666666667,1,0,1,0.09333333333333332,0.09333333333333332,142.34977023797333,60.0,3180.0,0.0,0.0,0.0,1706.0351079995744,0.0,0.0,142.34977023797333,3180.0,15.302729221692301,159.8514324928601,,,,False,False,not_attempted,0,0,0,0,0,0,0.0,140.57619228272108,1973.0,False,,,False,0,0
proposed,adaptive,53,3180.0,53.0,10,recovering,recovering,30 42 51 81,2227,1.0548523206751055,0.9480000000000001,0.92,34.672022337292695,18.883333333333333,1,1,0,14.8275475902225,14.8275475902225,157.17731782819584,172.0414827529647,3352.041482752965,0.0,0.0,0.0,1706.0351079995744,0.0,0.0,157.17731782819584,3352.041482752965,15.087405295214518,158.45816350671421,,,,False,False,not_attempted,0,0,0,0,157,18,0.11464968152866242,137.86681545035051,1973.0,True,,,False,0,0
proposed,static_live,0,0.0,0.0,0,normal,initial,30 42 51 81,0,1.0,1.0,0.0,34.78037077224997,18.0,84,0,84,18.947812200580838,18.947812200580838,18.947812200580838,60.0,60.0,10.709383900044486,1128.8861950000282,1139.5955789000727,1139.5955789000727,0.0,0.0,18.947812200580838,60.0,124.98723160038621,2771.5048752969888,,,,False,False,initial_plan,0,0,0,0,123,0,0.0,177.2717760608753,0.0,False,,,True,10,10
proposed,static_live,1,60.0,1.0,0,normal,normal,30 42 51 81,0,1.0,1.0,0.0,34.78037077224997,18.016666666666666,84,0,84,3.6431287464134887,3.6431287464134887,22.590940946994326,60.0,120.0,0.0,0.0,0.0,1139.5955789000727,0.0,0.0,22.590940946994326,120.0,105.50890338066785,2707.1370397431347,,,,False,False,not_attempted,0,0,0,0,83,0,0.0,176.43141531177028,0.0,False,,,False,9,10
proposed,static_live,2,120.0,2.0,0,normal,normal,30 42 51 81,0,1.0,1.0,0.0,34.78037077224997,18.033333333333335,84,3,81,2.150613593169741,0.716871197723247,24.741554540164067,60.0,180.0,0.0,0.0,0.0,1139.5955789000727,0.0,0.0,24.741554540164067,180.0,101.10086336244001,2575.1489099165824,,,,False,False,not_attempted,0,0,0,0,49,0,0.0,176.33808197843695,215.0,False,,,False,8,7
proposed,static_live,3,180.0,3.0,0,normal,normal,30 42 51 81,0,1.0,1.0,0.0,34.78037077224997,18.05,81,3,78,3.271356097706687,1.0904520325688958,28.012910637870753,60.0,240.0,0.0,0.0,0.0,1139.5955789000727,0.0,0.0,28.012910637870753,240.0,99.24169389457438,2575.1489099165824,,,,False,False,not_attempted,0,0,0,0,57,0,0.0,176.08417388140913,215.0,False,,,False,8,4
proposed,static_live,4,240.0,4.0,0,normal,normal,30 42 51 81,0,1.0,1.0,0.0,34.78037077224997,18.066666666666666,78,1,77,3.7024315460081656,3.7024315460081656,31.715342183878917,60.0,300.0,0.0,0.0,0.0,1139.5955789000727,0.0,0.0,31.715342183878917,300.0,96.4371557706104,2523.292639918653,,,,False,False,not_attempted,0,0,0,0,61,0,0.0,174.23595111138894,249.0,False,,,False,7,3
proposed,static_live,5,300.0,5.0,1,normal,normal,30 42 51 81,0,1.0,1.0,0.0,34.78037077224997,18.083333333333332,77,2,75,2.7189758189326834,1.3594879094663417,34.4343180028116,60.0,360.0,0.0,0.0,0.0,1139.5955789000727,0.0,0.0,34.4343180028116,360.0,92.79090225860935,2353.701123446594,,,,False,False,not_attempted,0,0,0,0,41,0,0.0,174.1426177780556,402.0,False,,,False,7,3
proposed,static_live,6,360.0,6.0,1,normal,normal,30 42 51 81,0,1.0,1.0,0.0,34.78037077224997,18.1,75,3,72,4.611279417259635,1.5370931390865452,39.04559742007124,60.0,420.0,0.0,0.0,0.0,1139.5955789000727,0.0,0.0,39.04559742007124,420.0,90.05551392370413,2353.701123446594,,,,False,False,not_attempted,0,0,0,0,41,0,0.0,173.80269504982573,402.0,False,,,False,7,2
proposed,static_live,7,420.0,7.0,1,normal,normal,30 42 51 81,0,1.0,1.0,0.0,34.78037077224997,18.116666666666667,72,1,71,5.190400002822974,5.190400002822974,44.235997422894215,60.0,480.0,0.0,0.0,0.0,1139.5955789000727,0.0,0.0,44.235997422894215,480.0,85.29960763845678,2350.428994697508,,,,False,False,not_attempted,0,0,0,0,51,0,0.0,171.7315048732715,402.0,False,,,False,7,1
proposed,static_live,8,480.0,8.0,1,normal,normal,30 42 51 81,0,1.0,1.0,0.0,34.78037077224997,18.133333333333333,71,2,69,2.495136967710586,1.247568483855293,46.7311343906048,60.0,540.0,0.0,0.0,0.0,1139.5955789000727,0.0,0.0,46.7311343906048,540.0,79.97940923294234,2176.3863390623183,,,,False,False,not_attempted,0,0,0,0,19,0,0.0,171.63817153993816,422.0,False,,,False,7,0
proposed,static_live,9,540.0,9.0,1,normal,normal,30 42 51 81,0,1.0,1.0,0.0,34.78037077224997,18.15,69,4,65,2.2682353970901716,0.5670588492725429,48.999369787694974,60.0,600.0,0.0,0.0,0.0,1139.5955789000727,0.0,0.0,48.999369787694974,600.0,77.62879857543831,2176.3863390623183,,,,False,False,not_attempted,0,0,0,0,19,0,0.0,171.54640459197284,574.0,False,,,False,7,0
proposed,static_live,10,600.0,10.0,2,degrading,degrading,30 42 51 81,0,1.0,1.0,0.0,34.78037077224997,18.166666666666668,65,1,64,2.264359248722955,2.264359248722955,51.26372903641793,60.0,660.0,0.0,0.0,0.0,1139.5955789000727,0.0,0.0,51.26372903641793,660.0,75.37762181306358,2157.509480549697,,,,False,False,not_attempted,0,0,0,0,29,0,0.0,171.29011539682318,574.0,False,,,False,7,0
proposed,static_live,11,660.0,11.0,2,degrading,degrading,30 42 51 81,2227,1.06951871657754,0.935,0.0,34.64316594981709,18.183333333333334,64,2,62,3.0896183891232565,1.5448091945616282,54.35334742554119,60.0,720.0,0.0,0.0,0.0,1139.5955789000727,0.0,0.0,54.35334742554119,720.0,76.00068380290205,2027.8409216876005,,,,False,False,not_attempted,0,0,0,0,42,0,0.0,171.19678206348985,700.0,False,,,False,7,0
proposed,static_live,12,720.0,12.0,2,degrading,degrading,30 42 51 81,2227,1.1494252873563218,0.87,0.0,34.48678831955742,18.2,62,3,59,3.7480131518565534,1.2493377172855178,58.10136057739774,60.0,780.0,0.0,0.0,0.0,1139.5955789000727,0.0,0.0,58.10136057739774,780.0,76.17796770941648,2044.7165811469456,,,,False,False,not_attempted,0,0,0,0,39,11,0.28205128205128205,169.78970875310245,791.0,False,,,False,7,0
proposed,static_live,13,780.0,13.0,2,degrading,degrading,30 42 51 81,2227,1.2422360248447206,0.8049999999999999,0.0,34.30692006739202,18.216666666666665,59,1,58,3.5651254123788334,3.5651254123788334,61.666485989776575,60.0,840.0,0.0,0.0,0.0,1139.5955789000727,0.0,0.0,61.666485989776575,840.0,75.74641052783257,2037.4297549273772,,,,False,False,not_attempted,0,0,0,0,41,0,0.0,168.3098216043693,791.0,False,,,False,7,0
proposed,static_live,14,840.0,14.0,2,degrading,degrading,30 42 51 81,2227,1.3513513513513513,0.74,0.0,34.09783830938845,18.233333333333334,58,2,56,2.1532135463403552,1.0766067731701776,63.81969953611693,60.0,900.0,0.0,0.0,0.0,1139.5955789000727,0.0,0.0,63.81969953611693,900.0,76.46187407424853,2053.359074734238,,,,False,False,not_attempted,0,0,0,0,45,2,0.044444444444444446,167.83591028427398,848.0,False,,,False,7,0
proposed,static_live,15,900.0,15.0,3,degrading,degrading,30 42 51 81,2227,1.4814814814814814,0.675,0.0,33.851796877256575,18.25,56,1,55,1.65993283848747,1.65993283848747,65.47963237460439,60.0,960.0,0.0,0.0,0.0,1139.5955789000727,0.0,0.0,65.47963237460439,960.0,78.65648804304804,1939.3951117914232,,,,False,False,not_attempted,0,0,0,0,30,0,0.0,167.74257695094065,848.0,False,,,False,7,0
proposed,static_live,16,960.0,16.0,3,degrading,degrading,30 42 51 81,2227,1.639344262295082,0.61,0.0,33.55804547919766,18.266666666666666,55,3,52,2.35172761260599,0.7839092042019966,67.83135998721038,60.0,1020.0,0.0,0.0,0.0,1139.5955789000727,0.0,0.0,67.83135998721038,1020.0,82.30483486294126,1969.4155174218552,,,,False,False,not_attempted,0,0,0,0,30,2,0.06666666666666667,166.7698722566352,907.0,False,,,False,7,0
proposed,static_live,17,1020.0,17.0,3,degrading,degrading,30 42 51 81,2227,1.8348623853211008,0.545,0.0,33.20121701570619,18.283333333333335,52,4,48,3.8748798725973037,0.9687199681493259,71.70623985980768,60.0,1080.0,0.0,0.0,0.0,1139.5955789000727,0.0,0.0,71.70623985980768,1080.0,86.40958875450775,2181.239412047637,,,,False,False,not_attempted,0,0,0,0,43,0,0.0,166.14211438819146,930.0,False,,,False,7,0
proposed,static_live,18,1080.0,18.0,3,degrading,degrading,30 42 51 81,2227,2.0833333333333335,0.48,0.0,32.75855106933444,18.3,48,1,47,3.060005254470095,3.060005254470095,74.76624511427778,60.0,1140.0,0.0,0.0,0.0,1139.5955789000727,0.0,0.0,74.76624511427778,1140.0,88.49665722245771,2167.7773830616943,,,,False,False,not_attempted,0,0,0,0,32,3,0.09375,166.04878105485813,930.0,False,,,False,7,0
proposed,static_live,19,1140.0,19.0,3,degrading,degrading,30 42 51 81,2227,2.409638554216868,0.4149999999999999,0.0,32.194839714285706,18.316666666666666,47,2,45,2.1253009873573787,1.0626504936786894,76.89154610163516,60.0,1200.0,0.0,0.0,0.0,1139.5955789000727,0.0,0.0,76.89154610163516,1200.0,92.59801134664957,2221.569447190734,,,,False,False,not_attempted,0,0,0,0,8,1,0.125,165.42936108739778,988.0,False,,,False,7,0
proposed,static_live,20,1200.0,20.0,4,disrupted,holding,30 42 51 81,2227,2.857142857142857,0.35,0.0,31.452570520598588,18.333333333333332,45,4,41,1.0472335516730975,0.2618083879182744,77.93877965330826,60.0,1260.0,0.0,0.0,0.0,1139.5955789000727,0.0,0.0,77.93877965330826,1260.0,99.95175866110685,2157.479190628135,,,,False,False,not_attempted,0,0,0,0,31,0,0.0,165.33602775406445,1072.0,False,,,False,7,0
proposed,static_live,21,1260.0,21.0,4,disrupted,disrupted,30 42 51 81,2227,2.857142857142857,0.35,0.0,31.452570520598588,18.35,41,3,38,3.135726647721638,1.0452422159072128,81.0745063010299,60.0,1320.0,0.0,0.0,0.0,1139.5955789000727,0.0,0.0,81.0745063010299,1320.0,99.03906023192039,2157.479190628135,,,,False,False,not_attempted,0,0,0,0,15,1,0.06666666666666667,165.0209883051059,1171.0,False,,,False,6,0
proposed,static_live,22,1320.0,22.0,4,disrupted,disrupted,30 42 51 81,2227,2.857142857142857,0.35,0.0,31.452570520598588,18.366666666666667,38,2,36,1.8745956122652931,0.9372978061326466,82.9491019132952,60.0,1380.0,0.0,0.0,0.0,1139.5955789000727,0.0,0.0,82.9491019132952,1380.0,95.28383685647819,2122.075071635,,,,False,False,not_attempted,0,0,0,0,32,0,0.0,164.71604016529596,1215.0,False,,,False,6,0
proposed,static_live,23,1380.0,23.0,4,disrupted,disrupted,30 42 51 81,2227,2.857142857142857,0.35,0.0,31.452570520598588,18.383333333333333,36,1,35,1.6387045612934774,1.6387045612934774,84.58780647458867,60.0,1440.0,0.0,0.0,0.0,1139.5955789000727,0.0,0.0,84.58780647458867,1440.0,93.96533656894005,1990.9167697356386,,,,False,False,not_attempted,0,0,0,0,22,0,0.0,164.62270683196263,1215.0,False,,,False,6,0
proposed,static_live,24,1440.0,24.0,4,disrupted,disrupted,30 42 51 81,2227,2.857142857142857,0.35,0.0,31.452570520598588,18.4,35,2,33,1.0881907448874877,0.5440953724437438,85.67599721947616,60.0,1500.0,0.0,0.0,0.0,1139.5955789000727,0.0,0.0,85.67599721947616,1500.0,92.34019384084453,1990.9167697356386,,,,False,False,not_attempted,0,0,0,0,5,1,0.2,164.13738878855082,1215.0,False,,,False,6,0
proposed,static_live,25,1500.0,25.0,5,disrupted,disrupted,30 42 51 81,2227,2.857142857142857,0.35,0.0,31.452570520598588,18.416666666666668,33,3,30,2.5835176841288314,0.8611725613762772,88.259514903605,60.0,1560.0,0.0,0.0,0.0,1139.5955789000727,0.0,0.0,88.259514903605,1560.0,91.3212652596492,1943.8112232544074,,,,False,False,not_attempted,0,0,0,0,56,1,0.017857142857142856,163.44613521481844,1215.0,False,,,False,6,0
proposed,static_live,26,1560.0,26.0,5,disrupted,disrupted,30 42 51 81,2227,2.857142857142857,0.35,0.0,31.452570520598588,18.433333333333334,30,1,29,2.5062548035185137,2.5062548035185137,90.76576970712351,60.0,1620.0,0.0,0.0,0.0,1139.5955789000727,0.0,0.0,90.76576970712351,1620.0,88.89370492511749,1803.258442325661,,,,False,False,not_attempted,0,0,0,0,46,4,0.08695652173913043,163.3528018814851,1373.0,False,,,False,6,0
proposed,static_live,27,1620.0,27.0,5,disrupted,disrupted,30 42 51 81,2227,2.857142857142857,0.35,0.0,31.452570520598588,18.45,29,1,28,4.319162464076977,4.319162464076977,95.08493217120049,60.0,1680.0,0.0,0.0,0.0,1139.5955789000727,0.0,0.0,95.08493217120049,1680.0,85.98972436761844,1803.258442325661,,,,False,False,not_attempted,0,0,0,0,29,7,0.2413793103448276,162.42102647375265,1373.0,False,,,False,6,0
proposed,static_live,28,1680.0,28.0,5,disrupted,disrupted,30 42 51 81,2227,2.857142857142857,0.35,0.0,31.452570520598588,18.466666666666665,28,2,26,4.045321577843758,2.022660788921879,99.13025374904424,60.0,1740.0,0.0,0.0,0.0,1139.5955789000727,0.0,0.0,99.13025374904424,1740.0,81.56294566367055,1769.7269433804138,,,,False,False,not_attempted,0,0,0,0,36,5,0.1388888888888889,160.88494243434985,1419.0,False,,,False,6,0
proposed,static_live,29,1740.0,29.0,5,disrupted,disrupted,30 42 51 81,2227,2.857142857142857,0.35,0.0,31.452570520598588,18.483333333333334,26,1,25,3.178648999063506,3.178648999063506,102.30890274810776,60.0,1800.0,0.0,0.0,0.0,1139.5955789000727,0.0,0.0,102.30890274810776,1800.0,77.35602343695311,1712.5569525007784,,,,False,False,not_attempted,0,0,0,0,21,1,0.047619047619047616,159.3665328867319,1419.0,False,,,False,6,0
proposed,static_live,30,1800.0,30.0,6,recovering,recovering,30 42 51 81,2227,2.857142857142857,0.35,0.0,31.452570520598588,18.5,25,3,22,4.86920606102857,1.6230686870095232,107.17810880913632,60.0,1860.0,0.0,0.0,0.0,1139.5955789000727,0.0,0.0,107.17810880913632,1860.0,74.76590752831713,1650.783178776266,,,,False,False,not_attempted,0,0,0,0,38,4,0.10526315789473684,157.8873662593626,1669.0,False,,,False,6,0
proposed,static_live,31,1860.0,31.0,6,recovering,recovering,30 42 51 81,2227,2.6595744680851063,0.376,0.04,31.77601131408416,18.516666666666666,22,1,21,3.424375664462948,3.424375664462948,110.60248447359926,60.0,1920.0,0.0,0.0,0.0,1139.5955789000727,0.0,0.0,110.60248447359926,1920.0,66.33039255879713,1547.935480621553,,,,False,False,not_attempted,0,0,0,0,21,3,0.14285714285714285,157.55456023247274,1669.0,False,,,False,6,0
proposed,static_live,32,1920.0,32.0,6,recovering,recovering,30 42 51 81,2227,2.4875621890547266,0.40199999999999997,0.08,32.063080038424864,18.533333333333335,21,1,20,2.1774101422233976,2.1774101422233976,112.77989461582266,60.0,1980.0,0.0,0.0,0.0,1139.5955789000727,0.0,0.0,112.77989461582266,1980.0,60.786868833447684,1487.3724151411423,,,,False,False,not_attempted,0,0,0,0,7,3,0.42857142857142855,156.19275748926046,1669.0,False,,,False,6,0
proposed,static_live,33,1980.0,33.0,6,recovering,recovering,30 42 51 81,2227,2.336448598130841,0.428,0.12,32.31958534492627,18.55,20,3,17,2.914111029777117,0.9713703432590389,115.69400564559977,60.0,2040.0,0.0,0.0,0.0,1139.5955789000727,0.0,0.0,115.69400564559977,2040.0,56.797929107805984,1412.5066131828019,,,,False,False,not_attempted,0,0,0,0,34,4,0.11764705882352941,155.02707123733018,1820.0,False,,,False,6,0
proposed,static_live,34,2040.0,34.0,6,recovering,recovering,30 42 51 81,2227,2.2026431718061676,0.45399999999999996,0.16,32.55016153739909,18.566666666666666,17,2,15,6.478734397197767,3.2393671985988837,122.17274004279754,60.0,2100.0,0.0,0.0,0.0,1139.5955789000727,0.0,0.0,122.17274004279754,2100.0,52.014973966529425,1341.144199545089,,,,False,False,not_attempted,0,0,0,0,33,16,0.48484848484848486,153.61265286197678,1820.0,False,,,False,6,0
proposed,static_live,35,2100.0,35.0,7,recovering,recovering,30 42 51 81,2227,2.0833333333333335,0.48,0.2,32.75855106933444,18.583333333333332,15,0,15,2.6254813300127986,2.6254813300127986,124.79822137281035,60.0,2160.0,0.0,0.0,0.0,1139.5955789000727,0.0,0.0,124.79822137281035,2160.0,44.136320868743645,1186.717515147771,,,,False,False,not_attempted,0,0,0,0,6,4,0.6666666666666666,153.51931952864345,1820.0,False,,,False,6,0
proposed,static_live,36,2160.0,36.0,7,recovering,recovering,30 42 51 81,2227,1.976284584980237,0.506,0.24,32.94780923645322,18.6,15,2,13,1.8889816658319785,0.9444908329159892,126.68720303864232,60.0,2220.0,0.0,0.0,0.0,1139.5955789000727,0.0,0.0,126.68720303864232,2220.0,40.62379452612637,1179.2095040805605,,,,False,False,not_attempted,0,0,0,0,5,3,0.6,152.23403993681077,1866.0,False,,,False,3,0
proposed,static_live,37,2220.0,37.0,7,recovering,recovering,30 42 51 81,2227,1.8796992481203008,0.532,0.28,33.120454967615515,18.616666666666667,13,4,9,1.6588423819295706,0.41471059548239264,128.3460454205719,60.0,2280.0,0.0,0.0,0.0,1139.5955789000727,0.0,0.0,128.3460454205719,2280.0,38.047139691681366,1049.5485130999841,,,,False,False,not_attempted,0,0,0,0,12,4,0.3333333333333333,151.81440448150215,1966.0,False,,,False,3,0
proposed,static_live,38,2280.0,38.0,7,recovering,recovering,30 42 51 81,2227,1.7921146953405016,0.558,0.32,33.27858357743186,18.633333333333333,9,0,9,0.27999999999999997,0.27999999999999997,128.6260454205719,60.0,2340.0,0.0,0.0,0.0,1139.5955789000727,0.0,0.0,128.6260454205719,2340.0,35.54476744217677,922.0580572008857,,,,False,False,not_attempted,0,0,0,0,0,0,0.0,151.72107114816882,1966.0,False,,,False,2,0
proposed,static_live,39,2340.0,39.0,7,recovering,recovering,30 42 51 81,2227,1.7123287671232879,0.584,0.36,33.42395222363892,18.65,9,3,6,2.553163615070082,0.851054538356694,131.17920903564197,60.0,2400.0,0.0,0.0,0.0,1139.5955789000727,0.0,0.0,131.17920903564197,2400.0,34.38847491399914,915.2345597037622,,,,False,False,not_attempted,0,0,0,0,8,8,1.0,150.23293556148676,1976.0,False,,,False,2,0
proposed,static_live,40,2400.0,40.0,8,recovering,recovering,30 42 51 81,2227,1.639344262295082,0.61,0.4,33.55804547919766,18.666666666666668,6,0,6,0.7757222778964789,0.7757222778964789,131.95493131353845,60.0,2460.0,0.0,0.0,0.0,1139.5955789000727,0.0,0.0,131.95493131353845,2460.0,31.020882320909557,861.9921950692424,,,,False,False,not_attempted,0,0,0,0,24,1,0.041666666666666664,150.13398292354276,1976.0,False,,,False,2,0
proposed,static_live,41,2460.0,41.0,8,recovering,recovering,30 42 51 81,2227,1.572327044025157,0.636,0.44,33.68212621591513,18.683333333333334,6,0,6,0.2920667047417389,0.2920667047417389,132.24699801828018,60.0,2520.0,0.0,0.0,0.0,1139.5955789000727,0.0,0.0,132.24699801828018,2520.0,29.39851931732444,738.182116259655,,,,False,False,not_attempted,0,0,0,0,17,0,0.0,150.04064959020943,1976.0,False,,,False,2,0
proposed,static_live,42,2520.0,42.0,8,recovering,recovering,30 42 51 81,2227,1.5105740181268883,0.6619999999999999,0.48,33.79727550010811,18.7,6,1,5,2.109471733362678,2.109471733362678,134.35646975164286,60.0,2580.0,0.0,0.0,0.0,1139.5955789000727,0.0,0.0,134.35646975164286,2580.0,28.28634427126581,734.6713185650203,,,,False,False,not_attempted,0,0,0,0,6,6,1.0,148.02451119018005,1976.0,False,,,False,1,0
proposed,static_live,43,2580.0,43.0,8,recovering,recovering,30 42 51 81,2227,1.4534883720930234,0.688,0.52,33.904424172373204,18.716666666666665,5,1,4,2.734653372329958,2.734653372329958,137.0911231239728,60.0,2640.0,0.0,0.0,0.0,1139.5955789000727,0.0,0.0,137.0911231239728,2640.0,25.34458294235835,666.1617989860717,,,,False,False,not_attempted,0,0,0,0,8,1,0.125,145.36985847857207,1976.0,False,,,False,1,0
proposed,static_live,44,2640.0,44.0,8,recovering,recovering,30 42 51 81,2227,1.400560224089636,0.714,0.56,34.00437806583756,18.733333333333334,4,0,4,0.09333333333333332,0.09333333333333332,137.18445645730614,60.0,2700.0,0.0,0.0,0.0,1139.5955789000727,0.0,0.0,137.18445645730614,2700.0,22.384920576946303,509.65685232888626,,,,False,False,not_attempted,0,0,0,0,0,0,0.0,145.27652514523874,1976.0,False,,,False,1,0
proposed,static_live,45,2700.0,45.0,9,recovering,recovering,30 42 51 81,2227,1.3513513513513513,0.74,0.6,34.09783830938845,18.75,4,1,3,0.7371975305246876,0.7371975305246876,137.92165398783084,60.0,2760.0,0.0,0.0,0.0,1139.5955789000727,0.0,0.0,137.92165398783084,2760.0,21.930565460164125,509.65685232888626,,,,False,False,not_attempted,0,0,0,0,5,0,0.0,144.53932761471407,1976.0,False,,,False,1,0
proposed,static_live,46,2760.0,46.0,9,recovering,recovering,30 42 51 81,2227,1.3054830287206267,0.766,0.64,34.18541779831154,18.766666666666666,3,0,3,0.7534505549970255,0.7534505549970255,138.67510454282785,60.0,2820.0,0.0,0.0,0.0,1139.5955789000727,0.0,0.0,138.67510454282785,2820.0,20.80836898096892,493.1305387087702,,,,False,False,not_attempted,0,0,0,0,2,0,0.0,143.78587705971702,1976.0,False,,,False,1,0
proposed,static_live,47,2820.0,47.0,9,recovering,recovering,30 42 51 81,2227,1.2626262626262625,0.792,0.68,34.26765465063994,18.783333333333335,3,0,3,0.09333333333333332,0.09333333333333332,138.7684378761612,60.0,2880.0,0.0,0.0,0.0,1139.5955789000727,0.0,0.0,138.7684378761612,2880.0,19.57142854763582,351.7498966281673,,,,False,False,not_attempted,0,0,0,0,0,0,0.0,143.6925437263837,1976.0,False,,,False,1,0
proposed,static_live,48,2880.0,48.0,9,recovering,recovering,30 42 51 81,2227,1.2224938875305624,0.818,0.72,34.345023273750066,18.8,3,1,2,0.9629912977700141,0.9629912977700141,139.7314291739312,60.0,2940.0,0.0,0.0,0.0,1139.5955789000727,0.0,0.0,139.7314291739312,2940.0,19.20480082395526,351.7498966281673,,,,False,False,not_attempted,0,0,0,0,4,0,0.0,142.7295524286137,1976.0,False,,,False,1,0
proposed,static_live,49,2940.0,49.0,9,recovering,recovering,30 42 51 81,2227,1.1848341232227486,0.8440000000000001,0.76,34.417943522107606,18.816666666666666,2,0,2,0.09333333333333332,0.09333333333333332,139.82476250726452,60.0,3000.0,0.0,0.0,0.0,1139.5955789000727,0.0,0.0,139.82476250726452,3000.0,17.75484704527139,199.94920782218168,,,,False,False,not_attempted,0,0,0,0,0,0,0.0,142.63621909528035,1976.0,False,,,False,1,0
proposed,static_live,50,3000.0,50.0,10,recovering,recovering,30 42 51 81,2227,1.1494252873563218,0.87,0.8,34.48678831955742,18.833333333333332,2,1,1,0.36776257917505634,0.36776257917505634,140.1925250864396,60.0,3060.0,0.0,0.0,0.0,1139.5955789000727,0.0,0.0,140.1925250864396,3060.0,17.433176947841307,199.94920782218168,,,,False,False,not_attempted,0,0,0,0,1,0,0.0,142.2684565161053,1976.0,False,,,False,1,0
proposed,static_live,51,3060.0,51.0,10,recovering,recovering,30 42 51 81,2227,1.1160714285714286,0.896,0.84,34.55189003834604,18.85,1,0,1,1.598930900050869,1.598930900050869,141.79145598649046,60.0,3120.0,0.0,0.0,0.0,1139.5955789000727,0.0,0.0,141.79145598649046,3120.0,16.3019466623923,182.05226568257135,,,,False,False,not_attempted,0,0,0,0,3,0,0.0,140.66952561605441,1976.0,False,,,False,1,0
proposed,static_live,52,3120.0,52.0,10,recovering,recovering,30 42 51 81,2227,1.0845986984815619,0.922,0.88,34.613545865202205,18.866666666666667,1,0,1,0.09333333333333332,0.09333333333333332,141.8847893198238,60.0,3180.0,0.0,0.0,0.0,1139.5955789000727,0.0,0.0,141.8847893198238,3180.0,14.845652937331984,81.84868277849249,,,,False,False,not_attempted,0,0,0,0,0,0,0.0,140.57619228272108,1976.0,False,,,False,0,0
proposed,static_live,53,3180.0,53.0,10,recovering,recovering,30 42 51 81,2227,1.0548523206751055,0.9480000000000001,0.92,34.672022337292695,18.883333333333333,1,1,0,14.323582279339186,14.323582279339186,156.20837159916297,98.00119003519605,3278.001190035196,0.0,0.0,0.0,1139.5955789000727,0.0,0.0,156.20837159916297,3278.001190035196,14.578069655337282,81.84868277849249,,,,False,False,not_attempted,0,0,0,0,150,37,0.24666666666666667,137.86681545035051,1976.0,True,,,False,0,0
proposed,static_frozen,0,0.0,0.0,0,normal,initial,30 42 51 81,0,1.0,1.0,0.0,34.78037077224997,18.0,84,0,84,18.947812200580838,18.947812200580838,18.947812200580838,60.0,60.0,10.709383900044486,1128.8861950000282,1139.5955789000727,1139.5955789000727,0.0,0.0,18.947812200580838,60.0,124.98723160038621,2771.5048752969888,,,,False,False,initial_plan,0,0,0,0,123,0,0.0,177.2717760608753,0.0,False,,,True,10,10
proposed,static_frozen,1,60.0,1.0,0,normal,normal,30 42 51 81,0,1.0,1.0,0.0,34.78037077224997,18.016666666666666,84,0,84,3.6431287464134887,3.6431287464134887,22.590940946994326,60.0,120.0,0.0,0.0,0.0,1139.5955789000727,0.0,0.0,22.590940946994326,120.0,105.50890338066785,2707.1370397431347,,,,False,False,not_attempted,0,0,0,0,83,0,0.0,176.43141531177028,0.0,False,,,False,9,10
proposed,static_frozen,2,120.0,2.0,0,normal,normal,30 42 51 81,0,1.0,1.0,0.0,34.78037077224997,18.033333333333335,84,3,81,2.150613593169741,0.716871197723247,24.741554540164067,60.0,180.0,0.0,0.0,0.0,1139.5955789000727,0.0,0.0,24.741554540164067,180.0,101.10086336244001,2575.1489099165824,,,,False,False,not_attempted,0,0,0,0,49,0,0.0,176.33808197843695,215.0,False,,,False,8,7
proposed,static_frozen,3,180.0,3.0,0,normal,normal,30 42 51 81,0,1.0,1.0,0.0,34.78037077224997,18.05,81,3,78,3.271356097706687,1.0904520325688958,28.012910637870753,60.0,240.0,0.0,0.0,0.0,1139.5955789000727,0.0,0.0,28.012910637870753,240.0,99.24169389457438,2575.1489099165824,,,,False,False,not_attempted,0,0,0,0,57,0,0.0,176.08417388140913,215.0,False,,,False,8,4
proposed,static_frozen,4,240.0,4.0,0,normal,normal,30 42 51 81,0,1.0,1.0,0.0,34.78037077224997,18.066666666666666,78,1,77,3.7024319427213226,3.7024319427213226,31.715342580592075,60.0,300.0,0.0,0.0,0.0,1139.5955789000727,0.0,0.0,31.715342580592075,300.0,96.4371557706104,2523.292639918653,,,,False,False,not_attempted,0,0,0,0,61,0,0.0,174.23595111138894,249.0,False,,,False,7,3
proposed,static_frozen,5,300.0,5.0,1,normal,normal,30 42 51 81,0,1.0,1.0,0.0,34.78037077224997,18.083333333333332,77,2,75,2.7190972354339418,1.3595486177169709,34.434439816026014,60.0,360.0,0.0,0.0,0.0,1139.5955789000727,0.0,0.0,34.434439816026014,360.0,92.79090225860935,2353.701123446594,,,,False,False,not_attempted,0,0,0,0,41,0,0.0,174.1426177780556,402.0,False,,,False,7,3
proposed,static_frozen,6,360.0,6.0,1,normal,normal,30 42 51 81,0,1.0,1.0,0.0,34.78037077224997,18.1,75,3,72,4.611279417259635,1.5370931390865452,39.04571923328565,60.0,420.0,0.0,0.0,0.0,1139.5955789000727,0.0,0.0,39.04571923328565,420.0,90.05551392370413,2353.701123446594,,,,False,False,not_attempted,0,0,0,0,41,0,0.0,173.80269504982573,402.0,False,,,False,7,2
proposed,static_frozen,7,420.0,7.0,1,normal,normal,30 42 51 81,0,1.0,1.0,0.0,34.78037077224997,18.116666666666667,72,1,71,5.191142058140224,5.191142058140224,44.236861291425875,60.0,480.0,0.0,0.0,0.0,1139.5955789000727,0.0,0.0,44.236861291425875,480.0,85.29960763845678,2350.428994697508,,,,False,False,not_attempted,0,0,0,0,51,0,0.0,171.7315048732715,402.0,False,,,False,7,1
proposed,static_frozen,8,480.0,8.0,1,normal,normal,30 42 51 81,0,1.0,1.0,0.0,34.78037077224997,18.133333333333333,71,2,69,2.4943949123933358,1.2471974561966679,46.731256203819214,60.0,540.0,0.0,0.0,0.0,1139.5955789000727,0.0,0.0,46.731256203819214,540.0,79.97940923294234,2176.3863390623183,,,,False,False,not_attempted,0,0,0,0,19,0,0.0,171.63817153993816,422.0,False,,,False,7,0
proposed,static_frozen,9,540.0,9.0,1,normal,normal,30 42 51 81,0,1.0,1.0,0.0,34.78037077224997,18.15,69,4,65,2.2682353970901716,0.5670588492725429,48.99949160090939,60.0,600.0,0.0,0.0,0.0,1139.5955789000727,0.0,0.0,48.99949160090939,600.0,77.62879857543831,2176.3863390623183,,,,False,False,not_attempted,0,0,0,0,19,0,0.0,171.54640459197284,574.0,False,,,False,7,0
proposed,static_frozen,10,600.0,10.0,2,degrading,degrading,30 42 51 81,0,1.0,1.0,0.0,34.78037077224997,18.166666666666668,65,1,64,2.2646830485948937,2.2646830485948937,51.264174649504284,60.0,660.0,0.0,0.0,0.0,1139.5955789000727,0.0,0.0,51.264174649504284,660.0,75.37762181306358,2157.509480549697,,,,False,False,not_attempted,0,0,0,0,29,0,0.0,171.29011539682318,574.0,False,,,False,7,0
proposed,static_frozen,11,660.0,11.0,2,degrading,degrading,30 42 51 81,2227,1.06951871657754,0.935,0.0,34.64316594981709,18.183333333333334,64,2,62,3.094187543110882,1.547093771555441,54.35836219261517,60.0,720.0,0.0,0.0,0.0,1139.5955789000727,0.0,0.0,54.35836219261517,720.0,76.00068380290205,2027.8409216876005,,,,False,False,not_attempted,0,0,0,0,40,1,0.025,171.19678206348985,700.0,False,,,False,7,0
proposed,static_frozen,12,720.0,12.0,2,degrading,degrading,30 42 51 81,2227,1.1494252873563218,0.87,0.0,34.48678831955742,18.2,62,3,59,3.7480131518565534,1.2493377172855178,58.10637534447172,60.0,780.0,0.0,0.0,0.0,1139.5955789000727,0.0,0.0,58.10637534447172,780.0,76.17796770941648,2044.7165811469456,,,,False,False,not_attempted,0,0,0,0,39,11,0.28205128205128205,169.78970875310245,791.0,False,,,False,7,0
proposed,static_frozen,13,780.0,13.0,2,degrading,degrading,30 42 51 81,2227,1.2422360248447206,0.8049999999999999,0.0,34.30692006739202,18.216666666666665,59,1,58,3.86128939912773,3.86128939912773,61.96766474359945,60.0,840.0,0.0,0.0,0.0,1139.5955789000727,0.0,0.0,61.96766474359945,840.0,75.74641052783257,2037.4297549273772,,,,False,False,not_attempted,0,0,0,0,48,9,0.1875,168.3098216043693,791.0,False,,,False,7,0
proposed,static_frozen,14,840.0,14.0,2,degrading,degrading,30 42 51 81,2227,1.3513513513513513,0.74,0.0,34.09783830938845,18.233333333333334,58,2,56,1.9464852691453858,0.9732426345726929,63.914150012744834,60.0,900.0,0.0,0.0,0.0,1139.5955789000727,0.0,0.0,63.914150012744834,900.0,76.21562968887542,2053.359074734238,,,,False,False,not_attempted,0,0,0,0,43,0,0.0,167.83591028427398,848.0,False,,,False,7,0
proposed,static_frozen,15,900.0,15.0,3,degrading,degrading,30 42 51 81,2227,1.4814814814814814,0.675,0.0,33.851796877256575,18.25,56,1,55,1.65993283848747,1.65993283848747,65.5740828512323,60.0,960.0,0.0,0.0,0.0,1139.5955789000727,0.0,0.0,65.5740828512323,960.0,78.65648804304804,1939.3951117914232,,,,False,False,not_attempted,0,0,0,0,30,0,0.0,167.74257695094065,848.0,False,,,False,7,0
proposed,static_frozen,16,960.0,16.0,3,degrading,degrading,30 42 51 81,2227,1.639344262295082,0.61,0.0,33.55804547919766,18.266666666666666,55,3,52,2.35172761260599,0.7839092042019966,67.92581046383829,60.0,1020.0,0.0,0.0,0.0,1139.5955789000727,0.0,0.0,67.92581046383829,1020.0,82.30483486294126,1969.4155174218552,,,,False,False,not_attempted,0,0,0,0,30,2,0.06666666666666667,166.7698722566352,907.0,False,,,False,7,0
proposed,static_frozen,17,1020.0,17.0,3,degrading,degrading,30 42 51 81,2227,1.8348623853211008,0.545,0.0,33.20121701570619,18.283333333333335,52,4,48,3.8748798725973037,0.9687199681493259,71.8006903364356,60.0,1080.0,0.0,0.0,0.0,1139.5955789000727,0.0,0.0,71.8006903364356,1080.0,86.40958875450775,2181.239412047637,,,,False,False,not_attempted,0,0,0,0,43,0,0.0,166.14211438819146,930.0,False,,,False,7,0
proposed,static_frozen,18,1080.0,18.0,3,degrading,degrading,30 42 51 81,2227,2.0833333333333335,0.48,0.0,32.75855106933444,18.3,48,1,47,3.5950467618471693,3.5950467618471693,75.39573709828277,60.0,1140.0,0.0,0.0,0.0,1139.5955789000727,0.0,0.0,75.39573709828277,1140.0,88.49665722245771,2167.7773830616943,,,,False,False,not_attempted,0,0,0,0,33,5,0.15151515151515152,166.04878105485813,930.0,False,,,False,7,0
proposed,static_frozen,19,1140.0,19.0,3,degrading,degrading,30 42 51 81,2227,2.409638554216868,0.4149999999999999,0.0,32.194839714285706,18.316666666666666,47,2,45,1.736281684325676,0.868140842162838,77.13201878260844,60.0,1200.0,0.0,0.0,0.0,1139.5955789000727,0.0,0.0,77.13201878260844,1200.0,92.29622466078247,2221.569447190734,,,,False,False,not_attempted,0,0,0,0,7,0,0.0,165.42936108739778,988.0,False,,,False,7,0
proposed,static_frozen,20,1200.0,20.0,4,disrupted,holding,30 42 51 81,2227,2.857142857142857,0.35,0.0,31.452570520598588,18.333333333333332,45,4,41,1.0472335516730975,0.2618083879182744,78.17925233428154,60.0,1260.0,0.0,0.0,0.0,1139.5955789000727,0.0,0.0,78.17925233428154,1260.0,99.95175866110685,2157.479190628135,,,,False,False,not_attempted,0,0,0,0,31,0,0.0,165.33602775406445,1072.0,False,,,False,7,0
proposed,static_frozen,21,1260.0,21.0,4,disrupted,disrupted,30 42 51 81,2227,2.857142857142857,0.35,0.0,31.452570520598588,18.35,41,3,38,3.2617342170009453,1.087244739000315,81.44098655128249,60.0,1320.0,0.0,0.0,0.0,1139.5955789000727,0.0,0.0,81.44098655128249,1320.0,99.03906023192039,2157.479190628135,,,,False,False,not_attempted,0,0,0,0,20,4,0.2,165.0209883051059,1171.0,False,,,False,6,0
proposed,static_frozen,22,1320.0,22.0,4,disrupted,disrupted,30 42 51 81,2227,2.857142857142857,0.35,0.0,31.452570520598588,18.366666666666667,38,2,36,3.253641537740555,1.6268207688702776,84.69462808902304,60.0,1380.0,0.0,0.0,0.0,1139.5955789000727,0.0,0.0,84.69462808902304,1380.0,95.98057840491704,2122.075071635,,,,False,False,not_attempted,0,0,0,0,40,4,0.1,164.71604016529596,1215.0,False,,,False,6,0
proposed,static_frozen,23,1380.0,23.0,4,disrupted,disrupted,30 42 51 81,2227,2.857142857142857,0.35,0.0,31.452570520598588,18.383333333333333,36,1,35,1.055546844778119,1.055546844778119,85.75017493380116,60.0,1440.0,0.0,0.0,0.0,1139.5955789000727,0.0,0.0,85.75017493380116,1440.0,93.36543440417744,1990.9167697356386,,,,False,False,not_attempted,0,0,0,0,16,0,0.0,164.62270683196263,1215.0,False,,,False,6,0
proposed,static_frozen,24,1440.0,24.0,4,disrupted,disrupted,30 42 51 81,2227,2.857142857142857,0.35,0.0,31.452570520598588,18.4,35,3,32,1.455947630195341,0.4853158767317803,87.2061225639965,60.0,1500.0,0.0,0.0,0.0,1139.5955789000727,0.0,0.0,87.2061225639965,1500.0,92.34019384084453,1990.9167697356386,,,,False,False,not_attempted,0,0,0,0,9,2,0.2222222222222222,163.95788471624894,1215.0,False,,,False,6,0
proposed,static_frozen,25,1500.0,25.0,5,disrupted,disrupted,30 42 51 81,2227,2.857142857142857,0.35,0.0,31.452570520598588,18.416666666666668,32,2,30,5.716022397558157,2.8580111987790784,92.92214496155466,60.0,1560.0,0.0,0.0,0.0,1139.5955789000727,0.0,0.0,92.92214496155466,1560.0,91.23563681404634,1943.8112232544074,,,,False,False,not_attempted,0,0,0,0,57,9,0.15789473684210525,162.126994563472,1215.0,False,,,False,6,0
proposed,static_frozen,26,1560.0,26.0,5,disrupted,disrupted,30 42 51 81,2227,2.857142857142857,0.35,0.0,31.452570520598588,18.433333333333334,30,1,29,3.1534826075059024,3.1534826075059024,96.07562756906057,60.0,1620.0,0.0,0.0,0.0,1139.5955789000727,0.0,0.0,96.07562756906057,1620.0,87.55552086162663,1803.258442325661,,,,False,False,not_attempted,0,0,0,0,46,5,0.10869565217391304,160.01217853790538,1373.0,False,,,False,6,0
proposed,static_frozen,27,1620.0,27.0,5,disrupted,disrupted,30 42 51 81,2227,2.857142857142857,0.35,0.0,31.452570520598588,18.45,29,1,28,6.040601188768237,6.040601188768237,102.11622875782881,60.0,1680.0,0.0,0.0,0.0,1139.5955789000727,0.0,0.0,102.11622875782881,1680.0,84.37924235789194,1803.258442325661,,,,False,False,not_attempted,0,0,0,0,32,10,0.3125,158.1487238126778,1373.0,False,,,False,6,0
proposed,static_frozen,28,1680.0,28.0,5,disrupted,disrupted,30 42 51 81,2227,2.857142857142857,0.35,0.0,31.452570520598588,18.466666666666665,28,2,26,12.382620092022936,6.191310046011468,114.49884884985174,60.0,1740.0,0.0,0.0,0.0,1139.5955789000727,0.0,0.0,114.49884884985174,1740.0,82.57183817630687,1468.9383838010333,,,,False,False,not_attempted,0,0,0,0,29,10,0.3448275862068966,149.78393739425925,1419.0,False,,,False,6,0
proposed,static_frozen,29,1740.0,29.0,5,disrupted,disrupted,30 42 51 81,2227,2.857142857142857,0.35,0.0,31.452570520598588,18.483333333333334,26,1,25,2.8049757789541783,2.8049757789541783,117.30382462880591,60.0,1800.0,0.0,0.0,0.0,1139.5955789000727,0.0,0.0,117.30382462880591,1800.0,69.99826815097293,1394.791598337534,,,,False,False,not_attempted,0,0,0,0,12,4,0.3333333333333333,147.50655932137863,1419.0,False,,,False,6,0
proposed,static_frozen,30,1800.0,30.0,6,recovering,recovering,30 42 51 81,2227,2.857142857142857,0.35,0.0,31.452570520598588,18.5,25,4,21,4.568226004306895,1.1420565010767239,121.8720506331128,60.0,1860.0,0.0,0.0,0.0,1139.5955789000727,0.0,0.0,121.8720506331128,1860.0,67.71362031476495,1240.9897094336095,,,,False,False,not_attempted,0,0,0,0,32,6,0.1875,147.4132259880453,1669.0,False,,,False,6,0
proposed,static_frozen,31,1860.0,31.0,6,recovering,recovering,30 42 51 81,2227,2.6595744680851063,0.376,0.04,31.77601131408416,18.516666666666666,21,1,20,2.7856996742196913,2.7856996742196913,124.65775030733249,60.0,1920.0,0.0,0.0,0.0,1139.5955789000727,0.0,0.0,124.65775030733249,1920.0,60.080091503420846,1227.1329789776507,,,,False,False,not_attempted,0,0,0,0,16,2,0.125,146.99983857786182,1669.0,False,,,False,6,0
proposed,static_frozen,32,1920.0,32.0,6,recovering,recovering,30 42 51 81,2227,2.4875621890547266,0.40199999999999997,0.08,32.063080038424864,18.533333333333335,20,1,19,2.4535418688766564,2.4535418688766564,127.11129217620915,60.0,1980.0,0.0,0.0,0.0,1139.5955789000727,0.0,0.0,127.11129217620915,1980.0,55.425376524232476,1196.6158108132242,,,,False,False,not_attempted,0,0,0,0,3,2,0.6666666666666666,145.10009793946358,1669.0,False,,,False,6,0
proposed,static_frozen,33,1980.0,33.0,6,recovering,recovering,30 42 51 81,2227,2.336448598130841,0.428,0.12,32.31958534492627,18.55,19,4,15,4.458515254914101,1.1146288137285252,131.56980743112325,60.0,2040.0,0.0,0.0,0.0,1139.5955789000727,0.0,0.0,131.56980743112325,2040.0,51.81408579686378,1031.9019165727254,,,,False,False,not_attempted,0,0,0,0,41,9,0.21951219512195122,145.00676460613025,1820.0,False,,,False,6,0
proposed,static_frozen,34,2040.0,34.0,6,recovering,recovering,30 42 51 81,2227,2.2026431718061676,0.45399999999999996,0.16,32.55016153739909,18.566666666666666,15,2,13,3.396422763987654,1.698211381993827,134.9662301951109,60.0,2100.0,0.0,0.0,0.0,1139.5955789000727,0.0,0.0,134.9662301951109,2100.0,45.5857392317022,1025.527801953656,,,,False,False,not_attempted,0,0,0,0,21,6,0.2857142857142857,144.72045753803351,1820.0,False,,,False,6,0
proposed,static_frozen,35,2100.0,35.0,7,recovering,recovering,30 42 51 81,2227,2.0833333333333335,0.48,0.2,32.75855106933444,18.583333333333332,13,0,13,3.8513337825063156,3.8513337825063156,138.81756397761723,60.0,2160.0,0.0,0.0,0.0,1139.5955789000727,0.0,0.0,138.81756397761723,2160.0,41.059620084786665,985.6746686522172,,,,False,False,not_attempted,0,0,0,0,7,5,0.7142857142857143,142.99410707335136,1820.0,False,,,False,6,0
proposed,static_frozen,36,2160.0,36.0,7,recovering,recovering,30 42 51 81,2227,1.976284584980237,0.506,0.24,32.94780923645322,18.6,13,2,11,1.6417612878129677,0.8208806439064839,140.45932526543018,60.0,2220.0,0.0,0.0,0.0,1139.5955789000727,0.0,0.0,140.45932526543018,2220.0,36.8653515539863,838.0839819189023,,,,False,False,not_attempted,0,0,0,0,6,4,0.6666666666666666,142.90077374001802,1866.0,False,,,False,3,0
proposed,static_frozen,37,2220.0,37.0,7,recovering,recovering,30 42 51 81,2227,1.8796992481203008,0.532,0.28,33.120454967615515,18.616666666666667,11,4,7,0.8414740482467631,0.21036851206169077,141.30079931367695,60.0,2280.0,0.0,0.0,0.0,1139.5955789000727,0.0,0.0,141.30079931367695,2280.0,34.93229361590771,755.6569138073862,,,,False,False,not_attempted,0,0,0,0,9,1,0.1111111111111111,142.42963232863576,1966.0,False,,,False,3,0
proposed,static_frozen,38,2280.0,38.0,7,recovering,recovering,30 42 51 81,2227,1.7921146953405016,0.558,0.32,33.27858357743186,18.633333333333333,7,1,6,3.5606469186677367,3.5606469186677367,144.8614462323447,60.0,2340.0,0.0,0.0,0.0,1139.5955789000727,0.0,0.0,144.8614462323447,2340.0,33.25186357500139,734.7426735181243,,,,False,False,not_attempted,0,0,0,0,10,10,1.0,140.24644132432778,1966.0,False,,,False,2,0
proposed,static_frozen,39,2340.0,39.0,7,recovering,recovering,30 42 51 81,2227,1.7123287671232879,0.584,0.36,33.42395222363892,18.65,6,1,5,3.7265576723995277,3.7265576723995277,148.58800390474423,60.0,2400.0,0.0,0.0,0.0,1139.5955789000727,0.0,0.0,148.58800390474423,2400.0,29.31810426253441,678.3349700740434,,,,False,False,not_attempted,0,0,0,0,17,6,0.35294117647058826,137.39146403187408,1976.0,False,,,False,2,0
proposed,static_frozen,40,2400.0,40.0,8,recovering,recovering,30 42 51 81,2227,1.639344262295082,0.61,0.4,33.55804547919766,18.666666666666668,5,0,5,0.2809443978846106,0.2809443978846106,148.86894830262884,60.0,2460.0,0.0,0.0,0.0,1139.5955789000727,0.0,0.0,148.86894830262884,2460.0,24.959303569927293,509.65685232888626,,,,False,False,not_attempted,0,0,0,0,12,0,0.0,137.29813069854075,1976.0,False,,,False,2,0
proposed,static_frozen,41,2460.0,41.0,8,recovering,recovering,30 42 51 81,2227,1.572327044025157,0.636,0.44,33.68212621591513,18.683333333333334,5,1,4,0.6241619143278685,0.6241619143278685,149.4931102169567,60.0,2520.0,0.0,0.0,0.0,1139.5955789000727,0.0,0.0,149.4931102169567,2520.0,23.976116849027555,509.65685232888626,,,,False,False,not_attempted,0,0,0,0,4,0,0.0,136.76730211754622,1976.0,False,,,False,1,0
proposed,static_frozen,42,2520.0,42.0,8,recovering,recovering,30 42 51 81,2227,1.5105740181268883,0.6619999999999999,0.48,33.79727550010811,18.7,4,1,3,1.040312917302243,1.040312917302243,150.53342313425892,60.0,2580.0,0.0,0.0,0.0,1139.5955789000727,0.0,0.0,150.53342313425892,2580.0,22.882370052671263,496.7045365741072,,,,False,False,not_attempted,0,0,0,0,3,0,0.0,135.80748261301906,1976.0,False,,,False,1,0
proposed,static_frozen,43,2580.0,43.0,8,recovering,recovering,30 42 51 81,2227,1.4534883720930234,0.688,0.52,33.904424172373204,18.716666666666665,3,0,3,0.09333333333333332,0.09333333333333332,150.62675646759226,60.0,2640.0,0.0,0.0,0.0,1139.5955789000727,0.0,0.0,150.62675646759226,2640.0,21.331066077484635,351.7498966281673,,,,False,False,not_attempted,0,0,0,0,0,0,0.0,135.71414927968573,1976.0,False,,,False,1,0
proposed,static_frozen,44,2640.0,44.0,8,recovering,recovering,30 42 51 81,2227,1.400560224089636,0.714,0.56,34.00437806583756,18.733333333333334,3,1,2,0.9629912977700142,0.9629912977700142,151.58974776536226,60.0,2700.0,0.0,0.0,0.0,1139.5955789000727,0.0,0.0,151.58974776536226,2700.0,20.841476321075426,351.7498966281673,,,,False,False,not_attempted,0,0,0,0,4,0,0.0,134.75115798191572,1976.0,False,,,False,1,0
proposed,static_frozen,45,2700.0,45.0,9,recovering,recovering,30 42 51 81,2227,1.3513513513513513,0.74,0.6,34.09783830938845,18.75,2,0,2,0.09333333333333332,0.09333333333333332,151.6830810986956,60.0,2760.0,0.0,0.0,0.0,1139.5955789000727,0.0,0.0,151.6830810986956,2760.0,19.280276390165657,199.94920782218168,,,,False,False,not_attempted,0,0,0,0,0,0,0.0,134.6578246485824,1976.0,False,,,False,1,0
proposed,static_frozen,46,2760.0,46.0,9,recovering,recovering,30 42 51 81,2227,1.3054830287206267,0.766,0.64,34.18541779831154,18.766666666666666,2,1,1,0.16207678372769785,0.16207678372769785,151.84515788242328,60.0,2820.0,0.0,0.0,0.0,1139.5955789000727,0.0,0.0,151.84515788242328,2820.0,18.858156443596503,199.94920782218168,,,,False,False,not_attempted,0,0,0,0,1,0,0.0,134.49574786485468,1976.0,False,,,False,1,0
proposed,static_frozen,47,2820.0,47.0,9,recovering,recovering,30 42 51 81,2227,1.2626262626262625,0.792,0.68,34.26765465063994,18.783333333333335,1,0,1,1.8046166954982275,1.8046166954982275,153.6497745779215,60.0,2880.0,0.0,0.0,0.0,1139.5955789000727,0.0,0.0,153.6497745779215,2880.0,17.635423154325707,182.05226568257135,,,,False,False,not_attempted,0,0,0,0,3,0,0.0,132.69113116935648,1976.0,False,,,False,1,0
proposed,static_frozen,48,2880.0,48.0,9,recovering,recovering,30 42 51 81,2227,1.2224938875305624,0.818,0.72,34.345023273750066,18.8,1,0,1,0.09333333333333332,0.09333333333333332,153.74310791125484,60.0,2940.0,0.0,0.0,0.0,1139.5955789000727,0.0,0.0,153.74310791125484,2940.0,16.096602119752145,87.48853698308473,,,,False,False,not_attempted,0,0,0,0,0,0,0.0,132.59779783602315,1976.0,False,,,False,0,0
proposed,static_frozen,49,2940.0,49.0,9,recovering,recovering,30 42 51 81,2227,1.1848341232227486,0.8440000000000001,0.76,34.417943522107606,18.816666666666666,1,1,0,15.414469632987984,15.414469632987984,169.15757754424283,103.93718428191626,3043.9371842819164,0.0,0.0,0.0,1139.5955789000727,0.0,0.0,169.15757754424283,3043.9371842819164,15.753493155195864,85.57799631128206,,,,False,False,not_attempted,0,0,0,0,150,41,0.2733333333333333,129.88127501708723,1976.0,True,,,False,0,0
nn,adaptive,0,0.0,0.0,0,normal,initial,30 42 51 81,0,1.0,1.0,0.0,34.78037077224997,18.0,84,0,84,16.660400703942315,16.660400703942315,16.660400703942315,60.0,60.0,9.957765099941753,0.252319399965927,10.21008449990768,10.21008449990768,0.0,0.0,16.660400703942315,60.0,162.58793156149096,2761.487785832027,,,,False,False,initial_plan,0,0,0,0,97,0,0.0,177.83388229329896,0.0,False,,,True,10,10
nn,adaptive,1,60.0,1.0,0,normal,normal,30 42 51 81,0,1.0,1.0,0.0,34.78037077224997,18.016666666666666,84,0,84,2.671835477730445,2.671835477730445,19.332236181672762,60.0,120.0,0.0,0.0,0.0,10.21008449990768,0.0,0.0,19.332236181672762,120.0,144.89809698360446,2603.2770542730404,,,,False,False,not_attempted,0,0,0,0,24,0,0.0,177.65141542411558,0.0,False,,,False,9,10
nn,adaptive,2,120.0,2.0,0,normal,normal,30 42 51 81,0,1.0,1.0,0.0,34.78037077224997,18.033333333333335,84,6,78,2.2336491502253266,0.37227485837088775,21.565885331898087,60.0,180.0,0.0,0.0,0.0,10.21008449990768,0.0,0.0,21.565885331898087,180.0,142.35879798598543,2603.2770542730404,,,,False,False,not_attempted,0,0,0,0,25,0,0.0,177.33697396192156,239.0,False,,,False,9,4
nn,adaptive,3,180.0,3.0,0,normal,normal,30 42 51 81,0,1.0,1.0,0.0,34.78037077224997,18.05,78,4,74,4.632857667324735,1.1582144168311836,26.198742999222823,60.0,240.0,0.0,0.0,0.0,10.21008449990768,0.0,0.0,26.198742999222823,240.0,140.51455427701427,2575.2504365841983,,,,False,False,not_attempted,0,0,0,0,75,0,0.0,176.58965573332028,239.0,False,,,False,9,0
nn,adaptive,4,240.0,4.0,0,normal,normal,30 42 51 81,0,1.0,1.0,0.0,34.78037077224997,18.066666666666666,74,0,74,2.1890984112485845,2.1890984112485845,28.387841410471406,60.0,300.0,0.0,0.0,0.0,10.21008449990768,0.0,0.0,28.387841410471406,300.0,135.7776609100203,2453.4542174026838,,,,False,False,not_attempted,0,0,0,0,38,0,0.0,176.38162922177597,239.0,False,,,False,9,0
nn,adaptive,5,300.0,5.0,1,normal,normal,30 42 51 81,0,1.0,1.0,0.0,34.78037077224997,18.083333333333332,74,3,71,4.763597379502395,1.587865793167465,33.1514387899738,60.0,360.0,10.213383399997838,0.17381169996224344,10.387195099960081,20.59727959986776,0.0,0.0,33.1514387899738,360.0,128.7959290546367,2784.3357844494485,133.8378687044175,128.7959290546367,5.041939649780801,True,True,lower_residual_energy,2,25,2,25,105,0,0.0,175.72436508422112,402.0,False,,,True,9,0
nn,adaptive,6,360.0,6.0,1,normal,normal,30 42 51 81,0,1.0,1.0,0.0,34.78037077224997,18.1,71,2,69,4.485811166703238,2.242905583351619,37.63724995667704,60.0,420.0,0.0,0.0,0.0,20.59727959986776,0.0,0.0,37.63724995667704,420.0,123.61361357332132,2717.1313092372607,,,,False,False,not_attempted,0,0,0,0,59,0,0.0,173.98774183949396,422.0,False,,,False,9,0
nn,adaptive,7,420.0,7.0,1,normal,normal,30 42 51 81,0,1.0,1.0,0.0,34.78037077224997,18.116666666666667,69,3,66,2.9812824839435574,0.9937608279811858,40.6185324406206,60.0,480.0,0.0,0.0,0.0,20.59727959986776,0.0,0.0,40.6185324406206,480.0,118.92085678662227,2561.270737883113,,,,False,False,not_attempted,0,0,0,0,37,0,0.0,172.73804103501027,477.0,False,,,False,8,0
nn,adaptive,8,480.0,8.0,1,normal,normal,30 42 51 81,0,1.0,1.0,0.0,34.78037077224997,18.133333333333333,66,4,62,2.178098861828392,0.544524715457098,42.796631302448986,60.0,540.0,0.0,0.0,0.0,20.59727959986776,0.0,0.0,42.796631302448986,540.0,116.30503232303343,2561.270737883113,,,,False,False,not_attempted,0,0,0,0,45,0,0.0,172.64470770167694,647.0,False,,,False,8,0
nn,adaptive,9,540.0,9.0,1,normal,normal,30 42 51 81,0,1.0,1.0,0.0,34.78037077224997,18.15,62,2,60,1.8453221570217784,0.9226610785108892,44.64195345947076,60.0,600.0,0.0,0.0,0.0,20.59727959986776,0.0,0.0,44.64195345947076,600.0,114.16194557950111,2541.1547650102475,,,,False,False,not_attempted,0,0,0,0,56,0,0.0,172.53888579406538,647.0,False,,,False,7,0
nn,adaptive,10,600.0,10.0,2,degrading,degrading,30 42 51 81,0,1.0,1.0,0.0,34.78037077224997,18.166666666666668,60,3,57,3.0870488429308645,1.0290162809769547,47.729002302401625,60.0,660.0,5.759997293353081e-05,0.11016239994205534,0.11021999991498888,20.70749959978275,0.0,0.0,47.729002302401625,660.0,112.11863421063464,2395.4798719351247,112.11863421063464,113.9377236595066,-1.8190894488719636,True,False,incumbent_not_worse,5,31,0,0,64,0,0.0,172.28418379893967,647.0,False,,,True,7,0
nn,adaptive,11,660.0,11.0,2,degrading,degrading,30 42 51 81,2227,1.06951871657754,0.935,0.0,34.64316594981709,18.183333333333334,57,2,55,1.5478025593249531,0.7739012796624766,49.276804861726575,60.0,720.0,0.0,0.0,0.0,20.70749959978275,0.0,0.0,49.276804861726575,720.0,114.45738727101931,2404.8919558977072,,,,False,False,not_attempted,0,0,0,0,42,4,0.09523809523809523,172.2499756154787,659.0,False,,,False,7,0
nn,adaptive,12,720.0,12.0,2,degrading,degrading,30 42 51 81,2227,1.1494252873563218,0.87,0.0,34.48678831955742,18.2,55,1,54,0.9551948370376433,0.9551948370376433,50.23199969876422,60.0,780.0,0.0,0.0,0.0,20.70749959978275,0.0,0.0,50.23199969876422,780.0,117.47877027092233,2268.283146047431,,,,False,False,not_attempted,0,0,0,0,26,0,0.0,172.0431283184309,743.0,False,,,False,7,0
nn,adaptive,13,780.0,13.0,2,degrading,degrading,30 42 51 81,2227,1.2422360248447206,0.8049999999999999,0.0,34.30692006739202,18.216666666666665,54,4,50,3.5704909551956034,0.8926227387989009,53.80249065395982,60.0,840.0,0.0,0.0,0.0,20.70749959978275,0.0,0.0,53.80249065395982,840.0,122.18834607502329,2278.3585730746204,,,,False,False,not_attempted,0,0,0,0,43,8,0.18604651162790697,171.06531426806038,843.0,False,,,False,7,0
nn,adaptive,14,840.0,14.0,2,degrading,degrading,30 42 51 81,2227,1.3513513513513513,0.74,0.0,34.09783830938845,18.233333333333334,50,0,50,3.342944488403365,3.342944488403365,57.14543514236318,60.0,900.0,0.0,0.0,0.0,20.70749959978275,0.0,0.0,57.14543514236318,900.0,124.12057768315877,2291.5900705121094,,,,False,False,not_attempted,0,0,0,0,60,0,0.0,169.89259805939562,843.0,False,,,False,7,0
nn,adaptive,15,900.0,15.0,3,degrading,degrading,30 42 51 81,2227,1.4814814814814814,0.675,0.0,33.851796877256575,18.25,50,2,48,2.696829169391822,1.348414584695911,59.842264311755,60.0,960.0,10.173598299967125,0.07647650002036244,10.250074799987487,30.957574399770238,0.0,0.0,59.842264311755,960.0,126.60344354734441,2155.9051566643548,127.2288917884675,126.60344354734441,0.6254482411230811,True,True,lower_residual_energy,2,5,2,5,28,6,0.21428571428571427,169.40326153975036,853.0,False,,,True,8,0
nn,adaptive,16,960.0,16.0,3,degrading,degrading,30 42 51 81,2227,1.639344262295082,0.61,0.0,33.55804547919766,18.266666666666666,48,2,46,3.010203908212338,1.505101954106169,62.85246821996734,60.0,1020.0,0.0,0.0,0.0,30.957574399770238,0.0,0.0,62.85246821996734,1020.0,129.54592502802646,2035.9051566643548,,,,False,False,not_attempted,0,0,0,0,24,1,0.041666666666666664,168.55907695505223,1087.0,False,,,False,8,0
nn,adaptive,17,1020.0,17.0,3,degrading,degrading,30 42 51 81,2227,1.8348623853211008,0.545,0.0,33.20121701570619,18.283333333333335,46,4,42,3.5249991095668487,0.8812497773917122,66.37746732953418,60.0,1080.0,0.0,0.0,0.0,30.957574399770238,0.0,0.0,66.37746732953418,1080.0,133.61197364628995,2035.9051566643548,,,,False,False,not_attempted,0,0,0,0,62,0,0.0,167.9479228924343,1087.0,False,,,False,8,0
nn,adaptive,18,1080.0,18.0,3,degrading,degrading,30 42 51 81,2227,2.0833333333333335,0.48,0.0,32.75855106933444,18.3,42,1,41,4.36830155057514,4.36830155057514,70.74576888010932,60.0,1140.0,0.0,0.0,0.0,30.957574399770238,0.0,0.0,70.74576888010932,1140.0,138.17960809817677,1866.9629627918998,,,,False,False,not_attempted,0,0,0,0,31,2,0.06451612903225806,166.86024954364674,1087.0,False,,,False,8,0
nn,adaptive,19,1140.0,19.0,3,degrading,degrading,30 42 51 81,2227,2.409638554216868,0.4149999999999999,0.0,32.194839714285706,18.316666666666666,41,3,38,3.761462855944711,1.2538209519815704,74.50723173605404,60.0,1200.0,0.0,0.0,0.0,30.957574399770238,0.0,0.0,74.50723173605404,1200.0,144.46734499197908,1866.9629627918998,,,,False,False,not_attempted,0,0,0,0,44,0,0.0,166.7669162103134,1138.0,False,,,False,8,0
nn,adaptive,20,1200.0,20.0,4,disrupted,holding,30 42 51 81,2227,2.857142857142857,0.35,0.0,31.452570520598588,18.333333333333332,38,3,35,2.9796816757211007,0.9932272252403669,77.48691341177513,60.0,1260.0,10.61292179999873,0.05658849992323667,10.669510299921967,41.627084699692205,0.0,0.0,77.48691341177513,1260.0,154.8353954479701,1855.5596257468937,154.8353954479701,161.29397639164046,-6.45858094367037,True,False,incumbent_not_worse,4,14,0,0,19,1,0.05263157894736842,166.18738902385866,1270.0,False,,,True,8,0
nn,adaptive,21,1260.0,21.0,4,disrupted,disrupted,30 42 51 81,2227,2.857142857142857,0.35,0.0,31.452570520598588,18.35,35,0,35,5.131661052743728,5.131661052743728,82.61857446451886,60.0,1320.0,0.0,0.0,0.0,41.627084699692205,0.0,0.0,82.61857446451886,1320.0,151.42505863638962,1784.8834935022546,,,,False,False,not_attempted,0,0,0,0,37,3,0.08108108108108109,163.93145132214312,1270.0,False,,,False,8,0
nn,adaptive,22,1320.0,22.0,4,disrupted,disrupted,30 42 51 81,2227,2.857142857142857,0.35,0.0,31.452570520598588,18.366666666666667,35,4,31,7.224553570986601,1.8061383927466503,89.84312803550546,60.0,1380.0,0.0,0.0,0.0,41.627084699692205,0.0,0.0,89.84312803550546,1380.0,146.2462665516451,1749.2850737672918,,,,False,False,not_attempted,0,0,0,0,59,1,0.01694915254237288,163.2515679353205,1351.0,False,,,False,8,0
nn,adaptive,23,1380.0,23.0,4,disrupted,disrupted,30 42 51 81,2227,2.857142857142857,0.35,0.0,31.452570520598588,18.383333333333333,31,0,31,3.744053449437408,3.744053449437408,93.58718148494286,60.0,1440.0,0.0,0.0,0.0,41.627084699692205,0.0,0.0,93.58718148494286,1440.0,139.0969719911986,1675.9534042805337,,,,False,False,not_attempted,0,0,0,0,13,2,0.15384615384615385,163.15823460198717,1351.0,False,,,False,7,0
nn,adaptive,24,1440.0,24.0,4,disrupted,disrupted,30 42 51 81,2227,2.857142857142857,0.35,0.0,31.452570520598588,18.4,31,3,28,4.583274711909577,1.5277582373031924,98.17045619685244,60.0,1500.0,0.0,0.0,0.0,41.627084699692205,0.0,0.0,98.17045619685244,1500.0,136.11670277372,1595.7172083616938,,,,False,False,not_attempted,0,0,0,0,37,4,0.10810810810810811,162.45374272399147,1351.0,False,,,False,7,0
nn,adaptive,25,1500.0,25.0,5,disrupted,disrupted,30 42 51 81,2227,2.857142857142857,0.35,0.0,31.452570520598588,18.416666666666668,28,4,24,9.360150180699508,2.340037545174877,107.53060637755195,60.0,1560.0,5.5999960750341415e-05,0.0216622999869287,0.021718299947679043,41.648802999639884,0.0,0.0,107.53060637755195,1560.0,129.7515211043462,1555.3378496055007,131.60367970922545,129.7515211043462,1.8521586048792358,True,True,lower_residual_energy,4,8,4,8,37,5,0.13513513513513514,161.29488985485338,1567.0,False,,,True,8,0
nn,adaptive,26,1560.0,26.0,5,disrupted,disrupted,30 42 51 81,2227,2.857142857142857,0.35,0.0,31.452570520598588,18.433333333333334,24,1,23,5.839784191003779,5.839784191003779,113.37039056855572,60.0,1620.0,0.0,0.0,0.0,41.648802999639884,0.0,0.0,113.37039056855572,1620.0,119.99921548208967,1422.9954693891173,,,,False,False,not_attempted,0,0,0,0,32,4,0.125,160.82403273770697,1567.0,False,,,False,8,0
nn,adaptive,27,1620.0,27.0,5,disrupted,disrupted,30 42 51 81,2227,2.857142857142857,0.35,0.0,31.452570520598588,18.45,23,3,20,4.679486676414761,1.5598288921382537,118.04987724497047,60.0,1680.0,0.0,0.0,0.0,41.648802999639884,0.0,0.0,118.04987724497047,1680.0,114.57877484300107,1422.9954693891173,,,,False,False,not_attempted,0,0,0,0,45,0,0.0,160.73069940437364,1567.0,False,,,False,7,0
nn,adaptive,28,1680.0,28.0,5,disrupted,disrupted,30 42 51 81,2227,2.857142857142857,0.35,0.0,31.452570520598588,18.466666666666665,20,3,17,5.241125652755274,1.747041884251758,123.29100289772575,60.0,1740.0,0.0,0.0,0.0,41.648802999639884,0.0,0.0,123.29100289772575,1740.0,110.16233036293127,1376.4875698655605,,,,False,False,not_attempted,0,0,0,0,68,2,0.029411764705882353,160.6943393206519,1617.0,False,,,False,7,0
nn,adaptive,29,1740.0,29.0,5,disrupted,disrupted,30 42 51 81,2227,2.857142857142857,0.35,0.0,31.452570520598588,18.483333333333334,17,0,17,7.287365612550698,7.287365612550698,130.57836851027645,60.0,1800.0,0.0,0.0,0.0,41.648802999639884,0.0,0.0,130.57836851027645,1800.0,104.359868971577,1205.9348134713705,,,,False,False,not_attempted,0,0,0,0,22,6,0.2727272727272727,160.6943393206519,1617.0,False,,,False,7,0
nn,adaptive,30,1800.0,30.0,6,recovering,recovering,30 42 51 81,2227,2.857142857142857,0.35,0.0,31.452570520598588,18.5,17,2,15,3.3117122196234563,1.6558561098117281,133.8900807298999,60.0,1860.0,6.340001709759235e-05,0.005537899909541011,0.005601299926638603,41.65440429956652,0.0,0.0,133.8900807298999,1860.0,95.22433062030628,1205.9348134713705,95.22433062030628,95.22433062030628,0.0,True,False,incumbent_not_worse,0,0,0,0,13,0,0.0,160.6943393206519,1671.0,False,,,True,5,0
nn,adaptive,31,1860.0,31.0,6,recovering,recovering,30 42 51 81,2227,2.6595744680851063,0.376,0.04,31.77601131408416,18.516666666666666,15,4,11,5.949227423373888,1.487306855843472,139.83930815327378,60.0,1920.0,0.0,0.0,0.0,41.65440429956652,0.0,0.0,139.83930815327378,1920.0,90.55868470615219,1195.6656873988695,,,,False,False,not_attempted,0,0,0,0,32,7,0.21875,158.24585576105696,1678.0,False,,,False,5,0
nn,adaptive,32,1920.0,32.0,6,recovering,recovering,30 42 51 81,2227,2.4875621890547266,0.40199999999999997,0.08,32.063080038424864,18.533333333333335,11,1,10,3.825701538861035,3.825701538861035,143.66500969213482,60.0,1980.0,0.0,0.0,0.0,41.65440429956652,0.0,0.0,143.66500969213482,1980.0,81.00885856328433,1044.5885364603678,,,,False,False,not_attempted,0,0,0,0,8,8,1.0,156.1010412504299,1678.0,False,,,False,4,0
nn,adaptive,33,1980.0,33.0,6,recovering,recovering,30 42 51 81,2227,2.336448598130841,0.428,0.12,32.31958534492627,18.55,10,3,7,3.518872724171514,1.1729575747238379,147.18388241630632,60.0,2040.0,0.0,0.0,0.0,41.65440429956652,0.0,0.0,147.18388241630632,2040.0,75.22729352769909,1044.5885364603678,,,,False,False,not_attempted,0,0,0,0,20,7,0.35,156.00770791709655,1797.0,False,,,False,4,0
nn,adaptive,34,2040.0,34.0,6,recovering,recovering,30 42 51 81,2227,2.2026431718061676,0.45399999999999996,0.16,32.55016153739909,18.566666666666666,7,1,6,2.3193946511784893,2.3193946511784893,149.50327706748482,60.0,2100.0,0.0,0.0,0.0,41.65440429956652,0.0,0.0,149.50327706748482,2100.0,69.83631819359695,1016.6410070238221,,,,False,False,not_attempted,0,0,0,0,45,3,0.06666666666666667,155.10474720421007,1797.0,False,,,False,4,0
nn,adaptive,35,2100.0,35.0,7,recovering,recovering,30 42 51 81,2227,2.0833333333333335,0.48,0.2,32.75855106933444,18.583333333333332,6,0,6,1.2993583852241462,1.2993583852241462,150.80263545270896,60.0,2160.0,10.39616730005946,0.0012112000258639455,10.397378500085324,52.051782799651846,0.0,0.0,150.80263545270896,2160.0,66.04823454228182,954.9133059200869,66.04823454228182,66.04823454228182,0.0,True,False,incumbent_not_worse,0,0,0,0,8,1,0.125,154.50917306782432,1797.0,False,,,True,3,0
nn,adaptive,36,2160.0,36.0,7,recovering,recovering,30 42 51 81,2227,1.976284584980237,0.506,0.24,32.94780923645322,18.6,6,2,4,0.9506198991546727,0.47530994957733635,151.75325535186363,60.0,2220.0,0.0,0.0,0.0,52.051782799651846,0.0,0.0,151.75325535186363,2220.0,63.462613261366855,808.830092550242,,,,False,False,not_attempted,0,0,0,0,3,2,0.6666666666666666,154.415839734491,1797.0,False,,,False,2,0
nn,adaptive,37,2220.0,37.0,7,recovering,recovering,30 42 51 81,2227,1.8796992481203008,0.532,0.28,33.120454967615515,18.616666666666667,4,2,2,0.7122793513107828,0.3561396756553914,152.4655347031744,60.0,2280.0,0.0,0.0,0.0,52.051782799651846,0.0,0.0,152.4655347031744,2280.0,61.37657946924276,808.830092550242,,,,False,False,not_attempted,0,0,0,0,17,0,0.0,154.3891864578169,1898.0,False,,,False,1,0
nn,adaptive,38,2280.0,38.0,7,recovering,recovering,30 42 51 81,2227,1.7921146953405016,0.558,0.32,33.27858357743186,18.633333333333333,2,1,1,1.7791169700073557,1.7791169700073557,154.24465167318175,60.0,2340.0,0.0,0.0,0.0,52.051782799651846,0.0,0.0,154.24465167318175,2340.0,59.68553611943849,775.0741876852087,,,,False,False,not_attempted,0,0,0,0,10,0,0.0,154.3891864578169,1898.0,False,,,False,1,0
nn,adaptive,39,2340.0,39.0,7,recovering,recovering,30 42 51 81,2227,1.7123287671232879,0.584,0.36,33.42395222363892,18.65,1,0,1,0.2685244568886532,0.2685244568886532,154.5131761300704,60.0,2400.0,0.0,0.0,0.0,52.051782799651846,0.0,0.0,154.5131761300704,2400.0,56.98569975931252,702.608873927938,,,,False,False,not_attempted,0,0,0,0,2,0,0.0,154.3891864578169,1898.0,False,,,False,1,0
nn,adaptive,40,2400.0,40.0,8,recovering,recovering,30 42 51 81,2227,1.639344262295082,0.61,0.4,33.55804547919766,18.666666666666668,1,0,1,0.22262861923712765,0.22262861923712765,154.73580474930753,60.0,2460.0,10.057164099998772,0.00033920002169907093,10.057503300020471,62.10928609967232,0.0,0.0,154.73580474930753,2460.0,55.65633573683368,593.2917299914394,55.65633573683368,55.65633573683368,0.0,True,False,incumbent_not_worse,0,0,0,0,0,0,0.0,154.3891864578169,1898.0,False,,,True,1,0
nn,adaptive,41,2460.0,41.0,8,recovering,recovering,30 42 51 81,2227,1.572327044025157,0.636,0.44,33.68212621591513,18.683333333333334,1,0,1,0.10282710748439722,0.10282710748439722,154.83863185679192,60.0,2520.0,0.0,0.0,0.0,62.10928609967232,0.0,0.0,154.83863185679192,2520.0,54.82819091618441,593.2917299914394,,,,False,False,not_attempted,0,0,0,0,0,0,0.0,154.3891864578169,1898.0,False,,,False,1,0
nn,adaptive,42,2520.0,42.0,8,recovering,recovering,30 42 51 81,2227,1.5105740181268883,0.6619999999999999,0.48,33.79727550010811,18.7,1,0,1,0.09333333333333332,0.09333333333333332,154.93196519012525,60.0,2580.0,0.0,0.0,0.0,62.10928609967232,0.0,0.0,154.93196519012525,2580.0,53.86247895937378,498.8406052174747,,,,False,False,not_attempted,0,0,0,0,0,0,0.0,154.3891864578169,1898.0,False,,,False,0,0
nn,adaptive,43,2580.0,43.0,8,recovering,recovering,30 42 51 81,2227,1.4534883720930234,0.688,0.52,33.904424172373204,18.716666666666665,1,1,0,52.21519324754219,52.21519324754219,207.14715843766746,500.94653864094585,3080.946538640946,0.0,0.0,0.0,62.10928609967232,0.0,0.0,207.14715843766746,3080.946538640946,53.13190891651843,497.6473063354962,,,,False,False,not_attempted,0,0,0,0,749,60,0.0801068090787717,149.38282033598824,1971.0,True,,,False,0,0
nn,static_live,0,0.0,0.0,0,normal,initial,30 42 51 81,0,1.0,1.0,0.0,34.78037077224997,18.0,84,0,84,16.660400703942315,16.660400703942315,16.660400703942315,60.0,60.0,9.957765099941753,0.252319399965927,10.21008449990768,10.21008449990768,0.0,0.0,16.660400703942315,60.0,162.58793156149096,2761.487785832027,,,,False,False,initial_plan,0,0,0,0,97,0,0.0,177.83388229329896,0.0,False,,,True,10,10
nn,static_live,1,60.0,1.0,0,normal,normal,30 42 51 81,0,1.0,1.0,0.0,34.78037077224997,18.016666666666666,84,0,84,2.671835477730445,2.671835477730445,19.332236181672762,60.0,120.0,0.0,0.0,0.0,10.21008449990768,0.0,0.0,19.332236181672762,120.0,144.89809698360446,2603.2770542730404,,,,False,False,not_attempted,0,0,0,0,24,0,0.0,177.65141542411558,0.0,False,,,False,9,10
nn,static_live,2,120.0,2.0,0,normal,normal,30 42 51 81,0,1.0,1.0,0.0,34.78037077224997,18.033333333333335,84,6,78,2.2336491502253266,0.37227485837088775,21.565885331898087,60.0,180.0,0.0,0.0,0.0,10.21008449990768,0.0,0.0,21.565885331898087,180.0,142.35879798598543,2603.2770542730404,,,,False,False,not_attempted,0,0,0,0,25,0,0.0,177.33697396192156,239.0,False,,,False,9,4
nn,static_live,3,180.0,3.0,0,normal,normal,30 42 51 81,0,1.0,1.0,0.0,34.78037077224997,18.05,78,4,74,4.632857667324735,1.1582144168311836,26.198742999222823,60.0,240.0,0.0,0.0,0.0,10.21008449990768,0.0,0.0,26.198742999222823,240.0,140.51455427701427,2575.2504365841983,,,,False,False,not_attempted,0,0,0,0,75,0,0.0,176.58965573332028,239.0,False,,,False,9,0
nn,static_live,4,240.0,4.0,0,normal,normal,30 42 51 81,0,1.0,1.0,0.0,34.78037077224997,18.066666666666666,74,0,74,2.1890984112485845,2.1890984112485845,28.387841410471406,60.0,300.0,0.0,0.0,0.0,10.21008449990768,0.0,0.0,28.387841410471406,300.0,135.7776609100203,2453.4542174026838,,,,False,False,not_attempted,0,0,0,0,38,0,0.0,176.38162922177597,239.0,False,,,False,9,0
nn,static_live,5,300.0,5.0,1,normal,normal,30 42 51 81,0,1.0,1.0,0.0,34.78037077224997,18.083333333333332,74,3,71,4.763597379502395,1.587865793167465,33.1514387899738,60.0,360.0,0.0,0.0,0.0,10.21008449990768,0.0,0.0,33.1514387899738,360.0,133.8378687044175,2453.4542174026838,,,,False,False,not_attempted,0,0,0,0,105,0,0.0,175.72436508422112,402.0,False,,,False,9,0
nn,static_live,6,360.0,6.0,1,normal,normal,30 42 51 81,0,1.0,1.0,0.0,34.78037077224997,18.1,71,2,69,4.5988841917568095,2.2994420958784048,37.75032298173061,60.0,420.0,0.0,0.0,0.0,10.21008449990768,0.0,0.0,37.75032298173061,420.0,128.65555322310212,2295.479016670314,,,,False,False,not_attempted,0,0,0,0,68,0,0.0,173.98774183949396,422.0,False,,,False,9,0
nn,static_live,7,420.0,7.0,1,normal,normal,30 42 51 81,0,1.0,1.0,0.0,34.78037077224997,18.116666666666667,69,3,66,4.0596296318654135,1.353209877288471,41.809952613596025,60.0,480.0,0.0,0.0,0.0,10.21008449990768,0.0,0.0,41.809952613596025,480.0,123.9692432558826,2295.479016670314,,,,False,False,not_attempted,0,0,0,0,59,0,0.0,172.73804103501027,477.0,False,,,False,8,0
nn,static_live,8,480.0,8.0,1,normal,normal,30 42 51 81,0,1.0,1.0,0.0,34.78037077224997,18.133333333333333,66,3,63,2.9617497333409846,0.9872499111136616,44.77170234693701,60.0,540.0,0.0,0.0,0.0,10.21008449990768,0.0,0.0,44.77170234693701,540.0,120.21492095922403,2165.047520150499,,,,False,False,not_attempted,0,0,0,0,53,0,0.0,172.64470770167694,647.0,False,,,False,8,0
nn,static_live,9,540.0,9.0,1,normal,normal,30 42 51 81,0,1.0,1.0,0.0,34.78037077224997,18.15,63,2,61,1.3608862693802408,0.6804431346901204,46.13258861631725,60.0,600.0,0.0,0.0,0.0,10.21008449990768,0.0,0.0,46.13258861631725,600.0,117.0907644351915,2165.047520150499,,,,False,False,not_attempted,0,0,0,0,35,0,0.0,172.53888579406538,647.0,False,,,False,8,0
nn,static_live,10,600.0,10.0,2,degrading,degrading,30 42 51 81,0,1.0,1.0,0.0,34.78037077224997,18.166666666666668,61,4,57,3.361017409988798,0.8402543524971995,49.49360602630605,60.0,660.0,0.0,0.0,0.0,10.21008449990768,0.0,0.0,49.49360602630605,660.0,115.72549646918236,2159.671519313145,,,,False,False,not_attempted,0,0,0,0,46,0,0.0,172.28418379893967,647.0,False,,,False,8,0
nn,static_live,11,660.0,11.0,2,degrading,degrading,30 42 51 81,2227,1.06951871657754,0.935,0.0,34.64316594981709,18.183333333333334,57,1,56,5.15738291860418,5.15738291860418,54.650988944910225,60.0,720.0,0.0,0.0,0.0,10.21008449990768,0.0,0.0,54.650988944910225,720.0,117.53001474039854,2109.5945862534086,,,,False,False,not_attempted,0,0,0,0,51,10,0.19607843137254902,170.7770221027623,659.0,False,,,False,8,0
nn,static_live,12,720.0,12.0,2,degrading,degrading,30 42 51 81,2227,1.1494252873563218,0.87,0.0,34.48678831955742,18.2,56,2,54,2.143580409875434,1.071790204937717,56.79456935478566,60.0,780.0,0.0,0.0,0.0,10.21008449990768,0.0,0.0,56.79456935478566,780.0,117.72074996427075,1986.03028643302,,,,False,False,not_attempted,0,0,0,0,39,3,0.07692307692307693,169.9131354630101,743.0,False,,,False,8,0
nn,static_live,13,780.0,13.0,2,degrading,degrading,30 42 51 81,2227,1.2422360248447206,0.8049999999999999,0.0,34.30692006739202,18.216666666666665,54,2,52,3.3709950184972155,1.6854975092486078,60.165564373282876,60.0,840.0,0.0,0.0,0.0,10.21008449990768,0.0,0.0,60.165564373282876,840.0,120.86555377181608,1902.633414956518,,,,False,False,not_attempted,0,0,0,0,39,6,0.15384615384615385,169.81980212967676,843.0,False,,,False,8,0
nn,static_live,14,840.0,14.0,2,degrading,degrading,30 42 51 81,2227,1.3513513513513513,0.74,0.0,34.09783830938845,18.233333333333334,52,3,49,7.009892837217686,2.3366309457392287,67.17545721050057,60.0,900.0,0.0,0.0,0.0,10.21008449990768,0.0,0.0,67.17545721050057,900.0,123.1935945474111,1877.8212092118956,,,,False,False,not_attempted,0,0,0,0,54,17,0.3148148148148148,166.4754102254897,843.0,False,,,False,8,0
nn,static_live,15,900.0,15.0,3,degrading,degrading,30 42 51 81,2227,1.4814814814814814,0.675,0.0,33.851796877256575,18.25,49,1,48,2.8932038521890306,2.8932038521890306,70.0686610626896,60.0,960.0,0.0,0.0,0.0,10.21008449990768,0.0,0.0,70.0686610626896,960.0,120.68018866415633,1909.421775982479,,,,False,False,not_attempted,0,0,0,0,29,4,0.13793103448275862,165.78057629185815,853.0,False,,,False,8,0
nn,static_live,16,960.0,16.0,3,degrading,degrading,30 42 51 81,2227,1.639344262295082,0.61,0.0,33.55804547919766,18.266666666666666,48,4,44,6.0299327761868255,1.5074831940467064,76.09859383887643,60.0,1020.0,0.0,0.0,0.0,10.21008449990768,0.0,0.0,76.09859383887643,1020.0,124.8485501397119,1820.7261153567742,,,,False,False,not_attempted,0,0,0,0,83,5,0.060240963855421686,163.04462504146912,1087.0,False,,,False,8,0
nn,static_live,17,1020.0,17.0,3,degrading,degrading,30 42 51 81,2227,1.8348623853211008,0.545,0.0,33.20121701570619,18.283333333333335,44,1,43,4.533811886546728,4.533811886546728,80.63240572542315,60.0,1080.0,0.0,0.0,0.0,10.21008449990768,0.0,0.0,80.63240572542315,1080.0,126.30019005830786,1934.2299213591743,,,,False,False,not_attempted,0,0,0,0,46,12,0.2608695652173913,161.96266910872535,1087.0,False,,,False,8,0
nn,static_live,18,1080.0,18.0,3,degrading,degrading,30 42 51 81,2227,2.0833333333333335,0.48,0.0,32.75855106933444,18.3,43,2,41,2.664388176202743,1.3321940881013714,83.2967939016259,60.0,1140.0,0.0,0.0,0.0,10.21008449990768,0.0,0.0,83.2967939016259,1140.0,128.76556372172595,2140.6905059685923,,,,False,False,not_attempted,0,0,0,0,31,4,0.12903225806451613,161.8127026136769,1087.0,False,,,False,8,0
nn,static_live,19,1140.0,19.0,3,degrading,degrading,30 42 51 81,2227,2.409638554216868,0.4149999999999999,0.0,32.194839714285706,18.316666666666666,41,2,39,4.4575232310250295,2.2287616155125147,87.75431713265094,60.0,1200.0,0.0,0.0,0.0,10.21008449990768,0.0,0.0,87.75431713265094,1200.0,134.8293495820498,2062.630030306225,,,,False,False,not_attempted,0,0,0,0,74,6,0.08108108108108109,161.71936928034356,1087.0,False,,,False,8,0
nn,static_live,20,1200.0,20.0,4,disrupted,holding,30 42 51 81,2227,2.857142857142857,0.35,0.0,31.452570520598588,18.333333333333332,39,3,36,3.3969709096699394,1.1323236365566465,91.15128804232089,60.0,1260.0,0.0,0.0,0.0,10.21008449990768,0.0,0.0,91.15128804232089,1260.0,141.07557708055955,2126.3787481867885,,,,False,False,not_attempted,0,0,0,0,28,2,0.07142857142857142,161.6026028908459,1270.0,False,,,False,8,0
nn,static_live,21,1260.0,21.0,4,disrupted,disrupted,30 42 51 81,2227,2.857142857142857,0.35,0.0,31.452570520598588,18.35,36,2,34,4.507756389725221,2.2538781948626103,95.6590444320461,60.0,1320.0,0.0,0.0,0.0,10.21008449990768,0.0,0.0,95.6590444320461,1320.0,136.52841334936943,1991.6763809191386,,,,False,False,not_attempted,0,0,0,0,21,5,0.23809523809523808,161.50926955751257,1308.0,False,,,False,7,0
nn,static_live,22,1320.0,22.0,4,disrupted,disrupted,30 42 51 81,2227,2.857142857142857,0.35,0.0,31.452570520598588,18.366666666666667,34,4,30,5.80119585859332,1.45029896464833,101.46024029063942,60.0,1380.0,0.0,0.0,0.0,10.21008449990768,0.0,0.0,101.46024029063942,1380.0,132.6919460562314,1991.6763809191386,,,,False,False,not_attempted,0,0,0,0,49,2,0.04081632653061224,161.22688833254486,1351.0,False,,,False,7,0
nn,static_live,23,1380.0,23.0,4,disrupted,disrupted,30 42 51 81,2227,2.857142857142857,0.35,0.0,31.452570520598588,18.383333333333333,30,1,29,3.121536365350871,3.121536365350871,104.5817766559903,60.0,1440.0,0.0,0.0,0.0,10.21008449990768,0.0,0.0,104.5817766559903,1440.0,126.61357285206267,1951.5224549102875,,,,False,False,not_attempted,0,0,0,0,8,1,0.125,160.69613839257985,1351.0,False,,,False,7,0
nn,static_live,24,1440.0,24.0,4,disrupted,disrupted,30 42 51 81,2227,2.857142857142857,0.35,0.0,31.452570520598588,18.4,29,2,27,1.6828347691206815,0.8414173845603408,106.26461142511099,60.0,1500.0,0.0,0.0,0.0,10.21008449990768,0.0,0.0,106.26461142511099,1500.0,123.96685109517732,1815.4562608540089,,,,False,False,not_attempted,0,0,0,0,36,0,0.0,160.60280505924652,1362.0,False,,,False,7,0
nn,static_live,25,1500.0,25.0,5,disrupted,disrupted,30 42 51 81,2227,2.857142857142857,0.35,0.0,31.452570520598588,18.416666666666668,27,4,23,6.989555304860042,1.7473888262150106,113.25416672997103,60.0,1560.0,0.0,0.0,0.0,10.21008449990768,0.0,0.0,113.25416672997103,1560.0,122.21907234498383,1815.4562608540089,,,,False,False,not_attempted,0,0,0,0,43,2,0.046511627906976744,158.89211896740468,1567.0,False,,,False,7,0
nn,static_live,26,1560.0,26.0,5,disrupted,disrupted,30 42 51 81,2227,2.857142857142857,0.35,0.0,31.452570520598588,18.433333333333334,23,1,22,4.981394570988655,4.981394570988655,118.23556130095969,60.0,1620.0,0.0,0.0,0.0,10.21008449990768,0.0,0.0,118.23556130095969,1620.0,115.49069943304046,1772.3818428360535,,,,False,False,not_attempted,0,0,0,0,70,2,0.02857142857142857,158.06750047983584,1567.0,False,,,False,7,0
nn,static_live,27,1620.0,27.0,5,disrupted,disrupted,30 42 51 81,2227,2.857142857142857,0.35,0.0,31.452570520598588,18.45,22,1,21,5.200040555378967,5.200040555378967,123.43560185633865,60.0,1680.0,0.0,0.0,0.0,10.21008449990768,0.0,0.0,123.43560185633865,1680.0,110.22496641112838,1635.6650752532573,,,,False,False,not_attempted,0,0,0,0,19,4,0.21052631578947367,157.2576493111352,1567.0,False,,,False,7,0
nn,static_live,28,1680.0,28.0,5,disrupted,disrupted,30 42 51 81,2227,2.857142857142857,0.35,0.0,31.452570520598588,18.466666666666665,21,2,19,4.0035857946607525,2.0017928973303762,127.4391876509994,60.0,1740.0,0.0,0.0,0.0,10.21008449990768,0.0,0.0,127.4391876509994,1740.0,105.19490905905342,1635.6650752532573,,,,False,False,not_attempted,0,0,0,0,26,0,0.0,154.67608279661363,1655.0,False,,,False,6,0
nn,static_live,29,1740.0,29.0,5,disrupted,disrupted,30 42 51 81,2227,2.857142857142857,0.35,0.0,31.452570520598588,18.483333333333334,19,3,16,3.347142524600671,1.1157141748668904,130.78633017560009,60.0,1800.0,0.0,0.0,0.0,10.21008449990768,0.0,0.0,130.78633017560009,1800.0,100.67193669242268,1497.8028450279758,,,,False,False,not_attempted,0,0,0,0,32,2,0.0625,154.5827494632803,1716.0,False,,,False,6,0
nn,static_live,30,1800.0,30.0,6,recovering,recovering,30 42 51 81,2227,2.857142857142857,0.35,0.0,31.452570520598588,18.5,16,3,13,3.055303879716979,1.0184346265723263,133.84163405531706,60.0,1860.0,0.0,0.0,0.0,10.21008449990768,0.0,0.0,133.84163405531706,1860.0,97.90649176933206,1497.8028450279758,,,,False,False,not_attempted,0,0,0,0,24,2,0.08333333333333333,154.31815496568714,1724.0,False,,,False,5,0
nn,static_live,31,1860.0,31.0,6,recovering,recovering,30 42 51 81,2227,2.6595744680851063,0.376,0.04,31.77601131408416,18.516666666666666,13,1,12,1.7284422443200318,1.7284422443200318,135.5700762996371,60.0,1920.0,0.0,0.0,0.0,10.21008449990768,0.0,0.0,135.5700762996371,1920.0,91.08753711297888,1434.2543452684213,,,,False,False,not_attempted,0,0,0,0,4,0,0.0,153.21164910322352,1724.0,False,,,False,5,0
nn,static_live,32,1920.0,32.0,6,recovering,recovering,30 42 51 81,2227,2.4875621890547266,0.40199999999999997,0.08,32.063080038424864,18.533333333333335,12,3,9,2.929938874045717,0.9766462913485724,138.5000151736828,60.0,1980.0,0.0,0.0,0.0,10.21008449990768,0.0,0.0,138.5000151736828,1980.0,86.87391680841058,1278.5922292689445,,,,False,False,not_attempted,0,0,0,0,18,6,0.3333333333333333,153.1183157698902,1865.0,False,,,False,4,0
nn,static_live,33,1980.0,33.0,6,recovering,recovering,30 42 51 81,2227,2.336448598130841,0.428,0.12,32.31958534492627,18.55,9,2,7,3.3302752397790014,1.6651376198895007,141.83029041346182,60.0,2040.0,0.0,0.0,0.0,10.21008449990768,0.0,0.0,141.83029041346182,2040.0,81.75593388199911,1257.065514078188,,,,False,False,not_attempted,0,0,0,0,21,6,0.2857142857142857,153.06668485250268,1865.0,False,,,False,4,0
nn,static_live,34,2040.0,34.0,6,recovering,recovering,30 42 51 81,2227,2.2026431718061676,0.45399999999999996,0.16,32.55016153739909,18.566666666666666,7,0,7,1.2486544317736772,1.2486544317736772,143.0789448452355,60.0,2100.0,0.0,0.0,0.0,10.21008449990768,0.0,0.0,143.0789448452355,2100.0,76.43340070611292,1200.529747160473,,,,False,False,not_attempted,0,0,0,0,21,1,0.047619047619047616,153.06668485250268,1865.0,False,,,False,3,0
nn,static_live,35,2100.0,35.0,7,recovering,recovering,30 42 51 81,2227,2.0833333333333335,0.48,0.2,32.75855106933444,18.583333333333332,7,2,5,4.0349323622786635,2.0174661811393317,147.11387720751415,60.0,2160.0,0.0,0.0,0.0,10.21008449990768,0.0,0.0,147.11387720751415,2160.0,73.42513115270843,1050.302825820334,,,,False,False,not_attempted,0,0,0,0,11,6,0.5454545454545454,153.06668485250268,1991.0,False,,,False,3,0
nn,static_live,36,2160.0,36.0,7,recovering,recovering,30 42 51 81,2227,1.976284584980237,0.506,0.24,32.94780923645322,18.6,5,1,4,2.671859311355666,2.671859311355666,149.7857365188698,60.0,2220.0,0.0,0.0,0.0,10.21008449990768,0.0,0.0,149.7857365188698,2220.0,67.07978528934385,868.5747455680158,,,,False,False,not_attempted,0,0,0,0,5,4,0.8,153.06668485250268,1991.0,False,,,False,3,0
nn,static_live,37,2220.0,37.0,7,recovering,recovering,30 42 51 81,2227,1.8796992481203008,0.532,0.28,33.120454967615515,18.616666666666667,4,0,4,1.7823247175619432,1.7823247175619432,151.56806123643176,60.0,2280.0,0.0,0.0,0.0,10.21008449990768,0.0,0.0,151.56806123643176,2280.0,63.87825756252255,803.7638357501448,,,,False,False,not_attempted,0,0,0,0,17,0,0.0,153.06668485250268,1991.0,False,,,False,2,0
nn,static_live,38,2280.0,38.0,7,recovering,recovering,30 42 51 81,2227,1.7921146953405016,0.558,0.32,33.27858357743186,18.633333333333333,4,2,2,3.223459257847085,1.6117296289235425,154.79152049427884,60.0,2340.0,0.0,0.0,0.0,10.21008449990768,0.0,0.0,154.79152049427884,2340.0,60.850465273205636,731.276656470166,,,,False,False,not_attempted,0,0,0,0,16,4,0.25,153.06668485250268,1996.0,False,,,False,2,0
nn,static_live,39,2340.0,39.0,7,recovering,recovering,30 42 51 81,2227,1.7123287671232879,0.584,0.36,33.42395222363892,18.65,2,0,2,2.2247417875310296,2.2247417875310296,157.01626228180987,60.0,2400.0,0.0,0.0,0.0,10.21008449990768,0.0,0.0,157.01626228180987,2400.0,56.50201802038351,671.2927818733152,,,,False,False,not_attempted,0,0,0,0,12,8,0.6666666666666666,152.58198147454902,1996.0,False,,,False,2,0
nn,static_live,40,2400.0,40.0,8,recovering,recovering,30 42 51 81,2227,1.639344262295082,0.61,0.4,33.55804547919766,18.666666666666668,2,0,2,0.9942761845126435,0.9942761845126435,158.01053846632252,60.0,2460.0,0.0,0.0,0.0,10.21008449990768,0.0,0.0,158.01053846632252,2460.0,53.24883670465673,589.2802079037639,,,,False,False,not_attempted,0,0,0,0,12,3,0.25,151.83785636306777,1996.0,False,,,False,2,0
nn,static_live,41,2460.0,41.0,8,recovering,recovering,30 42 51 81,2227,1.572327044025157,0.636,0.44,33.68212621591513,18.683333333333334,2,0,2,1.6327552590610486,1.6327552590610486,159.64329372538356,60.0,2520.0,0.0,0.0,0.0,10.21008449990768,0.0,0.0,159.64329372538356,2520.0,51.40402001247071,549.3063332830211,,,,False,False,not_attempted,0,0,0,0,9,6,0.6666666666666666,151.52014064022728,1996.0,False,,,False,2,0
nn,static_live,42,2520.0,42.0,8,recovering,recovering,30 42 51 81,2227,1.5105740181268883,0.6619999999999999,0.48,33.79727550010811,18.7,2,0,2,1.9664827990842397,1.9664827990842397,161.6097765244678,60.0,2580.0,0.0,0.0,0.0,10.21008449990768,0.0,0.0,161.6097765244678,2580.0,49.096630759716845,473.2917299914394,,,,False,False,not_attempted,0,0,0,0,6,6,1.0,151.42680730689395,1996.0,False,,,False,1,0
nn,static_live,43,2580.0,43.0,8,recovering,recovering,30 42 51 81,2227,1.4534883720930234,0.688,0.52,33.904424172373204,18.716666666666665,2,1,1,0.1000306052084156,0.1000306052084156,161.70980712967622,60.0,2640.0,0.0,0.0,0.0,10.21008449990768,0.0,0.0,161.70980712967622,2640.0,46.65314412693043,473.2917299914394,,,,False,False,not_attempted,0,0,0,0,0,0,0.0,151.42011003501887,1996.0,False,,,False,0,0
nn,static_live,44,2640.0,44.0,8,recovering,recovering,30 42 51 81,2227,1.400560224089636,0.714,0.56,34.00437806583756,18.733333333333334,1,1,0,45.66477212141074,45.66477212141074,207.37457925108697,521.9034386943499,3161.90343869435,0.0,0.0,0.0,10.21008449990768,0.0,0.0,207.37457925108697,3161.90343869435,46.178938552632765,473.2917299914394,,,,False,False,not_attempted,0,0,0,0,665,37,0.055639097744360905,145.88509678993827,1996.0,True,,,False,0,0
nn,static_frozen,0,0.0,0.0,0,normal,initial,30 42 51 81,0,1.0,1.0,0.0,34.78037077224997,18.0,84,0,84,16.660400703942315,16.660400703942315,16.660400703942315,60.0,60.0,9.957765099941753,0.252319399965927,10.21008449990768,10.21008449990768,0.0,0.0,16.660400703942315,60.0,162.58793156149096,2761.487785832027,,,,False,False,initial_plan,0,0,0,0,97,0,0.0,177.83388229329896,0.0,False,,,True,10,10
nn,static_frozen,1,60.0,1.0,0,normal,normal,30 42 51 81,0,1.0,1.0,0.0,34.78037077224997,18.016666666666666,84,0,84,2.671835477730445,2.671835477730445,19.332236181672762,60.0,120.0,0.0,0.0,0.0,10.21008449990768,0.0,0.0,19.332236181672762,120.0,144.89809698360446,2603.2770542730404,,,,False,False,not_attempted,0,0,0,0,24,0,0.0,177.65141542411558,0.0,False,,,False,9,10
nn,static_frozen,2,120.0,2.0,0,normal,normal,30 42 51 81,0,1.0,1.0,0.0,34.78037077224997,18.033333333333335,84,6,78,2.2336491502253266,0.37227485837088775,21.565885331898087,60.0,180.0,0.0,0.0,0.0,10.21008449990768,0.0,0.0,21.565885331898087,180.0,142.35879798598543,2603.2770542730404,,,,False,False,not_attempted,0,0,0,0,25,0,0.0,177.33697396192156,239.0,False,,,False,9,4
nn,static_frozen,3,180.0,3.0,0,normal,normal,30 42 51 81,0,1.0,1.0,0.0,34.78037077224997,18.05,78,4,74,4.632857667324735,1.1582144168311836,26.198742999222823,60.0,240.0,0.0,0.0,0.0,10.21008449990768,0.0,0.0,26.198742999222823,240.0,140.51455427701427,2575.2504365841983,,,,False,False,not_attempted,0,0,0,0,75,0,0.0,176.58965573332028,239.0,False,,,False,9,0
nn,static_frozen,4,240.0,4.0,0,normal,normal,30 42 51 81,0,1.0,1.0,0.0,34.78037077224997,18.066666666666666,74,0,74,2.1890984112485845,2.1890984112485845,28.387841410471406,60.0,300.0,0.0,0.0,0.0,10.21008449990768,0.0,0.0,28.387841410471406,300.0,135.7776609100203,2453.4542174026838,,,,False,False,not_attempted,0,0,0,0,38,0,0.0,176.38162922177597,239.0,False,,,False,9,0
nn,static_frozen,5,300.0,5.0,1,normal,normal,30 42 51 81,0,1.0,1.0,0.0,34.78037077224997,18.083333333333332,74,3,71,4.763597379502395,1.587865793167465,33.1514387899738,60.0,360.0,0.0,0.0,0.0,10.21008449990768,0.0,0.0,33.1514387899738,360.0,133.8378687044175,2453.4542174026838,,,,False,False,not_attempted,0,0,0,0,105,0,0.0,175.72436508422112,402.0,False,,,False,9,0
nn,static_frozen,6,360.0,6.0,1,normal,normal,30 42 51 81,0,1.0,1.0,0.0,34.78037077224997,18.1,71,2,69,4.5988841917568095,2.2994420958784048,37.75032298173061,60.0,420.0,0.0,0.0,0.0,10.21008449990768,0.0,0.0,37.75032298173061,420.0,128.65555322310212,2295.479016670314,,,,False,False,not_attempted,0,0,0,0,68,0,0.0,173.98774183949396,422.0,False,,,False,9,0
nn,static_frozen,7,420.0,7.0,1,normal,normal,30 42 51 81,0,1.0,1.0,0.0,34.78037077224997,18.116666666666667,69,3,66,4.0596296318654135,1.353209877288471,41.809952613596025,60.0,480.0,0.0,0.0,0.0,10.21008449990768,0.0,0.0,41.809952613596025,480.0,123.9692432558826,2295.479016670314,,,,False,False,not_attempted,0,0,0,0,59,0,0.0,172.73804103501027,477.0,False,,,False,8,0
nn,static_frozen,8,480.0,8.0,1,normal,normal,30 42 51 81,0,1.0,1.0,0.0,34.78037077224997,18.133333333333333,66,3,63,2.9617497333409846,0.9872499111136616,44.77170234693701,60.0,540.0,0.0,0.0,0.0,10.21008449990768,0.0,0.0,44.77170234693701,540.0,120.21492095922403,2165.047520150499,,,,False,False,not_attempted,0,0,0,0,53,0,0.0,172.64470770167694,647.0,False,,,False,8,0
nn,static_frozen,9,540.0,9.0,1,normal,normal,30 42 51 81,0,1.0,1.0,0.0,34.78037077224997,18.15,63,2,61,1.360887868666041,0.6804439343330205,46.13259021560305,60.0,600.0,0.0,0.0,0.0,10.21008449990768,0.0,0.0,46.13259021560305,600.0,117.0907644351915,2165.047520150499,,,,False,False,not_attempted,0,0,0,0,35,0,0.0,172.53888579406538,647.0,False,,,False,8,0
nn,static_frozen,10,600.0,10.0,2,degrading,degrading,30 42 51 81,0,1.0,1.0,0.0,34.78037077224997,18.166666666666668,61,4,57,3.3611376239174127,0.8402844059793532,49.49372783952047,60.0,660.0,0.0,0.0,0.0,10.21008449990768,0.0,0.0,49.49372783952047,660.0,115.72549646918236,2159.671519313145,,,,False,False,not_attempted,0,0,0,0,46,0,0.0,172.28418379893967,647.0,False,,,False,8,0
nn,static_frozen,11,660.0,11.0,2,degrading,degrading,30 42 51 81,2227,1.06951871657754,0.935,0.0,34.64316594981709,18.183333333333334,57,1,56,5.15738291860418,5.15738291860418,54.651110758124645,60.0,720.0,0.0,0.0,0.0,10.21008449990768,0.0,0.0,54.651110758124645,720.0,117.53001474039854,2109.5945862534086,,,,False,False,not_attempted,0,0,0,0,51,10,0.19607843137254902,170.7770221027623,659.0,False,,,False,8,0
nn,static_frozen,12,720.0,12.0,2,degrading,degrading,30 42 51 81,2227,1.1494252873563218,0.87,0.0,34.48678831955742,18.2,56,2,54,2.1443517065748123,1.0721758532874062,56.795462464699455,60.0,780.0,0.0,0.0,0.0,10.21008449990768,0.0,0.0,56.795462464699455,780.0,117.72074996427075,1986.03028643302,,,,False,False,not_attempted,0,0,0,0,39,3,0.07692307692307693,169.9131354630101,743.0,False,,,False,8,0
nn,static_frozen,13,780.0,13.0,2,degrading,degrading,30 42 51 81,2227,1.2422360248447206,0.8049999999999999,0.0,34.30692006739202,18.216666666666665,54,2,52,3.8408441503290316,1.9204220751645158,60.63630661502849,60.0,840.0,0.0,0.0,0.0,10.21008449990768,0.0,0.0,60.63630661502849,840.0,120.86555377181608,1902.633414956518,,,,False,False,not_attempted,0,0,0,0,47,16,0.3404255319148936,169.81980212967676,843.0,False,,,False,8,0
nn,static_frozen,14,840.0,14.0,2,degrading,degrading,30 42 51 81,2227,1.3513513513513513,0.74,0.0,34.09783830938845,18.233333333333334,52,3,49,6.908220033402138,2.302740011134046,67.54452664843063,60.0,900.0,0.0,0.0,0.0,10.21008449990768,0.0,0.0,67.54452664843063,900.0,122.83027178458724,1877.8212092118956,,,,False,False,not_attempted,0,0,0,0,42,19,0.4523809523809524,166.4754102254897,843.0,False,,,False,8,0
nn,static_frozen,15,900.0,15.0,3,degrading,degrading,30 42 51 81,2227,1.4814814814814814,0.675,0.0,33.851796877256575,18.25,49,1,48,2.6609326246039724,2.6609326246039724,70.2054592730346,60.0,960.0,0.0,0.0,0.0,10.21008449990768,0.0,0.0,70.2054592730346,960.0,120.34798382368395,1788.1616400267321,,,,False,False,not_attempted,0,0,0,0,28,3,0.10714285714285714,165.78057629185815,853.0,False,,,False,8,0
nn,static_frozen,16,960.0,16.0,3,degrading,degrading,30 42 51 81,2227,1.639344262295082,0.61,0.0,33.55804547919766,18.266666666666666,48,5,43,7.070608463406809,1.4141216926813618,77.27606773644142,60.0,1020.0,0.0,0.0,0.0,10.21008449990768,0.0,0.0,77.27606773644142,1020.0,124.8485501397119,1820.7261153567742,,,,False,False,not_attempted,0,0,0,0,89,11,0.12359550561797752,163.04462504146912,1087.0,False,,,False,8,0
nn,static_frozen,17,1020.0,17.0,3,degrading,degrading,30 42 51 81,2227,1.8348623853211008,0.545,0.0,33.20121701570619,18.283333333333335,43,0,43,3.2391311073928017,3.2391311073928017,80.51519884383423,60.0,1080.0,0.0,0.0,0.0,10.21008449990768,0.0,0.0,80.51519884383423,1080.0,124.78775569100975,1934.2299213591743,,,,False,False,not_attempted,0,0,0,0,40,6,0.15,161.96266910872535,1087.0,False,,,False,8,0
nn,static_frozen,18,1080.0,18.0,3,degrading,degrading,30 42 51 81,2227,2.0833333333333335,0.48,0.0,32.75855106933444,18.3,43,3,40,3.540020678250467,1.1800068927501557,84.0552195220847,60.0,1140.0,0.0,0.0,0.0,10.21008449990768,0.0,0.0,84.0552195220847,1140.0,128.76556372172595,2140.6905059685923,,,,False,False,not_attempted,0,0,0,0,35,8,0.22857142857142856,161.8127026136769,1087.0,False,,,False,8,0
nn,static_frozen,19,1140.0,19.0,3,degrading,degrading,30 42 51 81,2227,2.409638554216868,0.4149999999999999,0.0,32.194839714285706,18.316666666666666,40,1,39,3.4278770080233736,3.4278770080233736,87.48309653010807,60.0,1200.0,0.0,0.0,0.0,10.21008449990768,0.0,0.0,87.48309653010807,1200.0,133.4327067906563,2062.630030306225,,,,False,False,not_attempted,0,0,0,0,72,2,0.027777777777777776,161.71936928034356,1087.0,False,,,False,8,0
nn,static_frozen,20,1200.0,20.0,4,disrupted,holding,30 42 51 81,2227,2.857142857142857,0.35,0.0,31.452570520598588,18.333333333333332,39,3,36,4.770006736126805,1.5900022453756018,92.25310326623487,60.0,1260.0,0.0,0.0,0.0,10.21008449990768,0.0,0.0,92.25310326623487,1260.0,140.80348758197832,2126.3787481867885,,,,False,False,not_attempted,0,0,0,0,29,7,0.2413793103448276,161.6026028908459,1270.0,False,,,False,8,0
nn,static_frozen,21,1260.0,21.0,4,disrupted,disrupted,30 42 51 81,2227,2.857142857142857,0.35,0.0,31.452570520598588,18.35,36,3,33,6.9603318883136005,2.320110629437867,99.21343515454848,60.0,1320.0,0.0,0.0,0.0,10.21008449990768,0.0,0.0,99.21343515454848,1320.0,136.52841334936943,1991.6763809191386,,,,False,False,not_attempted,0,0,0,0,31,10,0.3225806451612903,161.50926955751257,1308.0,False,,,False,7,0
nn,static_frozen,22,1320.0,22.0,4,disrupted,disrupted,30 42 51 81,2227,2.857142857142857,0.35,0.0,31.452570520598588,18.366666666666667,33,3,30,5.607502036625525,1.8691673455418416,104.820937191174,60.0,1380.0,0.0,0.0,0.0,10.21008449990768,0.0,0.0,104.820937191174,1380.0,132.30877746894575,1991.6763809191386,,,,False,False,not_attempted,0,0,0,0,41,2,0.04878048780487805,161.22688833254486,1351.0,False,,,False,7,0
nn,static_frozen,23,1380.0,23.0,4,disrupted,disrupted,30 42 51 81,2227,2.857142857142857,0.35,0.0,31.452570520598588,18.383333333333333,30,1,29,3.160815083772232,3.160815083772232,107.98175227494623,60.0,1440.0,0.0,0.0,0.0,10.21008449990768,0.0,0.0,107.98175227494623,1440.0,126.61357285206267,1951.5224549102875,,,,False,False,not_attempted,0,0,0,0,8,1,0.125,160.69613839257985,1351.0,False,,,False,7,0
nn,static_frozen,24,1440.0,24.0,4,disrupted,disrupted,30 42 51 81,2227,2.857142857142857,0.35,0.0,31.452570520598588,18.4,29,2,27,3.6305461874112783,1.8152730937056392,111.61229846235751,60.0,1500.0,0.0,0.0,0.0,10.21008449990768,0.0,0.0,111.61229846235751,1500.0,123.96685109517732,1815.4562608540089,,,,False,False,not_attempted,0,0,0,0,33,5,0.15151515151515152,160.60280505924652,1362.0,False,,,False,7,0
nn,static_frozen,25,1500.0,25.0,5,disrupted,disrupted,30 42 51 81,2227,2.857142857142857,0.35,0.0,31.452570520598588,18.416666666666668,27,4,23,10.711814555207354,2.6779536388018386,122.32411301756487,60.0,1560.0,0.0,0.0,0.0,10.21008449990768,0.0,0.0,122.32411301756487,1560.0,124.07559824660328,1815.4562608540089,,,,False,False,not_attempted,0,0,0,0,55,14,0.2545454545454545,158.4678057545421,1567.0,False,,,False,7,0
nn,static_frozen,26,1560.0,26.0,5,disrupted,disrupted,30 42 51 81,2227,2.857142857142857,0.35,0.0,31.452570520598588,18.433333333333334,23,1,22,7.045696049000078,7.045696049000078,129.36980906656495,60.0,1620.0,0.0,0.0,0.0,10.21008449990768,0.0,0.0,129.36980906656495,1620.0,115.20689027562956,1772.3818428360535,,,,False,False,not_attempted,0,0,0,0,54,6,0.1111111111111111,156.5342089201495,1567.0,False,,,False,7,0
nn,static_frozen,27,1620.0,27.0,5,disrupted,disrupted,30 42 51 81,2227,2.857142857142857,0.35,0.0,31.452570520598588,18.45,22,1,21,4.527241074083194,4.527241074083194,133.89705014064816,60.0,1680.0,0.0,0.0,0.0,10.21008449990768,0.0,0.0,133.89705014064816,1680.0,108.29893825196139,1635.6650752532573,,,,False,False,not_attempted,0,0,0,0,13,2,0.15384615384615385,154.61432920962582,1567.0,False,,,False,7,0
nn,static_frozen,28,1680.0,28.0,5,disrupted,disrupted,30 42 51 81,2227,2.857142857142857,0.35,0.0,31.452570520598588,18.466666666666665,21,3,18,3.6575536315193333,1.2191845438397777,137.5546037721675,60.0,1740.0,0.0,0.0,0.0,10.21008449990768,0.0,0.0,137.5546037721675,1740.0,104.4374606108893,1635.6650752532573,,,,False,False,not_attempted,0,0,0,0,20,2,0.1,152.92022563664398,1655.0,False,,,False,7,0
nn,static_frozen,29,1740.0,29.0,5,disrupted,disrupted,30 42 51 81,2227,2.857142857142857,0.35,0.0,31.452570520598588,18.483333333333334,18,1,17,4.1088502870094015,4.1088502870094015,141.6634540591769,60.0,1800.0,0.0,0.0,0.0,10.21008449990768,0.0,0.0,141.6634540591769,1800.0,99.77907630514063,1497.8028450279758,,,,False,False,not_attempted,0,0,0,0,32,2,0.0625,152.82689230331064,1716.0,False,,,False,6,0
nn,static_frozen,30,1800.0,30.0,6,recovering,recovering,30 42 51 81,2227,2.857142857142857,0.35,0.0,31.452570520598588,18.5,17,4,13,2.8184681563703857,0.7046170390925964,144.48192221554729,60.0,1860.0,0.0,0.0,0.0,10.21008449990768,0.0,0.0,144.48192221554729,1860.0,96.67228263723997,1497.8028450279758,,,,False,False,not_attempted,0,0,0,0,25,0,0.0,151.54912527658723,1724.0,False,,,False,5,0
nn,static_frozen,31,1860.0,31.0,6,recovering,recovering,30 42 51 81,2227,2.6595744680851063,0.376,0.04,31.77601131408416,18.516666666666666,13,2,11,2.40719227302368,1.20359613651184,146.88911448857095,60.0,1920.0,0.0,0.0,0.0,10.21008449990768,0.0,0.0,146.88911448857095,1920.0,90.13269675394112,1434.2543452684213,,,,False,False,not_attempted,0,0,0,0,6,5,0.8333333333333334,151.4557919432539,1724.0,False,,,False,4,0
nn,static_frozen,32,1920.0,32.0,6,recovering,recovering,30 42 51 81,2227,2.4875621890547266,0.40199999999999997,0.08,32.063080038424864,18.533333333333335,11,3,8,4.147044446605806,1.382348148868602,151.03615893517676,60.0,1980.0,0.0,0.0,0.0,10.21008449990768,0.0,0.0,151.03615893517676,1980.0,85.97015730664894,1278.5922292689445,,,,False,False,not_attempted,0,0,0,0,21,9,0.42857142857142855,150.43366300672952,1865.0,False,,,False,4,0
nn,static_frozen,33,1980.0,33.0,6,recovering,recovering,30 42 51 81,2227,2.336448598130841,0.428,0.12,32.31958534492627,18.55,8,1,7,2.0053294446986865,2.0053294446986865,153.04148837987543,60.0,2040.0,0.0,0.0,0.0,10.21008449990768,0.0,0.0,153.04148837987543,2040.0,80.18281745676755,1257.065514078188,,,,False,False,not_attempted,0,0,0,0,17,3,0.17647058823529413,149.87649474488853,1865.0,False,,,False,4,0
nn,static_frozen,34,2040.0,34.0,6,recovering,recovering,30 42 51 81,2227,2.2026431718061676,0.45399999999999996,0.16,32.55016153739909,18.566666666666666,7,0,7,1.497552297936497,1.497552297936497,154.53904067781193,60.0,2100.0,0.0,0.0,0.0,10.21008449990768,0.0,0.0,154.53904067781193,2100.0,76.43340070611292,1200.529747160473,,,,False,False,not_attempted,0,0,0,0,23,1,0.043478260869565216,149.7831614115552,1865.0,False,,,False,3,0
nn,static_frozen,35,2100.0,35.0,7,recovering,recovering,30 42 51 81,2227,2.0833333333333335,0.48,0.2,32.75855106933444,18.583333333333332,7,2,5,3.969028291183795,1.9845141455918975,158.50806896899573,60.0,2160.0,0.0,0.0,0.0,10.21008449990768,0.0,0.0,158.50806896899573,2160.0,73.4242550117138,1050.302825820334,,,,False,False,not_attempted,0,0,0,0,14,9,0.6428571428571429,148.43774582501032,1991.0,False,,,False,3,0
nn,static_frozen,36,2160.0,36.0,7,recovering,recovering,30 42 51 81,2227,1.976284584980237,0.506,0.24,32.94780923645322,18.6,5,1,4,11.993811839922571,11.993811839922571,170.50188080891832,60.0,2220.0,0.0,0.0,0.0,10.21008449990768,0.0,0.0,170.50188080891832,2220.0,69.28852429508312,861.6077170463869,,,,False,False,not_attempted,0,0,0,0,23,23,1.0,148.344412491677,1991.0,False,,,False,3,0
nn,static_frozen,37,2220.0,37.0,7,recovering,recovering,30 42 51 81,2227,1.8796992481203008,0.532,0.28,33.120454967615515,18.616666666666667,4,1,3,2.59438930814405,2.59438930814405,173.09627011706237,60.0,2280.0,0.0,0.0,0.0,10.21008449990768,0.0,0.0,173.09627011706237,2280.0,57.76736688942032,721.4925401761536,,,,False,False,not_attempted,0,0,0,0,8,8,1.0,147.84162422324457,1991.0,False,,,False,2,0
nn,static_frozen,38,2280.0,38.0,7,recovering,recovering,30 42 51 81,2227,1.7921146953405016,0.558,0.32,33.27858357743186,18.633333333333333,3,1,2,2.9081979728382663,2.9081979728382663,176.00446808990063,60.0,2340.0,0.0,0.0,0.0,10.21008449990768,0.0,0.0,176.00446808990063,2340.0,54.317805523035695,707.5207691902767,,,,False,False,not_attempted,0,0,0,0,9,9,1.0,146.23412284530698,1996.0,False,,,False,2,0
nn,static_frozen,39,2340.0,39.0,7,recovering,recovering,30 42 51 81,2227,1.7123287671232879,0.584,0.36,33.42395222363892,18.65,2,0,2,2.315593653421263,2.315593653421263,178.3200617433219,60.0,2400.0,0.0,0.0,0.0,10.21008449990768,0.0,0.0,178.3200617433219,2400.0,50.72035400817514,643.7635324393589,,,,False,False,not_attempted,0,0,0,0,12,11,0.9166666666666666,144.01186252521904,1996.0,False,,,False,1,0
nn,static_frozen,40,2400.0,40.0,8,recovering,recovering,30 42 51 81,2227,1.639344262295082,0.61,0.4,33.55804547919766,18.666666666666668,2,1,1,0.46843802526602807,0.46843802526602807,178.78849976858794,60.0,2460.0,0.0,0.0,0.0,10.21008449990768,0.0,0.0,178.78849976858794,2460.0,48.82218526522878,555.3550958203742,,,,False,False,not_attempted,0,0,0,0,4,0,0.0,143.59367808195918,1996.0,False,,,False,1,0
nn,static_frozen,41,2460.0,41.0,8,recovering,recovering,30 42 51 81,2227,1.572327044025157,0.636,0.44,33.68212621591513,18.683333333333334,1,0,1,0.09333333333333332,0.09333333333333332,178.88183310192127,60.0,2520.0,0.0,0.0,0.0,10.21008449990768,0.0,0.0,178.88183310192127,2520.0,47.71930340215924,473.2917299914394,,,,False,False,not_attempted,0,0,0,0,0,0,0.0,143.50034474862585,1996.0,False,,,False,0,0
nn,static_frozen,42,2520.0,42.0,8,recovering,recovering,30 42 51 81,2227,1.5105740181268883,0.6619999999999999,0.48,33.79727550010811,18.7,1,1,0,48.42426860187721,48.42426860187721,227.3061017037985,544.0595082500272,3064.059508250027,0.0,0.0,0.0,10.21008449990768,0.0,0.0,227.3061017037985,3064.059508250027,47.16506341731304,473.2917299914394,,,,False,False,not_attempted,0,0,0,0,632,107,0.16930379746835442,136.5601050492327,1996.0,True,,,False,0,0
aco,adaptive,0,0.0,0.0,0,normal,initial,30 42 51 81,0,1.0,1.0,0.0,34.78037077224997,18.0,84,0,84,18.680839634308782,18.680839634308782,18.680839634308782,60.0,60.0,9.003784299944527,22.83633279998321,31.84011709992774,31.84011709992774,0.0,0.0,18.680839634308782,60.0,129.8572811733068,2948.952446263193,,,,False,False,initial_plan,0,0,0,0,130,0,0.0,177.2717760608753,0.0,False,,,True,10,10
aco,adaptive,1,60.0,1.0,0,normal,normal,30 42 51 81,0,1.0,1.0,0.0,34.78037077224997,18.016666666666666,84,0,84,4.7680615934003905,4.7680615934003905,23.44890122770917,60.0,120.0,0.0,0.0,0.0,31.84011709992774,0.0,0.0,23.44890122770917,120.0,110.44402959570512,2884.5846107093394,,,,False,False,not_attempted,0,0,0,0,76,0,0.0,176.09020652430007,0.0,False,,,False,10,10
aco,adaptive,2,120.0,2.0,0,normal,normal,30 42 51 81,0,1.0,1.0,0.0,34.78037077224997,18.033333333333335,84,3,81,5.306297452810553,1.7687658176035177,28.755198680519726,60.0,180.0,0.0,0.0,0.0,31.84011709992774,0.0,0.0,28.755198680519726,180.0,105.15915328473176,2752.5964808827875,,,,False,False,not_attempted,0,0,0,0,66,0,0.0,174.7596401655785,215.0,False,,,False,9,7
aco,adaptive,3,180.0,3.0,0,normal,normal,30 42 51 81,0,1.0,1.0,0.0,34.78037077224997,18.05,81,3,78,4.660065898009958,1.5533552993366528,33.41526457852969,60.0,240.0,0.0,0.0,0.0,31.84011709992774,0.0,0.0,33.41526457852969,240.0,100.06592291517671,2752.5964808827875,,,,False,False,not_attempted,0,0,0,0,63,0,0.0,174.60001662259305,215.0,False,,,False,9,4
aco,adaptive,4,240.0,4.0,0,normal,normal,30 42 51 81,0,1.0,1.0,0.0,34.78037077224997,18.066666666666666,78,1,77,3.024516702171434,3.024516702171434,36.43978128070112,60.0,300.0,0.0,0.0,0.0,31.84011709992774,0.0,0.0,36.43978128070112,300.0,95.6512867909427,2700.7402108848582,,,,False,False,not_attempted,0,0,0,0,41,0,0.0,174.23595111138894,241.0,False,,,False,9,4
aco,adaptive,5,300.0,5.0,1,normal,normal,30 42 51 81,0,1.0,1.0,0.0,34.78037077224997,18.083333333333332,77,4,73,2.8679341198432,0.7169835299608,39.30771540054432,60.0,360.0,10.052170000039041,217.35771309991833,227.40988309995737,259.2500001998851,0.0,0.0,39.30771540054432,360.0,92.80451466956619,2531.148694412799,92.80451466956619,97.76350319187286,-4.958988522306669,True,False,incumbent_not_worse,6,28,0,0,31,0,0.0,174.1426177780556,402.0,False,,,True,9,2
aco,adaptive,6,360.0,6.0,1,normal,normal,30 42 51 81,0,1.0,1.0,0.0,34.78037077224997,18.1,73,3,70,3.5198933529509064,1.1732977843169687,42.82760875349523,60.0,420.0,0.0,0.0,0.0,259.2500001998851,0.0,0.0,42.82760875349523,420.0,89.49872562010101,2531.148694412799,,,,False,False,not_attempted,0,0,0,0,44,0,0.0,173.80269504982573,422.0,False,,,False,9,1
aco,adaptive,7,420.0,7.0,1,normal,normal,30 42 51 81,0,1.0,1.0,0.0,34.78037077224997,18.116666666666667,70,3,67,4.091652081357425,1.3638840271191415,46.91926083485265,60.0,480.0,0.0,0.0,0.0,259.2500001998851,0.0,0.0,46.91926083485265,480.0,86.23763270067052,2527.8765656637133,,,,False,False,not_attempted,0,0,0,0,30,0,0.0,171.7315048732715,641.0,False,,,False,9,1
aco,adaptive,8,480.0,8.0,1,normal,normal,30 42 51 81,0,1.0,1.0,0.0,34.78037077224997,18.133333333333333,67,4,63,1.9465284663171223,0.48663211657928057,48.86578930116977,60.0,540.0,0.0,0.0,0.0,259.2500001998851,0.0,0.0,48.86578930116977,540.0,82.12902723057795,2353.8339100285225,,,,False,False,not_attempted,0,0,0,0,27,0,0.0,171.63817153993816,647.0,False,,,False,9,0
aco,adaptive,9,540.0,9.0,1,normal,normal,30 42 51 81,0,1.0,1.0,0.0,34.78037077224997,18.15,63,4,59,3.8465037675471145,0.9616259418867786,52.71229306871688,60.0,600.0,0.0,0.0,0.0,259.2500001998851,0.0,0.0,52.71229306871688,600.0,80.2902564326039,2353.8339100285225,,,,False,False,not_attempted,0,0,0,0,34,0,0.0,171.54640459197284,647.0,False,,,False,9,0
aco,adaptive,10,600.0,10.0,2,degrading,degrading,30 42 51 81,0,1.0,1.0,0.0,34.78037077224997,18.166666666666668,59,2,57,2.2406318836965116,1.1203159418482558,54.95292495241339,60.0,660.0,5.889998283237219e-05,129.57987410004716,129.57993300003,388.8299331999151,0.0,0.0,54.95292495241339,660.0,76.26459852359919,2334.9570515159016,76.26459852359919,84.2003470171799,-7.935748493580704,True,False,incumbent_not_worse,7,16,0,0,28,0,0.0,171.29011539682318,871.0,False,,,True,9,0
aco,adaptive,11,660.0,11.0,2,degrading,degrading,30 42 51 81,2227,1.06951871657754,0.935,0.0,34.64316594981709,18.183333333333334,57,3,54,1.785371385911255,0.5951237953037517,56.738296338324645,60.0,720.0,0.0,0.0,0.0,388.8299331999151,0.0,0.0,56.738296338324645,720.0,76.90394409997816,2197.4083468573313,,,,False,False,not_attempted,0,0,0,0,24,2,0.08333333333333333,171.19678206348985,871.0,False,,,False,7,0
aco,adaptive,12,720.0,12.0,2,degrading,degrading,30 42 51 81,2227,1.1494252873563218,0.87,0.0,34.48678831955742,18.2,54,4,50,2.314115940333772,0.578528985083443,59.052412278658416,60.0,780.0,0.0,0.0,0.0,388.8299331999151,0.0,0.0,59.052412278658416,780.0,78.21486694344634,2203.81016821849,,,,False,False,not_attempted,0,0,0,0,37,10,0.2702702702702703,170.47464206752815,1037.0,False,,,False,7,0
aco,adaptive,13,780.0,13.0,2,degrading,degrading,30 42 51 81,2227,1.2422360248447206,0.8049999999999999,0.0,34.30692006739202,18.216666666666665,50,3,47,2.14662973331982,0.71554324443994,61.199042011978236,60.0,840.0,0.0,0.0,0.0,388.8299331999151,0.0,0.0,61.199042011978236,840.0,79.09690486122379,2184.119834600246,,,,False,False,not_attempted,0,0,0,0,16,8,0.5,169.5415176889575,1037.0,False,,,False,7,0
aco,adaptive,14,840.0,14.0,2,degrading,degrading,30 42 51 81,2227,1.3513513513513513,0.74,0.0,34.09783830938845,18.233333333333334,47,2,45,1.7869017402860865,0.8934508701430433,62.98594375226432,60.0,900.0,0.0,0.0,0.0,388.8299331999151,0.0,0.0,62.98594375226432,900.0,80.17181687889453,2124.728567376767,,,,False,False,not_attempted,0,0,0,0,16,3,0.1875,169.34914471051954,1037.0,False,,,False,7,0
aco,adaptive,15,900.0,15.0,3,degrading,degrading,30 42 51 81,2227,1.4814814814814814,0.675,0.0,33.851796877256575,18.25,45,3,42,0.8906478101139441,0.2968826033713147,63.876591562378266,60.0,960.0,10.209726799977943,100.02895199996419,110.23867879994214,499.06861199985724,0.0,0.0,63.876591562378266,960.0,82.02812069268789,1968.134191500309,82.02812069268789,86.38076542771876,-4.352644735030864,True,False,incumbent_not_worse,6,23,0,0,31,0,0.0,169.2463684454606,1142.0,False,,,True,7,0
aco,adaptive,16,960.0,16.0,3,degrading,degrading,30 42 51 81,2227,1.639344262295082,0.61,0.0,33.55804547919766,18.266666666666666,42,2,40,3.2395375636047494,1.6197687818023747,67.11612912598302,60.0,1020.0,0.0,0.0,0.0,499.06861199985724,0.0,0.0,67.11612912598302,1020.0,85.71530151766025,1968.134191500309,,,,False,False,not_attempted,0,0,0,0,34,5,0.14705882352941177,169.06845468188945,1142.0,False,,,False,7,0
aco,adaptive,17,1020.0,17.0,3,degrading,degrading,30 42 51 81,2227,1.8348623853211008,0.545,0.0,33.20121701570619,18.283333333333335,40,3,37,5.172428300714191,1.7241427669047305,72.28855742669721,60.0,1080.0,0.0,0.0,0.0,499.06861199985724,0.0,0.0,72.28855742669721,1080.0,87.73969221248815,1949.4342316433465,,,,False,False,not_attempted,0,0,0,0,46,2,0.043478260869565216,168.63022353969063,1391.0,False,,,False,7,0
aco,adaptive,18,1080.0,18.0,3,degrading,degrading,30 42 51 81,2227,2.0833333333333335,0.48,0.0,32.75855106933444,18.3,37,0,37,2.8352250055752486,2.8352250055752486,75.12378243227246,60.0,1140.0,0.0,0.0,0.0,499.06861199985724,0.0,0.0,75.12378243227246,1140.0,87.75316769017905,1937.7243008586013,,,,False,False,not_attempted,0,0,0,0,11,0,0.0,168.2169273393971,1391.0,False,,,False,6,0
aco,adaptive,19,1140.0,19.0,3,degrading,degrading,30 42 51 81,2227,2.409638554216868,0.4149999999999999,0.0,32.194839714285706,18.316666666666666,37,3,34,2.18687036760122,0.7289567892004066,77.31065279987368,60.0,1200.0,0.0,0.0,0.0,499.06861199985724,0.0,0.0,77.31065279987368,1200.0,92.25270685236273,1991.5163649876408,,,,False,False,not_attempted,0,0,0,0,27,0,0.0,168.00536795426567,1391.0,False,,,False,5,0
aco,adaptive,20,1200.0,20.0,4,disrupted,holding,30 42 51 81,2227,2.857142857142857,0.35,0.0,31.452570520598588,18.333333333333332,34,3,31,3.014767901290458,1.004922633763486,80.32542070116413,60.0,1260.0,9.972705999971367,78.48224449995905,88.45495049993042,587.5235624997877,0.0,0.0,80.32542070116413,1260.0,99.6879600365502,2016.6622802889483,99.6879600365502,101.61372874235522,-1.9257687058050266,True,False,incumbent_not_worse,4,12,0,0,14,4,0.2857142857142857,167.83660831961538,1530.0,False,,,True,5,0
aco,adaptive,21,1260.0,21.0,4,disrupted,disrupted,30 42 51 81,2227,2.857142857142857,0.35,0.0,31.452570520598588,18.35,31,0,31,2.903182935854339,2.903182935854339,83.22860363701847,60.0,1320.0,0.0,0.0,0.0,587.5235624997877,0.0,0.0,83.22860363701847,1320.0,96.3866338647418,1885.4971530495718,,,,False,False,not_attempted,0,0,0,0,13,5,0.38461538461538464,167.5597909034166,1530.0,False,,,False,5,0
aco,adaptive,22,1320.0,22.0,4,disrupted,disrupted,30 42 51 81,2227,2.857142857142857,0.35,0.0,31.452570520598588,18.366666666666667,31,2,29,3.0460097534499386,1.5230048767249693,86.2746133904684,60.0,1380.0,0.0,0.0,0.0,587.5235624997877,0.0,0.0,86.2746133904684,1380.0,93.62945305513435,1885.4971530495718,,,,False,False,not_attempted,0,0,0,0,15,4,0.26666666666666666,165.5984302781594,1530.0,False,,,False,5,0
aco,adaptive,23,1380.0,23.0,4,disrupted,disrupted,30 42 51 81,2227,2.857142857142857,0.35,0.0,31.452570520598588,18.383333333333333,29,1,28,2.438432459041148,2.438432459041148,88.71304584950956,60.0,1440.0,0.0,0.0,0.0,587.5235624997877,0.0,0.0,88.71304584950956,1440.0,90.45307752609872,1747.6349228242902,,,,False,False,not_attempted,0,0,0,0,14,1,0.07142857142857142,164.785447513979,1530.0,False,,,False,5,0
aco,adaptive,24,1440.0,24.0,4,disrupted,disrupted,30 42 51 81,2227,2.857142857142857,0.35,0.0,31.452570520598588,18.4,28,2,26,1.8383826544101598,0.9191913272050799,90.55142850391971,60.0,1500.0,0.0,0.0,0.0,587.5235624997877,0.0,0.0,90.55142850391971,1500.0,88.23899985738103,1747.6349228242902,,,,False,False,not_attempted,0,0,0,0,14,0,0.0,164.69211418064566,1530.0,False,,,False,5,0
aco,adaptive,25,1500.0,25.0,5,disrupted,disrupted,30 42 51 81,2227,2.857142857142857,0.35,0.0,31.452570520598588,18.416666666666668,26,1,25,2.2578458335484672,2.2578458335484672,92.80927433746818,60.0,1560.0,5.959998816251755e-05,29.499243299942464,29.499302899930626,617.0228653997183,0.0,0.0,92.80927433746818,1560.0,86.31166792126656,1712.2308038311553,86.31166792126656,90.53191456713564,-4.220246645869082,True,False,incumbent_not_worse,4,14,0,0,17,3,0.17647058823529413,163.21558258040176,1530.0,False,,,True,5,0
aco,adaptive,26,1560.0,26.0,5,disrupted,disrupted,30 42 51 81,2227,2.857142857142857,0.35,0.0,31.452570520598588,18.433333333333334,25,2,23,1.7764055519932453,0.8882027759966227,94.58567988946143,60.0,1620.0,0.0,0.0,0.0,617.0228653997183,0.0,0.0,94.58567988946143,1620.0,83.82840729495301,1581.0725019317945,,,,False,False,not_attempted,0,0,0,0,7,0,0.0,162.84553730197544,1530.0,False,,,False,5,0
aco,adaptive,27,1620.0,27.0,5,disrupted,disrupted,30 42 51 81,2227,2.857142857142857,0.35,0.0,31.452570520598588,18.45,23,2,21,1.7694336483136364,0.8847168241568182,96.35511353777507,60.0,1680.0,0.0,0.0,0.0,617.0228653997183,0.0,0.0,96.35511353777507,1680.0,82.32159639349398,1581.0725019317945,,,,False,False,not_attempted,0,0,0,0,23,1,0.043478260869565216,162.7522039686421,1530.0,False,,,False,5,0
aco,adaptive,28,1680.0,28.0,5,disrupted,disrupted,30 42 51 81,2227,2.857142857142857,0.35,0.0,31.452570520598588,18.466666666666665,21,2,19,4.831078508232461,2.4155392541162306,101.18619204600753,60.0,1740.0,0.0,0.0,0.0,617.0228653997183,0.0,0.0,101.18619204600753,1740.0,80.5693091018036,1533.9669554505633,,,,False,False,not_attempted,0,0,0,0,14,9,0.6428571428571429,159.2247678405435,1530.0,False,,,False,5,0
aco,adaptive,29,1740.0,29.0,5,disrupted,disrupted,30 42 51 81,2227,2.857142857142857,0.35,0.0,31.452570520598588,18.483333333333334,19,1,18,4.243097520495145,4.243097520495145,105.42928956650267,60.0,1800.0,0.0,0.0,0.0,617.0228653997183,0.0,0.0,105.42928956650267,1800.0,74.96781424515041,1393.4141745218167,,,,False,False,not_attempted,0,0,0,0,14,4,0.2857142857142857,157.33966751267297,1530.0,False,,,False,5,0
aco,adaptive,30,1800.0,30.0,6,recovering,recovering,30 42 51 81,2227,2.857142857142857,0.35,0.0,31.452570520598588,18.5,18,1,17,3.209858195607444,3.209858195607444,108.63914776211011,60.0,1860.0,5.909998435527086e-05,13.140778000000864,13.14083709998522,630.1637024997035,0.0,0.0,108.63914776211011,1860.0,67.70044111043376,1208.1626514484385,71.41438197626007,67.70044111043376,3.7139408658263164,True,True,lower_residual_energy,4,7,4,7,61,2,0.03278688524590164,157.24633417933964,1564.0,False,,,True,5,0
aco,adaptive,31,1860.0,31.0,6,recovering,recovering,30 42 51 81,2227,2.6595744680851063,0.376,0.04,31.77601131408416,18.516666666666666,17,2,15,4.148470589303109,2.0742352946515545,112.78761835141322,60.0,1920.0,0.0,0.0,0.0,630.1637024997035,0.0,0.0,112.78761835141322,1920.0,61.38391118581277,1108.687902391925,,,,False,False,not_attempted,0,0,0,0,27,4,0.14814814814814814,155.66415419684793,1589.0,False,,,False,5,0
aco,adaptive,32,1920.0,32.0,6,recovering,recovering,30 42 51 81,2227,2.4875621890547266,0.40199999999999997,0.08,32.063080038424864,18.533333333333335,15,0,15,1.0451882819363558,1.0451882819363558,113.83280663334958,60.0,1980.0,0.0,0.0,0.0,630.1637024997035,0.0,0.0,113.83280663334958,1980.0,55.64005116378957,1029.4658650512256,,,,False,False,not_attempted,0,0,0,0,4,1,0.25,155.5708208635146,1589.0,False,,,False,4,0
aco,adaptive,33,1980.0,33.0,6,recovering,recovering,30 42 51 81,2227,2.336448598130841,0.428,0.12,32.31958534492627,18.55,15,3,12,2.151426049769006,0.7171420165896687,115.98423268311858,60.0,2040.0,0.0,0.0,0.0,630.1637024997035,0.0,0.0,115.98423268311858,2040.0,52.492601409050906,941.9313930260942,,,,False,False,not_attempted,0,0,0,0,36,2,0.05555555555555555,155.36429143919742,1589.0,False,,,False,4,0
aco,adaptive,34,2040.0,34.0,6,recovering,recovering,30 42 51 81,2227,2.2026431718061676,0.45399999999999996,0.16,32.55016153739909,18.566666666666666,12,1,11,2.1169461500817826,2.1169461500817826,118.10117883320036,60.0,2100.0,0.0,0.0,0.0,630.1637024997035,0.0,0.0,118.10117883320036,2100.0,48.65183223167345,776.2734262731501,,,,False,False,not_attempted,0,0,0,0,17,5,0.29411764705882354,153.64958994033918,1703.0,False,,,False,4,0
aco,adaptive,35,2100.0,35.0,7,recovering,recovering,30 42 51 81,2227,2.0833333333333335,0.48,0.2,32.75855106933444,18.583333333333332,11,2,9,2.7936164244182544,1.3968082122091272,120.89479525761863,60.0,2160.0,10.480107699986547,2.6725456001004204,13.152653300086968,643.3163557997905,0.0,0.0,120.89479525761863,2160.0,45.33967934823671,765.7750565771787,45.33967934823671,46.133272529434876,-0.7935931811981689,True,False,incumbent_not_worse,1,1,0,0,7,4,0.5714285714285714,152.3062796148293,1703.0,False,,,True,3,0
aco,adaptive,36,2160.0,36.0,7,recovering,recovering,30 42 51 81,2227,1.976284584980237,0.506,0.24,32.94780923645322,18.6,9,1,8,1.6426186901258075,1.6426186901258075,122.53741394774443,60.0,2220.0,0.0,0.0,0.0,643.3163557997905,0.0,0.0,122.53741394774443,2220.0,40.756963371952665,763.7603220007659,,,,False,False,not_attempted,0,0,0,0,10,2,0.2,152.21294628149596,1936.0,False,,,False,2,0
aco,adaptive,37,2220.0,37.0,7,recovering,recovering,30 42 51 81,2227,1.8796992481203008,0.532,0.28,33.120454967615515,18.616666666666667,8,1,7,0.33483826153575047,0.33483826153575047,122.87225220928018,60.0,2280.0,0.0,0.0,0.0,643.3163557997905,0.0,0.0,122.87225220928018,2280.0,38.77895221628435,646.1747466357067,,,,False,False,not_attempted,0,0,0,0,0,0,0.0,152.14984925576542,1936.0,False,,,False,2,0
aco,adaptive,38,2280.0,38.0,7,recovering,recovering,30 42 51 81,2227,1.7921146953405016,0.558,0.32,33.27858357743186,18.633333333333333,7,1,6,0.2546578753083417,0.2546578753083417,123.12691008458852,60.0,2340.0,0.0,0.0,0.0,643.3163557997905,0.0,0.0,123.12691008458852,2340.0,37.72057832163644,633.2675348885416,,,,False,False,not_attempted,0,0,0,0,11,0,0.0,152.14984925576542,1936.0,False,,,False,2,0
aco,adaptive,39,2340.0,39.0,7,recovering,recovering,30 42 51 81,2227,1.7123287671232879,0.584,0.36,33.42395222363892,18.65,6,1,5,1.433911876381245,1.433911876381245,124.56082196096976,60.0,2400.0,0.0,0.0,0.0,643.3163557997905,0.0,0.0,124.56082196096976,2400.0,36.64281897806304,511.2846527092495,,,,False,False,not_attempted,0,0,0,0,3,3,1.0,152.14984925576542,1936.0,False,,,False,2,0
aco,adaptive,40,2400.0,40.0,8,recovering,recovering,30 42 51 81,2227,1.639344262295082,0.61,0.4,33.55804547919766,18.666666666666668,5,1,4,0.48321770411007847,0.48321770411007847,125.04403966507984,60.0,2460.0,10.157267500064336,1.0612527000484988,11.218520200112835,654.5348759999033,0.0,0.0,125.04403966507984,2460.0,34.51090860251397,501.53237449879015,34.51090860251397,34.51090860251397,0.0,True,False,incumbent_not_worse,0,0,0,0,14,0,0.0,152.14984925576542,1936.0,False,,,True,2,0
aco,adaptive,41,2460.0,41.0,8,recovering,recovering,30 42 51 81,2227,1.572327044025157,0.636,0.44,33.68212621591513,18.683333333333334,4,1,3,0.4458850390961153,0.4458850390961153,125.48992470417595,60.0,2520.0,0.0,0.0,0.0,654.5348759999033,0.0,0.0,125.48992470417595,2520.0,33.57650503195252,500.13146941684766,,,,False,False,not_attempted,0,0,0,0,7,1,0.14285714285714285,152.14984925576542,1936.0,False,,,False,2,0
aco,adaptive,42,2520.0,42.0,8,recovering,recovering,30 42 51 81,2227,1.5105740181268883,0.6619999999999999,0.48,33.79727550010811,18.7,3,0,3,1.8585333461509654,1.8585333461509654,127.34845805032691,60.0,2580.0,0.0,0.0,0.0,654.5348759999033,0.0,0.0,127.34845805032691,2580.0,32.39121634192861,498.8406052174747,,,,False,False,not_attempted,0,0,0,0,5,5,1.0,152.14984925576542,1936.0,False,,,False,2,0
aco,adaptive,43,2580.0,43.0,8,recovering,recovering,30 42 51 81,2227,1.4534883720930234,0.688,0.52,33.904424172373204,18.716666666666665,3,1,2,3.0761648670639463,3.0761648670639463,130.42462291739085,60.0,2640.0,0.0,0.0,0.0,654.5348759999033,0.0,0.0,130.42462291739085,2640.0,30.051092967917103,497.6473063354962,,,,False,False,not_attempted,0,0,0,0,14,1,0.07142857142857142,152.14984925576542,1936.0,False,,,False,2,0
aco,adaptive,44,2640.0,44.0,8,recovering,recovering,30 42 51 81,2227,1.400560224089636,0.714,0.56,34.00437806583756,18.733333333333334,2,0,2,0.18666666666666665,0.18666666666666665,130.61128958405752,60.0,2700.0,0.0,0.0,0.0,654.5348759999033,0.0,0.0,130.61128958405752,2700.0,26.697900062658796,496.54091437489427,,,,False,False,not_attempted,0,0,0,0,0,0,0.0,152.14984925576542,1936.0,False,,,False,0,0
aco,adaptive,45,2700.0,45.0,9,recovering,recovering,30 42 51 81,2227,1.3513513513513513,0.74,0.6,34.09783830938845,18.75,2,2,0,26.188543692864286,13.094271846432143,156.79983327692182,538.6112360911834,3238.6112360911834,0.0,0.0,0.0,654.5348759999033,0.0,0.0,156.79983327692182,3238.6112360911834,26.397367143610854,495.5122688763887,,,,False,False,not_attempted,0,0,0,0,461,26,0.05639913232104121,148.77636790339488,1936.0,True,,,False,0,0
aco,static_live,0,0.0,0.0,0,normal,initial,30 42 51 81,0,1.0,1.0,0.0,34.78037077224997,18.0,84,0,84,18.680839634308782,18.680839634308782,18.680839634308782,60.0,60.0,9.003784299944527,22.83633279998321,31.84011709992774,31.84011709992774,0.0,0.0,18.680839634308782,60.0,129.8572811733068,2948.952446263193,,,,False,False,initial_plan,0,0,0,0,130,0,0.0,177.2717760608753,0.0,False,,,True,10,10
aco,static_live,1,60.0,1.0,0,normal,normal,30 42 51 81,0,1.0,1.0,0.0,34.78037077224997,18.016666666666666,84,0,84,4.7680615934003905,4.7680615934003905,23.44890122770917,60.0,120.0,0.0,0.0,0.0,31.84011709992774,0.0,0.0,23.44890122770917,120.0,110.44402959570512,2884.5846107093394,,,,False,False,not_attempted,0,0,0,0,76,0,0.0,176.09020652430007,0.0,False,,,False,10,10
aco,static_live,2,120.0,2.0,0,normal,normal,30 42 51 81,0,1.0,1.0,0.0,34.78037077224997,18.033333333333335,84,3,81,5.306297452810553,1.7687658176035177,28.755198680519726,60.0,180.0,0.0,0.0,0.0,31.84011709992774,0.0,0.0,28.755198680519726,180.0,105.15915328473176,2752.5964808827875,,,,False,False,not_attempted,0,0,0,0,66,0,0.0,174.7596401655785,215.0,False,,,False,9,7
aco,static_live,3,180.0,3.0,0,normal,normal,30 42 51 81,0,1.0,1.0,0.0,34.78037077224997,18.05,81,3,78,4.660065898009958,1.5533552993366528,33.41526457852969,60.0,240.0,0.0,0.0,0.0,31.84011709992774,0.0,0.0,33.41526457852969,240.0,100.06592291517671,2752.5964808827875,,,,False,False,not_attempted,0,0,0,0,63,0,0.0,174.60001662259305,215.0,False,,,False,9,4
aco,static_live,4,240.0,4.0,0,normal,normal,30 42 51 81,0,1.0,1.0,0.0,34.78037077224997,18.066666666666666,78,1,77,3.024516702171434,3.024516702171434,36.43978128070112,60.0,300.0,0.0,0.0,0.0,31.84011709992774,0.0,0.0,36.43978128070112,300.0,95.6512867909427,2700.7402108848582,,,,False,False,not_attempted,0,0,0,0,41,0,0.0,174.23595111138894,241.0,False,,,False,9,4
aco,static_live,5,300.0,5.0,1,normal,normal,30 42 51 81,0,1.0,1.0,0.0,34.78037077224997,18.083333333333332,77,4,73,2.8679341198432,0.7169835299608,39.30771540054432,60.0,360.0,0.0,0.0,0.0,31.84011709992774,0.0,0.0,39.30771540054432,360.0,92.80451466956619,2531.148694412799,,,,False,False,not_attempted,0,0,0,0,31,0,0.0,174.1426177780556,402.0,False,,,False,9,2
aco,static_live,6,360.0,6.0,1,normal,normal,30 42 51 81,0,1.0,1.0,0.0,34.78037077224997,18.1,73,3,70,3.5198933529509064,1.1732977843169687,42.82760875349523,60.0,420.0,0.0,0.0,0.0,31.84011709992774,0.0,0.0,42.82760875349523,420.0,89.498725620101,2531.148694412799,,,,False,False,not_attempted,0,0,0,0,44,0,0.0,173.80269504982573,422.0,False,,,False,9,1
aco,static_live,7,420.0,7.0,1,normal,normal,30 42 51 81,0,1.0,1.0,0.0,34.78037077224997,18.116666666666667,70,3,67,4.091652081357425,1.3638840271191415,46.91926083485265,60.0,480.0,0.0,0.0,0.0,31.84011709992774,0.0,0.0,46.91926083485265,480.0,86.23763270067052,2527.8765656637133,,,,False,False,not_attempted,0,0,0,0,30,0,0.0,171.7315048732715,641.0,False,,,False,9,1
aco,static_live,8,480.0,8.0,1,normal,normal,30 42 51 81,0,1.0,1.0,0.0,34.78037077224997,18.133333333333333,67,4,63,1.9465284663171223,0.48663211657928057,48.86578930116977,60.0,540.0,0.0,0.0,0.0,31.84011709992774,0.0,0.0,48.86578930116977,540.0,82.12902723057795,2353.8339100285225,,,,False,False,not_attempted,0,0,0,0,27,0,0.0,171.63817153993816,647.0,False,,,False,9,0
aco,static_live,9,540.0,9.0,1,normal,normal,30 42 51 81,0,1.0,1.0,0.0,34.78037077224997,18.15,63,4,59,3.8465037675471145,0.9616259418867786,52.71229306871688,60.0,600.0,0.0,0.0,0.0,31.84011709992774,0.0,0.0,52.71229306871688,600.0,80.29025643260388,2353.8339100285225,,,,False,False,not_attempted,0,0,0,0,34,0,0.0,171.54640459197284,647.0,False,,,False,9,0
aco,static_live,10,600.0,10.0,2,degrading,degrading,30 42 51 81,0,1.0,1.0,0.0,34.78037077224997,18.166666666666668,59,2,57,2.2406318836965116,1.1203159418482558,54.95292495241339,60.0,660.0,0.0,0.0,0.0,31.84011709992774,0.0,0.0,54.95292495241339,660.0,76.26459852359919,2334.9570515159016,,,,False,False,not_attempted,0,0,0,0,28,0,0.0,171.29011539682318,871.0,False,,,False,9,0
aco,static_live,11,660.0,11.0,2,degrading,degrading,30 42 51 81,2227,1.06951871657754,0.935,0.0,34.64316594981709,18.183333333333334,57,3,54,1.785371385911255,0.5951237953037517,56.738296338324645,60.0,720.0,0.0,0.0,0.0,31.84011709992774,0.0,0.0,56.738296338324645,720.0,76.90394409997816,2197.4083468573313,,,,False,False,not_attempted,0,0,0,0,24,2,0.08333333333333333,171.19678206348985,871.0,False,,,False,7,0
aco,static_live,12,720.0,12.0,2,degrading,degrading,30 42 51 81,2227,1.1494252873563218,0.87,0.0,34.48678831955742,18.2,54,4,50,2.314115940333772,0.578528985083443,59.052412278658416,60.0,780.0,0.0,0.0,0.0,31.84011709992774,0.0,0.0,59.052412278658416,780.0,78.21486694344634,2203.81016821849,,,,False,False,not_attempted,0,0,0,0,37,10,0.2702702702702703,170.47464206752815,1037.0,False,,,False,7,0
aco,static_live,13,780.0,13.0,2,degrading,degrading,30 42 51 81,2227,1.2422360248447206,0.8049999999999999,0.0,34.30692006739202,18.216666666666665,50,3,47,2.14662973331982,0.71554324443994,61.199042011978236,60.0,840.0,0.0,0.0,0.0,31.84011709992774,0.0,0.0,61.199042011978236,840.0,79.09690486122379,2184.119834600246,,,,False,False,not_attempted,0,0,0,0,16,8,0.5,169.5415176889575,1037.0,False,,,False,7,0
aco,static_live,14,840.0,14.0,2,degrading,degrading,30 42 51 81,2227,1.3513513513513513,0.74,0.0,34.09783830938845,18.233333333333334,47,2,45,1.7869017402860865,0.8934508701430433,62.98594375226432,60.0,900.0,0.0,0.0,0.0,31.84011709992774,0.0,0.0,62.98594375226432,900.0,80.17181687889453,2124.728567376767,,,,False,False,not_attempted,0,0,0,0,16,3,0.1875,169.34914471051954,1037.0,False,,,False,7,0
aco,static_live,15,900.0,15.0,3,degrading,degrading,30 42 51 81,2227,1.4814814814814814,0.675,0.0,33.851796877256575,18.25,45,3,42,0.8906478101139441,0.2968826033713147,63.876591562378266,60.0,960.0,0.0,0.0,0.0,31.84011709992774,0.0,0.0,63.876591562378266,960.0,82.02812069268789,1968.134191500309,,,,False,False,not_attempted,0,0,0,0,31,0,0.0,169.2463684454606,1142.0,False,,,False,7,0
aco,static_live,16,960.0,16.0,3,degrading,degrading,30 42 51 81,2227,1.639344262295082,0.61,0.0,33.55804547919766,18.266666666666666,42,2,40,3.2395375636047494,1.6197687818023747,67.11612912598302,60.0,1020.0,0.0,0.0,0.0,31.84011709992774,0.0,0.0,67.11612912598302,1020.0,85.71530151766025,1968.134191500309,,,,False,False,not_attempted,0,0,0,0,34,5,0.14705882352941177,169.06845468188945,1142.0,False,,,False,7,0
aco,static_live,17,1020.0,17.0,3,degrading,degrading,30 42 51 81,2227,1.8348623853211008,0.545,0.0,33.20121701570619,18.283333333333335,40,3,37,5.172428300714191,1.7241427669047305,72.28855742669721,60.0,1080.0,0.0,0.0,0.0,31.84011709992774,0.0,0.0,72.28855742669721,1080.0,87.73969221248815,1949.4342316433465,,,,False,False,not_attempted,0,0,0,0,46,2,0.043478260869565216,168.63022353969063,1391.0,False,,,False,7,0
aco,static_live,18,1080.0,18.0,3,degrading,degrading,30 42 51 81,2227,2.0833333333333335,0.48,0.0,32.75855106933444,18.3,37,0,37,2.8352250055752486,2.8352250055752486,75.12378243227246,60.0,1140.0,0.0,0.0,0.0,31.84011709992774,0.0,0.0,75.12378243227246,1140.0,87.75316769017905,1937.7243008586013,,,,False,False,not_attempted,0,0,0,0,11,0,0.0,168.2169273393971,1391.0,False,,,False,6,0
aco,static_live,19,1140.0,19.0,3,degrading,degrading,30 42 51 81,2227,2.409638554216868,0.4149999999999999,0.0,32.194839714285706,18.316666666666666,37,3,34,2.18687036760122,0.7289567892004066,77.31065279987368,60.0,1200.0,0.0,0.0,0.0,31.84011709992774,0.0,0.0,77.31065279987368,1200.0,92.25270685236273,1991.5163649876408,,,,False,False,not_attempted,0,0,0,0,27,0,0.0,168.00536795426567,1391.0,False,,,False,5,0
aco,static_live,20,1200.0,20.0,4,disrupted,holding,30 42 51 81,2227,2.857142857142857,0.35,0.0,31.452570520598588,18.333333333333332,34,3,31,3.014767901290458,1.004922633763486,80.32542070116413,60.0,1260.0,0.0,0.0,0.0,31.84011709992774,0.0,0.0,80.32542070116413,1260.0,99.6879600365502,2016.6622802889483,,,,False,False,not_attempted,0,0,0,0,14,4,0.2857142857142857,167.83660831961538,1530.0,False,,,False,5,0
aco,static_live,21,1260.0,21.0,4,disrupted,disrupted,30 42 51 81,2227,2.857142857142857,0.35,0.0,31.452570520598588,18.35,31,0,31,2.903182935854339,2.903182935854339,83.22860363701847,60.0,1320.0,0.0,0.0,0.0,31.84011709992774,0.0,0.0,83.22860363701847,1320.0,96.3866338647418,1885.4971530495718,,,,False,False,not_attempted,0,0,0,0,13,5,0.38461538461538464,167.5597909034166,1530.0,False,,,False,5,0
aco,static_live,22,1320.0,22.0,4,disrupted,disrupted,30 42 51 81,2227,2.857142857142857,0.35,0.0,31.452570520598588,18.366666666666667,31,2,29,3.0460097534499386,1.5230048767249693,86.2746133904684,60.0,1380.0,0.0,0.0,0.0,31.84011709992774,0.0,0.0,86.2746133904684,1380.0,93.62945305513435,1885.4971530495718,,,,False,False,not_attempted,0,0,0,0,15,4,0.26666666666666666,165.5984302781594,1530.0,False,,,False,5,0
aco,static_live,23,1380.0,23.0,4,disrupted,disrupted,30 42 51 81,2227,2.857142857142857,0.35,0.0,31.452570520598588,18.383333333333333,29,1,28,2.438432459041148,2.438432459041148,88.71304584950956,60.0,1440.0,0.0,0.0,0.0,31.84011709992774,0.0,0.0,88.71304584950956,1440.0,90.45307752609874,1747.6349228242902,,,,False,False,not_attempted,0,0,0,0,14,1,0.07142857142857142,164.785447513979,1530.0,False,,,False,5,0
aco,static_live,24,1440.0,24.0,4,disrupted,disrupted,30 42 51 81,2227,2.857142857142857,0.35,0.0,31.452570520598588,18.4,28,2,26,1.8383826544101598,0.9191913272050799,90.55142850391971,60.0,1500.0,0.0,0.0,0.0,31.84011709992774,0.0,0.0,90.55142850391971,1500.0,88.23899985738103,1747.6349228242902,,,,False,False,not_attempted,0,0,0,0,14,0,0.0,164.69211418064566,1530.0,False,,,False,5,0
aco,static_live,25,1500.0,25.0,5,disrupted,disrupted,30 42 51 81,2227,2.857142857142857,0.35,0.0,31.452570520598588,18.416666666666668,26,1,25,2.2578458335484672,2.2578458335484672,92.80927433746818,60.0,1560.0,0.0,0.0,0.0,31.84011709992774,0.0,0.0,92.80927433746818,1560.0,86.31166792126656,1712.2308038311553,,,,False,False,not_attempted,0,0,0,0,17,3,0.17647058823529413,163.21558258040176,1530.0,False,,,False,5,0
aco,static_live,26,1560.0,26.0,5,disrupted,disrupted,30 42 51 81,2227,2.857142857142857,0.35,0.0,31.452570520598588,18.433333333333334,25,2,23,1.7764055519932453,0.8882027759966227,94.58567988946143,60.0,1620.0,0.0,0.0,0.0,31.84011709992774,0.0,0.0,94.58567988946143,1620.0,83.82840729495301,1581.0725019317945,,,,False,False,not_attempted,0,0,0,0,7,0,0.0,162.84553730197544,1530.0,False,,,False,5,0
aco,static_live,27,1620.0,27.0,5,disrupted,disrupted,30 42 51 81,2227,2.857142857142857,0.35,0.0,31.452570520598588,18.45,23,2,21,1.7694336483136364,0.8847168241568182,96.35511353777507,60.0,1680.0,0.0,0.0,0.0,31.84011709992774,0.0,0.0,96.35511353777507,1680.0,82.32159639349398,1581.0725019317945,,,,False,False,not_attempted,0,0,0,0,23,1,0.043478260869565216,162.7522039686421,1530.0,False,,,False,5,0
aco,static_live,28,1680.0,28.0,5,disrupted,disrupted,30 42 51 81,2227,2.857142857142857,0.35,0.0,31.452570520598588,18.466666666666665,21,2,19,4.831078508232461,2.4155392541162306,101.18619204600753,60.0,1740.0,0.0,0.0,0.0,31.84011709992774,0.0,0.0,101.18619204600753,1740.0,80.5693091018036,1533.9669554505633,,,,False,False,not_attempted,0,0,0,0,14,9,0.6428571428571429,159.2247678405435,1530.0,False,,,False,5,0
aco,static_live,29,1740.0,29.0,5,disrupted,disrupted,30 42 51 81,2227,2.857142857142857,0.35,0.0,31.452570520598588,18.483333333333334,19,1,18,4.243097520495145,4.243097520495145,105.42928956650267,60.0,1800.0,0.0,0.0,0.0,31.84011709992774,0.0,0.0,105.42928956650267,1800.0,74.96781424515041,1393.4141745218167,,,,False,False,not_attempted,0,0,0,0,14,4,0.2857142857142857,157.33966751267297,1530.0,False,,,False,5,0
aco,static_live,30,1800.0,30.0,6,recovering,recovering,30 42 51 81,2227,2.857142857142857,0.35,0.0,31.452570520598588,18.5,18,1,17,2.749602091343245,2.749602091343245,108.17889165784592,60.0,1860.0,0.0,0.0,0.0,31.84011709992774,0.0,0.0,108.17889165784592,1860.0,71.41438197626007,1393.4141745218167,,,,False,False,not_attempted,0,0,0,0,16,4,0.25,157.24633417933964,1564.0,False,,,False,4,0
aco,static_live,31,1860.0,31.0,6,recovering,recovering,30 42 51 81,2227,2.6595744680851063,0.376,0.04,31.77601131408416,18.516666666666666,17,2,15,4.152342271535372,2.076171135767686,112.3312339293813,60.0,1920.0,0.0,0.0,0.0,31.84011709992774,0.0,0.0,112.3312339293813,1920.0,65.67820788405481,1333.960198198507,,,,False,False,not_attempted,0,0,0,0,20,5,0.25,155.66415419684793,1589.0,False,,,False,4,0
aco,static_live,32,1920.0,32.0,6,recovering,recovering,30 42 51 81,2227,2.4875621890547266,0.40199999999999997,0.08,32.063080038424864,18.533333333333335,15,1,14,2.214688524481217,2.214688524481217,114.54592245386252,60.0,1980.0,0.0,0.0,0.0,31.84011709992774,0.0,0.0,114.54592245386252,1980.0,60.14183697144849,1249.9557778804376,,,,False,False,not_attempted,0,0,0,0,22,0,0.0,155.5708208635146,1589.0,False,,,False,3,0
aco,static_live,33,1980.0,33.0,6,recovering,recovering,30 42 51 81,2227,2.336448598130841,0.428,0.12,32.31958534492627,18.55,14,2,12,1.7856634641557048,0.8928317320778524,116.33158591801822,60.0,2040.0,0.0,0.0,0.0,31.84011709992774,0.0,0.0,116.33158591801822,2040.0,56.16575572201736,1171.3762732585665,,,,False,False,not_attempted,0,0,0,0,8,1,0.125,155.36429143919742,1589.0,False,,,False,3,0
aco,static_live,34,2040.0,34.0,6,recovering,recovering,30 42 51 81,2227,2.2026431718061676,0.45399999999999996,0.16,32.55016153739909,18.566666666666666,12,1,11,2.2021983681456394,2.2021983681456394,118.53378428616386,60.0,2100.0,0.0,0.0,0.0,31.84011709992774,0.0,0.0,118.53378428616386,2100.0,52.655899826587685,1082.3273257190292,,,,False,False,not_attempted,0,0,0,0,24,5,0.20833333333333334,153.64958994033918,1589.0,False,,,False,3,0
aco,static_live,35,2100.0,35.0,7,recovering,recovering,30 42 51 81,2227,2.0833333333333335,0.48,0.2,32.75855106933444,18.583333333333332,11,0,11,3.011995273338371,3.011995273338371,121.54577955950224,60.0,2160.0,0.0,0.0,0.0,31.84011709992774,0.0,0.0,121.54577955950224,2160.0,49.18892856404617,1023.39085265916,,,,False,False,not_attempted,0,0,0,0,9,6,0.6666666666666666,152.3062796148293,1589.0,False,,,False,3,0
aco,static_live,36,2160.0,36.0,7,recovering,recovering,30 42 51 81,2227,1.976284584980237,0.506,0.24,32.94780923645322,18.6,11,1,10,1.7097227703041948,1.7097227703041948,123.25550232980643,60.0,2220.0,0.0,0.0,0.0,31.84011709992774,0.0,0.0,123.25550232980643,2220.0,44.78852500318945,935.7135398837627,,,,False,False,not_attempted,0,0,0,0,12,4,0.3333333333333333,152.21294628149596,1589.0,False,,,False,3,0
aco,static_live,37,2220.0,37.0,7,recovering,recovering,30 42 51 81,2227,1.8796992481203008,0.532,0.28,33.120454967615515,18.616666666666667,10,1,9,1.4946182080908796,1.4946182080908796,124.75012053789732,60.0,2280.0,0.0,0.0,0.0,31.84011709992774,0.0,0.0,124.75012053789732,2280.0,42.46707447836144,804.3953646958312,,,,False,False,not_attempted,0,0,0,0,14,2,0.14285714285714285,151.42343978895784,1589.0,False,,,False,3,0
aco,static_live,38,2280.0,38.0,7,recovering,recovering,30 42 51 81,2227,1.7921146953405016,0.558,0.32,33.27858357743186,18.633333333333333,9,0,9,0.9670913204893523,0.9670913204893523,125.71721185838666,60.0,2340.0,0.0,0.0,0.0,31.84011709992774,0.0,0.0,125.71721185838666,2340.0,39.70224361904486,672.534906583667,,,,False,False,not_attempted,0,0,0,0,26,0,0.0,150.6430151351351,1589.0,False,,,False,3,0
aco,static_live,39,2340.0,39.0,7,recovering,recovering,30 42 51 81,2227,1.7123287671232879,0.584,0.36,33.42395222363892,18.65,9,2,7,2.3651116654592186,1.1825558327296093,128.08232352384587,60.0,2400.0,0.0,0.0,0.0,31.84011709992774,0.0,0.0,128.08232352384587,2400.0,38.21836194845393,663.9162908556318,,,,False,False,not_attempted,0,0,0,0,32,3,0.09375,150.1866919723791,1717.0,False,,,False,3,0
aco,static_live,40,2400.0,40.0,8,recovering,recovering,30 42 51 81,2227,1.639344262295082,0.61,0.4,33.55804547919766,18.666666666666668,7,0,7,0.8604733183527862,0.8604733183527862,128.94279684219865,60.0,2460.0,0.0,0.0,0.0,31.84011709992774,0.0,0.0,128.94279684219865,2460.0,35.12799251203216,499.14846959927024,,,,False,False,not_attempted,0,0,0,0,33,0,0.0,149.51288532069296,1717.0,False,,,False,3,0
aco,static_live,41,2460.0,41.0,8,recovering,recovering,30 42 51 81,2227,1.572327044025157,0.636,0.44,33.68212621591513,18.683333333333334,7,2,5,0.7200806200830123,0.36004031004150616,129.66287746228167,60.0,2520.0,0.0,0.0,0.0,31.84011709992774,0.0,0.0,129.66287746228167,2520.0,33.68455457473871,493.41698497100265,,,,False,False,not_attempted,0,0,0,0,3,1,0.3333333333333333,149.41955198735963,1774.0,False,,,False,2,0
aco,static_live,42,2520.0,42.0,8,recovering,recovering,30 42 51 81,2227,1.5105740181268883,0.6619999999999999,0.48,33.79727550010811,18.7,5,1,4,1.9293000378511649,1.9293000378511649,131.59217750013283,60.0,2580.0,0.0,0.0,0.0,31.84011709992774,0.0,0.0,131.59217750013283,2580.0,32.51953704376107,463.360204682525,,,,False,False,not_attempted,0,0,0,0,26,2,0.07692307692307693,149.32713962503348,1774.0,False,,,False,2,0
aco,static_live,43,2580.0,43.0,8,recovering,recovering,30 42 51 81,2227,1.4534883720930234,0.688,0.52,33.904424172373204,18.716666666666665,4,0,4,0.18889224950492323,0.18889224950492323,131.78106974963777,60.0,2640.0,0.0,0.0,0.0,31.84011709992774,0.0,0.0,131.78106974963777,2640.0,30.265487754406948,383.18427960903756,,,,False,False,not_attempted,0,0,0,0,1,0,0.0,149.32713962503348,1774.0,False,,,False,2,0
aco,static_live,44,2640.0,44.0,8,recovering,recovering,30 42 51 81,2227,1.400560224089636,0.714,0.56,34.00437806583756,18.733333333333334,4,1,3,1.3943188799145243,1.3943188799145243,133.1753886295523,60.0,2700.0,0.0,0.0,0.0,31.84011709992774,0.0,0.0,133.1753886295523,2700.0,29.67650189604236,318.57252041443166,,,,False,False,not_attempted,0,0,0,0,4,4,1.0,149.32713962503348,1917.0,False,,,False,2,0
aco,static_live,45,2700.0,45.0,9,recovering,recovering,30 42 51 81,2227,1.3513513513513513,0.74,0.6,34.09783830938845,18.75,3,1,2,3.2396515549362266,3.2396515549362266,136.4150401844885,60.0,2760.0,0.0,0.0,0.0,31.84011709992774,0.0,0.0,136.4150401844885,2760.0,27.840937012120804,311.021578209865,,,,False,False,not_attempted,0,0,0,0,17,3,0.17647058823529413,148.95790530803822,1917.0,False,,,False,2,0
aco,static_live,46,2760.0,46.0,9,recovering,recovering,30 42 51 81,2227,1.3054830287206267,0.766,0.64,34.18541779831154,18.766666666666666,2,0,2,0.4856303995756955,0.4856303995756955,136.9006705840642,60.0,2820.0,0.0,0.0,0.0,31.84011709992774,0.0,0.0,136.9006705840642,2820.0,24.517278991787983,311.021578209865,,,,False,False,not_attempted,0,0,0,0,2,0,0.0,148.56560824179587,1917.0,False,,,False,1,0
aco,static_live,47,2820.0,47.0,9,recovering,recovering,30 42 51 81,2227,1.2626262626262625,0.792,0.68,34.26765465063994,18.783333333333335,2,1,1,0.1345259700361054,0.1345259700361054,137.03519655410028,60.0,2880.0,0.0,0.0,0.0,31.84011709992774,0.0,0.0,137.03519655410028,2880.0,23.835962026424895,311.021578209865,,,,False,False,not_attempted,0,0,0,0,0,0,0.0,148.47227490846254,1952.0,False,,,False,0,0
aco,static_live,48,2880.0,48.0,9,recovering,recovering,30 42 51 81,2227,1.2224938875305624,0.818,0.72,34.345023273750066,18.8,1,1,0,23.381163584949316,23.381163584949316,160.41636013904957,314.24159609647074,3194.2415960964704,0.0,0.0,0.0,31.84011709992774,0.0,0.0,160.41636013904957,3194.2415960964704,23.64166030238632,311.021578209865,,,,False,False,not_attempted,0,0,0,0,323,22,0.06811145510835913,142.97133496297002,1968.0,True,,,False,0,0
aco,static_frozen,0,0.0,0.0,0,normal,initial,30 42 51 81,0,1.0,1.0,0.0,34.78037077224997,18.0,84,0,84,18.680839634308782,18.680839634308782,18.680839634308782,60.0,60.0,9.003784299944527,22.83633279998321,31.84011709992774,31.84011709992774,0.0,0.0,18.680839634308782,60.0,129.8572811733068,2948.952446263193,,,,False,False,initial_plan,0,0,0,0,130,0,0.0,177.2717760608753,0.0,False,,,True,10,10
aco,static_frozen,1,60.0,1.0,0,normal,normal,30 42 51 81,0,1.0,1.0,0.0,34.78037077224997,18.016666666666666,84,0,84,4.7680615934003905,4.7680615934003905,23.44890122770917,60.0,120.0,0.0,0.0,0.0,31.84011709992774,0.0,0.0,23.44890122770917,120.0,110.44402959570512,2884.5846107093394,,,,False,False,not_attempted,0,0,0,0,76,0,0.0,176.09020652430007,0.0,False,,,False,10,10
aco,static_frozen,2,120.0,2.0,0,normal,normal,30 42 51 81,0,1.0,1.0,0.0,34.78037077224997,18.033333333333335,84,3,81,5.306297452810553,1.7687658176035177,28.755198680519726,60.0,180.0,0.0,0.0,0.0,31.84011709992774,0.0,0.0,28.755198680519726,180.0,105.15915328473176,2752.5964808827875,,,,False,False,not_attempted,0,0,0,0,66,0,0.0,174.7596401655785,215.0,False,,,False,9,7
aco,static_frozen,3,180.0,3.0,0,normal,normal,30 42 51 81,0,1.0,1.0,0.0,34.78037077224997,18.05,81,3,78,4.660065898009958,1.5533552993366528,33.41526457852969,60.0,240.0,0.0,0.0,0.0,31.84011709992774,0.0,0.0,33.41526457852969,240.0,100.06592291517671,2752.5964808827875,,,,False,False,not_attempted,0,0,0,0,63,0,0.0,174.60001662259305,215.0,False,,,False,9,4
aco,static_frozen,4,240.0,4.0,0,normal,normal,30 42 51 81,0,1.0,1.0,0.0,34.78037077224997,18.066666666666666,78,1,77,3.024516702171434,3.024516702171434,36.43978128070112,60.0,300.0,0.0,0.0,0.0,31.84011709992774,0.0,0.0,36.43978128070112,300.0,95.6512867909427,2700.7402108848582,,,,False,False,not_attempted,0,0,0,0,41,0,0.0,174.23595111138894,241.0,False,,,False,9,4
aco,static_frozen,5,300.0,5.0,1,normal,normal,30 42 51 81,0,1.0,1.0,0.0,34.78037077224997,18.083333333333332,77,4,73,2.8679341198432,0.7169835299608,39.30771540054432,60.0,360.0,0.0,0.0,0.0,31.84011709992774,0.0,0.0,39.30771540054432,360.0,92.80451466956619,2531.148694412799,,,,False,False,not_attempted,0,0,0,0,31,0,0.0,174.1426177780556,402.0,False,,,False,9,2
aco,static_frozen,6,360.0,6.0,1,normal,normal,30 42 51 81,0,1.0,1.0,0.0,34.78037077224997,18.1,73,3,70,3.5198933529509064,1.1732977843169687,42.82760875349523,60.0,420.0,0.0,0.0,0.0,31.84011709992774,0.0,0.0,42.82760875349523,420.0,89.498725620101,2531.148694412799,,,,False,False,not_attempted,0,0,0,0,44,0,0.0,173.80269504982573,422.0,False,,,False,9,1
aco,static_frozen,7,420.0,7.0,1,normal,normal,30 42 51 81,0,1.0,1.0,0.0,34.78037077224997,18.116666666666667,70,3,67,4.091652081357425,1.3638840271191415,46.91926083485265,60.0,480.0,0.0,0.0,0.0,31.84011709992774,0.0,0.0,46.91926083485265,480.0,86.23763270067052,2527.8765656637133,,,,False,False,not_attempted,0,0,0,0,30,0,0.0,171.7315048732715,641.0,False,,,False,9,1
aco,static_frozen,8,480.0,8.0,1,normal,normal,30 42 51 81,0,1.0,1.0,0.0,34.78037077224997,18.133333333333333,67,4,63,1.9465284663171223,0.48663211657928057,48.86578930116977,60.0,540.0,0.0,0.0,0.0,31.84011709992774,0.0,0.0,48.86578930116977,540.0,82.12902723057795,2353.8339100285225,,,,False,False,not_attempted,0,0,0,0,27,0,0.0,171.63817153993816,647.0,False,,,False,9,0
aco,static_frozen,9,540.0,9.0,1,normal,normal,30 42 51 81,0,1.0,1.0,0.0,34.78037077224997,18.15,63,4,59,3.8465037675471145,0.9616259418867786,52.71229306871688,60.0,600.0,0.0,0.0,0.0,31.84011709992774,0.0,0.0,52.71229306871688,600.0,80.29025643260388,2353.8339100285225,,,,False,False,not_attempted,0,0,0,0,34,0,0.0,171.54640459197284,647.0,False,,,False,9,0
aco,static_frozen,10,600.0,10.0,2,degrading,degrading,30 42 51 81,0,1.0,1.0,0.0,34.78037077224997,18.166666666666668,59,2,57,2.2406318836965116,1.1203159418482558,54.95292495241339,60.0,660.0,0.0,0.0,0.0,31.84011709992774,0.0,0.0,54.95292495241339,660.0,76.26459852359919,2334.9570515159016,,,,False,False,not_attempted,0,0,0,0,28,0,0.0,171.29011539682318,871.0,False,,,False,9,0
aco,static_frozen,11,660.0,11.0,2,degrading,degrading,30 42 51 81,2227,1.06951871657754,0.935,0.0,34.64316594981709,18.183333333333334,57,3,54,1.785371385911255,0.5951237953037517,56.738296338324645,60.0,720.0,0.0,0.0,0.0,31.84011709992774,0.0,0.0,56.738296338324645,720.0,76.90394409997816,2197.4083468573313,,,,False,False,not_attempted,0,0,0,0,24,2,0.08333333333333333,171.19678206348985,871.0,False,,,False,7,0
aco,static_frozen,12,720.0,12.0,2,degrading,degrading,30 42 51 81,2227,1.1494252873563218,0.87,0.0,34.48678831955742,18.2,54,4,50,2.314115940333772,0.578528985083443,59.052412278658416,60.0,780.0,0.0,0.0,0.0,31.84011709992774,0.0,0.0,59.052412278658416,780.0,78.21486694344634,2203.81016821849,,,,False,False,not_attempted,0,0,0,0,37,10,0.2702702702702703,170.47464206752815,1037.0,False,,,False,7,0
aco,static_frozen,13,780.0,13.0,2,degrading,degrading,30 42 51 81,2227,1.2422360248447206,0.8049999999999999,0.0,34.30692006739202,18.216666666666665,50,3,47,2.2376782436063785,0.7458927478687928,61.29009052226479,60.0,840.0,0.0,0.0,0.0,31.84011709992774,0.0,0.0,61.29009052226479,840.0,79.09690486122379,2184.119834600246,,,,False,False,not_attempted,0,0,0,0,16,9,0.5625,169.5415176889575,1037.0,False,,,False,7,0
aco,static_frozen,14,840.0,14.0,2,degrading,degrading,30 42 51 81,2227,1.3513513513513513,0.74,0.0,34.09783830938845,18.233333333333334,47,2,45,1.7207553008899485,0.8603776504449743,63.01084582315474,60.0,900.0,0.0,0.0,0.0,31.84011709992774,0.0,0.0,63.01084582315474,900.0,80.17181687889453,2124.728567376767,,,,False,False,not_attempted,0,0,0,0,16,3,0.1875,169.34914471051954,1037.0,False,,,False,7,0
aco,static_frozen,15,900.0,15.0,3,degrading,degrading,30 42 51 81,2227,1.4814814814814814,0.675,0.0,33.851796877256575,18.25,45,3,42,0.8906478101139441,0.2968826033713147,63.901493633268686,60.0,960.0,0.0,0.0,0.0,31.84011709992774,0.0,0.0,63.901493633268686,960.0,82.02812069268789,1968.134191500309,,,,False,False,not_attempted,0,0,0,0,31,0,0.0,169.2463684454606,1142.0,False,,,False,7,0
aco,static_frozen,16,960.0,16.0,3,degrading,degrading,30 42 51 81,2227,1.639344262295082,0.61,0.0,33.55804547919766,18.266666666666666,42,2,40,3.443332733840446,1.721666366920223,67.34482636710914,60.0,1020.0,0.0,0.0,0.0,31.84011709992774,0.0,0.0,67.34482636710914,1020.0,85.71530151766025,1968.134191500309,,,,False,False,not_attempted,0,0,0,0,35,6,0.17142857142857143,169.06845468188945,1142.0,False,,,False,7,0
aco,static_frozen,17,1020.0,17.0,3,degrading,degrading,30 42 51 81,2227,1.8348623853211008,0.545,0.0,33.20121701570619,18.283333333333335,40,3,37,5.023721441309863,1.6745738137699544,72.368547808419,60.0,1080.0,0.0,0.0,0.0,31.84011709992774,0.0,0.0,72.368547808419,1080.0,87.52611051378526,1949.4342316433465,,,,False,False,not_attempted,0,0,0,0,44,2,0.045454545454545456,168.63022353969063,1391.0,False,,,False,7,0
aco,static_frozen,18,1080.0,18.0,3,degrading,degrading,30 42 51 81,2227,2.0833333333333335,0.48,0.0,32.75855106933444,18.3,37,0,37,2.8352250055752486,2.8352250055752486,75.20377281399425,60.0,1140.0,0.0,0.0,0.0,31.84011709992774,0.0,0.0,75.20377281399425,1140.0,87.75316769017905,1937.7243008586013,,,,False,False,not_attempted,0,0,0,0,11,0,0.0,168.2169273393971,1391.0,False,,,False,6,0
aco,static_frozen,19,1140.0,19.0,3,degrading,degrading,30 42 51 81,2227,2.409638554216868,0.4149999999999999,0.0,32.194839714285706,18.316666666666666,37,3,34,2.6752231844380403,0.8917410614793467,77.87899599843229,60.0,1200.0,0.0,0.0,0.0,31.84011709992774,0.0,0.0,77.87899599843229,1200.0,92.25270685236273,1991.5163649876408,,,,False,False,not_attempted,0,0,0,0,26,3,0.11538461538461539,168.00536795426567,1391.0,False,,,False,5,0
aco,static_frozen,20,1200.0,20.0,4,disrupted,holding,30 42 51 81,2227,2.857142857142857,0.35,0.0,31.452570520598588,18.333333333333332,34,3,31,4.766654555375914,1.5888848517919714,82.6456505538082,60.0,1260.0,0.0,0.0,0.0,31.84011709992774,0.0,0.0,82.6456505538082,1260.0,100.49004559366621,2016.6622802889483,,,,False,False,not_attempted,0,0,0,0,17,7,0.4117647058823529,167.19690609684955,1530.0,False,,,False,5,0
aco,static_frozen,21,1260.0,21.0,4,disrupted,disrupted,30 42 51 81,2227,2.857142857142857,0.35,0.0,31.452570520598588,18.35,31,0,31,2.610189637793062,2.610189637793062,85.25584019160125,60.0,1320.0,0.0,0.0,0.0,31.84011709992774,0.0,0.0,85.25584019160125,1320.0,96.0141086535236,1885.4971530495718,,,,False,False,not_attempted,0,0,0,0,12,4,0.3333333333333333,165.53255434883374,1530.0,False,,,False,5,0
aco,static_frozen,22,1320.0,22.0,4,disrupted,disrupted,30 42 51 81,2227,2.857142857142857,0.35,0.0,31.452570520598588,18.366666666666667,31,2,29,3.312132068310954,1.656066034155477,88.56797225991221,60.0,1380.0,0.0,0.0,0.0,31.84011709992774,0.0,0.0,88.56797225991221,1380.0,93.62945305513435,1885.4971530495718,,,,False,False,not_attempted,0,0,0,0,16,5,0.3125,163.30507140871552,1530.0,False,,,False,5,0
aco,static_frozen,23,1380.0,23.0,4,disrupted,disrupted,30 42 51 81,2227,2.857142857142857,0.35,0.0,31.452570520598588,18.383333333333333,29,1,28,1.9270635326747816,1.9270635326747816,90.49503579258699,60.0,1440.0,0.0,0.0,0.0,31.84011709992774,0.0,0.0,90.49503579258699,1440.0,89.99104898856221,1747.6349228242902,,,,False,False,not_attempted,0,0,0,0,13,0,0.0,163.0034575709015,1530.0,False,,,False,5,0
aco,static_frozen,24,1440.0,24.0,4,disrupted,disrupted,30 42 51 81,2227,2.857142857142857,0.35,0.0,31.452570520598588,18.4,28,2,26,1.8383826544101598,0.9191913272050799,92.33341844699714,60.0,1500.0,0.0,0.0,0.0,31.84011709992774,0.0,0.0,92.33341844699714,1500.0,88.23899985738103,1747.6349228242902,,,,False,False,not_attempted,0,0,0,0,14,0,0.0,162.91012423756817,1530.0,False,,,False,5,0
aco,static_frozen,25,1500.0,25.0,5,disrupted,disrupted,30 42 51 81,2227,2.857142857142857,0.35,0.0,31.452570520598588,18.416666666666668,26,1,25,2.5345577786414535,2.5345577786414535,94.8679762256386,60.0,1560.0,0.0,0.0,0.0,31.84011709992774,0.0,0.0,94.8679762256386,1560.0,86.31166792126656,1712.2308038311553,,,,False,False,not_attempted,0,0,0,0,17,3,0.17647058823529413,161.15688069223125,1530.0,False,,,False,5,0
aco,static_frozen,26,1560.0,26.0,5,disrupted,disrupted,30 42 51 81,2227,2.857142857142857,0.35,0.0,31.452570520598588,18.433333333333334,25,2,23,1.4996936069002595,0.7498468034501298,96.36766983253887,60.0,1620.0,0.0,0.0,0.0,31.84011709992774,0.0,0.0,96.36766983253887,1620.0,83.64174062828634,1581.0725019317945,,,,False,False,not_attempted,0,0,0,0,7,0,0.0,161.06354735889792,1530.0,False,,,False,5,0
aco,static_frozen,27,1620.0,27.0,5,disrupted,disrupted,30 42 51 81,2227,2.857142857142857,0.35,0.0,31.452570520598588,18.45,23,3,20,2.2947172943881613,0.7649057647960538,98.66238712692703,60.0,1680.0,0.0,0.0,0.0,31.84011709992774,0.0,0.0,98.66238712692703,1680.0,82.32159639349398,1581.0725019317945,,,,False,False,not_attempted,0,0,0,0,26,3,0.11538461538461539,160.87249954396958,1530.0,False,,,False,5,0
aco,static_frozen,28,1680.0,28.0,5,disrupted,disrupted,30 42 51 81,2227,2.857142857142857,0.35,0.0,31.452570520598588,18.466666666666665,20,1,19,7.699029544921203,7.699029544921203,106.36141667184823,60.0,1740.0,0.0,0.0,0.0,31.84011709992774,0.0,0.0,106.36141667184823,1740.0,80.08001124818269,1533.9669554505633,,,,False,False,not_attempted,0,0,0,0,17,13,0.7647058823529411,156.66749308022708,1530.0,False,,,False,5,0
aco,static_frozen,29,1740.0,29.0,5,disrupted,disrupted,30 42 51 81,2227,2.857142857142857,0.35,0.0,31.452570520598588,18.483333333333334,19,1,18,3.862674700315934,3.862674700315934,110.22409137216417,60.0,1800.0,0.0,0.0,0.0,31.84011709992774,0.0,0.0,110.22409137216417,1800.0,71.91685907690665,1393.4141745218167,,,,False,False,not_attempted,0,0,0,0,14,2,0.14285714285714285,155.5576775695955,1530.0,False,,,False,5,0
aco,static_frozen,30,1800.0,30.0,6,recovering,recovering,30 42 51 81,2227,2.857142857142857,0.35,0.0,31.452570520598588,18.5,18,1,17,3.9973335798667837,3.9973335798667837,114.22142495203096,60.0,1860.0,0.0,0.0,0.0,31.84011709992774,0.0,0.0,114.22142495203096,1860.0,69.04727796159433,1393.4141745218167,,,,False,False,not_attempted,0,0,0,0,19,7,0.3684210526315789,155.46434423626218,1564.0,False,,,False,3,0
aco,static_frozen,31,1860.0,31.0,6,recovering,recovering,30 42 51 81,2227,2.6595744680851063,0.376,0.04,31.77601131408416,18.516666666666666,17,3,14,11.554295606585987,3.8514318688619955,125.77572055861694,60.0,1920.0,0.0,0.0,0.0,31.84011709992774,0.0,0.0,125.77572055861694,1920.0,66.84598258327965,1037.223547874448,,,,False,False,not_attempted,0,0,0,0,11,11,1.0,152.1805064856287,1589.0,False,,,False,3,0
aco,static_frozen,32,1920.0,32.0,6,recovering,recovering,30 42 51 81,2227,2.4875621890547266,0.40199999999999997,0.08,32.063080038424864,18.533333333333335,14,1,13,2.118866550007723,2.118866550007723,127.89458710862466,60.0,1980.0,0.0,0.0,0.0,31.84011709992774,0.0,0.0,127.89458710862466,1980.0,53.7627760655209,1033.6552399758361,,,,False,False,not_attempted,0,0,0,0,14,4,0.2857142857142857,150.2931857255929,1589.0,False,,,False,3,0
aco,static_frozen,33,1980.0,33.0,6,recovering,recovering,30 42 51 81,2227,2.336448598130841,0.428,0.12,32.31958534492627,18.55,13,1,12,0.811386549485352,0.811386549485352,128.70597365811003,60.0,2040.0,0.0,0.0,0.0,31.84011709992774,0.0,0.0,128.70597365811003,2040.0,50.171249253824016,901.147718287199,,,,False,False,not_attempted,0,0,0,0,2,2,1.0,150.19985239225957,1589.0,False,,,False,3,0
aco,static_frozen,34,2040.0,34.0,6,recovering,recovering,30 42 51 81,2227,2.2026431718061676,0.45399999999999996,0.16,32.55016153739909,18.566666666666666,12,2,10,2.765361504831662,1.382680752415831,131.4713351629417,60.0,2100.0,0.0,0.0,0.0,31.84011709992774,0.0,0.0,131.4713351629417,2100.0,48.22843718965369,901.147718287199,,,,False,False,not_attempted,0,0,0,0,19,8,0.42105263157894735,149.1807974163113,1717.0,False,,,False,3,0
aco,static_frozen,35,2100.0,35.0,7,recovering,recovering,30 42 51 81,2227,2.0833333333333335,0.48,0.2,32.75855106933444,18.583333333333332,10,0,10,2.672756469126954,2.672756469126954,134.14409163206867,60.0,2160.0,0.0,0.0,0.0,31.84011709992774,0.0,0.0,134.14409163206867,2160.0,44.40608243230722,762.951831553748,,,,False,False,not_attempted,0,0,0,0,3,3,1.0,148.17604450012163,1717.0,False,,,False,3,0
aco,static_frozen,36,2160.0,36.0,7,recovering,recovering,30 42 51 81,2227,1.976284584980237,0.506,0.24,32.94780923645322,18.6,10,1,9,0.4169021505816493,0.4169021505816493,134.5609937826503,60.0,2220.0,0.0,0.0,0.0,31.84011709992774,0.0,0.0,134.5609937826503,2220.0,41.18570747334453,761.9090312558657,,,,False,False,not_attempted,0,0,0,0,8,0,0.0,148.0827111667883,1717.0,False,,,False,3,0
aco,static_frozen,37,2220.0,37.0,7,recovering,recovering,30 42 51 81,2227,1.8796992481203008,0.532,0.28,33.120454967615515,18.616666666666667,9,2,7,2.3680534163781037,1.1840267081890519,136.92904719902842,60.0,2280.0,0.0,0.0,0.0,31.84011709992774,0.0,0.0,136.92904719902842,2280.0,40.22151936153584,742.7718236676651,,,,False,False,not_attempted,0,0,0,0,25,3,0.12,147.26280565328165,1774.0,False,,,False,3,0
aco,static_frozen,38,2280.0,38.0,7,recovering,recovering,30 42 51 81,2227,1.7921146953405016,0.558,0.32,33.27858357743186,18.633333333333333,7,0,7,1.7537434621772934,1.7537434621772934,138.6827906612057,60.0,2340.0,0.0,0.0,0.0,31.84011709992774,0.0,0.0,138.6827906612057,2340.0,36.74722702733839,593.6482643158439,,,,False,False,not_attempted,0,0,0,0,25,1,0.04,146.2620117366695,1774.0,False,,,False,3,0
aco,static_frozen,39,2340.0,39.0,7,recovering,recovering,30 42 51 81,2227,1.7123287671232879,0.584,0.36,33.42395222363892,18.65,7,1,6,0.7629554563371083,0.7629554563371083,139.4457461175428,60.0,2400.0,0.0,0.0,0.0,31.84011709992774,0.0,0.0,139.4457461175428,2400.0,34.695863689193004,593.6482643158439,,,,False,False,not_attempted,0,0,0,0,41,0,0.0,146.16867840333617,1774.0,False,,,False,3,0
aco,static_frozen,40,2400.0,40.0,8,recovering,recovering,30 42 51 81,2227,1.639344262295082,0.61,0.4,33.55804547919766,18.666666666666668,6,1,5,2.3625696323919265,2.3625696323919265,141.80831574993474,60.0,2460.0,0.0,0.0,0.0,31.84011709992774,0.0,0.0,141.80831574993474,2460.0,33.34863010665082,461.0128611070219,,,,False,False,not_attempted,0,0,0,0,17,4,0.23529411764705882,144.5056750153372,1917.0,False,,,False,3,0
aco,static_frozen,41,2460.0,41.0,8,recovering,recovering,30 42 51 81,2227,1.572327044025157,0.636,0.44,33.68212621591513,18.683333333333334,5,1,4,2.147566258944707,2.147566258944707,143.95588200887943,60.0,2520.0,0.0,0.0,0.0,31.84011709992774,0.0,0.0,143.95588200887943,2520.0,30.27130846034041,453.08174940277087,,,,False,False,not_attempted,0,0,0,0,6,3,0.5,142.71596337434508,1917.0,False,,,False,2,0
aco,static_frozen,42,2520.0,42.0,8,recovering,recovering,30 42 51 81,2227,1.5105740181268883,0.6619999999999999,0.48,33.79727550010811,18.7,4,1,3,2.6982033698886334,2.6982033698886334,146.65408537876806,60.0,2580.0,0.0,0.0,0.0,31.84011709992774,0.0,0.0,146.65408537876806,2580.0,28.25620008192841,446.37962432574227,,,,False,False,not_attempted,0,0,0,0,30,0,0.0,140.8074267569928,1917.0,False,,,False,2,0
aco,static_frozen,43,2580.0,43.0,8,recovering,recovering,30 42 51 81,2227,1.4534883720930234,0.688,0.52,33.904424172373204,18.716666666666665,3,0,3,0.18889224950492323,0.18889224950492323,146.842977628273,60.0,2640.0,0.0,0.0,0.0,31.84011709992774,0.0,0.0,146.842977628273,2640.0,25.27221905301164,383.18427960903756,,,,False,False,not_attempted,0,0,0,0,1,0,0.0,140.71409342365948,1917.0,False,,,False,1,0
aco,static_frozen,44,2640.0,44.0,8,recovering,recovering,30 42 51 81,2227,1.400560224089636,0.714,0.56,34.00437806583756,18.733333333333334,3,1,2,0.1065730171137413,0.1065730171137413,146.94955064538672,60.0,2700.0,0.0,0.0,0.0,31.84011709992774,0.0,0.0,146.94955064538672,2700.0,24.835638207208856,311.021578209865,,,,False,False,not_attempted,0,0,0,0,0,0,0.0,140.70085373987908,1968.0,False,,,False,1,0
aco,static_frozen,45,2700.0,45.0,9,recovering,recovering,30 42 51 81,2227,1.3513513513513513,0.74,0.6,34.09783830938845,18.75,2,1,1,0.21578535432663018,0.21578535432663018,147.16533599971336,60.0,2760.0,0.0,0.0,0.0,31.84011709992774,0.0,0.0,147.16533599971336,2760.0,24.603826921157317,311.021578209865,,,,False,False,not_attempted,0,0,0,0,9,0,0.0,140.70085373987908,1968.0,False,,,False,1,0
aco,static_frozen,46,2760.0,46.0,9,recovering,recovering,30 42 51 81,2227,1.3054830287206267,0.766,0.64,34.18541779831154,18.766666666666666,1,0,1,0.09333333333333332,0.09333333333333332,147.2586693330467,60.0,2820.0,0.0,0.0,0.0,31.84011709992774,0.0,0.0,147.2586693330467,2820.0,24.044568779828722,311.021578209865,,,,False,False,not_attempted,0,0,0,0,0,0,0.0,140.70085373987908,1968.0,False,,,False,0,0
aco,static_frozen,47,2820.0,47.0,9,recovering,recovering,30 42 51 81,2227,1.2626262626262625,0.792,0.68,34.26765465063994,18.783333333333335,1,1,0,23.500417993116788,23.500417993116788,170.75908732616347,337.50255894736136,3157.502558947361,0.0,0.0,0.0,31.84011709992774,0.0,0.0,170.75908732616347,3157.502558947361,23.835962026424895,311.021578209865,,,,False,False,not_attempted,0,0,0,0,324,34,0.10493827160493827,135.20492271109904,1968.0,True,,,False,0,0
pso,adaptive,0,0.0,0.0,0,normal,initial,30 42 51 81,0,1.0,1.0,0.0,34.78037077224997,18.0,84,0,84,17.41716950529079,17.41716950529079,17.41716950529079,60.0,60.0,9.01954150001984,12.315022700000554,21.334564200020395,21.334564200020395,0.0,0.0,17.41716950529079,60.0,151.37406968292143,2569.719418511708,,,,False,False,initial_plan,0,0,0,0,96,0,0.0,177.86965881732976,0.0,False,,,True,10,10
pso,adaptive,1,60.0,1.0,0,normal,normal,30 42 51 81,0,1.0,1.0,0.0,34.78037077224997,18.016666666666666,84,0,84,2.9117287974767976,2.9117287974767976,20.328898302767588,60.0,120.0,0.0,0.0,0.0,21.334564200020395,0.0,0.0,20.328898302767588,120.0,133.1191070568551,2507.5518550268002,,,,False,False,not_attempted,0,0,0,0,47,0,0.0,177.4588955213837,0.0,False,,,False,10,10
pso,adaptive,2,120.0,2.0,0,normal,normal,30 42 51 81,0,1.0,1.0,0.0,34.78037077224997,18.033333333333335,84,5,79,4.945953376604522,0.9891906753209044,25.27485167937211,60.0,180.0,0.0,0.0,0.0,21.334564200020395,0.0,0.0,25.27485167937211,180.0,129.7508783653988,2355.035662758609,,,,False,False,not_attempted,0,0,0,0,48,0,0.0,176.84027550943307,239.0,False,,,False,9,5
pso,adaptive,3,180.0,3.0,0,normal,normal,30 42 51 81,0,1.0,1.0,0.0,34.78037077224997,18.05,79,3,76,5.2858708059973845,1.7619569353324616,30.560722485369492,60.0,240.0,0.0,0.0,0.0,21.334564200020395,0.0,0.0,30.560722485369492,240.0,125.54196401841551,2355.035662758609,,,,False,False,not_attempted,0,0,0,0,84,0,0.0,176.08417388140913,239.0,False,,,False,9,2
pso,adaptive,4,240.0,4.0,0,normal,normal,30 42 51 81,0,1.0,1.0,0.0,34.78037077224997,18.066666666666666,76,0,76,4.768439058186637,4.768439058186637,35.329161543556125,60.0,300.0,0.0,0.0,0.0,21.334564200020395,0.0,0.0,35.329161543556125,300.0,119.70961591445298,2307.5810249028364,,,,False,False,not_attempted,0,0,0,0,69,0,0.0,174.23595111138894,239.0,False,,,False,9,2
pso,adaptive,5,300.0,5.0,1,normal,normal,30 42 51 81,0,1.0,1.0,0.0,34.78037077224997,18.083333333333332,76,2,74,2.335379566890029,1.1676897834450144,37.66454111044615,60.0,360.0,10.169544500065967,802.5988068999723,812.7683514000382,834.1029156000586,0.0,0.0,37.66454111044615,360.0,109.77338979096476,2698.550200996692,115.25900310952544,109.77338979096476,5.485613318560681,True,True,lower_residual_energy,5,37,5,37,79,0,0.0,174.1426177780556,324.0,False,,,True,9,2
pso,adaptive,6,360.0,6.0,1,normal,normal,30 42 51 81,0,1.0,1.0,0.0,34.78037077224997,18.1,74,4,70,3.101740268185227,0.7754350670463067,40.766281378631376,60.0,420.0,0.0,0.0,0.0,834.1029156000586,0.0,0.0,40.766281378631376,420.0,107.33923289675523,2639.5028954880127,,,,False,False,not_attempted,0,0,0,0,41,0,0.0,173.80269504982573,430.0,False,,,False,9,1
pso,adaptive,7,420.0,7.0,1,normal,normal,30 42 51 81,0,1.0,1.0,0.0,34.78037077224997,18.116666666666667,70,1,69,5.0773071523580215,5.0773071523580215,45.8435885309894,60.0,480.0,0.0,0.0,0.0,834.1029156000586,0.0,0.0,45.8435885309894,480.0,104.10869149420049,2480.9555026133576,,,,False,False,not_attempted,0,0,0,0,37,0,0.0,171.7427549458747,430.0,False,,,False,9,1
pso,adaptive,8,480.0,8.0,1,normal,normal,30 42 51 81,0,1.0,1.0,0.0,34.78037077224997,18.133333333333333,69,3,66,4.568801367389507,1.5229337891298356,50.412389898378905,60.0,540.0,0.0,0.0,0.0,834.1029156000586,0.0,0.0,50.412389898378905,540.0,99.38973287812432,2480.9555026133576,,,,False,False,not_attempted,0,0,0,0,44,0,0.0,170.12900684926333,574.0,False,,,False,9,1
pso,adaptive,9,540.0,9.0,1,normal,normal,30 42 51 81,0,1.0,1.0,0.0,34.78037077224997,18.15,66,2,64,2.8987751236060793,1.4493875618030396,53.31116502198498,60.0,600.0,0.0,0.0,0.0,834.1029156000586,0.0,0.0,53.31116502198498,600.0,94.4431869676926,2360.9555026133576,,,,False,False,not_attempted,0,0,0,0,17,0,0.0,169.55281890713212,647.0,False,,,False,9,1
pso,adaptive,10,600.0,10.0,2,degrading,degrading,30 42 51 81,0,1.0,1.0,0.0,34.78037077224997,18.166666666666668,64,4,60,2.461197722411713,0.6152994306029282,55.772362744396695,60.0,660.0,5.7299970649182796e-05,444.6379244000418,444.63798170001246,1278.740897300071,0.0,0.0,55.772362744396695,660.0,88.94705862945925,2527.242251851788,91.85049389647273,88.94705862945925,2.903435267013478,True,True,lower_residual_energy,4,17,4,17,28,0,0.0,169.4594855737988,659.0,False,,,True,9,0
pso,adaptive,11,660.0,11.0,2,degrading,degrading,30 42 51 81,2227,1.06951871657754,0.935,0.0,34.64316594981709,18.183333333333334,60,4,56,5.483422640572451,1.3708556601431128,61.255785384969144,60.0,720.0,0.0,0.0,0.0,1278.740897300071,0.0,0.0,61.255785384969144,720.0,90.16096960086351,2525.8204357885324,,,,False,False,not_attempted,0,0,0,0,95,0,0.0,169.0036065577671,725.0,False,,,False,9,0
pso,adaptive,12,720.0,12.0,2,degrading,degrading,30 42 51 81,2227,1.1494252873563218,0.87,0.0,34.48678831955742,18.2,56,1,55,3.420514777002393,3.420514777002393,64.67630016197154,60.0,780.0,0.0,0.0,0.0,1278.740897300071,0.0,0.0,64.67630016197154,780.0,87.6606967696584,2527.455636422035,,,,False,False,not_attempted,0,0,0,0,45,0,0.0,168.70238617422373,743.0,False,,,False,8,0
pso,adaptive,13,780.0,13.0,2,degrading,degrading,30 42 51 81,2227,1.2422360248447206,0.8049999999999999,0.0,34.30692006739202,18.216666666666665,55,3,52,3.594046955099804,1.1980156516999347,68.27034711707134,60.0,840.0,0.0,0.0,0.0,1278.740897300071,0.0,0.0,68.27034711707134,840.0,88.17902177581176,2484.455971194526,,,,False,False,not_attempted,0,0,0,0,61,9,0.14754098360655737,167.33987522043492,940.0,False,,,False,8,0
pso,adaptive,14,840.0,14.0,2,degrading,degrading,30 42 51 81,2227,1.3513513513513513,0.74,0.0,34.09783830938845,18.233333333333334,52,0,52,1.337785581936044,1.337785581936044,69.60813269900738,60.0,900.0,0.0,0.0,0.0,1278.740897300071,0.0,0.0,69.60813269900738,900.0,88.18581668286154,2354.6325739129124,,,,False,False,not_attempted,0,0,0,0,13,5,0.38461538461538464,167.24654188710159,940.0,False,,,False,7,0
pso,adaptive,15,900.0,15.0,3,degrading,degrading,30 42 51 81,2227,1.4814814814814814,0.675,0.0,33.851796877256575,18.25,52,4,48,1.9218037467601563,0.4804509366900391,71.52993644576755,60.0,960.0,10.181410099961795,327.5237502999371,337.7051603998989,1616.44605769997,0.0,0.0,71.52993644576755,960.0,90.77381301164417,2383.0528122835663,90.77381301164417,94.09195337541951,-3.318140363775342,True,False,incumbent_not_worse,3,6,0,0,24,7,0.2916666666666667,167.1539143351959,940.0,False,,,True,7,0
pso,adaptive,16,960.0,16.0,3,degrading,degrading,30 42 51 81,2227,1.639344262295082,0.61,0.0,33.55804547919766,18.266666666666666,48,3,45,2.646449747592608,0.8821499158642027,74.17638619336016,60.0,1020.0,0.0,0.0,0.0,1616.44605769997,0.0,0.0,74.17638619336016,1020.0,93.07441623286473,2267.9714860936315,,,,False,False,not_attempted,0,0,0,0,55,6,0.10909090909090909,167.0690550838394,968.0,False,,,False,7,0
pso,adaptive,17,1020.0,17.0,3,degrading,degrading,30 42 51 81,2227,1.8348623853211008,0.545,0.0,33.20121701570619,18.283333333333335,45,3,42,1.9961551230360477,0.6653850410120159,76.1725413163962,60.0,1080.0,0.0,0.0,0.0,1616.44605769997,0.0,0.0,76.1725413163962,1080.0,95.04505538980747,2375.092522722131,,,,False,False,not_attempted,0,0,0,0,12,5,0.4166666666666667,166.57773247214197,968.0,False,,,False,7,0
pso,adaptive,18,1080.0,18.0,3,degrading,degrading,30 42 51 81,2227,2.0833333333333335,0.48,0.0,32.75855106933444,18.3,42,3,39,2.801330208326586,0.9337767361088619,78.9738715247228,60.0,1140.0,0.0,0.0,0.0,1616.44605769997,0.0,0.0,78.9738715247228,1140.0,98.51245424526246,2420.314661901023,,,,False,False,not_attempted,0,0,0,0,52,2,0.038461538461538464,165.44758449126394,1081.0,False,,,False,6,0
pso,adaptive,19,1140.0,19.0,3,degrading,degrading,30 42 51 81,2227,2.409638554216868,0.4149999999999999,0.0,32.194839714285706,18.316666666666666,39,2,37,7.382691399031721,3.6913456995158604,86.35656292375452,60.0,1200.0,0.0,0.0,0.0,1616.44605769997,0.0,0.0,86.35656292375452,1200.0,102.40297080039582,2425.6660302326127,,,,False,False,not_attempted,0,0,0,0,34,13,0.38235294117647056,164.11670921926347,1138.0,False,,,False,6,0
pso,adaptive,20,1200.0,20.0,4,disrupted,holding,30 42 51 81,2227,2.857142857142857,0.35,0.0,31.452570520598588,18.333333333333332,37,1,36,2.4153990153486786,2.4153990153486786,88.7719619391032,60.0,1260.0,10.168591500027105,208.04985640000086,218.21844790002797,1834.664505599998,0.0,0.0,88.7719619391032,1260.0,102.14204813120506,2369.5671178687344,102.14204813120504,114.25664291538399,-12.114594784178948,True,False,incumbent_not_worse,4,12,0,0,10,1,0.1,163.38930247647838,1138.0,False,,,True,6,0
pso,adaptive,21,1260.0,21.0,4,disrupted,disrupted,30 42 51 81,2227,2.857142857142857,0.35,0.0,31.452570520598588,18.35,36,3,33,4.730415419275009,1.5768051397583365,93.50237735837821,60.0,1320.0,0.0,0.0,0.0,1834.664505599998,0.0,0.0,93.50237735837821,1320.0,99.90463073009167,2369.5671178687344,,,,False,False,not_attempted,0,0,0,0,60,4,0.06666666666666667,162.72833782801322,1308.0,False,,,False,6,0
pso,adaptive,22,1320.0,22.0,4,disrupted,disrupted,30 42 51 81,2227,2.857142857142857,0.35,0.0,31.452570520598588,18.366666666666667,33,2,31,3.491538267110424,1.745769133555212,96.99391562548864,60.0,1380.0,0.0,0.0,0.0,1834.664505599998,0.0,0.0,96.99391562548864,1380.0,95.31256244983503,2334.0899149884904,,,,False,False,not_attempted,0,0,0,0,33,0,0.0,162.45286369873122,1308.0,False,,,False,6,0
pso,adaptive,23,1380.0,23.0,4,disrupted,disrupted,30 42 51 81,2227,2.857142857142857,0.35,0.0,31.452570520598588,18.383333333333333,31,2,29,2.5633253393973288,1.2816626696986644,99.55724096488596,60.0,1440.0,0.0,0.0,0.0,1834.664505599998,0.0,0.0,99.55724096488596,1440.0,91.79901787816712,2268.6359283321194,,,,False,False,not_attempted,0,0,0,0,11,3,0.2727272727272727,162.2200205927434,1429.0,False,,,False,6,0
pso,adaptive,24,1440.0,24.0,4,disrupted,disrupted,30 42 51 81,2227,2.857142857142857,0.35,0.0,31.452570520598588,18.4,29,1,28,3.1931269168761207,3.1931269168761207,102.75036788176209,60.0,1500.0,0.0,0.0,0.0,1834.664505599998,0.0,0.0,102.75036788176209,1500.0,88.30205402351078,2115.6262897662705,,,,False,False,not_attempted,0,0,0,0,34,1,0.029411764705882353,160.60061901234766,1456.0,False,,,False,6,0
pso,adaptive,25,1500.0,25.0,5,disrupted,disrupted,30 42 51 81,2227,2.857142857142857,0.35,0.0,31.452570520598588,18.416666666666668,28,3,25,3.9087750117445896,1.3029250039148632,106.65914289350668,60.0,1560.0,5.9699988923966885e-05,55.75822389998939,55.75828359997831,1890.4227891999763,0.0,0.0,106.65914289350668,1560.0,85.90145559533597,2115.6262897662705,85.90145559533597,89.2872273430274,-3.3857717476914218,True,False,incumbent_not_worse,4,6,0,0,13,3,0.23076923076923078,159.6622661641879,1456.0,False,,,True,5,0
pso,adaptive,26,1560.0,26.0,5,disrupted,disrupted,30 42 51 81,2227,2.857142857142857,0.35,0.0,31.452570520598588,18.433333333333334,25,1,24,3.2882335760790173,3.2882335760790173,109.9473764695857,60.0,1620.0,0.0,0.0,0.0,1890.4227891999763,0.0,0.0,109.9473764695857,1620.0,82.19679576089203,2094.2601075354255,,,,False,False,not_attempted,0,0,0,0,11,3,0.2727272727272727,158.77178762281932,1522.0,False,,,False,5,0
pso,adaptive,27,1620.0,27.0,5,disrupted,disrupted,30 42 51 81,2227,2.857142857142857,0.35,0.0,31.452570520598588,18.45,24,2,22,4.6271299785714595,2.3135649892857297,114.57450644815717,60.0,1680.0,0.0,0.0,0.0,1890.4227891999763,0.0,0.0,114.57450644815717,1680.0,78.94692048656749,1957.4691209562304,,,,False,False,not_attempted,0,0,0,0,31,0,0.0,156.55549593893556,1522.0,False,,,False,5,0
pso,adaptive,28,1680.0,28.0,5,disrupted,disrupted,30 42 51 81,2227,2.857142857142857,0.35,0.0,31.452570520598588,18.466666666666665,22,2,20,4.979414675543094,2.489707337771547,119.55392112370026,60.0,1740.0,0.0,0.0,0.0,1890.4227891999763,0.0,0.0,119.55392112370026,1740.0,74.57042305552778,1957.4691209562304,,,,False,False,not_attempted,0,0,0,0,35,4,0.11428571428571428,156.46216260560223,1617.0,False,,,False,5,0
pso,adaptive,29,1740.0,29.0,5,disrupted,disrupted,30 42 51 81,2227,2.857142857142857,0.35,0.0,31.452570520598588,18.483333333333334,20,1,19,1.316086843225296,1.316086843225296,120.87000796692556,60.0,1800.0,0.0,0.0,0.0,1890.4227891999763,0.0,0.0,120.87000796692556,1800.0,69.28631235855694,1797.6085274617856,,,,False,False,not_attempted,0,0,0,0,9,0,0.0,155.65632470482612,1617.0,False,,,False,4,0
pso,adaptive,30,1800.0,30.0,6,recovering,recovering,30 42 51 81,2227,2.857142857142857,0.35,0.0,31.452570520598588,18.5,19,3,16,1.1703520364476856,0.3901173454825619,122.04036000337324,60.0,1860.0,5.530007183551788e-05,11.51637780002784,11.516433100099675,1901.939222300076,0.0,0.0,122.04036000337324,1860.0,67.92964129731055,1797.6085274617856,67.92964129731055,72.75379673895141,-4.824155441640855,True,False,incumbent_not_worse,3,3,0,0,5,0,0.0,155.07887609030456,1678.0,False,,,True,4,0
pso,adaptive,31,1860.0,31.0,6,recovering,recovering,30 42 51 81,2227,2.6595744680851063,0.376,0.04,31.77601131408416,18.516666666666666,16,1,15,2.348075909066956,2.348075909066956,124.38843591244019,60.0,1920.0,0.0,0.0,0.0,1901.939222300076,0.0,0.0,124.38843591244019,1920.0,64.61377940305044,1761.019085396469,,,,False,False,not_attempted,0,0,0,0,32,0,0.0,154.98554275697123,1678.0,False,,,False,4,0
pso,adaptive,32,1920.0,32.0,6,recovering,recovering,30 42 51 81,2227,2.4875621890547266,0.40199999999999997,0.08,32.063080038424864,18.533333333333335,15,2,13,3.311902513597192,1.655951256798596,127.70033842603738,60.0,1980.0,0.0,0.0,0.0,1901.939222300076,0.0,0.0,127.70033842603738,1980.0,60.095193366039446,1579.1602420566708,,,,False,False,not_attempted,0,0,0,0,25,0,0.0,152.8504879175802,1807.0,False,,,False,4,0
pso,adaptive,33,1980.0,33.0,6,recovering,recovering,30 42 51 81,2227,2.336448598130841,0.428,0.12,32.31958534492627,18.55,13,1,12,1.4680297207018496,1.4680297207018496,129.16836814673923,60.0,2040.0,0.0,0.0,0.0,1901.939222300076,0.0,0.0,129.16836814673923,2040.0,55.00067990694592,1552.7682867362746,,,,False,False,not_attempted,0,0,0,0,13,0,0.0,152.4135172433712,1807.0,False,,,False,4,0
pso,adaptive,34,2040.0,34.0,6,recovering,recovering,30 42 51 81,2227,2.2026431718061676,0.45399999999999996,0.16,32.55016153739909,18.566666666666666,12,1,11,2.6571487292114466,2.6571487292114466,131.82551687595068,60.0,2100.0,0.0,0.0,0.0,1901.939222300076,0.0,0.0,131.82551687595068,2100.0,51.514338070838434,1473.7645284286577,,,,False,False,not_attempted,0,0,0,0,35,0,0.0,152.32018391003785,1807.0,False,,,False,3,0
pso,adaptive,35,2100.0,35.0,7,recovering,recovering,30 42 51 81,2227,2.0833333333333335,0.48,0.2,32.75855106933444,18.583333333333332,11,1,10,1.6104756188093206,1.6104756188093206,133.43599249476,60.0,2160.0,10.3104879000457,1.2980366999981925,11.608524600043893,1913.5477469001198,0.0,0.0,133.43599249476,2160.0,47.67211593992151,1421.306203209673,47.67211593992151,50.22846755062306,-2.5563516107015474,True,False,incumbent_not_worse,1,0,0,0,16,4,0.25,152.3089487224495,1807.0,False,,,True,2,0
pso,adaptive,36,2160.0,36.0,7,recovering,recovering,30 42 51 81,2227,1.976284584980237,0.506,0.24,32.94780923645322,18.6,10,2,8,1.18064664153865,0.590323320769325,134.61663913629866,60.0,2220.0,0.0,0.0,0.0,1913.5477469001198,0.0,0.0,134.61663913629866,2220.0,44.994821239615355,1344.0151589900636,,,,False,False,not_attempted,0,0,0,0,3,2,0.6666666666666666,152.3089487224495,1925.0,False,,,False,2,0
pso,adaptive,37,2220.0,37.0,7,recovering,recovering,30 42 51 81,2227,1.8796992481203008,0.532,0.28,33.120454967615515,18.616666666666667,8,0,8,0.2884462190084244,0.2884462190084244,134.90508535530708,60.0,2280.0,0.0,0.0,0.0,1913.5477469001198,0.0,0.0,134.90508535530708,2280.0,42.78018370623932,1193.490894848977,,,,False,False,not_attempted,0,0,0,0,1,0,0.0,152.3089487224495,1925.0,False,,,False,2,0
pso,adaptive,38,2280.0,38.0,7,recovering,recovering,30 42 51 81,2227,1.7921146953405016,0.558,0.32,33.27858357743186,18.633333333333333,8,1,7,1.148633637003242,1.148633637003242,136.0537189923103,60.0,2340.0,0.0,0.0,0.0,1913.5477469001198,0.0,0.0,136.0537189923103,2340.0,41.50273193394828,1180.7528993816409,,,,False,False,not_attempted,0,0,0,0,4,4,1.0,152.3089487224495,1925.0,False,,,False,2,0
pso,adaptive,39,2340.0,39.0,7,recovering,recovering,30 42 51 81,2227,1.7123287671232879,0.584,0.36,33.42395222363892,18.65,7,1,6,0.7167727655190383,0.7167727655190383,136.77049175782935,60.0,2400.0,0.0,0.0,0.0,1913.5477469001198,0.0,0.0,136.77049175782935,2400.0,39.50625427544543,1028.2704486521445,,,,False,False,not_attempted,0,0,0,0,3,2,0.6666666666666666,152.3089487224495,1925.0,False,,,False,2,0
pso,adaptive,40,2400.0,40.0,8,recovering,recovering,30 42 51 81,2227,1.639344262295082,0.61,0.4,33.55804547919766,18.666666666666668,6,1,5,1.0779401657712246,1.0779401657712246,137.84843192360057,60.0,2460.0,10.470189900021069,0.20547600009012967,10.675665900111198,1924.223412800231,0.0,0.0,137.84843192360057,2460.0,38.014160323758595,1018.5457439477907,38.014160323758595,38.014160323758595,0.0,True,False,incumbent_not_worse,0,0,0,0,5,5,1.0,152.3089487224495,1925.0,False,,,True,1,0
pso,adaptive,41,2460.0,41.0,8,recovering,recovering,30 42 51 81,2227,1.572327044025157,0.636,0.44,33.68212621591513,18.683333333333334,5,1,4,1.3810271380881969,1.3810271380881969,139.22945906168877,60.0,2520.0,0.0,0.0,0.0,1924.223412800231,0.0,0.0,139.22945906168877,2520.0,36.46305442902363,991.9934165606741,,,,False,False,not_attempted,0,0,0,0,6,6,1.0,152.3089487224495,1925.0,False,,,False,1,0
pso,adaptive,42,2520.0,42.0,8,recovering,recovering,30 42 51 81,2227,1.5105740181268883,0.6619999999999999,0.48,33.79727550010811,18.7,4,0,4,0.09333333333333332,0.09333333333333332,139.3227923950221,60.0,2580.0,0.0,0.0,0.0,1924.223412800231,0.0,0.0,139.3227923950221,2580.0,34.57852690855266,842.5625457157162,,,,False,False,not_attempted,0,0,0,0,0,0,0.0,152.3089487224495,1925.0,False,,,False,1,0
pso,adaptive,43,2580.0,43.0,8,recovering,recovering,30 42 51 81,2227,1.4534883720930234,0.688,0.52,33.904424172373204,18.716666666666665,4,1,3,0.48883158898382684,0.48883158898382684,139.81162398400593,60.0,2640.0,0.0,0.0,0.0,1924.223412800231,0.0,0.0,139.81162398400593,2640.0,34.13404827830985,836.1179622980663,,,,False,False,not_attempted,0,0,0,0,3,3,1.0,152.3089487224495,1925.0,False,,,False,1,0
pso,adaptive,44,2640.0,44.0,8,recovering,recovering,30 42 51 81,2227,1.400560224089636,0.714,0.56,34.00437806583756,18.733333333333334,3,0,3,0.09333333333333332,0.09333333333333332,139.90495731733927,60.0,2700.0,0.0,0.0,0.0,1924.223412800231,0.0,0.0,139.90495731733927,2700.0,33.00713132302918,682.3689832498046,,,,False,False,not_attempted,0,0,0,0,0,0,0.0,152.3089487224495,1925.0,False,,,False,1,0
pso,adaptive,45,2700.0,45.0,9,recovering,recovering,30 42 51 81,2227,1.3513513513513513,0.74,0.6,34.09783830938845,18.75,3,1,2,0.30403034743252283,0.30403034743252283,140.2089876647718,60.0,2760.0,10.573349399957806,0.18625429994426668,10.759603699902073,1934.983016500133,0.0,0.0,140.2089876647718,2760.0,32.52428294640771,677.7894686994946,32.52428294640771,32.52428294640771,0.0,True,False,incumbent_not_worse,0,0,0,0,2,2,1.0,152.3089487224495,1925.0,False,,,True,1,0
pso,adaptive,46,2760.0,46.0,9,recovering,recovering,30 42 51 81,2227,1.3054830287206267,0.766,0.64,34.18541779831154,18.766666666666666,2,0,2,0.8931122230881744,0.8931122230881744,141.10209988785996,60.0,2820.0,0.0,0.0,0.0,1934.983016500133,0.0,0.0,141.10209988785996,2820.0,31.838801506920944,665.0506108690473,,,,False,False,not_attempted,0,0,0,0,8,8,1.0,152.3089487224495,1925.0,False,,,False,1,0
pso,adaptive,47,2820.0,47.0,9,recovering,recovering,30 42 51 81,2227,1.2626262626262625,0.792,0.68,34.26765465063994,18.783333333333335,2,0,2,0.6608431583462631,0.6608431583462631,141.76294304620623,60.0,2880.0,0.0,0.0,0.0,1934.983016500133,0.0,0.0,141.76294304620623,2880.0,30.557838252724334,613.0649248211286,,,,False,False,not_attempted,0,0,0,0,8,1,0.125,152.3089487224495,1925.0,False,,,False,1,0
pso,adaptive,48,2880.0,48.0,9,recovering,recovering,30 42 51 81,2227,1.2224938875305624,0.818,0.72,34.345023273750066,18.8,2,0,2,0.09333333333333332,0.09333333333333332,141.85627637953957,60.0,2940.0,0.0,0.0,0.0,1934.983016500133,0.0,0.0,141.85627637953957,2940.0,29.30692373450465,492.81867638519196,,,,False,False,not_attempted,0,0,0,0,0,0,0.0,152.3089487224495,1925.0,False,,,False,1,0
pso,adaptive,49,2940.0,49.0,9,recovering,recovering,30 42 51 81,2227,1.1848341232227486,0.8440000000000001,0.76,34.417943522107606,18.816666666666666,2,1,1,0.416135586180564,0.416135586180564,142.27241196572012,60.0,3000.0,0.0,0.0,0.0,1934.983016500133,0.0,0.0,142.27241196572012,3000.0,28.87169452292518,492.0314495117774,,,,False,False,not_attempted,0,0,0,0,6,1,0.16666666666666666,152.3089487224495,1925.0,False,,,False,1,0
pso,adaptive,50,3000.0,50.0,10,recovering,recovering,30 42 51 81,2227,1.1494252873563218,0.87,0.8,34.48678831955742,18.833333333333332,1,0,1,0.6818934920761873,0.6818934920761873,142.95430545779632,60.0,3060.0,10.673040900030173,0.1873428999679163,10.86038379999809,1945.8434003001312,0.0,0.0,142.95430545779632,3060.0,28.076176587167392,491.2912752790727,28.076176587167392,28.076176587167392,0.0,True,False,incumbent_not_worse,0,0,0,0,10,3,0.3,152.3089487224495,1925.0,False,,,True,1,0
pso,adaptive,51,3060.0,51.0,10,recovering,recovering,30 42 51 81,2227,1.1160714285714286,0.896,0.84,34.55189003834604,18.85,1,0,1,1.3319952232955419,1.3319952232955419,144.28630068109186,60.0,3120.0,0.0,0.0,0.0,1945.8434003001312,0.0,0.0,144.28630068109186,3120.0,27.029228850518003,490.5940575866589,,,,False,False,not_attempted,0,0,0,0,16,5,0.3125,151.27624748499198,1925.0,False,,,False,1,0
pso,adaptive,52,3120.0,52.0,10,recovering,recovering,30 42 51 81,2227,1.0845986984815619,0.922,0.88,34.613545865202205,18.866666666666667,1,0,1,0.09333333333333332,0.09333333333333332,144.3796340144252,60.0,3180.0,0.0,0.0,0.0,1945.8434003001312,0.0,0.0,144.3796340144252,3180.0,25.31841255738639,489.9361623671361,,,,False,False,not_attempted,0,0,0,0,0,0,0.0,151.18291415165865,1925.0,False,,,False,0,0
pso,adaptive,53,3180.0,53.0,10,recovering,recovering,30 42 51 81,2227,1.0548523206751055,0.9480000000000001,0.92,34.672022337292695,18.883333333333333,1,1,0,24.409885474735002,24.409885474735002,168.78951948916017,519.6495374043884,3699.649537404388,0.0,0.0,0.0,1945.8434003001312,0.0,0.0,168.78951948916017,3699.649537404388,25.053549632345693,489.3143542271652,,,,False,False,not_attempted,0,0,0,0,472,6,0.012711864406779662,147.89209132957689,1984.0,True,,,False,0,0
pso,static_live,0,0.0,0.0,0,normal,initial,30 42 51 81,0,1.0,1.0,0.0,34.78037077224997,18.0,84,0,84,17.41716950529079,17.41716950529079,17.41716950529079,60.0,60.0,9.01954150001984,12.315022700000554,21.334564200020395,21.334564200020395,0.0,0.0,17.41716950529079,60.0,151.37406968292143,2569.719418511708,,,,False,False,initial_plan,0,0,0,0,96,0,0.0,177.86965881732976,0.0,False,,,True,10,10
pso,static_live,1,60.0,1.0,0,normal,normal,30 42 51 81,0,1.0,1.0,0.0,34.78037077224997,18.016666666666666,84,0,84,2.9117287974767976,2.9117287974767976,20.328898302767588,60.0,120.0,0.0,0.0,0.0,21.334564200020395,0.0,0.0,20.328898302767588,120.0,133.1191070568551,2507.5518550268002,,,,False,False,not_attempted,0,0,0,0,47,0,0.0,177.4588955213837,0.0,False,,,False,10,10
pso,static_live,2,120.0,2.0,0,normal,normal,30 42 51 81,0,1.0,1.0,0.0,34.78037077224997,18.033333333333335,84,5,79,4.945953376604522,0.9891906753209044,25.27485167937211,60.0,180.0,0.0,0.0,0.0,21.334564200020395,0.0,0.0,25.27485167937211,180.0,129.7508783653988,2355.035662758609,,,,False,False,not_attempted,0,0,0,0,48,0,0.0,176.84027550943307,239.0,False,,,False,9,5
pso,static_live,3,180.0,3.0,0,normal,normal,30 42 51 81,0,1.0,1.0,0.0,34.78037077224997,18.05,79,3,76,5.2858708059973845,1.7619569353324616,30.560722485369492,60.0,240.0,0.0,0.0,0.0,21.334564200020395,0.0,0.0,30.560722485369492,240.0,125.54196401841551,2355.035662758609,,,,False,False,not_attempted,0,0,0,0,84,0,0.0,176.08417388140913,239.0,False,,,False,9,2
pso,static_live,4,240.0,4.0,0,normal,normal,30 42 51 81,0,1.0,1.0,0.0,34.78037077224997,18.066666666666666,76,0,76,4.768439058186637,4.768439058186637,35.329161543556125,60.0,300.0,0.0,0.0,0.0,21.334564200020395,0.0,0.0,35.329161543556125,300.0,119.70961591445298,2307.5810249028364,,,,False,False,not_attempted,0,0,0,0,69,0,0.0,174.23595111138894,239.0,False,,,False,9,2
pso,static_live,5,300.0,5.0,1,normal,normal,30 42 51 81,0,1.0,1.0,0.0,34.78037077224997,18.083333333333332,76,2,74,2.033059245297843,1.0165296226489215,37.36222078885397,60.0,360.0,0.0,0.0,0.0,21.334564200020395,0.0,0.0,37.36222078885397,360.0,115.25900310952544,2179.6312187929043,,,,False,False,not_attempted,0,0,0,0,67,0,0.0,174.1426177780556,324.0,False,,,False,9,2
pso,static_live,6,360.0,6.0,1,normal,normal,30 42 51 81,0,1.0,1.0,0.0,34.78037077224997,18.1,74,4,70,2.8956701116039376,0.7239175279009844,40.25789090045791,60.0,420.0,0.0,0.0,0.0,21.334564200020395,0.0,0.0,40.25789090045791,420.0,113.42229091822706,2179.6312187929043,,,,False,False,not_attempted,0,0,0,0,34,0,0.0,173.80269504982573,430.0,False,,,False,9,1
pso,static_live,7,420.0,7.0,1,normal,normal,30 42 51 81,0,1.0,1.0,0.0,34.78037077224997,18.116666666666667,70,2,68,4.8735631587271255,2.4367815793635628,45.13145405918503,60.0,480.0,0.0,0.0,0.0,21.334564200020395,0.0,0.0,45.13145405918503,480.0,110.51467952032222,2149.403453117163,,,,False,False,not_attempted,0,0,0,0,51,0,0.0,171.7315048732715,430.0,False,,,False,9,0
pso,static_live,8,480.0,8.0,1,normal,normal,30 42 51 81,0,1.0,1.0,0.0,34.78037077224997,18.133333333333333,68,2,66,3.744268046077959,1.8721340230389796,48.875722105262994,60.0,540.0,0.0,0.0,0.0,21.334564200020395,0.0,0.0,48.875722105262994,540.0,105.54802741137986,2029.403453117163,,,,False,False,not_attempted,0,0,0,0,78,0,0.0,171.63817153993816,451.0,False,,,False,8,0
pso,static_live,9,540.0,9.0,1,normal,normal,30 42 51 81,0,1.0,1.0,0.0,34.78037077224997,18.15,66,4,62,2.7954245755306446,0.6988561438826612,51.67114668079364,60.0,600.0,0.0,0.0,0.0,21.334564200020395,0.0,0.0,51.67114668079364,600.0,101.79424707515842,2029.403453117163,,,,False,False,not_attempted,0,0,0,0,21,0,0.0,171.54640459197284,647.0,False,,,False,8,0
pso,static_live,10,600.0,10.0,2,degrading,degrading,30 42 51 81,0,1.0,1.0,0.0,34.78037077224997,18.166666666666668,62,3,59,3.8765201157009246,1.2921733719003081,55.54766679649457,60.0,660.0,0.0,0.0,0.0,21.334564200020395,0.0,0.0,55.54766679649457,660.0,99.26036237241371,1901.7228863742832,,,,False,False,not_attempted,0,0,0,0,34,0,0.0,169.9139712245009,659.0,False,,,False,8,0
pso,static_live,11,660.0,11.0,2,degrading,degrading,30 42 51 81,2227,1.06951871657754,0.935,0.0,34.64316594981709,18.183333333333334,59,2,57,3.861618713583713,1.9308093567918565,59.40928551007828,60.0,720.0,0.0,0.0,0.0,21.334564200020395,0.0,0.0,59.40928551007828,720.0,98.74701006013937,1909.8167355379728,,,,False,False,not_attempted,0,0,0,0,48,6,0.125,168.57396062756465,659.0,False,,,False,8,0
pso,static_live,12,720.0,12.0,2,degrading,degrading,30 42 51 81,2227,1.1494252873563218,0.87,0.0,34.48678831955742,18.2,57,2,55,1.3732022282893093,0.6866011141446546,60.782487738367585,60.0,780.0,0.0,0.0,0.0,21.334564200020395,0.0,0.0,60.782487738367585,780.0,98.44496382609508,1759.2598462500057,,,,False,False,not_attempted,0,0,0,0,23,0,0.0,168.36247255001456,751.0,False,,,False,8,0
pso,static_live,13,780.0,13.0,2,degrading,degrading,30 42 51 81,2227,1.2422360248447206,0.8049999999999999,0.0,34.30692006739202,18.216666666666665,55,4,51,2.7342262270939885,0.6835565567734971,63.51671396546158,60.0,840.0,0.0,0.0,0.0,21.334564200020395,0.0,0.0,63.51671396546158,840.0,101.3074148806894,1769.6751589982105,,,,False,False,not_attempted,0,0,0,0,30,4,0.13333333333333333,168.26913921668122,751.0,False,,,False,8,0
pso,static_live,14,840.0,14.0,2,degrading,degrading,30 42 51 81,2227,1.3513513513513513,0.74,0.0,34.09783830938845,18.233333333333334,51,2,49,1.0170609053996504,0.5085304526998252,64.53377487086122,60.0,900.0,0.0,0.0,0.0,21.334564200020395,0.0,0.0,64.53377487086122,900.0,102.7577046289962,1773.2387266687751,,,,False,False,not_attempted,0,0,0,0,18,0,0.0,168.1532899592327,832.0,False,,,False,8,0
pso,static_live,15,900.0,15.0,3,degrading,degrading,30 42 51 81,2227,1.4814814814814814,0.675,0.0,33.851796877256575,18.25,49,2,47,2.160613494126682,1.080306747063341,66.6943883649879,60.0,960.0,0.0,0.0,0.0,21.334564200020395,0.0,0.0,66.6943883649879,960.0,106.40821135303375,1660.5626082091403,,,,False,False,not_attempted,0,0,0,0,55,0,0.0,168.05995662589936,853.0,False,,,False,8,0
pso,static_live,16,960.0,16.0,3,degrading,degrading,30 42 51 81,2227,1.639344262295082,0.61,0.0,33.55804547919766,18.266666666666666,47,3,44,3.6768114197032795,1.22560380656776,70.37119978469119,60.0,1020.0,0.0,0.0,0.0,21.334564200020395,0.0,0.0,70.37119978469119,1020.0,109.8802159800067,1678.278125593974,,,,False,False,not_attempted,0,0,0,0,77,0,0.0,167.68069826789986,968.0,False,,,False,8,0
pso,static_live,17,1020.0,17.0,3,degrading,degrading,30 42 51 81,2227,1.8348623853211008,0.545,0.0,33.20121701570619,18.283333333333335,44,2,42,4.416505133426603,2.2082525667133015,74.78770491811778,60.0,1080.0,0.0,0.0,0.0,21.334564200020395,0.0,0.0,74.78770491811778,1080.0,112.26822093659028,1730.870002355297,,,,False,False,not_attempted,0,0,0,0,38,2,0.05263157894736842,166.5343355462216,1048.0,False,,,False,8,0
pso,static_live,18,1080.0,18.0,3,degrading,degrading,30 42 51 81,2227,2.0833333333333335,0.48,0.0,32.75855106933444,18.3,42,3,39,4.013242468258239,1.337747489419413,78.80094738637602,60.0,1140.0,0.0,0.0,0.0,21.334564200020395,0.0,0.0,78.80094738637602,1140.0,114.97836242000795,1917.591349499651,,,,False,False,not_attempted,0,0,0,0,35,0,0.0,166.18717092947844,1048.0,False,,,False,8,0
pso,static_live,19,1140.0,19.0,3,degrading,degrading,30 42 51 81,2227,2.409638554216868,0.4149999999999999,0.0,32.194839714285706,18.316666666666666,39,1,38,3.6652609621428645,3.6652609621428645,82.46620834851889,60.0,1200.0,0.0,0.0,0.0,21.334564200020395,0.0,0.0,82.46620834851889,1200.0,119.58002148384712,1811.9163573726935,,,,False,False,not_attempted,0,0,0,0,66,3,0.045454545454545456,166.14134481511314,1114.0,False,,,False,8,0
pso,static_live,20,1200.0,20.0,4,disrupted,holding,30 42 51 81,2227,2.857142857142857,0.35,0.0,31.452570520598588,18.333333333333332,38,1,37,5.979764417330994,5.979764417330994,88.44597276584989,60.0,1260.0,0.0,0.0,0.0,21.334564200020395,0.0,0.0,88.44597276584989,1260.0,126.90298878722699,1875.6650752532573,,,,False,False,not_attempted,0,0,0,0,28,8,0.2857142857142857,164.09106809728252,1136.0,False,,,False,8,0
pso,static_live,21,1260.0,21.0,4,disrupted,disrupted,30 42 51 81,2227,2.857142857142857,0.35,0.0,31.452570520598588,18.35,37,2,35,3.7961224668571534,1.8980612334285767,92.24209523270704,60.0,1320.0,0.0,0.0,0.0,21.334564200020395,0.0,0.0,92.24209523270704,1320.0,121.14794070703925,1737.8028450279758,,,,False,False,not_attempted,0,0,0,0,45,5,0.1111111111111111,162.92784457453266,1308.0,False,,,False,8,0
pso,static_live,22,1320.0,22.0,4,disrupted,disrupted,30 42 51 81,2227,2.857142857142857,0.35,0.0,31.452570520598588,18.366666666666667,35,2,33,4.165635004069328,2.082817502034664,96.40773023677637,60.0,1380.0,0.0,0.0,0.0,21.334564200020395,0.0,0.0,96.40773023677637,1380.0,117.40497680044942,1737.8028450279758,,,,False,False,not_attempted,0,0,0,0,43,3,0.06976744186046512,161.54244945407692,1308.0,False,,,False,8,0
pso,static_live,23,1380.0,23.0,4,disrupted,disrupted,30 42 51 81,2227,2.857142857142857,0.35,0.0,31.452570520598588,18.383333333333333,33,1,32,4.650432418314168,4.650432418314168,101.05816265509054,60.0,1440.0,0.0,0.0,0.0,21.334564200020395,0.0,0.0,101.05816265509054,1440.0,111.5028386022624,1702.3987260348406,,,,False,False,not_attempted,0,0,0,0,7,4,0.5714285714285714,161.44911612074358,1308.0,False,,,False,8,0
pso,static_live,24,1440.0,24.0,4,disrupted,disrupted,30 42 51 81,2227,2.857142857142857,0.35,0.0,31.452570520598588,18.4,32,4,28,3.722501328679924,0.930625332169981,104.78066398377047,60.0,1500.0,0.0,0.0,0.0,21.334564200020395,0.0,0.0,104.78066398377047,1500.0,108.59974714609972,1571.2404241354798,,,,False,False,not_attempted,0,0,0,0,39,3,0.07692307692307693,159.78376268171488,1456.0,False,,,False,8,0
pso,static_live,25,1500.0,25.0,5,disrupted,disrupted,30 42 51 81,2227,2.857142857142857,0.35,0.0,31.452570520598588,18.416666666666668,28,3,25,4.231585068126595,1.4105283560421984,109.01224905189706,60.0,1560.0,0.0,0.0,0.0,21.334564200020395,0.0,0.0,109.01224905189706,1560.0,104.23348117633549,1571.2404241354798,,,,False,False,not_attempted,0,0,0,0,12,3,0.25,158.36079189732789,1456.0,False,,,False,8,0
pso,static_live,26,1560.0,26.0,5,disrupted,disrupted,30 42 51 81,2227,2.857142857142857,0.35,0.0,31.452570520598588,18.433333333333334,25,2,23,8.996348053305327,4.498174026652664,118.00859710520238,60.0,1620.0,0.0,0.0,0.0,21.334564200020395,0.0,0.0,118.00859710520238,1620.0,99.42755433390342,1524.1348776542488,,,,False,False,not_attempted,0,0,0,0,31,11,0.3548387096774194,156.4133713040133,1577.0,False,,,False,8,0
pso,static_live,27,1620.0,27.0,5,disrupted,disrupted,30 42 51 81,2227,2.857142857142857,0.35,0.0,31.452570520598588,18.45,23,2,21,5.715472316552713,2.8577361582763565,123.7240694217551,60.0,1680.0,0.0,0.0,0.0,21.334564200020395,0.0,0.0,123.7240694217551,1680.0,91.1525396341414,1383.5820967255022,,,,False,False,not_attempted,0,0,0,0,78,3,0.038461538461538464,156.32003797067998,1577.0,False,,,False,8,0
pso,static_live,28,1680.0,28.0,5,disrupted,disrupted,30 42 51 81,2227,2.857142857142857,0.35,0.0,31.452570520598588,18.466666666666665,21,3,18,3.4418823488115695,1.1472941162705232,127.16595177056668,60.0,1740.0,0.0,0.0,0.0,21.334564200020395,0.0,0.0,127.16595177056668,1740.0,86.06046683631479,1383.5820967255022,,,,False,False,not_attempted,0,0,0,0,25,2,0.08,155.74305922488625,1617.0,False,,,False,7,0
pso,static_live,29,1740.0,29.0,5,disrupted,disrupted,30 42 51 81,2227,2.857142857142857,0.35,0.0,31.452570520598588,18.483333333333334,18,3,15,4.515400792378656,1.5051335974595519,131.68135256294534,60.0,1800.0,0.0,0.0,0.0,21.334564200020395,0.0,0.0,131.68135256294534,1800.0,82.02349717057416,1361.3723912825365,,,,False,False,not_attempted,0,0,0,0,20,5,0.25,154.22675233307046,1716.0,False,,,False,6,0
pso,static_live,30,1800.0,30.0,6,recovering,recovering,30 42 51 81,2227,2.857142857142857,0.35,0.0,31.452570520598588,18.5,15,3,12,4.447649371020538,1.4825497903401794,136.12900193396587,60.0,1860.0,0.0,0.0,0.0,21.334564200020395,0.0,0.0,136.12900193396587,1860.0,78.25291511006549,1308.9201977753944,,,,False,False,not_attempted,0,0,0,0,39,1,0.02564102564102564,153.22919137104728,1716.0,False,,,False,6,0
pso,static_live,31,1860.0,31.0,6,recovering,recovering,30 42 51 81,2227,2.6595744680851063,0.376,0.04,31.77601131408416,18.516666666666666,12,0,12,3.5230915220134484,3.5230915220134484,139.65209345597933,60.0,1920.0,0.0,0.0,0.0,21.334564200020395,0.0,0.0,139.65209345597933,1920.0,71.06285996961013,1227.0038591716807,,,,False,False,not_attempted,0,0,0,0,18,0,0.0,152.10579107431388,1716.0,False,,,False,5,0
pso,static_live,32,1920.0,32.0,6,recovering,recovering,30 42 51 81,2227,2.4875621890547266,0.40199999999999997,0.08,32.063080038424864,18.533333333333335,12,4,8,5.063577536686888,1.265894384171722,144.71567099266622,60.0,1980.0,0.0,0.0,0.0,21.334564200020395,0.0,0.0,144.71567099266622,1980.0,65.63556334373804,1115.5446723482514,,,,False,False,not_attempted,0,0,0,0,29,6,0.20689655172413793,150.22848830915763,1842.0,False,,,False,5,0
pso,static_live,33,1980.0,33.0,6,recovering,recovering,30 42 51 81,2227,2.336448598130841,0.428,0.12,32.31958534492627,18.55,8,0,8,1.4928815429330362,1.4928815429330362,146.20855253559927,60.0,2040.0,0.0,0.0,0.0,21.334564200020395,0.0,0.0,146.20855253559927,2040.0,59.02386723642611,1010.6029695263992,,,,False,False,not_attempted,0,0,0,0,11,3,0.2727272727272727,150.1351549758243,1842.0,False,,,False,4,0
pso,static_live,34,2040.0,34.0,6,recovering,recovering,30 42 51 81,2227,2.2026431718061676,0.45399999999999996,0.16,32.55016153739909,18.566666666666666,8,2,6,2.7135040831615713,1.3567520415807857,148.92205661876085,60.0,2100.0,0.0,0.0,0.0,21.334564200020395,0.0,0.0,148.92205661876085,2100.0,56.26608973509121,997.2703479342008,,,,False,False,not_attempted,0,0,0,0,39,2,0.05128205128205128,149.13747135126204,1991.0,False,,,False,4,0
pso,static_live,35,2100.0,35.0,7,recovering,recovering,30 42 51 81,2227,2.0833333333333335,0.48,0.2,32.75855106933444,18.583333333333332,6,0,6,4.992280130436436,4.992280130436436,153.91433674919728,60.0,2160.0,0.0,0.0,0.0,21.334564200020395,0.0,0.0,153.91433674919728,2160.0,52.257597700185514,919.4226526033437,,,,False,False,not_attempted,0,0,0,0,13,4,0.3076923076923077,148.74940037845246,1991.0,False,,,False,4,0
pso,static_live,36,2160.0,36.0,7,recovering,recovering,30 42 51 81,2227,1.976284584980237,0.506,0.24,32.94780923645322,18.6,6,0,6,1.5646999968595776,1.5646999968595776,155.47903674605686,60.0,2220.0,0.0,0.0,0.0,21.334564200020395,0.0,0.0,155.47903674605686,2220.0,45.95456757381768,860.9878316546444,,,,False,False,not_attempted,0,0,0,0,6,0,0.0,148.65606704511913,1991.0,False,,,False,2,0
pso,static_live,37,2220.0,37.0,7,recovering,recovering,30 42 51 81,2227,1.8796992481203008,0.532,0.28,33.120454967615515,18.616666666666667,6,2,4,1.4536451672988258,0.7268225836494129,156.93268191335568,60.0,2280.0,0.0,0.0,0.0,21.334564200020395,0.0,0.0,156.93268191335568,2280.0,43.770597705361766,772.1591620691943,,,,False,False,not_attempted,0,0,0,0,3,3,1.0,148.64284507070147,1991.0,False,,,False,1,0
pso,static_live,38,2280.0,38.0,7,recovering,recovering,30 42 51 81,2227,1.7921146953405016,0.558,0.32,33.27858357743186,18.633333333333333,4,1,3,1.4601768001978397,1.4601768001978397,158.39285871355352,60.0,2340.0,0.0,0.0,0.0,21.334564200020395,0.0,0.0,158.39285871355352,2340.0,41.51520637239802,716.168208625397,,,,False,False,not_attempted,0,0,0,0,2,2,1.0,148.64284507070147,1996.0,False,,,False,1,0
pso,static_live,39,2340.0,39.0,7,recovering,recovering,30 42 51 81,2227,1.7123287671232879,0.584,0.36,33.42395222363892,18.65,3,0,3,0.09333333333333332,0.09333333333333332,158.48619204688686,60.0,2400.0,0.0,0.0,0.0,21.334564200020395,0.0,0.0,158.48619204688686,2400.0,39.57459219529013,546.4329643825056,,,,False,False,not_attempted,0,0,0,0,0,0,0.0,148.64284507070147,1996.0,False,,,False,1,0
pso,static_live,40,2400.0,40.0,8,recovering,recovering,30 42 51 81,2227,1.639344262295082,0.61,0.4,33.55804547919766,18.666666666666668,3,1,2,0.15859783823672813,0.15859783823672813,158.64478988512357,60.0,2460.0,0.0,0.0,0.0,21.334564200020395,0.0,0.0,158.64478988512357,2460.0,39.03845024195158,542.9561876031979,,,,False,False,not_attempted,0,0,0,0,1,1,1.0,148.64284507070147,1996.0,False,,,False,1,0
pso,static_live,41,2460.0,41.0,8,recovering,recovering,30 42 51 81,2227,1.572327044025157,0.636,0.44,33.68212621591513,18.683333333333334,2,0,2,1.9324016479796169,1.9324016479796169,160.5771915331032,60.0,2520.0,0.0,0.0,0.0,21.334564200020395,0.0,0.0,160.5771915331032,2520.0,38.132765222918664,513.9753376553289,,,,False,False,not_attempted,0,0,0,0,4,4,1.0,148.64284507070147,1996.0,False,,,False,1,0
pso,static_live,42,2520.0,42.0,8,recovering,recovering,30 42 51 81,2227,1.5105740181268883,0.6619999999999999,0.48,33.79727550010811,18.7,2,0,2,0.9858297976850424,0.9858297976850424,161.56302133078825,60.0,2580.0,0.0,0.0,0.0,21.334564200020395,0.0,0.0,161.56302133078825,2580.0,35.828091014763096,464.8624322525924,,,,False,False,not_attempted,0,0,0,0,3,0,0.0,148.64284507070147,1996.0,False,,,False,1,0
pso,static_live,43,2580.0,43.0,8,recovering,recovering,30 42 51 81,2227,1.4534883720930234,0.688,0.52,33.904424172373204,18.716666666666665,2,0,2,1.675797035944125,1.675797035944125,163.23881836673237,60.0,2640.0,0.0,0.0,0.0,21.334564200020395,0.0,0.0,163.23881836673237,2640.0,34.711120276082355,425.3134414814885,,,,False,False,not_attempted,0,0,0,0,6,0,0.0,148.64284507070147,1996.0,False,,,False,1,0
pso,static_live,44,2640.0,44.0,8,recovering,recovering,30 42 51 81,2227,1.400560224089636,0.714,0.56,34.00437806583756,18.733333333333334,2,0,2,1.6864318324789505,1.6864318324789505,164.92525019921132,60.0,2700.0,0.0,0.0,0.0,21.334564200020395,0.0,0.0,164.92525019921132,2700.0,32.89987976941509,425.3134414814885,,,,False,False,not_attempted,0,0,0,0,32,0,0.0,148.64284507070147,1996.0,False,,,False,1,0
pso,static_live,45,2700.0,45.0,9,recovering,recovering,30 42 51 81,2227,1.3513513513513513,0.74,0.6,34.09783830938845,18.75,2,0,2,0.19710606998852656,0.19710606998852656,165.12235626919986,60.0,2760.0,0.0,0.0,0.0,21.334564200020395,0.0,0.0,165.12235626919986,2760.0,30.92185480728634,353.57460194958816,,,,False,False,not_attempted,0,0,0,0,6,0,0.0,148.64284507070147,1996.0,False,,,False,1,0
pso,static_live,46,2760.0,46.0,9,recovering,recovering,30 42 51 81,2227,1.3054830287206267,0.766,0.64,34.18541779831154,18.766666666666666,2,0,2,0.09333333333333332,0.09333333333333332,165.2156896025332,60.0,2820.0,0.0,0.0,0.0,21.334564200020395,0.0,0.0,165.2156896025332,2820.0,30.370520425636144,351.9607290513732,,,,False,False,not_attempted,0,0,0,0,0,0,0.0,148.64284507070147,1996.0,False,,,False,1,0
pso,static_live,47,2820.0,47.0,9,recovering,recovering,30 42 51 81,2227,1.2626262626262625,0.792,0.68,34.26765465063994,18.783333333333335,2,1,1,0.9316629170875247,0.9316629170875247,166.1473525196207,60.0,2880.0,0.0,0.0,0.0,21.334564200020395,0.0,0.0,166.1473525196207,2880.0,30.035925774828325,346.4662732760491,,,,False,False,not_attempted,0,0,0,0,11,0,0.0,148.64284507070147,1996.0,False,,,False,1,0
pso,static_live,48,2880.0,48.0,9,recovering,recovering,30 42 51 81,2227,1.2224938875305624,0.818,0.72,34.345023273750066,18.8,1,0,1,0.09333333333333332,0.09333333333333332,166.24068585295404,60.0,2940.0,0.0,0.0,0.0,21.334564200020395,0.0,0.0,166.24068585295404,2940.0,28.456614923296705,343.2510145850841,,,,False,False,not_attempted,0,0,0,0,0,0,0.0,148.64284507070147,1996.0,False,,,False,0,0
pso,static_live,49,2940.0,49.0,9,recovering,recovering,30 42 51 81,2227,1.1848341232227486,0.8440000000000001,0.76,34.417943522107606,18.816666666666666,1,1,0,27.22792362139843,27.22792362139843,193.46860947435246,372.00915924885413,3312.009159248854,0.0,0.0,0.0,21.334564200020395,0.0,0.0,193.46860947435246,3312.009159248854,27.97502889398622,340.23385240114527,,,,False,False,not_attempted,0,0,0,0,357,61,0.17086834733893558,144.93255560402483,1996.0,True,,,False,0,0
pso,static_frozen,0,0.0,0.0,0,normal,initial,30 42 51 81,0,1.0,1.0,0.0,34.78037077224997,18.0,84,0,84,17.41716950529079,17.41716950529079,17.41716950529079,60.0,60.0,9.01954150001984,12.315022700000554,21.334564200020395,21.334564200020395,0.0,0.0,17.41716950529079,60.0,151.37406968292143,2569.719418511708,,,,False,False,initial_plan,0,0,0,0,96,0,0.0,177.86965881732976,0.0,False,,,True,10,10
pso,static_frozen,1,60.0,1.0,0,normal,normal,30 42 51 81,0,1.0,1.0,0.0,34.78037077224997,18.016666666666666,84,0,84,2.9117287974767976,2.9117287974767976,20.328898302767588,60.0,120.0,0.0,0.0,0.0,21.334564200020395,0.0,0.0,20.328898302767588,120.0,133.1191070568551,2507.5518550268002,,,,False,False,not_attempted,0,0,0,0,47,0,0.0,177.4588955213837,0.0,False,,,False,10,10
pso,static_frozen,2,120.0,2.0,0,normal,normal,30 42 51 81,0,1.0,1.0,0.0,34.78037077224997,18.033333333333335,84,5,79,4.945953376604522,0.9891906753209044,25.27485167937211,60.0,180.0,0.0,0.0,0.0,21.334564200020395,0.0,0.0,25.27485167937211,180.0,129.7508783653988,2355.035662758609,,,,False,False,not_attempted,0,0,0,0,48,0,0.0,176.84027550943307,239.0,False,,,False,9,5
pso,static_frozen,3,180.0,3.0,0,normal,normal,30 42 51 81,0,1.0,1.0,0.0,34.78037077224997,18.05,79,3,76,5.2858708059973845,1.7619569353324616,30.560722485369492,60.0,240.0,0.0,0.0,0.0,21.334564200020395,0.0,0.0,30.560722485369492,240.0,125.54196401841551,2355.035662758609,,,,False,False,not_attempted,0,0,0,0,84,0,0.0,176.08417388140913,239.0,False,,,False,9,2
pso,static_frozen,4,240.0,4.0,0,normal,normal,30 42 51 81,0,1.0,1.0,0.0,34.78037077224997,18.066666666666666,76,0,76,4.768439454899793,4.768439454899793,35.32916194026929,60.0,300.0,0.0,0.0,0.0,21.334564200020395,0.0,0.0,35.32916194026929,300.0,119.70961591445298,2307.5810249028364,,,,False,False,not_attempted,0,0,0,0,69,0,0.0,174.23595111138894,239.0,False,,,False,9,2
pso,static_frozen,5,300.0,5.0,1,normal,normal,30 42 51 81,0,1.0,1.0,0.0,34.78037077224997,18.083333333333332,76,2,74,2.0331806617991015,1.0165903308995508,37.36234260206839,60.0,360.0,0.0,0.0,0.0,21.334564200020395,0.0,0.0,37.36234260206839,360.0,115.25900310952544,2179.6312187929043,,,,False,False,not_attempted,0,0,0,0,67,0,0.0,174.1426177780556,324.0,False,,,False,9,2
pso,static_frozen,6,360.0,6.0,1,normal,normal,30 42 51 81,0,1.0,1.0,0.0,34.78037077224997,18.1,74,4,70,2.8956701116039376,0.7239175279009844,40.25801271367233,60.0,420.0,0.0,0.0,0.0,21.334564200020395,0.0,0.0,40.25801271367233,420.0,113.42229091822706,2179.6312187929043,,,,False,False,not_attempted,0,0,0,0,34,0,0.0,173.80269504982573,430.0,False,,,False,9,1
pso,static_frozen,7,420.0,7.0,1,normal,normal,30 42 51 81,0,1.0,1.0,0.0,34.78037077224997,18.116666666666667,70,2,68,4.874305214044376,2.437152607022188,45.132317927716706,60.0,480.0,0.0,0.0,0.0,21.334564200020395,0.0,0.0,45.132317927716706,480.0,110.51467952032222,2149.403453117163,,,,False,False,not_attempted,0,0,0,0,51,0,0.0,171.7315048732715,430.0,False,,,False,9,0
pso,static_frozen,8,480.0,8.0,1,normal,normal,30 42 51 81,0,1.0,1.0,0.0,34.78037077224997,18.133333333333333,68,2,66,3.7435141569850514,1.8717570784925257,48.875832084701756,60.0,540.0,0.0,0.0,0.0,21.334564200020395,0.0,0.0,48.875832084701756,540.0,105.54802741137986,2029.403453117163,,,,False,False,not_attempted,0,0,0,0,78,0,0.0,171.63817153993816,451.0,False,,,False,8,0
pso,static_frozen,9,540.0,9.0,1,normal,normal,30 42 51 81,0,1.0,1.0,0.0,34.78037077224997,18.15,66,4,62,2.7954364093063027,0.6988591023265757,51.67126849400806,60.0,600.0,0.0,0.0,0.0,21.334564200020395,0.0,0.0,51.67126849400806,600.0,101.79424707515842,2029.403453117163,,,,False,False,not_attempted,0,0,0,0,21,0,0.0,171.54640459197284,647.0,False,,,False,8,0
pso,static_frozen,10,600.0,10.0,2,degrading,degrading,30 42 51 81,0,1.0,1.0,0.0,34.78037077224997,18.166666666666668,62,3,59,3.8765201157009246,1.2921733719003081,55.54778860970899,60.0,660.0,0.0,0.0,0.0,21.334564200020395,0.0,0.0,55.54778860970899,660.0,99.26036237241371,1901.7228863742832,,,,False,False,not_attempted,0,0,0,0,34,0,0.0,169.9139712245009,659.0,False,,,False,8,0
pso,static_frozen,11,660.0,11.0,2,degrading,degrading,30 42 51 81,2227,1.06951871657754,0.935,0.0,34.64316594981709,18.183333333333334,59,2,57,3.861618713583713,1.9308093567918565,59.4094073232927,60.0,720.0,0.0,0.0,0.0,21.334564200020395,0.0,0.0,59.4094073232927,720.0,98.74701006013937,1909.8167355379728,,,,False,False,not_attempted,0,0,0,0,48,6,0.125,168.57396062756465,659.0,False,,,False,8,0
pso,static_frozen,12,720.0,12.0,2,degrading,degrading,30 42 51 81,2227,1.1494252873563218,0.87,0.0,34.48678831955742,18.2,57,2,55,1.3732022282893093,0.6866011141446546,60.782609551582006,60.0,780.0,0.0,0.0,0.0,21.334564200020395,0.0,0.0,60.782609551582006,780.0,98.44496382609508,1759.2598462500057,,,,False,False,not_attempted,0,0,0,0,23,0,0.0,168.36247255001456,751.0,False,,,False,8,0
pso,static_frozen,13,780.0,13.0,2,degrading,degrading,30 42 51 81,2227,1.2422360248447206,0.8049999999999999,0.0,34.30692006739202,18.216666666666665,55,4,51,2.7342262270939885,0.6835565567734971,63.516835778676,60.0,840.0,0.0,0.0,0.0,21.334564200020395,0.0,0.0,63.516835778676,840.0,101.3074148806894,1769.6751589982105,,,,False,False,not_attempted,0,0,0,0,30,4,0.13333333333333333,168.26913921668122,751.0,False,,,False,8,0
pso,static_frozen,14,840.0,14.0,2,degrading,degrading,30 42 51 81,2227,1.3513513513513513,0.74,0.0,34.09783830938845,18.233333333333334,51,2,49,1.0170609053996504,0.5085304526998252,64.53389668407564,60.0,900.0,0.0,0.0,0.0,21.334564200020395,0.0,0.0,64.53389668407564,900.0,102.7577046289962,1773.2387266687751,,,,False,False,not_attempted,0,0,0,0,18,0,0.0,168.1532899592327,832.0,False,,,False,8,0
pso,static_frozen,15,900.0,15.0,3,degrading,degrading,30 42 51 81,2227,1.4814814814814814,0.675,0.0,33.851796877256575,18.25,49,2,47,2.3682705857816875,1.1841352928908437,66.90216726985733,60.0,960.0,0.0,0.0,0.0,21.334564200020395,0.0,0.0,66.90216726985733,960.0,106.40821135303375,1660.5626082091403,,,,False,False,not_attempted,0,0,0,0,55,3,0.05454545454545454,168.05995662589936,853.0,False,,,False,8,0
pso,static_frozen,16,960.0,16.0,3,degrading,degrading,30 42 51 81,2227,1.639344262295082,0.61,0.0,33.55804547919766,18.266666666666666,47,3,44,4.0062946846320635,1.335431561544021,70.9084619544894,60.0,1020.0,0.0,0.0,0.0,21.334564200020395,0.0,0.0,70.9084619544894,1020.0,110.15052515778166,1678.278125593974,,,,False,False,not_attempted,0,0,0,0,79,2,0.02531645569620253,167.68069826789986,968.0,False,,,False,8,0
pso,static_frozen,17,1020.0,17.0,3,degrading,degrading,30 42 51 81,2227,1.8348623853211008,0.545,0.0,33.20121701570619,18.283333333333335,44,2,42,4.416505133426603,2.2082525667133015,75.324967087916,60.0,1080.0,0.0,0.0,0.0,21.334564200020395,0.0,0.0,75.324967087916,1080.0,112.26822093659028,1730.870002355297,,,,False,False,not_attempted,0,0,0,0,38,2,0.05263157894736842,166.5343355462216,1048.0,False,,,False,8,0
pso,static_frozen,18,1080.0,18.0,3,degrading,degrading,30 42 51 81,2227,2.0833333333333335,0.48,0.0,32.75855106933444,18.3,42,3,39,4.501215702258427,1.5004052340861422,79.82618279017441,60.0,1140.0,0.0,0.0,0.0,21.334564200020395,0.0,0.0,79.82618279017441,1140.0,114.97836242000795,1917.591349499651,,,,False,False,not_attempted,0,0,0,0,45,3,0.06666666666666667,166.18717092947844,1048.0,False,,,False,8,0
pso,static_frozen,19,1140.0,19.0,3,degrading,degrading,30 42 51 81,2227,2.409638554216868,0.4149999999999999,0.0,32.194839714285706,18.316666666666666,39,1,38,6.292291645722758,6.292291645722758,86.11847443589717,60.0,1200.0,0.0,0.0,0.0,21.334564200020395,0.0,0.0,86.11847443589717,1200.0,120.78269575553105,1811.9163573726935,,,,False,False,not_attempted,0,0,0,0,55,14,0.2545454545454545,166.14134481511314,1114.0,False,,,False,8,0
pso,static_frozen,20,1200.0,20.0,4,disrupted,holding,30 42 51 81,2227,2.857142857142857,0.35,0.0,31.452570520598588,18.333333333333332,38,1,37,6.0889549717986196,6.0889549717986196,92.20742940769578,60.0,1260.0,0.0,0.0,0.0,21.334564200020395,0.0,0.0,92.20742940769578,1260.0,126.0079000725917,1875.6650752532573,,,,False,False,not_attempted,0,0,0,0,25,8,0.32,164.09106809728252,1136.0,False,,,False,8,0
pso,static_frozen,21,1260.0,21.0,4,disrupted,disrupted,30 42 51 81,2227,2.857142857142857,0.35,0.0,31.452570520598588,18.35,37,2,35,2.8709980127666173,1.4354990063833086,95.0784274204624,60.0,1320.0,0.0,0.0,0.0,21.334564200020395,0.0,0.0,95.0784274204624,1320.0,120.11563534561184,1737.8028450279758,,,,False,False,not_attempted,0,0,0,0,43,3,0.06976744186046512,162.92784457453266,1308.0,False,,,False,8,0
pso,static_frozen,22,1320.0,22.0,4,disrupted,disrupted,30 42 51 81,2227,2.857142857142857,0.35,0.0,31.452570520598588,18.366666666666667,35,3,32,4.993984201899162,1.6646614006330538,100.07241162236157,60.0,1380.0,0.0,0.0,0.0,21.334564200020395,0.0,0.0,100.07241162236157,1380.0,117.40497680044942,1737.8028450279758,,,,False,False,not_attempted,0,0,0,0,45,5,0.1111111111111111,161.54244945407692,1308.0,False,,,False,8,0
pso,static_frozen,23,1380.0,23.0,4,disrupted,disrupted,30 42 51 81,2227,2.857142857142857,0.35,0.0,31.452570520598588,18.383333333333333,32,0,32,3.9826966795354415,3.9826966795354415,104.05510830189701,60.0,1440.0,0.0,0.0,0.0,21.334564200020395,0.0,0.0,104.05510830189701,1440.0,110.65253743864963,1702.3987260348406,,,,False,False,not_attempted,0,0,0,0,5,2,0.4,161.44911612074358,1308.0,False,,,False,8,0
pso,static_frozen,24,1440.0,24.0,4,disrupted,disrupted,30 42 51 81,2227,2.857142857142857,0.35,0.0,31.452570520598588,18.4,32,4,28,3.586596389996169,0.8966490974990422,107.64170469189318,60.0,1500.0,0.0,0.0,0.0,21.334564200020395,0.0,0.0,107.64170469189318,1500.0,108.41308047943305,1571.2404241354798,,,,False,False,not_attempted,0,0,0,0,39,3,0.07692307692307693,159.78376268171488,1456.0,False,,,False,8,0
pso,static_frozen,25,1500.0,25.0,5,disrupted,disrupted,30 42 51 81,2227,2.857142857142857,0.35,0.0,31.452570520598588,18.416666666666668,28,4,24,7.101962714440694,1.7754906786101734,114.74366740633387,60.0,1560.0,0.0,0.0,0.0,21.334564200020395,0.0,0.0,114.74366740633387,1560.0,104.23348117633549,1571.2404241354798,,,,False,False,not_attempted,0,0,0,0,18,10,0.5555555555555556,158.36079189732789,1456.0,False,,,False,8,0
pso,static_frozen,26,1560.0,26.0,5,disrupted,disrupted,30 42 51 81,2227,2.857142857142857,0.35,0.0,31.452570520598588,18.433333333333334,24,1,23,9.07540304067218,9.07540304067218,123.81907044700606,60.0,1620.0,0.0,0.0,0.0,21.334564200020395,0.0,0.0,123.81907044700606,1620.0,96.5749144553173,1543.5840902632785,,,,False,False,not_attempted,0,0,0,0,22,10,0.45454545454545453,156.4133713040133,1577.0,False,,,False,8,0
pso,static_frozen,27,1620.0,27.0,5,disrupted,disrupted,30 42 51 81,2227,2.857142857142857,0.35,0.0,31.452570520598588,18.45,23,2,21,3.7574453556764436,1.8787226778382218,127.5765158026825,60.0,1680.0,0.0,0.0,0.0,21.334564200020395,0.0,0.0,127.5765158026825,1680.0,89.47069789699454,1383.5820967255022,,,,False,False,not_attempted,0,0,0,0,61,0,0.0,156.32003797067998,1577.0,False,,,False,8,0
pso,static_frozen,28,1680.0,28.0,5,disrupted,disrupted,30 42 51 81,2227,2.857142857142857,0.35,0.0,31.452570520598588,18.466666666666665,21,4,17,5.016399096019302,1.2540997740048254,132.5929148987018,60.0,1740.0,0.0,0.0,0.0,21.334564200020395,0.0,0.0,132.5929148987018,1740.0,86.0893593430645,1383.5820967255022,,,,False,False,not_attempted,0,0,0,0,33,6,0.18181818181818182,155.74305922488625,1617.0,False,,,False,7,0
pso,static_frozen,29,1740.0,29.0,5,disrupted,disrupted,30 42 51 81,2227,2.857142857142857,0.35,0.0,31.452570520598588,18.483333333333334,17,2,15,15.933358694691337,7.966679347345669,148.52627359339314,60.0,1800.0,0.0,0.0,0.0,21.334564200020395,0.0,0.0,148.52627359339314,1800.0,83.2718515321436,1393.5676607808332,,,,False,False,not_attempted,0,0,0,0,25,15,0.6,153.30859532282147,1716.0,False,,,False,6,0
pso,static_frozen,30,1800.0,30.0,6,recovering,recovering,30 42 51 81,2227,2.857142857142857,0.35,0.0,31.452570520598588,18.5,15,3,12,5.488146823802183,1.8293822746007278,154.01442041719534,60.0,1860.0,0.0,0.0,0.0,21.334564200020395,0.0,0.0,154.01442041719534,1860.0,72.23814239919582,819.0539615965349,,,,False,False,not_attempted,0,0,0,0,21,6,0.2857142857142857,151.01781495955058,1716.0,False,,,False,6,0
pso,static_frozen,31,1860.0,31.0,6,recovering,recovering,30 42 51 81,2227,2.6595744680851063,0.376,0.04,31.77601131408416,18.516666666666666,12,1,11,6.7200318415868185,6.7200318415868185,160.73445225878217,60.0,1920.0,0.0,0.0,0.0,21.334564200020395,0.0,0.0,160.73445225878217,1920.0,64.60132718132566,774.7902681156381,,,,False,False,not_attempted,0,0,0,0,15,7,0.4666666666666667,148.59979531597884,1716.0,False,,,False,6,0
pso,static_frozen,32,1920.0,32.0,6,recovering,recovering,30 42 51 81,2227,2.4875621890547266,0.40199999999999997,0.08,32.063080038424864,18.533333333333335,11,2,9,3.7094304497701045,1.8547152248850522,164.44388270855228,60.0,1980.0,0.0,0.0,0.0,21.334564200020395,0.0,0.0,164.44388270855228,1980.0,56.54835495083846,703.3629067895806,,,,False,False,not_attempted,0,0,0,0,19,8,0.42105263157894735,148.37309191121787,1842.0,False,,,False,5,0
pso,static_frozen,33,1980.0,33.0,6,recovering,recovering,30 42 51 81,2227,2.336448598130841,0.428,0.12,32.31958534492627,18.55,9,2,7,3.6995731092640987,1.8497865546320493,168.14345581781637,60.0,2040.0,0.0,0.0,0.0,21.334564200020395,0.0,0.0,168.14345581781637,2040.0,52.5427499250739,603.4051832832465,,,,False,False,not_attempted,0,0,0,0,24,6,0.25,147.86189782211903,1842.0,False,,,False,4,0
pso,static_frozen,34,2040.0,34.0,6,recovering,recovering,30 42 51 81,2227,2.2026431718061676,0.45399999999999996,0.16,32.55016153739909,18.566666666666666,7,2,5,4.055985329883559,2.0279926649417797,172.19944114769993,60.0,2100.0,0.0,0.0,0.0,21.334564200020395,0.0,0.0,172.19944114769993,2100.0,49.02052446970948,670.2024099219119,,,,False,False,not_attempted,0,0,0,0,29,3,0.10344827586206896,146.91312650743157,1991.0,False,,,False,3,0
pso,static_frozen,35,2100.0,35.0,7,recovering,recovering,30 42 51 81,2227,2.0833333333333335,0.48,0.2,32.75855106933444,18.583333333333332,5,1,4,6.491597187130004,6.491597187130004,178.69103833482993,60.0,2160.0,0.0,0.0,0.0,21.334564200020395,0.0,0.0,178.69103833482993,2160.0,45.726659275792755,642.4807961558857,,,,False,False,not_attempted,0,0,0,0,20,20,1.0,144.82470879562337,1991.0,False,,,False,2,0
pso,static_frozen,36,2160.0,36.0,7,recovering,recovering,30 42 51 81,2227,1.976284584980237,0.506,0.24,32.94780923645322,18.6,4,1,3,3.636971566119748,3.636971566119748,182.32800990094967,60.0,2220.0,0.0,0.0,0.0,21.334564200020395,0.0,0.0,182.32800990094967,2220.0,39.09028535356587,532.160572946179,,,,False,False,not_attempted,0,0,0,0,8,3,0.375,141.8207059198015,1991.0,False,,,False,2,0
pso,static_frozen,37,2220.0,37.0,7,recovering,recovering,30 42 51 81,2227,1.8796992481203008,0.532,0.28,33.120454967615515,18.616666666666667,3,0,3,0.5219261373269963,0.5219261373269963,182.84993603827667,60.0,2280.0,0.0,0.0,0.0,21.334564200020395,0.0,0.0,182.84993603827667,2280.0,34.96610677172478,468.88167885850123,,,,False,False,not_attempted,0,0,0,0,1,0,0.0,141.39211311580783,1991.0,False,,,False,1,0
pso,static_frozen,38,2280.0,38.0,7,recovering,recovering,30 42 51 81,2227,1.7921146953405016,0.558,0.32,33.27858357743186,18.633333333333333,3,1,2,0.2222070674350109,0.2222070674350109,183.0721431057117,60.0,2340.0,0.0,0.0,0.0,21.334564200020395,0.0,0.0,183.0721431057117,2340.0,34.467934365727636,425.3134414814885,,,,False,False,not_attempted,0,0,0,0,5,0,0.0,141.17615978774845,1996.0,False,,,False,1,0
pso,static_frozen,39,2340.0,39.0,7,recovering,recovering,30 42 51 81,2227,1.7123287671232879,0.584,0.36,33.42395222363892,18.65,2,0,2,0.9404474108161013,0.9404474108161013,184.01259051652778,60.0,2400.0,0.0,0.0,0.0,21.334564200020395,0.0,0.0,184.01259051652778,2400.0,33.825426081764455,425.3134414814885,,,,False,False,not_attempted,0,0,0,0,16,0,0.0,140.23571237693233,1996.0,False,,,False,1,0
pso,static_frozen,40,2400.0,40.0,8,recovering,recovering,30 42 51 81,2227,1.639344262295082,0.61,0.4,33.55804547919766,18.666666666666668,2,0,2,0.17192985944881198,0.17192985944881198,184.1845203759766,60.0,2460.0,0.0,0.0,0.0,21.334564200020395,0.0,0.0,184.1845203759766,2460.0,32.483723770217715,425.3134414814885,,,,False,False,not_attempted,0,0,0,0,6,0,0.0,140.0637825174835,1996.0,False,,,False,1,0
pso,static_frozen,41,2460.0,41.0,8,recovering,recovering,30 42 51 81,2227,1.572327044025157,0.636,0.44,33.68212621591513,18.683333333333334,2,0,2,0.09333333333333332,0.09333333333333332,184.27785370930994,60.0,2520.0,0.0,0.0,0.0,21.334564200020395,0.0,0.0,184.27785370930994,2520.0,31.859122603911786,425.3134414814885,,,,False,False,not_attempted,0,0,0,0,0,0,0.0,139.97044918415017,1996.0,False,,,False,1,0
pso,static_frozen,42,2520.0,42.0,8,recovering,recovering,30 42 51 81,2227,1.5105740181268883,0.6619999999999999,0.48,33.79727550010811,18.7,2,1,1,0.9316629170875246,0.9316629170875246,185.20951662639746,60.0,2580.0,0.0,0.0,0.0,21.334564200020395,0.0,0.0,185.20951662639746,2580.0,31.528469250339263,425.3134414814885,,,,False,False,not_attempted,0,0,0,0,11,0,0.0,139.03878626706265,1996.0,False,,,False,1,0
pso,static_frozen,43,2580.0,43.0,8,recovering,recovering,30 42 51 81,2227,1.4534883720930234,0.688,0.52,33.904424172373204,18.716666666666665,1,0,1,0.09333333333333332,0.09333333333333332,185.3028499597308,60.0,2640.0,0.0,0.0,0.0,21.334564200020395,0.0,0.0,185.3028499597308,2640.0,30.157473805758855,425.3134414814885,,,,False,False,not_attempted,0,0,0,0,0,0,0.0,138.9454529337293,1996.0,False,,,False,0,0
pso,static_frozen,44,2640.0,44.0,8,recovering,recovering,30 42 51 81,2227,1.400560224089636,0.714,0.56,34.00437806583756,18.733333333333334,1,1,0,30.236465875430504,30.236465875430504,215.53931583516132,385.2574246651983,3025.2574246651984,0.0,0.0,0.0,21.334564200020395,0.0,0.0,215.53931583516132,3025.2574246651984,29.874915166892663,425.3134414814885,,,,False,False,not_attempted,0,0,0,0,360,68,0.18888888888888888,137.5008571089451,1996.0,True,,,False,0,0
ga,adaptive,0,0.0,0.0,0,normal,initial,30 42 51 81,0,1.0,1.0,0.0,34.78037077224997,18.0,84,0,84,17.649882122789972,17.649882122789972,17.649882122789972,60.0,60.0,8.482715899939649,17.265034900046885,25.747750799986534,25.747750799986534,0.0,0.0,17.649882122789972,60.0,137.0202222079973,2575.791665618115,,,,False,False,initial_plan,0,0,0,0,110,0,0.0,177.61134889028398,0.0,False,,,True,10,10
ga,adaptive,1,60.0,1.0,0,normal,normal,30 42 51 81,0,1.0,1.0,0.0,34.78037077224997,18.016666666666666,84,0,84,3.860832221189131,3.860832221189131,21.510714343979103,60.0,120.0,0.0,0.0,0.0,25.747750799986534,0.0,0.0,21.510714343979103,120.0,118.33481725358962,2408.508397267874,,,,False,False,not_attempted,0,0,0,0,48,0,0.0,176.09020652430007,0.0,False,,,False,10,10
ga,adaptive,2,120.0,2.0,0,normal,normal,30 42 51 81,0,1.0,1.0,0.0,34.78037077224997,18.033333333333335,84,5,79,5.469586054369472,1.0939172108738944,26.980300398348575,60.0,180.0,0.0,0.0,0.0,25.747750799986534,0.0,0.0,26.980300398348575,180.0,114.32039977398952,2408.508397267874,,,,False,False,not_attempted,0,0,0,0,54,0,0.0,174.7596401655785,230.0,False,,,False,10,5
ga,adaptive,3,180.0,3.0,0,normal,normal,30 42 51 81,0,1.0,1.0,0.0,34.78037077224997,18.05,79,2,77,7.011609396691212,3.505804698345606,33.99190979503979,60.0,240.0,0.0,0.0,0.0,25.747750799986534,0.0,0.0,33.99190979503979,240.0,109.00105004153725,2395.4649197227227,,,,False,False,not_attempted,0,0,0,0,102,0,0.0,174.34235459366602,230.0,False,,,False,10,3
ga,adaptive,4,240.0,4.0,0,normal,normal,30 42 51 81,0,1.0,1.0,0.0,34.78037077224997,18.066666666666666,77,0,77,7.1547879192985535,7.1547879192985535,41.146697714338345,60.0,300.0,0.0,0.0,0.0,25.747750799986534,0.0,0.0,41.146697714338345,300.0,102.22978058226929,2222.1724931702206,,,,False,False,not_attempted,0,0,0,0,63,0,0.0,173.4394704160569,230.0,False,,,False,10,3
ga,adaptive,5,300.0,5.0,1,normal,normal,30 42 51 81,0,1.0,1.0,0.0,34.78037077224997,18.083333333333332,77,3,74,2.675963325709791,0.891987775236597,43.82266104004813,60.0,360.0,10.16860880004242,1229.4066116999602,1239.5752205000026,1265.3229712999891,0.0,0.0,43.82266104004813,360.0,95.1717140869908,2222.1724931702206,95.1717140869908,106.01582479873737,-10.844110711746566,True,False,incumbent_not_worse,6,37,0,0,34,0,0.0,173.10775928116314,402.0,False,,,True,10,2
ga,adaptive,6,360.0,6.0,1,normal,normal,30 42 51 81,0,1.0,1.0,0.0,34.78037077224997,18.1,74,2,72,2.766193936465484,1.383096968232742,46.588854976513616,60.0,420.0,0.0,0.0,0.0,1265.3229712999891,0.0,0.0,46.588854976513616,420.0,92.60410325990152,2214.6116397759683,,,,False,False,not_attempted,0,0,0,0,81,0,0.0,173.0144259478298,422.0,False,,,False,10,1
ga,adaptive,7,420.0,7.0,1,normal,normal,30 42 51 81,0,1.0,1.0,0.0,34.78037077224997,18.116666666666667,72,4,68,4.347192794898818,1.0867981987247044,50.93604777141243,60.0,480.0,0.0,0.0,0.0,1265.3229712999891,0.0,0.0,50.93604777141243,480.0,89.92368642949396,2148.2053198083527,,,,False,False,not_attempted,0,0,0,0,87,0,0.0,171.7315048732715,422.0,False,,,False,10,0
ga,adaptive,8,480.0,8.0,1,normal,normal,30 42 51 81,0,1.0,1.0,0.0,34.78037077224997,18.133333333333333,68,2,66,2.5250093236515756,1.2625046618257878,53.46105709506401,60.0,540.0,0.0,0.0,0.0,1265.3229712999891,0.0,0.0,53.46105709506401,540.0,85.28714308081315,2087.667082619376,,,,False,False,not_attempted,0,0,0,0,64,0,0.0,171.63817153993816,647.0,False,,,False,10,0
ga,adaptive,9,540.0,9.0,1,normal,normal,30 42 51 81,0,1.0,1.0,0.0,34.78037077224997,18.15,66,4,62,3.0619730013422446,0.7654932503355611,56.52303009640625,60.0,600.0,0.0,0.0,0.0,1265.3229712999891,0.0,0.0,56.52303009640625,600.0,82.77007440456873,1959.541901191854,,,,False,False,not_attempted,0,0,0,0,70,0,0.0,171.54640459197284,647.0,False,,,False,10,0
ga,adaptive,10,600.0,10.0,2,degrading,degrading,30 42 51 81,0,1.0,1.0,0.0,34.78037077224997,18.166666666666668,62,3,59,4.390709018242486,1.4635696727474954,60.913739114648735,60.0,660.0,6.009999196976423e-05,510.9161551001016,510.9162152000936,1776.2391865000827,0.0,0.0,60.913739114648735,660.0,80.09411359828835,1959.541901191854,80.09411359828835,98.66077012937346,-18.566656531085115,True,False,incumbent_not_worse,6,35,0,0,80,0,0.0,171.29011539682318,647.0,False,,,True,10,0
ga,adaptive,11,660.0,11.0,2,degrading,degrading,30 42 51 81,2227,1.06951871657754,0.935,0.0,34.64316594981709,18.183333333333334,59,1,58,2.732726792744611,2.732726792744611,63.64646590739335,60.0,720.0,0.0,0.0,0.0,1776.2391865000827,0.0,0.0,63.64646590739335,720.0,77.78985438610327,1900.4834860847477,,,,False,False,not_attempted,0,0,0,0,47,16,0.3404255319148936,171.00102300959978,647.0,False,,,False,9,0
ga,adaptive,12,720.0,12.0,2,degrading,degrading,30 42 51 81,2227,1.1494252873563218,0.87,0.0,34.48678831955742,18.2,58,4,54,2.842732462240361,0.7106831155600902,66.48919836963371,60.0,780.0,0.0,0.0,0.0,1776.2391865000827,0.0,0.0,66.48919836963371,780.0,78.21921987737312,1791.1663421482492,,,,False,False,not_attempted,0,0,0,0,30,13,0.43333333333333335,169.78970875310245,647.0,False,,,False,8,0
ga,adaptive,13,780.0,13.0,2,degrading,degrading,30 42 51 81,2227,1.2422360248447206,0.8049999999999999,0.0,34.30692006739202,18.216666666666665,54,2,52,2.9139786499528033,1.4569893249764017,69.40317701958652,60.0,840.0,0.0,0.0,0.0,1776.2391865000827,0.0,0.0,69.40317701958652,840.0,78.56289104378072,1791.1663421482492,,,,False,False,not_attempted,0,0,0,0,40,0,0.0,168.37604026113294,822.0,False,,,False,8,0
ga,adaptive,14,840.0,14.0,2,degrading,degrading,30 42 51 81,2227,1.3513513513513513,0.74,0.0,34.09783830938845,18.233333333333334,52,3,49,2.3563606300110544,0.7854535433370181,71.75953764959758,60.0,900.0,0.0,0.0,0.0,1776.2391865000827,0.0,0.0,71.75953764959758,900.0,79.17086703575897,1671.1663421482492,,,,False,False,not_attempted,0,0,0,0,32,3,0.09375,168.12363120963883,822.0,False,,,False,8,0
ga,adaptive,15,900.0,15.0,3,degrading,degrading,30 42 51 81,2227,1.4814814814814814,0.675,0.0,33.851796877256575,18.25,49,3,46,2.9592318193496747,0.9864106064498915,74.71876946894724,60.0,960.0,10.10347620001994,529.6639710000018,539.7674472000217,2316.0066337001044,0.0,0.0,74.71876946894724,960.0,81.23635580929763,1671.1663421482492,81.23635580929763,84.71772598566861,-3.481370176370973,True,False,incumbent_not_worse,6,16,0,0,52,3,0.057692307692307696,168.0737229668598,822.0,False,,,True,8,0
ga,adaptive,16,960.0,16.0,3,degrading,degrading,30 42 51 81,2227,1.639344262295082,0.61,0.0,33.55804547919766,18.266666666666666,46,1,45,3.500155651851144,3.500155651851144,78.21892512079839,60.0,1020.0,0.0,0.0,0.0,2316.0066337001044,0.0,0.0,78.21892512079839,1020.0,82.87222167402973,1613.5490439412185,,,,False,False,not_attempted,0,0,0,0,52,5,0.09615384615384616,167.15662605776177,822.0,False,,,False,8,0
ga,adaptive,17,1020.0,17.0,3,degrading,degrading,30 42 51 81,2227,1.8348623853211008,0.545,0.0,33.20121701570619,18.283333333333335,45,3,42,4.639952620412938,1.5466508734709794,82.85887774121133,60.0,1080.0,0.0,0.0,0.0,2316.0066337001044,0.0,0.0,82.85887774121133,1080.0,84.98221216442856,1555.1157964848735,,,,False,False,not_attempted,0,0,0,0,46,10,0.21739130434782608,166.04443544298994,943.0,False,,,False,8,0
ga,adaptive,18,1080.0,18.0,3,degrading,degrading,30 42 51 81,2227,2.0833333333333335,0.48,0.0,32.75855106933444,18.3,42,2,40,3.2951898659364343,1.6475949329682171,86.15406760714777,60.0,1140.0,0.0,0.0,0.0,2316.0066337001044,0.0,0.0,86.15406760714777,1140.0,85.87633424254966,1561.2050665866623,,,,False,False,not_attempted,0,0,0,0,25,1,0.04,165.62420618959445,943.0,False,,,False,8,0
ga,adaptive,19,1140.0,19.0,3,degrading,degrading,30 42 51 81,2227,2.409638554216868,0.4149999999999999,0.0,32.194839714285706,18.316666666666666,40,1,39,1.000843381057493,1.000843381057493,87.15491098820526,60.0,1200.0,0.0,0.0,0.0,2316.0066337001044,0.0,0.0,87.15491098820526,1200.0,89.805414066649,1605.1102376902065,,,,False,False,not_attempted,0,0,0,0,14,0,0.0,165.5308728562611,967.0,False,,,False,8,0
ga,adaptive,20,1200.0,20.0,4,disrupted,holding,30 42 51 81,2227,2.857142857142857,0.35,0.0,31.452570520598588,18.333333333333332,39,5,34,7.768284961953023,1.5536569923906047,94.92319595015829,60.0,1260.0,9.944727000081912,281.14635230007116,291.09107930015307,2607.0977130002575,0.0,0.0,94.92319595015829,1260.0,97.73776922405523,1682.6212933146724,97.73776922405523,102.77032518118746,-5.032555957132232,True,False,incumbent_not_worse,5,14,0,0,36,7,0.19444444444444445,163.37029007961857,1016.0,False,,,True,8,0
ga,adaptive,21,1260.0,21.0,4,disrupted,disrupted,30 42 51 81,2227,2.857142857142857,0.35,0.0,31.452570520598588,18.35,34,1,33,3.539761567632513,3.539761567632513,98.4629575177908,60.0,1320.0,0.0,0.0,0.0,2607.0977130002575,0.0,0.0,98.4629575177908,1320.0,89.2196546824271,1522.7606998202277,,,,False,False,not_attempted,0,0,0,0,39,0,0.0,163.02178497814646,1016.0,False,,,False,8,0
ga,adaptive,22,1320.0,22.0,4,disrupted,disrupted,30 42 51 81,2227,2.857142857142857,0.35,0.0,31.452570520598588,18.366666666666667,33,3,30,2.032525590794215,0.6775085302647383,100.495483108585,60.0,1380.0,0.0,0.0,0.0,2607.0977130002575,0.0,0.0,100.495483108585,1380.0,85.97261762609082,1522.7606998202277,,,,False,False,not_attempted,0,0,0,0,25,0,0.0,162.92845164481312,1118.0,False,,,False,8,0
ga,adaptive,23,1380.0,23.0,4,disrupted,disrupted,30 42 51 81,2227,2.857142857142857,0.35,0.0,31.452570520598588,18.383333333333333,30,5,25,3.603518220086551,0.7207036440173102,104.09900132867156,60.0,1440.0,0.0,0.0,0.0,2607.0977130002575,0.0,0.0,104.09900132867156,1440.0,84.17525181998964,1500.830137886466,,,,False,False,not_attempted,0,0,0,0,17,3,0.17647058823529413,161.7919849966947,1168.0,False,,,False,8,0
ga,adaptive,24,1440.0,24.0,4,disrupted,disrupted,30 42 51 81,2227,2.857142857142857,0.35,0.0,31.452570520598588,18.4,25,2,23,4.799503345936167,2.3997516729680837,108.89850467460774,60.0,1500.0,0.0,0.0,0.0,2607.0977130002575,0.0,0.0,108.89850467460774,1500.0,79.84148726557405,1366.5317851793127,,,,False,False,not_attempted,0,0,0,0,28,2,0.07142857142857142,160.2664736200464,1236.0,False,,,False,8,0
ga,adaptive,25,1500.0,25.0,5,disrupted,disrupted,30 42 51 81,2227,2.857142857142857,0.35,0.0,31.452570520598588,18.416666666666668,23,1,22,3.5935249822742814,3.5935249822742814,112.49202965688201,60.0,1560.0,6.989995017647743e-05,34.30777830001898,34.30784819996916,2641.4055612002267,0.0,0.0,112.49202965688201,1560.0,69.36470336332049,1127.3936084398267,75.58136101275133,69.36470336332049,6.216657649430843,True,True,lower_residual_energy,5,7,5,7,11,5,0.45454545454545453,160.17314028671308,1236.0,False,,,True,6,0
ga,adaptive,26,1560.0,26.0,5,disrupted,disrupted,30 42 51 81,2227,2.857142857142857,0.35,0.0,31.452570520598588,18.433333333333334,22,5,17,3.053610604199018,0.6107221208398036,115.54564026108103,60.0,1620.0,0.0,0.0,0.0,2641.4055612002267,0.0,0.0,115.54564026108103,1620.0,65.63913299061839,1071.7589383233972,,,,False,False,not_attempted,0,0,0,0,43,2,0.046511627906976744,159.07362715132868,1318.0,False,,,False,6,0
ga,adaptive,27,1620.0,27.0,5,disrupted,disrupted,30 42 51 81,2227,2.857142857142857,0.35,0.0,31.452570520598588,18.45,17,1,16,3.9462018429004346,3.9462018429004346,119.49184210398147,60.0,1680.0,0.0,0.0,0.0,2641.4055612002267,0.0,0.0,119.49184210398147,1680.0,62.47208108706292,1024.1325137788663,,,,False,False,not_attempted,0,0,0,0,35,4,0.11428571428571428,157.95789149141012,1318.0,False,,,False,5,0
ga,adaptive,28,1680.0,28.0,5,disrupted,disrupted,30 42 51 81,2227,2.857142857142857,0.35,0.0,31.452570520598588,18.466666666666665,16,1,15,2.3922025728108323,2.3922025728108323,121.8840446767923,60.0,1740.0,0.0,0.0,0.0,2641.4055612002267,0.0,0.0,121.8840446767923,1740.0,59.11180872063403,963.1544690200528,,,,False,False,not_attempted,0,0,0,0,12,2,0.16666666666666666,156.9035199716099,1318.0,False,,,False,5,0
ga,adaptive,29,1740.0,29.0,5,disrupted,disrupted,30 42 51 81,2227,2.857142857142857,0.35,0.0,31.452570520598588,18.483333333333334,15,2,13,2.8097419007952382,1.4048709503976191,124.69378657758753,60.0,1800.0,0.0,0.0,0.0,2641.4055612002267,0.0,0.0,124.69378657758753,1800.0,56.728644661142425,819.3331084925771,,,,False,False,not_attempted,0,0,0,0,38,0,0.0,155.33047399337588,1468.0,False,,,False,5,0
ga,adaptive,30,1800.0,30.0,6,recovering,recovering,30 42 51 81,2227,2.857142857142857,0.35,0.0,31.452570520598588,18.5,13,2,11,6.013132037121583,3.0065660185607914,130.7069186147091,60.0,1860.0,5.9699988923966885e-05,15.198204800020903,15.198264500009827,2656.6038257002365,0.0,0.0,130.7069186147091,1860.0,54.1490774732902,819.3331084925771,54.195136791760866,54.1490774732902,0.04605931847066813,True,True,lower_residual_energy,0,2,0,2,30,5,0.16666666666666666,154.0116016978572,1468.0,False,,,True,5,0
ga,adaptive,31,1860.0,31.0,6,recovering,recovering,30 42 51 81,2227,2.6595744680851063,0.376,0.04,31.77601131408416,18.516666666666666,11,0,11,0.6827391819978685,0.6827391819978685,131.38965779670698,60.0,1920.0,0.0,0.0,0.0,2656.6038257002365,0.0,0.0,131.38965779670698,1920.0,46.28090113028479,769.6160751361599,,,,False,False,not_attempted,0,0,0,0,5,0,0.0,153.91826836452387,1468.0,False,,,False,4,0
ga,adaptive,32,1920.0,32.0,6,recovering,recovering,30 42 51 81,2227,2.4875621890547266,0.40199999999999997,0.08,32.063080038424864,18.533333333333335,11,3,8,1.3455991153120122,0.4485330384373374,132.735256912019,60.0,1980.0,0.0,0.0,0.0,2656.6038257002365,0.0,0.0,132.735256912019,1980.0,44.47094333058475,636.6612889736152,,,,False,False,not_attempted,0,0,0,0,11,0,0.0,153.0344957047205,1676.0,False,,,False,4,0
ga,adaptive,33,1980.0,33.0,6,recovering,recovering,30 42 51 81,2227,2.336448598130841,0.428,0.12,32.31958534492627,18.55,8,1,7,3.8118533597500894,3.8118533597500894,136.5471102717691,60.0,2040.0,0.0,0.0,0.0,2656.6038257002365,0.0,0.0,136.5471102717691,2040.0,41.94085648233016,625.2804487934359,,,,False,False,not_attempted,0,0,0,0,26,10,0.38461538461538464,152.94116237138718,1676.0,False,,,False,3,0
ga,adaptive,34,2040.0,34.0,6,recovering,recovering,30 42 51 81,2227,2.2026431718061676,0.45399999999999996,0.16,32.55016153739909,18.566666666666666,7,2,5,2.622012680206098,1.311006340103049,139.1691229519752,60.0,2100.0,0.0,0.0,0.0,2656.6038257002365,0.0,0.0,139.1691229519752,2100.0,37.15855780214089,554.9946805168715,,,,False,False,not_attempted,0,0,0,0,5,1,0.2,151.21667758353686,1676.0,False,,,False,2,0
ga,adaptive,35,2100.0,35.0,7,recovering,recovering,30 42 51 81,2227,2.0833333333333335,0.48,0.2,32.75855106933444,18.583333333333332,5,1,4,0.23734160533917378,0.23734160533917378,139.40646455731437,60.0,2160.0,10.34946639998816,2.195547700044699,12.545014100032859,2669.1488398002693,0.0,0.0,139.40646455731437,2160.0,34.189836333029064,510.8133706666591,34.189836333029064,34.189836333029064,0.0,True,False,incumbent_not_worse,0,0,0,0,0,0,0.0,151.12334425020353,1786.0,False,,,True,2,0
ga,adaptive,36,2160.0,36.0,7,recovering,recovering,30 42 51 81,2227,1.976284584980237,0.506,0.24,32.94780923645322,18.6,4,2,2,1.40433398194493,0.702166990972465,140.81079853925928,60.0,2220.0,0.0,0.0,0.0,2669.1488398002693,0.0,0.0,140.81079853925928,2220.0,33.65673545842538,508.5756601281611,,,,False,False,not_attempted,0,0,0,0,5,3,0.6,150.9860002018553,1786.0,False,,,False,2,0
ga,adaptive,37,2220.0,37.0,7,recovering,recovering,30 42 51 81,2227,1.8796992481203008,0.532,0.28,33.120454967615515,18.616666666666667,2,0,2,1.517865804526285,1.517865804526285,142.32866434378556,60.0,2280.0,0.0,0.0,0.0,2669.1488398002693,0.0,0.0,142.32866434378556,2280.0,31.784513555343644,506.5566731761328,,,,False,False,not_attempted,0,0,0,0,12,0,0.0,149.56146773066232,1786.0,False,,,False,1,0
ga,adaptive,38,2280.0,38.0,7,recovering,recovering,30 42 51 81,2227,1.7921146953405016,0.558,0.32,33.27858357743186,18.633333333333333,2,1,1,0.16664350615641896,0.16664350615641896,142.49530784994198,60.0,2340.0,0.0,0.0,0.0,2669.1488398002693,0.0,0.0,142.49530784994198,2340.0,29.713871731086336,504.7258355457988,,,,False,False,not_attempted,0,0,0,0,0,0,0.0,149.46813439732898,1786.0,False,,,False,0,0
ga,adaptive,39,2340.0,39.0,7,recovering,recovering,30 42 51 81,2227,1.7123287671232879,0.584,0.36,33.42395222363892,18.65,1,1,0,28.61768750586833,28.61768750586833,171.1129953558103,545.0036696613743,2885.0036696613743,0.0,0.0,0.0,2669.1488398002693,0.0,0.0,171.1129953558103,2885.0036696613743,29.131800285409394,503.05801770446726,,,,False,False,not_attempted,0,0,0,0,423,29,0.06855791962174941,148.35411161751426,1786.0,True,,,False,0,0
ga,static_live,0,0.0,0.0,0,normal,initial,30 42 51 81,0,1.0,1.0,0.0,34.78037077224997,18.0,84,0,84,17.649882122789972,17.649882122789972,17.649882122789972,60.0,60.0,8.482715899939649,17.265034900046885,25.747750799986534,25.747750799986534,0.0,0.0,17.649882122789972,60.0,137.0202222079973,2575.791665618115,,,,False,False,initial_plan,0,0,0,0,110,0,0.0,177.61134889028398,0.0,False,,,True,10,10
ga,static_live,1,60.0,1.0,0,normal,normal,30 42 51 81,0,1.0,1.0,0.0,34.78037077224997,18.016666666666666,84,0,84,3.860832221189131,3.860832221189131,21.510714343979103,60.0,120.0,0.0,0.0,0.0,25.747750799986534,0.0,0.0,21.510714343979103,120.0,118.33481725358962,2408.508397267874,,,,False,False,not_attempted,0,0,0,0,48,0,0.0,176.09020652430007,0.0,False,,,False,10,10
ga,static_live,2,120.0,2.0,0,normal,normal,30 42 51 81,0,1.0,1.0,0.0,34.78037077224997,18.033333333333335,84,5,79,5.469586054369472,1.0939172108738944,26.980300398348575,60.0,180.0,0.0,0.0,0.0,25.747750799986534,0.0,0.0,26.980300398348575,180.0,114.32039977398952,2408.508397267874,,,,False,False,not_attempted,0,0,0,0,54,0,0.0,174.7596401655785,230.0,False,,,False,10,5
ga,static_live,3,180.0,3.0,0,normal,normal,30 42 51 81,0,1.0,1.0,0.0,34.78037077224997,18.05,79,2,77,7.011609396691212,3.505804698345606,33.99190979503979,60.0,240.0,0.0,0.0,0.0,25.747750799986534,0.0,0.0,33.99190979503979,240.0,109.00105004153725,2395.4649197227227,,,,False,False,not_attempted,0,0,0,0,102,0,0.0,174.34235459366602,230.0,False,,,False,10,3
ga,static_live,4,240.0,4.0,0,normal,normal,30 42 51 81,0,1.0,1.0,0.0,34.78037077224997,18.066666666666666,77,0,77,7.1547879192985535,7.1547879192985535,41.146697714338345,60.0,300.0,0.0,0.0,0.0,25.747750799986534,0.0,0.0,41.146697714338345,300.0,102.22978058226929,2222.1724931702206,,,,False,False,not_attempted,0,0,0,0,63,0,0.0,173.4394704160569,230.0,False,,,False,10,3
ga,static_live,5,300.0,5.0,1,normal,normal,30 42 51 81,0,1.0,1.0,0.0,34.78037077224997,18.083333333333332,77,3,74,2.675963325709791,0.891987775236597,43.82266104004813,60.0,360.0,0.0,0.0,0.0,25.747750799986534,0.0,0.0,43.82266104004813,360.0,95.1717140869908,2222.1724931702206,,,,False,False,not_attempted,0,0,0,0,34,0,0.0,173.10775928116314,402.0,False,,,False,10,2
ga,static_live,6,360.0,6.0,1,normal,normal,30 42 51 81,0,1.0,1.0,0.0,34.78037077224997,18.1,74,2,72,2.766193936465484,1.383096968232742,46.588854976513616,60.0,420.0,0.0,0.0,0.0,25.747750799986534,0.0,0.0,46.588854976513616,420.0,92.60410325990152,2214.6116397759683,,,,False,False,not_attempted,0,0,0,0,81,0,0.0,173.0144259478298,422.0,False,,,False,10,1
ga,static_live,7,420.0,7.0,1,normal,normal,30 42 51 81,0,1.0,1.0,0.0,34.78037077224997,18.116666666666667,72,4,68,4.347192794898818,1.0867981987247044,50.93604777141243,60.0,480.0,0.0,0.0,0.0,25.747750799986534,0.0,0.0,50.93604777141243,480.0,89.92368642949396,2148.2053198083527,,,,False,False,not_attempted,0,0,0,0,87,0,0.0,171.7315048732715,422.0,False,,,False,10,0
ga,static_live,8,480.0,8.0,1,normal,normal,30 42 51 81,0,1.0,1.0,0.0,34.78037077224997,18.133333333333333,68,2,66,2.5250093236515756,1.2625046618257878,53.46105709506401,60.0,540.0,0.0,0.0,0.0,25.747750799986534,0.0,0.0,53.46105709506401,540.0,85.28714308081315,2087.667082619376,,,,False,False,not_attempted,0,0,0,0,64,0,0.0,171.63817153993816,647.0,False,,,False,10,0
ga,static_live,9,540.0,9.0,1,normal,normal,30 42 51 81,0,1.0,1.0,0.0,34.78037077224997,18.15,66,4,62,3.0619730013422446,0.7654932503355611,56.52303009640625,60.0,600.0,0.0,0.0,0.0,25.747750799986534,0.0,0.0,56.52303009640625,600.0,82.77007440456873,1959.541901191854,,,,False,False,not_attempted,0,0,0,0,70,0,0.0,171.54640459197284,647.0,False,,,False,10,0
ga,static_live,10,600.0,10.0,2,degrading,degrading,30 42 51 81,0,1.0,1.0,0.0,34.78037077224997,18.166666666666668,62,3,59,4.390709018242486,1.4635696727474954,60.913739114648735,60.0,660.0,0.0,0.0,0.0,25.747750799986534,0.0,0.0,60.913739114648735,660.0,80.09411359828835,1959.541901191854,,,,False,False,not_attempted,0,0,0,0,80,0,0.0,171.29011539682318,647.0,False,,,False,10,0
ga,static_live,11,660.0,11.0,2,degrading,degrading,30 42 51 81,2227,1.06951871657754,0.935,0.0,34.64316594981709,18.183333333333334,59,1,58,2.732726792744611,2.732726792744611,63.64646590739335,60.0,720.0,0.0,0.0,0.0,25.747750799986534,0.0,0.0,63.64646590739335,720.0,77.78985438610327,1900.4834860847477,,,,False,False,not_attempted,0,0,0,0,47,16,0.3404255319148936,171.00102300959978,647.0,False,,,False,9,0
ga,static_live,12,720.0,12.0,2,degrading,degrading,30 42 51 81,2227,1.1494252873563218,0.87,0.0,34.48678831955742,18.2,58,4,54,2.842732462240361,0.7106831155600902,66.48919836963371,60.0,780.0,0.0,0.0,0.0,25.747750799986534,0.0,0.0,66.48919836963371,780.0,78.21921987737312,1791.1663421482492,,,,False,False,not_attempted,0,0,0,0,30,13,0.43333333333333335,169.78970875310245,647.0,False,,,False,8,0
ga,static_live,13,780.0,13.0,2,degrading,degrading,30 42 51 81,2227,1.2422360248447206,0.8049999999999999,0.0,34.30692006739202,18.216666666666665,54,2,52,2.9139786499528033,1.4569893249764017,69.40317701958652,60.0,840.0,0.0,0.0,0.0,25.747750799986534,0.0,0.0,69.40317701958652,840.0,78.56289104378072,1791.1663421482492,,,,False,False,not_attempted,0,0,0,0,40,0,0.0,168.37604026113294,822.0,False,,,False,8,0
ga,static_live,14,840.0,14.0,2,degrading,degrading,30 42 51 81,2227,1.3513513513513513,0.74,0.0,34.09783830938845,18.233333333333334,52,3,49,2.3563606300110544,0.7854535433370181,71.75953764959758,60.0,900.0,0.0,0.0,0.0,25.747750799986534,0.0,0.0,71.75953764959758,900.0,79.17086703575897,1671.1663421482492,,,,False,False,not_attempted,0,0,0,0,32,3,0.09375,168.12363120963883,822.0,False,,,False,8,0
ga,static_live,15,900.0,15.0,3,degrading,degrading,30 42 51 81,2227,1.4814814814814814,0.675,0.0,33.851796877256575,18.25,49,3,46,2.9592318193496747,0.9864106064498915,74.71876946894724,60.0,960.0,0.0,0.0,0.0,25.747750799986534,0.0,0.0,74.71876946894724,960.0,81.23635580929763,1671.1663421482492,,,,False,False,not_attempted,0,0,0,0,52,3,0.057692307692307696,168.0737229668598,822.0,False,,,False,8,0
ga,static_live,16,960.0,16.0,3,degrading,degrading,30 42 51 81,2227,1.639344262295082,0.61,0.0,33.55804547919766,18.266666666666666,46,1,45,3.500155651851144,3.500155651851144,78.21892512079839,60.0,1020.0,0.0,0.0,0.0,25.747750799986534,0.0,0.0,78.21892512079839,1020.0,82.87222167402973,1613.5490439412185,,,,False,False,not_attempted,0,0,0,0,52,5,0.09615384615384616,167.15662605776177,822.0,False,,,False,8,0
ga,static_live,17,1020.0,17.0,3,degrading,degrading,30 42 51 81,2227,1.8348623853211008,0.545,0.0,33.20121701570619,18.283333333333335,45,3,42,4.639952620412938,1.5466508734709794,82.85887774121133,60.0,1080.0,0.0,0.0,0.0,25.747750799986534,0.0,0.0,82.85887774121133,1080.0,84.98221216442856,1555.1157964848735,,,,False,False,not_attempted,0,0,0,0,46,10,0.21739130434782608,166.04443544298994,943.0,False,,,False,8,0
ga,static_live,18,1080.0,18.0,3,degrading,degrading,30 42 51 81,2227,2.0833333333333335,0.48,0.0,32.75855106933444,18.3,42,2,40,3.2951898659364343,1.6475949329682171,86.15406760714777,60.0,1140.0,0.0,0.0,0.0,25.747750799986534,0.0,0.0,86.15406760714777,1140.0,85.87633424254966,1561.2050665866623,,,,False,False,not_attempted,0,0,0,0,25,1,0.04,165.62420618959445,943.0,False,,,False,8,0
ga,static_live,19,1140.0,19.0,3,degrading,degrading,30 42 51 81,2227,2.409638554216868,0.4149999999999999,0.0,32.194839714285706,18.316666666666666,40,1,39,1.000843381057493,1.000843381057493,87.15491098820526,60.0,1200.0,0.0,0.0,0.0,25.747750799986534,0.0,0.0,87.15491098820526,1200.0,89.805414066649,1605.1102376902065,,,,False,False,not_attempted,0,0,0,0,14,0,0.0,165.5308728562611,967.0,False,,,False,8,0
ga,static_live,20,1200.0,20.0,4,disrupted,holding,30 42 51 81,2227,2.857142857142857,0.35,0.0,31.452570520598588,18.333333333333332,39,5,34,7.768284961953023,1.5536569923906047,94.92319595015829,60.0,1260.0,0.0,0.0,0.0,25.747750799986534,0.0,0.0,94.92319595015829,1260.0,97.73776922405523,1682.6212933146724,,,,False,False,not_attempted,0,0,0,0,36,7,0.19444444444444445,163.37029007961857,1016.0,False,,,False,8,0
ga,static_live,21,1260.0,21.0,4,disrupted,disrupted,30 42 51 81,2227,2.857142857142857,0.35,0.0,31.452570520598588,18.35,34,1,33,3.539761567632513,3.539761567632513,98.4629575177908,60.0,1320.0,0.0,0.0,0.0,25.747750799986534,0.0,0.0,98.4629575177908,1320.0,89.2196546824271,1522.7606998202277,,,,False,False,not_attempted,0,0,0,0,39,0,0.0,163.02178497814646,1016.0,False,,,False,8,0
ga,static_live,22,1320.0,22.0,4,disrupted,disrupted,30 42 51 81,2227,2.857142857142857,0.35,0.0,31.452570520598588,18.366666666666667,33,3,30,2.032525590794215,0.6775085302647383,100.495483108585,60.0,1380.0,0.0,0.0,0.0,25.747750799986534,0.0,0.0,100.495483108585,1380.0,85.97261762609082,1522.7606998202277,,,,False,False,not_attempted,0,0,0,0,25,0,0.0,162.92845164481312,1118.0,False,,,False,8,0
ga,static_live,23,1380.0,23.0,4,disrupted,disrupted,30 42 51 81,2227,2.857142857142857,0.35,0.0,31.452570520598588,18.383333333333333,30,5,25,3.603518220086551,0.7207036440173102,104.09900132867156,60.0,1440.0,0.0,0.0,0.0,25.747750799986534,0.0,0.0,104.09900132867156,1440.0,84.17525181998964,1500.830137886466,,,,False,False,not_attempted,0,0,0,0,17,3,0.17647058823529413,161.7919849966947,1168.0,False,,,False,8,0
ga,static_live,24,1440.0,24.0,4,disrupted,disrupted,30 42 51 81,2227,2.857142857142857,0.35,0.0,31.452570520598588,18.4,25,2,23,4.799503345936167,2.3997516729680837,108.89850467460774,60.0,1500.0,0.0,0.0,0.0,25.747750799986534,0.0,0.0,108.89850467460774,1500.0,79.84148726557405,1366.5317851793127,,,,False,False,not_attempted,0,0,0,0,28,2,0.07142857142857142,160.2664736200464,1236.0,False,,,False,8,0
ga,static_live,25,1500.0,25.0,5,disrupted,disrupted,30 42 51 81,2227,2.857142857142857,0.35,0.0,31.452570520598588,18.416666666666668,23,1,22,1.9429910520466984,1.9429910520466984,110.84149572665443,60.0,1560.0,0.0,0.0,0.0,25.747750799986534,0.0,0.0,110.84149572665443,1560.0,75.58136101275133,1366.5317851793127,,,,False,False,not_attempted,0,0,0,0,14,0,0.0,160.17314028671308,1236.0,False,,,False,6,0
ga,static_live,26,1560.0,26.0,5,disrupted,disrupted,30 42 51 81,2227,2.857142857142857,0.35,0.0,31.452570520598588,18.433333333333334,22,5,17,4.182879564929376,0.8365759129858752,115.02437529158381,60.0,1620.0,0.0,0.0,0.0,25.747750799986534,0.0,0.0,115.02437529158381,1620.0,73.76683323414561,1310.8971150628834,,,,False,False,not_attempted,0,0,0,0,47,2,0.0425531914893617,159.07362715132868,1318.0,False,,,False,6,0
ga,static_live,27,1620.0,27.0,5,disrupted,disrupted,30 42 51 81,2227,2.857142857142857,0.35,0.0,31.452570520598588,18.45,17,1,16,3.8318567137832695,3.8318567137832695,118.85623200536708,60.0,1680.0,0.0,0.0,0.0,25.747750799986534,0.0,0.0,118.85623200536708,1680.0,69.07125995475285,1263.2706905183522,,,,False,False,not_attempted,0,0,0,0,10,1,0.1,157.95789149141012,1318.0,False,,,False,4,0
ga,static_live,28,1680.0,28.0,5,disrupted,disrupted,30 42 51 81,2227,2.857142857142857,0.35,0.0,31.452570520598588,18.466666666666665,16,2,14,1.5025456391803425,0.7512728195901712,120.35877764454742,60.0,1740.0,0.0,0.0,0.0,25.747750799986534,0.0,0.0,120.35877764454742,1740.0,65.88297256479127,1201.9670258411625,,,,False,False,not_attempted,0,0,0,0,6,0,0.0,156.9035199716099,1382.0,False,,,False,4,0
ga,static_live,29,1740.0,29.0,5,disrupted,disrupted,30 42 51 81,2227,2.857142857142857,0.35,0.0,31.452570520598588,18.483333333333334,14,2,12,2.650344654017338,1.325172327008669,123.00912229856475,60.0,1800.0,0.0,0.0,0.0,25.747750799986534,0.0,0.0,123.00912229856475,1800.0,64.63468220073199,1081.9670258411625,,,,False,False,not_attempted,0,0,0,0,37,0,0.0,155.33047399337588,1468.0,False,,,False,4,0
ga,static_live,30,1800.0,30.0,6,recovering,recovering,30 42 51 81,2227,2.857142857142857,0.35,0.0,31.452570520598588,18.5,12,1,11,5.08748008580419,5.08748008580419,128.09660238436894,60.0,1860.0,0.0,0.0,0.0,25.747750799986534,0.0,0.0,128.09660238436894,1860.0,62.16968239820864,1081.9670258411625,,,,False,False,not_attempted,0,0,0,0,44,4,0.09090909090909091,154.0116016978572,1468.0,False,,,False,4,0
ga,static_live,31,1860.0,31.0,6,recovering,recovering,30 42 51 81,2227,2.6595744680851063,0.376,0.04,31.77601131408416,18.516666666666666,11,0,11,3.3083839308149487,3.3083839308149487,131.4049863151839,60.0,1920.0,0.0,0.0,0.0,25.747750799986534,0.0,0.0,131.4049863151839,1920.0,54.232798742580655,990.0029690179343,,,,False,False,not_attempted,0,0,0,0,21,7,0.3333333333333333,153.91826836452387,1468.0,False,,,False,4,0
ga,static_live,32,1920.0,32.0,6,recovering,recovering,30 42 51 81,2227,2.4875621890547266,0.40199999999999997,0.08,32.063080038424864,18.533333333333335,11,1,10,4.284139579659039,4.284139579659039,135.68912589484293,60.0,1980.0,0.0,0.0,0.0,25.747750799986534,0.0,0.0,135.68912589484293,1980.0,48.92734872470159,919.2311135107011,,,,False,False,not_attempted,0,0,0,0,12,7,0.5833333333333334,153.0344957047205,1468.0,False,,,False,4,0
ga,static_live,33,1980.0,33.0,6,recovering,recovering,30 42 51 81,2227,2.336448598130841,0.428,0.12,32.31958534492627,18.55,10,1,9,1.6499477974435757,1.6499477974435757,137.33907369228652,60.0,2040.0,0.0,0.0,0.0,25.747750799986534,0.0,0.0,137.33907369228652,2040.0,42.893911133602515,740.918294039513,,,,False,False,not_attempted,0,0,0,0,20,3,0.15,152.94116237138718,1468.0,False,,,False,3,0
ga,static_live,34,2040.0,34.0,6,recovering,recovering,30 42 51 81,2227,2.2026431718061676,0.45399999999999996,0.16,32.55016153739909,18.566666666666666,9,2,7,2.21212718410996,1.10606359205498,139.55120087639648,60.0,2100.0,0.0,0.0,0.0,25.747750799986534,0.0,0.0,139.55120087639648,2100.0,39.663967916195176,729.597341824559,,,,False,False,not_attempted,0,0,0,0,7,4,0.5714285714285714,152.88671661349628,1468.0,False,,,False,3,0
ga,static_live,35,2100.0,35.0,7,recovering,recovering,30 42 51 81,2227,2.0833333333333335,0.48,0.2,32.75855106933444,18.583333333333332,7,0,7,0.853352127150034,0.853352127150034,140.4045530035465,60.0,2160.0,0.0,0.0,0.0,25.747750799986534,0.0,0.0,140.4045530035465,2160.0,36.57459584857277,706.6256782463519,,,,False,False,not_attempted,0,0,0,0,2,2,1.0,152.88671661349628,1468.0,False,,,False,2,0
ga,static_live,36,2160.0,36.0,7,recovering,recovering,30 42 51 81,2227,1.976284584980237,0.506,0.24,32.94780923645322,18.6,7,2,5,0.30196797934692904,0.15098398967346452,140.70652098289344,60.0,2220.0,0.0,0.0,0.0,25.747750799986534,0.0,0.0,140.70652098289344,2220.0,34.78812751643796,551.2550653147262,,,,False,False,not_attempted,0,0,0,0,6,0,0.0,152.88671661349628,1635.0,False,,,False,2,0
ga,static_live,37,2220.0,37.0,7,recovering,recovering,30 42 51 81,2227,1.8796992481203008,0.532,0.28,33.120454967615515,18.616666666666667,5,1,4,1.6747544582085938,1.6747544582085938,142.38127544110202,60.0,2280.0,0.0,0.0,0.0,25.747750799986534,0.0,0.0,142.38127544110202,2280.0,33.61319564115154,544.9985458434016,,,,False,False,not_attempted,0,0,0,0,6,6,1.0,151.8041705372495,1635.0,False,,,False,2,0
ga,static_live,38,2280.0,38.0,7,recovering,recovering,30 42 51 81,2227,1.7921146953405016,0.558,0.32,33.27858357743186,18.633333333333333,4,1,3,1.7896980308363988,1.7896980308363988,144.17097347193842,60.0,2340.0,0.0,0.0,0.0,25.747750799986534,0.0,0.0,144.17097347193842,2340.0,31.203990376854073,509.3308356247176,,,,False,False,not_attempted,0,0,0,0,19,5,0.2631578947368421,150.26813629507723,1646.0,False,,,False,2,0
ga,static_live,39,2340.0,39.0,7,recovering,recovering,30 42 51 81,2227,1.7123287671232879,0.584,0.36,33.42395222363892,18.65,3,0,3,0.6778629253636863,0.6778629253636863,144.8488363973021,60.0,2400.0,0.0,0.0,0.0,25.747750799986534,0.0,0.0,144.8488363973021,2400.0,28.614314715618647,503.05801770446726,,,,False,False,not_attempted,0,0,0,0,18,0,0.0,150.1748029617439,1646.0,False,,,False,2,0
ga,static_live,40,2400.0,40.0,8,recovering,recovering,30 42 51 81,2227,1.639344262295082,0.61,0.4,33.55804547919766,18.666666666666668,3,1,2,1.4327907516177016,1.4327907516177016,146.2816271489198,60.0,2460.0,0.0,0.0,0.0,25.747750799986534,0.0,0.0,146.2816271489198,2460.0,27.322753288501403,501.53237449879015,,,,False,False,not_attempted,0,0,0,0,9,4,0.4444444444444444,149.4049671895395,1725.0,False,,,False,2,0
ga,static_live,41,2460.0,41.0,8,recovering,recovering,30 42 51 81,2227,1.572327044025157,0.636,0.44,33.68212621591513,18.683333333333334,2,0,2,0.18666666666666665,0.18666666666666665,146.46829381558646,60.0,2520.0,0.0,0.0,0.0,25.747750799986534,0.0,0.0,146.46829381558646,2520.0,25.034622590695893,500.13146941684766,,,,False,False,not_attempted,0,0,0,0,0,0,0.0,149.31163385620616,1725.0,False,,,False,0,0
ga,static_live,42,2520.0,42.0,8,recovering,recovering,30 42 51 81,2227,1.5105740181268883,0.6619999999999999,0.48,33.79727550010811,18.7,2,2,0,24.080999471577453,12.040499735788726,170.54929328716392,541.960214935573,3061.960214935573,0.0,0.0,0.0,25.747750799986534,0.0,0.0,170.54929328716392,3061.960214935573,24.497317495765405,498.8406052174747,,,,False,False,not_attempted,0,0,0,0,378,38,0.10052910052910052,145.74728284215834,1937.0,True,,,False,0,0
ga,static_frozen,0,0.0,0.0,0,normal,initial,30 42 51 81,0,1.0,1.0,0.0,34.78037077224997,18.0,84,0,84,17.649882122789972,17.649882122789972,17.649882122789972,60.0,60.0,8.482715899939649,17.265034900046885,25.747750799986534,25.747750799986534,0.0,0.0,17.649882122789972,60.0,137.0202222079973,2575.791665618115,,,,False,False,initial_plan,0,0,0,0,110,0,0.0,177.61134889028398,0.0,False,,,True,10,10
ga,static_frozen,1,60.0,1.0,0,normal,normal,30 42 51 81,0,1.0,1.0,0.0,34.78037077224997,18.016666666666666,84,0,84,3.860832221189131,3.860832221189131,21.510714343979103,60.0,120.0,0.0,0.0,0.0,25.747750799986534,0.0,0.0,21.510714343979103,120.0,118.33481725358962,2408.508397267874,,,,False,False,not_attempted,0,0,0,0,48,0,0.0,176.09020652430007,0.0,False,,,False,10,10
ga,static_frozen,2,120.0,2.0,0,normal,normal,30 42 51 81,0,1.0,1.0,0.0,34.78037077224997,18.033333333333335,84,5,79,5.469586054369472,1.0939172108738944,26.980300398348575,60.0,180.0,0.0,0.0,0.0,25.747750799986534,0.0,0.0,26.980300398348575,180.0,114.32039977398952,2408.508397267874,,,,False,False,not_attempted,0,0,0,0,54,0,0.0,174.7596401655785,230.0,False,,,False,10,5
ga,static_frozen,3,180.0,3.0,0,normal,normal,30 42 51 81,0,1.0,1.0,0.0,34.78037077224997,18.05,79,2,77,7.011609396691212,3.505804698345606,33.99190979503979,60.0,240.0,0.0,0.0,0.0,25.747750799986534,0.0,0.0,33.99190979503979,240.0,109.00105004153725,2395.4649197227227,,,,False,False,not_attempted,0,0,0,0,102,0,0.0,174.34235459366602,230.0,False,,,False,10,3
ga,static_frozen,4,240.0,4.0,0,normal,normal,30 42 51 81,0,1.0,1.0,0.0,34.78037077224997,18.066666666666666,77,0,77,7.1547879192985535,7.1547879192985535,41.146697714338345,60.0,300.0,0.0,0.0,0.0,25.747750799986534,0.0,0.0,41.146697714338345,300.0,102.22978058226929,2222.1724931702206,,,,False,False,not_attempted,0,0,0,0,63,0,0.0,173.4394704160569,230.0,False,,,False,10,3
ga,static_frozen,5,300.0,5.0,1,normal,normal,30 42 51 81,0,1.0,1.0,0.0,34.78037077224997,18.083333333333332,77,3,74,2.675963325709791,0.891987775236597,43.82266104004813,60.0,360.0,0.0,0.0,0.0,25.747750799986534,0.0,0.0,43.82266104004813,360.0,95.1717140869908,2222.1724931702206,,,,False,False,not_attempted,0,0,0,0,34,0,0.0,173.10775928116314,402.0,False,,,False,10,2
ga,static_frozen,6,360.0,6.0,1,normal,normal,30 42 51 81,0,1.0,1.0,0.0,34.78037077224997,18.1,74,2,72,2.766193936465484,1.383096968232742,46.588854976513616,60.0,420.0,0.0,0.0,0.0,25.747750799986534,0.0,0.0,46.588854976513616,420.0,92.60410325990152,2214.6116397759683,,,,False,False,not_attempted,0,0,0,0,81,0,0.0,173.0144259478298,422.0,False,,,False,10,1
ga,static_frozen,7,420.0,7.0,1,normal,normal,30 42 51 81,0,1.0,1.0,0.0,34.78037077224997,18.116666666666667,72,4,68,4.347192794898818,1.0867981987247044,50.93604777141243,60.0,480.0,0.0,0.0,0.0,25.747750799986534,0.0,0.0,50.93604777141243,480.0,89.92368642949396,2148.2053198083527,,,,False,False,not_attempted,0,0,0,0,87,0,0.0,171.7315048732715,422.0,False,,,False,10,0
ga,static_frozen,8,480.0,8.0,1,normal,normal,30 42 51 81,0,1.0,1.0,0.0,34.78037077224997,18.133333333333333,68,2,66,2.5250093236515756,1.2625046618257878,53.46105709506401,60.0,540.0,0.0,0.0,0.0,25.747750799986534,0.0,0.0,53.46105709506401,540.0,85.28714308081315,2087.667082619376,,,,False,False,not_attempted,0,0,0,0,64,0,0.0,171.63817153993816,647.0,False,,,False,10,0
ga,static_frozen,9,540.0,9.0,1,normal,normal,30 42 51 81,0,1.0,1.0,0.0,34.78037077224997,18.15,66,4,62,3.0619730013422446,0.7654932503355611,56.52303009640625,60.0,600.0,0.0,0.0,0.0,25.747750799986534,0.0,0.0,56.52303009640625,600.0,82.77007440456873,1959.541901191854,,,,False,False,not_attempted,0,0,0,0,70,0,0.0,171.54640459197284,647.0,False,,,False,10,0
ga,static_frozen,10,600.0,10.0,2,degrading,degrading,30 42 51 81,0,1.0,1.0,0.0,34.78037077224997,18.166666666666668,62,3,59,4.390709018242486,1.4635696727474954,60.913739114648735,60.0,660.0,0.0,0.0,0.0,25.747750799986534,0.0,0.0,60.913739114648735,660.0,80.09411359828835,1959.541901191854,,,,False,False,not_attempted,0,0,0,0,80,0,0.0,171.29011539682318,647.0,False,,,False,10,0
ga,static_frozen,11,660.0,11.0,2,degrading,degrading,30 42 51 81,2227,1.06951871657754,0.935,0.0,34.64316594981709,18.183333333333334,59,1,58,2.732726792744611,2.732726792744611,63.64646590739335,60.0,720.0,0.0,0.0,0.0,25.747750799986534,0.0,0.0,63.64646590739335,720.0,77.78985438610327,1900.4834860847477,,,,False,False,not_attempted,0,0,0,0,47,16,0.3404255319148936,171.00102300959978,647.0,False,,,False,9,0
ga,static_frozen,12,720.0,12.0,2,degrading,degrading,30 42 51 81,2227,1.1494252873563218,0.87,0.0,34.48678831955742,18.2,58,4,54,2.842732462240361,0.7106831155600902,66.48919836963371,60.0,780.0,0.0,0.0,0.0,25.747750799986534,0.0,0.0,66.48919836963371,780.0,78.21921987737312,1791.1663421482492,,,,False,False,not_attempted,0,0,0,0,30,13,0.43333333333333335,169.78970875310245,647.0,False,,,False,8,0
ga,static_frozen,13,780.0,13.0,2,degrading,degrading,30 42 51 81,2227,1.2422360248447206,0.8049999999999999,0.0,34.30692006739202,18.216666666666665,54,2,52,2.9139786499528033,1.4569893249764017,69.40317701958652,60.0,840.0,0.0,0.0,0.0,25.747750799986534,0.0,0.0,69.40317701958652,840.0,78.56289104378072,1791.1663421482492,,,,False,False,not_attempted,0,0,0,0,40,0,0.0,168.37604026113294,822.0,False,,,False,8,0
ga,static_frozen,14,840.0,14.0,2,degrading,degrading,30 42 51 81,2227,1.3513513513513513,0.74,0.0,34.09783830938845,18.233333333333334,52,3,49,2.354311533455501,0.7847705111518337,71.75748855304202,60.0,900.0,0.0,0.0,0.0,25.747750799986534,0.0,0.0,71.75748855304202,900.0,79.17086703575897,1671.1663421482492,,,,False,False,not_attempted,0,0,0,0,31,4,0.12903225806451613,168.12363120963883,822.0,False,,,False,8,0
ga,static_frozen,15,900.0,15.0,3,degrading,degrading,30 42 51 81,2227,1.4814814814814814,0.675,0.0,33.851796877256575,18.25,49,3,46,3.0165500500638616,1.0055166833546205,74.77403860310588,60.0,960.0,0.0,0.0,0.0,25.747750799986534,0.0,0.0,74.77403860310588,960.0,81.23635580929763,1671.1663421482492,,,,False,False,not_attempted,0,0,0,0,52,5,0.09615384615384616,168.0737229668598,822.0,False,,,False,8,0
ga,static_frozen,16,960.0,16.0,3,degrading,degrading,30 42 51 81,2227,1.639344262295082,0.61,0.0,33.55804547919766,18.266666666666666,46,1,45,3.500155651851144,3.500155651851144,78.27419425495702,60.0,1020.0,0.0,0.0,0.0,25.747750799986534,0.0,0.0,78.27419425495702,1020.0,82.87222167402973,1613.5490439412185,,,,False,False,not_attempted,0,0,0,0,52,5,0.09615384615384616,167.15662605776177,822.0,False,,,False,8,0
ga,static_frozen,17,1020.0,17.0,3,degrading,degrading,30 42 51 81,2227,1.8348623853211008,0.545,0.0,33.20121701570619,18.283333333333335,45,3,42,4.644441753368188,1.5481472511227292,82.91863600832521,60.0,1080.0,0.0,0.0,0.0,25.747750799986534,0.0,0.0,82.91863600832521,1080.0,84.98221216442856,1555.1157964848735,,,,False,False,not_attempted,0,0,0,0,46,10,0.21739130434782608,166.04443544298994,943.0,False,,,False,8,0
ga,static_frozen,18,1080.0,18.0,3,degrading,degrading,30 42 51 81,2227,2.0833333333333335,0.48,0.0,32.75855106933444,18.3,42,2,40,3.2895149621154713,1.6447574810577357,86.20815097044068,60.0,1140.0,0.0,0.0,0.0,25.747750799986534,0.0,0.0,86.20815097044068,1140.0,85.87633424254966,1561.2050665866623,,,,False,False,not_attempted,0,0,0,0,25,1,0.04,165.62420618959445,943.0,False,,,False,8,0
ga,static_frozen,19,1140.0,19.0,3,degrading,degrading,30 42 51 81,2227,2.409638554216868,0.4149999999999999,0.0,32.194839714285706,18.316666666666666,40,1,39,1.000843381057493,1.000843381057493,87.20899435149818,60.0,1200.0,0.0,0.0,0.0,25.747750799986534,0.0,0.0,87.20899435149818,1200.0,89.805414066649,1605.1102376902065,,,,False,False,not_attempted,0,0,0,0,14,0,0.0,165.5308728562611,967.0,False,,,False,8,0
ga,static_frozen,20,1200.0,20.0,4,disrupted,holding,30 42 51 81,2227,2.857142857142857,0.35,0.0,31.452570520598588,18.333333333333332,39,5,34,7.768284961953023,1.5536569923906047,94.9772793134512,60.0,1260.0,0.0,0.0,0.0,25.747750799986534,0.0,0.0,94.9772793134512,1260.0,97.73776922405523,1682.6212933146724,,,,False,False,not_attempted,0,0,0,0,36,7,0.19444444444444445,163.37029007961857,1016.0,False,,,False,8,0
ga,static_frozen,21,1260.0,21.0,4,disrupted,disrupted,30 42 51 81,2227,2.857142857142857,0.35,0.0,31.452570520598588,18.35,34,1,33,3.539761567632513,3.539761567632513,98.51704088108372,60.0,1320.0,0.0,0.0,0.0,25.747750799986534,0.0,0.0,98.51704088108372,1320.0,89.2196546824271,1522.7606998202277,,,,False,False,not_attempted,0,0,0,0,39,0,0.0,163.02178497814646,1016.0,False,,,False,8,0
ga,static_frozen,22,1320.0,22.0,4,disrupted,disrupted,30 42 51 81,2227,2.857142857142857,0.35,0.0,31.452570520598588,18.366666666666667,33,3,30,2.797766435778659,0.9325888119262197,101.31480731686237,60.0,1380.0,0.0,0.0,0.0,25.747750799986534,0.0,0.0,101.31480731686237,1380.0,85.97261762609082,1522.7606998202277,,,,False,False,not_attempted,0,0,0,0,24,3,0.125,162.92845164481312,1118.0,False,,,False,8,0
ga,static_frozen,23,1380.0,23.0,4,disrupted,disrupted,30 42 51 81,2227,2.857142857142857,0.35,0.0,31.452570520598588,18.383333333333333,30,5,25,4.822520649358264,0.9645041298716528,106.13732796622064,60.0,1440.0,0.0,0.0,0.0,25.747750799986534,0.0,0.0,106.13732796622064,1440.0,85.01623192485087,1526.419780414755,,,,False,False,not_attempted,0,0,0,0,19,5,0.2631578947368421,161.7919849966947,1168.0,False,,,False,8,0
ga,static_frozen,24,1440.0,24.0,4,disrupted,disrupted,30 42 51 81,2227,2.857142857142857,0.35,0.0,31.452570520598588,18.4,25,2,23,5.15748975856922,2.57874487928461,111.29481772478985,60.0,1500.0,0.0,0.0,0.0,25.747750799986534,0.0,0.0,111.29481772478985,1500.0,80.33544355871749,1366.5317851793127,,,,False,False,not_attempted,0,0,0,0,29,3,0.10344827586206896,160.2664736200464,1236.0,False,,,False,8,0
ga,static_frozen,25,1500.0,25.0,5,disrupted,disrupted,30 42 51 81,2227,2.857142857142857,0.35,0.0,31.452570520598588,18.416666666666668,23,1,22,2.1606326217710508,2.1606326217710508,113.45545034656091,60.0,1560.0,0.0,0.0,0.0,25.747750799986534,0.0,0.0,113.45545034656091,1560.0,75.58136101275133,1366.5317851793127,,,,False,False,not_attempted,0,0,0,0,22,1,0.045454545454545456,160.17314028671308,1236.0,False,,,False,6,0
ga,static_frozen,26,1560.0,26.0,5,disrupted,disrupted,30 42 51 81,2227,2.857142857142857,0.35,0.0,31.452570520598588,18.433333333333334,22,5,17,7.940767939200023,1.5881535878400046,121.39621828576094,60.0,1620.0,0.0,0.0,0.0,25.747750799986534,0.0,0.0,121.39621828576094,1620.0,74.1755790496594,1236.2308290589503,,,,False,False,not_attempted,0,0,0,0,32,10,0.3125,159.0046243712759,1318.0,False,,,False,6,0
ga,static_frozen,27,1620.0,27.0,5,disrupted,disrupted,30 42 51 81,2227,2.857142857142857,0.35,0.0,31.452570520598588,18.45,17,1,16,3.232558928186403,3.232558928186403,124.62877721394734,60.0,1680.0,0.0,0.0,0.0,25.747750799986534,0.0,0.0,124.62877721394734,1680.0,68.92975257162819,1081.9670258411625,,,,False,False,not_attempted,0,0,0,0,5,2,0.4,156.78668082306305,1318.0,False,,,False,4,0
ga,static_frozen,28,1680.0,28.0,5,disrupted,disrupted,30 42 51 81,2227,2.857142857142857,0.35,0.0,31.452570520598588,18.466666666666665,16,3,13,4.2345555621465305,1.41151852071551,128.86333277609387,60.0,1740.0,0.0,0.0,0.0,25.747750799986534,0.0,0.0,128.86333277609387,1740.0,66.22500102501982,1081.9670258411625,,,,False,False,not_attempted,0,0,0,0,4,4,1.0,154.44986956568,1382.0,False,,,False,4,0
ga,static_frozen,29,1740.0,29.0,5,disrupted,disrupted,30 42 51 81,2227,2.857142857142857,0.35,0.0,31.452570520598588,18.483333333333334,13,2,11,6.719115313616471,3.3595576568082355,135.58244808971034,60.0,1800.0,0.0,0.0,0.0,25.747750799986534,0.0,0.0,135.58244808971034,1800.0,62.00476442797883,1068.5282189980567,,,,False,False,not_attempted,0,0,0,0,44,9,0.20454545454545456,152.30638295148498,1468.0,False,,,False,4,0
ga,static_frozen,30,1800.0,30.0,6,recovering,recovering,30 42 51 81,2227,2.857142857142857,0.35,0.0,31.452570520598588,18.5,11,0,11,4.654812168990727,4.654812168990727,140.23726025870107,60.0,1860.0,0.0,0.0,0.0,25.747750799986534,0.0,0.0,140.23726025870107,1860.0,57.34020722101589,992.6275019451206,,,,False,False,not_attempted,0,0,0,0,43,8,0.18604651162790697,150.37120303093178,1468.0,False,,,False,4,0
ga,static_frozen,31,1860.0,31.0,6,recovering,recovering,30 42 51 81,2227,2.6595744680851063,0.376,0.04,31.77601131408416,18.516666666666666,11,1,10,5.85840694521288,5.85840694521288,146.09566720391396,60.0,1920.0,0.0,0.0,0.0,25.747750799986534,0.0,0.0,146.09566720391396,1920.0,50.435439697469164,913.1787144840298,,,,False,False,not_attempted,0,0,0,0,28,9,0.32142857142857145,148.05077255665947,1468.0,False,,,False,4,0
ga,static_frozen,32,1920.0,32.0,6,recovering,recovering,30 42 51 81,2227,2.4875621890547266,0.40199999999999997,0.08,32.063080038424864,18.533333333333335,10,0,10,2.0986622469153566,2.0986622469153566,148.19432945082931,60.0,1980.0,0.0,0.0,0.0,25.747750799986534,0.0,0.0,148.19432945082931,1980.0,42.7869860115324,753.703648033516,,,,False,False,not_attempted,0,0,0,0,3,3,1.0,147.95743922332613,1468.0,False,,,False,3,0
ga,static_frozen,33,1980.0,33.0,6,recovering,recovering,30 42 51 81,2227,2.336448598130841,0.428,0.12,32.31958534492627,18.55,10,3,7,0.982807493557737,0.327602497852579,149.17713694438706,60.0,2040.0,0.0,0.0,0.0,25.747750799986534,0.0,0.0,149.17713694438706,2040.0,39.80601793584626,740.918294039513,,,,False,False,not_attempted,0,0,0,0,19,2,0.10526315789473684,147.32694558142464,1468.0,False,,,False,2,0
ga,static_frozen,34,2040.0,34.0,6,recovering,recovering,30 42 51 81,2227,2.2026431718061676,0.45399999999999996,0.16,32.55016153739909,18.566666666666666,7,1,6,0.6902337194354085,0.6902337194354085,149.86737066382247,60.0,2100.0,0.0,0.0,0.0,25.747750799986534,0.0,0.0,149.86737066382247,2100.0,37.63530214673598,698.7511712357164,,,,False,False,not_attempted,0,0,0,0,4,1,0.25,146.8110661292282,1635.0,False,,,False,2,0
ga,static_frozen,35,2100.0,35.0,7,recovering,recovering,30 42 51 81,2227,2.0833333333333335,0.48,0.2,32.75855106933444,18.583333333333332,6,0,6,0.18666666666666665,0.18666666666666665,150.05403733048914,60.0,2160.0,0.0,0.0,0.0,25.747750799986534,0.0,0.0,150.05403733048914,2160.0,35.79290766591167,558.1893743954444,,,,False,False,not_attempted,0,0,0,0,0,0,0.0,146.71773279589488,1635.0,False,,,False,2,0
ga,static_frozen,36,2160.0,36.0,7,recovering,recovering,30 42 51 81,2227,1.976284584980237,0.506,0.24,32.94780923645322,18.6,6,2,4,2.46097520246294,1.23048760123147,152.51501253295208,60.0,2220.0,0.0,0.0,0.0,25.747750799986534,0.0,0.0,152.51501253295208,2220.0,34.78812751643796,551.2550653147262,,,,False,False,not_attempted,0,0,0,0,14,8,0.5714285714285714,144.40221113587646,1635.0,False,,,False,2,0
ga,static_frozen,37,2220.0,37.0,7,recovering,recovering,30 42 51 81,2227,1.8796992481203008,0.532,0.28,33.120454967615515,18.616666666666667,4,0,4,1.1909382525343608,1.1909382525343608,153.70595078548644,60.0,2280.0,0.0,0.0,0.0,25.747750799986534,0.0,0.0,153.70595078548644,2280.0,31.446629605293634,506.5566731761328,,,,False,False,not_attempted,0,0,0,0,3,3,1.0,143.30460621667547,1635.0,False,,,False,2,0
ga,static_frozen,38,2280.0,38.0,7,recovering,recovering,30 42 51 81,2227,1.7921146953405016,0.558,0.32,33.27858357743186,18.633333333333333,4,1,3,0.3469971219975087,0.3469971219975087,154.05294790748394,60.0,2340.0,0.0,0.0,0.0,25.747750799986534,0.0,0.0,154.05294790748394,2340.0,29.596331546141855,504.7258355457988,,,,False,False,not_attempted,0,0,0,0,14,0,0.0,143.21127288334213,1646.0,False,,,False,2,0
ga,static_frozen,39,2340.0,39.0,7,recovering,recovering,30 42 51 81,2227,1.7123287671232879,0.584,0.36,33.42395222363892,18.65,3,1,2,1.420033823912388,1.420033823912388,155.47298173139632,60.0,2400.0,0.0,0.0,0.0,25.747750799986534,0.0,0.0,155.47298173139632,2400.0,28.614314715618647,503.05801770446726,,,,False,False,not_attempted,0,0,0,0,22,4,0.18181818181818182,142.37576865146013,1725.0,False,,,False,2,0
ga,static_frozen,40,2400.0,40.0,8,recovering,recovering,30 42 51 81,2227,1.639344262295082,0.61,0.4,33.55804547919766,18.666666666666668,2,0,2,0.7562883127466353,0.7562883127466353,156.22927004414296,60.0,2460.0,0.0,0.0,0.0,25.747750799986534,0.0,0.0,156.22927004414296,2460.0,26.430557307763344,501.53237449879015,,,,False,False,not_attempted,0,0,0,0,5,0,0.0,142.2824353181268,1725.0,False,,,False,1,0
ga,static_frozen,41,2460.0,41.0,8,recovering,recovering,30 42 51 81,2227,1.572327044025157,0.636,0.44,33.68212621591513,18.683333333333334,2,1,1,0.1514730184532815,0.1514730184532815,156.38074306259625,60.0,2520.0,0.0,0.0,0.0,25.747750799986534,0.0,0.0,156.38074306259625,2520.0,25.034622590695893,500.13146941684766,,,,False,False,not_attempted,0,0,0,0,0,0,0.0,142.22429563300685,1937.0,False,,,False,0,0
ga,static_frozen,42,2520.0,42.0,8,recovering,recovering,30 42 51 81,2227,1.5105740181268883,0.6619999999999999,0.48,33.79727550010811,18.7,1,1,0,24.0710661596117,24.0710661596117,180.45180922220797,541.960214935573,3061.960214935573,0.0,0.0,0.0,25.747750799986534,0.0,0.0,180.45180922220797,3061.960214935573,24.497317495765405,498.8406052174747,,,,False,False,not_attempted,0,0,0,0,358,42,0.11731843575418995,138.66987793092497,1937.0,True,,,False,0,0
