method,policy,epoch,elapsed_s,elapsed_min,replan_epoch,traffic_state,traffic_change,center_bins,affected_edges,peak_tt_multiplier,speed_multiplier,recovery_progress,network_speed_kmh,sim_hour,remaining_bins_before,served_bins_epoch,remaining_bins_after,epoch_energy_kwh,epoch_energy_per_served_bin_kwh,cumulative_energy_kwh,epoch_operating_s,cumulative_operating_s,oracle_runtime_s,solver_runtime_s,planning_runtime_s,cumulative_planning_runtime_s,compute_wait_aux_energy_kwh,cumulative_compute_wait_aux_energy_kwh,latency_adjusted_energy_kwh,latency_adjusted_time_s,planned_remaining_energy_kwh,planned_remaining_makespan_s,incumbent_plan_energy_kwh,candidate_plan_energy_kwh,candidate_energy_improvement_kwh,replan_attempted,replan_accepted,acceptance_reason,candidate_next_choice_changes,candidate_reassigned_bins,next_choice_changes,reassigned_bins,traversed_edges,disrupted_edges_traversed,disrupted_edge_share,min_battery_kwh,max_payload_kg,returned_to_depot,converged,rounds,replanned,active_planning_vehicles,vehicles_still_requiring_first_service
proposed,adaptive,0,0.0,0.0,0,normal,initial,0 12 32 51,0,1.0,1.0,0.0,34.78037077224997,18.0,84,0,84,18.947812200580838,18.947812200580838,18.947812200580838,60.0,60.0,10.709383900044486,1128.8861950000282,1139.5955789000727,1139.5955789000727,0.0,0.0,18.947812200580838,60.0,124.98723160038621,2771.5048752969888,,,,False,False,initial_plan,0,0,0,0,123,0,0.0,177.2717760608753,0.0,False,,,True,10,10
proposed,adaptive,1,60.0,1.0,0,normal,normal,0 12 32 51,0,1.0,1.0,0.0,34.78037077224997,18.016666666666666,84,0,84,3.6431287464134887,3.6431287464134887,22.590940946994326,60.0,120.0,0.0,0.0,0.0,1139.5955789000727,0.0,0.0,22.590940946994326,120.0,105.50890338066785,2707.1370397431347,,,,False,False,not_attempted,0,0,0,0,83,0,0.0,176.43141531177028,0.0,False,,,False,9,10
proposed,adaptive,2,120.0,2.0,0,normal,normal,0 12 32 51,0,1.0,1.0,0.0,34.78037077224997,18.033333333333335,84,3,81,2.150613593169741,0.716871197723247,24.741554540164067,60.0,180.0,0.0,0.0,0.0,1139.5955789000727,0.0,0.0,24.741554540164067,180.0,101.10086336244001,2575.1489099165824,,,,False,False,not_attempted,0,0,0,0,49,0,0.0,176.33808197843695,215.0,False,,,False,8,7
proposed,adaptive,3,180.0,3.0,0,normal,normal,0 12 32 51,0,1.0,1.0,0.0,34.78037077224997,18.05,81,3,78,3.271356097706687,1.0904520325688958,28.012910637870753,60.0,240.0,0.0,0.0,0.0,1139.5955789000727,0.0,0.0,28.012910637870753,240.0,99.24169389457438,2575.1489099165824,,,,False,False,not_attempted,0,0,0,0,57,0,0.0,176.08417388140913,215.0,False,,,False,8,4
proposed,adaptive,4,240.0,4.0,0,normal,normal,0 12 32 51,0,1.0,1.0,0.0,34.78037077224997,18.066666666666666,78,1,77,3.7024315460081656,3.7024315460081656,31.715342183878917,60.0,300.0,0.0,0.0,0.0,1139.5955789000727,0.0,0.0,31.715342183878917,300.0,96.4371557706104,2523.292639918653,,,,False,False,not_attempted,0,0,0,0,61,0,0.0,174.23595111138894,249.0,False,,,False,7,3
proposed,adaptive,5,300.0,5.0,1,normal,normal,0 12 32 51,0,1.0,1.0,0.0,34.78037077224997,18.083333333333332,77,2,75,2.7189758189326834,1.3594879094663417,34.4343180028116,60.0,360.0,9.461434799944982,139.6841565000359,149.14559129998088,1288.7411702000536,0.0,0.0,34.4343180028116,360.0,92.79090225860935,2353.701123446594,92.79090225860935,96.66345094303185,-3.8725486844224974,True,False,incumbent_not_worse,8,51,0,0,41,0,0.0,174.1426177780556,402.0,False,True,21.0,True,7,3
proposed,adaptive,6,360.0,6.0,1,normal,normal,0 12 32 51,0,1.0,1.0,0.0,34.78037077224997,18.1,75,3,72,4.611279417259635,1.5370931390865452,39.04559742007124,60.0,420.0,0.0,0.0,0.0,1288.7411702000536,0.0,0.0,39.04559742007124,420.0,90.05551392370413,2353.701123446594,,,,False,False,not_attempted,0,0,0,0,41,0,0.0,173.80269504982573,402.0,False,,,False,7,2
proposed,adaptive,7,420.0,7.0,1,normal,normal,0 12 32 51,0,1.0,1.0,0.0,34.78037077224997,18.116666666666667,72,1,71,5.190400002822974,5.190400002822974,44.235997422894215,60.0,480.0,0.0,0.0,0.0,1288.7411702000536,0.0,0.0,44.235997422894215,480.0,85.29960763845678,2350.428994697508,,,,False,False,not_attempted,0,0,0,0,51,0,0.0,171.7315048732715,402.0,False,,,False,7,1
proposed,adaptive,8,480.0,8.0,1,normal,normal,0 12 32 51,0,1.0,1.0,0.0,34.78037077224997,18.133333333333333,71,2,69,2.495136967710586,1.247568483855293,46.7311343906048,60.0,540.0,0.0,0.0,0.0,1288.7411702000536,0.0,0.0,46.7311343906048,540.0,79.97940923294234,2176.3863390623183,,,,False,False,not_attempted,0,0,0,0,19,0,0.0,171.63817153993816,422.0,False,,,False,7,0
proposed,adaptive,9,540.0,9.0,1,normal,normal,0 12 32 51,0,1.0,1.0,0.0,34.78037077224997,18.15,69,4,65,2.2682353970901716,0.5670588492725429,48.999369787694974,60.0,600.0,0.0,0.0,0.0,1288.7411702000536,0.0,0.0,48.999369787694974,600.0,77.62879857543831,2176.3863390623183,,,,False,False,not_attempted,0,0,0,0,19,0,0.0,171.54640459197284,574.0,False,,,False,7,0
proposed,adaptive,10,600.0,10.0,2,degrading,degrading,0 12 32 51,0,1.0,1.0,0.0,34.78037077224997,18.166666666666668,65,1,64,2.264359248722955,2.264359248722955,51.26372903641793,60.0,660.0,6.0399994254112244e-05,73.17278779996559,73.17284819995984,1361.9140184000134,0.0,0.0,51.26372903641793,660.0,75.37762181306357,2157.509480549697,75.37762181306357,80.01441057614328,-4.636788763079707,True,False,incumbent_not_worse,4,25,0,0,29,0,0.0,171.29011539682318,574.0,False,True,22.0,True,7,0
proposed,adaptive,11,660.0,11.0,2,degrading,degrading,0 12 32 51,2797,1.06951871657754,0.935,0.0,34.58624261731833,18.183333333333334,64,2,62,3.192466396877591,1.5962331984387954,54.45619543329552,60.0,720.0,0.0,0.0,0.0,1361.9140184000134,0.0,0.0,54.45619543329552,720.0,77.53423483811444,2037.7962437120516,,,,False,False,not_attempted,0,0,0,0,39,9,0.23076923076923078,171.19678206348985,700.0,False,,,False,7,0
proposed,adaptive,12,720.0,12.0,2,degrading,degrading,0 12 32 51,2797,1.1494252873563218,0.87,0.0,34.365766727216055,18.2,62,3,59,3.682701389720564,1.2275671299068547,58.13889682301608,60.0,780.0,0.0,0.0,0.0,1361.9140184000134,0.0,0.0,58.13889682301608,780.0,79.31093112874478,2066.114802050076,,,,False,False,not_attempted,0,0,0,0,40,6,0.15,169.9712503230566,791.0,False,,,False,7,0
proposed,adaptive,13,780.0,13.0,2,degrading,degrading,0 12 32 51,2797,1.2422360248447206,0.8049999999999999,0.0,34.11318858383695,18.216666666666665,59,1,58,3.5498749302320034,3.5498749302320034,61.68877175324808,60.0,840.0,0.0,0.0,0.0,1361.9140184000134,0.0,0.0,61.68877175324808,840.0,81.20580768864957,2073.8571148896754,,,,False,False,not_attempted,0,0,0,0,47,3,0.06382978723404255,168.5742888930247,791.0,False,,,False,7,0
proposed,adaptive,14,840.0,14.0,2,degrading,degrading,0 12 32 51,2797,1.3513513513513513,0.74,0.0,33.820946324459584,18.233333333333334,58,2,56,2.5342068873062287,1.2671034436531143,64.22297864055432,60.0,900.0,0.0,0.0,0.0,1361.9140184000134,0.0,0.0,64.22297864055432,900.0,84.2522612188614,2105.437634015488,,,,False,False,not_attempted,0,0,0,0,42,8,0.19047619047619047,168.15686244557824,848.0,False,,,False,7,0
proposed,adaptive,15,900.0,15.0,3,degrading,degrading,0 12 32 51,2797,1.4814814814814814,0.675,0.0,33.47890073173456,18.25,56,2,54,1.7217134158116838,0.8608567079058419,65.944692056366,60.0,960.0,9.705376799916849,129.36982440005522,139.07520119997207,1500.9892195999855,0.0,0.0,65.944692056366,960.0,89.45089533719924,2014.3857234186912,89.45089533719924,92.22960630958208,-2.7787109723828394,True,False,incumbent_not_worse,6,13,0,0,34,0,0.0,168.0635291122449,848.0,False,False,32.0,True,7,0
proposed,adaptive,16,960.0,16.0,3,degrading,degrading,0 12 32 51,2797,1.639344262295082,0.61,0.0,33.073134884250216,18.266666666666666,54,2,52,2.0395355967443773,1.0197677983721887,67.98422765311037,60.0,1020.0,0.0,0.0,0.0,1500.9892195999855,0.0,0.0,67.98422765311037,1020.0,96.81942439810263,2068.993214828555,,,,False,False,not_attempted,0,0,0,0,28,0,0.0,167.08289017604287,907.0,False,,,False,7,0
proposed,adaptive,17,1020.0,17.0,3,degrading,degrading,0 12 32 51,2797,1.8348623853211008,0.545,0.0,32.58401405704252,18.283333333333335,52,4,48,3.745813523949311,0.9364533809873278,71.73004117705968,60.0,1080.0,0.0,0.0,0.0,1500.9892195999855,0.0,0.0,71.73004117705968,1080.0,105.98797362626392,2311.269004685744,,,,False,False,not_attempted,0,0,0,0,41,0,0.0,166.46306654949578,930.0,False,,,False,7,0
proposed,adaptive,18,1080.0,18.0,3,degrading,degrading,0 12 32 51,2797,2.0833333333333335,0.48,0.0,31.982913113523583,18.3,48,1,47,2.8784497355368672,2.8784497355368672,74.60849091259654,60.0,1140.0,0.0,0.0,0.0,1500.9892195999855,0.0,0.0,74.60849091259654,1140.0,115.57392927579443,2263.625865870116,,,,False,False,not_attempted,0,0,0,0,36,1,0.027777777777777776,166.36973321616244,930.0,False,,,False,7,0
proposed,adaptive,19,1140.0,19.0,3,degrading,degrading,0 12 32 51,2797,2.409638554216868,0.4149999999999999,0.0,31.226405631426534,18.316666666666666,47,2,45,1.6825675060822607,0.8412837530411303,76.2910584186788,60.0,1200.0,0.0,0.0,0.0,1500.9892195999855,0.0,0.0,76.2910584186788,1200.0,129.88284815505926,2380.602077142662,,,,False,False,not_attempted,0,0,0,0,7,0,0.0,165.7503132487021,988.0,False,,,False,7,0
proposed,adaptive,20,1200.0,20.0,4,disrupted,holding,0 12 32 51,2797,2.857142857142857,0.35,0.0,30.24527695785376,18.333333333333332,45,5,40,4.179692894185324,0.8359385788370648,80.47075131286412,60.0,1260.0,9.979996899957769,87.8641036999179,97.84410059987567,1598.8333201998612,0.0,0.0,80.47075131286412,1260.0,144.7349282612268,2599.686858444479,152.38232656661324,144.7349282612268,7.647398305386446,True,True,lower_residual_energy,4,10,4,10,43,4,0.09302325581395349,165.65697991536877,1072.0,False,True,25.0,True,8,0
proposed,adaptive,21,1260.0,21.0,4,disrupted,disrupted,0 12 32 51,2797,2.857142857142857,0.35,0.0,30.24527695785376,18.35,40,2,38,2.540319701259869,1.2701598506299345,83.011071014124,60.0,1320.0,0.0,0.0,0.0,1598.8333201998612,0.0,0.0,83.011071014124,1320.0,140.49677488964016,2599.686858444479,,,,False,False,not_attempted,0,0,0,0,34,1,0.029411764705882353,165.32368468334354,1171.0,False,,,False,8,0
proposed,adaptive,22,1320.0,22.0,4,disrupted,disrupted,0 12 32 51,2797,2.857142857142857,0.35,0.0,30.24527695785376,18.366666666666667,38,2,36,2.120275550183332,1.060137775091666,85.13134656430734,60.0,1380.0,0.0,0.0,0.0,1598.8333201998612,0.0,0.0,85.13134656430734,1380.0,137.57073889184707,2564.2827394513442,,,,False,False,not_attempted,0,0,0,0,35,1,0.02857142857142857,165.03699232660028,1171.0,False,,,False,8,0
proposed,adaptive,23,1380.0,23.0,4,disrupted,disrupted,0 12 32 51,2797,2.857142857142857,0.35,0.0,30.24527695785376,18.383333333333333,36,2,34,1.8268908351950595,0.9134454175975297,86.9582373995024,60.0,1440.0,0.0,0.0,0.0,1598.8333201998612,0.0,0.0,86.9582373995024,1440.0,135.92314127090688,2433.1244375519836,,,,False,False,not_attempted,0,0,0,0,23,0,0.0,164.94365899326695,1171.0,False,,,False,8,0
proposed,adaptive,24,1440.0,24.0,4,disrupted,disrupted,0 12 32 51,2797,2.857142857142857,0.35,0.0,30.24527695785376,18.4,34,3,31,2.056563897308854,0.6855212991029513,89.01480129681124,60.0,1500.0,0.0,0.0,0.0,1598.8333201998612,0.0,0.0,89.01480129681124,1500.0,133.97268234289325,2433.1244375519836,,,,False,False,not_attempted,0,0,0,0,7,2,0.2857142857142857,164.43957040083143,1171.0,False,,,False,7,0
proposed,adaptive,25,1500.0,25.0,5,disrupted,disrupted,0 12 32 51,2797,2.857142857142857,0.35,0.0,30.24527695785376,18.416666666666668,31,3,28,2.2716897857098046,0.7572299285699349,91.28649108252105,60.0,1560.0,5.91999851167202e-05,48.31073400005698,48.3107932000421,1647.1441133999033,0.0,0.0,91.28649108252105,1560.0,131.88752351790777,2386.018891070752,131.88752351790777,143.28447978417557,-11.396956266267807,True,False,incumbent_not_worse,3,18,0,0,47,1,0.02127659574468085,163.76708737612273,1171.0,False,True,24.0,True,7,0
proposed,adaptive,26,1560.0,26.0,5,disrupted,disrupted,0 12 32 51,2797,2.857142857142857,0.35,0.0,30.24527695785376,18.433333333333334,28,3,25,1.976599085081387,0.6588663616937956,93.26309016760244,60.0,1620.0,0.0,0.0,0.0,1647.1441133999033,0.0,0.0,93.26309016760244,1620.0,129.94719406303417,2245.466110142005,,,,False,False,not_attempted,0,0,0,0,54,1,0.018518518518518517,163.6737540427894,1373.0,False,,,False,7,0
proposed,adaptive,27,1620.0,27.0,5,disrupted,disrupted,0 12 32 51,2797,2.857142857142857,0.35,0.0,30.24527695785376,18.45,25,1,24,3.0912969833046176,3.0912969833046176,96.35438715090706,60.0,1680.0,0.0,0.0,0.0,1647.1441133999033,0.0,0.0,96.35438715090706,1680.0,127.27880939910682,2245.466110142005,,,,False,False,not_attempted,0,0,0,0,25,3,0.12,162.6631007347393,1373.0,False,,,False,7,0
proposed,adaptive,28,1680.0,28.0,5,disrupted,disrupted,0 12 32 51,2797,2.857142857142857,0.35,0.0,30.24527695785376,18.466666666666665,24,3,21,3.7934989174962777,1.264499639165426,100.14788606840334,60.0,1740.0,0.0,0.0,0.0,1647.1441133999033,0.0,0.0,100.14788606840334,1740.0,124.16341606211466,2211.934611196758,,,,False,False,not_attempted,0,0,0,0,44,2,0.045454545454545456,161.3878105216123,1419.0,False,,,False,7,0
proposed,adaptive,29,1740.0,29.0,5,disrupted,disrupted,0 12 32 51,2797,2.857142857142857,0.35,0.0,30.24527695785376,18.483333333333334,21,1,20,2.439478090913904,2.439478090913904,102.58736415931725,60.0,1800.0,0.0,0.0,0.0,1647.1441133999033,0.0,0.0,102.58736415931725,1800.0,120.78149765761982,2154.7646203171225,,,,False,False,not_attempted,0,0,0,0,24,1,0.041666666666666664,159.6279669688527,1419.0,False,,,False,5,0
proposed,adaptive,30,1800.0,30.0,6,recovering,recovering,0 12 32 51,2797,2.857142857142857,0.35,0.0,30.24527695785376,18.5,20,4,16,3.5164801037956748,0.8791200259489187,106.10384426311292,60.0,1860.0,6.89999433234334e-05,49.006308200070634,49.00637720001396,1696.1504905999172,0.0,0.0,106.10384426311292,1860.0,118.54841050755104,2092.99084659261,118.54841050755104,127.2795466547955,-8.731136147244456,True,False,incumbent_not_worse,2,4,0,0,40,3,0.075,158.20214613327622,1669.0,False,True,24.0,True,5,0
proposed,adaptive,31,1860.0,31.0,6,recovering,recovering,0 12 32 51,2797,2.6595744680851063,0.376,0.04,30.670726715627296,18.516666666666666,16,0,16,2.5587314462412465,2.5587314462412465,108.66257570935417,60.0,1920.0,0.0,0.0,0.0,1696.1504905999172,0.0,0.0,108.66257570935417,1920.0,106.4576963332678,1953.5078590742621,,,,False,False,not_attempted,0,0,0,0,19,4,0.21052631578947367,157.88927753114365,1669.0,False,,,False,4,0
proposed,adaptive,32,1920.0,32.0,6,recovering,recovering,0 12 32 51,2797,2.4875621890547266,0.40199999999999997,0.08,31.0510110649113,18.533333333333335,16,1,15,0.830404639191523,0.830404639191523,109.4929803485457,60.0,1980.0,0.0,0.0,0.0,1696.1504905999172,0.0,0.0,109.4929803485457,1980.0,96.82742026071345,1810.734623942257,,,,False,False,not_attempted,0,0,0,0,2,1,0.5,157.8567231754501,1669.0,False,,,False,4,0
proposed,adaptive,33,1980.0,33.0,6,recovering,recovering,0 12 32 51,2797,2.336448598130841,0.428,0.12,31.392959580447428,18.55,15,2,13,2.0898057313322163,1.0449028656661081,111.58278607987792,60.0,2040.0,0.0,0.0,0.0,1696.1504905999172,0.0,0.0,111.58278607987792,2040.0,89.96511222301626,1746.7594968119934,,,,False,False,not_attempted,0,0,0,0,34,0,0.0,157.59843731451514,1820.0,False,,,False,4,0
proposed,adaptive,34,2040.0,34.0,6,recovering,recovering,0 12 32 51,2797,2.2026431718061676,0.45399999999999996,0.16,31.702090954731577,18.566666666666666,13,1,12,3.1390668953560414,3.1390668953560414,114.72185297523396,60.0,2100.0,0.0,0.0,0.0,1696.1504905999172,0.0,0.0,114.72185297523396,2100.0,83.06454487101733,1655.8465918041636,,,,False,False,not_attempted,0,0,0,0,44,4,0.09090909090909091,156.72889185788284,1820.0,False,,,False,4,0
proposed,adaptive,35,2100.0,35.0,7,recovering,recovering,0 12 32 51,2797,2.0833333333333335,0.48,0.2,31.982913113523583,18.583333333333332,12,0,12,1.8725391968646683,1.8725391968646683,116.59439217209862,60.0,2160.0,10.61409399996046,22.700792800053023,33.31488680001348,1729.4653773999307,0.0,0.0,116.59439217209862,2160.0,74.77912423215191,1556.3560957350242,74.77912423215191,74.77912423215191,0.0,True,False,incumbent_not_worse,0,0,0,0,7,4,0.5714285714285714,156.12447699874386,1820.0,False,True,29.0,True,4,0
proposed,adaptive,36,2160.0,36.0,7,recovering,recovering,0 12 32 51,2797,1.976284584980237,0.506,0.24,32.23914449062352,18.6,12,1,11,1.3952109593655675,1.3952109593655675,117.9896031314642,60.0,2220.0,0.0,0.0,0.0,1729.4653773999307,0.0,0.0,117.9896031314642,2220.0,68.62552764400768,1464.3414286169595,,,,False,False,not_attempted,0,0,0,0,6,2,0.3333333333333333,155.02284532474468,1845.0,False,,,False,3,0
proposed,adaptive,37,2220.0,37.0,7,recovering,recovering,0 12 32 51,2797,1.8796992481203008,0.532,0.28,32.47387961181962,18.616666666666667,11,2,9,0.7868123806205201,0.39340619031026003,118.77641551208471,60.0,2280.0,0.0,0.0,0.0,1729.4653773999307,0.0,0.0,118.77641551208471,2280.0,63.56846751729718,1279.537722667986,,,,False,False,not_attempted,0,0,0,0,18,1,0.05555555555555555,154.92951199141135,1966.0,False,,,False,3,0
proposed,adaptive,38,2280.0,38.0,7,recovering,recovering,0 12 32 51,2797,1.7921146953405016,0.558,0.32,32.6897146821153,18.633333333333333,9,1,8,1.6647118427538428,1.6647118427538428,120.44112735483856,60.0,2340.0,0.0,0.0,0.0,1729.4653773999307,0.0,0.0,120.44112735483856,2340.0,59.36054176449063,1254.073767706808,,,,False,False,not_attempted,0,0,0,0,11,2,0.18181818181818182,153.9807794445935,1966.0,False,,,False,2,0
proposed,adaptive,39,2340.0,39.0,7,recovering,recovering,0 12 32 51,2797,1.7123287671232879,0.584,0.36,32.888844011416055,18.65,8,1,7,1.580598045823157,1.580598045823157,122.02172540066171,60.0,2400.0,0.0,0.0,0.0,1729.4653773999307,0.0,0.0,122.02172540066171,2400.0,54.56784379871053,1210.4937950076453,,,,False,False,not_attempted,0,0,0,0,3,3,1.0,152.58044277117733,1966.0,False,,,False,1,0
proposed,adaptive,40,2400.0,40.0,8,recovering,recovering,0 12 32 51,2797,1.639344262295082,0.61,0.4,33.073134884250216,18.666666666666668,7,1,6,0.1414882025776116,0.1414882025776116,122.16321360323931,60.0,2460.0,10.767605599947274,0.13129149994347245,10.898897099890746,1740.3642744998215,0.0,0.0,122.16321360323931,2460.0,50.5364284179871,1134.213560568257,50.5364284179871,50.5364284179871,0.0,True,False,incumbent_not_worse,0,0,0,0,0,0,0.0,152.48700642235193,1966.0,False,True,24.0,True,1,0
proposed,adaptive,41,2460.0,41.0,8,recovering,recovering,0 12 32 51,2797,1.572327044025157,0.636,0.44,33.24418629355876,18.683333333333334,6,0,6,0.09333333333333332,0.09333333333333332,122.25654693657265,60.0,2520.0,0.0,0.0,0.0,1740.3642744998215,0.0,0.0,122.25654693657265,2520.0,47.85451502554622,997.8134683453885,,,,False,False,not_attempted,0,0,0,0,0,0,0.0,152.3936730890186,1966.0,False,,,False,1,0
proposed,adaptive,42,2520.0,42.0,8,recovering,recovering,0 12 32 51,2797,1.5105740181268883,0.6619999999999999,0.48,33.40337545509262,18.7,6,1,5,1.1483690564442106,1.1483690564442106,123.40491599301686,60.0,2580.0,0.0,0.0,0.0,1740.3642744998215,0.0,0.0,123.40491599301686,2580.0,45.557989755617,982.701600889271,,,,False,False,not_attempted,0,0,0,0,3,3,1.0,151.2453040325744,1966.0,False,,,False,1,0
proposed,adaptive,43,2580.0,43.0,8,recovering,recovering,0 12 32 51,2797,1.4534883720930234,0.688,0.52,33.551894968932665,18.716666666666665,5,0,5,0.09333333333333332,0.09333333333333332,123.49824932635019,60.0,2640.0,0.0,0.0,0.0,1740.3642744998215,0.0,0.0,123.49824932635019,2640.0,42.21235096905383,816.029608022661,,,,False,False,not_attempted,0,0,0,0,0,0,0.0,151.15197069924108,1966.0,False,,,False,1,0
proposed,adaptive,44,2640.0,44.0,8,recovering,recovering,0 12 32 51,2797,1.400560224089636,0.714,0.56,33.690782751054904,18.733333333333334,5,1,4,0.5215205235612115,0.5215205235612115,124.0197698499114,60.0,2700.0,0.0,0.0,0.0,1740.3642744998215,0.0,0.0,124.0197698499114,2700.0,40.309443421638775,804.2681571997493,,,,False,False,not_attempted,0,0,0,0,2,2,1.0,150.63045017567987,1966.0,False,,,False,1,0
proposed,adaptive,45,2700.0,45.0,9,recovering,recovering,0 12 32 51,2797,1.3513513513513513,0.74,0.6,33.820946324459584,18.75,4,0,4,1.805704835238008,1.805704835238008,125.8254746851494,60.0,2760.0,10.736006300081499,10.909996300004423,21.64600260008592,1762.0102770999074,0.0,0.0,125.8254746851494,2760.0,37.883758793532486,763.0189916704949,37.883758793532486,37.883758793532486,0.0,True,False,incumbent_not_worse,0,0,0,0,5,5,1.0,148.8247453404419,1966.0,False,True,22.0,True,1,0
proposed,adaptive,46,2760.0,46.0,9,recovering,recovering,0 12 32 51,2797,1.3054830287206267,0.766,0.64,33.943182672163054,18.766666666666666,4,0,4,3.0683310702746915,3.0683310702746915,128.8938057554241,60.0,2820.0,0.0,0.0,0.0,1762.0102770999074,0.0,0.0,128.8938057554241,2820.0,34.6810234612693,696.3707055323205,,,,False,False,not_attempted,0,0,0,0,7,7,1.0,145.75641427016723,1966.0,False,,,False,1,0
proposed,adaptive,47,2820.0,47.0,9,recovering,recovering,0 12 32 51,2797,1.2626262626262625,0.792,0.68,34.058194570117074,18.783333333333335,4,0,4,0.09333333333333332,0.09333333333333332,128.98713908875743,60.0,2880.0,0.0,0.0,0.0,1762.0102770999074,0.0,0.0,128.98713908875743,2880.0,30.183640318399,545.5354810109139,,,,False,False,not_attempted,0,0,0,0,0,0,0.0,145.6630809368339,1966.0,False,,,False,1,0
proposed,adaptive,48,2880.0,48.0,9,recovering,recovering,0 12 32 51,2797,1.2224938875305624,0.818,0.72,34.166604107310576,18.8,4,1,3,1.3373049210398995,1.3373049210398995,130.32444400979733,60.0,2940.0,0.0,0.0,0.0,1762.0102770999074,0.0,0.0,130.32444400979733,2940.0,28.760685994741287,540.0528054788193,,,,False,False,not_attempted,0,0,0,0,6,6,1.0,144.32577601579396,1966.0,False,,,False,1,0
proposed,adaptive,49,2940.0,49.0,9,recovering,recovering,0 12 32 51,2797,1.1848341232227486,0.8440000000000001,0.76,34.268963942438084,18.816666666666666,3,0,3,0.6255472183295238,0.6255472183295238,130.94999122812686,60.0,3000.0,0.0,0.0,0.0,1762.0102770999074,0.0,0.0,130.94999122812686,3000.0,25.964606009495366,495.48127268015844,,,,False,False,not_attempted,0,0,0,0,1,1,1.0,143.70022879746443,1966.0,False,,,False,1,0
proposed,adaptive,50,3000.0,50.0,10,recovering,recovering,0 12 32 51,2797,1.1494252873563218,0.87,0.8,34.365766727216055,18.833333333333332,3,0,3,0.09333333333333332,0.09333333333333332,131.0433245614602,60.0,3060.0,10.793825699947774,0.0756535999244079,10.869479299872182,1772.8797563997796,0.0,0.0,131.0433245614602,3060.0,24.35497657643154,366.49934140576534,24.35497657643154,24.35497657643154,0.0,True,False,incumbent_not_worse,0,0,0,0,0,0,0.0,143.6068954641311,1966.0,False,True,21.0,True,1,0
proposed,adaptive,51,3060.0,51.0,10,recovering,recovering,0 12 32 51,2797,1.1160714285714286,0.896,0.84,34.45745303550113,18.85,3,1,2,1.1429101595738074,1.1429101595738074,132.186234721034,60.0,3120.0,0.0,0.0,0.0,1772.8797563997796,0.0,0.0,132.186234721034,3120.0,23.316928603933597,363.20705462505146,,,,False,False,not_attempted,0,0,0,0,4,4,1.0,142.4639853045573,1966.0,False,,,False,1,0
proposed,adaptive,52,3120.0,52.0,10,recovering,recovering,0 12 32 51,2797,1.0845986984815619,0.922,0.88,34.54441806750724,18.866666666666667,2,0,2,0.09333333333333332,0.09333333333333332,132.27956805436733,60.0,3180.0,0.0,0.0,0.0,1772.8797563997796,0.0,0.0,132.27956805436733,3180.0,21.102070537689887,292.55055579410424,,,,False,False,not_attempted,0,0,0,0,0,0,0.0,142.37065197122396,1966.0,False,,,False,1,0
proposed,adaptive,53,3180.0,53.0,10,recovering,recovering,0 12 32 51,2797,1.0548523206751055,0.9480000000000001,0.92,34.62701734434191,18.883333333333333,2,1,1,0.4904056560799551,0.4904056560799551,132.7699737104473,60.0,3240.0,0.0,0.0,0.0,1772.8797563997796,0.0,0.0,132.7699737104473,3240.0,20.20759463251559,288.2159169386202,,,,False,False,not_attempted,0,0,0,0,1,1,1.0,141.880246315144,1966.0,False,,,False,1,0
proposed,adaptive,54,3240.0,54.0,10,recovering,recovering,0 12 32 51,2797,1.026694045174538,0.974,0.96,34.705571565923464,18.9,1,0,1,1.4921345486555357,1.4921345486555357,134.26210825910283,60.0,3300.0,0.0,0.0,0.0,1772.8797563997796,0.0,0.0,134.26210825910283,3300.0,18.509737140328053,286.51636853980756,,,,False,False,not_attempted,0,0,0,0,3,0,0.0,140.38811176648846,1966.0,False,,,False,1,0
proposed,adaptive,55,3300.0,55.0,11,normal,recovered,0 12 32 51,0,1.0,1.0,1.0,34.78037077224997,18.916666666666668,1,0,1,0.09333333333333332,0.09333333333333332,134.35544159243616,60.0,3360.0,0.0,0.0,0.0,1772.8797563997796,0.0,0.0,134.35544159243616,3360.0,16.661054395791954,282.84253400135873,,,,False,False,not_attempted,0,0,0,0,0,0,0.0,140.29477843315513,1966.0,False,,,False,0,0
proposed,adaptive,56,3360.0,56.0,11,normal,normal,0 12 32 51,0,1.0,1.0,1.0,34.78037077224997,18.933333333333334,1,1,0,16.368703595617152,16.368703595617152,150.7241451880533,291.8029050028424,3651.802905002842,0.0,0.0,0.0,1772.8797563997796,0.0,0.0,150.7241451880533,3651.802905002842,16.661054395791954,282.84253400135873,,,,False,False,not_attempted,0,0,0,0,216,0,0.0,137.5889158144563,1966.0,True,,,False,0,0
proposed,static_live,0,0.0,0.0,0,normal,initial,0 12 32 51,0,1.0,1.0,0.0,34.78037077224997,18.0,84,0,84,18.947812200580838,18.947812200580838,18.947812200580838,60.0,60.0,10.709383900044486,1128.8861950000282,1139.5955789000727,1139.5955789000727,0.0,0.0,18.947812200580838,60.0,124.98723160038621,2771.5048752969888,,,,False,False,initial_plan,0,0,0,0,123,0,0.0,177.2717760608753,0.0,False,,,True,10,10
proposed,static_live,1,60.0,1.0,0,normal,normal,0 12 32 51,0,1.0,1.0,0.0,34.78037077224997,18.016666666666666,84,0,84,3.6431287464134887,3.6431287464134887,22.590940946994326,60.0,120.0,0.0,0.0,0.0,1139.5955789000727,0.0,0.0,22.590940946994326,120.0,105.50890338066785,2707.1370397431347,,,,False,False,not_attempted,0,0,0,0,83,0,0.0,176.43141531177028,0.0,False,,,False,9,10
proposed,static_live,2,120.0,2.0,0,normal,normal,0 12 32 51,0,1.0,1.0,0.0,34.78037077224997,18.033333333333335,84,3,81,2.150613593169741,0.716871197723247,24.741554540164067,60.0,180.0,0.0,0.0,0.0,1139.5955789000727,0.0,0.0,24.741554540164067,180.0,101.10086336244001,2575.1489099165824,,,,False,False,not_attempted,0,0,0,0,49,0,0.0,176.33808197843695,215.0,False,,,False,8,7
proposed,static_live,3,180.0,3.0,0,normal,normal,0 12 32 51,0,1.0,1.0,0.0,34.78037077224997,18.05,81,3,78,3.271356097706687,1.0904520325688958,28.012910637870753,60.0,240.0,0.0,0.0,0.0,1139.5955789000727,0.0,0.0,28.012910637870753,240.0,99.24169389457438,2575.1489099165824,,,,False,False,not_attempted,0,0,0,0,57,0,0.0,176.08417388140913,215.0,False,,,False,8,4
proposed,static_live,4,240.0,4.0,0,normal,normal,0 12 32 51,0,1.0,1.0,0.0,34.78037077224997,18.066666666666666,78,1,77,3.7024315460081656,3.7024315460081656,31.715342183878917,60.0,300.0,0.0,0.0,0.0,1139.5955789000727,0.0,0.0,31.715342183878917,300.0,96.4371557706104,2523.292639918653,,,,False,False,not_attempted,0,0,0,0,61,0,0.0,174.23595111138894,249.0,False,,,False,7,3
proposed,static_live,5,300.0,5.0,1,normal,normal,0 12 32 51,0,1.0,1.0,0.0,34.78037077224997,18.083333333333332,77,2,75,2.7189758189326834,1.3594879094663417,34.4343180028116,60.0,360.0,0.0,0.0,0.0,1139.5955789000727,0.0,0.0,34.4343180028116,360.0,92.79090225860935,2353.701123446594,,,,False,False,not_attempted,0,0,0,0,41,0,0.0,174.1426177780556,402.0,False,,,False,7,3
proposed,static_live,6,360.0,6.0,1,normal,normal,0 12 32 51,0,1.0,1.0,0.0,34.78037077224997,18.1,75,3,72,4.611279417259635,1.5370931390865452,39.04559742007124,60.0,420.0,0.0,0.0,0.0,1139.5955789000727,0.0,0.0,39.04559742007124,420.0,90.05551392370413,2353.701123446594,,,,False,False,not_attempted,0,0,0,0,41,0,0.0,173.80269504982573,402.0,False,,,False,7,2
proposed,static_live,7,420.0,7.0,1,normal,normal,0 12 32 51,0,1.0,1.0,0.0,34.78037077224997,18.116666666666667,72,1,71,5.190400002822974,5.190400002822974,44.235997422894215,60.0,480.0,0.0,0.0,0.0,1139.5955789000727,0.0,0.0,44.235997422894215,480.0,85.29960763845678,2350.428994697508,,,,False,False,not_attempted,0,0,0,0,51,0,0.0,171.7315048732715,402.0,False,,,False,7,1
proposed,static_live,8,480.0,8.0,1,normal,normal,0 12 32 51,0,1.0,1.0,0.0,34.78037077224997,18.133333333333333,71,2,69,2.495136967710586,1.247568483855293,46.7311343906048,60.0,540.0,0.0,0.0,0.0,1139.5955789000727,0.0,0.0,46.7311343906048,540.0,79.97940923294234,2176.3863390623183,,,,False,False,not_attempted,0,0,0,0,19,0,0.0,171.63817153993816,422.0,False,,,False,7,0
proposed,static_live,9,540.0,9.0,1,normal,normal,0 12 32 51,0,1.0,1.0,0.0,34.78037077224997,18.15,69,4,65,2.2682353970901716,0.5670588492725429,48.999369787694974,60.0,600.0,0.0,0.0,0.0,1139.5955789000727,0.0,0.0,48.999369787694974,600.0,77.62879857543831,2176.3863390623183,,,,False,False,not_attempted,0,0,0,0,19,0,0.0,171.54640459197284,574.0,False,,,False,7,0
proposed,static_live,10,600.0,10.0,2,degrading,degrading,0 12 32 51,0,1.0,1.0,0.0,34.78037077224997,18.166666666666668,65,1,64,2.264359248722955,2.264359248722955,51.26372903641793,60.0,660.0,0.0,0.0,0.0,1139.5955789000727,0.0,0.0,51.26372903641793,660.0,75.37762181306358,2157.509480549697,,,,False,False,not_attempted,0,0,0,0,29,0,0.0,171.29011539682318,574.0,False,,,False,7,0
proposed,static_live,11,660.0,11.0,2,degrading,degrading,0 12 32 51,2797,1.06951871657754,0.935,0.0,34.58624261731833,18.183333333333334,64,2,62,3.192466396877591,1.5962331984387954,54.45619543329552,60.0,720.0,0.0,0.0,0.0,1139.5955789000727,0.0,0.0,54.45619543329552,720.0,77.53423483811444,2037.7962437120516,,,,False,False,not_attempted,0,0,0,0,39,9,0.23076923076923078,171.19678206348985,700.0,False,,,False,7,0
proposed,static_live,12,720.0,12.0,2,degrading,degrading,0 12 32 51,2797,1.1494252873563218,0.87,0.0,34.365766727216055,18.2,62,3,59,3.682701389720564,1.2275671299068547,58.13889682301608,60.0,780.0,0.0,0.0,0.0,1139.5955789000727,0.0,0.0,58.13889682301608,780.0,79.31093112874478,2066.114802050076,,,,False,False,not_attempted,0,0,0,0,40,6,0.15,169.9712503230566,791.0,False,,,False,7,0
proposed,static_live,13,780.0,13.0,2,degrading,degrading,0 12 32 51,2797,1.2422360248447206,0.8049999999999999,0.0,34.11318858383695,18.216666666666665,59,1,58,3.5498749302320034,3.5498749302320034,61.68877175324808,60.0,840.0,0.0,0.0,0.0,1139.5955789000727,0.0,0.0,61.68877175324808,840.0,81.20580768864957,2073.8571148896754,,,,False,False,not_attempted,0,0,0,0,47,3,0.06382978723404255,168.5742888930247,791.0,False,,,False,7,0
proposed,static_live,14,840.0,14.0,2,degrading,degrading,0 12 32 51,2797,1.3513513513513513,0.74,0.0,33.820946324459584,18.233333333333334,58,2,56,2.5342068873062287,1.2671034436531143,64.22297864055432,60.0,900.0,0.0,0.0,0.0,1139.5955789000727,0.0,0.0,64.22297864055432,900.0,84.2522612188614,2105.437634015488,,,,False,False,not_attempted,0,0,0,0,42,8,0.19047619047619047,168.15686244557824,848.0,False,,,False,7,0
proposed,static_live,15,900.0,15.0,3,degrading,degrading,0 12 32 51,2797,1.4814814814814814,0.675,0.0,33.47890073173456,18.25,56,2,54,1.7217134158116838,0.8608567079058419,65.944692056366,60.0,960.0,0.0,0.0,0.0,1139.5955789000727,0.0,0.0,65.944692056366,960.0,89.45089533719924,2014.3857234186912,,,,False,False,not_attempted,0,0,0,0,34,0,0.0,168.0635291122449,848.0,False,,,False,7,0
proposed,static_live,16,960.0,16.0,3,degrading,degrading,0 12 32 51,2797,1.639344262295082,0.61,0.0,33.073134884250216,18.266666666666666,54,2,52,2.0395355967443773,1.0197677983721887,67.98422765311037,60.0,1020.0,0.0,0.0,0.0,1139.5955789000727,0.0,0.0,67.98422765311037,1020.0,96.81942439810263,2068.993214828555,,,,False,False,not_attempted,0,0,0,0,28,0,0.0,167.08289017604287,907.0,False,,,False,7,0
proposed,static_live,17,1020.0,17.0,3,degrading,degrading,0 12 32 51,2797,1.8348623853211008,0.545,0.0,32.58401405704252,18.283333333333335,52,4,48,3.745813523949311,0.9364533809873278,71.73004117705968,60.0,1080.0,0.0,0.0,0.0,1139.5955789000727,0.0,0.0,71.73004117705968,1080.0,105.98797362626392,2311.269004685744,,,,False,False,not_attempted,0,0,0,0,41,0,0.0,166.46306654949578,930.0,False,,,False,7,0
proposed,static_live,18,1080.0,18.0,3,degrading,degrading,0 12 32 51,2797,2.0833333333333335,0.48,0.0,31.982913113523583,18.3,48,1,47,2.8784497355368672,2.8784497355368672,74.60849091259654,60.0,1140.0,0.0,0.0,0.0,1139.5955789000727,0.0,0.0,74.60849091259654,1140.0,115.57392927579443,2263.625865870116,,,,False,False,not_attempted,0,0,0,0,36,1,0.027777777777777776,166.36973321616244,930.0,False,,,False,7,0
proposed,static_live,19,1140.0,19.0,3,degrading,degrading,0 12 32 51,2797,2.409638554216868,0.4149999999999999,0.0,31.226405631426534,18.316666666666666,47,2,45,1.6825675060822607,0.8412837530411303,76.2910584186788,60.0,1200.0,0.0,0.0,0.0,1139.5955789000727,0.0,0.0,76.2910584186788,1200.0,129.88284815505926,2380.602077142662,,,,False,False,not_attempted,0,0,0,0,7,0,0.0,165.7503132487021,988.0,False,,,False,7,0
proposed,static_live,20,1200.0,20.0,4,disrupted,holding,0 12 32 51,2797,2.857142857142857,0.35,0.0,30.24527695785376,18.333333333333332,45,5,40,1.219735668442969,0.2439471336885938,77.51079408712177,60.0,1260.0,0.0,0.0,0.0,1139.5955789000727,0.0,0.0,77.51079408712177,1260.0,152.38232656661324,2403.164365234014,,,,False,False,not_attempted,0,0,0,0,37,0,0.0,165.65697991536877,1072.0,False,,,False,7,0
proposed,static_live,21,1260.0,21.0,4,disrupted,disrupted,0 12 32 51,2797,2.857142857142857,0.35,0.0,30.24527695785376,18.35,40,2,38,1.9508426617521635,0.9754213308760817,79.46163674887393,60.0,1320.0,0.0,0.0,0.0,1139.5955789000727,0.0,0.0,79.46163674887393,1320.0,151.21118515342735,2403.164365234014,,,,False,False,not_attempted,0,0,0,0,23,0,0.0,165.32368468334354,1171.0,False,,,False,6,0
proposed,static_live,22,1320.0,22.0,4,disrupted,disrupted,0 12 32 51,2797,2.857142857142857,0.35,0.0,30.24527695785376,18.366666666666667,38,2,36,1.1369203283166285,0.5684601641583142,80.59855707719056,60.0,1380.0,0.0,0.0,0.0,1139.5955789000727,0.0,0.0,80.59855707719056,1380.0,148.94719305401685,2367.760246240879,,,,False,False,not_attempted,0,0,0,0,31,0,0.0,165.03699232660028,1215.0,False,,,False,6,0
proposed,static_live,23,1380.0,23.0,4,disrupted,disrupted,0 12 32 51,2797,2.857142857142857,0.35,0.0,30.24527695785376,18.383333333333333,36,2,34,1.0966528228359245,0.5483264114179622,81.69520990002648,60.0,1440.0,0.0,0.0,0.0,1139.5955789000727,0.0,0.0,81.69520990002648,1440.0,148.23794031028305,2236.6019443415184,,,,False,False,not_attempted,0,0,0,0,17,0,0.0,164.94365899326695,1215.0,False,,,False,6,0
proposed,static_live,24,1440.0,24.0,4,disrupted,disrupted,0 12 32 51,2797,2.857142857142857,0.35,0.0,30.24527695785376,18.4,34,2,32,1.7134000171951276,0.8567000085975638,83.40860991722161,60.0,1500.0,0.0,0.0,0.0,1139.5955789000727,0.0,0.0,83.40860991722161,1500.0,147.16014797297754,2236.6019443415184,,,,False,False,not_attempted,0,0,0,0,22,1,0.045454545454545456,164.43957040083143,1215.0,False,,,False,6,0
proposed,static_live,25,1500.0,25.0,5,disrupted,disrupted,0 12 32 51,2797,2.857142857142857,0.35,0.0,30.24527695785376,18.416666666666668,32,2,30,2.5533740164784806,1.2766870082392403,85.9619839337001,60.0,1560.0,0.0,0.0,0.0,1139.5955789000727,0.0,0.0,85.9619839337001,1560.0,145.4471857833063,2189.4963978602873,,,,False,False,not_attempted,0,0,0,0,53,1,0.018867924528301886,163.76708737612273,1215.0,False,,,False,6,0
proposed,static_live,26,1560.0,26.0,5,disrupted,disrupted,0 12 32 51,2797,2.857142857142857,0.35,0.0,30.24527695785376,18.433333333333334,30,1,29,1.1581489702941634,1.1581489702941634,87.12013290399426,60.0,1620.0,0.0,0.0,0.0,1139.5955789000727,0.0,0.0,87.12013290399426,1620.0,142.8680858791949,2048.9436169315404,,,,False,False,not_attempted,0,0,0,0,42,0,0.0,163.6737540427894,1373.0,False,,,False,6,0
proposed,static_live,27,1620.0,27.0,5,disrupted,disrupted,0 12 32 51,2797,2.857142857142857,0.35,0.0,30.24527695785376,18.45,29,2,27,2.917529748089774,1.458764874044887,90.03766265208404,60.0,1680.0,0.0,0.0,0.0,1139.5955789000727,0.0,0.0,90.03766265208404,1680.0,141.72824261182396,2048.9436169315404,,,,False,False,not_attempted,0,0,0,0,27,2,0.07407407407407407,162.6631007347393,1373.0,False,,,False,6,0
proposed,static_live,28,1680.0,28.0,5,disrupted,disrupted,0 12 32 51,2797,2.857142857142857,0.35,0.0,30.24527695785376,18.466666666666665,27,2,25,2.1415042377121742,1.0707521188560871,92.1791668897962,60.0,1740.0,0.0,0.0,0.0,1139.5955789000727,0.0,0.0,92.1791668897962,1740.0,138.6735559821885,2015.4121179862932,,,,False,False,not_attempted,0,0,0,0,32,1,0.03125,161.3878105216123,1419.0,False,,,False,6,0
proposed,static_live,29,1740.0,29.0,5,disrupted,disrupted,0 12 32 51,2797,2.857142857142857,0.35,0.0,30.24527695785376,18.483333333333334,25,2,23,2.616720265268037,1.3083601326340184,94.79588715506425,60.0,1800.0,0.0,0.0,0.0,1139.5955789000727,0.0,0.0,94.79588715506425,1800.0,136.48939655476568,1958.2421271066578,,,,False,False,not_attempted,0,0,0,0,26,0,0.0,159.6279669688527,1419.0,False,,,False,6,0
proposed,static_live,30,1800.0,30.0,6,recovering,recovering,0 12 32 51,2797,2.857142857142857,0.35,0.0,30.24527695785376,18.5,23,3,20,5.075624753269361,1.6918749177564536,99.87151190833362,60.0,1860.0,0.0,0.0,0.0,1139.5955789000727,0.0,0.0,99.87151190833362,1860.0,134.20448999741495,1896.4683533821453,,,,False,False,not_attempted,0,0,0,0,40,3,0.075,158.20214613327622,1669.0,False,,,False,6,0
proposed,static_live,31,1860.0,31.0,6,recovering,recovering,0 12 32 51,2797,2.6595744680851063,0.376,0.04,30.670726715627296,18.516666666666666,20,0,20,2.524406071949848,2.524406071949848,102.39591798028346,60.0,1920.0,0.0,0.0,0.0,1139.5955789000727,0.0,0.0,102.39591798028346,1920.0,118.37330935859018,1755.364478598295,,,,False,False,not_attempted,0,0,0,0,19,3,0.15789473684210525,157.86914387805,1669.0,False,,,False,6,0
proposed,static_live,32,1920.0,32.0,6,recovering,recovering,0 12 32 51,2797,2.4875621890547266,0.40199999999999997,0.08,31.0510110649113,18.533333333333335,20,2,18,2.390654261194014,1.195327130597007,104.78657224147747,60.0,1980.0,0.0,0.0,0.0,1139.5955789000727,0.0,0.0,104.78657224147747,1980.0,107.2205552509376,1661.4937966497284,,,,False,False,not_attempted,0,0,0,0,14,4,0.2857142857142857,156.38871283872103,1762.0,False,,,False,6,0
proposed,static_live,33,1980.0,33.0,6,recovering,recovering,0 12 32 51,2797,2.336448598130841,0.428,0.12,31.392959580447428,18.55,18,2,16,3.5640955466251376,1.7820477733125688,108.35066778810261,60.0,2040.0,0.0,0.0,0.0,1139.5955789000727,0.0,0.0,108.35066778810261,2040.0,97.12824584438096,1550.9856657624312,,,,False,False,not_attempted,0,0,0,0,37,3,0.08108108108108109,155.3031748196361,1820.0,False,,,False,6,0
proposed,static_live,34,2040.0,34.0,6,recovering,recovering,0 12 32 51,2797,2.2026431718061676,0.45399999999999996,0.16,31.702090954731577,18.566666666666666,16,2,14,3.8982134422065853,1.9491067211032926,112.2488812303092,60.0,2100.0,0.0,0.0,0.0,1139.5955789000727,0.0,0.0,112.2488812303092,2100.0,87.10846240485762,1449.5200335015188,,,,False,False,not_attempted,0,0,0,0,45,5,0.1111111111111111,153.91915357240026,1820.0,False,,,False,5,0
proposed,static_live,35,2100.0,35.0,7,recovering,recovering,0 12 32 51,2797,2.0833333333333335,0.48,0.2,31.982913113523583,18.583333333333332,14,1,13,1.5882118955812166,1.5882118955812166,113.8370931258904,60.0,2160.0,0.0,0.0,0.0,1139.5955789000727,0.0,0.0,113.8370931258904,2160.0,77.42158048434419,1282.5659979561929,,,,False,False,not_attempted,0,0,0,0,9,2,0.2222222222222222,153.82582023906693,1929.0,False,,,False,5,0
proposed,static_live,36,2160.0,36.0,7,recovering,recovering,0 12 32 51,2797,1.976284584980237,0.506,0.24,32.23914449062352,18.6,13,2,11,4.261271446271703,2.1306357231358515,118.09836457216211,60.0,2220.0,0.0,0.0,0.0,1139.5955789000727,0.0,0.0,118.09836457216211,2220.0,71.08145043032583,1254.3295907905197,,,,False,False,not_attempted,0,0,0,0,16,16,1.0,152.49048052759494,1929.0,False,,,False,4,0
proposed,static_live,37,2220.0,37.0,7,recovering,recovering,0 12 32 51,2797,1.8796992481203008,0.532,0.28,32.47387961181962,18.616666666666667,11,1,10,2.2430855806976493,2.2430855806976493,120.34145015285976,60.0,2280.0,0.0,0.0,0.0,1139.5955789000727,0.0,0.0,120.34145015285976,2280.0,62.158083753148674,1186.5614350956696,,,,False,False,not_attempted,0,0,0,0,4,4,1.0,152.11749172309968,1966.0,False,,,False,4,0
proposed,static_live,38,2280.0,38.0,7,recovering,recovering,0 12 32 51,2797,1.7921146953405016,0.558,0.32,32.6897146821153,18.633333333333333,10,0,10,0.405063157531603,0.405063157531603,120.74651331039136,60.0,2340.0,0.0,0.0,0.0,1139.5955789000727,0.0,0.0,120.74651331039136,2340.0,56.60738830708705,1045.429708587682,,,,False,False,not_attempted,0,0,0,0,0,0,0.0,152.02415838976634,1966.0,False,,,False,3,0
proposed,static_live,39,2340.0,39.0,7,recovering,recovering,0 12 32 51,2797,1.7123287671232879,0.584,0.36,32.888844011416055,18.65,10,3,7,2.7039442071130138,0.901314735704338,123.45045751750438,60.0,2400.0,0.0,0.0,0.0,1139.5955789000727,0.0,0.0,123.45045751750438,2400.0,53.050955395169076,1026.1795741660221,,,,False,False,not_attempted,0,0,0,0,9,9,1.0,150.53008517446142,1966.0,False,,,False,2,0
proposed,static_live,40,2400.0,40.0,8,recovering,recovering,0 12 32 51,2797,1.639344262295082,0.61,0.4,33.073134884250216,18.666666666666668,7,1,6,0.7398969342277315,0.7398969342277315,124.1903544517321,60.0,2460.0,0.0,0.0,0.0,1139.5955789000727,0.0,0.0,124.1903544517321,2460.0,47.32311080304978,841.5698924759429,,,,False,False,not_attempted,0,0,0,0,3,3,1.0,150.43675184112809,1966.0,False,,,False,2,0
proposed,static_live,41,2460.0,41.0,8,recovering,recovering,0 12 32 51,2797,1.572327044025157,0.636,0.44,33.24418629355876,18.683333333333334,6,1,5,0.2317753944969776,0.2317753944969776,124.42212984622908,60.0,2520.0,0.0,0.0,0.0,1139.5955789000727,0.0,0.0,124.42212984622908,2520.0,44.00536154297425,827.3218998920682,,,,False,False,not_attempted,0,0,0,0,1,1,1.0,150.29830977996446,1966.0,False,,,False,1,0
proposed,static_live,42,2520.0,42.0,8,recovering,recovering,0 12 32 51,2797,1.5105740181268883,0.6619999999999999,0.48,33.40337545509262,18.7,5,1,4,2.0831273342950083,2.0831273342950083,126.5052571805241,60.0,2580.0,0.0,0.0,0.0,1139.5955789000727,0.0,0.0,126.5052571805241,2580.0,41.16572252262767,800.7615845635453,,,,False,False,not_attempted,0,0,0,0,5,5,1.0,148.25646136978216,1976.0,False,,,False,1,0
proposed,static_live,43,2580.0,43.0,8,recovering,recovering,0 12 32 51,2797,1.4534883720930234,0.688,0.52,33.551894968932665,18.716666666666665,4,0,4,4.07650004203622,4.07650004203622,130.58175722256033,60.0,2640.0,0.0,0.0,0.0,1139.5955789000727,0.0,0.0,130.58175722256033,2640.0,37.12459169616829,736.7924913326849,,,,False,False,not_attempted,0,0,0,0,8,8,1.0,144.17996132774599,1976.0,False,,,False,1,0
proposed,static_live,44,2640.0,44.0,8,recovering,recovering,0 12 32 51,2797,1.400560224089636,0.714,0.56,33.690782751054904,18.733333333333334,4,0,4,0.09333333333333332,0.09333333333333332,130.67509055589366,60.0,2700.0,0.0,0.0,0.0,1139.5955789000727,0.0,0.0,130.67509055589366,2700.0,31.417722558931224,564.3792985960126,,,,False,False,not_attempted,0,0,0,0,0,0,0.0,144.08662799441265,1976.0,False,,,False,1,0
proposed,static_live,45,2700.0,45.0,9,recovering,recovering,0 12 32 51,2797,1.3513513513513513,0.74,0.6,33.820946324459584,18.75,4,1,3,0.6216826262754562,0.6216826262754562,131.29677318216912,60.0,2760.0,0.0,0.0,0.0,1139.5955789000727,0.0,0.0,131.29677318216912,2760.0,29.807387130837043,557.6566393494369,,,,False,False,not_attempted,0,0,0,0,4,4,1.0,143.4649453681372,1976.0,False,,,False,1,0
proposed,static_live,46,2760.0,46.0,9,recovering,recovering,0 12 32 51,2797,1.3054830287206267,0.766,0.64,33.943182672163054,18.766666666666666,3,0,3,1.5844494068458819,1.5844494068458819,132.881222589015,60.0,2820.0,0.0,0.0,0.0,1139.5955789000727,0.0,0.0,132.881222589015,2820.0,27.451348987601044,534.4813202151886,,,,False,False,not_attempted,0,0,0,0,3,3,1.0,141.8804959612913,1976.0,False,,,False,1,0
proposed,static_live,47,2820.0,47.0,9,recovering,recovering,0 12 32 51,2797,1.2626262626262625,0.792,0.68,34.058194570117074,18.783333333333335,3,0,3,0.09333333333333332,0.09333333333333332,132.97455592234834,60.0,2880.0,0.0,0.0,0.0,1139.5955789000727,0.0,0.0,132.97455592234834,2880.0,24.77329806253532,377.6731632069759,,,,False,False,not_attempted,0,0,0,0,0,0,0.0,141.78716262795797,1976.0,False,,,False,1,0
proposed,static_live,48,2880.0,48.0,9,recovering,recovering,0 12 32 51,2797,1.2224938875305624,0.818,0.72,34.166604107310576,18.8,3,1,2,0.5047547502095138,0.5047547502095138,133.47931067255786,60.0,2940.0,0.0,0.0,0.0,1139.5955789000727,0.0,0.0,133.47931067255786,2940.0,23.56080760836404,373.71178383979856,,,,False,False,not_attempted,0,0,0,0,2,2,1.0,141.28240787774843,1976.0,False,,,False,1,0
proposed,static_live,49,2940.0,49.0,9,recovering,recovering,0 12 32 51,2797,1.1848341232227486,0.8440000000000001,0.76,34.268963942438084,18.816666666666666,2,0,2,0.8616539092552282,0.8616539092552282,134.3409645818131,60.0,3000.0,0.0,0.0,0.0,1139.5955789000727,0.0,0.0,134.3409645818131,3000.0,21.922263671542563,344.7389847267988,,,,False,False,not_attempted,0,0,0,0,2,2,1.0,140.4207539684932,1976.0,False,,,False,1,0
proposed,static_live,50,3000.0,50.0,10,recovering,recovering,0 12 32 51,2797,1.1494252873563218,0.87,0.8,34.365766727216055,18.833333333333332,2,0,2,0.09333333333333332,0.09333333333333332,134.43429791514643,60.0,3060.0,0.0,0.0,0.0,1139.5955789000727,0.0,0.0,134.43429791514643,3060.0,20.05753267293973,209.9468255368163,,,,False,False,not_attempted,0,0,0,0,0,0,0.0,140.32742063515985,1976.0,False,,,False,1,0
proposed,static_live,51,3060.0,51.0,10,recovering,recovering,0 12 32 51,2797,1.1160714285714286,0.896,0.84,34.45745303550113,18.85,2,1,1,1.919330531180532,1.919330531180532,136.35362844632695,60.0,3120.0,0.0,0.0,0.0,1139.5955789000727,0.0,0.0,136.35362844632695,3120.0,19.15808827810606,207.71521443979967,,,,False,False,not_attempted,0,0,0,0,4,1,0.25,138.40809010397933,1976.0,False,,,False,1,0
proposed,static_live,52,3120.0,52.0,10,recovering,recovering,0 12 32 51,2797,1.0845986984815619,0.922,0.88,34.54441806750724,18.866666666666667,1,0,1,0.09333333333333332,0.09333333333333332,136.44696177966028,60.0,3180.0,0.0,0.0,0.0,1139.5955789000727,0.0,0.0,136.44696177966028,3180.0,16.27830638884327,86.88252402291191,,,,False,False,not_attempted,0,0,0,0,0,0,0.0,138.314756770646,1976.0,False,,,False,0,0
proposed,static_live,53,3180.0,53.0,10,recovering,recovering,0 12 32 51,2797,1.0548523206751055,0.9480000000000001,0.92,34.62701734434191,18.883333333333333,1,1,0,14.654209593732586,14.654209593732586,151.10117137339287,126.57936535446929,3306.5793653544692,0.0,0.0,0.0,1139.5955789000727,0.0,0.0,151.10117137339287,3306.5793653544692,15.470232496248817,84.91667673026203,,,,False,False,not_attempted,0,0,0,0,150,89,0.5933333333333334,135.44529714777022,1976.0,True,,,False,0,0
proposed,static_frozen,0,0.0,0.0,0,normal,initial,0 12 32 51,0,1.0,1.0,0.0,34.78037077224997,18.0,84,0,84,18.947812200580838,18.947812200580838,18.947812200580838,60.0,60.0,10.709383900044486,1128.8861950000282,1139.5955789000727,1139.5955789000727,0.0,0.0,18.947812200580838,60.0,124.98723160038621,2771.5048752969888,,,,False,False,initial_plan,0,0,0,0,123,0,0.0,177.2717760608753,0.0,False,,,True,10,10
proposed,static_frozen,1,60.0,1.0,0,normal,normal,0 12 32 51,0,1.0,1.0,0.0,34.78037077224997,18.016666666666666,84,0,84,3.6431287464134887,3.6431287464134887,22.590940946994326,60.0,120.0,0.0,0.0,0.0,1139.5955789000727,0.0,0.0,22.590940946994326,120.0,105.50890338066785,2707.1370397431347,,,,False,False,not_attempted,0,0,0,0,83,0,0.0,176.43141531177028,0.0,False,,,False,9,10
proposed,static_frozen,2,120.0,2.0,0,normal,normal,0 12 32 51,0,1.0,1.0,0.0,34.78037077224997,18.033333333333335,84,3,81,2.150613593169741,0.716871197723247,24.741554540164067,60.0,180.0,0.0,0.0,0.0,1139.5955789000727,0.0,0.0,24.741554540164067,180.0,101.10086336244001,2575.1489099165824,,,,False,False,not_attempted,0,0,0,0,49,0,0.0,176.33808197843695,215.0,False,,,False,8,7
proposed,static_frozen,3,180.0,3.0,0,normal,normal,0 12 32 51,0,1.0,1.0,0.0,34.78037077224997,18.05,81,3,78,3.271356097706687,1.0904520325688958,28.012910637870753,60.0,240.0,0.0,0.0,0.0,1139.5955789000727,0.0,0.0,28.012910637870753,240.0,99.24169389457438,2575.1489099165824,,,,False,False,not_attempted,0,0,0,0,57,0,0.0,176.08417388140913,215.0,False,,,False,8,4
proposed,static_frozen,4,240.0,4.0,0,normal,normal,0 12 32 51,0,1.0,1.0,0.0,34.78037077224997,18.066666666666666,78,1,77,3.7024319427213226,3.7024319427213226,31.715342580592075,60.0,300.0,0.0,0.0,0.0,1139.5955789000727,0.0,0.0,31.715342580592075,300.0,96.4371557706104,2523.292639918653,,,,False,False,not_attempted,0,0,0,0,61,0,0.0,174.23595111138894,249.0,False,,,False,7,3
proposed,static_frozen,5,300.0,5.0,1,normal,normal,0 12 32 51,0,1.0,1.0,0.0,34.78037077224997,18.083333333333332,77,2,75,2.7190972354339418,1.3595486177169709,34.434439816026014,60.0,360.0,0.0,0.0,0.0,1139.5955789000727,0.0,0.0,34.434439816026014,360.0,92.79090225860935,2353.701123446594,,,,False,False,not_attempted,0,0,0,0,41,0,0.0,174.1426177780556,402.0,False,,,False,7,3
proposed,static_frozen,6,360.0,6.0,1,normal,normal,0 12 32 51,0,1.0,1.0,0.0,34.78037077224997,18.1,75,3,72,4.611279417259635,1.5370931390865452,39.04571923328565,60.0,420.0,0.0,0.0,0.0,1139.5955789000727,0.0,0.0,39.04571923328565,420.0,90.05551392370413,2353.701123446594,,,,False,False,not_attempted,0,0,0,0,41,0,0.0,173.80269504982573,402.0,False,,,False,7,2
proposed,static_frozen,7,420.0,7.0,1,normal,normal,0 12 32 51,0,1.0,1.0,0.0,34.78037077224997,18.116666666666667,72,1,71,5.191142058140224,5.191142058140224,44.236861291425875,60.0,480.0,0.0,0.0,0.0,1139.5955789000727,0.0,0.0,44.236861291425875,480.0,85.29960763845678,2350.428994697508,,,,False,False,not_attempted,0,0,0,0,51,0,0.0,171.7315048732715,402.0,False,,,False,7,1
proposed,static_frozen,8,480.0,8.0,1,normal,normal,0 12 32 51,0,1.0,1.0,0.0,34.78037077224997,18.133333333333333,71,2,69,2.4943949123933358,1.2471974561966679,46.731256203819214,60.0,540.0,0.0,0.0,0.0,1139.5955789000727,0.0,0.0,46.731256203819214,540.0,79.97940923294234,2176.3863390623183,,,,False,False,not_attempted,0,0,0,0,19,0,0.0,171.63817153993816,422.0,False,,,False,7,0
proposed,static_frozen,9,540.0,9.0,1,normal,normal,0 12 32 51,0,1.0,1.0,0.0,34.78037077224997,18.15,69,4,65,2.2682353970901716,0.5670588492725429,48.99949160090939,60.0,600.0,0.0,0.0,0.0,1139.5955789000727,0.0,0.0,48.99949160090939,600.0,77.62879857543831,2176.3863390623183,,,,False,False,not_attempted,0,0,0,0,19,0,0.0,171.54640459197284,574.0,False,,,False,7,0
proposed,static_frozen,10,600.0,10.0,2,degrading,degrading,0 12 32 51,0,1.0,1.0,0.0,34.78037077224997,18.166666666666668,65,1,64,2.2646830485948937,2.2646830485948937,51.264174649504284,60.0,660.0,0.0,0.0,0.0,1139.5955789000727,0.0,0.0,51.264174649504284,660.0,75.37762181306358,2157.509480549697,,,,False,False,not_attempted,0,0,0,0,29,0,0.0,171.29011539682318,574.0,False,,,False,7,0
proposed,static_frozen,11,660.0,11.0,2,degrading,degrading,0 12 32 51,2797,1.06951871657754,0.935,0.0,34.58624261731833,18.183333333333334,64,2,62,3.1921425970056516,1.5960712985028258,54.45631724650993,60.0,720.0,0.0,0.0,0.0,1139.5955789000727,0.0,0.0,54.45631724650993,720.0,77.53423483811444,2037.7962437120516,,,,False,False,not_attempted,0,0,0,0,39,9,0.23076923076923078,171.19678206348985,700.0,False,,,False,7,0
proposed,static_frozen,12,720.0,12.0,2,degrading,degrading,0 12 32 51,2797,1.1494252873563218,0.87,0.0,34.365766727216055,18.2,62,3,59,3.682701389720564,1.2275671299068547,58.139018636230496,60.0,780.0,0.0,0.0,0.0,1139.5955789000727,0.0,0.0,58.139018636230496,780.0,79.31093112874478,2066.114802050076,,,,False,False,not_attempted,0,0,0,0,40,6,0.15,169.9712503230566,791.0,False,,,False,7,0
proposed,static_frozen,13,780.0,13.0,2,degrading,degrading,0 12 32 51,2797,1.2422360248447206,0.8049999999999999,0.0,34.11318858383695,18.216666666666665,59,1,58,3.5498749302320034,3.5498749302320034,61.6888935664625,60.0,840.0,0.0,0.0,0.0,1139.5955789000727,0.0,0.0,61.6888935664625,840.0,81.20580768864957,2073.8571148896754,,,,False,False,not_attempted,0,0,0,0,47,3,0.06382978723404255,168.5742888930247,791.0,False,,,False,7,0
proposed,static_frozen,14,840.0,14.0,2,degrading,degrading,0 12 32 51,2797,1.3513513513513513,0.74,0.0,33.820946324459584,18.233333333333334,58,2,56,2.5342068873062287,1.2671034436531143,64.22310045376872,60.0,900.0,0.0,0.0,0.0,1139.5955789000727,0.0,0.0,64.22310045376872,900.0,84.2522612188614,2105.437634015488,,,,False,False,not_attempted,0,0,0,0,42,8,0.19047619047619047,168.15686244557824,848.0,False,,,False,7,0
proposed,static_frozen,15,900.0,15.0,3,degrading,degrading,0 12 32 51,2797,1.4814814814814814,0.675,0.0,33.47890073173456,18.25,56,2,54,1.722331211144017,0.8611656055720085,65.94543166491275,60.0,960.0,0.0,0.0,0.0,1139.5955789000727,0.0,0.0,65.94543166491275,960.0,89.45089533719924,2014.3857234186912,,,,False,False,not_attempted,0,0,0,0,34,0,0.0,168.0635291122449,848.0,False,,,False,7,0
proposed,static_frozen,16,960.0,16.0,3,degrading,degrading,0 12 32 51,2797,1.639344262295082,0.61,0.0,33.073134884250216,18.266666666666666,54,2,52,2.038917801412044,1.019458900706022,67.98434946632479,60.0,1020.0,0.0,0.0,0.0,1139.5955789000727,0.0,0.0,67.98434946632479,1020.0,96.81942439810263,2068.993214828555,,,,False,False,not_attempted,0,0,0,0,28,0,0.0,167.08289017604287,907.0,False,,,False,7,0
proposed,static_frozen,17,1020.0,17.0,3,degrading,degrading,0 12 32 51,2797,1.8348623853211008,0.545,0.0,32.58401405704252,18.283333333333335,52,4,48,3.745813523949311,0.9364533809873278,71.7301629902741,60.0,1080.0,0.0,0.0,0.0,1139.5955789000727,0.0,0.0,71.7301629902741,1080.0,105.98797362626392,2311.269004685744,,,,False,False,not_attempted,0,0,0,0,41,0,0.0,166.46306654949578,930.0,False,,,False,7,0
proposed,static_frozen,18,1080.0,18.0,3,degrading,degrading,0 12 32 51,2797,2.0833333333333335,0.48,0.0,31.982913113523583,18.3,48,1,47,3.0352934097043702,3.0352934097043702,74.76545639997846,60.0,1140.0,0.0,0.0,0.0,1139.5955789000727,0.0,0.0,74.76545639997846,1140.0,115.57392927579443,2263.625865870116,,,,False,False,not_attempted,0,0,0,0,35,2,0.05714285714285714,166.36973321616244,930.0,False,,,False,7,0
proposed,static_frozen,19,1140.0,19.0,3,degrading,degrading,0 12 32 51,2797,2.409638554216868,0.4149999999999999,0.0,31.226405631426534,18.316666666666666,47,2,45,1.6825675060822607,0.8412837530411303,76.44802390606073,60.0,1200.0,0.0,0.0,0.0,1139.5955789000727,0.0,0.0,76.44802390606073,1200.0,129.88284815505926,2380.602077142662,,,,False,False,not_attempted,0,0,0,0,7,0,0.0,165.7503132487021,988.0,False,,,False,7,0
proposed,static_frozen,20,1200.0,20.0,4,disrupted,holding,0 12 32 51,2797,2.857142857142857,0.35,0.0,30.24527695785376,18.333333333333332,45,5,40,1.2008578198674273,0.24017156397348546,77.64888172592815,60.0,1260.0,0.0,0.0,0.0,1139.5955789000727,0.0,0.0,77.64888172592815,1260.0,152.38232656661324,2403.164365234014,,,,False,False,not_attempted,0,0,0,0,33,0,0.0,165.65697991536877,1072.0,False,,,False,7,0
proposed,static_frozen,21,1260.0,21.0,4,disrupted,disrupted,0 12 32 51,2797,2.857142857142857,0.35,0.0,30.24527695785376,18.35,40,2,38,1.9697205103277051,0.9848602551638526,79.61860223625585,60.0,1320.0,0.0,0.0,0.0,1139.5955789000727,0.0,0.0,79.61860223625585,1320.0,151.25077700520131,2403.164365234014,,,,False,False,not_attempted,0,0,0,0,27,0,0.0,165.32368468334354,1171.0,False,,,False,6,0
proposed,static_frozen,22,1320.0,22.0,4,disrupted,disrupted,0 12 32 51,2797,2.857142857142857,0.35,0.0,30.24527695785376,18.366666666666667,38,2,36,1.1369203283166285,0.5684601641583142,80.75552256457249,60.0,1380.0,0.0,0.0,0.0,1139.5955789000727,0.0,0.0,80.75552256457249,1380.0,148.94719305401685,2367.760246240879,,,,False,False,not_attempted,0,0,0,0,31,0,0.0,165.03699232660028,1215.0,False,,,False,6,0
proposed,static_frozen,23,1380.0,23.0,4,disrupted,disrupted,0 12 32 51,2797,2.857142857142857,0.35,0.0,30.24527695785376,18.383333333333333,36,2,34,1.0983325653615899,0.5491662826807949,81.85385512993408,60.0,1440.0,0.0,0.0,0.0,1139.5955789000727,0.0,0.0,81.85385512993408,1440.0,148.23794031028305,2236.6019443415184,,,,False,False,not_attempted,0,0,0,0,17,0,0.0,164.94365899326695,1215.0,False,,,False,6,0
proposed,static_frozen,24,1440.0,24.0,4,disrupted,disrupted,0 12 32 51,2797,2.857142857142857,0.35,0.0,30.24527695785376,18.4,34,2,32,1.9172220353924356,0.9586110176962178,83.77107716532652,60.0,1500.0,0.0,0.0,0.0,1139.5955789000727,0.0,0.0,83.77107716532652,1500.0,147.16014797297754,2236.6019443415184,,,,False,False,not_attempted,0,0,0,0,22,2,0.09090909090909091,164.23464655132656,1215.0,False,,,False,6,0
proposed,static_frozen,25,1500.0,25.0,5,disrupted,disrupted,0 12 32 51,2797,2.857142857142857,0.35,0.0,30.24527695785376,18.416666666666668,32,2,30,2.529144486612068,1.264572243306034,86.30022165193859,60.0,1560.0,0.0,0.0,0.0,1139.5955789000727,0.0,0.0,86.30022165193859,1560.0,145.4471857833063,2189.4963978602873,,,,False,False,not_attempted,0,0,0,0,32,1,0.03125,163.34605771586985,1215.0,False,,,False,6,0
proposed,static_frozen,26,1560.0,26.0,5,disrupted,disrupted,0 12 32 51,2797,2.857142857142857,0.35,0.0,30.24527695785376,18.433333333333334,30,1,29,1.2188616420526135,1.2188616420526135,87.5190832939912,60.0,1620.0,0.0,0.0,0.0,1139.5955789000727,0.0,0.0,87.5190832939912,1620.0,143.1529319389857,2048.9436169315404,,,,False,False,not_attempted,0,0,0,0,55,0,0.0,163.2527243825365,1373.0,False,,,False,6,0
proposed,static_frozen,27,1620.0,27.0,5,disrupted,disrupted,0 12 32 51,2797,2.857142857142857,0.35,0.0,30.24527695785376,18.45,29,2,27,5.04087169611825,2.520435848059125,92.55995499010945,60.0,1680.0,0.0,0.0,0.0,1139.5955789000727,0.0,0.0,92.55995499010945,1680.0,141.96395599034014,2048.9436169315404,,,,False,False,not_attempted,0,0,0,0,39,6,0.15384615384615385,160.30578668440998,1373.0,False,,,False,6,0
proposed,static_frozen,28,1680.0,28.0,5,disrupted,disrupted,0 12 32 51,2797,2.857142857142857,0.35,0.0,30.24527695785376,18.466666666666665,27,2,25,11.093183651330461,5.546591825665231,103.65313864143991,60.0,1740.0,0.0,0.0,0.0,1139.5955789000727,0.0,0.0,103.65313864143991,1740.0,141.1230110735404,1714.6235584069132,,,,False,False,not_attempted,0,0,0,0,27,8,0.2962962962962963,150.07881705766468,1419.0,False,,,False,6,0
proposed,static_frozen,29,1740.0,29.0,5,disrupted,disrupted,0 12 32 51,2797,2.857142857142857,0.35,0.0,30.24527695785376,18.483333333333334,25,2,23,2.911638444096386,1.455819222048193,106.56477708553629,60.0,1800.0,0.0,0.0,0.0,1139.5955789000727,0.0,0.0,106.56477708553629,1800.0,129.79223333558377,1640.4767729434136,,,,False,False,not_attempted,0,0,0,0,10,4,0.4,147.8275114826829,1419.0,False,,,False,6,0
proposed,static_frozen,30,1800.0,30.0,6,recovering,recovering,0 12 32 51,2797,2.857142857142857,0.35,0.0,30.24527695785376,18.5,23,3,20,4.399534431847956,1.466511477282652,110.96431151738425,60.0,1860.0,0.0,0.0,0.0,1139.5955789000727,0.0,0.0,110.96431151738425,1860.0,127.40167591728465,1486.674884039489,,,,False,False,not_attempted,0,0,0,0,43,4,0.09302325581395349,147.73417814934956,1669.0,False,,,False,6,0
proposed,static_frozen,31,1860.0,31.0,6,recovering,recovering,0 12 32 51,2797,2.6595744680851063,0.376,0.04,30.670726715627296,18.516666666666666,20,1,19,2.794327794173088,2.794327794173088,113.75863931155733,60.0,1920.0,0.0,0.0,0.0,1139.5955789000727,0.0,0.0,113.75863931155733,1920.0,112.98391648480899,1434.5619769543923,,,,False,False,not_attempted,0,0,0,0,15,3,0.2,147.2483915243476,1669.0,False,,,False,6,0
proposed,static_frozen,32,1920.0,32.0,6,recovering,recovering,0 12 32 51,2797,2.4875621890547266,0.40199999999999997,0.08,31.0510110649113,18.533333333333335,19,2,17,2.5645802919579967,1.2822901459789984,116.32321960351533,60.0,1980.0,0.0,0.0,0.0,1139.5955789000727,0.0,0.0,116.32321960351533,1980.0,101.8590629417224,1370.7371923218107,,,,False,False,not_attempted,0,0,0,0,9,2,0.2222222222222222,145.41512696506706,1762.0,False,,,False,6,0
proposed,static_frozen,33,1980.0,33.0,6,recovering,recovering,0 12 32 51,2797,2.336448598130841,0.428,0.12,31.392959580447428,18.55,17,3,14,3.394457678727128,1.1314858929090426,119.71767728224245,60.0,2040.0,0.0,0.0,0.0,1139.5955789000727,0.0,0.0,119.71767728224245,2040.0,92.51060082647557,1176.7624013709699,,,,False,False,not_attempted,0,0,0,0,35,4,0.11428571428571428,145.32179363173373,1820.0,False,,,False,6,0
proposed,static_frozen,34,2040.0,34.0,6,recovering,recovering,0 12 32 51,2797,2.2026431718061676,0.45399999999999996,0.16,31.702090954731577,18.566666666666666,14,2,12,2.9484888034066845,1.4742444017033423,122.66616608564914,60.0,2100.0,0.0,0.0,0.0,1139.5955789000727,0.0,0.0,122.66616608564914,2100.0,83.75803644086045,1144.4788583872364,,,,False,False,not_attempted,0,0,0,0,21,9,0.42857142857142855,145.00677044408582,1820.0,False,,,False,5,0
proposed,static_frozen,35,2100.0,35.0,7,recovering,recovering,0 12 32 51,2797,2.0833333333333335,0.48,0.2,31.982913113523583,18.583333333333332,12,2,10,4.399721875722232,2.199860937861116,127.06588796137137,60.0,2160.0,0.0,0.0,0.0,1139.5955789000727,0.0,0.0,127.06588796137137,2160.0,75.4003063914232,1081.523151460639,,,,False,False,not_attempted,0,0,0,0,11,11,1.0,143.30702571449922,1929.0,False,,,False,5,0
proposed,static_frozen,36,2160.0,36.0,7,recovering,recovering,0 12 32 51,2797,1.976284584980237,0.506,0.24,32.23914449062352,18.6,10,0,10,3.3821441873945233,3.3821441873945233,130.4480321487659,60.0,2220.0,0.0,0.0,0.0,1139.5955789000727,0.0,0.0,130.4480321487659,2220.0,66.44755685566274,913.2040686288616,,,,False,False,not_attempted,0,0,0,0,10,10,1.0,143.21369238116588,1929.0,False,,,False,4,0
proposed,static_frozen,37,2220.0,37.0,7,recovering,recovering,0 12 32 51,2797,1.8796992481203008,0.532,0.28,32.47387961181962,18.616666666666667,10,2,8,1.7831060016789162,0.8915530008394581,132.2311381504448,60.0,2280.0,0.0,0.0,0.0,1139.5955789000727,0.0,0.0,132.2311381504448,2280.0,59.24533613972264,892.6698358030718,,,,False,False,not_attempted,0,0,0,0,6,6,1.0,142.68766041398595,1966.0,False,,,False,3,0
proposed,static_frozen,38,2280.0,38.0,7,recovering,recovering,0 12 32 51,2797,1.7921146953405016,0.558,0.32,32.6897146821153,18.633333333333333,8,2,6,3.8691478739521354,1.9345739369760677,136.10028602439692,60.0,2340.0,0.0,0.0,0.0,1139.5955789000727,0.0,0.0,136.10028602439692,2340.0,54.127817773245,858.1143249049206,,,,False,False,not_attempted,0,0,0,0,13,13,1.0,140.4787861678067,1966.0,False,,,False,2,0
proposed,static_frozen,39,2340.0,39.0,7,recovering,recovering,0 12 32 51,2797,1.7123287671232879,0.584,0.36,32.888844011416055,18.65,6,1,5,5.662150679568434,5.662150679568434,141.76243670396536,60.0,2400.0,0.0,0.0,0.0,1139.5955789000727,0.0,0.0,141.76243670396536,2400.0,47.16778648645824,780.20009991912,,,,False,False,not_attempted,0,0,0,0,10,10,1.0,135.45582853865065,1966.0,False,,,False,2,0
proposed,static_frozen,40,2400.0,40.0,8,recovering,recovering,0 12 32 51,2797,1.639344262295082,0.61,0.4,33.073134884250216,18.666666666666668,5,0,5,0.2748734656910238,0.2748734656910238,142.0373101696564,60.0,2460.0,0.0,0.0,0.0,1139.5955789000727,0.0,0.0,142.0373101696564,2460.0,39.452332700960085,717.0007270711997,,,,False,False,not_attempted,0,0,0,0,0,0,0.0,135.27428840629298,1966.0,False,,,False,1,0
proposed,static_frozen,41,2460.0,41.0,8,recovering,recovering,0 12 32 51,2797,1.572327044025157,0.636,0.44,33.24418629355876,18.683333333333334,5,1,4,0.13340287140893203,0.13340287140893203,142.1707130410653,60.0,2520.0,0.0,0.0,0.0,1139.5955789000727,0.0,0.0,142.1707130410653,2520.0,37.05843378171125,587.8451846453806,,,,False,False,not_attempted,0,0,0,0,0,0,0.0,135.18095507295965,1976.0,False,,,False,1,0
proposed,static_frozen,42,2520.0,42.0,8,recovering,recovering,0 12 32 51,2797,1.5105740181268883,0.6619999999999999,0.48,33.40337545509262,18.7,4,1,3,2.5356880529940886,2.5356880529940886,144.7064010940594,60.0,2580.0,0.0,0.0,0.0,1139.5955789000727,0.0,0.0,144.7064010940594,2580.0,35.02746323121938,579.4088086940973,,,,False,False,not_attempted,0,0,0,0,7,7,1.0,132.64526701996553,1976.0,False,,,False,1,0
proposed,static_frozen,43,2580.0,43.0,8,recovering,recovering,0 12 32 51,2797,1.4534883720930234,0.688,0.52,33.551894968932665,18.716666666666665,3,0,3,0.09333333333333332,0.09333333333333332,144.79973442739274,60.0,2640.0,0.0,0.0,0.0,1139.5955789000727,0.0,0.0,144.79973442739274,2640.0,30.57734068445475,396.5127464764589,,,,False,False,not_attempted,0,0,0,0,0,0,0.0,132.5519336866322,1976.0,False,,,False,1,0
proposed,static_frozen,44,2640.0,44.0,8,recovering,recovering,0 12 32 51,2797,1.400560224089636,0.714,0.56,33.690782751054904,18.733333333333334,3,1,2,0.1892491176243209,0.1892491176243209,144.98898354501705,60.0,2700.0,0.0,0.0,0.0,1139.5955789000727,0.0,0.0,144.98898354501705,2700.0,28.963374994809556,391.2883242252578,,,,False,False,not_attempted,0,0,0,0,1,1,1.0,132.36268456900788,1976.0,False,,,False,1,0
proposed,static_frozen,45,2700.0,45.0,9,recovering,recovering,0 12 32 51,2797,1.3513513513513513,0.74,0.6,33.820946324459584,18.75,2,0,2,1.4181593874971137,1.4181593874971137,146.40714293251418,60.0,2760.0,0.0,0.0,0.0,1139.5955789000727,0.0,0.0,146.40714293251418,2760.0,27.146947633384688,380.173103213238,,,,False,False,not_attempted,0,0,0,0,3,3,1.0,130.94452518151078,1976.0,False,,,False,1,0
proposed,static_frozen,46,2760.0,46.0,9,recovering,recovering,0 12 32 51,2797,1.3054830287206267,0.766,0.64,33.943182672163054,18.766666666666666,2,0,2,0.09333333333333332,0.09333333333333332,146.5004762658475,60.0,2820.0,0.0,0.0,0.0,1139.5955789000727,0.0,0.0,146.5004762658475,2820.0,24.475578320883066,220.3882017400901,,,,False,False,not_attempted,0,0,0,0,0,0,0.0,130.85119184817745,1976.0,False,,,False,1,0
proposed,static_frozen,47,2820.0,47.0,9,recovering,recovering,0 12 32 51,2797,1.2626262626262625,0.792,0.68,34.058194570117074,18.783333333333335,2,1,1,0.8498299244501704,0.8498299244501704,147.3503061902977,60.0,2880.0,0.0,0.0,0.0,1139.5955789000727,0.0,0.0,147.3503061902977,2880.0,23.245417602933696,217.52077835093345,,,,False,False,not_attempted,0,0,0,0,1,1,1.0,130.00136192372727,1976.0,False,,,False,1,0
proposed,static_frozen,48,2880.0,48.0,9,recovering,recovering,0 12 32 51,2797,1.2224938875305624,0.818,0.72,34.166604107310576,18.8,1,0,1,1.2192987214472086,1.2192987214472086,148.5696049117449,60.0,2940.0,0.0,0.0,0.0,1139.5955789000727,0.0,0.0,148.5696049117449,2940.0,21.173171387390415,192.9567337840578,,,,False,False,not_attempted,0,0,0,0,3,0,0.0,128.78206320228009,1976.0,False,,,False,1,0
proposed,static_frozen,49,2940.0,49.0,9,recovering,recovering,0 12 32 51,2797,1.1848341232227486,0.8440000000000001,0.76,34.268963942438084,18.816666666666666,1,0,1,0.09333333333333332,0.09333333333333332,148.66293824507824,60.0,3000.0,0.0,0.0,0.0,1139.5955789000727,0.0,0.0,148.66293824507824,3000.0,18.945691562809923,92.51679773912157,,,,False,False,not_attempted,0,0,0,0,0,0,0.0,128.68872986894675,1976.0,False,,,False,0,0
proposed,static_frozen,50,3000.0,50.0,10,recovering,recovering,0 12 32 51,2797,1.1494252873563218,0.87,0.8,34.365766727216055,18.833333333333332,1,1,0,16.97576394679976,16.97576394679976,165.638702191878,95.70683854858541,3095.7068385485854,0.0,0.0,0.0,1139.5955789000727,0.0,0.0,165.638702191878,3095.7068385485854,17.992675061308987,90.52645277117318,,,,False,False,not_attempted,0,0,0,0,150,105,0.7,125.45668777739527,1976.0,True,,,False,0,0
nn,adaptive,0,0.0,0.0,0,normal,initial,0 12 32 51,0,1.0,1.0,0.0,34.78037077224997,18.0,84,0,84,16.660400703942315,16.660400703942315,16.660400703942315,60.0,60.0,9.957765099941753,0.252319399965927,10.21008449990768,10.21008449990768,0.0,0.0,16.660400703942315,60.0,162.58793156149096,2761.487785832027,,,,False,False,initial_plan,0,0,0,0,97,0,0.0,177.83388229329896,0.0,False,,,True,10,10
nn,adaptive,1,60.0,1.0,0,normal,normal,0 12 32 51,0,1.0,1.0,0.0,34.78037077224997,18.016666666666666,84,0,84,2.671835477730445,2.671835477730445,19.332236181672762,60.0,120.0,0.0,0.0,0.0,10.21008449990768,0.0,0.0,19.332236181672762,120.0,144.89809698360446,2603.2770542730404,,,,False,False,not_attempted,0,0,0,0,24,0,0.0,177.65141542411558,0.0,False,,,False,9,10
nn,adaptive,2,120.0,2.0,0,normal,normal,0 12 32 51,0,1.0,1.0,0.0,34.78037077224997,18.033333333333335,84,6,78,2.2336491502253266,0.37227485837088775,21.565885331898087,60.0,180.0,0.0,0.0,0.0,10.21008449990768,0.0,0.0,21.565885331898087,180.0,142.35879798598543,2603.2770542730404,,,,False,False,not_attempted,0,0,0,0,25,0,0.0,177.33697396192156,239.0,False,,,False,9,4
nn,adaptive,3,180.0,3.0,0,normal,normal,0 12 32 51,0,1.0,1.0,0.0,34.78037077224997,18.05,78,4,74,4.632857667324735,1.1582144168311836,26.198742999222823,60.0,240.0,0.0,0.0,0.0,10.21008449990768,0.0,0.0,26.198742999222823,240.0,140.51455427701427,2575.2504365841983,,,,False,False,not_attempted,0,0,0,0,75,0,0.0,176.58965573332028,239.0,False,,,False,9,0
nn,adaptive,4,240.0,4.0,0,normal,normal,0 12 32 51,0,1.0,1.0,0.0,34.78037077224997,18.066666666666666,74,0,74,2.1890984112485845,2.1890984112485845,28.387841410471406,60.0,300.0,0.0,0.0,0.0,10.21008449990768,0.0,0.0,28.387841410471406,300.0,135.7776609100203,2453.4542174026838,,,,False,False,not_attempted,0,0,0,0,38,0,0.0,176.38162922177597,239.0,False,,,False,9,0
nn,adaptive,5,300.0,5.0,1,normal,normal,0 12 32 51,0,1.0,1.0,0.0,34.78037077224997,18.083333333333332,74,3,71,4.763597379502395,1.587865793167465,33.1514387899738,60.0,360.0,10.695726200006902,0.17328870005439967,10.869014900061302,21.07909939996898,0.0,0.0,33.1514387899738,360.0,128.7959290546367,2784.3357844494485,133.8378687044175,128.7959290546367,5.041939649780801,True,True,lower_residual_energy,2,25,2,25,105,0,0.0,175.72436508422112,402.0,False,,,True,9,0
nn,adaptive,6,360.0,6.0,1,normal,normal,0 12 32 51,0,1.0,1.0,0.0,34.78037077224997,18.1,71,2,69,4.485811166703238,2.242905583351619,37.63724995667704,60.0,420.0,0.0,0.0,0.0,21.07909939996898,0.0,0.0,37.63724995667704,420.0,123.61361357332132,2717.1313092372607,,,,False,False,not_attempted,0,0,0,0,59,0,0.0,173.98774183949396,422.0,False,,,False,9,0
nn,adaptive,7,420.0,7.0,1,normal,normal,0 12 32 51,0,1.0,1.0,0.0,34.78037077224997,18.116666666666667,69,3,66,2.9812824839435574,0.9937608279811858,40.6185324406206,60.0,480.0,0.0,0.0,0.0,21.07909939996898,0.0,0.0,40.6185324406206,480.0,118.92085678662227,2561.270737883113,,,,False,False,not_attempted,0,0,0,0,37,0,0.0,172.73804103501027,477.0,False,,,False,8,0
nn,adaptive,8,480.0,8.0,1,normal,normal,0 12 32 51,0,1.0,1.0,0.0,34.78037077224997,18.133333333333333,66,4,62,2.178098861828392,0.544524715457098,42.796631302448986,60.0,540.0,0.0,0.0,0.0,21.07909939996898,0.0,0.0,42.796631302448986,540.0,116.30503232303343,2561.270737883113,,,,False,False,not_attempted,0,0,0,0,45,0,0.0,172.64470770167694,647.0,False,,,False,8,0
nn,adaptive,9,540.0,9.0,1,normal,normal,0 12 32 51,0,1.0,1.0,0.0,34.78037077224997,18.15,62,2,60,1.8453221570217784,0.9226610785108892,44.64195345947076,60.0,600.0,0.0,0.0,0.0,21.07909939996898,0.0,0.0,44.64195345947076,600.0,114.16194557950111,2541.1547650102475,,,,False,False,not_attempted,0,0,0,0,56,0,0.0,172.53888579406538,647.0,False,,,False,7,0
nn,adaptive,10,600.0,10.0,2,degrading,degrading,0 12 32 51,0,1.0,1.0,0.0,34.78037077224997,18.166666666666668,60,3,57,3.0870488429308645,1.0290162809769547,47.729002302401625,60.0,660.0,5.8200093917548656e-05,0.11003630002960563,0.11009450012352318,21.189193900092505,0.0,0.0,47.729002302401625,660.0,112.11863421063464,2395.4798719351247,112.11863421063464,113.9377236595066,-1.8190894488719636,True,False,incumbent_not_worse,5,31,0,0,64,0,0.0,172.28418379893967,647.0,False,,,True,7,0
nn,adaptive,11,660.0,11.0,2,degrading,degrading,0 12 32 51,2797,1.06951871657754,0.935,0.0,34.58624261731833,18.183333333333334,57,2,55,1.4863995443005678,0.7431997721502839,49.21540184670219,60.0,720.0,0.0,0.0,0.0,21.189193900092505,0.0,0.0,49.21540184670219,720.0,115.30634862867545,2467.5821954825306,,,,False,False,not_attempted,0,0,0,0,42,0,0.0,172.2499756154787,659.0,False,,,False,7,0
nn,adaptive,12,720.0,12.0,2,degrading,degrading,0 12 32 51,2797,1.1494252873563218,0.87,0.0,34.365766727216055,18.2,55,1,54,1.1545658527334912,1.1545658527334912,50.36996769943568,60.0,780.0,0.0,0.0,0.0,21.189193900092505,0.0,0.0,50.36996769943568,780.0,119.77670277284525,2336.0948080166268,,,,False,False,not_attempted,0,0,0,0,26,1,0.038461538461538464,172.0431283184309,743.0,False,,,False,7,0
nn,adaptive,13,780.0,13.0,2,degrading,degrading,0 12 32 51,2797,1.2422360248447206,0.8049999999999999,0.0,34.11318858383695,18.216666666666665,54,4,50,3.45072884890463,0.8626822122261575,53.820696548340315,60.0,840.0,0.0,0.0,0.0,21.189193900092505,0.0,0.0,53.820696548340315,840.0,126.20758649164122,2288.372808586394,,,,False,False,not_attempted,0,0,0,0,34,9,0.2647058823529412,171.06531426806038,843.0,False,,,False,7,0
nn,adaptive,14,840.0,14.0,2,degrading,degrading,0 12 32 51,2797,1.3513513513513513,0.74,0.0,33.820946324459584,18.233333333333334,50,0,50,3.6519720256885257,3.6519720256885257,57.472668574028845,60.0,900.0,0.0,0.0,0.0,21.189193900092505,0.0,0.0,57.472668574028845,900.0,130.77879809222864,2280.9080492583494,,,,False,False,not_attempted,0,0,0,0,43,4,0.09302325581395349,169.89259805939562,843.0,False,,,False,7,0
nn,adaptive,15,900.0,15.0,3,degrading,degrading,0 12 32 51,2797,1.4814814814814814,0.675,0.0,33.47890073173456,18.25,50,2,48,4.110696899489066,2.055348449744533,61.58336547351791,60.0,960.0,10.780258200014941,0.07932050002273172,10.859578700037673,32.04877260013018,0.0,0.0,61.58336547351791,960.0,129.3200897969984,2033.471190419391,136.21374668323054,129.3200897969984,6.893656886232151,True,True,lower_residual_energy,3,12,3,12,43,8,0.18604651162790697,168.41466717819628,853.0,False,,,True,8,0
nn,adaptive,16,960.0,16.0,3,degrading,degrading,0 12 32 51,2797,1.639344262295082,0.61,0.0,33.073134884250216,18.266666666666666,48,2,46,2.345702569460351,1.1728512847301755,63.92906804297826,60.0,1020.0,0.0,0.0,0.0,32.04877260013018,0.0,0.0,63.92906804297826,1020.0,132.8068471767492,1905.0756633087733,,,,False,False,not_attempted,0,0,0,0,18,0,0.0,168.16628675541662,1087.0,False,,,False,8,0
nn,adaptive,17,1020.0,17.0,3,degrading,degrading,0 12 32 51,2797,1.8348623853211008,0.545,0.0,32.58401405704252,18.283333333333335,46,4,42,5.0964373760100035,1.2741093440025009,69.02550541898826,60.0,1080.0,0.0,0.0,0.0,32.04877260013018,0.0,0.0,69.02550541898826,1080.0,140.96088400075945,1908.8324593069956,,,,False,False,not_attempted,0,0,0,0,92,0,0.0,167.7761955866882,1087.0,False,,,False,8,0
nn,adaptive,18,1080.0,18.0,3,degrading,degrading,0 12 32 51,2797,2.0833333333333335,0.48,0.0,31.982913113523583,18.3,42,1,41,2.958603570103749,2.958603570103749,71.98410898909201,60.0,1140.0,0.0,0.0,0.0,32.04877260013018,0.0,0.0,71.98410898909201,1140.0,147.42819600799314,1751.0870675088836,,,,False,False,not_attempted,0,0,0,0,46,1,0.021739130434782608,167.68286225335487,1087.0,False,,,False,8,0
nn,adaptive,19,1140.0,19.0,3,degrading,degrading,0 12 32 51,2797,2.409638554216868,0.4149999999999999,0.0,31.226405631426534,18.316666666666666,41,2,39,3.694195284570902,1.847097642285451,75.6783042736629,60.0,1200.0,0.0,0.0,0.0,32.04877260013018,0.0,0.0,75.6783042736629,1200.0,158.8871905280073,1757.3568809105354,,,,False,False,not_attempted,0,0,0,0,14,2,0.14285714285714285,167.403340337885,1116.0,False,,,False,7,0
nn,adaptive,20,1200.0,20.0,4,disrupted,holding,0 12 32 51,2797,2.857142857142857,0.35,0.0,30.24527695785376,18.333333333333332,39,4,35,4.159788336420444,1.039947084105111,79.83809261008335,60.0,1260.0,10.887355900020339,0.04973019997123629,10.937086099991575,42.98585870012175,0.0,0.0,79.83809261008335,1260.0,177.62897998857557,1744.4705249242465,177.62897998857557,188.38272400719327,-10.75374401861771,True,False,incumbent_not_worse,1,2,0,0,42,4,0.09523809523809523,166.87062560046107,1270.0,False,,,True,7,0
nn,adaptive,21,1260.0,21.0,4,disrupted,disrupted,0 12 32 51,2797,2.857142857142857,0.35,0.0,30.24527695785376,18.35,35,0,35,3.971988388708973,3.971988388708973,83.81008099879233,60.0,1320.0,0.0,0.0,0.0,42.98585870012175,0.0,0.0,83.81008099879233,1320.0,172.32178996154025,1624.4705249242465,,,,False,False,not_attempted,0,0,0,0,11,3,0.2727272727272727,166.77729226712773,1270.0,False,,,False,7,0
nn,adaptive,22,1320.0,22.0,4,disrupted,disrupted,0 12 32 51,2797,2.857142857142857,0.35,0.0,30.24527695785376,18.366666666666667,35,4,31,5.185255623303609,1.2963139058259023,88.99533662209593,60.0,1380.0,0.0,0.0,0.0,42.98585870012175,0.0,0.0,88.99533662209593,1380.0,169.0931948020825,1624.4705249242465,,,,False,False,not_attempted,0,0,0,0,39,2,0.05128205128205128,165.05998730514088,1351.0,False,,,False,7,0
nn,adaptive,23,1380.0,23.0,4,disrupted,disrupted,0 12 32 51,2797,2.857142857142857,0.35,0.0,30.24527695785376,18.383333333333333,31,2,29,3.935583747208514,1.967791873604257,92.93092036930445,60.0,1440.0,0.0,0.0,0.0,42.98585870012175,0.0,0.0,92.93092036930445,1440.0,163.86971806538074,1577.4686322623638,,,,False,False,not_attempted,0,0,0,0,22,3,0.13636363636363635,164.52964153382572,1351.0,False,,,False,7,0
nn,adaptive,24,1440.0,24.0,4,disrupted,disrupted,0 12 32 51,2797,2.857142857142857,0.35,0.0,30.24527695785376,18.4,29,1,28,1.8921107935111323,1.8921107935111323,94.82303116281558,60.0,1500.0,0.0,0.0,0.0,42.98585870012175,0.0,0.0,94.82303116281558,1500.0,159.44302165982492,1431.9295705153208,,,,False,False,not_attempted,0,0,0,0,8,1,0.125,164.4363082004924,1351.0,False,,,False,7,0
nn,adaptive,25,1500.0,25.0,5,disrupted,disrupted,0 12 32 51,2797,2.857142857142857,0.35,0.0,30.24527695785376,18.416666666666668,28,4,24,3.541345153215096,0.885336288303774,98.36437631603067,60.0,1560.0,5.819997750222683e-05,0.021158499992452562,0.02121669996995479,43.00707540009171,0.0,0.0,98.36437631603067,1560.0,158.37838813347275,1431.9295705153208,158.37838813347275,167.2688745737462,-8.890486440273435,True,False,incumbent_not_worse,1,6,0,0,55,1,0.01818181818181818,163.72811684845422,1567.0,False,,,True,7,0
nn,adaptive,26,1560.0,26.0,5,disrupted,disrupted,0 12 32 51,2797,2.857142857142857,0.35,0.0,30.24527695785376,18.433333333333334,24,1,23,5.74897386775906,5.74897386775906,104.11335018378973,60.0,1620.0,0.0,0.0,0.0,43.00707540009171,0.0,0.0,104.11335018378973,1620.0,154.3699137558555,1294.9191054323542,,,,False,False,not_attempted,0,0,0,0,23,5,0.21739130434782608,159.96255950217576,1567.0,False,,,False,7,0
nn,adaptive,27,1620.0,27.0,5,disrupted,disrupted,0 12 32 51,2797,2.857142857142857,0.35,0.0,30.24527695785376,18.45,23,2,21,3.5246795294053133,1.7623397647026566,107.63802971319505,60.0,1680.0,0.0,0.0,0.0,43.00707540009171,0.0,0.0,107.63802971319505,1680.0,147.59035432284037,1294.9191054323542,,,,False,False,not_attempted,0,0,0,0,9,1,0.1111111111111111,159.69403824978232,1567.0,False,,,False,7,0
nn,adaptive,28,1680.0,28.0,5,disrupted,disrupted,0 12 32 51,2797,2.857142857142857,0.35,0.0,30.24527695785376,18.466666666666665,21,2,19,4.056032973225752,2.028016486612876,111.6940626864208,60.0,1740.0,0.0,0.0,0.0,43.00707540009171,0.0,0.0,111.6940626864208,1740.0,145.10360730625737,1277.0933677047574,,,,False,False,not_attempted,0,0,0,0,56,1,0.017857142857142856,159.600704916449,1655.0,False,,,False,7,0
nn,adaptive,29,1740.0,29.0,5,disrupted,disrupted,0 12 32 51,2797,2.857142857142857,0.35,0.0,30.24527695785376,18.483333333333334,19,1,18,3.929246409471754,3.929246409471754,115.62330909589257,60.0,1800.0,0.0,0.0,0.0,43.00707540009171,0.0,0.0,115.62330909589257,1800.0,141.27939688172174,1220.406426785854,,,,False,False,not_attempted,0,0,0,0,18,2,0.1111111111111111,157.87161218538898,1655.0,False,,,False,7,0
nn,adaptive,30,1800.0,30.0,6,recovering,recovering,0 12 32 51,2797,2.857142857142857,0.35,0.0,30.24527695785376,18.5,18,3,15,3.7503051133072938,1.2501017044357645,119.37361420919986,60.0,1860.0,6.490002851933241e-05,0.007570499903522432,0.007635399932041764,43.01471080002375,0.0,0.0,119.37361420919986,1860.0,137.17948399268914,1160.5120857114453,137.17948399268914,147.93322801130685,-10.75374401861771,True,False,incumbent_not_worse,2,2,0,0,12,2,0.16666666666666666,156.82211603214222,1724.0,False,,,True,6,0
nn,adaptive,31,1860.0,31.0,6,recovering,recovering,0 12 32 51,2797,2.6595744680851063,0.376,0.04,30.670726715627296,18.516666666666666,15,2,13,7.03689549633258,3.51844774816629,126.41050970553243,60.0,1920.0,0.0,0.0,0.0,43.01471080002375,0.0,0.0,126.41050970553243,1920.0,126.03805187448114,1013.2874972980712,,,,False,False,not_attempted,0,0,0,0,45,7,0.15555555555555556,153.45334894886335,1724.0,False,,,False,6,0
nn,adaptive,32,1920.0,32.0,6,recovering,recovering,0 12 32 51,2797,2.4875621890547266,0.40199999999999997,0.08,31.0510110649113,18.533333333333335,13,1,12,5.396840367461152,5.396840367461152,131.8073500729936,60.0,1980.0,0.0,0.0,0.0,43.01471080002375,0.0,0.0,131.8073500729936,1980.0,112.667974296189,1009.9823559050126,,,,False,False,not_attempted,0,0,0,0,16,2,0.125,152.98046563391017,1724.0,False,,,False,6,0
nn,adaptive,33,1980.0,33.0,6,recovering,recovering,0 12 32 51,2797,2.336448598130841,0.428,0.12,31.392959580447428,18.55,12,2,10,3.45981449572439,1.729907247862195,135.267164568718,60.0,2040.0,0.0,0.0,0.0,43.01471080002375,0.0,0.0,135.267164568718,2040.0,102.62790567233093,949.7824698151488,,,,False,False,not_attempted,0,0,0,0,13,5,0.38461538461538464,152.88713230057684,1814.0,False,,,False,6,0
nn,adaptive,34,2040.0,34.0,6,recovering,recovering,0 12 32 51,2797,2.2026431718061676,0.45399999999999996,0.16,31.702090954731577,18.566666666666666,10,2,8,11.517729920682585,5.758864960341293,146.78489448940059,60.0,2100.0,0.0,0.0,0.0,43.01471080002375,0.0,0.0,146.78489448940059,2100.0,94.77100089356856,907.1832686715684,,,,False,False,not_attempted,0,0,0,0,79,7,0.08860759493670886,150.56629694256767,1814.0,False,,,False,6,0
nn,adaptive,35,2100.0,35.0,7,recovering,recovering,0 12 32 51,2797,2.0833333333333335,0.48,0.2,31.982913113523583,18.583333333333332,8,0,8,4.147066629366881,4.147066629366881,150.93196111876748,60.0,2160.0,10.79645970009733,0.0018284000689163804,10.798288100166246,53.812998900189996,0.0,0.0,150.93196111876748,2160.0,79.94136450458245,844.1730329661566,79.94136450458245,79.94136450458245,0.0,True,False,incumbent_not_worse,0,0,0,0,47,2,0.0425531914893617,149.51469969719395,1814.0,False,,,True,4,0
nn,adaptive,36,2160.0,36.0,7,recovering,recovering,0 12 32 51,2797,1.976284584980237,0.506,0.24,32.23914449062352,18.6,8,2,6,0.47981962993562216,0.23990981496781108,151.4117807487031,60.0,2220.0,0.0,0.0,0.0,53.812998900189996,0.0,0.0,151.4117807487031,2220.0,72.45748144296724,674.8306686211415,,,,False,False,not_attempted,0,0,0,0,0,0,0.0,149.4213663638606,1938.0,False,,,False,2,0
nn,adaptive,37,2220.0,37.0,7,recovering,recovering,0 12 32 51,2797,1.8796992481203008,0.532,0.28,32.47387961181962,18.616666666666667,6,4,2,2.7429052333301738,0.6857263083325434,154.15468598203327,60.0,2280.0,0.0,0.0,0.0,53.812998900189996,0.0,0.0,154.15468598203327,2280.0,69.68229728582428,672.974823232558,,,,False,False,not_attempted,0,0,0,0,7,6,0.8571428571428571,146.97060826513373,1938.0,False,,,False,2,0
nn,adaptive,38,2280.0,38.0,7,recovering,recovering,0 12 32 51,2797,1.7921146953405016,0.558,0.32,32.6897146821153,18.633333333333333,2,0,2,0.8948343873720916,0.8948343873720916,155.04952036940537,60.0,2340.0,0.0,0.0,0.0,53.812998900189996,0.0,0.0,155.04952036940537,2340.0,64.6182115196751,659.2774920430234,,,,False,False,not_attempted,0,0,0,0,1,1,1.0,146.1713572851326,1938.0,False,,,False,2,0
nn,adaptive,39,2340.0,39.0,7,recovering,recovering,0 12 32 51,2797,1.7123287671232879,0.584,0.36,32.888844011416055,18.65,2,0,2,0.18666666666666665,0.18666666666666665,155.23618703607204,60.0,2400.0,0.0,0.0,0.0,53.812998900189996,0.0,0.0,155.23618703607204,2400.0,61.5173318669611,537.7444400108033,,,,False,False,not_attempted,0,0,0,0,0,0,0.0,146.07802395179925,1938.0,False,,,False,0,0
nn,adaptive,40,2400.0,40.0,8,recovering,recovering,0 12 32 51,2797,1.639344262295082,0.61,0.4,33.073134884250216,18.666666666666668,2,2,0,53.695827744943706,26.847913872471853,208.93201478101577,545.1497126983315,2945.1497126983313,0.0,0.0,0.0,53.812998900189996,0.0,0.0,208.93201478101577,2945.1497126983313,59.420332126059876,536.3420743813299,,,,False,False,not_attempted,0,0,0,0,844,101,0.11966824644549763,139.4083777313933,1992.0,True,,,False,0,0
nn,static_live,0,0.0,0.0,0,normal,initial,0 12 32 51,0,1.0,1.0,0.0,34.78037077224997,18.0,84,0,84,16.660400703942315,16.660400703942315,16.660400703942315,60.0,60.0,9.957765099941753,0.252319399965927,10.21008449990768,10.21008449990768,0.0,0.0,16.660400703942315,60.0,162.58793156149096,2761.487785832027,,,,False,False,initial_plan,0,0,0,0,97,0,0.0,177.83388229329896,0.0,False,,,True,10,10
nn,static_live,1,60.0,1.0,0,normal,normal,0 12 32 51,0,1.0,1.0,0.0,34.78037077224997,18.016666666666666,84,0,84,2.671835477730445,2.671835477730445,19.332236181672762,60.0,120.0,0.0,0.0,0.0,10.21008449990768,0.0,0.0,19.332236181672762,120.0,144.89809698360446,2603.2770542730404,,,,False,False,not_attempted,0,0,0,0,24,0,0.0,177.65141542411558,0.0,False,,,False,9,10
nn,static_live,2,120.0,2.0,0,normal,normal,0 12 32 51,0,1.0,1.0,0.0,34.78037077224997,18.033333333333335,84,6,78,2.2336491502253266,0.37227485837088775,21.565885331898087,60.0,180.0,0.0,0.0,0.0,10.21008449990768,0.0,0.0,21.565885331898087,180.0,142.35879798598543,2603.2770542730404,,,,False,False,not_attempted,0,0,0,0,25,0,0.0,177.33697396192156,239.0,False,,,False,9,4
nn,static_live,3,180.0,3.0,0,normal,normal,0 12 32 51,0,1.0,1.0,0.0,34.78037077224997,18.05,78,4,74,4.632857667324735,1.1582144168311836,26.198742999222823,60.0,240.0,0.0,0.0,0.0,10.21008449990768,0.0,0.0,26.198742999222823,240.0,140.51455427701427,2575.2504365841983,,,,False,False,not_attempted,0,0,0,0,75,0,0.0,176.58965573332028,239.0,False,,,False,9,0
nn,static_live,4,240.0,4.0,0,normal,normal,0 12 32 51,0,1.0,1.0,0.0,34.78037077224997,18.066666666666666,74,0,74,2.1890984112485845,2.1890984112485845,28.387841410471406,60.0,300.0,0.0,0.0,0.0,10.21008449990768,0.0,0.0,28.387841410471406,300.0,135.7776609100203,2453.4542174026838,,,,False,False,not_attempted,0,0,0,0,38,0,0.0,176.38162922177597,239.0,False,,,False,9,0
nn,static_live,5,300.0,5.0,1,normal,normal,0 12 32 51,0,1.0,1.0,0.0,34.78037077224997,18.083333333333332,74,3,71,4.763597379502395,1.587865793167465,33.1514387899738,60.0,360.0,0.0,0.0,0.0,10.21008449990768,0.0,0.0,33.1514387899738,360.0,133.8378687044175,2453.4542174026838,,,,False,False,not_attempted,0,0,0,0,105,0,0.0,175.72436508422112,402.0,False,,,False,9,0
nn,static_live,6,360.0,6.0,1,normal,normal,0 12 32 51,0,1.0,1.0,0.0,34.78037077224997,18.1,71,2,69,4.5988841917568095,2.2994420958784048,37.75032298173061,60.0,420.0,0.0,0.0,0.0,10.21008449990768,0.0,0.0,37.75032298173061,420.0,128.65555322310212,2295.479016670314,,,,False,False,not_attempted,0,0,0,0,68,0,0.0,173.98774183949396,422.0,False,,,False,9,0
nn,static_live,7,420.0,7.0,1,normal,normal,0 12 32 51,0,1.0,1.0,0.0,34.78037077224997,18.116666666666667,69,3,66,4.0596296318654135,1.353209877288471,41.809952613596025,60.0,480.0,0.0,0.0,0.0,10.21008449990768,0.0,0.0,41.809952613596025,480.0,123.9692432558826,2295.479016670314,,,,False,False,not_attempted,0,0,0,0,59,0,0.0,172.73804103501027,477.0,False,,,False,8,0
nn,static_live,8,480.0,8.0,1,normal,normal,0 12 32 51,0,1.0,1.0,0.0,34.78037077224997,18.133333333333333,66,3,63,2.9617497333409846,0.9872499111136616,44.77170234693701,60.0,540.0,0.0,0.0,0.0,10.21008449990768,0.0,0.0,44.77170234693701,540.0,120.21492095922403,2165.047520150499,,,,False,False,not_attempted,0,0,0,0,53,0,0.0,172.64470770167694,647.0,False,,,False,8,0
nn,static_live,9,540.0,9.0,1,normal,normal,0 12 32 51,0,1.0,1.0,0.0,34.78037077224997,18.15,63,2,61,1.3608862693802408,0.6804431346901204,46.13258861631725,60.0,600.0,0.0,0.0,0.0,10.21008449990768,0.0,0.0,46.13258861631725,600.0,117.0907644351915,2165.047520150499,,,,False,False,not_attempted,0,0,0,0,35,0,0.0,172.53888579406538,647.0,False,,,False,8,0
nn,static_live,10,600.0,10.0,2,degrading,degrading,0 12 32 51,0,1.0,1.0,0.0,34.78037077224997,18.166666666666668,61,4,57,3.361017409988798,0.8402543524971995,49.49360602630605,60.0,660.0,0.0,0.0,0.0,10.21008449990768,0.0,0.0,49.49360602630605,660.0,115.72549646918236,2159.671519313145,,,,False,False,not_attempted,0,0,0,0,46,0,0.0,172.28418379893967,647.0,False,,,False,8,0
nn,static_live,11,660.0,11.0,2,degrading,degrading,0 12 32 51,2797,1.06951871657754,0.935,0.0,34.58624261731833,18.183333333333334,57,1,56,5.294232427588922,5.294232427588922,54.78783845389497,60.0,720.0,0.0,0.0,0.0,10.21008449990768,0.0,0.0,54.78783845389497,720.0,119.51149274959627,2107.674221587336,,,,False,False,not_attempted,0,0,0,0,52,0,0.0,170.6107783742012,659.0,False,,,False,8,0
nn,static_live,12,720.0,12.0,2,degrading,degrading,0 12 32 51,2797,1.1494252873563218,0.87,0.0,34.365766727216055,18.2,56,2,54,1.6657104999176173,0.8328552499588087,56.453548953812586,60.0,780.0,0.0,0.0,0.0,10.21008449990768,0.0,0.0,56.453548953812586,780.0,121.5604527209135,1981.9026060588178,,,,False,False,not_attempted,0,0,0,0,38,1,0.02631578947368421,170.20338483629783,743.0,False,,,False,8,0
nn,static_live,13,780.0,13.0,2,degrading,degrading,0 12 32 51,2797,1.2422360248447206,0.8049999999999999,0.0,34.11318858383695,18.216666666666665,54,2,52,3.275878464384205,1.6379392321921025,59.72942741819679,60.0,840.0,0.0,0.0,0.0,10.21008449990768,0.0,0.0,59.72942741819679,840.0,128.0666251207953,1998.4748287430275,,,,False,False,not_attempted,0,0,0,0,51,2,0.0392156862745098,170.1100515029645,843.0,False,,,False,8,0
nn,static_live,14,840.0,14.0,2,degrading,degrading,0 12 32 51,2797,1.3513513513513513,0.74,0.0,33.820946324459584,18.233333333333334,52,3,49,5.382845417324266,1.7942818057747554,65.11227283552105,60.0,900.0,0.0,0.0,0.0,10.21008449990768,0.0,0.0,65.11227283552105,900.0,133.66988677630064,1975.7592267076695,,,,False,False,not_attempted,0,0,0,0,39,0,0.0,167.71471727564924,843.0,False,,,False,8,0
nn,static_live,15,900.0,15.0,3,degrading,degrading,0 12 32 51,2797,1.4814814814814814,0.675,0.0,33.47890073173456,18.25,49,1,48,3.907637825895598,3.907637825895598,69.01991066141665,60.0,960.0,0.0,0.0,0.0,10.21008449990768,0.0,0.0,69.01991066141665,960.0,137.2437795151866,1962.4249716737586,,,,False,False,not_attempted,0,0,0,0,36,8,0.2222222222222222,166.20343873996322,853.0,False,,,False,8,0
nn,static_live,16,960.0,16.0,3,degrading,degrading,0 12 32 51,2797,1.639344262295082,0.61,0.0,33.073134884250216,18.266666666666666,48,5,43,4.8643750711458535,0.9728750142291707,73.8842857325625,60.0,1020.0,0.0,0.0,0.0,10.21008449990768,0.0,0.0,73.8842857325625,1020.0,143.66345275624653,2054.2045274970615,,,,False,False,not_attempted,0,0,0,0,79,0,0.0,164.72423250848738,1087.0,False,,,False,8,0
nn,static_live,17,1020.0,17.0,3,degrading,degrading,0 12 32 51,2797,1.8348623853211008,0.545,0.0,32.58401405704252,18.283333333333335,43,0,43,2.976887632985473,2.976887632985473,76.86117336554797,60.0,1080.0,0.0,0.0,0.0,10.21008449990768,0.0,0.0,76.86117336554797,1080.0,151.23123778116576,2041.458393823525,,,,False,False,not_attempted,0,0,0,0,54,6,0.1111111111111111,164.47158796189908,1087.0,False,,,False,8,0
nn,static_live,18,1080.0,18.0,3,degrading,degrading,0 12 32 51,2797,2.0833333333333335,0.48,0.0,31.982913113523583,18.3,43,2,41,3.7124529936775006,1.8562264968387503,80.57362635922547,60.0,1140.0,0.0,0.0,0.0,10.21008449990768,0.0,0.0,80.57362635922547,1140.0,161.81556395641311,2252.693240014017,,,,False,False,not_attempted,0,0,0,0,62,5,0.08064516129032258,164.37825462856574,1087.0,False,,,False,8,0
nn,static_live,19,1140.0,19.0,3,degrading,degrading,0 12 32 51,2797,2.409638554216868,0.4149999999999999,0.0,31.226405631426534,18.316666666666666,41,2,39,3.3075624302418767,1.6537812151209383,83.88118878946734,60.0,1200.0,0.0,0.0,0.0,10.21008449990768,0.0,0.0,83.88118878946734,1200.0,174.53535656671252,2180.9025777533016,,,,False,False,not_attempted,0,0,0,0,46,2,0.043478260869565216,164.2614882390681,1087.0,False,,,False,8,0
nn,static_live,20,1200.0,20.0,4,disrupted,holding,0 12 32 51,2797,2.857142857142857,0.35,0.0,30.24527695785376,18.333333333333332,39,3,36,6.441966092649247,2.1473220308830823,90.3231548821166,60.0,1260.0,0.0,0.0,0.0,10.21008449990768,0.0,0.0,90.3231548821166,1260.0,195.4292882585837,2253.249896870416,,,,False,False,not_attempted,0,0,0,0,51,9,0.17647058823529413,164.16815490573475,1270.0,False,,,False,7,0
nn,static_live,21,1260.0,21.0,4,disrupted,disrupted,0 12 32 51,2797,2.857142857142857,0.35,0.0,30.24527695785376,18.35,36,2,34,7.064738528787145,3.5323692643935725,97.38789341090374,60.0,1320.0,0.0,0.0,0.0,10.21008449990768,0.0,0.0,97.38789341090374,1320.0,189.0544329492645,2118.5475296027657,,,,False,False,not_attempted,0,0,0,0,62,7,0.11290322580645161,163.1078631155237,1308.0,False,,,False,7,0
nn,static_live,22,1320.0,22.0,4,disrupted,disrupted,0 12 32 51,2797,2.857142857142857,0.35,0.0,30.24527695785376,18.366666666666667,34,1,33,4.359242324213781,4.359242324213781,101.74713573511752,60.0,1380.0,0.0,0.0,0.0,10.21008449990768,0.0,0.0,101.74713573511752,1380.0,181.3540064748399,2118.5475296027657,,,,False,False,not_attempted,0,0,0,0,63,2,0.031746031746031744,161.22688833254486,1351.0,False,,,False,7,0
nn,static_live,23,1380.0,23.0,4,disrupted,disrupted,0 12 32 51,2797,2.857142857142857,0.35,0.0,30.24527695785376,18.383333333333333,33,1,32,3.0277972577816517,3.0277972577816517,104.77493299289918,60.0,1440.0,0.0,0.0,0.0,10.21008449990768,0.0,0.0,104.77493299289918,1440.0,177.12080516995746,2078.3936035939146,,,,False,False,not_attempted,0,0,0,0,45,0,0.0,160.69613839257985,1351.0,False,,,False,7,0
nn,static_live,24,1440.0,24.0,4,disrupted,disrupted,0 12 32 51,2797,2.857142857142857,0.35,0.0,30.24527695785376,18.4,32,3,29,5.709975602463157,1.9033252008210522,110.48490859536234,60.0,1500.0,0.0,0.0,0.0,10.21008449990768,0.0,0.0,110.48490859536234,1500.0,174.73848017471303,1942.327409537636,,,,False,False,not_attempted,0,0,0,0,51,5,0.09803921568627451,159.6479028702492,1456.0,False,,,False,7,0
nn,static_live,25,1500.0,25.0,5,disrupted,disrupted,0 12 32 51,2797,2.857142857142857,0.35,0.0,30.24527695785376,18.416666666666668,29,2,27,6.44169117745027,3.220845588725135,116.92659977281261,60.0,1560.0,0.0,0.0,0.0,10.21008449990768,0.0,0.0,116.92659977281261,1560.0,168.42108026218833,1942.327409537636,,,,False,False,not_attempted,0,0,0,0,28,5,0.17857142857142858,157.42777899458972,1567.0,False,,,False,7,0
nn,static_live,26,1560.0,26.0,5,disrupted,disrupted,0 12 32 51,2797,2.857142857142857,0.35,0.0,30.24527695785376,18.433333333333334,27,2,25,4.805425540384338,2.402712770192169,121.73202531319694,60.0,1620.0,0.0,0.0,0.0,10.21008449990768,0.0,0.0,121.73202531319694,1620.0,161.27246051251217,1899.2529915196806,,,,False,False,not_attempted,0,0,0,0,16,2,0.125,156.41660543121884,1567.0,False,,,False,7,0
nn,static_live,27,1620.0,27.0,5,disrupted,disrupted,0 12 32 51,2797,2.857142857142857,0.35,0.0,30.24527695785376,18.45,25,2,23,4.895678825056711,2.4478394125283556,126.62770413825365,60.0,1680.0,0.0,0.0,0.0,10.21008449990768,0.0,0.0,126.62770413825365,1680.0,157.4729227208312,1762.5362239368842,,,,False,False,not_attempted,0,0,0,0,36,4,0.1111111111111111,154.54191614790233,1567.0,False,,,False,7,0
nn,static_live,28,1680.0,28.0,5,disrupted,disrupted,0 12 32 51,2797,2.857142857142857,0.35,0.0,30.24527695785376,18.466666666666665,23,3,20,9.790059075849916,3.263353025283305,136.41776321410356,60.0,1740.0,0.0,0.0,0.0,10.21008449990768,0.0,0.0,136.41776321410356,1740.0,152.13184010019185,1762.5362239368842,,,,False,False,not_attempted,0,0,0,0,25,10,0.4,147.3868877082399,1655.0,False,,,False,7,0
nn,static_live,29,1740.0,29.0,5,disrupted,disrupted,0 12 32 51,2797,2.857142857142857,0.35,0.0,30.24527695785376,18.483333333333334,20,1,19,5.447451375595308,5.447451375595308,141.86521458969887,60.0,1800.0,0.0,0.0,0.0,10.21008449990768,0.0,0.0,141.86521458969887,1800.0,142.21442855179765,1624.6739937116026,,,,False,False,not_attempted,0,0,0,0,26,7,0.2692307692307692,147.29355437490656,1655.0,False,,,False,7,0
nn,static_live,30,1800.0,30.0,6,recovering,recovering,0 12 32 51,2797,2.857142857142857,0.35,0.0,30.24527695785376,18.5,19,3,16,8.22783122756652,2.74261040918884,150.0930458172654,60.0,1860.0,0.0,0.0,0.0,10.21008449990768,0.0,0.0,150.0930458172654,1860.0,137.30940134364673,1624.6739937116026,,,,False,False,not_attempted,0,0,0,0,12,9,0.75,145.82868108500884,1724.0,False,,,False,7,0
nn,static_live,31,1860.0,31.0,6,recovering,recovering,0 12 32 51,2797,2.6595744680851063,0.376,0.04,30.670726715627296,18.516666666666666,16,2,14,5.196070108111493,2.5980350540557464,155.28911592537688,60.0,1920.0,0.0,0.0,0.0,10.21008449990768,0.0,0.0,155.28911592537688,1920.0,121.80463188908277,1557.3293029805925,,,,False,False,not_attempted,0,0,0,0,21,4,0.19047619047619047,143.53840694970566,1724.0,False,,,False,7,0
nn,static_live,32,1920.0,32.0,6,recovering,recovering,0 12 32 51,2797,2.4875621890547266,0.40199999999999997,0.08,31.0510110649113,18.533333333333335,14,1,13,5.840003192445892,5.840003192445892,161.12911911782277,60.0,1980.0,0.0,0.0,0.0,10.21008449990768,0.0,0.0,161.12911911782277,1980.0,112.35386731317432,1398.362045588057,,,,False,False,not_attempted,0,0,0,0,30,5,0.16666666666666666,142.40058009058896,1807.0,False,,,False,7,0
nn,static_live,33,1980.0,33.0,6,recovering,recovering,0 12 32 51,2797,2.336448598130841,0.428,0.12,31.392959580447428,18.55,13,2,11,1.4211603506378767,0.7105801753189384,162.55027946846064,60.0,2040.0,0.0,0.0,0.0,10.21008449990768,0.0,0.0,162.55027946846064,2040.0,102.4079681661996,1373.9317482389126,,,,False,False,not_attempted,0,0,0,0,12,1,0.08333333333333333,142.30724675725563,1814.0,False,,,False,6,0
nn,static_live,34,2040.0,34.0,6,recovering,recovering,0 12 32 51,2797,2.2026431718061676,0.45399999999999996,0.16,31.702090954731577,18.566666666666666,11,3,8,2.966411885424737,0.9888039618082457,165.5166913538854,60.0,2100.0,0.0,0.0,0.0,10.21008449990768,0.0,0.0,165.5166913538854,2100.0,97.74601021841525,1314.8249680443873,,,,False,False,not_attempted,0,0,0,0,50,2,0.04,142.26512029004067,1814.0,False,,,False,6,0
nn,static_live,35,2100.0,35.0,7,recovering,recovering,0 12 32 51,2797,2.0833333333333335,0.48,0.2,31.982913113523583,18.583333333333332,8,0,8,4.559925859360888,4.559925859360888,170.07661721324627,60.0,2160.0,0.0,0.0,0.0,10.21008449990768,0.0,0.0,170.07661721324627,2160.0,90.11370511083642,1162.3055598657588,,,,False,False,not_attempted,0,0,0,0,59,0,0.0,142.26512029004067,1814.0,False,,,False,5,0
nn,static_live,36,2160.0,36.0,7,recovering,recovering,0 12 32 51,2797,1.976284584980237,0.506,0.24,32.23914449062352,18.6,8,2,6,1.638925544734938,0.819462772367469,171.7155427579812,60.0,2220.0,0.0,0.0,0.0,10.21008449990768,0.0,0.0,171.7155427579812,2220.0,83.64467134536348,971.5535557861317,,,,False,False,not_attempted,0,0,0,0,5,3,0.6,142.26512029004067,1938.0,False,,,False,2,0
nn,static_live,37,2220.0,37.0,7,recovering,recovering,0 12 32 51,2797,1.8796992481203008,0.532,0.28,32.47387961181962,18.616666666666667,6,3,3,1.831539333290339,0.6105131110967796,173.54708209127156,60.0,2280.0,0.0,0.0,0.0,10.21008449990768,0.0,0.0,173.54708209127156,2280.0,79.38134024752081,911.853829101306,,,,False,False,not_attempted,0,0,0,0,17,0,0.0,142.26512029004067,1996.0,False,,,False,2,0
nn,static_live,38,2280.0,38.0,7,recovering,recovering,0 12 32 51,2797,1.7921146953405016,0.558,0.32,32.6897146821153,18.633333333333333,3,1,2,2.864484379586625,2.864484379586625,176.4115664708582,60.0,2340.0,0.0,0.0,0.0,10.21008449990768,0.0,0.0,176.4115664708582,2340.0,74.95986271415283,837.6837505979879,,,,False,False,not_attempted,0,0,0,0,31,0,0.0,142.26512029004067,1996.0,False,,,False,2,0
nn,static_live,39,2340.0,39.0,7,recovering,recovering,0 12 32 51,2797,1.7123287671232879,0.584,0.36,32.888844011416055,18.65,2,0,2,0.766780392392389,0.766780392392389,177.17834686325057,60.0,2400.0,0.0,0.0,0.0,10.21008449990768,0.0,0.0,177.17834686325057,2400.0,69.44032754805035,763.4072060194037,,,,False,False,not_attempted,0,0,0,0,4,0,0.0,142.26512029004067,1996.0,False,,,False,1,0
nn,static_live,40,2400.0,40.0,8,recovering,recovering,0 12 32 51,2797,1.639344262295082,0.61,0.4,33.073134884250216,18.666666666666668,2,1,1,0.33625725252930666,0.33625725252930666,177.51460411577986,60.0,2460.0,0.0,0.0,0.0,10.21008449990768,0.0,0.0,177.51460411577986,2460.0,66.52990884207179,689.583004580569,,,,False,False,not_attempted,0,0,0,0,6,1,0.16666666666666666,142.26512029004067,1996.0,False,,,False,1,0
nn,static_live,41,2460.0,41.0,8,recovering,recovering,0 12 32 51,2797,1.572327044025157,0.636,0.44,33.24418629355876,18.683333333333334,1,0,1,1.3150395362205565,1.3150395362205565,178.8296436520004,60.0,2520.0,0.0,0.0,0.0,10.21008449990768,0.0,0.0,178.8296436520004,2520.0,63.95561308548089,619.8108609682107,,,,False,False,not_attempted,0,0,0,0,6,6,1.0,142.26512029004067,1996.0,False,,,False,1,0
nn,static_live,42,2520.0,42.0,8,recovering,recovering,0 12 32 51,2797,1.5105740181268883,0.6619999999999999,0.48,33.40337545509262,18.7,1,0,1,1.8731494657509065,1.8731494657509065,180.70279311775133,60.0,2580.0,0.0,0.0,0.0,10.21008449990768,0.0,0.0,180.70279311775133,2580.0,60.84898276175044,562.4246241424801,,,,False,False,not_attempted,0,0,0,0,6,6,1.0,142.26512029004067,1996.0,False,,,False,1,0
nn,static_live,43,2580.0,43.0,8,recovering,recovering,0 12 32 51,2797,1.4534883720930234,0.688,0.52,33.551894968932665,18.716666666666665,1,0,1,0.09333333333333332,0.09333333333333332,180.79612645108466,60.0,2640.0,0.0,0.0,0.0,10.21008449990768,0.0,0.0,180.79612645108466,2640.0,57.264747332613354,532.770933999299,,,,False,False,not_attempted,0,0,0,0,0,0,0.0,142.26512029004067,1996.0,False,,,False,0,0
nn,static_live,44,2640.0,44.0,8,recovering,recovering,0 12 32 51,2797,1.400560224089636,0.714,0.56,33.690782751054904,18.733333333333334,1,1,0,50.96914175842651,50.96914175842651,231.7652682095112,573.7230237393442,3213.723023739344,0.0,0.0,0.0,10.21008449990768,0.0,0.0,231.7652682095112,3213.723023739344,55.594878759577945,531.7539425739775,,,,False,False,not_attempted,0,0,0,0,721,114,0.15811373092926492,136.9535399143934,1996.0,True,,,False,0,0
nn,static_frozen,0,0.0,0.0,0,normal,initial,0 12 32 51,0,1.0,1.0,0.0,34.78037077224997,18.0,84,0,84,16.660400703942315,16.660400703942315,16.660400703942315,60.0,60.0,9.957765099941753,0.252319399965927,10.21008449990768,10.21008449990768,0.0,0.0,16.660400703942315,60.0,162.58793156149096,2761.487785832027,,,,False,False,initial_plan,0,0,0,0,97,0,0.0,177.83388229329896,0.0,False,,,True,10,10
nn,static_frozen,1,60.0,1.0,0,normal,normal,0 12 32 51,0,1.0,1.0,0.0,34.78037077224997,18.016666666666666,84,0,84,2.671835477730445,2.671835477730445,19.332236181672762,60.0,120.0,0.0,0.0,0.0,10.21008449990768,0.0,0.0,19.332236181672762,120.0,144.89809698360446,2603.2770542730404,,,,False,False,not_attempted,0,0,0,0,24,0,0.0,177.65141542411558,0.0,False,,,False,9,10
nn,static_frozen,2,120.0,2.0,0,normal,normal,0 12 32 51,0,1.0,1.0,0.0,34.78037077224997,18.033333333333335,84,6,78,2.2336491502253266,0.37227485837088775,21.565885331898087,60.0,180.0,0.0,0.0,0.0,10.21008449990768,0.0,0.0,21.565885331898087,180.0,142.35879798598543,2603.2770542730404,,,,False,False,not_attempted,0,0,0,0,25,0,0.0,177.33697396192156,239.0,False,,,False,9,4
nn,static_frozen,3,180.0,3.0,0,normal,normal,0 12 32 51,0,1.0,1.0,0.0,34.78037077224997,18.05,78,4,74,4.632857667324735,1.1582144168311836,26.198742999222823,60.0,240.0,0.0,0.0,0.0,10.21008449990768,0.0,0.0,26.198742999222823,240.0,140.51455427701427,2575.2504365841983,,,,False,False,not_attempted,0,0,0,0,75,0,0.0,176.58965573332028,239.0,False,,,False,9,0
nn,static_frozen,4,240.0,4.0,0,normal,normal,0 12 32 51,0,1.0,1.0,0.0,34.78037077224997,18.066666666666666,74,0,74,2.1890984112485845,2.1890984112485845,28.387841410471406,60.0,300.0,0.0,0.0,0.0,10.21008449990768,0.0,0.0,28.387841410471406,300.0,135.7776609100203,2453.4542174026838,,,,False,False,not_attempted,0,0,0,0,38,0,0.0,176.38162922177597,239.0,False,,,False,9,0
nn,static_frozen,5,300.0,5.0,1,normal,normal,0 12 32 51,0,1.0,1.0,0.0,34.78037077224997,18.083333333333332,74,3,71,4.763597379502395,1.587865793167465,33.1514387899738,60.0,360.0,0.0,0.0,0.0,10.21008449990768,0.0,0.0,33.1514387899738,360.0,133.8378687044175,2453.4542174026838,,,,False,False,not_attempted,0,0,0,0,105,0,0.0,175.72436508422112,402.0,False,,,False,9,0
nn,static_frozen,6,360.0,6.0,1,normal,normal,0 12 32 51,0,1.0,1.0,0.0,34.78037077224997,18.1,71,2,69,4.5988841917568095,2.2994420958784048,37.75032298173061,60.0,420.0,0.0,0.0,0.0,10.21008449990768,0.0,0.0,37.75032298173061,420.0,128.65555322310212,2295.479016670314,,,,False,False,not_attempted,0,0,0,0,68,0,0.0,173.98774183949396,422.0,False,,,False,9,0
nn,static_frozen,7,420.0,7.0,1,normal,normal,0 12 32 51,0,1.0,1.0,0.0,34.78037077224997,18.116666666666667,69,3,66,4.0596296318654135,1.353209877288471,41.809952613596025,60.0,480.0,0.0,0.0,0.0,10.21008449990768,0.0,0.0,41.809952613596025,480.0,123.9692432558826,2295.479016670314,,,,False,False,not_attempted,0,0,0,0,59,0,0.0,172.73804103501027,477.0,False,,,False,8,0
nn,static_frozen,8,480.0,8.0,1,normal,normal,0 12 32 51,0,1.0,1.0,0.0,34.78037077224997,18.133333333333333,66,3,63,2.9617497333409846,0.9872499111136616,44.77170234693701,60.0,540.0,0.0,0.0,0.0,10.21008449990768,0.0,0.0,44.77170234693701,540.0,120.21492095922403,2165.047520150499,,,,False,False,not_attempted,0,0,0,0,53,0,0.0,172.64470770167694,647.0,False,,,False,8,0
nn,static_frozen,9,540.0,9.0,1,normal,normal,0 12 32 51,0,1.0,1.0,0.0,34.78037077224997,18.15,63,2,61,1.360887868666041,0.6804439343330205,46.13259021560305,60.0,600.0,0.0,0.0,0.0,10.21008449990768,0.0,0.0,46.13259021560305,600.0,117.0907644351915,2165.047520150499,,,,False,False,not_attempted,0,0,0,0,35,0,0.0,172.53888579406538,647.0,False,,,False,8,0
nn,static_frozen,10,600.0,10.0,2,degrading,degrading,0 12 32 51,0,1.0,1.0,0.0,34.78037077224997,18.166666666666668,61,4,57,3.3611376239174127,0.8402844059793532,49.49372783952047,60.0,660.0,0.0,0.0,0.0,10.21008449990768,0.0,0.0,49.49372783952047,660.0,115.72549646918236,2159.671519313145,,,,False,False,not_attempted,0,0,0,0,46,0,0.0,172.28418379893967,647.0,False,,,False,8,0
nn,static_frozen,11,660.0,11.0,2,degrading,degrading,0 12 32 51,2797,1.06951871657754,0.935,0.0,34.58624261731833,18.183333333333334,57,1,56,5.294232427588922,5.294232427588922,54.78796026710939,60.0,720.0,0.0,0.0,0.0,10.21008449990768,0.0,0.0,54.78796026710939,720.0,119.51149274959627,2107.674221587336,,,,False,False,not_attempted,0,0,0,0,52,0,0.0,170.6107783742012,659.0,False,,,False,8,0
nn,static_frozen,12,720.0,12.0,2,degrading,degrading,0 12 32 51,2797,1.1494252873563218,0.87,0.0,34.365766727216055,18.2,56,2,54,1.6664817966169956,0.8332408983084978,56.45444206372639,60.0,780.0,0.0,0.0,0.0,10.21008449990768,0.0,0.0,56.45444206372639,780.0,121.5604527209135,1981.9026060588178,,,,False,False,not_attempted,0,0,0,0,38,1,0.02631578947368421,170.20338483629783,743.0,False,,,False,8,0
nn,static_frozen,13,780.0,13.0,2,degrading,degrading,0 12 32 51,2797,1.2422360248447206,0.8049999999999999,0.0,34.11318858383695,18.216666666666665,54,2,52,3.2751553226480654,1.6375776613240327,59.72959738637446,60.0,840.0,0.0,0.0,0.0,10.21008449990768,0.0,0.0,59.72959738637446,840.0,128.0666251207953,1998.4748287430275,,,,False,False,not_attempted,0,0,0,0,51,2,0.0392156862745098,170.1100515029645,843.0,False,,,False,8,0
nn,static_frozen,14,840.0,14.0,2,degrading,degrading,0 12 32 51,2797,1.3513513513513513,0.74,0.0,33.820946324459584,18.233333333333334,52,3,49,5.382797262361027,1.7942657541203424,65.11239464873549,60.0,900.0,0.0,0.0,0.0,10.21008449990768,0.0,0.0,65.11239464873549,900.0,133.66988677630064,1975.7592267076695,,,,False,False,not_attempted,0,0,0,0,39,0,0.0,167.71471727564924,843.0,False,,,False,8,0
nn,static_frozen,15,900.0,15.0,3,degrading,degrading,0 12 32 51,2797,1.4814814814814814,0.675,0.0,33.47890073173456,18.25,49,1,48,4.16496097433598,4.16496097433598,69.27735562307147,60.0,960.0,0.0,0.0,0.0,10.21008449990768,0.0,0.0,69.27735562307147,960.0,137.2437795151866,1962.4249716737586,,,,False,False,not_attempted,0,0,0,0,22,9,0.4090909090909091,166.20343873996322,853.0,False,,,False,8,0
nn,static_frozen,16,960.0,16.0,3,degrading,degrading,0 12 32 51,2797,1.639344262295082,0.61,0.0,33.073134884250216,18.266666666666666,48,5,43,7.448382240360514,1.4896764480721028,76.72573786343199,60.0,1020.0,0.0,0.0,0.0,10.21008449990768,0.0,0.0,76.72573786343199,1020.0,143.54819696769695,1860.5843776541967,,,,False,False,not_attempted,0,0,0,0,88,19,0.2159090909090909,164.72423250848738,1087.0,False,,,False,8,0
nn,static_frozen,17,1020.0,17.0,3,degrading,degrading,0 12 32 51,2797,1.8348623853211008,0.545,0.0,32.58401405704252,18.283333333333335,43,0,43,4.725769203771261,4.725769203771261,81.45150706720325,60.0,1080.0,0.0,0.0,0.0,10.21008449990768,0.0,0.0,81.45150706720325,1080.0,149.6083494418976,2041.458393823525,,,,False,False,not_attempted,0,0,0,0,47,20,0.425531914893617,164.47158796189908,1087.0,False,,,False,8,0
nn,static_frozen,18,1080.0,18.0,3,degrading,degrading,0 12 32 51,2797,2.0833333333333335,0.48,0.0,31.982913113523583,18.3,43,2,41,3.8027040082243007,1.9013520041121503,85.25421107542755,60.0,1140.0,0.0,0.0,0.0,10.21008449990768,0.0,0.0,85.25421107542755,1140.0,160.2842764982263,2252.693240014017,,,,False,False,not_attempted,0,0,0,0,27,10,0.37037037037037035,164.37825462856574,1087.0,False,,,False,8,0
nn,static_frozen,19,1140.0,19.0,3,degrading,degrading,0 12 32 51,2797,2.409638554216868,0.4149999999999999,0.0,31.226405631426534,18.316666666666666,41,3,38,4.015848982964184,1.338616327654728,89.27006005839173,60.0,1200.0,0.0,0.0,0.0,10.21008449990768,0.0,0.0,89.27006005839173,1200.0,177.05830903507598,2180.9025777533016,,,,False,False,not_attempted,0,0,0,0,25,10,0.4,164.2614882390681,1087.0,False,,,False,8,0
nn,static_frozen,20,1200.0,20.0,4,disrupted,holding,0 12 32 51,2797,2.857142857142857,0.35,0.0,30.24527695785376,18.333333333333332,38,3,35,9.353847239601556,3.1179490798671856,98.6239072979933,60.0,1260.0,0.0,0.0,0.0,10.21008449990768,0.0,0.0,98.6239072979933,1260.0,199.55215314773076,2253.249896870416,,,,False,False,not_attempted,0,0,0,0,43,18,0.4186046511627907,164.16815490573475,1270.0,False,,,False,7,0
nn,static_frozen,21,1260.0,21.0,4,disrupted,disrupted,0 12 32 51,2797,2.857142857142857,0.35,0.0,30.24527695785376,18.35,35,2,33,12.74349800403131,6.371749002015655,111.36740530202461,60.0,1320.0,0.0,0.0,0.0,10.21008449990768,0.0,0.0,111.36740530202461,1320.0,192.6718271137058,2118.5475296027657,,,,False,False,not_attempted,0,0,0,0,41,24,0.5853658536585366,162.7387089291588,1308.0,False,,,False,7,0
nn,static_frozen,22,1320.0,22.0,4,disrupted,disrupted,0 12 32 51,2797,2.857142857142857,0.35,0.0,30.24527695785376,18.366666666666667,33,2,31,7.887488724201135,3.9437443621005674,119.25489402622574,60.0,1380.0,0.0,0.0,0.0,10.21008449990768,0.0,0.0,119.25489402622574,1380.0,182.70580951048802,2118.5475296027657,,,,False,False,not_attempted,0,0,0,0,46,10,0.21739130434782608,160.09851080432225,1351.0,False,,,False,7,0
nn,static_frozen,23,1380.0,23.0,4,disrupted,disrupted,0 12 32 51,2797,2.857142857142857,0.35,0.0,30.24527695785376,18.383333333333333,31,1,30,3.9607627825068206,3.9607627825068206,123.21565680873256,60.0,1440.0,0.0,0.0,0.0,10.21008449990768,0.0,0.0,123.21565680873256,1440.0,175.90503465510335,2078.3936035939146,,,,False,False,not_attempted,0,0,0,0,42,2,0.047619047619047616,158.24852961748712,1351.0,False,,,False,7,0
nn,static_frozen,24,1440.0,24.0,4,disrupted,disrupted,0 12 32 51,2797,2.857142857142857,0.35,0.0,30.24527695785376,18.4,30,3,27,4.075033326067917,1.358344442022639,127.29069013480049,60.0,1500.0,0.0,0.0,0.0,10.21008449990768,0.0,0.0,127.29069013480049,1500.0,172.99981277778417,1942.327409537636,,,,False,False,not_attempted,0,0,0,0,17,4,0.23529411764705882,158.1551962841538,1456.0,False,,,False,7,0
nn,static_frozen,25,1500.0,25.0,5,disrupted,disrupted,0 12 32 51,2797,2.857142857142857,0.35,0.0,30.24527695785376,18.416666666666668,27,3,24,7.072500181584353,2.3575000605281176,134.36319031638484,60.0,1560.0,0.0,0.0,0.0,10.21008449990768,0.0,0.0,134.36319031638484,1560.0,168.7821882396341,1942.327409537636,,,,False,False,not_attempted,0,0,0,0,32,6,0.1875,156.0589247412542,1567.0,False,,,False,7,0
nn,static_frozen,26,1560.0,26.0,5,disrupted,disrupted,0 12 32 51,2797,2.857142857142857,0.35,0.0,30.24527695785376,18.433333333333334,24,1,23,5.317189086755672,5.317189086755672,139.6803794031405,60.0,1620.0,0.0,0.0,0.0,10.21008449990768,0.0,0.0,139.6803794031405,1620.0,160.27372259735043,1899.2529915196806,,,,False,False,not_attempted,0,0,0,0,25,3,0.12,154.60361618785845,1567.0,False,,,False,7,0
nn,static_frozen,27,1620.0,27.0,5,disrupted,disrupted,0 12 32 51,2797,2.857142857142857,0.35,0.0,30.24527695785376,18.45,23,2,21,5.521205067923885,2.7606025339619427,145.2015844710644,60.0,1680.0,0.0,0.0,0.0,10.21008449990768,0.0,0.0,145.2015844710644,1680.0,157.6803699392146,1762.5362239368842,,,,False,False,not_attempted,0,0,0,0,51,5,0.09803921568627451,154.45967158370553,1567.0,False,,,False,7,0
nn,static_frozen,28,1680.0,28.0,5,disrupted,disrupted,0 12 32 51,2797,2.857142857142857,0.35,0.0,30.24527695785376,18.466666666666665,21,2,19,12.639783592774284,6.319891796387142,157.84136806383867,60.0,1740.0,0.0,0.0,0.0,10.21008449990768,0.0,0.0,157.84136806383867,1740.0,152.17096567534185,1762.5362239368842,,,,False,False,not_attempted,0,0,0,0,32,17,0.53125,147.3868877082399,1655.0,False,,,False,7,0
nn,static_frozen,29,1740.0,29.0,5,disrupted,disrupted,0 12 32 51,2797,2.857142857142857,0.35,0.0,30.24527695785376,18.483333333333334,19,1,18,5.896182568058078,5.896182568058078,163.73755063189674,60.0,1800.0,0.0,0.0,0.0,10.21008449990768,0.0,0.0,163.73755063189674,1800.0,139.97639318897674,1624.6739937116026,,,,False,False,not_attempted,0,0,0,0,13,4,0.3076923076923077,147.29355437490656,1655.0,False,,,False,7,0
nn,static_frozen,30,1800.0,30.0,6,recovering,recovering,0 12 32 51,2797,2.857142857142857,0.35,0.0,30.24527695785376,18.5,18,4,14,7.081110530916536,1.770277632729134,170.81866116281327,60.0,1860.0,0.0,0.0,0.0,10.21008449990768,0.0,0.0,170.81866116281327,1860.0,134.19159249214923,1624.6739937116026,,,,False,False,not_attempted,0,0,0,0,43,9,0.20930232558139536,145.82868108500884,1724.0,False,,,False,7,0
nn,static_frozen,31,1860.0,31.0,6,recovering,recovering,0 12 32 51,2797,2.6595744680851063,0.376,0.04,30.670726715627296,18.516666666666666,14,1,13,5.276865580931974,5.276865580931974,176.09552674374524,60.0,1920.0,0.0,0.0,0.0,10.21008449990768,0.0,0.0,176.09552674374524,1920.0,119.47014939202909,1557.3293029805925,,,,False,False,not_attempted,0,0,0,0,20,3,0.15,143.53840694970566,1724.0,False,,,False,7,0
nn,static_frozen,32,1920.0,32.0,6,recovering,recovering,0 12 32 51,2797,2.4875621890547266,0.40199999999999997,0.08,31.0510110649113,18.533333333333335,13,1,12,4.563951191494429,4.563951191494429,180.65947793523966,60.0,1980.0,0.0,0.0,0.0,10.21008449990768,0.0,0.0,180.65947793523966,1980.0,109.61842964542866,1398.362045588057,,,,False,False,not_attempted,0,0,0,0,6,4,0.6666666666666666,142.40058009058896,1807.0,False,,,False,7,0
nn,static_frozen,33,1980.0,33.0,6,recovering,recovering,0 12 32 51,2797,2.336448598130841,0.428,0.12,31.392959580447428,18.55,12,3,9,2.6311758139744885,0.8770586046581629,183.29065374921416,60.0,2040.0,0.0,0.0,0.0,10.21008449990768,0.0,0.0,183.29065374921416,2040.0,101.94912854056346,1373.9317482389126,,,,False,False,not_attempted,0,0,0,0,23,3,0.13043478260869565,142.30724675725563,1865.0,False,,,False,6,0
nn,static_frozen,34,2040.0,34.0,6,recovering,recovering,0 12 32 51,2797,2.2026431718061676,0.45399999999999996,0.16,31.702090954731577,18.566666666666666,9,1,8,2.8474621535428977,2.8474621535428977,186.13811590275705,60.0,2100.0,0.0,0.0,0.0,10.21008449990768,0.0,0.0,186.13811590275705,2100.0,95.75189030083477,1314.8249680443873,,,,False,False,not_attempted,0,0,0,0,52,1,0.019230769230769232,142.26512029004067,1865.0,False,,,False,5,0
nn,static_frozen,35,2100.0,35.0,7,recovering,recovering,0 12 32 51,2797,2.0833333333333335,0.48,0.2,31.982913113523583,18.583333333333332,8,2,6,3.9599274531686293,1.9799637265843146,190.09804335592568,60.0,2160.0,0.0,0.0,0.0,10.21008449990768,0.0,0.0,190.09804335592568,2160.0,89.5608081763744,1162.3055598657588,,,,False,False,not_attempted,0,0,0,0,25,1,0.04,142.26512029004067,1865.0,False,,,False,4,0
nn,static_frozen,36,2160.0,36.0,7,recovering,recovering,0 12 32 51,2797,1.976284584980237,0.506,0.24,32.23914449062352,18.6,6,2,4,9.12429061066076,4.56214530533038,199.22233396658643,60.0,2220.0,0.0,0.0,0.0,10.21008449990768,0.0,0.0,199.22233396658643,2220.0,82.49981641512659,971.5535557861317,,,,False,False,not_attempted,0,0,0,0,13,13,1.0,142.26512029004067,1991.0,False,,,False,1,0
nn,static_frozen,37,2220.0,37.0,7,recovering,recovering,0 12 32 51,2797,1.8796992481203008,0.532,0.28,32.47387961181962,18.616666666666667,4,3,1,2.1684372195040154,0.7228124065013385,201.39077118609046,60.0,2280.0,0.0,0.0,0.0,10.21008449990768,0.0,0.0,201.39077118609046,2280.0,72.46276489684206,628.8708763164824,,,,False,False,not_attempted,0,0,0,0,6,6,1.0,142.26512029004067,1996.0,False,,,False,1,0
nn,static_frozen,38,2280.0,38.0,7,recovering,recovering,0 12 32 51,2797,1.7921146953405016,0.558,0.32,32.6897146821153,18.633333333333333,1,0,1,1.2681331906593294,1.2681331906593294,202.6589043767498,60.0,2340.0,0.0,0.0,0.0,10.21008449990768,0.0,0.0,202.6589043767498,2340.0,68.09509409191082,567.7765929752906,,,,False,False,not_attempted,0,0,0,0,2,2,1.0,142.26512029004067,1996.0,False,,,False,1,0
nn,static_frozen,39,2340.0,39.0,7,recovering,recovering,0 12 32 51,2797,1.7123287671232879,0.584,0.36,32.888844011416055,18.65,1,0,1,0.09333333333333332,0.09333333333333332,202.75223771008314,60.0,2400.0,0.0,0.0,0.0,10.21008449990768,0.0,0.0,202.75223771008314,2400.0,64.67171255765201,565.152053257272,,,,False,False,not_attempted,0,0,0,0,0,0,0.0,142.26512029004067,1996.0,False,,,False,0,0
nn,static_frozen,40,2400.0,40.0,8,recovering,recovering,0 12 32 51,2797,1.639344262295082,0.61,0.4,33.073134884250216,18.666666666666668,1,1,0,61.37128585078614,61.37128585078614,264.1235235608693,559.9147331863126,2959.9147331863123,0.0,0.0,0.0,10.21008449990768,0.0,0.0,264.1235235608693,2959.9147331863123,62.58824754603377,562.7512447939046,,,,False,False,not_attempted,0,0,0,0,632,219,0.34651898734177217,135.90255272621803,1996.0,True,,,False,0,0
aco,adaptive,0,0.0,0.0,0,normal,initial,0 12 32 51,0,1.0,1.0,0.0,34.78037077224997,18.0,84,0,84,18.680839634308782,18.680839634308782,18.680839634308782,60.0,60.0,9.003784299944527,22.83633279998321,31.84011709992774,31.84011709992774,0.0,0.0,18.680839634308782,60.0,129.8572811733068,2948.952446263193,,,,False,False,initial_plan,0,0,0,0,130,0,0.0,177.2717760608753,0.0,False,,,True,10,10
aco,adaptive,1,60.0,1.0,0,normal,normal,0 12 32 51,0,1.0,1.0,0.0,34.78037077224997,18.016666666666666,84,0,84,4.7680615934003905,4.7680615934003905,23.44890122770917,60.0,120.0,0.0,0.0,0.0,31.84011709992774,0.0,0.0,23.44890122770917,120.0,110.44402959570512,2884.5846107093394,,,,False,False,not_attempted,0,0,0,0,76,0,0.0,176.09020652430007,0.0,False,,,False,10,10
aco,adaptive,2,120.0,2.0,0,normal,normal,0 12 32 51,0,1.0,1.0,0.0,34.78037077224997,18.033333333333335,84,3,81,5.306297452810553,1.7687658176035177,28.755198680519726,60.0,180.0,0.0,0.0,0.0,31.84011709992774,0.0,0.0,28.755198680519726,180.0,105.15915328473176,2752.5964808827875,,,,False,False,not_attempted,0,0,0,0,66,0,0.0,174.7596401655785,215.0,False,,,False,9,7
aco,adaptive,3,180.0,3.0,0,normal,normal,0 12 32 51,0,1.0,1.0,0.0,34.78037077224997,18.05,81,3,78,4.660065898009958,1.5533552993366528,33.41526457852969,60.0,240.0,0.0,0.0,0.0,31.84011709992774,0.0,0.0,33.41526457852969,240.0,100.06592291517671,2752.5964808827875,,,,False,False,not_attempted,0,0,0,0,63,0,0.0,174.60001662259305,215.0,False,,,False,9,4
aco,adaptive,4,240.0,4.0,0,normal,normal,0 12 32 51,0,1.0,1.0,0.0,34.78037077224997,18.066666666666666,78,1,77,3.024516702171434,3.024516702171434,36.43978128070112,60.0,300.0,0.0,0.0,0.0,31.84011709992774,0.0,0.0,36.43978128070112,300.0,95.6512867909427,2700.7402108848582,,,,False,False,not_attempted,0,0,0,0,41,0,0.0,174.23595111138894,241.0,False,,,False,9,4
aco,adaptive,5,300.0,5.0,1,normal,normal,0 12 32 51,0,1.0,1.0,0.0,34.78037077224997,18.083333333333332,77,4,73,2.8679341198432,0.7169835299608,39.30771540054432,60.0,360.0,10.584478299948387,217.3293163999915,227.9137946999399,259.75391179986764,0.0,0.0,39.30771540054432,360.0,92.80451466956619,2531.148694412799,92.80451466956619,97.76350319187286,-4.958988522306669,True,False,incumbent_not_worse,6,28,0,0,31,0,0.0,174.1426177780556,402.0,False,,,True,9,2
aco,adaptive,6,360.0,6.0,1,normal,normal,0 12 32 51,0,1.0,1.0,0.0,34.78037077224997,18.1,73,3,70,3.5198933529509064,1.1732977843169687,42.82760875349523,60.0,420.0,0.0,0.0,0.0,259.75391179986764,0.0,0.0,42.82760875349523,420.0,89.49872562010101,2531.148694412799,,,,False,False,not_attempted,0,0,0,0,44,0,0.0,173.80269504982573,422.0,False,,,False,9,1
aco,adaptive,7,420.0,7.0,1,normal,normal,0 12 32 51,0,1.0,1.0,0.0,34.78037077224997,18.116666666666667,70,3,67,4.091652081357425,1.3638840271191415,46.91926083485265,60.0,480.0,0.0,0.0,0.0,259.75391179986764,0.0,0.0,46.91926083485265,480.0,86.23763270067052,2527.8765656637133,,,,False,False,not_attempted,0,0,0,0,30,0,0.0,171.7315048732715,641.0,False,,,False,9,1
aco,adaptive,8,480.0,8.0,1,normal,normal,0 12 32 51,0,1.0,1.0,0.0,34.78037077224997,18.133333333333333,67,4,63,1.9465284663171223,0.48663211657928057,48.86578930116977,60.0,540.0,0.0,0.0,0.0,259.75391179986764,0.0,0.0,48.86578930116977,540.0,82.12902723057795,2353.8339100285225,,,,False,False,not_attempted,0,0,0,0,27,0,0.0,171.63817153993816,647.0,False,,,False,9,0
aco,adaptive,9,540.0,9.0,1,normal,normal,0 12 32 51,0,1.0,1.0,0.0,34.78037077224997,18.15,63,4,59,3.8465037675471145,0.9616259418867786,52.71229306871688,60.0,600.0,0.0,0.0,0.0,259.75391179986764,0.0,0.0,52.71229306871688,600.0,80.2902564326039,2353.8339100285225,,,,False,False,not_attempted,0,0,0,0,34,0,0.0,171.54640459197284,647.0,False,,,False,9,0
aco,adaptive,10,600.0,10.0,2,degrading,degrading,0 12 32 51,0,1.0,1.0,0.0,34.78037077224997,18.166666666666668,59,2,57,2.2406318836965116,1.1203159418482558,54.95292495241339,60.0,660.0,5.4699950851500034e-05,129.7089839000255,129.70903859997634,389.462950399844,0.0,0.0,54.95292495241339,660.0,76.26459852359919,2334.9570515159016,76.26459852359919,84.2003470171799,-7.935748493580704,True,False,incumbent_not_worse,7,16,0,0,28,0,0.0,171.29011539682318,871.0,False,,,True,9,0
aco,adaptive,11,660.0,11.0,2,degrading,degrading,0 12 32 51,2797,1.06951871657754,0.935,0.0,34.58624261731833,18.183333333333334,57,3,54,1.7990741366493452,0.5996913788831151,56.751999089062735,60.0,720.0,0.0,0.0,0.0,389.462950399844,0.0,0.0,56.751999089062735,720.0,79.11076646752893,2200.286403797221,,,,False,False,not_attempted,0,0,0,0,24,3,0.125,171.19678206348985,871.0,False,,,False,7,0
aco,adaptive,12,720.0,12.0,2,degrading,degrading,0 12 32 51,2797,1.1494252873563218,0.87,0.0,34.365766727216055,18.2,54,4,50,2.2800841530879987,0.5700210382719997,59.03208324215073,60.0,780.0,0.0,0.0,0.0,389.462950399844,0.0,0.0,59.03208324215073,780.0,82.7787822902032,2213.983644695745,,,,False,False,not_attempted,0,0,0,0,37,5,0.13513513513513514,170.7053520396286,1037.0,False,,,False,7,0
aco,adaptive,13,780.0,13.0,2,degrading,degrading,0 12 32 51,2797,1.2422360248447206,0.8049999999999999,0.0,34.11318858383695,18.216666666666665,50,3,47,1.8055917285269545,0.6018639095089848,60.83767497067769,60.0,840.0,0.0,0.0,0.0,389.462950399844,0.0,0.0,60.83767497067769,840.0,86.6566233839059,2189.5238468420507,,,,False,False,not_attempted,0,0,0,0,20,1,0.05,170.01502271405593,1037.0,False,,,False,7,0
aco,adaptive,14,840.0,14.0,2,degrading,degrading,0 12 32 51,2797,1.3513513513513513,0.74,0.0,33.820946324459584,18.233333333333334,47,2,45,1.6167015732952945,0.8083507866476473,62.454376543972984,60.0,900.0,0.0,0.0,0.0,389.462950399844,0.0,0.0,62.454376543972984,900.0,91.93243703446728,2024.130588562227,,,,False,False,not_attempted,0,0,0,0,12,0,0.0,169.912246448997,1037.0,False,,,False,7,0
aco,adaptive,15,900.0,15.0,3,degrading,degrading,0 12 32 51,2797,1.4814814814814814,0.675,0.0,33.47890073173456,18.25,45,4,41,1.5783474556446269,0.3945868639111567,64.03272399961762,60.0,960.0,10.592277100076899,95.96774250001181,106.56001960008871,496.0229699999327,0.0,0.0,64.03272399961762,960.0,99.1469826616856,2098.880114303761,99.1469826616856,109.97253505625646,-10.825552394570863,True,False,incumbent_not_worse,7,28,0,0,32,8,0.25,169.80947018393806,1142.0,False,,,True,7,0
aco,adaptive,16,960.0,16.0,3,degrading,degrading,0 12 32 51,2797,1.639344262295082,0.61,0.0,33.073134884250216,18.266666666666666,41,1,40,2.7381185133455603,2.7381185133455603,66.77084251296317,60.0,1020.0,0.0,0.0,0.0,496.0229699999327,0.0,0.0,66.77084251296317,1020.0,107.20885046314817,2127.0942974721866,,,,False,False,not_attempted,0,0,0,0,39,1,0.02564102564102564,169.5629603131352,1142.0,False,,,False,7,0
aco,adaptive,17,1020.0,17.0,3,degrading,degrading,0 12 32 51,2797,1.8348623853211008,0.545,0.0,32.58401405704252,18.283333333333335,40,3,37,5.17641499593476,1.7254716653115867,71.94725750889793,60.0,1080.0,0.0,0.0,0.0,496.0229699999327,0.0,0.0,71.94725750889793,1080.0,115.41158331128649,2204.507510888077,,,,False,False,not_attempted,0,0,0,0,35,3,0.08571428571428572,169.0078052550611,1391.0,False,,,False,7,0
aco,adaptive,18,1080.0,18.0,3,degrading,degrading,0 12 32 51,2797,2.0833333333333335,0.48,0.0,31.982913113523583,18.3,37,0,37,2.997762406851772,2.997762406851772,74.94501991574971,60.0,1140.0,0.0,0.0,0.0,496.0229699999327,0.0,0.0,74.94501991574971,1140.0,124.17527406454793,2142.227403543653,,,,False,False,not_attempted,0,0,0,0,11,2,0.18181818181818182,168.7458575592287,1391.0,False,,,False,6,0
aco,adaptive,19,1140.0,19.0,3,degrading,degrading,0 12 32 51,2797,2.409638554216868,0.4149999999999999,0.0,31.226405631426534,18.316666666666666,37,3,34,5.35053006483971,1.7835100216132365,80.29554998058941,60.0,1200.0,0.0,0.0,0.0,496.0229699999327,0.0,0.0,80.29554998058941,1200.0,138.74193721255807,2237.6806235683775,,,,False,False,not_attempted,0,0,0,0,36,4,0.1111111111111111,168.02211790667062,1391.0,False,,,False,5,0
aco,adaptive,20,1200.0,20.0,4,disrupted,holding,0 12 32 51,2797,2.857142857142857,0.35,0.0,30.24527695785376,18.333333333333332,34,2,32,1.9833991408081142,0.9916995704040571,82.27894912139753,60.0,1260.0,10.606000300031155,100.20629819994792,110.81229849997908,606.8352684999118,0.0,0.0,82.27894912139753,1260.0,155.49076935197434,2319.9618383837665,155.4907693519743,156.2281289721556,-0.7373596201812802,True,False,incumbent_not_worse,6,23,0,0,17,0,0.0,167.53181007543304,1530.0,False,,,True,5,0
aco,adaptive,21,1260.0,21.0,4,disrupted,disrupted,0 12 32 51,2797,2.857142857142857,0.35,0.0,30.24527695785376,18.35,32,0,32,0.6162369831488559,0.6162369831488559,82.89518610454638,60.0,1320.0,0.0,0.0,0.0,606.8352684999118,0.0,0.0,82.89518610454638,1320.0,153.57331286786504,2188.79671114439,,,,False,False,not_attempted,0,0,0,0,6,0,0.0,167.4384767420997,1530.0,False,,,False,5,0
aco,adaptive,22,1320.0,22.0,4,disrupted,disrupted,0 12 32 51,2797,2.857142857142857,0.35,0.0,30.24527695785376,18.366666666666667,32,4,28,2.159430928487276,0.539857732121819,85.05461703303367,60.0,1380.0,0.0,0.0,0.0,606.8352684999118,0.0,0.0,85.05461703303367,1380.0,153.35618192959564,2188.79671114439,,,,False,False,not_attempted,0,0,0,0,16,1,0.0625,166.73069851940215,1530.0,False,,,False,5,0
aco,adaptive,23,1380.0,23.0,4,disrupted,disrupted,0 12 32 51,2797,2.857142857142857,0.35,0.0,30.24527695785376,18.383333333333333,28,0,28,4.564479931210429,4.564479931210429,89.6190969642441,60.0,1440.0,0.0,0.0,0.0,606.8352684999118,0.0,0.0,89.6190969642441,1440.0,150.64962917972,2050.9344809191084,,,,False,False,not_attempted,0,0,0,0,14,4,0.2857142857142857,162.92084093871458,1530.0,False,,,False,5,0
aco,adaptive,24,1440.0,24.0,4,disrupted,disrupted,0 12 32 51,2797,2.857142857142857,0.35,0.0,30.24527695785376,18.4,28,2,26,1.2445550850148501,0.6222775425074251,90.86365204925895,60.0,1500.0,0.0,0.0,0.0,606.8352684999118,0.0,0.0,90.86365204925895,1500.0,146.35582558214037,2050.9344809191084,,,,False,False,not_attempted,0,0,0,0,17,0,0.0,162.82750760538124,1530.0,False,,,False,5,0
aco,adaptive,25,1500.0,25.0,5,disrupted,disrupted,0 12 32 51,2797,2.857142857142857,0.35,0.0,30.24527695785376,18.416666666666668,26,2,24,1.5613656852254687,0.7806828426127344,92.42501773448441,60.0,1560.0,5.849997978657484e-05,31.552569600054994,31.55262810003478,638.3878965999465,0.0,0.0,92.42501773448441,1560.0,141.16853801745967,3460.9756398936097,145.17048381314262,141.16853801745967,4.001945795682957,True,True,lower_residual_energy,4,17,4,17,25,1,0.04,162.73252117736808,1530.0,False,,,True,4,0
aco,adaptive,26,1560.0,26.0,5,disrupted,disrupted,0 12 32 51,2797,2.857142857142857,0.35,0.0,30.24527695785376,18.433333333333334,24,1,23,2.9223369238716805,2.9223369238716805,95.3473546583561,60.0,1620.0,0.0,0.0,0.0,638.3878965999465,0.0,0.0,95.3473546583561,1620.0,138.71684455360054,3401.8295286306998,,,,False,False,not_attempted,0,0,0,0,18,1,0.05555555555555555,161.03228907063576,1530.0,False,,,False,4,0
aco,adaptive,27,1620.0,27.0,5,disrupted,disrupted,0 12 32 51,2797,2.857142857142857,0.35,0.0,30.24527695785376,18.45,23,1,22,2.666383247532093,2.666383247532093,98.01373790588819,60.0,1680.0,0.0,0.0,0.0,638.3878965999465,0.0,0.0,98.01373790588819,1680.0,136.68359419131582,3342.210002820596,,,,False,False,not_attempted,0,0,0,0,74,2,0.02702702702702703,160.01314649980793,1530.0,False,,,False,4,0
aco,adaptive,28,1680.0,28.0,5,disrupted,disrupted,0 12 32 51,2797,2.857142857142857,0.35,0.0,30.24527695785376,18.466666666666665,22,0,22,4.308964328189136,4.308964328189136,102.32270223407733,60.0,1740.0,0.0,0.0,0.0,638.3878965999465,0.0,0.0,102.32270223407733,1740.0,134.04004449955778,3279.436000012853,,,,False,False,not_attempted,0,0,0,0,57,4,0.07017543859649122,157.56872075773012,1530.0,False,,,False,4,0
aco,adaptive,29,1740.0,29.0,5,disrupted,disrupted,0 12 32 51,2797,2.857142857142857,0.35,0.0,30.24527695785376,18.483333333333334,22,0,22,2.9432912739848724,2.9432912739848724,105.2659935080622,60.0,1800.0,0.0,0.0,0.0,638.3878965999465,0.0,0.0,105.2659935080622,1800.0,129.25447467907125,3223.736669234284,,,,False,False,not_attempted,0,0,0,0,31,1,0.03225806451612903,155.92983910804568,1530.0,False,,,False,3,0
aco,adaptive,30,1800.0,30.0,6,recovering,recovering,0 12 32 51,2797,2.857142857142857,0.35,0.0,30.24527695785376,18.5,22,1,21,2.2562362534074087,2.2562362534074087,107.5222297614696,60.0,1860.0,5.9699988923966885e-05,21.880587599938735,21.88064729992766,660.2685438998742,0.0,0.0,107.5222297614696,1860.0,126.6073306580289,2373.2905948432494,126.81151836062227,126.6073306580289,0.20418770259337293,True,True,lower_residual_energy,3,8,3,8,30,0,0.0,155.83650577471235,1564.0,False,,,True,4,0
aco,adaptive,31,1860.0,31.0,6,recovering,recovering,0 12 32 51,2797,2.6595744680851063,0.376,0.04,30.670726715627296,18.516666666666666,21,1,20,3.9831198515409776,3.9831198515409776,111.50534961301058,60.0,1920.0,0.0,0.0,0.0,660.2685438998742,0.0,0.0,111.50534961301058,1920.0,116.65688019966437,2317.022217460916,,,,False,False,not_attempted,0,0,0,0,37,2,0.05405405405405406,154.8421350005009,1564.0,False,,,False,4,0
aco,adaptive,32,1920.0,32.0,6,recovering,recovering,0 12 32 51,2797,2.4875621890547266,0.40199999999999997,0.08,31.0510110649113,18.533333333333335,20,0,20,2.3685971948552034,2.3685971948552034,113.87394680786578,60.0,1980.0,0.0,0.0,0.0,660.2685438998742,0.0,0.0,113.87394680786578,1980.0,105.24932057728556,2253.753981894077,,,,False,False,not_attempted,0,0,0,0,6,1,0.16666666666666666,153.42483318099292,1564.0,False,,,False,3,0
aco,adaptive,33,1980.0,33.0,6,recovering,recovering,0 12 32 51,2797,2.336448598130841,0.428,0.12,31.392959580447428,18.55,20,1,19,1.3623365026680643,1.3623365026680643,115.23628331053384,60.0,2040.0,0.0,0.0,0.0,660.2685438998742,0.0,0.0,115.23628331053384,2040.0,97.200975296036,2130.8382854572983,,,,False,False,not_attempted,0,0,0,0,1,1,1.0,153.3314998476596,1564.0,False,,,False,2,0
aco,adaptive,34,2040.0,34.0,6,recovering,recovering,0 12 32 51,2797,2.2026431718061676,0.45399999999999996,0.16,31.702090954731577,18.566666666666666,19,2,17,0.2873631311379701,0.14368156556898504,115.5236464416718,60.0,2100.0,0.0,0.0,0.0,660.2685438998742,0.0,0.0,115.5236464416718,2100.0,94.29178940420579,2128.2565454405913,,,,False,False,not_attempted,0,0,0,0,4,0,0.0,153.3127700038618,1564.0,False,,,False,2,0
aco,adaptive,35,2100.0,35.0,7,recovering,recovering,0 12 32 51,2797,2.0833333333333335,0.48,0.2,31.982913113523583,18.583333333333332,17,1,16,2.2119080937065347,2.2119080937065347,117.73555453537834,60.0,2160.0,10.90161459997762,11.630409299978055,22.532023899955675,682.8005677998299,0.0,0.0,117.73555453537834,2160.0,86.15734083649993,1907.5952762562772,91.18836981660807,86.15734083649993,5.031028980108147,True,True,lower_residual_energy,2,2,2,2,27,3,0.1111111111111111,153.3127700038618,1564.0,False,,,True,3,0
aco,adaptive,36,2160.0,36.0,7,recovering,recovering,0 12 32 51,2797,1.976284584980237,0.506,0.24,32.23914449062352,18.6,16,1,15,2.100773822854486,2.100773822854486,119.83632835823283,60.0,2220.0,0.0,0.0,0.0,682.8005677998299,0.0,0.0,119.83632835823283,2220.0,78.92311516330432,1905.5297992053615,,,,False,False,not_attempted,0,0,0,0,21,5,0.23809523809523808,153.3127700038618,1564.0,False,,,False,3,0
aco,adaptive,37,2220.0,37.0,7,recovering,recovering,0 12 32 51,2797,1.8796992481203008,0.532,0.28,32.47387961181962,18.616666666666667,15,0,15,1.652581847506759,1.652581847506759,121.48891020573959,60.0,2280.0,0.0,0.0,0.0,682.8005677998299,0.0,0.0,121.48891020573959,2280.0,73.42331746540287,1859.116551474659,,,,False,False,not_attempted,0,0,0,0,25,5,0.2,153.3127700038618,1564.0,False,,,False,3,0
aco,adaptive,38,2280.0,38.0,7,recovering,recovering,0 12 32 51,2797,1.7921146953405016,0.558,0.32,32.6897146821153,18.633333333333333,15,0,15,0.9237432411338147,0.9237432411338147,122.4126534468734,60.0,2340.0,0.0,0.0,0.0,682.8005677998299,0.0,0.0,122.4126534468734,2340.0,68.38756196400723,1787.3245261760849,,,,False,False,not_attempted,0,0,0,0,16,1,0.0625,153.3127700038618,1564.0,False,,,False,3,0
aco,adaptive,39,2340.0,39.0,7,recovering,recovering,0 12 32 51,2797,1.7123287671232879,0.584,0.36,32.888844011416055,18.65,15,1,14,1.5272452097145783,1.5272452097145783,123.93989865658799,60.0,2400.0,0.0,0.0,0.0,682.8005677998299,0.0,0.0,123.93989865658799,2400.0,64.1374500052545,1622.2357218390232,,,,False,False,not_attempted,0,0,0,0,3,3,1.0,153.3127700038618,1564.0,False,,,False,3,0
aco,adaptive,40,2400.0,40.0,8,recovering,recovering,0 12 32 51,2797,1.639344262295082,0.61,0.4,33.073134884250216,18.666666666666668,14,2,12,2.6565882487273673,1.3282941243636837,126.59648690531536,60.0,2460.0,10.820473399944603,6.265807299991138,17.08628069993574,699.8868484997656,0.0,0.0,126.59648690531536,2460.0,59.7179115822721,1620.8275052824142,59.7179115822721,59.92142322492149,-0.2035116426493886,True,False,incumbent_not_worse,0,0,0,0,19,16,0.8421052631578947,153.3127700038618,1564.0,False,,,True,3,0
aco,adaptive,41,2460.0,41.0,8,recovering,recovering,0 12 32 51,2797,1.572327044025157,0.636,0.44,33.24418629355876,18.683333333333334,12,1,11,0.6614297802848284,0.6614297802848284,127.2579166856002,60.0,2520.0,0.0,0.0,0.0,699.8868484997656,0.0,0.0,127.2579166856002,2520.0,54.60481002532046,1612.5918772331645,,,,False,False,not_attempted,0,0,0,0,7,1,0.14285714285714285,153.3127700038618,1564.0,False,,,False,2,0
aco,adaptive,42,2520.0,42.0,8,recovering,recovering,0 12 32 51,2797,1.5105740181268883,0.6619999999999999,0.48,33.40337545509262,18.7,11,1,10,1.9347429672497432,1.9347429672497432,129.19265965284993,60.0,2580.0,0.0,0.0,0.0,699.8868484997656,0.0,0.0,129.19265965284993,2580.0,51.57985700929078,1471.7664720979178,,,,False,False,not_attempted,0,0,0,0,5,5,1.0,153.3127700038618,1564.0,False,,,False,2,0
aco,adaptive,43,2580.0,43.0,8,recovering,recovering,0 12 32 51,2797,1.4534883720930234,0.688,0.52,33.551894968932665,18.716666666666665,10,1,9,4.257097498012142,4.257097498012142,133.44975715086207,60.0,2640.0,0.0,0.0,0.0,699.8868484997656,0.0,0.0,133.44975715086207,2640.0,47.651915287222025,1470.6650197817196,,,,False,False,not_attempted,0,0,0,0,27,8,0.2962962962962963,153.3127700038618,1564.0,False,,,False,2,0
aco,adaptive,44,2640.0,44.0,8,recovering,recovering,0 12 32 51,2797,1.400560224089636,0.714,0.56,33.690782751054904,18.733333333333334,9,0,9,0.18666666666666665,0.18666666666666665,133.63642381752874,60.0,2700.0,0.0,0.0,0.0,699.8868484997656,0.0,0.0,133.63642381752874,2700.0,41.81068166025199,1330.4661614416664,,,,False,False,not_attempted,0,0,0,0,0,0,0.0,153.3127700038618,1564.0,False,,,False,2,0
aco,adaptive,45,2700.0,45.0,9,recovering,recovering,0 12 32 51,2797,1.3513513513513513,0.74,0.6,33.820946324459584,18.75,9,2,7,0.7027868347833499,0.35139341739167496,134.3392106523121,60.0,2760.0,10.738828199915588,2.0667366000125185,12.805564799928106,712.6924132996937,0.0,0.0,134.3392106523121,2760.0,40.307308891868026,1329.5166893655698,40.307308891868026,40.307308891868026,0.0,True,False,incumbent_not_worse,0,0,0,0,23,4,0.17391304347826086,153.3127700038618,1564.0,False,,,True,2,0
aco,adaptive,46,2760.0,46.0,9,recovering,recovering,0 12 32 51,2797,1.3054830287206267,0.766,0.64,33.943182672163054,18.766666666666666,7,0,7,1.5104998142134254,1.5104998142134254,135.84971046652552,60.0,2820.0,0.0,0.0,0.0,712.6924132996937,0.0,0.0,135.84971046652552,2820.0,37.985321101465644,1307.9417375952225,,,,False,False,not_attempted,0,0,0,0,16,1,0.0625,153.3127700038618,1564.0,False,,,False,2,0
aco,adaptive,47,2820.0,47.0,9,recovering,recovering,0 12 32 51,2797,1.2626262626262625,0.792,0.68,34.058194570117074,18.783333333333335,7,0,7,0.18666666666666665,0.18666666666666665,136.0363771331922,60.0,2880.0,0.0,0.0,0.0,712.6924132996937,0.0,0.0,136.0363771331922,2880.0,35.376774926772285,1155.0830234679106,,,,False,False,not_attempted,0,0,0,0,0,0,0.0,153.3127700038618,1564.0,False,,,False,1,0
aco,adaptive,48,2880.0,48.0,9,recovering,recovering,0 12 32 51,2797,1.2224938875305624,0.818,0.72,34.166604107310576,18.8,7,2,5,0.6125628865594346,0.3062814432797173,136.64894001975162,60.0,2940.0,0.0,0.0,0.0,712.6924132996937,0.0,0.0,136.64894001975162,2940.0,34.22154091759951,1154.3086799932398,,,,False,False,not_attempted,0,0,0,0,11,0,0.0,153.3127700038618,1564.0,False,,,False,1,0
aco,adaptive,49,2940.0,49.0,9,recovering,recovering,0 12 32 51,2797,1.1848341232227486,0.8440000000000001,0.76,34.268963942438084,18.816666666666666,5,0,5,0.18615299423532056,0.18615299423532056,136.83509301398695,60.0,3000.0,0.0,0.0,0.0,712.6924132996937,0.0,0.0,136.83509301398695,3000.0,32.60193135487259,1123.7835580139583,,,,False,False,not_attempted,0,0,0,0,19,0,0.0,153.3127700038618,1564.0,False,,,False,1,0
aco,adaptive,50,3000.0,50.0,10,recovering,recovering,0 12 32 51,2797,1.1494252873563218,0.87,0.8,34.365766727216055,18.833333333333332,5,0,5,0.09333333333333332,0.09333333333333332,136.92842634732028,60.0,3060.0,10.513872200041078,0.9207002999028191,11.434572499943897,724.1269857996376,0.0,0.0,136.92842634732028,3060.0,31.336945233342924,976.1055255439717,31.336945233342924,31.336945233342924,0.0,True,False,incumbent_not_worse,0,0,0,0,0,0,0.0,153.3127700038618,1564.0,False,,,True,1,0
aco,adaptive,51,3060.0,51.0,10,recovering,recovering,0 12 32 51,2797,1.1160714285714286,0.896,0.84,34.45745303550113,18.85,5,1,4,0.16094359499022945,0.16094359499022945,137.08936994231053,60.0,3120.0,0.0,0.0,0.0,724.1269857996376,0.0,0.0,137.08936994231053,3120.0,30.44901451310386,1010.7438040573782,,,,False,False,not_attempted,0,0,0,0,11,0,0.0,153.3127700038618,1564.0,False,,,False,1,0
aco,adaptive,52,3120.0,52.0,10,recovering,recovering,0 12 32 51,2797,1.0845986984815619,0.922,0.88,34.54441806750724,18.866666666666667,4,0,4,0.09333333333333332,0.09333333333333332,137.18270327564386,60.0,3180.0,0.0,0.0,0.0,724.1269857996376,0.0,0.0,137.18270327564386,3180.0,29.33916599710455,870.420955826978,,,,False,False,not_attempted,0,0,0,0,0,0,0.0,153.3127700038618,1564.0,False,,,False,1,0
aco,adaptive,53,3180.0,53.0,10,recovering,recovering,0 12 32 51,2797,1.0548523206751055,0.9480000000000001,0.92,34.62701734434191,18.883333333333333,4,1,3,0.20696865087103522,0.20696865087103522,137.3896719265149,60.0,3240.0,0.0,0.0,0.0,724.1269857996376,0.0,0.0,137.3896719265149,3240.0,28.509323210694422,698.9643864570639,,,,False,False,not_attempted,0,0,0,0,7,0,0.0,153.3127700038618,1564.0,False,,,False,1,0
aco,adaptive,54,3240.0,54.0,10,recovering,recovering,0 12 32 51,2797,1.026694045174538,0.974,0.96,34.705571565923464,18.9,3,0,3,0.32290611500583555,0.32290611500583555,137.71257804152071,60.0,3300.0,0.0,0.0,0.0,724.1269857996376,0.0,0.0,137.71257804152071,3300.0,27.492175930460405,704.2640589410678,,,,False,False,not_attempted,0,0,0,0,13,0,0.0,153.3127700038618,1564.0,False,,,False,1,0
aco,adaptive,55,3300.0,55.0,11,normal,recovered,0 12 32 51,0,1.0,1.0,1.0,34.78037077224997,18.916666666666668,3,0,3,0.09333333333333332,0.09333333333333332,137.80591137485405,60.0,3360.0,10.439884899999015,0.5074703000718728,10.947355200070888,735.0743409997085,0.0,0.0,137.80591137485405,3360.0,26.284974297392967,548.501640955147,26.284974297392967,26.284974297392967,0.0,True,False,incumbent_not_worse,0,0,0,0,0,0,0.0,153.3127700038618,1564.0,False,,,True,1,0
aco,adaptive,56,3360.0,56.0,11,normal,normal,0 12 32 51,0,1.0,1.0,1.0,34.78037077224997,18.933333333333334,3,1,2,0.48328096678081467,0.48328096678081467,138.28919234163487,60.0,3420.0,0.0,0.0,0.0,735.0743409997085,0.0,0.0,138.28919234163487,3420.0,26.284974297392967,548.501640955147,,,,False,False,not_attempted,0,0,0,0,6,0,0.0,153.3127700038618,1612.0,False,,,False,1,0
aco,adaptive,57,3420.0,57.0,11,normal,normal,0 12 32 51,0,1.0,1.0,1.0,34.78037077224997,18.95,2,0,2,0.09333333333333332,0.09333333333333332,138.3825256749682,60.0,3480.0,0.0,0.0,0.0,735.0743409997085,0.0,0.0,138.3825256749682,3480.0,25.67693540881849,488.16774001705886,,,,False,False,not_attempted,0,0,0,0,0,0,0.0,153.3127700038618,1612.0,False,,,False,1,0
aco,adaptive,58,3480.0,58.0,11,normal,normal,0 12 32 51,0,1.0,1.0,1.0,34.78037077224997,18.966666666666665,2,1,1,0.19883989405678887,0.19883989405678887,138.581365569025,60.0,3540.0,0.0,0.0,0.0,735.0743409997085,0.0,0.0,138.581365569025,3540.0,25.67693540881849,488.16774001705886,,,,False,False,not_attempted,0,0,0,0,2,0,0.0,153.3127700038618,1713.0,False,,,False,1,0
aco,adaptive,59,3540.0,59.0,11,normal,normal,0 12 32 51,0,1.0,1.0,1.0,34.78037077224997,18.983333333333334,1,0,1,1.09756106280352,1.09756106280352,139.67892663182852,60.0,3600.0,0.0,0.0,0.0,735.0743409997085,0.0,0.0,139.67892663182852,3600.0,25.455655872422618,488.16774001705886,,,,False,False,not_attempted,0,0,0,0,30,0,0.0,153.3127700038618,1713.0,False,,,False,1,0
aco,adaptive,60,3600.0,60.0,12,normal,normal,0 12 32 51,0,1.0,1.0,1.0,37.52283759547087,19.0,1,0,1,0.2695772942879261,0.2695772942879261,139.94850392611644,60.0,3660.0,5.1814745999872684,0.2505939999828115,5.43206859997008,740.5064095996786,0.0,0.0,139.94850392611644,3660.0,20.880771462621606,416.4270139322331,20.880771462621606,20.880771462621606,0.0,True,False,incumbent_not_worse,0,0,0,0,0,0,0.0,153.3127700038618,1713.0,False,,,True,1,0
aco,adaptive,61,3660.0,61.0,12,normal,normal,0 12 32 51,0,1.0,1.0,1.0,37.52283759547087,19.016666666666666,1,0,1,0.09333333333333332,0.09333333333333332,140.04183725944978,60.0,3720.0,0.0,0.0,0.0,740.5064095996786,0.0,0.0,140.04183725944978,3720.0,20.69410479595494,416.4270139322331,,,,False,False,not_attempted,0,0,0,0,0,0,0.0,153.3127700038618,1713.0,False,,,False,0,0
aco,adaptive,62,3720.0,62.0,12,normal,normal,0 12 32 51,0,1.0,1.0,1.0,37.52283759547087,19.033333333333335,1,1,0,20.679607044186866,20.679607044186866,160.72144430363664,420.7215654205175,4140.721565420517,0.0,0.0,0.0,740.5064095996786,0.0,0.0,160.72144430363664,4140.721565420517,20.69410479595494,416.4270139322331,,,,False,False,not_attempted,0,0,0,0,524,0,0.0,150.97302881930722,1874.0,True,,,False,0,0
aco,static_live,0,0.0,0.0,0,normal,initial,0 12 32 51,0,1.0,1.0,0.0,34.78037077224997,18.0,84,0,84,18.680839634308782,18.680839634308782,18.680839634308782,60.0,60.0,9.003784299944527,22.83633279998321,31.84011709992774,31.84011709992774,0.0,0.0,18.680839634308782,60.0,129.8572811733068,2948.952446263193,,,,False,False,initial_plan,0,0,0,0,130,0,0.0,177.2717760608753,0.0,False,,,True,10,10
aco,static_live,1,60.0,1.0,0,normal,normal,0 12 32 51,0,1.0,1.0,0.0,34.78037077224997,18.016666666666666,84,0,84,4.7680615934003905,4.7680615934003905,23.44890122770917,60.0,120.0,0.0,0.0,0.0,31.84011709992774,0.0,0.0,23.44890122770917,120.0,110.44402959570512,2884.5846107093394,,,,False,False,not_attempted,0,0,0,0,76,0,0.0,176.09020652430007,0.0,False,,,False,10,10
aco,static_live,2,120.0,2.0,0,normal,normal,0 12 32 51,0,1.0,1.0,0.0,34.78037077224997,18.033333333333335,84,3,81,5.306297452810553,1.7687658176035177,28.755198680519726,60.0,180.0,0.0,0.0,0.0,31.84011709992774,0.0,0.0,28.755198680519726,180.0,105.15915328473176,2752.5964808827875,,,,False,False,not_attempted,0,0,0,0,66,0,0.0,174.7596401655785,215.0,False,,,False,9,7
aco,static_live,3,180.0,3.0,0,normal,normal,0 12 32 51,0,1.0,1.0,0.0,34.78037077224997,18.05,81,3,78,4.660065898009958,1.5533552993366528,33.41526457852969,60.0,240.0,0.0,0.0,0.0,31.84011709992774,0.0,0.0,33.41526457852969,240.0,100.06592291517671,2752.5964808827875,,,,False,False,not_attempted,0,0,0,0,63,0,0.0,174.60001662259305,215.0,False,,,False,9,4
aco,static_live,4,240.0,4.0,0,normal,normal,0 12 32 51,0,1.0,1.0,0.0,34.78037077224997,18.066666666666666,78,1,77,3.024516702171434,3.024516702171434,36.43978128070112,60.0,300.0,0.0,0.0,0.0,31.84011709992774,0.0,0.0,36.43978128070112,300.0,95.65128679094272,2700.7402108848582,,,,False,False,not_attempted,0,0,0,0,41,0,0.0,174.23595111138894,241.0,False,,,False,9,4
aco,static_live,5,300.0,5.0,1,normal,normal,0 12 32 51,0,1.0,1.0,0.0,34.78037077224997,18.083333333333332,77,4,73,2.8679341198432,0.7169835299608,39.30771540054432,60.0,360.0,0.0,0.0,0.0,31.84011709992774,0.0,0.0,39.30771540054432,360.0,92.80451466956619,2531.148694412799,,,,False,False,not_attempted,0,0,0,0,31,0,0.0,174.1426177780556,402.0,False,,,False,9,2
aco,static_live,6,360.0,6.0,1,normal,normal,0 12 32 51,0,1.0,1.0,0.0,34.78037077224997,18.1,73,3,70,3.5198933529509064,1.1732977843169687,42.82760875349523,60.0,420.0,0.0,0.0,0.0,31.84011709992774,0.0,0.0,42.82760875349523,420.0,89.49872562010101,2531.148694412799,,,,False,False,not_attempted,0,0,0,0,44,0,0.0,173.80269504982573,422.0,False,,,False,9,1
aco,static_live,7,420.0,7.0,1,normal,normal,0 12 32 51,0,1.0,1.0,0.0,34.78037077224997,18.116666666666667,70,3,67,4.091652081357425,1.3638840271191415,46.91926083485265,60.0,480.0,0.0,0.0,0.0,31.84011709992774,0.0,0.0,46.91926083485265,480.0,86.23763270067052,2527.8765656637133,,,,False,False,not_attempted,0,0,0,0,30,0,0.0,171.7315048732715,641.0,False,,,False,9,1
aco,static_live,8,480.0,8.0,1,normal,normal,0 12 32 51,0,1.0,1.0,0.0,34.78037077224997,18.133333333333333,67,4,63,1.9465284663171223,0.48663211657928057,48.86578930116977,60.0,540.0,0.0,0.0,0.0,31.84011709992774,0.0,0.0,48.86578930116977,540.0,82.12902723057795,2353.8339100285225,,,,False,False,not_attempted,0,0,0,0,27,0,0.0,171.63817153993816,647.0,False,,,False,9,0
aco,static_live,9,540.0,9.0,1,normal,normal,0 12 32 51,0,1.0,1.0,0.0,34.78037077224997,18.15,63,4,59,3.8465037675471145,0.9616259418867786,52.71229306871688,60.0,600.0,0.0,0.0,0.0,31.84011709992774,0.0,0.0,52.71229306871688,600.0,80.2902564326039,2353.8339100285225,,,,False,False,not_attempted,0,0,0,0,34,0,0.0,171.54640459197284,647.0,False,,,False,9,0
aco,static_live,10,600.0,10.0,2,degrading,degrading,0 12 32 51,0,1.0,1.0,0.0,34.78037077224997,18.166666666666668,59,2,57,2.2406318836965116,1.1203159418482558,54.95292495241339,60.0,660.0,0.0,0.0,0.0,31.84011709992774,0.0,0.0,54.95292495241339,660.0,76.26459852359919,2334.9570515159016,,,,False,False,not_attempted,0,0,0,0,28,0,0.0,171.29011539682318,871.0,False,,,False,9,0
aco,static_live,11,660.0,11.0,2,degrading,degrading,0 12 32 51,2797,1.06951871657754,0.935,0.0,34.58624261731833,18.183333333333334,57,3,54,1.7990741366493452,0.5996913788831151,56.751999089062735,60.0,720.0,0.0,0.0,0.0,31.84011709992774,0.0,0.0,56.751999089062735,720.0,79.11076646752893,2200.286403797221,,,,False,False,not_attempted,0,0,0,0,24,3,0.125,171.19678206348985,871.0,False,,,False,7,0
aco,static_live,12,720.0,12.0,2,degrading,degrading,0 12 32 51,2797,1.1494252873563218,0.87,0.0,34.365766727216055,18.2,54,4,50,2.2800841530879987,0.5700210382719997,59.03208324215073,60.0,780.0,0.0,0.0,0.0,31.84011709992774,0.0,0.0,59.03208324215073,780.0,82.7787822902032,2213.983644695745,,,,False,False,not_attempted,0,0,0,0,37,5,0.13513513513513514,170.7053520396286,1037.0,False,,,False,7,0
aco,static_live,13,780.0,13.0,2,degrading,degrading,0 12 32 51,2797,1.2422360248447206,0.8049999999999999,0.0,34.11318858383695,18.216666666666665,50,3,47,1.8055917285269545,0.6018639095089848,60.83767497067769,60.0,840.0,0.0,0.0,0.0,31.84011709992774,0.0,0.0,60.83767497067769,840.0,86.6566233839059,2189.5238468420507,,,,False,False,not_attempted,0,0,0,0,20,1,0.05,170.01502271405593,1037.0,False,,,False,7,0
aco,static_live,14,840.0,14.0,2,degrading,degrading,0 12 32 51,2797,1.3513513513513513,0.74,0.0,33.820946324459584,18.233333333333334,47,2,45,1.6167015732952945,0.8083507866476473,62.454376543972984,60.0,900.0,0.0,0.0,0.0,31.84011709992774,0.0,0.0,62.454376543972984,900.0,91.93243703446728,2024.130588562227,,,,False,False,not_attempted,0,0,0,0,12,0,0.0,169.912246448997,1037.0,False,,,False,7,0
aco,static_live,15,900.0,15.0,3,degrading,degrading,0 12 32 51,2797,1.4814814814814814,0.675,0.0,33.47890073173456,18.25,45,4,41,1.5783474556446269,0.3945868639111567,64.03272399961762,60.0,960.0,0.0,0.0,0.0,31.84011709992774,0.0,0.0,64.03272399961762,960.0,99.1469826616856,2098.880114303761,,,,False,False,not_attempted,0,0,0,0,32,8,0.25,169.80947018393806,1142.0,False,,,False,7,0
aco,static_live,16,960.0,16.0,3,degrading,degrading,0 12 32 51,2797,1.639344262295082,0.61,0.0,33.073134884250216,18.266666666666666,41,1,40,2.7381185133455603,2.7381185133455603,66.77084251296317,60.0,1020.0,0.0,0.0,0.0,31.84011709992774,0.0,0.0,66.77084251296317,1020.0,107.20885046314817,2127.0942974721866,,,,False,False,not_attempted,0,0,0,0,39,1,0.02564102564102564,169.5629603131352,1142.0,False,,,False,7,0
aco,static_live,17,1020.0,17.0,3,degrading,degrading,0 12 32 51,2797,1.8348623853211008,0.545,0.0,32.58401405704252,18.283333333333335,40,3,37,5.17641499593476,1.7254716653115867,71.94725750889793,60.0,1080.0,0.0,0.0,0.0,31.84011709992774,0.0,0.0,71.94725750889793,1080.0,115.41158331128649,2204.507510888077,,,,False,False,not_attempted,0,0,0,0,35,3,0.08571428571428572,169.0078052550611,1391.0,False,,,False,7,0
aco,static_live,18,1080.0,18.0,3,degrading,degrading,0 12 32 51,2797,2.0833333333333335,0.48,0.0,31.982913113523583,18.3,37,0,37,2.997762406851772,2.997762406851772,74.94501991574971,60.0,1140.0,0.0,0.0,0.0,31.84011709992774,0.0,0.0,74.94501991574971,1140.0,124.17527406454793,2142.227403543653,,,,False,False,not_attempted,0,0,0,0,11,2,0.18181818181818182,168.7458575592287,1391.0,False,,,False,6,0
aco,static_live,19,1140.0,19.0,3,degrading,degrading,0 12 32 51,2797,2.409638554216868,0.4149999999999999,0.0,31.226405631426534,18.316666666666666,37,3,34,5.35053006483971,1.7835100216132365,80.29554998058941,60.0,1200.0,0.0,0.0,0.0,31.84011709992774,0.0,0.0,80.29554998058941,1200.0,138.74193721255807,2237.6806235683775,,,,False,False,not_attempted,0,0,0,0,36,4,0.1111111111111111,168.02211790667062,1391.0,False,,,False,5,0
aco,static_live,20,1200.0,20.0,4,disrupted,holding,0 12 32 51,2797,2.857142857142857,0.35,0.0,30.24527695785376,18.333333333333332,34,2,32,1.9833991408081142,0.9916995704040571,82.27894912139753,60.0,1260.0,0.0,0.0,0.0,31.84011709992774,0.0,0.0,82.27894912139753,1260.0,155.4907693519743,2319.9618383837665,,,,False,False,not_attempted,0,0,0,0,17,0,0.0,167.53181007543304,1530.0,False,,,False,5,0
aco,static_live,21,1260.0,21.0,4,disrupted,disrupted,0 12 32 51,2797,2.857142857142857,0.35,0.0,30.24527695785376,18.35,32,0,32,0.6162369831488559,0.6162369831488559,82.89518610454638,60.0,1320.0,0.0,0.0,0.0,31.84011709992774,0.0,0.0,82.89518610454638,1320.0,153.57331286786504,2188.79671114439,,,,False,False,not_attempted,0,0,0,0,6,0,0.0,167.4384767420997,1530.0,False,,,False,5,0
aco,static_live,22,1320.0,22.0,4,disrupted,disrupted,0 12 32 51,2797,2.857142857142857,0.35,0.0,30.24527695785376,18.366666666666667,32,4,28,2.159430928487276,0.539857732121819,85.05461703303367,60.0,1380.0,0.0,0.0,0.0,31.84011709992774,0.0,0.0,85.05461703303367,1380.0,153.35618192959564,2188.79671114439,,,,False,False,not_attempted,0,0,0,0,16,1,0.0625,166.73069851940215,1530.0,False,,,False,5,0
aco,static_live,23,1380.0,23.0,4,disrupted,disrupted,0 12 32 51,2797,2.857142857142857,0.35,0.0,30.24527695785376,18.383333333333333,28,0,28,4.564479931210429,4.564479931210429,89.6190969642441,60.0,1440.0,0.0,0.0,0.0,31.84011709992774,0.0,0.0,89.6190969642441,1440.0,150.64962917972,2050.9344809191084,,,,False,False,not_attempted,0,0,0,0,14,4,0.2857142857142857,162.92084093871458,1530.0,False,,,False,5,0
aco,static_live,24,1440.0,24.0,4,disrupted,disrupted,0 12 32 51,2797,2.857142857142857,0.35,0.0,30.24527695785376,18.4,28,2,26,1.2445550850148501,0.6222775425074251,90.86365204925895,60.0,1500.0,0.0,0.0,0.0,31.84011709992774,0.0,0.0,90.86365204925895,1500.0,146.35582558214037,2050.9344809191084,,,,False,False,not_attempted,0,0,0,0,17,0,0.0,162.82750760538124,1530.0,False,,,False,5,0
aco,static_live,25,1500.0,25.0,5,disrupted,disrupted,0 12 32 51,2797,2.857142857142857,0.35,0.0,30.24527695785376,18.416666666666668,26,2,24,1.2413815789264988,0.6206907894632494,92.10503362818544,60.0,1560.0,0.0,0.0,0.0,31.84011709992774,0.0,0.0,92.10503362818544,1560.0,145.17048381314262,2015.5303619259735,,,,False,False,not_attempted,0,0,0,0,18,1,0.05555555555555555,162.73252117736808,1530.0,False,,,False,5,0
aco,static_live,26,1560.0,26.0,5,disrupted,disrupted,0 12 32 51,2797,2.857142857142857,0.35,0.0,30.24527695785376,18.433333333333334,24,1,23,2.265560916642086,2.265560916642086,94.37059454482753,60.0,1620.0,0.0,0.0,0.0,31.84011709992774,0.0,0.0,94.37059454482753,1620.0,142.92177040902064,1884.3720600266129,,,,False,False,not_attempted,0,0,0,0,4,1,0.25,161.03228907063576,1530.0,False,,,False,5,0
aco,static_live,27,1620.0,27.0,5,disrupted,disrupted,0 12 32 51,2797,2.857142857142857,0.35,0.0,30.24527695785376,18.45,23,3,20,2.9613724016249607,0.9871241338749869,97.33196694645248,60.0,1680.0,0.0,0.0,0.0,31.84011709992774,0.0,0.0,97.33196694645248,1680.0,141.62816737302757,1884.3720600266129,,,,False,False,not_attempted,0,0,0,0,30,2,0.06666666666666667,160.01314649980793,1530.0,False,,,False,5,0
aco,static_live,28,1680.0,28.0,5,disrupted,disrupted,0 12 32 51,2797,2.857142857142857,0.35,0.0,30.24527695785376,18.466666666666665,20,0,20,4.495087673543862,4.495087673543862,101.82705461999635,60.0,1740.0,0.0,0.0,0.0,31.84011709992774,0.0,0.0,101.82705461999635,1740.0,138.3922911583792,1837.2665135453817,,,,False,False,not_attempted,0,0,0,0,13,4,0.3076923076923077,157.56872075773012,1530.0,False,,,False,5,0
aco,static_live,29,1740.0,29.0,5,disrupted,disrupted,0 12 32 51,2797,2.857142857142857,0.35,0.0,30.24527695785376,18.483333333333334,20,2,18,2.171733454233284,1.085866727116642,103.99878807422964,60.0,1800.0,0.0,0.0,0.0,31.84011709992774,0.0,0.0,103.99878807422964,1800.0,133.4565922743741,1696.7137326166348,,,,False,False,not_attempted,0,0,0,0,25,1,0.04,155.92983910804568,1530.0,False,,,False,4,0
aco,static_live,30,1800.0,30.0,6,recovering,recovering,0 12 32 51,2797,2.857142857142857,0.35,0.0,30.24527695785376,18.5,18,2,16,2.0686235093220224,1.0343117546610112,106.06741158355166,60.0,1860.0,0.0,0.0,0.0,31.84011709992774,0.0,0.0,106.06741158355166,1860.0,131.93010937794975,1696.7137326166348,,,,False,False,not_attempted,0,0,0,0,7,2,0.2857142857142857,155.83650577471235,1564.0,False,,,False,4,0
aco,static_live,31,1860.0,31.0,6,recovering,recovering,0 12 32 51,2797,2.6595744680851063,0.376,0.04,30.670726715627296,18.516666666666666,16,2,14,2.4754233106038113,1.2377116553019056,108.54283489415548,60.0,1920.0,0.0,0.0,0.0,31.84011709992774,0.0,0.0,108.54283489415548,1920.0,121.60226250534015,1612.0351293801937,,,,False,False,not_attempted,0,0,0,0,23,3,0.13043478260869565,154.8669936122812,1564.0,False,,,False,4,0
aco,static_live,32,1920.0,32.0,6,recovering,recovering,0 12 32 51,2797,2.4875621890547266,0.40199999999999997,0.08,31.0510110649113,18.533333333333335,14,1,13,4.965318103531518,4.965318103531518,113.50815299768699,60.0,1980.0,0.0,0.0,0.0,31.84011709992774,0.0,0.0,113.50815299768699,1980.0,111.23200121619142,1506.0689692123829,,,,False,False,not_attempted,0,0,0,0,31,2,0.06451612903225806,152.6326588375316,1564.0,False,,,False,4,0
aco,static_live,33,1980.0,33.0,6,recovering,recovering,0 12 32 51,2797,2.336448598130841,0.428,0.12,31.392959580447428,18.55,13,0,13,2.462607618065664,2.462607618065664,115.97076061575265,60.0,2040.0,0.0,0.0,0.0,31.84011709992774,0.0,0.0,115.97076061575265,2040.0,100.07919389962252,1408.1959735075607,,,,False,False,not_attempted,0,0,0,0,28,0,0.0,152.4117309467133,1564.0,False,,,False,4,0
aco,static_live,34,2040.0,34.0,6,recovering,recovering,0 12 32 51,2797,2.2026431718061676,0.45399999999999996,0.16,31.702090954731577,18.566666666666666,13,1,12,1.0369997335327146,1.0369997335327146,117.00776034928536,60.0,2100.0,0.0,0.0,0.0,31.84011709992774,0.0,0.0,117.00776034928536,2100.0,91.70232020584594,1302.0633620575695,,,,False,False,not_attempted,0,0,0,0,54,0,0.0,152.31839761337997,1564.0,False,,,False,4,0
aco,static_live,35,2100.0,35.0,7,recovering,recovering,0 12 32 51,2797,2.0833333333333335,0.48,0.2,31.982913113523583,18.583333333333332,12,1,11,4.241545423355291,4.241545423355291,121.24930577264065,60.0,2160.0,0.0,0.0,0.0,31.84011709992774,0.0,0.0,121.24930577264065,2160.0,85.08718683845146,1227.8939553442121,,,,False,False,not_attempted,0,0,0,0,11,6,0.5454545454545454,150.06919306868866,1564.0,False,,,False,4,0
aco,static_live,36,2160.0,36.0,7,recovering,recovering,0 12 32 51,2797,1.976284584980237,0.506,0.24,32.23914449062352,18.6,11,1,10,1.9495843493174787,1.9495843493174787,123.19889012195813,60.0,2220.0,0.0,0.0,0.0,31.84011709992774,0.0,0.0,123.19889012195813,2220.0,76.02757613876292,1126.549148737424,,,,False,False,not_attempted,0,0,0,0,18,4,0.2222222222222222,149.97585973535533,1564.0,False,,,False,2,0
aco,static_live,37,2220.0,37.0,7,recovering,recovering,0 12 32 51,2797,1.8796992481203008,0.532,0.28,32.47387961181962,18.616666666666667,10,2,8,0.6402330629594153,0.32011653147970764,123.83912318491754,60.0,2280.0,0.0,0.0,0.0,31.84011709992774,0.0,0.0,123.83912318491754,2280.0,70.39440229551964,1063.4945477228025,,,,False,False,not_attempted,0,0,0,0,7,1,0.14285714285714285,149.90739163536185,1750.0,False,,,False,2,0
aco,static_live,38,2280.0,38.0,7,recovering,recovering,0 12 32 51,2797,1.7921146953405016,0.558,0.32,32.6897146821153,18.633333333333333,8,0,8,0.18666666666666665,0.18666666666666665,124.02578985158421,60.0,2340.0,0.0,0.0,0.0,31.84011709992774,0.0,0.0,124.02578985158421,2340.0,65.9964288527107,923.7698689607406,,,,False,False,not_attempted,0,0,0,0,0,0,0.0,149.90739163536185,1750.0,False,,,False,2,0
aco,static_live,39,2340.0,39.0,7,recovering,recovering,0 12 32 51,2797,1.7123287671232879,0.584,0.36,32.888844011416055,18.65,8,2,6,1.9087885027032065,0.9543942513516033,125.93457835428741,60.0,2400.0,0.0,0.0,0.0,31.84011709992774,0.0,0.0,125.93457835428741,2400.0,62.58504095362109,765.6525988073705,,,,False,False,not_attempted,0,0,0,0,9,3,0.3333333333333333,149.90739163536185,1750.0,False,,,False,2,0
aco,static_live,40,2400.0,40.0,8,recovering,recovering,0 12 32 51,2797,1.639344262295082,0.61,0.4,33.073134884250216,18.666666666666668,6,0,6,0.18666666666666665,0.18666666666666665,126.12124502095408,60.0,2460.0,0.0,0.0,0.0,31.84011709992774,0.0,0.0,126.12124502095408,2460.0,57.25332451906084,612.0418553746485,,,,False,False,not_attempted,0,0,0,0,0,0,0.0,149.90739163536185,1750.0,False,,,False,2,0
aco,static_live,41,2460.0,41.0,8,recovering,recovering,0 12 32 51,2797,1.572327044025157,0.636,0.44,33.24418629355876,18.683333333333334,6,2,4,1.0893950554615017,0.5446975277307509,127.21064007641559,60.0,2520.0,0.0,0.0,0.0,31.84011709992774,0.0,0.0,127.21064007641559,2520.0,54.36541070913783,600.0641361050338,,,,False,False,not_attempted,0,0,0,0,8,1,0.125,149.90739163536185,1774.0,False,,,False,2,0
aco,static_live,42,2520.0,42.0,8,recovering,recovering,0 12 32 51,2797,1.5105740181268883,0.6619999999999999,0.48,33.40337545509262,18.7,4,0,4,2.162841197617424,2.162841197617424,129.373481274033,60.0,2580.0,0.0,0.0,0.0,31.84011709992774,0.0,0.0,129.373481274033,2580.0,50.329835455674356,553.3782396665927,,,,False,False,not_attempted,0,0,0,0,13,7,0.5384615384615384,149.90739163536185,1774.0,False,,,False,2,0
aco,static_live,43,2580.0,43.0,8,recovering,recovering,0 12 32 51,2797,1.4534883720930234,0.688,0.52,33.551894968932665,18.716666666666665,4,0,4,0.6783441032698181,0.6783441032698181,130.0518253773028,60.0,2640.0,0.0,0.0,0.0,31.84011709992774,0.0,0.0,130.0518253773028,2640.0,45.93302833229637,490.216285724561,,,,False,False,not_attempted,0,0,0,0,4,4,1.0,149.90739163536185,1774.0,False,,,False,2,0
aco,static_live,44,2640.0,44.0,8,recovering,recovering,0 12 32 51,2797,1.400560224089636,0.714,0.56,33.690782751054904,18.733333333333334,4,1,3,1.4907102084638733,1.4907102084638733,131.54253558576667,60.0,2700.0,0.0,0.0,0.0,31.84011709992774,0.0,0.0,131.54253558576667,2700.0,43.18387284983654,427.65816298386426,,,,False,False,not_attempted,0,0,0,0,5,5,1.0,149.90739163536185,1917.0,False,,,False,2,0
aco,static_live,45,2700.0,45.0,9,recovering,recovering,0 12 32 51,2797,1.3513513513513513,0.74,0.6,33.820946324459584,18.75,3,0,3,2.030486209083148,2.030486209083148,133.5730217948498,60.0,2760.0,0.0,0.0,0.0,31.84011709992774,0.0,0.0,133.5730217948498,2760.0,39.358316649636095,418.048130485313,,,,False,False,not_attempted,0,0,0,0,5,5,1.0,149.90739163536185,1917.0,False,,,False,2,0
aco,static_live,46,2760.0,46.0,9,recovering,recovering,0 12 32 51,2797,1.3054830287206267,0.766,0.64,33.943182672163054,18.766666666666666,3,1,2,3.3842387814119412,3.3842387814119412,136.95726057626175,60.0,2820.0,0.0,0.0,0.0,31.84011709992774,0.0,0.0,136.95726057626175,2820.0,35.28234764721951,412.364204660993,,,,False,False,not_attempted,0,0,0,0,14,14,1.0,147.47172446807988,1917.0,False,,,False,2,0
aco,static_live,47,2820.0,47.0,9,recovering,recovering,0 12 32 51,2797,1.2626262626262625,0.792,0.68,34.058194570117074,18.783333333333335,2,0,2,0.18666666666666665,0.18666666666666665,137.1439272429284,60.0,2880.0,0.0,0.0,0.0,31.84011709992774,0.0,0.0,137.1439272429284,2880.0,30.83211628707464,407.0534658857442,,,,False,False,not_attempted,0,0,0,0,0,0,0.0,147.37839113474655,1917.0,False,,,False,0,0
aco,static_live,48,2880.0,48.0,9,recovering,recovering,0 12 32 51,2797,1.2224938875305624,0.818,0.72,34.166604107310576,18.8,2,2,0,26.9591393163422,13.4795696581711,164.10306655927062,414.79252805662753,3294.7925280566274,0.0,0.0,0.0,31.84011709992774,0.0,0.0,164.10306655927062,3294.7925280566274,29.472972663071403,402.0803290864283,,,,False,False,not_attempted,0,0,0,0,325,116,0.3569230769230769,140.74085597007462,1968.0,True,,,False,0,0
aco,static_frozen,0,0.0,0.0,0,normal,initial,0 12 32 51,0,1.0,1.0,0.0,34.78037077224997,18.0,84,0,84,18.680839634308782,18.680839634308782,18.680839634308782,60.0,60.0,9.003784299944527,22.83633279998321,31.84011709992774,31.84011709992774,0.0,0.0,18.680839634308782,60.0,129.8572811733068,2948.952446263193,,,,False,False,initial_plan,0,0,0,0,130,0,0.0,177.2717760608753,0.0,False,,,True,10,10
aco,static_frozen,1,60.0,1.0,0,normal,normal,0 12 32 51,0,1.0,1.0,0.0,34.78037077224997,18.016666666666666,84,0,84,4.7680615934003905,4.7680615934003905,23.44890122770917,60.0,120.0,0.0,0.0,0.0,31.84011709992774,0.0,0.0,23.44890122770917,120.0,110.44402959570512,2884.5846107093394,,,,False,False,not_attempted,0,0,0,0,76,0,0.0,176.09020652430007,0.0,False,,,False,10,10
aco,static_frozen,2,120.0,2.0,0,normal,normal,0 12 32 51,0,1.0,1.0,0.0,34.78037077224997,18.033333333333335,84,3,81,5.306297452810553,1.7687658176035177,28.755198680519726,60.0,180.0,0.0,0.0,0.0,31.84011709992774,0.0,0.0,28.755198680519726,180.0,105.15915328473176,2752.5964808827875,,,,False,False,not_attempted,0,0,0,0,66,0,0.0,174.7596401655785,215.0,False,,,False,9,7
aco,static_frozen,3,180.0,3.0,0,normal,normal,0 12 32 51,0,1.0,1.0,0.0,34.78037077224997,18.05,81,3,78,4.660065898009958,1.5533552993366528,33.41526457852969,60.0,240.0,0.0,0.0,0.0,31.84011709992774,0.0,0.0,33.41526457852969,240.0,100.06592291517671,2752.5964808827875,,,,False,False,not_attempted,0,0,0,0,63,0,0.0,174.60001662259305,215.0,False,,,False,9,4
aco,static_frozen,4,240.0,4.0,0,normal,normal,0 12 32 51,0,1.0,1.0,0.0,34.78037077224997,18.066666666666666,78,1,77,3.024516702171434,3.024516702171434,36.43978128070112,60.0,300.0,0.0,0.0,0.0,31.84011709992774,0.0,0.0,36.43978128070112,300.0,95.6512867909427,2700.7402108848582,,,,False,False,not_attempted,0,0,0,0,41,0,0.0,174.23595111138894,241.0,False,,,False,9,4
aco,static_frozen,5,300.0,5.0,1,normal,normal,0 12 32 51,0,1.0,1.0,0.0,34.78037077224997,18.083333333333332,77,4,73,2.8679341198432,0.7169835299608,39.30771540054432,60.0,360.0,0.0,0.0,0.0,31.84011709992774,0.0,0.0,39.30771540054432,360.0,92.80451466956619,2531.148694412799,,,,False,False,not_attempted,0,0,0,0,31,0,0.0,174.1426177780556,402.0,False,,,False,9,2
aco,static_frozen,6,360.0,6.0,1,normal,normal,0 12 32 51,0,1.0,1.0,0.0,34.78037077224997,18.1,73,3,70,3.5198933529509064,1.1732977843169687,42.82760875349523,60.0,420.0,0.0,0.0,0.0,31.84011709992774,0.0,0.0,42.82760875349523,420.0,89.498725620101,2531.148694412799,,,,False,False,not_attempted,0,0,0,0,44,0,0.0,173.80269504982573,422.0,False,,,False,9,1
aco,static_frozen,7,420.0,7.0,1,normal,normal,0 12 32 51,0,1.0,1.0,0.0,34.78037077224997,18.116666666666667,70,3,67,4.091652081357425,1.3638840271191415,46.91926083485265,60.0,480.0,0.0,0.0,0.0,31.84011709992774,0.0,0.0,46.91926083485265,480.0,86.23763270067052,2527.8765656637133,,,,False,False,not_attempted,0,0,0,0,30,0,0.0,171.7315048732715,641.0,False,,,False,9,1
aco,static_frozen,8,480.0,8.0,1,normal,normal,0 12 32 51,0,1.0,1.0,0.0,34.78037077224997,18.133333333333333,67,4,63,1.9465284663171223,0.48663211657928057,48.86578930116977,60.0,540.0,0.0,0.0,0.0,31.84011709992774,0.0,0.0,48.86578930116977,540.0,82.12902723057795,2353.8339100285225,,,,False,False,not_attempted,0,0,0,0,27,0,0.0,171.63817153993816,647.0,False,,,False,9,0
aco,static_frozen,9,540.0,9.0,1,normal,normal,0 12 32 51,0,1.0,1.0,0.0,34.78037077224997,18.15,63,4,59,3.8465037675471145,0.9616259418867786,52.71229306871688,60.0,600.0,0.0,0.0,0.0,31.84011709992774,0.0,0.0,52.71229306871688,600.0,80.29025643260388,2353.8339100285225,,,,False,False,not_attempted,0,0,0,0,34,0,0.0,171.54640459197284,647.0,False,,,False,9,0
aco,static_frozen,10,600.0,10.0,2,degrading,degrading,0 12 32 51,0,1.0,1.0,0.0,34.78037077224997,18.166666666666668,59,2,57,2.2406318836965116,1.1203159418482558,54.95292495241339,60.0,660.0,0.0,0.0,0.0,31.84011709992774,0.0,0.0,54.95292495241339,660.0,76.26459852359919,2334.9570515159016,,,,False,False,not_attempted,0,0,0,0,28,0,0.0,171.29011539682318,871.0,False,,,False,9,0
aco,static_frozen,11,660.0,11.0,2,degrading,degrading,0 12 32 51,2797,1.06951871657754,0.935,0.0,34.58624261731833,18.183333333333334,57,3,54,1.7990741366493452,0.5996913788831151,56.751999089062735,60.0,720.0,0.0,0.0,0.0,31.84011709992774,0.0,0.0,56.751999089062735,720.0,79.11076646752893,2200.286403797221,,,,False,False,not_attempted,0,0,0,0,24,3,0.125,171.19678206348985,871.0,False,,,False,7,0
aco,static_frozen,12,720.0,12.0,2,degrading,degrading,0 12 32 51,2797,1.1494252873563218,0.87,0.0,34.365766727216055,18.2,54,4,50,2.2800841530879987,0.5700210382719997,59.03208324215073,60.0,780.0,0.0,0.0,0.0,31.84011709992774,0.0,0.0,59.03208324215073,780.0,82.7787822902032,2213.983644695745,,,,False,False,not_attempted,0,0,0,0,37,5,0.13513513513513514,170.7053520396286,1037.0,False,,,False,7,0
aco,static_frozen,13,780.0,13.0,2,degrading,degrading,0 12 32 51,2797,1.2422360248447206,0.8049999999999999,0.0,34.11318858383695,18.216666666666665,50,3,47,1.8055917285269545,0.6018639095089848,60.83767497067769,60.0,840.0,0.0,0.0,0.0,31.84011709992774,0.0,0.0,60.83767497067769,840.0,86.6566233839059,2189.5238468420507,,,,False,False,not_attempted,0,0,0,0,20,1,0.05,170.01502271405593,1037.0,False,,,False,7,0
aco,static_frozen,14,840.0,14.0,2,degrading,degrading,0 12 32 51,2797,1.3513513513513513,0.74,0.0,33.820946324459584,18.233333333333334,47,2,45,1.6167015732952945,0.8083507866476473,62.454376543972984,60.0,900.0,0.0,0.0,0.0,31.84011709992774,0.0,0.0,62.454376543972984,900.0,91.93243703446728,2024.130588562227,,,,False,False,not_attempted,0,0,0,0,12,0,0.0,169.912246448997,1037.0,False,,,False,7,0
aco,static_frozen,15,900.0,15.0,3,degrading,degrading,0 12 32 51,2797,1.4814814814814814,0.675,0.0,33.47890073173456,18.25,45,4,41,1.5783474556446269,0.3945868639111567,64.03272399961762,60.0,960.0,0.0,0.0,0.0,31.84011709992774,0.0,0.0,64.03272399961762,960.0,99.1469826616856,2098.880114303761,,,,False,False,not_attempted,0,0,0,0,32,8,0.25,169.80947018393806,1142.0,False,,,False,7,0
aco,static_frozen,16,960.0,16.0,3,degrading,degrading,0 12 32 51,2797,1.639344262295082,0.61,0.0,33.073134884250216,18.266666666666666,41,1,40,2.7381185133455603,2.7381185133455603,66.77084251296317,60.0,1020.0,0.0,0.0,0.0,31.84011709992774,0.0,0.0,66.77084251296317,1020.0,107.20885046314817,2127.0942974721866,,,,False,False,not_attempted,0,0,0,0,39,1,0.02564102564102564,169.5629603131352,1142.0,False,,,False,7,0
aco,static_frozen,17,1020.0,17.0,3,degrading,degrading,0 12 32 51,2797,1.8348623853211008,0.545,0.0,32.58401405704252,18.283333333333335,40,3,37,5.17641499593476,1.7254716653115867,71.94725750889793,60.0,1080.0,0.0,0.0,0.0,31.84011709992774,0.0,0.0,71.94725750889793,1080.0,115.41158331128649,2204.507510888077,,,,False,False,not_attempted,0,0,0,0,35,3,0.08571428571428572,169.0078052550611,1391.0,False,,,False,7,0
aco,static_frozen,18,1080.0,18.0,3,degrading,degrading,0 12 32 51,2797,2.0833333333333335,0.48,0.0,31.982913113523583,18.3,37,0,37,2.997762406851772,2.997762406851772,74.94501991574971,60.0,1140.0,0.0,0.0,0.0,31.84011709992774,0.0,0.0,74.94501991574971,1140.0,124.17527406454793,2142.227403543653,,,,False,False,not_attempted,0,0,0,0,11,2,0.18181818181818182,168.7458575592287,1391.0,False,,,False,6,0
aco,static_frozen,19,1140.0,19.0,3,degrading,degrading,0 12 32 51,2797,2.409638554216868,0.4149999999999999,0.0,31.226405631426534,18.316666666666666,37,3,34,5.35053006483971,1.7835100216132365,80.29554998058941,60.0,1200.0,0.0,0.0,0.0,31.84011709992774,0.0,0.0,80.29554998058941,1200.0,138.74193721255807,2237.6806235683775,,,,False,False,not_attempted,0,0,0,0,36,4,0.1111111111111111,168.02211790667062,1391.0,False,,,False,5,0
aco,static_frozen,20,1200.0,20.0,4,disrupted,holding,0 12 32 51,2797,2.857142857142857,0.35,0.0,30.24527695785376,18.333333333333332,34,2,32,1.9833991408081142,0.9916995704040571,82.27894912139753,60.0,1260.0,0.0,0.0,0.0,31.84011709992774,0.0,0.0,82.27894912139753,1260.0,155.4907693519743,2319.9618383837665,,,,False,False,not_attempted,0,0,0,0,17,0,0.0,167.53181007543304,1530.0,False,,,False,5,0
aco,static_frozen,21,1260.0,21.0,4,disrupted,disrupted,0 12 32 51,2797,2.857142857142857,0.35,0.0,30.24527695785376,18.35,32,0,32,0.6162369831488559,0.6162369831488559,82.89518610454638,60.0,1320.0,0.0,0.0,0.0,31.84011709992774,0.0,0.0,82.89518610454638,1320.0,153.57331286786504,2188.79671114439,,,,False,False,not_attempted,0,0,0,0,6,0,0.0,167.4384767420997,1530.0,False,,,False,5,0
aco,static_frozen,22,1320.0,22.0,4,disrupted,disrupted,0 12 32 51,2797,2.857142857142857,0.35,0.0,30.24527695785376,18.366666666666667,32,4,28,2.159430928487276,0.539857732121819,85.05461703303367,60.0,1380.0,0.0,0.0,0.0,31.84011709992774,0.0,0.0,85.05461703303367,1380.0,153.35618192959564,2188.79671114439,,,,False,False,not_attempted,0,0,0,0,16,1,0.0625,166.73069851940215,1530.0,False,,,False,5,0
aco,static_frozen,23,1380.0,23.0,4,disrupted,disrupted,0 12 32 51,2797,2.857142857142857,0.35,0.0,30.24527695785376,18.383333333333333,28,0,28,4.564479931210429,4.564479931210429,89.6190969642441,60.0,1440.0,0.0,0.0,0.0,31.84011709992774,0.0,0.0,89.6190969642441,1440.0,150.64962917972,2050.9344809191084,,,,False,False,not_attempted,0,0,0,0,14,4,0.2857142857142857,162.92084093871458,1530.0,False,,,False,5,0
aco,static_frozen,24,1440.0,24.0,4,disrupted,disrupted,0 12 32 51,2797,2.857142857142857,0.35,0.0,30.24527695785376,18.4,28,2,26,1.2445550850148501,0.6222775425074251,90.86365204925895,60.0,1500.0,0.0,0.0,0.0,31.84011709992774,0.0,0.0,90.86365204925895,1500.0,146.35582558214037,2050.9344809191084,,,,False,False,not_attempted,0,0,0,0,17,0,0.0,162.82750760538124,1530.0,False,,,False,5,0
aco,static_frozen,25,1500.0,25.0,5,disrupted,disrupted,0 12 32 51,2797,2.857142857142857,0.35,0.0,30.24527695785376,18.416666666666668,26,2,24,1.2413815789264988,0.6206907894632494,92.10503362818544,60.0,1560.0,0.0,0.0,0.0,31.84011709992774,0.0,0.0,92.10503362818544,1560.0,145.17048381314262,2015.5303619259735,,,,False,False,not_attempted,0,0,0,0,18,1,0.05555555555555555,162.73252117736808,1530.0,False,,,False,5,0
aco,static_frozen,26,1560.0,26.0,5,disrupted,disrupted,0 12 32 51,2797,2.857142857142857,0.35,0.0,30.24527695785376,18.433333333333334,24,1,23,2.265560916642086,2.265560916642086,94.37059454482753,60.0,1620.0,0.0,0.0,0.0,31.84011709992774,0.0,0.0,94.37059454482753,1620.0,142.92177040902064,1884.3720600266129,,,,False,False,not_attempted,0,0,0,0,4,1,0.25,161.03228907063576,1530.0,False,,,False,5,0
aco,static_frozen,27,1620.0,27.0,5,disrupted,disrupted,0 12 32 51,2797,2.857142857142857,0.35,0.0,30.24527695785376,18.45,23,3,20,3.2169360631098587,1.0723120210366195,97.58753060793738,60.0,1680.0,0.0,0.0,0.0,31.84011709992774,0.0,0.0,97.58753060793738,1680.0,141.62816737302757,1884.3720600266129,,,,False,False,not_attempted,0,0,0,0,30,3,0.1,160.01314649980793,1530.0,False,,,False,5,0
aco,static_frozen,28,1680.0,28.0,5,disrupted,disrupted,0 12 32 51,2797,2.857142857142857,0.35,0.0,30.24527695785376,18.466666666666665,20,0,20,4.686606019772136,4.686606019772136,102.27413662770952,60.0,1740.0,0.0,0.0,0.0,31.84011709992774,0.0,0.0,102.27413662770952,1740.0,138.3922911583792,1837.2665135453817,,,,False,False,not_attempted,0,0,0,0,13,4,0.3076923076923077,157.56872075773012,1530.0,False,,,False,5,0
aco,static_frozen,29,1740.0,29.0,5,disrupted,disrupted,0 12 32 51,2797,2.857142857142857,0.35,0.0,30.24527695785376,18.483333333333334,20,2,18,2.171733454233284,1.085866727116642,104.44587008194281,60.0,1800.0,0.0,0.0,0.0,31.84011709992774,0.0,0.0,104.44587008194281,1800.0,133.4565922743741,1696.7137326166348,,,,False,False,not_attempted,0,0,0,0,25,1,0.04,155.92983910804568,1530.0,False,,,False,4,0
aco,static_frozen,30,1800.0,30.0,6,recovering,recovering,0 12 32 51,2797,2.857142857142857,0.35,0.0,30.24527695785376,18.5,18,2,16,4.393435624620094,2.196717812310047,108.83930570656291,60.0,1860.0,0.0,0.0,0.0,31.84011709992774,0.0,0.0,108.83930570656291,1860.0,131.93010937794975,1696.7137326166348,,,,False,False,not_attempted,0,0,0,0,12,7,0.5833333333333334,155.83650577471235,1564.0,False,,,False,4,0
aco,static_frozen,31,1860.0,31.0,6,recovering,recovering,0 12 32 51,2797,2.6595744680851063,0.376,0.04,30.670726715627296,18.516666666666666,16,2,14,10.968126408579304,5.484063204289652,119.80743211514222,60.0,1920.0,0.0,0.0,0.0,31.84011709992774,0.0,0.0,119.80743211514222,1920.0,123.27268615133262,1487.986625475639,,,,False,False,not_attempted,0,0,0,0,16,9,0.5625,152.1805064856287,1564.0,False,,,False,4,0
aco,static_frozen,32,1920.0,32.0,6,recovering,recovering,0 12 32 51,2797,2.4875621890547266,0.40199999999999997,0.08,31.0510110649113,18.533333333333335,14,1,13,4.962867392454077,4.962867392454077,124.77029950759629,60.0,1980.0,0.0,0.0,0.0,31.84011709992774,0.0,0.0,124.77029950759629,1980.0,104.85294031026385,1457.3011375182875,,,,False,False,not_attempted,0,0,0,0,24,6,0.25,150.2931857255929,1564.0,False,,,False,4,0
aco,static_frozen,33,1980.0,33.0,6,recovering,recovering,0 12 32 51,2797,2.336448598130841,0.428,0.12,31.392959580447428,18.55,13,0,13,3.5574513645010755,3.5574513645010755,128.32775087209737,60.0,2040.0,0.0,0.0,0.0,31.84011709992774,0.0,0.0,128.32775087209737,2040.0,94.09750308784267,1184.6984929233863,,,,False,False,not_attempted,0,0,0,0,18,9,0.5,150.19985239225957,1564.0,False,,,False,4,0
aco,static_frozen,34,2040.0,34.0,6,recovering,recovering,0 12 32 51,2797,2.2026431718061676,0.45399999999999996,0.16,31.702090954731577,18.566666666666666,13,2,11,1.5135981472287463,0.7567990736143732,129.84134901932612,60.0,2100.0,0.0,0.0,0.0,31.84011709992774,0.0,0.0,129.84134901932612,2100.0,87.5834485174445,1160.783984463591,,,,False,False,not_attempted,0,0,0,0,40,2,0.05,149.1807974163113,1717.0,False,,,False,4,0
aco,static_frozen,35,2100.0,35.0,7,recovering,recovering,0 12 32 51,2797,2.0833333333333335,0.48,0.2,31.982913113523583,18.583333333333332,11,1,10,3.974320262407151,3.974320262407151,133.81566928173328,60.0,2160.0,0.0,0.0,0.0,31.84011709992774,0.0,0.0,133.81566928173328,2160.0,80.7726894589162,1000.2215273889404,,,,False,False,not_attempted,0,0,0,0,28,2,0.07142857142857142,148.17604450012163,1717.0,False,,,False,4,0
aco,static_frozen,36,2160.0,36.0,7,recovering,recovering,0 12 32 51,2797,1.976284584980237,0.506,0.24,32.23914449062352,18.6,10,1,9,0.6567637295949331,0.6567637295949331,134.4724330113282,60.0,2220.0,0.0,0.0,0.0,31.84011709992774,0.0,0.0,134.4724330113282,2220.0,72.42475860891801,981.0891329231972,,,,False,False,not_attempted,0,0,0,0,14,0,0.0,148.0827111667883,1717.0,False,,,False,2,0
aco,static_frozen,37,2220.0,37.0,7,recovering,recovering,0 12 32 51,2797,1.8796992481203008,0.532,0.28,32.47387961181962,18.616666666666667,9,3,6,1.0935225039066163,0.36450750130220544,135.56595551523483,60.0,2280.0,0.0,0.0,0.0,31.84011709992774,0.0,0.0,135.56595551523483,2280.0,68.14884717869404,929.8686067416102,,,,False,False,not_attempted,0,0,0,0,8,2,0.25,147.26280565328165,1774.0,False,,,False,2,0
aco,static_frozen,38,2280.0,38.0,7,recovering,recovering,0 12 32 51,2797,1.7921146953405016,0.558,0.32,32.6897146821153,18.633333333333333,6,0,6,1.0941272499454573,1.0941272499454573,136.66008276518028,60.0,2340.0,0.0,0.0,0.0,31.84011709992774,0.0,0.0,136.66008276518028,2340.0,63.23638519653475,779.9124185152302,,,,False,False,not_attempted,0,0,0,0,1,1,1.0,146.2620117366695,1774.0,False,,,False,2,0
aco,static_frozen,39,2340.0,39.0,7,recovering,recovering,0 12 32 51,2797,1.7123287671232879,0.584,0.36,32.888844011416055,18.65,6,1,5,0.568712861124423,0.568712861124423,137.2287956263047,60.0,2400.0,0.0,0.0,0.0,31.84011709992774,0.0,0.0,137.2287956263047,2400.0,59.240901806498776,765.6525988073705,,,,False,False,not_attempted,0,0,0,0,6,0,0.0,146.16867840333617,1774.0,False,,,False,2,0
aco,static_frozen,40,2400.0,40.0,8,recovering,recovering,0 12 32 51,2797,1.639344262295082,0.61,0.4,33.073134884250216,18.666666666666668,5,1,4,1.7563367213323335,1.7563367213323335,138.98513234763703,60.0,2460.0,0.0,0.0,0.0,31.84011709992774,0.0,0.0,138.98513234763703,2460.0,55.58275995561672,612.0418553746485,,,,False,False,not_attempted,0,0,0,0,4,4,1.0,144.5056750153372,1917.0,False,,,False,2,0
aco,static_frozen,41,2460.0,41.0,8,recovering,recovering,0 12 32 51,2797,1.572327044025157,0.636,0.44,33.24418629355876,18.683333333333334,4,1,3,2.917814125119679,2.917814125119679,141.90294647275672,60.0,2520.0,0.0,0.0,0.0,31.84011709992774,0.0,0.0,141.90294647275672,2520.0,50.95216459473952,600.0641361050338,,,,False,False,not_attempted,0,0,0,0,18,9,0.5,142.64808539702543,1917.0,False,,,False,2,0
aco,static_frozen,42,2520.0,42.0,8,recovering,recovering,0 12 32 51,2797,1.5105740181268883,0.6619999999999999,0.48,33.40337545509262,18.7,3,0,3,5.3552034405297135,5.3552034405297135,147.25814991328645,60.0,2580.0,0.0,0.0,0.0,31.84011709992774,0.0,0.0,147.25814991328645,2580.0,46.2306205852119,540.7071863408745,,,,False,False,not_attempted,0,0,0,0,18,18,1.0,139.01275034023757,1917.0,False,,,False,2,0
aco,static_frozen,43,2580.0,43.0,8,recovering,recovering,0 12 32 51,2797,1.4534883720930234,0.688,0.52,33.551894968932665,18.716666666666665,3,0,3,0.3642567364239819,0.3642567364239819,147.62240664971043,60.0,2640.0,0.0,0.0,0.0,31.84011709992774,0.0,0.0,147.62240664971043,2640.0,38.86615945009846,433.77048219676897,,,,False,False,not_attempted,0,0,0,0,1,1,1.0,138.91941700690424,1917.0,False,,,False,1,0
aco,static_frozen,44,2640.0,44.0,8,recovering,recovering,0 12 32 51,2797,1.400560224089636,0.714,0.56,33.690782751054904,18.733333333333334,3,1,2,0.12241954892178523,0.12241954892178523,147.7448261986322,60.0,2700.0,0.0,0.0,0.0,31.84011709992774,0.0,0.0,147.7448261986322,2700.0,36.667633598585965,424.1460116917965,,,,False,False,not_attempted,0,0,0,0,0,0,0.0,138.8903307913158,1968.0,False,,,False,1,0
aco,static_frozen,45,2700.0,45.0,9,recovering,recovering,0 12 32 51,2797,1.3513513513513513,0.74,0.6,33.820946324459584,18.75,2,1,1,0.9014525251758676,0.9014525251758676,148.64627872380808,60.0,2760.0,0.0,0.0,0.0,31.84011709992774,0.0,0.0,148.64627872380808,2760.0,34.88933943924595,418.048130485313,,,,False,False,not_attempted,0,0,0,0,9,9,1.0,138.8903307913158,1968.0,False,,,False,1,0
aco,static_frozen,46,2760.0,46.0,9,recovering,recovering,0 12 32 51,2797,1.3054830287206267,0.766,0.64,33.943182672163054,18.766666666666666,1,0,1,0.09333333333333332,0.09333333333333332,148.73961205714141,60.0,2820.0,0.0,0.0,0.0,31.84011709992774,0.0,0.0,148.73961205714141,2820.0,32.28810663151276,412.364204660993,,,,False,False,not_attempted,0,0,0,0,0,0,0.0,138.8903307913158,1968.0,False,,,False,0,0
aco,static_frozen,47,2820.0,47.0,9,recovering,recovering,0 12 32 51,2797,1.2626262626262625,0.792,0.68,34.058194570117074,18.783333333333335,1,1,0,28.691994402828517,28.691994402828517,177.43160645996994,370.9922334700972,3190.9922334700973,0.0,0.0,0.0,31.84011709992774,0.0,0.0,177.43160645996994,3190.9922334700973,30.83211628707464,407.0534658857442,,,,False,False,not_attempted,0,0,0,0,324,155,0.4783950617283951,131.9991441810519,1968.0,True,,,False,0,0
pso,adaptive,0,0.0,0.0,0,normal,initial,0 12 32 51,0,1.0,1.0,0.0,34.78037077224997,18.0,84,0,84,17.41716950529079,17.41716950529079,17.41716950529079,60.0,60.0,9.01954150001984,12.315022700000554,21.334564200020395,21.334564200020395,0.0,0.0,17.41716950529079,60.0,151.37406968292143,2569.719418511708,,,,False,False,initial_plan,0,0,0,0,96,0,0.0,177.86965881732976,0.0,False,,,True,10,10
pso,adaptive,1,60.0,1.0,0,normal,normal,0 12 32 51,0,1.0,1.0,0.0,34.78037077224997,18.016666666666666,84,0,84,2.9117287974767976,2.9117287974767976,20.328898302767588,60.0,120.0,0.0,0.0,0.0,21.334564200020395,0.0,0.0,20.328898302767588,120.0,133.1191070568551,2507.5518550268002,,,,False,False,not_attempted,0,0,0,0,47,0,0.0,177.4588955213837,0.0,False,,,False,10,10
pso,adaptive,2,120.0,2.0,0,normal,normal,0 12 32 51,0,1.0,1.0,0.0,34.78037077224997,18.033333333333335,84,5,79,4.945953376604522,0.9891906753209044,25.27485167937211,60.0,180.0,0.0,0.0,0.0,21.334564200020395,0.0,0.0,25.27485167937211,180.0,129.7508783653988,2355.035662758609,,,,False,False,not_attempted,0,0,0,0,48,0,0.0,176.84027550943307,239.0,False,,,False,9,5
pso,adaptive,3,180.0,3.0,0,normal,normal,0 12 32 51,0,1.0,1.0,0.0,34.78037077224997,18.05,79,3,76,5.2858708059973845,1.7619569353324616,30.560722485369492,60.0,240.0,0.0,0.0,0.0,21.334564200020395,0.0,0.0,30.560722485369492,240.0,125.54196401841551,2355.035662758609,,,,False,False,not_attempted,0,0,0,0,84,0,0.0,176.08417388140913,239.0,False,,,False,9,2
pso,adaptive,4,240.0,4.0,0,normal,normal,0 12 32 51,0,1.0,1.0,0.0,34.78037077224997,18.066666666666666,76,0,76,4.768439058186637,4.768439058186637,35.329161543556125,60.0,300.0,0.0,0.0,0.0,21.334564200020395,0.0,0.0,35.329161543556125,300.0,119.70961591445298,2307.5810249028364,,,,False,False,not_attempted,0,0,0,0,69,0,0.0,174.23595111138894,239.0,False,,,False,9,2
pso,adaptive,5,300.0,5.0,1,normal,normal,0 12 32 51,0,1.0,1.0,0.0,34.78037077224997,18.083333333333332,76,2,74,2.335379566890029,1.1676897834450144,37.66454111044615,60.0,360.0,10.473567300010473,803.0169656999642,813.4905329999747,834.8250971999951,0.0,0.0,37.66454111044615,360.0,109.77338979096476,2698.550200996692,115.25900310952544,109.77338979096476,5.485613318560681,True,True,lower_residual_energy,5,37,5,37,79,0,0.0,174.1426177780556,324.0,False,,,True,9,2
pso,adaptive,6,360.0,6.0,1,normal,normal,0 12 32 51,0,1.0,1.0,0.0,34.78037077224997,18.1,74,4,70,3.101740268185227,0.7754350670463067,40.766281378631376,60.0,420.0,0.0,0.0,0.0,834.8250971999951,0.0,0.0,40.766281378631376,420.0,107.33923289675523,2639.5028954880127,,,,False,False,not_attempted,0,0,0,0,41,0,0.0,173.80269504982573,430.0,False,,,False,9,1
pso,adaptive,7,420.0,7.0,1,normal,normal,0 12 32 51,0,1.0,1.0,0.0,34.78037077224997,18.116666666666667,70,1,69,5.0773071523580215,5.0773071523580215,45.8435885309894,60.0,480.0,0.0,0.0,0.0,834.8250971999951,0.0,0.0,45.8435885309894,480.0,104.10869149420049,2480.9555026133576,,,,False,False,not_attempted,0,0,0,0,37,0,0.0,171.7427549458747,430.0,False,,,False,9,1
pso,adaptive,8,480.0,8.0,1,normal,normal,0 12 32 51,0,1.0,1.0,0.0,34.78037077224997,18.133333333333333,69,3,66,4.568801367389507,1.5229337891298356,50.412389898378905,60.0,540.0,0.0,0.0,0.0,834.8250971999951,0.0,0.0,50.412389898378905,540.0,99.38973287812432,2480.9555026133576,,,,False,False,not_attempted,0,0,0,0,44,0,0.0,170.12900684926333,574.0,False,,,False,9,1
pso,adaptive,9,540.0,9.0,1,normal,normal,0 12 32 51,0,1.0,1.0,0.0,34.78037077224997,18.15,66,2,64,2.8987751236060793,1.4493875618030396,53.31116502198498,60.0,600.0,0.0,0.0,0.0,834.8250971999951,0.0,0.0,53.31116502198498,600.0,94.4431869676926,2360.9555026133576,,,,False,False,not_attempted,0,0,0,0,17,0,0.0,169.55281890713212,647.0,False,,,False,9,1
pso,adaptive,10,600.0,10.0,2,degrading,degrading,0 12 32 51,0,1.0,1.0,0.0,34.78037077224997,18.166666666666668,64,4,60,2.461197722411713,0.6152994306029282,55.772362744396695,60.0,660.0,5.8699981309473515e-05,448.19244769995566,448.192506399937,1283.017603599932,0.0,0.0,55.772362744396695,660.0,88.94705862945925,2527.242251851788,91.85049389647273,88.94705862945925,2.903435267013478,True,True,lower_residual_energy,4,17,4,17,28,0,0.0,169.4594855737988,659.0,False,,,True,9,0
pso,adaptive,11,660.0,11.0,2,degrading,degrading,0 12 32 51,2797,1.06951871657754,0.935,0.0,34.58624261731833,18.183333333333334,60,4,56,5.489234502125414,1.3723086255313535,61.26159724652211,60.0,720.0,0.0,0.0,0.0,1283.017603599932,0.0,0.0,61.26159724652211,720.0,91.3194280478079,2513.023209029637,,,,False,False,not_attempted,0,0,0,0,95,1,0.010526315789473684,169.0036065577671,725.0,False,,,False,9,0
pso,adaptive,12,720.0,12.0,2,degrading,degrading,0 12 32 51,2797,1.1494252873563218,0.87,0.0,34.365766727216055,18.2,56,1,55,3.7303136241329495,3.7303136241329495,64.99191087065506,60.0,780.0,0.0,0.0,0.0,1283.017603599932,0.0,0.0,64.99191087065506,780.0,90.44829305935914,2461.6285703866834,,,,False,False,not_attempted,0,0,0,0,43,14,0.32558139534883723,168.70238617422373,743.0,False,,,False,8,0
pso,adaptive,13,780.0,13.0,2,degrading,degrading,0 12 32 51,2797,1.2422360248447206,0.8049999999999999,0.0,34.11318858383695,18.216666666666665,55,3,52,3.497620384722102,1.165873461574034,68.48953125537716,60.0,840.0,0.0,0.0,0.0,1283.017603599932,0.0,0.0,68.48953125537716,840.0,92.7291828991135,2410.3942874074146,,,,False,False,not_attempted,0,0,0,0,46,7,0.15217391304347827,167.33987522043492,940.0,False,,,False,8,0
pso,adaptive,14,840.0,14.0,2,degrading,degrading,0 12 32 51,2797,1.3513513513513513,0.74,0.0,33.820946324459584,18.233333333333334,52,0,52,1.6450078860075248,1.6450078860075248,70.13453914138468,60.0,900.0,0.0,0.0,0.0,1283.017603599932,0.0,0.0,70.13453914138468,900.0,95.72350188856778,2283.075223751416,,,,False,False,not_attempted,0,0,0,0,20,8,0.4,167.24654188710159,940.0,False,,,False,7,0
pso,adaptive,15,900.0,15.0,3,degrading,degrading,0 12 32 51,2797,1.4814814814814814,0.675,0.0,33.47890073173456,18.25,52,4,48,2.497149214592037,0.6242873036480092,72.63168835597672,60.0,960.0,10.449887700029649,334.52908280002885,344.9789705000585,1627.9965740999905,0.0,0.0,72.63168835597672,960.0,101.81095419500019,2387.8339436010415,101.81095419500019,102.53906336123902,-0.7281091662388235,True,False,incumbent_not_worse,3,4,0,0,24,13,0.5416666666666666,167.1539143351959,940.0,False,,,True,7,0
pso,adaptive,16,960.0,16.0,3,degrading,degrading,0 12 32 51,2797,1.639344262295082,0.61,0.0,33.073134884250216,18.266666666666666,48,3,45,1.8959885788649715,0.6319961929549905,74.5276769348417,60.0,1020.0,0.0,0.0,0.0,1627.9965740999905,0.0,0.0,74.5276769348417,1020.0,106.5847183406501,2244.2907628534454,,,,False,False,not_attempted,0,0,0,0,49,0,0.0,167.0690550838394,968.0,False,,,False,7,0
pso,adaptive,17,1020.0,17.0,3,degrading,degrading,0 12 32 51,2797,1.8348623853211008,0.545,0.0,32.58401405704252,18.283333333333335,45,3,42,1.2335601334719457,0.41118671115731525,75.76123706831363,60.0,1080.0,0.0,0.0,0.0,1627.9965740999905,0.0,0.0,75.76123706831363,1080.0,113.38962449388607,2248.0475588516674,,,,False,False,not_attempted,0,0,0,0,18,1,0.05555555555555555,166.57773247214197,968.0,False,,,False,7,0
pso,adaptive,18,1080.0,18.0,3,degrading,degrading,0 12 32 51,2797,2.0833333333333335,0.48,0.0,31.982913113523583,18.3,42,3,39,3.743724194456582,1.2479080648188607,79.50496126277021,60.0,1140.0,0.0,0.0,0.0,1627.9965740999905,0.0,0.0,79.50496126277021,1140.0,123.48938876551617,2247.9783056713513,,,,False,False,not_attempted,0,0,0,0,64,3,0.046875,165.44758449126394,1081.0,False,,,False,6,0
pso,adaptive,19,1140.0,19.0,3,degrading,degrading,0 12 32 51,2797,2.409638554216868,0.4149999999999999,0.0,31.226405631426534,18.316666666666666,39,2,37,4.108434217046898,2.054217108523449,83.6133954798171,60.0,1200.0,0.0,0.0,0.0,1627.9965740999905,0.0,0.0,83.6133954798171,1200.0,132.4074834660465,2193.850616567355,,,,False,False,not_attempted,0,0,0,0,24,2,0.08333333333333333,165.3542511579306,1138.0,False,,,False,6,0
pso,adaptive,20,1200.0,20.0,4,disrupted,holding,0 12 32 51,2797,2.857142857142857,0.35,0.0,30.24527695785376,18.333333333333332,37,1,36,1.9253945924617661,1.9253945924617661,85.53879007227887,60.0,1260.0,10.830826100078411,236.76403580000624,247.59486190008465,1875.5914360000752,0.0,0.0,85.53879007227887,1260.0,148.94841081780208,2058.5082368254975,148.94841081780208,151.96693416331235,-3.0185233455102605,True,False,incumbent_not_worse,4,5,0,0,3,3,1.0,164.81319001818176,1138.0,False,,,True,6,0
pso,adaptive,21,1260.0,21.0,4,disrupted,disrupted,0 12 32 51,2797,2.857142857142857,0.35,0.0,30.24527695785376,18.35,36,4,32,7.020313627174738,1.7550784067936844,92.55910369945362,60.0,1320.0,0.0,0.0,0.0,1875.5914360000752,0.0,0.0,92.55910369945362,1320.0,146.64300256697223,2058.5082368254975,,,,False,False,not_attempted,0,0,0,0,67,5,0.07462686567164178,162.72833782801322,1308.0,False,,,False,6,0
pso,adaptive,22,1320.0,22.0,4,disrupted,disrupted,0 12 32 51,2797,2.857142857142857,0.35,0.0,30.24527695785376,18.366666666666667,32,0,32,4.624860664813924,4.624860664813924,97.18396436426754,60.0,1380.0,0.0,0.0,0.0,1875.5914360000752,0.0,0.0,97.18396436426754,1380.0,140.07389899203326,2022.0221860510883,,,,False,False,not_attempted,0,0,0,0,53,2,0.03773584905660377,162.6350044946799,1308.0,False,,,False,6,0
pso,adaptive,23,1380.0,23.0,4,disrupted,disrupted,0 12 32 51,2797,2.857142857142857,0.35,0.0,30.24527695785376,18.383333333333333,32,1,31,1.1922857612092574,1.1922857612092574,98.3762501254768,60.0,1440.0,0.0,0.0,0.0,1875.5914360000752,0.0,0.0,98.3762501254768,1440.0,135.0874121070555,1961.378622976969,,,,False,False,not_attempted,0,0,0,0,1,1,1.0,162.34949770569074,1308.0,False,,,False,6,0
pso,adaptive,24,1440.0,24.0,4,disrupted,disrupted,0 12 32 51,2797,2.857142857142857,0.35,0.0,30.24527695785376,18.4,31,3,28,4.200360144746895,1.400120048248965,102.5766102702237,60.0,1500.0,0.0,0.0,0.0,1875.5914360000752,0.0,0.0,102.5766102702237,1500.0,133.83060730974418,1841.378622976969,,,,False,False,not_attempted,0,0,0,0,23,3,0.13043478260869565,159.8193170204362,1456.0,False,,,False,6,0
pso,adaptive,25,1500.0,25.0,5,disrupted,disrupted,0 12 32 51,2797,2.857142857142857,0.35,0.0,30.24527695785376,18.416666666666668,28,2,26,3.848600555973855,1.9243002779869276,106.42521082619756,60.0,1560.0,6.089999806135893e-05,63.68467960006092,63.68474050005898,1939.2761765001342,0.0,0.0,106.42521082619756,1560.0,127.64849778046502,1689.664725668304,129.620308995211,127.64849778046502,1.9718112147459692,True,True,lower_residual_energy,2,3,2,3,30,3,0.1,157.61837046036237,1456.0,False,,,True,6,0
pso,adaptive,26,1560.0,26.0,5,disrupted,disrupted,0 12 32 51,2797,2.857142857142857,0.35,0.0,30.24527695785376,18.433333333333334,26,2,24,5.8279784748623324,2.9139892374311662,112.25318930105989,60.0,1620.0,0.0,0.0,0.0,1939.2761765001342,0.0,0.0,112.25318930105989,1620.0,123.95949940034646,1556.3097165847903,,,,False,False,not_attempted,0,0,0,0,15,6,0.4,156.0058682612662,1506.0,False,,,False,5,0
pso,adaptive,27,1620.0,27.0,5,disrupted,disrupted,0 12 32 51,2797,2.857142857142857,0.35,0.0,30.24527695785376,18.45,24,2,22,8.686471773829178,4.343235886914589,120.93966107488907,60.0,1680.0,0.0,0.0,0.0,1939.2761765001342,0.0,0.0,120.93966107488907,1680.0,118.34964845562898,1556.3097165847903,,,,False,False,not_attempted,0,0,0,0,35,6,0.17142857142857143,149.1906285465485,1522.0,False,,,False,5,0
pso,adaptive,28,1680.0,28.0,5,disrupted,disrupted,0 12 32 51,2797,2.857142857142857,0.35,0.0,30.24527695785376,18.466666666666665,22,1,21,0.9068824017577952,0.9068824017577952,121.84654347664687,60.0,1740.0,0.0,0.0,0.0,1939.2761765001342,0.0,0.0,121.84654347664687,1740.0,109.81540003706064,1412.2185904958817,,,,False,False,not_attempted,0,0,0,0,7,0,0.0,149.09729521321518,1522.0,False,,,False,5,0
pso,adaptive,29,1740.0,29.0,5,disrupted,disrupted,0 12 32 51,2797,2.857142857142857,0.35,0.0,30.24527695785376,18.483333333333334,21,3,18,4.439249418806045,1.4797498062686818,126.28579289545291,60.0,1800.0,0.0,0.0,0.0,1939.2761765001342,0.0,0.0,126.28579289545291,1800.0,108.98555580380871,1412.2185904958817,,,,False,False,not_attempted,0,0,0,0,16,6,0.375,146.98234889716076,1522.0,False,,,False,5,0
pso,adaptive,30,1800.0,30.0,6,recovering,recovering,0 12 32 51,2797,2.857142857142857,0.35,0.0,30.24527695785376,18.5,18,2,16,4.397051119689191,2.1985255598445956,130.6828440151421,60.0,1860.0,0.0001246000174432993,19.49331729998812,19.493441900005564,1958.7696184001397,0.0,0.0,130.6828440151421,1860.0,99.90999813480254,1387.9397420329913,104.17840108639481,99.90999813480254,4.268402951592279,True,True,lower_residual_energy,2,3,2,3,27,2,0.07407407407407407,145.54333762058582,1522.0,False,,,True,5,0
pso,adaptive,31,1860.0,31.0,6,recovering,recovering,0 12 32 51,2797,2.6595744680851063,0.376,0.04,30.670726715627296,18.516666666666666,16,0,16,3.9313025991692996,3.9313025991692996,134.6141466143114,60.0,1920.0,0.0,0.0,0.0,1958.7696184001397,0.0,0.0,134.6141466143114,1920.0,90.79639983008944,1249.3991452370597,,,,False,False,not_attempted,0,0,0,0,20,3,0.15,145.45000428725248,1522.0,False,,,False,5,0
pso,adaptive,32,1920.0,32.0,6,recovering,recovering,0 12 32 51,2797,2.4875621890547266,0.40199999999999997,0.08,31.0510110649113,18.533333333333335,16,2,14,4.003524675990219,2.0017623379951095,138.61767129030162,60.0,1980.0,0.0,0.0,0.0,1958.7696184001397,0.0,0.0,138.61767129030162,1980.0,82.41818979605165,1246.094003844001,,,,False,False,not_attempted,0,0,0,0,29,2,0.06896551724137931,144.4406330914517,1522.0,False,,,False,5,0
pso,adaptive,33,1980.0,33.0,6,recovering,recovering,0 12 32 51,2797,2.336448598130841,0.428,0.12,31.392959580447428,18.55,14,1,13,3.1300697699261684,3.1300697699261684,141.74774106022778,60.0,2040.0,0.0,0.0,0.0,1958.7696184001397,0.0,0.0,141.74774106022778,2040.0,74.77703272982323,1090.9892000150899,,,,False,False,not_attempted,0,0,0,0,19,0,0.0,143.11769002998074,1557.0,False,,,False,4,0
pso,adaptive,34,2040.0,34.0,6,recovering,recovering,0 12 32 51,2797,2.2026431718061676,0.45399999999999996,0.16,31.702090954731577,18.566666666666666,13,2,11,0.850069761204566,0.425034880602283,142.59781082143235,60.0,2100.0,0.0,0.0,0.0,1958.7696184001397,0.0,0.0,142.59781082143235,2100.0,68.59520676210074,1088.4181867382792,,,,False,False,not_attempted,0,0,0,0,1,0,0.0,143.0243566966474,1557.0,False,,,False,3,0
pso,adaptive,35,2100.0,35.0,7,recovering,recovering,0 12 32 51,2797,2.0833333333333335,0.48,0.2,31.982913113523583,18.583333333333332,11,3,8,2.655440549687465,0.8851468498958216,145.2532513711198,60.0,2160.0,10.718377600074746,1.326054299948737,12.044431900023483,1970.8140503001632,0.0,0.0,145.2532513711198,2160.0,65.23621303541482,1076.2996284712185,65.23621303541482,65.23621303541482,0.0,True,False,incumbent_not_worse,0,0,0,0,17,3,0.17647058823529413,141.21415048419408,1626.0,False,,,True,3,0
pso,adaptive,36,2160.0,36.0,7,recovering,recovering,0 12 32 51,2797,1.976284584980237,0.506,0.24,32.23914449062352,18.6,8,0,8,1.9942678071058109,1.9942678071058109,147.24751917822562,60.0,2220.0,0.0,0.0,0.0,1970.8140503001632,0.0,0.0,147.24751917822562,2220.0,59.96284320368968,927.4814046808547,,,,False,False,not_attempted,0,0,0,0,5,4,0.8,139.58755189590548,1626.0,False,,,False,3,0
pso,adaptive,37,2220.0,37.0,7,recovering,recovering,0 12 32 51,2797,1.8796992481203008,0.532,0.28,32.47387961181962,18.616666666666667,8,1,7,0.5738129706975588,0.5738129706975588,147.82133214892318,60.0,2280.0,0.0,0.0,0.0,1970.8140503001632,0.0,0.0,147.82133214892318,2280.0,55.8376740746944,925.625559292271,,,,False,False,not_attempted,0,0,0,0,4,0,0.0,139.49421856257214,1626.0,False,,,False,2,0
pso,adaptive,38,2280.0,38.0,7,recovering,recovering,0 12 32 51,2797,1.7921146953405016,0.558,0.32,32.6897146821153,18.633333333333333,7,2,5,0.7289853504843016,0.3644926752421508,148.55031749940747,60.0,2340.0,0.0,0.0,0.0,1970.8140503001632,0.0,0.0,148.55031749940747,2340.0,53.42074572830414,791.7495224315286,,,,False,False,not_attempted,0,0,0,0,3,2,0.6666666666666666,139.45603810228866,1716.0,False,,,False,2,0
pso,adaptive,39,2340.0,39.0,7,recovering,recovering,0 12 32 51,2797,1.7123287671232879,0.584,0.36,32.888844011416055,18.65,5,1,4,0.6476854645017142,0.6476854645017142,149.19800296390918,60.0,2400.0,0.0,0.0,0.0,1970.8140503001632,0.0,0.0,149.19800296390918,2400.0,50.99637003408645,790.2164703993087,,,,False,False,not_attempted,0,0,0,0,8,0,0.0,139.45603810228866,1716.0,False,,,False,2,0
pso,adaptive,40,2400.0,40.0,8,recovering,recovering,0 12 32 51,2797,1.639344262295082,0.61,0.4,33.073134884250216,18.666666666666668,4,0,4,0.31782890884802795,0.31782890884802795,149.5158318727572,60.0,2460.0,10.693212699959986,0.17677520005963743,10.869987900019623,1981.6840382001828,0.0,0.0,149.5158318727572,2460.0,48.61729687921337,767.1352333771824,48.61729687921336,48.61729687921337,-7.105427357601002e-15,True,False,incumbent_not_worse,0,0,0,0,3,0,0.0,139.45603810228866,1716.0,False,,,True,1,0
pso,adaptive,41,2460.0,41.0,8,recovering,recovering,0 12 32 51,2797,1.572327044025157,0.636,0.44,33.24418629355876,18.683333333333334,4,1,3,0.09804996837563729,0.09804996837563729,149.61388184113284,60.0,2520.0,0.0,0.0,0.0,1981.6840382001828,0.0,0.0,149.61388184113284,2520.0,46.733770130188034,640.4254403118447,,,,False,False,not_attempted,0,0,0,0,0,0,0.0,139.45603810228866,1840.0,False,,,False,1,0
pso,adaptive,42,2520.0,42.0,8,recovering,recovering,0 12 32 51,2797,1.5105740181268883,0.6619999999999999,0.48,33.40337545509262,18.7,3,1,2,0.171225574141596,0.171225574141596,149.78510741527444,60.0,2580.0,0.0,0.0,0.0,1981.6840382001828,0.0,0.0,149.78510741527444,2580.0,45.27407003269629,639.2388826823924,,,,False,False,not_attempted,0,0,0,0,3,0,0.0,139.45603810228866,1840.0,False,,,False,1,0
pso,adaptive,43,2580.0,43.0,8,recovering,recovering,0 12 32 51,2797,1.4534883720930234,0.688,0.52,33.551894968932665,18.716666666666665,2,0,2,0.09333333333333332,0.09333333333333332,149.87844074860777,60.0,2640.0,0.0,0.0,0.0,1981.6840382001828,0.0,0.0,149.87844074860777,2640.0,43.437066427274246,512.5647018062533,,,,False,False,not_attempted,0,0,0,0,0,0,0.0,139.45603810228866,1840.0,False,,,False,1,0
pso,adaptive,44,2640.0,44.0,8,recovering,recovering,0 12 32 51,2797,1.400560224089636,0.714,0.56,33.690782751054904,18.733333333333334,2,1,1,0.27296083470588095,0.27296083470588095,150.15140158331366,60.0,2700.0,0.0,0.0,0.0,1981.6840382001828,0.0,0.0,150.15140158331366,2700.0,41.88169933014406,509.7172506170383,,,,False,False,not_attempted,0,0,0,0,10,0,0.0,139.45603810228866,1885.0,False,,,False,1,0
pso,adaptive,45,2700.0,45.0,9,recovering,recovering,0 12 32 51,2797,1.3513513513513513,0.74,0.6,33.820946324459584,18.75,1,0,1,0.6777864040002842,0.6777864040002842,150.82918798731393,60.0,2760.0,10.748307199915871,0.17479780002031475,10.923104999936186,1992.607143200119,0.0,0.0,150.82918798731393,2760.0,40.20646127882002,507.06989059247076,40.20646127882002,40.20646127882002,0.0,True,False,incumbent_not_worse,0,0,0,0,12,0,0.0,139.45603810228866,1885.0,False,,,True,1,0
pso,adaptive,46,2760.0,46.0,9,recovering,recovering,0 12 32 51,2797,1.3054830287206267,0.766,0.64,33.943182672163054,18.766666666666666,1,0,1,0.09333333333333332,0.09333333333333332,150.92252132064726,60.0,2820.0,0.0,0.0,0.0,1992.607143200119,0.0,0.0,150.92252132064726,2820.0,38.03602687589615,504.60224691421865,,,,False,False,not_attempted,0,0,0,0,0,0,0.0,139.45603810228866,1885.0,False,,,False,0,0
pso,adaptive,47,2820.0,47.0,9,recovering,recovering,0 12 32 51,2797,1.2626262626262625,0.792,0.68,34.058194570117074,18.783333333333335,1,1,0,33.20615179952424,33.20615179952424,184.12867312017153,528.9598425093018,3348.959842509302,0.0,0.0,0.0,1992.607143200119,0.0,0.0,184.12867312017153,3348.959842509302,36.695755104370456,502.2966202451444,,,,False,False,not_attempted,0,0,0,0,506,119,0.23517786561264822,137.5858157975962,1984.0,True,,,False,0,0
pso,static_live,0,0.0,0.0,0,normal,initial,0 12 32 51,0,1.0,1.0,0.0,34.78037077224997,18.0,84,0,84,17.41716950529079,17.41716950529079,17.41716950529079,60.0,60.0,9.01954150001984,12.315022700000554,21.334564200020395,21.334564200020395,0.0,0.0,17.41716950529079,60.0,151.37406968292143,2569.719418511708,,,,False,False,initial_plan,0,0,0,0,96,0,0.0,177.86965881732976,0.0,False,,,True,10,10
pso,static_live,1,60.0,1.0,0,normal,normal,0 12 32 51,0,1.0,1.0,0.0,34.78037077224997,18.016666666666666,84,0,84,2.9117287974767976,2.9117287974767976,20.328898302767588,60.0,120.0,0.0,0.0,0.0,21.334564200020395,0.0,0.0,20.328898302767588,120.0,133.1191070568551,2507.5518550268002,,,,False,False,not_attempted,0,0,0,0,47,0,0.0,177.4588955213837,0.0,False,,,False,10,10
pso,static_live,2,120.0,2.0,0,normal,normal,0 12 32 51,0,1.0,1.0,0.0,34.78037077224997,18.033333333333335,84,5,79,4.945953376604522,0.9891906753209044,25.27485167937211,60.0,180.0,0.0,0.0,0.0,21.334564200020395,0.0,0.0,25.27485167937211,180.0,129.7508783653988,2355.035662758609,,,,False,False,not_attempted,0,0,0,0,48,0,0.0,176.84027550943307,239.0,False,,,False,9,5
pso,static_live,3,180.0,3.0,0,normal,normal,0 12 32 51,0,1.0,1.0,0.0,34.78037077224997,18.05,79,3,76,5.2858708059973845,1.7619569353324616,30.560722485369492,60.0,240.0,0.0,0.0,0.0,21.334564200020395,0.0,0.0,30.560722485369492,240.0,125.54196401841551,2355.035662758609,,,,False,False,not_attempted,0,0,0,0,84,0,0.0,176.08417388140913,239.0,False,,,False,9,2
pso,static_live,4,240.0,4.0,0,normal,normal,0 12 32 51,0,1.0,1.0,0.0,34.78037077224997,18.066666666666666,76,0,76,4.768439058186637,4.768439058186637,35.329161543556125,60.0,300.0,0.0,0.0,0.0,21.334564200020395,0.0,0.0,35.329161543556125,300.0,119.70961591445298,2307.5810249028364,,,,False,False,not_attempted,0,0,0,0,69,0,0.0,174.23595111138894,239.0,False,,,False,9,2
pso,static_live,5,300.0,5.0,1,normal,normal,0 12 32 51,0,1.0,1.0,0.0,34.78037077224997,18.083333333333332,76,2,74,2.033059245297843,1.0165296226489215,37.36222078885397,60.0,360.0,0.0,0.0,0.0,21.334564200020395,0.0,0.0,37.36222078885397,360.0,115.25900310952544,2179.6312187929043,,,,False,False,not_attempted,0,0,0,0,67,0,0.0,174.1426177780556,324.0,False,,,False,9,2
pso,static_live,6,360.0,6.0,1,normal,normal,0 12 32 51,0,1.0,1.0,0.0,34.78037077224997,18.1,74,4,70,2.8956701116039376,0.7239175279009844,40.25789090045791,60.0,420.0,0.0,0.0,0.0,21.334564200020395,0.0,0.0,40.25789090045791,420.0,113.42229091822706,2179.6312187929043,,,,False,False,not_attempted,0,0,0,0,34,0,0.0,173.80269504982573,430.0,False,,,False,9,1
pso,static_live,7,420.0,7.0,1,normal,normal,0 12 32 51,0,1.0,1.0,0.0,34.78037077224997,18.116666666666667,70,2,68,4.8735631587271255,2.4367815793635628,45.13145405918503,60.0,480.0,0.0,0.0,0.0,21.334564200020395,0.0,0.0,45.13145405918503,480.0,110.51467952032222,2149.403453117163,,,,False,False,not_attempted,0,0,0,0,51,0,0.0,171.7315048732715,430.0,False,,,False,9,0
pso,static_live,8,480.0,8.0,1,normal,normal,0 12 32 51,0,1.0,1.0,0.0,34.78037077224997,18.133333333333333,68,2,66,3.744268046077959,1.8721340230389796,48.875722105262994,60.0,540.0,0.0,0.0,0.0,21.334564200020395,0.0,0.0,48.875722105262994,540.0,105.54802741137986,2029.403453117163,,,,False,False,not_attempted,0,0,0,0,78,0,0.0,171.63817153993816,451.0,False,,,False,8,0
pso,static_live,9,540.0,9.0,1,normal,normal,0 12 32 51,0,1.0,1.0,0.0,34.78037077224997,18.15,66,4,62,2.7954245755306446,0.6988561438826612,51.67114668079364,60.0,600.0,0.0,0.0,0.0,21.334564200020395,0.0,0.0,51.67114668079364,600.0,101.79424707515842,2029.403453117163,,,,False,False,not_attempted,0,0,0,0,21,0,0.0,171.54640459197284,647.0,False,,,False,8,0
pso,static_live,10,600.0,10.0,2,degrading,degrading,0 12 32 51,0,1.0,1.0,0.0,34.78037077224997,18.166666666666668,62,3,59,3.8765201157009246,1.2921733719003081,55.54766679649457,60.0,660.0,0.0,0.0,0.0,21.334564200020395,0.0,0.0,55.54766679649457,660.0,99.26036237241371,1901.7228863742832,,,,False,False,not_attempted,0,0,0,0,34,0,0.0,169.9139712245009,659.0,False,,,False,8,0
pso,static_live,11,660.0,11.0,2,degrading,degrading,0 12 32 51,2797,1.06951871657754,0.935,0.0,34.58624261731833,18.183333333333334,59,2,57,3.7891010492096946,1.8945505246048473,59.33676784570426,60.0,720.0,0.0,0.0,0.0,21.334564200020395,0.0,0.0,59.33676784570426,720.0,101.36796577792175,1907.1753203207106,,,,False,False,not_attempted,0,0,0,0,48,1,0.020833333333333332,168.57396062756465,659.0,False,,,False,8,0
pso,static_live,12,720.0,12.0,2,degrading,degrading,0 12 32 51,2797,1.1494252873563218,0.87,0.0,34.365766727216055,18.2,57,2,55,1.5178849820379765,0.7589424910189883,60.854652827742235,60.0,780.0,0.0,0.0,0.0,21.334564200020395,0.0,0.0,60.854652827742235,780.0,104.35644352562772,1747.3614560680285,,,,False,False,not_attempted,0,0,0,0,19,13,0.6842105263157895,168.36247255001456,751.0,False,,,False,8,0
pso,static_live,13,780.0,13.0,2,degrading,degrading,0 12 32 51,2797,1.2422360248447206,0.8049999999999999,0.0,34.11318858383695,18.216666666666665,55,4,51,3.295551766362311,0.8238879415905778,64.15020459410455,60.0,840.0,0.0,0.0,0.0,21.334564200020395,0.0,0.0,64.15020459410455,840.0,110.90810402202257,1735.0980751899874,,,,False,False,not_attempted,0,0,0,0,30,9,0.3,168.26913921668122,751.0,False,,,False,8,0
pso,static_live,14,840.0,14.0,2,degrading,degrading,0 12 32 51,2797,1.3513513513513513,0.74,0.0,33.820946324459584,18.233333333333334,51,2,49,1.08202514021826,0.54101257010913,65.23222973432281,60.0,900.0,0.0,0.0,0.0,21.334564200020395,0.0,0.0,65.23222973432281,900.0,115.84847461706119,1728.5132167171978,,,,False,False,not_attempted,0,0,0,0,21,0,0.0,168.1532899592327,832.0,False,,,False,8,0
pso,static_live,15,900.0,15.0,3,degrading,degrading,0 12 32 51,2797,1.4814814814814814,0.675,0.0,33.47890073173456,18.25,49,2,47,2.847112785770542,1.423556392885271,68.07934252009336,60.0,960.0,0.0,0.0,0.0,21.334564200020395,0.0,0.0,68.07934252009336,960.0,123.68032509182285,1696.9376579376956,,,,False,False,not_attempted,0,0,0,0,45,9,0.2,168.05995662589936,853.0,False,,,False,8,0
pso,static_live,16,960.0,16.0,3,degrading,degrading,0 12 32 51,2797,1.639344262295082,0.61,0.0,33.073134884250216,18.266666666666666,47,3,44,4.672615942489314,1.557538647496438,72.75195846258268,60.0,1020.0,0.0,0.0,0.0,21.334564200020395,0.0,0.0,72.75195846258268,1020.0,130.9374495151519,1768.6414542692787,,,,False,False,not_attempted,0,0,0,0,57,5,0.08771929824561403,167.68069826789986,968.0,False,,,False,8,0
pso,static_live,17,1020.0,17.0,3,degrading,degrading,0 12 32 51,2797,1.8348623853211008,0.545,0.0,32.58401405704252,18.283333333333335,44,2,42,4.3522011320455,2.17610056602275,77.10415959462817,60.0,1080.0,0.0,0.0,0.0,21.334564200020395,0.0,0.0,77.10415959462817,1080.0,136.9778295595496,1765.932994173345,,,,False,False,not_attempted,0,0,0,0,50,0,0.0,166.5343355462216,1048.0,False,,,False,8,0
pso,static_live,18,1080.0,18.0,3,degrading,degrading,0 12 32 51,2797,2.0833333333333335,0.48,0.0,31.982913113523583,18.3,42,2,40,4.307250192317005,2.1536250961585024,81.41140978694517,60.0,1140.0,0.0,0.0,0.0,21.334564200020395,0.0,0.0,81.41140978694517,1140.0,145.63891406623293,1963.1007402561804,,,,False,False,not_attempted,0,0,0,0,57,1,0.017543859649122806,166.18717092947844,1048.0,False,,,False,8,0
pso,static_live,19,1140.0,19.0,3,degrading,degrading,0 12 32 51,2797,2.409638554216868,0.4149999999999999,0.0,31.226405631426534,18.316666666666666,40,1,39,3.7670378447895905,3.7670378447895905,85.17844763173476,60.0,1200.0,0.0,0.0,0.0,21.334564200020395,0.0,0.0,85.17844763173476,1200.0,156.82691635471215,1871.1445130002407,,,,False,False,not_attempted,0,0,0,0,31,3,0.0967741935483871,166.14134481511314,1114.0,False,,,False,8,0
pso,static_live,20,1200.0,20.0,4,disrupted,holding,0 12 32 51,2797,2.857142857142857,0.35,0.0,30.24527695785376,18.333333333333332,39,2,37,4.540081167544955,2.2700405837724773,89.71852879927971,60.0,1260.0,0.0,0.0,0.0,21.334564200020395,0.0,0.0,89.71852879927971,1260.0,175.75121639079555,1953.7075369896288,,,,False,False,not_attempted,0,0,0,0,26,6,0.23076923076923078,164.09106809728252,1136.0,False,,,False,8,0
pso,static_live,21,1260.0,21.0,4,disrupted,disrupted,0 12 32 51,2797,2.857142857142857,0.35,0.0,30.24527695785376,18.35,37,2,35,5.881073168330445,2.9405365841652227,95.59960196761016,60.0,1320.0,0.0,0.0,0.0,21.334564200020395,0.0,0.0,95.59960196761016,1320.0,171.13643900101405,1815.8453067643472,,,,False,False,not_attempted,0,0,0,0,49,6,0.12244897959183673,162.92784457453266,1308.0,False,,,False,8,0
pso,static_live,22,1320.0,22.0,4,disrupted,disrupted,0 12 32 51,2797,2.857142857142857,0.35,0.0,30.24527695785376,18.366666666666667,35,1,34,5.816249641453895,5.816249641453895,101.41585160906405,60.0,1380.0,0.0,0.0,0.0,21.334564200020395,0.0,0.0,101.41585160906405,1380.0,165.16161216480475,1815.8453067643472,,,,False,False,not_attempted,0,0,0,0,42,4,0.09523809523809523,161.54244945407692,1308.0,False,,,False,8,0
pso,static_live,23,1380.0,23.0,4,disrupted,disrupted,0 12 32 51,2797,2.857142857142857,0.35,0.0,30.24527695785376,18.383333333333333,34,2,32,2.704210751789423,1.3521053758947115,104.12006236085347,60.0,1440.0,0.0,0.0,0.0,21.334564200020395,0.0,0.0,104.12006236085347,1440.0,159.169870019815,1780.4411877712123,,,,False,False,not_attempted,0,0,0,0,32,0,0.0,161.44911612074358,1308.0,False,,,False,8,0
pso,static_live,24,1440.0,24.0,4,disrupted,disrupted,0 12 32 51,2797,2.857142857142857,0.35,0.0,30.24527695785376,18.4,32,3,29,3.122288202005397,1.040762734001799,107.24235056285886,60.0,1500.0,0.0,0.0,0.0,21.334564200020395,0.0,0.0,107.24235056285886,1500.0,157.04674745089167,1649.2828858718512,,,,False,False,not_attempted,0,0,0,0,9,3,0.3333333333333333,159.78376268171488,1456.0,False,,,False,8,0
pso,static_live,25,1500.0,25.0,5,disrupted,disrupted,0 12 32 51,2797,2.857142857142857,0.35,0.0,30.24527695785376,18.416666666666668,29,4,25,3.863545799381014,0.9658864498452535,111.10589636223987,60.0,1560.0,0.0,0.0,0.0,21.334564200020395,0.0,0.0,111.10589636223987,1560.0,153.32817881533214,1649.2828858718512,,,,False,False,not_attempted,0,0,0,0,18,3,0.16666666666666666,158.36079189732789,1456.0,False,,,False,8,0
pso,static_live,26,1560.0,26.0,5,disrupted,disrupted,0 12 32 51,2797,2.857142857142857,0.35,0.0,30.24527695785376,18.433333333333334,25,2,23,7.857385581759911,3.9286927908799556,118.96328194399979,60.0,1620.0,0.0,0.0,0.0,21.334564200020395,0.0,0.0,118.96328194399979,1620.0,149.74140271643324,1602.1773393906205,,,,False,False,not_attempted,0,0,0,0,57,7,0.12280701754385964,156.4133713040133,1506.0,False,,,False,8,0
pso,static_live,27,1620.0,27.0,5,disrupted,disrupted,0 12 32 51,2797,2.857142857142857,0.35,0.0,30.24527695785376,18.45,23,1,22,4.030170422995941,4.030170422995941,122.99345236699573,60.0,1680.0,0.0,0.0,0.0,21.334564200020395,0.0,0.0,122.99345236699573,1680.0,141.18804859896625,1461.6245584618737,,,,False,False,not_attempted,0,0,0,0,48,0,0.0,156.32003797067998,1506.0,False,,,False,8,0
pso,static_live,28,1680.0,28.0,5,disrupted,disrupted,0 12 32 51,2797,2.857142857142857,0.35,0.0,30.24527695785376,18.466666666666665,22,4,18,2.7846217343070108,0.6961554335767527,125.77807410130274,60.0,1740.0,0.0,0.0,0.0,21.334564200020395,0.0,0.0,125.77807410130274,1740.0,138.40789658445522,1461.6245584618737,,,,False,False,not_attempted,0,0,0,0,33,2,0.06060606060606061,155.74305922488625,1577.0,False,,,False,7,0
pso,static_live,29,1740.0,29.0,5,disrupted,disrupted,0 12 32 51,2797,2.857142857142857,0.35,0.0,30.24527695785376,18.483333333333334,18,2,16,7.101893691079889,3.5509468455399444,132.87996779238262,60.0,1800.0,0.0,0.0,0.0,21.334564200020395,0.0,0.0,132.87996779238262,1800.0,135.06333372599917,1439.4148530189082,,,,False,False,not_attempted,0,0,0,0,70,7,0.1,153.30859532282147,1577.0,False,,,False,7,0
pso,static_live,30,1800.0,30.0,6,recovering,recovering,0 12 32 51,2797,2.857142857142857,0.35,0.0,30.24527695785376,18.5,16,1,15,5.841769815053247,5.841769815053247,138.72173760743587,60.0,1860.0,0.0,0.0,0.0,21.334564200020395,0.0,0.0,138.72173760743587,1860.0,127.88451994528675,1386.962659511766,,,,False,False,not_attempted,0,0,0,0,43,4,0.09302325581395349,151.01781495955058,1577.0,False,,,False,6,0
pso,static_live,31,1860.0,31.0,6,recovering,recovering,0 12 32 51,2797,2.6595744680851063,0.376,0.04,30.670726715627296,18.516666666666666,15,2,13,8.828212470291923,4.414106235145962,147.5499500777278,60.0,1920.0,0.0,0.0,0.0,21.334564200020395,0.0,0.0,147.5499500777278,1920.0,115.02568641848232,1296.740004913199,,,,False,False,not_attempted,0,0,0,0,39,6,0.15384615384615385,148.37837749013266,1716.0,False,,,False,6,0
pso,static_live,32,1920.0,32.0,6,recovering,recovering,0 12 32 51,2797,2.4875621890547266,0.40199999999999997,0.08,31.0510110649113,18.533333333333335,13,1,12,6.460585043178798,6.460585043178798,154.0105351209066,60.0,1980.0,0.0,0.0,0.0,21.334564200020395,0.0,0.0,154.0105351209066,1980.0,100.74909780139772,1178.0489509300717,,,,False,False,not_attempted,0,0,0,0,52,5,0.09615384615384616,143.87375107648103,1807.0,False,,,False,6,0
pso,static_live,33,1980.0,33.0,6,recovering,recovering,0 12 32 51,2797,2.336448598130841,0.428,0.12,31.392959580447428,18.55,12,0,12,0.8216627078758438,0.8216627078758438,154.83219782878245,60.0,2040.0,0.0,0.0,0.0,21.334564200020395,0.0,0.0,154.83219782878245,2040.0,90.44433156360734,1066.7540190146526,,,,False,False,not_attempted,0,0,0,0,24,0,0.0,143.7804177431477,1807.0,False,,,False,6,0
pso,static_live,34,2040.0,34.0,6,recovering,recovering,0 12 32 51,2797,2.2026431718061676,0.45399999999999996,0.16,31.702090954731577,18.566666666666666,12,3,9,7.0114083821491295,2.3371361273830433,161.8436062109316,60.0,2100.0,0.0,0.0,0.0,21.334564200020395,0.0,0.0,161.8436062109316,2100.0,85.79253241523021,1047.7958509563446,,,,False,False,not_attempted,0,0,0,0,62,7,0.11290322580645161,141.25483758790264,1842.0,False,,,False,6,0
pso,static_live,35,2100.0,35.0,7,recovering,recovering,0 12 32 51,2797,2.0833333333333335,0.48,0.2,31.982913113523583,18.583333333333332,9,0,9,2.7646895544634247,2.7646895544634247,164.608295765395,60.0,2160.0,0.0,0.0,0.0,21.334564200020395,0.0,0.0,164.608295765395,2160.0,74.1882633662846,964.9320433598732,,,,False,False,not_attempted,0,0,0,0,20,1,0.05,139.99347849689545,1842.0,False,,,False,4,0
pso,static_live,36,2160.0,36.0,7,recovering,recovering,0 12 32 51,2797,1.976284584980237,0.506,0.24,32.23914449062352,18.6,9,3,6,1.6444010731347865,0.5481336910449288,166.2526968385298,60.0,2220.0,0.0,0.0,0.0,21.334564200020395,0.0,0.0,166.2526968385298,2220.0,68.99158805445141,901.9965999436067,,,,False,False,not_attempted,0,0,0,0,9,0,0.0,139.90014516356212,1991.0,False,,,False,2,0
pso,static_live,37,2220.0,37.0,7,recovering,recovering,0 12 32 51,2797,1.8796992481203008,0.532,0.28,32.47387961181962,18.616666666666667,6,2,4,1.529825940649841,0.7649129703249204,167.78252277917963,60.0,2280.0,0.0,0.0,0.0,21.334564200020395,0.0,0.0,167.78252277917963,2280.0,64.7745551219413,809.1072183573441,,,,False,False,not_attempted,0,0,0,0,3,3,1.0,139.8423806629086,1996.0,False,,,False,1,0
pso,static_live,38,2280.0,38.0,7,recovering,recovering,0 12 32 51,2797,1.7921146953405016,0.558,0.32,32.6897146821153,18.633333333333333,4,1,3,1.5027334668463728,1.5027334668463728,169.285256246026,60.0,2340.0,0.0,0.0,0.0,21.334564200020395,0.0,0.0,169.285256246026,2340.0,60.82296943901146,749.433970518545,,,,False,False,not_attempted,0,0,0,0,2,2,1.0,139.8423806629086,1996.0,False,,,False,1,0
pso,static_live,39,2340.0,39.0,7,recovering,recovering,0 12 32 51,2797,1.7123287671232879,0.584,0.36,32.888844011416055,18.65,3,0,3,0.09333333333333332,0.09333333333333332,169.37858957935933,60.0,2400.0,0.0,0.0,0.0,21.334564200020395,0.0,0.0,169.37858957935933,2400.0,57.18348475129057,576.3443074089737,,,,False,False,not_attempted,0,0,0,0,0,0,0.0,139.8423806629086,1996.0,False,,,False,1,0
pso,static_live,40,2400.0,40.0,8,recovering,recovering,0 12 32 51,2797,1.639344262295082,0.61,0.4,33.073134884250216,18.666666666666668,3,1,2,0.15859783823672813,0.15859783823672813,169.53718741759604,60.0,2460.0,0.0,0.0,0.0,21.334564200020395,0.0,0.0,169.53718741759604,2460.0,54.98144070057546,569.7990622237523,,,,False,False,not_attempted,0,0,0,0,1,1,1.0,139.8423806629086,1996.0,False,,,False,1,0
pso,static_live,41,2460.0,41.0,8,recovering,recovering,0 12 32 51,2797,1.572327044025157,0.636,0.44,33.24418629355876,18.683333333333334,2,0,2,1.9324016479796169,1.9324016479796169,171.46958906557566,60.0,2520.0,0.0,0.0,0.0,21.334564200020395,0.0,0.0,171.46958906557566,2520.0,52.54821291991294,538.000624934604,,,,False,False,not_attempted,0,0,0,0,4,4,1.0,139.8423806629086,1996.0,False,,,False,1,0
pso,static_live,42,2520.0,42.0,8,recovering,recovering,0 12 32 51,2797,1.5105740181268883,0.6619999999999999,0.48,33.40337545509262,18.7,2,0,2,0.9858297976850424,0.9858297976850424,172.45541886326072,60.0,2580.0,0.0,0.0,0.0,21.334564200020395,0.0,0.0,172.45541886326072,2580.0,48.83814131218698,518.3020097970403,,,,False,False,not_attempted,0,0,0,0,3,0,0.0,139.8423806629086,1996.0,False,,,False,1,0
pso,static_live,43,2580.0,43.0,8,recovering,recovering,0 12 32 51,2797,1.4534883720930234,0.688,0.52,33.551894968932665,18.716666666666665,2,0,2,1.675797035944125,1.675797035944125,174.13121589920485,60.0,2640.0,0.0,0.0,0.0,21.334564200020395,0.0,0.0,174.13121589920485,2640.0,46.32475360404966,425.47055390293906,,,,False,False,not_attempted,0,0,0,0,6,0,0.0,139.8423806629086,1996.0,False,,,False,1,0
pso,static_live,44,2640.0,44.0,8,recovering,recovering,0 12 32 51,2797,1.400560224089636,0.714,0.56,33.690782751054904,18.733333333333334,2,0,2,1.6864318324789505,1.6864318324789505,175.8176477316838,60.0,2700.0,0.0,0.0,0.0,21.334564200020395,0.0,0.0,175.8176477316838,2700.0,43.14788752515389,395.7524855260169,,,,False,False,not_attempted,0,0,0,0,32,0,0.0,139.8423806629086,1996.0,False,,,False,1,0
pso,static_live,45,2700.0,45.0,9,recovering,recovering,0 12 32 51,2797,1.3513513513513513,0.74,0.6,33.820946324459584,18.75,2,0,2,0.19710606998852656,0.19710606998852656,176.01475380167233,60.0,2760.0,0.0,0.0,0.0,21.334564200020395,0.0,0.0,176.01475380167233,2760.0,39.92450806141957,389.6546043195334,,,,False,False,not_attempted,0,0,0,0,6,0,0.0,139.8423806629086,1996.0,False,,,False,1,0
pso,static_live,46,2760.0,46.0,9,recovering,recovering,0 12 32 51,2797,1.3054830287206267,0.766,0.64,33.943182672163054,18.766666666666666,2,0,2,0.09333333333333332,0.09333333333333332,176.10808713500566,60.0,2820.0,0.0,0.0,0.0,21.334564200020395,0.0,0.0,176.10808713500566,2820.0,38.236472915926136,383.9706784952134,,,,False,False,not_attempted,0,0,0,0,0,0,0.0,139.8423806629086,1996.0,False,,,False,1,0
pso,static_live,47,2820.0,47.0,9,recovering,recovering,0 12 32 51,2797,1.2626262626262625,0.792,0.68,34.058194570117074,18.783333333333335,2,1,1,1.4162183836958842,1.4162183836958842,177.52430551870154,60.0,2880.0,0.0,0.0,0.0,21.334564200020395,0.0,0.0,177.52430551870154,2880.0,36.76918087027388,378.6599397199646,,,,False,False,not_attempted,0,0,0,0,8,7,0.875,139.8423806629086,1996.0,False,,,False,1,0
pso,static_live,48,2880.0,48.0,9,recovering,recovering,0 12 32 51,2797,1.2224938875305624,0.818,0.72,34.166604107310576,18.8,1,0,1,0.09333333333333332,0.09333333333333332,177.61763885203487,60.0,2940.0,0.0,0.0,0.0,21.334564200020395,0.0,0.0,177.61763885203487,2940.0,33.82806317444038,373.68680292064874,,,,False,False,not_attempted,0,0,0,0,0,0,0.0,139.8423806629086,1996.0,False,,,False,0,0
pso,static_live,49,2940.0,49.0,9,recovering,recovering,0 12 32 51,2797,1.1848341232227486,0.8440000000000001,0.76,34.268963942438084,18.816666666666666,1,1,0,29.10791173573802,29.10791173573802,206.7255505877729,395.51220222263794,3335.5122022226383,0.0,0.0,0.0,21.334564200020395,0.0,0.0,206.7255505877729,3335.5122022226383,32.41163284584351,369.0200679146556,,,,False,False,not_attempted,0,0,0,0,357,123,0.3445378151260504,135.47471374597842,1996.0,True,,,False,0,0
pso,static_frozen,0,0.0,0.0,0,normal,initial,0 12 32 51,0,1.0,1.0,0.0,34.78037077224997,18.0,84,0,84,17.41716950529079,17.41716950529079,17.41716950529079,60.0,60.0,9.01954150001984,12.315022700000554,21.334564200020395,21.334564200020395,0.0,0.0,17.41716950529079,60.0,151.37406968292143,2569.719418511708,,,,False,False,initial_plan,0,0,0,0,96,0,0.0,177.86965881732976,0.0,False,,,True,10,10
pso,static_frozen,1,60.0,1.0,0,normal,normal,0 12 32 51,0,1.0,1.0,0.0,34.78037077224997,18.016666666666666,84,0,84,2.9117287974767976,2.9117287974767976,20.328898302767588,60.0,120.0,0.0,0.0,0.0,21.334564200020395,0.0,0.0,20.328898302767588,120.0,133.1191070568551,2507.5518550268002,,,,False,False,not_attempted,0,0,0,0,47,0,0.0,177.4588955213837,0.0,False,,,False,10,10
pso,static_frozen,2,120.0,2.0,0,normal,normal,0 12 32 51,0,1.0,1.0,0.0,34.78037077224997,18.033333333333335,84,5,79,4.945953376604522,0.9891906753209044,25.27485167937211,60.0,180.0,0.0,0.0,0.0,21.334564200020395,0.0,0.0,25.27485167937211,180.0,129.7508783653988,2355.035662758609,,,,False,False,not_attempted,0,0,0,0,48,0,0.0,176.84027550943307,239.0,False,,,False,9,5
pso,static_frozen,3,180.0,3.0,0,normal,normal,0 12 32 51,0,1.0,1.0,0.0,34.78037077224997,18.05,79,3,76,5.2858708059973845,1.7619569353324616,30.560722485369492,60.0,240.0,0.0,0.0,0.0,21.334564200020395,0.0,0.0,30.560722485369492,240.0,125.54196401841551,2355.035662758609,,,,False,False,not_attempted,0,0,0,0,84,0,0.0,176.08417388140913,239.0,False,,,False,9,2
pso,static_frozen,4,240.0,4.0,0,normal,normal,0 12 32 51,0,1.0,1.0,0.0,34.78037077224997,18.066666666666666,76,0,76,4.768439454899793,4.768439454899793,35.32916194026929,60.0,300.0,0.0,0.0,0.0,21.334564200020395,0.0,0.0,35.32916194026929,300.0,119.70961591445298,2307.5810249028364,,,,False,False,not_attempted,0,0,0,0,69,0,0.0,174.23595111138894,239.0,False,,,False,9,2
pso,static_frozen,5,300.0,5.0,1,normal,normal,0 12 32 51,0,1.0,1.0,0.0,34.78037077224997,18.083333333333332,76,2,74,2.0331806617991015,1.0165903308995508,37.36234260206839,60.0,360.0,0.0,0.0,0.0,21.334564200020395,0.0,0.0,37.36234260206839,360.0,115.25900310952544,2179.6312187929043,,,,False,False,not_attempted,0,0,0,0,67,0,0.0,174.1426177780556,324.0,False,,,False,9,2
pso,static_frozen,6,360.0,6.0,1,normal,normal,0 12 32 51,0,1.0,1.0,0.0,34.78037077224997,18.1,74,4,70,2.8956701116039376,0.7239175279009844,40.25801271367233,60.0,420.0,0.0,0.0,0.0,21.334564200020395,0.0,0.0,40.25801271367233,420.0,113.42229091822706,2179.6312187929043,,,,False,False,not_attempted,0,0,0,0,34,0,0.0,173.80269504982573,430.0,False,,,False,9,1
pso,static_frozen,7,420.0,7.0,1,normal,normal,0 12 32 51,0,1.0,1.0,0.0,34.78037077224997,18.116666666666667,70,2,68,4.874305214044376,2.437152607022188,45.132317927716706,60.0,480.0,0.0,0.0,0.0,21.334564200020395,0.0,0.0,45.132317927716706,480.0,110.51467952032222,2149.403453117163,,,,False,False,not_attempted,0,0,0,0,51,0,0.0,171.7315048732715,430.0,False,,,False,9,0
pso,static_frozen,8,480.0,8.0,1,normal,normal,0 12 32 51,0,1.0,1.0,0.0,34.78037077224997,18.133333333333333,68,2,66,3.7435141569850514,1.8717570784925257,48.875832084701756,60.0,540.0,0.0,0.0,0.0,21.334564200020395,0.0,0.0,48.875832084701756,540.0,105.54802741137986,2029.403453117163,,,,False,False,not_attempted,0,0,0,0,78,0,0.0,171.63817153993816,451.0,False,,,False,8,0
pso,static_frozen,9,540.0,9.0,1,normal,normal,0 12 32 51,0,1.0,1.0,0.0,34.78037077224997,18.15,66,4,62,2.7954364093063027,0.6988591023265757,51.67126849400806,60.0,600.0,0.0,0.0,0.0,21.334564200020395,0.0,0.0,51.67126849400806,600.0,101.79424707515842,2029.403453117163,,,,False,False,not_attempted,0,0,0,0,21,0,0.0,171.54640459197284,647.0,False,,,False,8,0
pso,static_frozen,10,600.0,10.0,2,degrading,degrading,0 12 32 51,0,1.0,1.0,0.0,34.78037077224997,18.166666666666668,62,3,59,3.8765201157009246,1.2921733719003081,55.54778860970899,60.0,660.0,0.0,0.0,0.0,21.334564200020395,0.0,0.0,55.54778860970899,660.0,99.26036237241371,1901.7228863742832,,,,False,False,not_attempted,0,0,0,0,34,0,0.0,169.9139712245009,659.0,False,,,False,8,0
pso,static_frozen,11,660.0,11.0,2,degrading,degrading,0 12 32 51,2797,1.06951871657754,0.935,0.0,34.58624261731833,18.183333333333334,59,2,57,3.7891010492096946,1.8945505246048473,59.33688965891868,60.0,720.0,0.0,0.0,0.0,21.334564200020395,0.0,0.0,59.33688965891868,720.0,101.36796577792175,1907.1753203207106,,,,False,False,not_attempted,0,0,0,0,48,1,0.020833333333333332,168.57396062756465,659.0,False,,,False,8,0
pso,static_frozen,12,720.0,12.0,2,degrading,degrading,0 12 32 51,2797,1.1494252873563218,0.87,0.0,34.365766727216055,18.2,57,2,55,1.5337008894370883,0.7668504447185441,60.870590548355764,60.0,780.0,0.0,0.0,0.0,21.334564200020395,0.0,0.0,60.870590548355764,780.0,104.35644352562772,1747.3614560680285,,,,False,False,not_attempted,0,0,0,0,20,14,0.7,168.36247255001456,751.0,False,,,False,8,0
pso,static_frozen,13,780.0,13.0,2,degrading,degrading,0 12 32 51,2797,1.2422360248447206,0.8049999999999999,0.0,34.11318858383695,18.216666666666665,55,4,51,3.2979865692083665,0.8244966423020916,64.16857711756413,60.0,840.0,0.0,0.0,0.0,21.334564200020395,0.0,0.0,64.16857711756413,840.0,110.90810402202257,1735.0980751899874,,,,False,False,not_attempted,0,0,0,0,30,9,0.3,168.26913921668122,751.0,False,,,False,8,0
pso,static_frozen,14,840.0,14.0,2,degrading,degrading,0 12 32 51,2797,1.3513513513513513,0.74,0.0,33.820946324459584,18.233333333333334,51,2,49,1.0848366787897408,0.5424183393948704,65.25341379635387,60.0,900.0,0.0,0.0,0.0,21.334564200020395,0.0,0.0,65.25341379635387,900.0,115.84847461706119,1728.5132167171978,,,,False,False,not_attempted,0,0,0,0,21,0,0.0,168.1532899592327,832.0,False,,,False,8,0
pso,static_frozen,15,900.0,15.0,3,degrading,degrading,0 12 32 51,2797,1.4814814814814814,0.675,0.0,33.47890073173456,18.25,49,2,47,2.8493362827903366,1.4246681413951683,68.1027500791442,60.0,960.0,0.0,0.0,0.0,21.334564200020395,0.0,0.0,68.1027500791442,960.0,123.68032509182285,1696.9376579376956,,,,False,False,not_attempted,0,0,0,0,45,9,0.2,168.05995662589936,853.0,False,,,False,8,0
pso,static_frozen,16,960.0,16.0,3,degrading,degrading,0 12 32 51,2797,1.639344262295082,0.61,0.0,33.073134884250216,18.266666666666666,47,3,44,6.12492450776547,2.0416415025884898,74.22767458690967,60.0,1020.0,0.0,0.0,0.0,21.334564200020395,0.0,0.0,74.22767458690967,1020.0,130.9374495151519,1768.6414542692787,,,,False,False,not_attempted,0,0,0,0,71,19,0.2676056338028169,167.68069826789986,968.0,False,,,False,8,0
pso,static_frozen,17,1020.0,17.0,3,degrading,degrading,0 12 32 51,2797,1.8348623853211008,0.545,0.0,32.58401405704252,18.283333333333335,44,2,42,6.187803035622416,3.093901517811208,80.41547762253208,60.0,1080.0,0.0,0.0,0.0,21.334564200020395,0.0,0.0,80.41547762253208,1080.0,137.05883163117628,1765.932994173345,,,,False,False,not_attempted,0,0,0,0,55,13,0.23636363636363636,166.5343355462216,1048.0,False,,,False,8,0
pso,static_frozen,18,1080.0,18.0,3,degrading,degrading,0 12 32 51,2797,2.0833333333333335,0.48,0.0,31.982913113523583,18.3,42,2,40,3.75379662220795,1.876898311103975,84.16927424474002,60.0,1140.0,0.0,0.0,0.0,21.334564200020395,0.0,0.0,84.16927424474002,1140.0,144.82307305608015,1963.1007402561804,,,,False,False,not_attempted,0,0,0,0,45,1,0.022222222222222223,166.18717092947844,1048.0,False,,,False,8,0
pso,static_frozen,19,1140.0,19.0,3,degrading,degrading,0 12 32 51,2797,2.409638554216868,0.4149999999999999,0.0,31.226405631426534,18.316666666666666,40,2,38,3.854273837178508,1.927136918589254,88.02354808191853,60.0,1200.0,0.0,0.0,0.0,21.334564200020395,0.0,0.0,88.02354808191853,1200.0,156.82691635471215,1871.1445130002407,,,,False,False,not_attempted,0,0,0,0,38,3,0.07894736842105263,166.14134481511314,1114.0,False,,,False,8,0
pso,static_frozen,20,1200.0,20.0,4,disrupted,holding,0 12 32 51,2797,2.857142857142857,0.35,0.0,30.24527695785376,18.333333333333332,38,1,37,4.575809661751018,4.575809661751018,92.59935774366956,60.0,1260.0,0.0,0.0,0.0,21.334564200020395,0.0,0.0,92.59935774366956,1260.0,175.58932582727297,1953.7075369896288,,,,False,False,not_attempted,0,0,0,0,34,6,0.17647058823529413,164.09106809728252,1136.0,False,,,False,8,0
pso,static_frozen,21,1260.0,21.0,4,disrupted,disrupted,0 12 32 51,2797,2.857142857142857,0.35,0.0,30.24527695785376,18.35,37,2,35,5.756634506259619,2.8783172531298096,98.35599224992917,60.0,1320.0,0.0,0.0,0.0,21.334564200020395,0.0,0.0,98.35599224992917,1320.0,170.78653312602825,1815.8453067643472,,,,False,False,not_attempted,0,0,0,0,33,6,0.18181818181818182,162.92784457453266,1308.0,False,,,False,8,0
pso,static_frozen,22,1320.0,22.0,4,disrupted,disrupted,0 12 32 51,2797,2.857142857142857,0.35,0.0,30.24527695785376,18.366666666666667,35,2,33,5.849394193289347,2.9246970966446737,104.20538644321852,60.0,1380.0,0.0,0.0,0.0,21.334564200020395,0.0,0.0,104.20538644321852,1380.0,165.2210234339427,1815.8453067643472,,,,False,False,not_attempted,0,0,0,0,54,4,0.07407407407407407,161.54244945407692,1308.0,False,,,False,8,0
pso,static_frozen,23,1380.0,23.0,4,disrupted,disrupted,0 12 32 51,2797,2.857142857142857,0.35,0.0,30.24527695785376,18.383333333333333,33,1,32,2.6894404298746175,2.6894404298746175,106.89482687309314,60.0,1440.0,0.0,0.0,0.0,21.334564200020395,0.0,0.0,106.89482687309314,1440.0,158.9121727270135,1780.4411877712123,,,,False,False,not_attempted,0,0,0,0,21,0,0.0,161.44911612074358,1308.0,False,,,False,8,0
pso,static_frozen,24,1440.0,24.0,4,disrupted,disrupted,0 12 32 51,2797,2.857142857142857,0.35,0.0,30.24527695785376,18.4,32,4,28,3.158046083189474,0.7895115207973685,110.05287295628261,60.0,1500.0,0.0,0.0,0.0,21.334564200020395,0.0,0.0,110.05287295628261,1500.0,157.04674745089167,1649.2828858718512,,,,False,False,not_attempted,0,0,0,0,13,3,0.23076923076923078,159.78376268171488,1456.0,False,,,False,8,0
pso,static_frozen,25,1500.0,25.0,5,disrupted,disrupted,0 12 32 51,2797,2.857142857142857,0.35,0.0,30.24527695785376,18.416666666666668,28,3,25,4.537602055474379,1.5125340184914595,114.590475011757,60.0,1560.0,0.0,0.0,0.0,21.334564200020395,0.0,0.0,114.590475011757,1560.0,153.2930168392118,1649.2828858718512,,,,False,False,not_attempted,0,0,0,0,40,3,0.075,158.36079189732789,1456.0,False,,,False,8,0
pso,static_frozen,26,1560.0,26.0,5,disrupted,disrupted,0 12 32 51,2797,2.857142857142857,0.35,0.0,30.24527695785376,18.433333333333334,25,2,23,7.845276235920428,3.922638117960214,122.43575124767742,60.0,1620.0,0.0,0.0,0.0,21.334564200020395,0.0,0.0,122.43575124767742,1620.0,149.4438330985381,1621.62655199965,,,,False,False,not_attempted,0,0,0,0,17,9,0.5294117647058824,156.4133713040133,1506.0,False,,,False,8,0
pso,static_frozen,27,1620.0,27.0,5,disrupted,disrupted,0 12 32 51,2797,2.857142857142857,0.35,0.0,30.24527695785376,18.45,23,2,21,4.747977808163242,2.373988904081621,127.18372905584066,60.0,1680.0,0.0,0.0,0.0,21.334564200020395,0.0,0.0,127.18372905584066,1680.0,142.8156089323115,1461.6245584618737,,,,False,False,not_attempted,0,0,0,0,24,3,0.125,156.32003797067998,1577.0,False,,,False,8,0
pso,static_frozen,28,1680.0,28.0,5,disrupted,disrupted,0 12 32 51,2797,2.857142857142857,0.35,0.0,30.24527695785376,18.466666666666665,21,3,18,4.468338989208262,1.4894463297360874,131.6520680450489,60.0,1740.0,0.0,0.0,0.0,21.334564200020395,0.0,0.0,131.6520680450489,1740.0,141.30082821841222,1461.6245584618737,,,,False,False,not_attempted,0,0,0,0,58,8,0.13793103448275862,155.74305922488625,1577.0,False,,,False,7,0
pso,static_frozen,29,1740.0,29.0,5,disrupted,disrupted,0 12 32 51,2797,2.857142857142857,0.35,0.0,30.24527695785376,18.483333333333334,18,2,16,19.36819139127898,9.68409569563949,151.02025943632788,60.0,1800.0,0.0,0.0,0.0,21.334564200020395,0.0,0.0,151.02025943632788,1800.0,140.75123917720094,1471.6101225172047,,,,False,False,not_attempted,0,0,0,0,30,22,0.7333333333333333,153.30859532282147,1577.0,False,,,False,7,0
pso,static_frozen,30,1800.0,30.0,6,recovering,recovering,0 12 32 51,2797,2.857142857142857,0.35,0.0,30.24527695785376,18.5,16,2,14,8.16916961817446,4.08458480908723,159.18942905450234,60.0,1860.0,0.0,0.0,0.0,21.334564200020395,0.0,0.0,159.18942905450234,1860.0,124.28167153823269,897.0964233329065,,,,False,False,not_attempted,0,0,0,0,25,13,0.52,151.01781495955058,1716.0,False,,,False,6,0
pso,static_frozen,31,1860.0,31.0,6,recovering,recovering,0 12 32 51,2797,2.6595744680851063,0.376,0.04,30.670726715627296,18.516666666666666,14,1,13,12.103611230200926,12.103611230200926,171.29304028470327,60.0,1920.0,0.0,0.0,0.0,21.334564200020395,0.0,0.0,171.29304028470327,1920.0,110.36839337345688,844.5264138571563,,,,False,False,not_attempted,0,0,0,0,28,17,0.6071428571428571,148.37837749013266,1716.0,False,,,False,6,0
pso,static_frozen,32,1920.0,32.0,6,recovering,recovering,0 12 32 51,2797,2.4875621890547266,0.40199999999999997,0.08,31.0510110649113,18.533333333333335,13,1,12,5.628938418051143,5.628938418051143,176.92197870275442,60.0,1980.0,0.0,0.0,0.0,21.334564200020395,0.0,0.0,176.92197870275442,1980.0,93.11216369341545,765.8671853714008,,,,False,False,not_attempted,0,0,0,0,8,5,0.625,143.87375107648103,1807.0,False,,,False,6,0
pso,static_frozen,33,1980.0,33.0,6,recovering,recovering,0 12 32 51,2797,2.336448598130841,0.428,0.12,31.392959580447428,18.55,12,2,10,1.0683232746921068,0.5341616373460534,177.99030197744653,60.0,2040.0,0.0,0.0,0.0,21.334564200020395,0.0,0.0,177.99030197744653,2040.0,84.19684111169943,692.045409406544,,,,False,False,not_attempted,0,0,0,0,22,0,0.0,143.7804177431477,1842.0,False,,,False,6,0
pso,static_frozen,34,2040.0,34.0,6,recovering,recovering,0 12 32 51,2797,2.2026431718061676,0.45399999999999996,0.16,31.702090954731577,18.566666666666666,10,3,7,7.917462402138353,2.6391541340461178,185.90776437958488,60.0,2100.0,0.0,0.0,0.0,21.334564200020395,0.0,0.0,185.90776437958488,2100.0,79.23235995147954,620.3156682348009,,,,False,False,not_attempted,0,0,0,0,36,9,0.25,141.25483758790264,1842.0,False,,,False,4,0
pso,static_frozen,35,2100.0,35.0,7,recovering,recovering,0 12 32 51,2797,2.0833333333333335,0.48,0.2,31.982913113523583,18.583333333333332,7,2,5,4.218370129795474,2.109185064897737,190.12613450938034,60.0,2160.0,0.0,0.0,0.0,21.334564200020395,0.0,0.0,190.12613450938034,2160.0,67.9744506357812,630.3118286218407,,,,False,False,not_attempted,0,0,0,0,20,7,0.35,139.99347849689545,1991.0,False,,,False,3,0
pso,static_frozen,36,2160.0,36.0,7,recovering,recovering,0 12 32 51,2797,1.976284584980237,0.506,0.24,32.23914449062352,18.6,5,1,4,3.2694954229225104,3.2694954229225104,193.39562993230285,60.0,2220.0,0.0,0.0,0.0,21.334564200020395,0.0,0.0,193.39562993230285,2220.0,61.51823062947076,573.1693412351412,,,,False,False,not_attempted,0,0,0,0,7,2,0.2857142857142857,139.90014516356212,1991.0,False,,,False,1,0
pso,static_frozen,37,2220.0,37.0,7,recovering,recovering,0 12 32 51,2797,1.8796992481203008,0.532,0.28,32.47387961181962,18.616666666666667,4,2,2,0.524133591694438,0.262066795847219,193.9197635239973,60.0,2280.0,0.0,0.0,0.0,21.334564200020395,0.0,0.0,193.9197635239973,2280.0,55.97006418830431,530.4442991541672,,,,False,False,not_attempted,0,0,0,0,1,0,0.0,139.8423806629086,1996.0,False,,,False,1,0
pso,static_frozen,38,2280.0,38.0,7,recovering,recovering,0 12 32 51,2797,1.7921146953405016,0.558,0.32,32.6897146821153,18.633333333333333,2,0,2,0.21595332805938,0.21595332805938,194.13571685205667,60.0,2340.0,0.0,0.0,0.0,21.334564200020395,0.0,0.0,194.13571685205667,2340.0,53.77569743234107,527.5632254787486,,,,False,False,not_attempted,0,0,0,0,5,0,0.0,139.8423806629086,1996.0,False,,,False,1,0
pso,static_frozen,39,2340.0,39.0,7,recovering,recovering,0 12 32 51,2797,1.7123287671232879,0.584,0.36,32.888844011416055,18.65,2,0,2,0.9404474108161013,0.9404474108161013,195.07616426287277,60.0,2400.0,0.0,0.0,0.0,21.334564200020395,0.0,0.0,195.07616426287277,2400.0,51.4343186377649,524.9386857607303,,,,False,False,not_attempted,0,0,0,0,16,0,0.0,139.8423806629086,1996.0,False,,,False,1,0
pso,static_frozen,40,2400.0,40.0,8,recovering,recovering,0 12 32 51,2797,1.639344262295082,0.61,0.4,33.073134884250216,18.666666666666668,2,0,2,0.17192985944881198,0.17192985944881198,195.2480941223216,60.0,2460.0,0.0,0.0,0.0,21.334564200020395,0.0,0.0,195.2480941223216,2460.0,48.4267142288416,522.5378772973628,,,,False,False,not_attempted,0,0,0,0,6,0,0.0,139.8423806629086,1996.0,False,,,False,1,0
pso,static_frozen,41,2460.0,41.0,8,recovering,recovering,0 12 32 51,2797,1.572327044025157,0.636,0.44,33.24418629355876,18.683333333333334,2,0,2,0.09333333333333332,0.09333333333333332,195.34142745565492,60.0,2520.0,0.0,0.0,0.0,21.334564200020395,0.0,0.0,195.34142745565492,2520.0,46.274570300906056,520.3333613498679,,,,False,False,not_attempted,0,0,0,0,0,0,0.0,139.8423806629086,1996.0,False,,,False,1,0
pso,static_frozen,42,2520.0,42.0,8,recovering,recovering,0 12 32 51,2797,1.5105740181268883,0.6619999999999999,0.48,33.40337545509262,18.7,2,1,1,2.124745966607149,2.124745966607149,197.46617342226207,60.0,2580.0,0.0,0.0,0.0,21.334564200020395,0.0,0.0,197.46617342226207,2580.0,44.538519547763144,518.3020097970403,,,,False,False,not_attempted,0,0,0,0,11,10,0.9090909090909091,137.84570321754302,1996.0,False,,,False,1,0
pso,static_frozen,43,2580.0,43.0,8,recovering,recovering,0 12 32 51,2797,1.4534883720930234,0.688,0.52,33.551894968932665,18.716666666666665,1,0,1,0.09333333333333332,0.09333333333333332,197.5595067555954,60.0,2640.0,0.0,0.0,0.0,21.334564200020395,0.0,0.0,197.5595067555954,2640.0,40.89288332093767,402.3112531027578,,,,False,False,not_attempted,0,0,0,0,0,0,0.0,137.75236988420968,1996.0,False,,,False,0,0
pso,static_frozen,44,2640.0,44.0,8,recovering,recovering,0 12 32 51,2797,1.400560224089636,0.714,0.56,33.690782751054904,18.733333333333334,1,1,0,36.97194998003666,36.97194998003666,234.53145673563205,383.10189165961305,3023.101891659613,0.0,0.0,0.0,21.334564200020395,0.0,0.0,234.53145673563205,3023.101891659613,39.3516829524572,395.7524855260169,,,,False,False,not_attempted,0,0,0,0,360,169,0.46944444444444444,134.46696885328123,1996.0,True,,,False,0,0
ga,adaptive,0,0.0,0.0,0,normal,initial,0 12 32 51,0,1.0,1.0,0.0,34.78037077224997,18.0,84,0,84,17.649882122789972,17.649882122789972,17.649882122789972,60.0,60.0,8.482715899939649,17.265034900046885,25.747750799986534,25.747750799986534,0.0,0.0,17.649882122789972,60.0,137.0202222079973,2575.791665618115,,,,False,False,initial_plan,0,0,0,0,110,0,0.0,177.61134889028398,0.0,False,,,True,10,10
ga,adaptive,1,60.0,1.0,0,normal,normal,0 12 32 51,0,1.0,1.0,0.0,34.78037077224997,18.016666666666666,84,0,84,3.860832221189131,3.860832221189131,21.510714343979103,60.0,120.0,0.0,0.0,0.0,25.747750799986534,0.0,0.0,21.510714343979103,120.0,118.33481725358962,2408.508397267874,,,,False,False,not_attempted,0,0,0,0,48,0,0.0,176.09020652430007,0.0,False,,,False,10,10
ga,adaptive,2,120.0,2.0,0,normal,normal,0 12 32 51,0,1.0,1.0,0.0,34.78037077224997,18.033333333333335,84,5,79,5.469586054369472,1.0939172108738944,26.980300398348575,60.0,180.0,0.0,0.0,0.0,25.747750799986534,0.0,0.0,26.980300398348575,180.0,114.32039977398952,2408.508397267874,,,,False,False,not_attempted,0,0,0,0,54,0,0.0,174.7596401655785,230.0,False,,,False,10,5
ga,adaptive,3,180.0,3.0,0,normal,normal,0 12 32 51,0,1.0,1.0,0.0,34.78037077224997,18.05,79,2,77,7.011609396691212,3.505804698345606,33.99190979503979,60.0,240.0,0.0,0.0,0.0,25.747750799986534,0.0,0.0,33.99190979503979,240.0,109.00105004153725,2395.4649197227227,,,,False,False,not_attempted,0,0,0,0,102,0,0.0,174.34235459366602,230.0,False,,,False,10,3
ga,adaptive,4,240.0,4.0,0,normal,normal,0 12 32 51,0,1.0,1.0,0.0,34.78037077224997,18.066666666666666,77,0,77,7.1547879192985535,7.1547879192985535,41.146697714338345,60.0,300.0,0.0,0.0,0.0,25.747750799986534,0.0,0.0,41.146697714338345,300.0,102.22978058226929,2222.1724931702206,,,,False,False,not_attempted,0,0,0,0,63,0,0.0,173.4394704160569,230.0,False,,,False,10,3
ga,adaptive,5,300.0,5.0,1,normal,normal,0 12 32 51,0,1.0,1.0,0.0,34.78037077224997,18.083333333333332,77,3,74,2.675963325709791,0.891987775236597,43.82266104004813,60.0,360.0,10.28775899996981,1226.8437135999557,1237.1314725999255,1262.879223399912,0.0,0.0,43.82266104004813,360.0,95.1717140869908,2222.1724931702206,95.1717140869908,106.01582479873737,-10.844110711746566,True,False,incumbent_not_worse,6,37,0,0,34,0,0.0,173.10775928116314,402.0,False,,,True,10,2
ga,adaptive,6,360.0,6.0,1,normal,normal,0 12 32 51,0,1.0,1.0,0.0,34.78037077224997,18.1,74,2,72,2.766193936465484,1.383096968232742,46.588854976513616,60.0,420.0,0.0,0.0,0.0,1262.879223399912,0.0,0.0,46.588854976513616,420.0,92.60410325990152,2214.6116397759683,,,,False,False,not_attempted,0,0,0,0,81,0,0.0,173.0144259478298,422.0,False,,,False,10,1
ga,adaptive,7,420.0,7.0,1,normal,normal,0 12 32 51,0,1.0,1.0,0.0,34.78037077224997,18.116666666666667,72,4,68,4.347192794898818,1.0867981987247044,50.93604777141243,60.0,480.0,0.0,0.0,0.0,1262.879223399912,0.0,0.0,50.93604777141243,480.0,89.92368642949396,2148.2053198083527,,,,False,False,not_attempted,0,0,0,0,87,0,0.0,171.7315048732715,422.0,False,,,False,10,0
ga,adaptive,8,480.0,8.0,1,normal,normal,0 12 32 51,0,1.0,1.0,0.0,34.78037077224997,18.133333333333333,68,2,66,2.5250093236515756,1.2625046618257878,53.46105709506401,60.0,540.0,0.0,0.0,0.0,1262.879223399912,0.0,0.0,53.46105709506401,540.0,85.28714308081315,2087.667082619376,,,,False,False,not_attempted,0,0,0,0,64,0,0.0,171.63817153993816,647.0,False,,,False,10,0
ga,adaptive,9,540.0,9.0,1,normal,normal,0 12 32 51,0,1.0,1.0,0.0,34.78037077224997,18.15,66,4,62,3.0619730013422446,0.7654932503355611,56.52303009640625,60.0,600.0,0.0,0.0,0.0,1262.879223399912,0.0,0.0,56.52303009640625,600.0,82.77007440456873,1959.541901191854,,,,False,False,not_attempted,0,0,0,0,70,0,0.0,171.54640459197284,647.0,False,,,False,10,0
ga,adaptive,10,600.0,10.0,2,degrading,degrading,0 12 32 51,0,1.0,1.0,0.0,34.78037077224997,18.166666666666668,62,3,59,4.390709018242486,1.4635696727474954,60.913739114648735,60.0,660.0,5.710008554160595e-05,512.9070361000486,512.9070932001341,1775.7863166000461,0.0,0.0,60.913739114648735,660.0,80.09411359828835,1959.541901191854,80.09411359828835,98.66077012937346,-18.566656531085115,True,False,incumbent_not_worse,6,35,0,0,80,0,0.0,171.29011539682318,647.0,False,,,True,10,0
ga,adaptive,11,660.0,11.0,2,degrading,degrading,0 12 32 51,2797,1.06951871657754,0.935,0.0,34.58624261731833,18.183333333333334,59,1,58,2.6469136483713895,2.6469136483713895,63.56065276302012,60.0,720.0,0.0,0.0,0.0,1775.7863166000461,0.0,0.0,63.56065276302012,720.0,79.72999303234313,1908.606489223569,,,,False,False,not_attempted,0,0,0,0,48,7,0.14583333333333334,171.00102300959978,647.0,False,,,False,9,0
ga,adaptive,12,720.0,12.0,2,degrading,degrading,0 12 32 51,2797,1.1494252873563218,0.87,0.0,34.365766727216055,18.2,58,4,54,2.5819527502440955,0.6454881875610239,66.14260551326421,60.0,780.0,0.0,0.0,0.0,1775.7863166000461,0.0,0.0,66.14260551326421,780.0,82.37000045625014,1895.6248392135824,,,,False,False,not_attempted,0,0,0,0,30,0,0.0,169.9712503230566,647.0,False,,,False,8,0
ga,adaptive,13,780.0,13.0,2,degrading,degrading,0 12 32 51,2797,1.2422360248447206,0.8049999999999999,0.0,34.11318858383695,18.216666666666665,54,2,52,2.7880696351617833,1.3940348175808916,68.930675148426,60.0,840.0,0.0,0.0,0.0,1775.7863166000461,0.0,0.0,68.930675148426,840.0,85.8547265216599,1909.5238995224586,,,,False,False,not_attempted,0,0,0,0,39,0,0.0,168.6873506151558,822.0,False,,,False,8,0
ga,adaptive,14,840.0,14.0,2,degrading,degrading,0 12 32 51,2797,1.3513513513513513,0.74,0.0,33.820946324459584,18.233333333333334,52,3,49,2.0687352180750165,0.6895784060250055,70.99941036650102,60.0,900.0,0.0,0.0,0.0,1775.7863166000461,0.0,0.0,70.99941036650102,900.0,89.98421172596204,1805.8646866423542,,,,False,False,not_attempted,0,0,0,0,31,0,0.0,168.44749961377207,822.0,False,,,False,8,0
ga,adaptive,15,900.0,15.0,3,degrading,degrading,0 12 32 51,2797,1.4814814814814814,0.675,0.0,33.47890073173456,18.25,49,3,46,2.51395333837852,0.8379844461261734,73.51336370487954,60.0,960.0,10.428168900078163,561.3698883999605,571.7980573000386,2347.5843739000848,0.0,0.0,73.51336370487954,960.0,96.54269247375647,1878.2808663513015,96.54269247375647,106.01367827004188,-9.470985796285404,True,False,incumbent_not_worse,8,26,0,0,52,0,0.0,168.39759137099304,822.0,False,,,True,8,0
ga,adaptive,16,960.0,16.0,3,degrading,degrading,0 12 32 51,2797,1.639344262295082,0.61,0.0,33.073134884250216,18.266666666666666,46,1,45,3.454107107548872,3.454107107548872,76.96747081242842,60.0,1020.0,0.0,0.0,0.0,2347.5843739000848,0.0,0.0,76.96747081242842,1020.0,102.83256413214102,1978.01127744757,,,,False,False,not_attempted,0,0,0,0,52,6,0.11538461538461539,167.46211200091835,822.0,False,,,False,8,0
ga,adaptive,17,1020.0,17.0,3,degrading,degrading,0 12 32 51,2797,1.8348623853211008,0.545,0.0,32.58401405704252,18.283333333333335,45,3,42,4.22324092100789,1.4077469736692967,81.1907117334363,60.0,1080.0,0.0,0.0,0.0,2347.5843739000848,0.0,0.0,81.1907117334363,1080.0,109.00153963687129,1933.2196371747223,,,,False,False,not_attempted,0,0,0,0,43,8,0.18604651162790697,166.22775087320122,943.0,False,,,False,8,0
ga,adaptive,18,1080.0,18.0,3,degrading,degrading,0 12 32 51,2797,2.0833333333333335,0.48,0.0,31.982913113523583,18.3,42,2,40,3.2810417747373757,1.6405208873686878,84.47175350817368,60.0,1140.0,0.0,0.0,0.0,2347.5843739000848,0.0,0.0,84.47175350817368,1140.0,117.00871463510744,1889.7721871957035,,,,False,False,not_attempted,0,0,0,0,23,2,0.08695652173913043,165.9843185469313,943.0,False,,,False,8,0
ga,adaptive,19,1140.0,19.0,3,degrading,degrading,0 12 32 51,2797,2.409638554216868,0.4149999999999999,0.0,31.226405631426534,18.316666666666666,40,2,38,5.398740874725297,2.6993704373626484,89.87049438289897,60.0,1200.0,0.0,0.0,0.0,2347.5843739000848,0.0,0.0,89.87049438289897,1200.0,129.49933306845068,1831.5687182432034,,,,False,False,not_attempted,0,0,0,0,42,4,0.09523809523809523,165.89098521359796,967.0,False,,,False,8,0
ga,adaptive,20,1200.0,20.0,4,disrupted,holding,0 12 32 51,2797,2.857142857142857,0.35,0.0,30.24527695785376,18.333333333333332,38,3,35,7.934127499797501,2.644709166599167,97.80462188269647,60.0,1260.0,10.794569400022738,263.7328834000509,274.52745280007366,2622.1118267001584,0.0,0.0,97.80462188269647,1260.0,142.85856994004737,1730.2355109460716,144.29843088286302,142.85856994004737,1.439860942815642,True,True,lower_residual_energy,4,15,4,15,42,8,0.19047619047619047,163.65523691403345,993.0,False,,,True,9,0
ga,adaptive,21,1260.0,21.0,4,disrupted,disrupted,0 12 32 51,2797,2.857142857142857,0.35,0.0,30.24527695785376,18.35,35,1,34,4.895003611123407,4.895003611123407,102.69962549381987,60.0,1320.0,0.0,0.0,0.0,2622.1118267001584,0.0,0.0,102.69962549381987,1320.0,134.30112638295103,1730.2355109460716,,,,False,False,not_attempted,0,0,0,0,42,4,0.09523809523809523,163.38189733548327,993.0,False,,,False,7,0
ga,adaptive,22,1320.0,22.0,4,disrupted,disrupted,0 12 32 51,2797,2.857142857142857,0.35,0.0,30.24527695785376,18.366666666666667,34,4,30,2.633360968937494,0.6583402422343735,105.33298646275736,60.0,1380.0,0.0,0.0,0.0,2622.1118267001584,0.0,0.0,105.33298646275736,1380.0,130.26130181765097,1673.442195650687,,,,False,False,not_attempted,0,0,0,0,24,1,0.041666666666666664,163.28856400214994,1050.0,False,,,False,7,0
ga,adaptive,23,1380.0,23.0,4,disrupted,disrupted,0 12 32 51,2797,2.857142857142857,0.35,0.0,30.24527695785376,18.383333333333333,30,3,27,5.829904333697375,1.9433014445657915,111.16289079645473,60.0,1440.0,0.0,0.0,0.0,2622.1118267001584,0.0,0.0,111.16289079645473,1440.0,127.35885032552476,1553.4421956506872,,,,False,False,not_attempted,0,0,0,0,10,7,0.7,162.02265392962474,1167.0,False,,,False,7,0
ga,adaptive,24,1440.0,24.0,4,disrupted,disrupted,0 12 32 51,2797,2.857142857142857,0.35,0.0,30.24527695785376,18.4,27,3,24,4.186457667765625,1.3954858892552082,115.34934846422036,60.0,1500.0,0.0,0.0,0.0,2622.1118267001584,0.0,0.0,115.34934846422036,1500.0,121.30694651850675,1553.4421956506872,,,,False,False,not_attempted,0,0,0,0,34,2,0.058823529411764705,160.62658597738326,1168.0,False,,,False,7,0
ga,adaptive,25,1500.0,25.0,5,disrupted,disrupted,0 12 32 51,2797,2.857142857142857,0.35,0.0,30.24527695785376,18.416666666666668,24,1,23,0.7185572119640296,0.7185572119640296,116.06790567618438,60.0,1560.0,5.849997978657484e-05,78.27586489997339,78.27592339995317,2700.3877501001116,0.0,0.0,116.06790567618438,1560.0,116.46230635631605,1065.894239778808,117.49292699090603,116.46230635631605,1.0306206345899795,True,True,lower_residual_energy,1,11,1,11,8,1,0.125,160.53325264404992,1168.0,False,,,True,7,0
ga,adaptive,26,1560.0,26.0,5,disrupted,disrupted,0 12 32 51,2797,2.857142857142857,0.35,0.0,30.24527695785376,18.433333333333334,23,4,19,4.207808640913876,1.051952160228469,120.27571431709826,60.0,1620.0,0.0,0.0,0.0,2700.3877501001116,0.0,0.0,120.27571431709826,1620.0,115.058596713823,1065.894239778808,,,,False,False,not_attempted,0,0,0,0,30,4,0.13333333333333333,159.25069470067484,1171.0,False,,,False,7,0
ga,adaptive,27,1620.0,27.0,5,disrupted,disrupted,0 12 32 51,2797,2.857142857142857,0.35,0.0,30.24527695785376,18.45,19,2,17,7.056712867207286,3.528356433603643,127.33242718430554,60.0,1680.0,0.0,0.0,0.0,2700.3877501001116,0.0,0.0,127.33242718430554,1680.0,111.13408030951271,1023.2167785211744,,,,False,False,not_attempted,0,0,0,0,46,5,0.10869565217391304,157.09438460954186,1311.0,False,,,False,7,0
ga,adaptive,28,1680.0,28.0,5,disrupted,disrupted,0 12 32 51,2797,2.857142857142857,0.35,0.0,30.24527695785376,18.466666666666665,17,0,17,6.099775080431271,6.099775080431271,133.43220226473682,60.0,1740.0,0.0,0.0,0.0,2700.3877501001116,0.0,0.0,133.43220226473682,1740.0,104.51440288549222,894.872689508657,,,,False,False,not_attempted,0,0,0,0,46,7,0.15217391304347827,154.75464417498188,1311.0,False,,,False,6,0
ga,adaptive,29,1740.0,29.0,5,disrupted,disrupted,0 12 32 51,2797,2.857142857142857,0.35,0.0,30.24527695785376,18.483333333333334,17,2,15,11.400468585112508,5.700234292556254,144.83267084984934,60.0,1800.0,0.0,0.0,0.0,2700.3877501001116,0.0,0.0,144.83267084984934,1800.0,97.80499964725918,894.872689508657,,,,False,False,not_attempted,0,0,0,0,71,11,0.15492957746478872,147.6859667400467,1468.0,False,,,False,5,0
ga,adaptive,30,1800.0,30.0,6,recovering,recovering,0 12 32 51,2797,2.857142857142857,0.35,0.0,30.24527695785376,18.5,15,1,14,3.4226954305918955,3.4226954305918955,148.25536628044122,60.0,1860.0,6.150000263005495e-05,19.91298620007001,19.91304770007264,2720.3007978001842,0.0,0.0,148.25536628044122,1860.0,87.03391665628682,845.2188174627275,87.03391665628682,87.30287715235761,-0.26896049607078965,True,False,incumbent_not_worse,3,5,0,0,26,4,0.15384615384615385,146.90243804081396,1468.0,False,,,True,5,0
ga,adaptive,31,1860.0,31.0,6,recovering,recovering,0 12 32 51,2797,2.6595744680851063,0.376,0.04,30.670726715627296,18.516666666666666,14,1,13,1.8118792145806488,1.8118792145806488,150.06724549502187,60.0,1920.0,0.0,0.0,0.0,2720.3007978001842,0.0,0.0,150.06724549502187,1920.0,78.68282512560604,703.7965210144434,,,,False,False,not_attempted,0,0,0,0,4,3,0.75,146.80910470748063,1468.0,False,,,False,5,0
ga,adaptive,32,1920.0,32.0,6,recovering,recovering,0 12 32 51,2797,2.4875621890547266,0.40199999999999997,0.08,31.0510110649113,18.533333333333335,13,2,11,7.926926056236386,3.963463028118193,157.99417155125826,60.0,1980.0,0.0,0.0,0.0,2720.3007978001842,0.0,0.0,157.99417155125826,1980.0,72.10907069267587,700.4913796213848,,,,False,False,not_attempted,0,0,0,0,78,5,0.0641025641025641,143.82726385608086,1468.0,False,,,False,5,0
ga,adaptive,33,1980.0,33.0,6,recovering,recovering,0 12 32 51,2797,2.336448598130841,0.428,0.12,31.392959580447428,18.55,11,1,10,2.3051473137538094,2.3051473137538094,160.29931886501208,60.0,2040.0,0.0,0.0,0.0,2720.3007978001842,0.0,0.0,160.29931886501208,2040.0,60.95184277533445,655.2675063754045,,,,False,False,not_attempted,0,0,0,0,42,5,0.11904761904761904,143.73393052274753,1544.0,False,,,False,5,0
ga,adaptive,34,2040.0,34.0,6,recovering,recovering,0 12 32 51,2797,2.2026431718061676,0.45399999999999996,0.16,31.702090954731577,18.566666666666666,10,1,9,1.8029367507324592,1.8029367507324592,162.10225561574455,60.0,2100.0,0.0,0.0,0.0,2720.3007978001842,0.0,0.0,162.10225561574455,2100.0,55.40462535916106,532.6964930985939,,,,False,False,not_attempted,0,0,0,0,20,4,0.2,143.46425781572322,1544.0,False,,,False,5,0
ga,adaptive,35,2100.0,35.0,7,recovering,recovering,0 12 32 51,2797,2.0833333333333335,0.48,0.2,31.982913113523583,18.583333333333332,9,1,8,3.2998513197422743,3.2998513197422743,165.40210693548684,60.0,2160.0,9.959987799986266,2.935157799976878,12.895145599963143,2733.1959434001474,0.0,0.0,165.40210693548684,2160.0,50.119253761559946,530.4040062601046,50.119253761559946,50.119253761559946,0.0,True,False,incumbent_not_worse,0,0,0,0,40,0,0.0,141.50343101712943,1544.0,False,,,True,5,0
ga,adaptive,36,2160.0,36.0,7,recovering,recovering,0 12 32 51,2797,1.976284584980237,0.506,0.24,32.23914449062352,18.6,8,2,6,1.112171423387859,0.5560857116939295,166.5142783588747,60.0,2220.0,0.0,0.0,0.0,2733.1959434001474,0.0,0.0,166.5142783588747,2220.0,45.40352479770809,468.84878605159975,,,,False,False,not_attempted,0,0,0,0,10,1,0.1,141.4100976837961,1651.0,False,,,False,4,0
ga,adaptive,37,2220.0,37.0,7,recovering,recovering,0 12 32 51,2797,1.8796992481203008,0.532,0.28,32.47387961181962,18.616666666666667,6,2,4,1.1244506756159067,0.5622253378079534,167.6387290344906,60.0,2280.0,0.0,0.0,0.0,2733.1959434001474,0.0,0.0,167.6387290344906,2280.0,42.03605663203917,366.4666447501282,,,,False,False,not_attempted,0,0,0,0,6,1,0.16666666666666666,140.60134760546495,1651.0,False,,,False,1,0
ga,adaptive,38,2280.0,38.0,7,recovering,recovering,0 12 32 51,2797,1.7921146953405016,0.558,0.32,32.6897146821153,18.633333333333333,4,3,1,3.0950434228856594,1.0316811409618865,170.73377245737626,60.0,2340.0,0.0,0.0,0.0,2733.1959434001474,0.0,0.0,170.73377245737626,2340.0,39.28350756680478,364.7837455267889,,,,False,False,not_attempted,0,0,0,0,8,8,1.0,137.6442053324939,1761.0,False,,,False,1,0
ga,adaptive,39,2340.0,39.0,7,recovering,recovering,0 12 32 51,2797,1.7123287671232879,0.584,0.36,32.888844011416055,18.65,1,0,1,0.09333333333333332,0.09333333333333332,170.8271057907096,60.0,2400.0,0.0,0.0,0.0,2733.1959434001474,0.0,0.0,170.8271057907096,2400.0,34.81023262856142,363.25069349456896,,,,False,False,not_attempted,0,0,0,0,0,0,0.0,137.55087199916056,1761.0,False,,,False,0,0
ga,adaptive,40,2400.0,40.0,8,recovering,recovering,0 12 32 51,2797,1.639344262295082,0.61,0.4,33.073134884250216,18.666666666666668,1,1,0,30.97700417878892,30.97700417878892,201.8041099694985,408.1862620092803,2808.1862620092807,0.0,0.0,0.0,2733.1959434001474,0.0,0.0,201.8041099694985,2808.1862620092807,33.448890333382636,361.84832786509565,,,,False,False,not_attempted,0,0,0,0,402,73,0.18159203980099503,135.26109533850092,1761.0,True,,,False,0,0
ga,static_live,0,0.0,0.0,0,normal,initial,0 12 32 51,0,1.0,1.0,0.0,34.78037077224997,18.0,84,0,84,17.649882122789972,17.649882122789972,17.649882122789972,60.0,60.0,8.482715899939649,17.265034900046885,25.747750799986534,25.747750799986534,0.0,0.0,17.649882122789972,60.0,137.0202222079973,2575.791665618115,,,,False,False,initial_plan,0,0,0,0,110,0,0.0,177.61134889028398,0.0,False,,,True,10,10
ga,static_live,1,60.0,1.0,0,normal,normal,0 12 32 51,0,1.0,1.0,0.0,34.78037077224997,18.016666666666666,84,0,84,3.860832221189131,3.860832221189131,21.510714343979103,60.0,120.0,0.0,0.0,0.0,25.747750799986534,0.0,0.0,21.510714343979103,120.0,118.33481725358962,2408.508397267874,,,,False,False,not_attempted,0,0,0,0,48,0,0.0,176.09020652430007,0.0,False,,,False,10,10
ga,static_live,2,120.0,2.0,0,normal,normal,0 12 32 51,0,1.0,1.0,0.0,34.78037077224997,18.033333333333335,84,5,79,5.469586054369472,1.0939172108738944,26.980300398348575,60.0,180.0,0.0,0.0,0.0,25.747750799986534,0.0,0.0,26.980300398348575,180.0,114.32039977398952,2408.508397267874,,,,False,False,not_attempted,0,0,0,0,54,0,0.0,174.7596401655785,230.0,False,,,False,10,5
ga,static_live,3,180.0,3.0,0,normal,normal,0 12 32 51,0,1.0,1.0,0.0,34.78037077224997,18.05,79,2,77,7.011609396691212,3.505804698345606,33.99190979503979,60.0,240.0,0.0,0.0,0.0,25.747750799986534,0.0,0.0,33.99190979503979,240.0,109.00105004153725,2395.4649197227227,,,,False,False,not_attempted,0,0,0,0,102,0,0.0,174.34235459366602,230.0,False,,,False,10,3
ga,static_live,4,240.0,4.0,0,normal,normal,0 12 32 51,0,1.0,1.0,0.0,34.78037077224997,18.066666666666666,77,0,77,7.1547879192985535,7.1547879192985535,41.146697714338345,60.0,300.0,0.0,0.0,0.0,25.747750799986534,0.0,0.0,41.146697714338345,300.0,102.22978058226929,2222.1724931702206,,,,False,False,not_attempted,0,0,0,0,63,0,0.0,173.4394704160569,230.0,False,,,False,10,3
ga,static_live,5,300.0,5.0,1,normal,normal,0 12 32 51,0,1.0,1.0,0.0,34.78037077224997,18.083333333333332,77,3,74,2.675963325709791,0.891987775236597,43.82266104004813,60.0,360.0,0.0,0.0,0.0,25.747750799986534,0.0,0.0,43.82266104004813,360.0,95.1717140869908,2222.1724931702206,,,,False,False,not_attempted,0,0,0,0,34,0,0.0,173.10775928116314,402.0,False,,,False,10,2
ga,static_live,6,360.0,6.0,1,normal,normal,0 12 32 51,0,1.0,1.0,0.0,34.78037077224997,18.1,74,2,72,2.766193936465484,1.383096968232742,46.588854976513616,60.0,420.0,0.0,0.0,0.0,25.747750799986534,0.0,0.0,46.588854976513616,420.0,92.60410325990152,2214.6116397759683,,,,False,False,not_attempted,0,0,0,0,81,0,0.0,173.0144259478298,422.0,False,,,False,10,1
ga,static_live,7,420.0,7.0,1,normal,normal,0 12 32 51,0,1.0,1.0,0.0,34.78037077224997,18.116666666666667,72,4,68,4.347192794898818,1.0867981987247044,50.93604777141243,60.0,480.0,0.0,0.0,0.0,25.747750799986534,0.0,0.0,50.93604777141243,480.0,89.92368642949396,2148.2053198083527,,,,False,False,not_attempted,0,0,0,0,87,0,0.0,171.7315048732715,422.0,False,,,False,10,0
ga,static_live,8,480.0,8.0,1,normal,normal,0 12 32 51,0,1.0,1.0,0.0,34.78037077224997,18.133333333333333,68,2,66,2.5250093236515756,1.2625046618257878,53.46105709506401,60.0,540.0,0.0,0.0,0.0,25.747750799986534,0.0,0.0,53.46105709506401,540.0,85.28714308081315,2087.667082619376,,,,False,False,not_attempted,0,0,0,0,64,0,0.0,171.63817153993816,647.0,False,,,False,10,0
ga,static_live,9,540.0,9.0,1,normal,normal,0 12 32 51,0,1.0,1.0,0.0,34.78037077224997,18.15,66,4,62,3.0619730013422446,0.7654932503355611,56.52303009640625,60.0,600.0,0.0,0.0,0.0,25.747750799986534,0.0,0.0,56.52303009640625,600.0,82.77007440456873,1959.541901191854,,,,False,False,not_attempted,0,0,0,0,70,0,0.0,171.54640459197284,647.0,False,,,False,10,0
ga,static_live,10,600.0,10.0,2,degrading,degrading,0 12 32 51,0,1.0,1.0,0.0,34.78037077224997,18.166666666666668,62,3,59,4.390709018242486,1.4635696727474954,60.913739114648735,60.0,660.0,0.0,0.0,0.0,25.747750799986534,0.0,0.0,60.913739114648735,660.0,80.09411359828835,1959.541901191854,,,,False,False,not_attempted,0,0,0,0,80,0,0.0,171.29011539682318,647.0,False,,,False,10,0
ga,static_live,11,660.0,11.0,2,degrading,degrading,0 12 32 51,2797,1.06951871657754,0.935,0.0,34.58624261731833,18.183333333333334,59,1,58,2.6469136483713895,2.6469136483713895,63.56065276302012,60.0,720.0,0.0,0.0,0.0,25.747750799986534,0.0,0.0,63.56065276302012,720.0,79.72999303234313,1908.606489223569,,,,False,False,not_attempted,0,0,0,0,48,7,0.14583333333333334,171.00102300959978,647.0,False,,,False,9,0
ga,static_live,12,720.0,12.0,2,degrading,degrading,0 12 32 51,2797,1.1494252873563218,0.87,0.0,34.365766727216055,18.2,58,4,54,2.5819527502440955,0.6454881875610239,66.14260551326421,60.0,780.0,0.0,0.0,0.0,25.747750799986534,0.0,0.0,66.14260551326421,780.0,82.37000045625014,1895.6248392135824,,,,False,False,not_attempted,0,0,0,0,30,0,0.0,169.9712503230566,647.0,False,,,False,8,0
ga,static_live,13,780.0,13.0,2,degrading,degrading,0 12 32 51,2797,1.2422360248447206,0.8049999999999999,0.0,34.11318858383695,18.216666666666665,54,2,52,2.7880696351617833,1.3940348175808916,68.930675148426,60.0,840.0,0.0,0.0,0.0,25.747750799986534,0.0,0.0,68.930675148426,840.0,85.8547265216599,1909.5238995224586,,,,False,False,not_attempted,0,0,0,0,39,0,0.0,168.6873506151558,822.0,False,,,False,8,0
ga,static_live,14,840.0,14.0,2,degrading,degrading,0 12 32 51,2797,1.3513513513513513,0.74,0.0,33.820946324459584,18.233333333333334,52,3,49,2.0687352180750165,0.6895784060250055,70.99941036650102,60.0,900.0,0.0,0.0,0.0,25.747750799986534,0.0,0.0,70.99941036650102,900.0,89.98421172596204,1805.8646866423542,,,,False,False,not_attempted,0,0,0,0,31,0,0.0,168.44749961377207,822.0,False,,,False,8,0
ga,static_live,15,900.0,15.0,3,degrading,degrading,0 12 32 51,2797,1.4814814814814814,0.675,0.0,33.47890073173456,18.25,49,3,46,2.51395333837852,0.8379844461261734,73.51336370487954,60.0,960.0,0.0,0.0,0.0,25.747750799986534,0.0,0.0,73.51336370487954,960.0,96.54269247375647,1878.2808663513015,,,,False,False,not_attempted,0,0,0,0,52,0,0.0,168.39759137099304,822.0,False,,,False,8,0
ga,static_live,16,960.0,16.0,3,degrading,degrading,0 12 32 51,2797,1.639344262295082,0.61,0.0,33.073134884250216,18.266666666666666,46,1,45,3.454107107548872,3.454107107548872,76.96747081242842,60.0,1020.0,0.0,0.0,0.0,25.747750799986534,0.0,0.0,76.96747081242842,1020.0,102.83256413214102,1978.01127744757,,,,False,False,not_attempted,0,0,0,0,52,6,0.11538461538461539,167.46211200091835,822.0,False,,,False,8,0
ga,static_live,17,1020.0,17.0,3,degrading,degrading,0 12 32 51,2797,1.8348623853211008,0.545,0.0,32.58401405704252,18.283333333333335,45,3,42,4.22324092100789,1.4077469736692967,81.1907117334363,60.0,1080.0,0.0,0.0,0.0,25.747750799986534,0.0,0.0,81.1907117334363,1080.0,109.00153963687129,1933.2196371747223,,,,False,False,not_attempted,0,0,0,0,43,8,0.18604651162790697,166.22775087320122,943.0,False,,,False,8,0
ga,static_live,18,1080.0,18.0,3,degrading,degrading,0 12 32 51,2797,2.0833333333333335,0.48,0.0,31.982913113523583,18.3,42,2,40,3.2810417747373757,1.6405208873686878,84.47175350817368,60.0,1140.0,0.0,0.0,0.0,25.747750799986534,0.0,0.0,84.47175350817368,1140.0,117.00871463510744,1889.7721871957035,,,,False,False,not_attempted,0,0,0,0,23,2,0.08695652173913043,165.9843185469313,943.0,False,,,False,8,0
ga,static_live,19,1140.0,19.0,3,degrading,degrading,0 12 32 51,2797,2.409638554216868,0.4149999999999999,0.0,31.226405631426534,18.316666666666666,40,2,38,5.398740874725297,2.6993704373626484,89.87049438289897,60.0,1200.0,0.0,0.0,0.0,25.747750799986534,0.0,0.0,89.87049438289897,1200.0,129.49933306845068,1831.5687182432034,,,,False,False,not_attempted,0,0,0,0,42,4,0.09523809523809523,165.89098521359796,967.0,False,,,False,8,0
ga,static_live,20,1200.0,20.0,4,disrupted,holding,0 12 32 51,2797,2.857142857142857,0.35,0.0,30.24527695785376,18.333333333333332,38,3,35,5.962269452573905,1.9874231508579683,95.83276383547287,60.0,1260.0,0.0,0.0,0.0,25.747750799986534,0.0,0.0,95.83276383547287,1260.0,144.29843088286302,1739.2162171540044,,,,False,False,not_attempted,0,0,0,0,23,4,0.17391304347826086,163.65523691403345,993.0,False,,,False,8,0
ga,static_live,21,1260.0,21.0,4,disrupted,disrupted,0 12 32 51,2797,2.857142857142857,0.35,0.0,30.24527695785376,18.35,35,1,34,4.065500970420215,4.065500970420215,99.89826480589309,60.0,1320.0,0.0,0.0,0.0,25.747750799986534,0.0,0.0,99.89826480589309,1320.0,138.05472522391037,1739.2162171540044,,,,False,False,not_attempted,0,0,0,0,40,3,0.075,163.38189733548327,993.0,False,,,False,8,0
ga,static_live,22,1320.0,22.0,4,disrupted,disrupted,0 12 32 51,2797,2.857142857142857,0.35,0.0,30.24527695785376,18.366666666666667,34,3,31,4.39178069242283,1.4639268974742767,104.29004549831592,60.0,1380.0,0.0,0.0,0.0,25.747750799986534,0.0,0.0,104.29004549831592,1380.0,134.48034594496923,1682.4229018586195,,,,False,False,not_attempted,0,0,0,0,28,5,0.17857142857142858,163.28856400214994,1118.0,False,,,False,8,0
ga,static_live,23,1380.0,23.0,4,disrupted,disrupted,0 12 32 51,2797,2.857142857142857,0.35,0.0,30.24527695785376,18.383333333333333,31,3,28,6.50098600827817,2.1669953360927234,110.7910315065941,60.0,1440.0,0.0,0.0,0.0,25.747750799986534,0.0,0.0,110.7910315065941,1440.0,129.638179607557,1562.4229018586195,,,,False,False,not_attempted,0,0,0,0,11,8,0.7272727272727273,162.02265392962474,1167.0,False,,,False,8,0
ga,static_live,24,1440.0,24.0,4,disrupted,disrupted,0 12 32 51,2797,2.857142857142857,0.35,0.0,30.24527695785376,18.4,28,3,25,4.406227009546569,1.468742336515523,115.19725851614066,60.0,1500.0,0.0,0.0,0.0,25.747750799986534,0.0,0.0,115.19725851614066,1500.0,122.97195714648116,1562.4229018586195,,,,False,False,not_attempted,0,0,0,0,36,2,0.05555555555555555,160.62658597738326,1236.0,False,,,False,8,0
ga,static_live,25,1500.0,25.0,5,disrupted,disrupted,0 12 32 51,2797,2.857142857142857,0.35,0.0,30.24527695785376,18.416666666666668,25,2,23,2.777278058501278,1.388639029250639,117.97453657464195,60.0,1560.0,0.0,0.0,0.0,25.747750799986534,0.0,0.0,117.97453657464195,1560.0,119.21174438869802,1423.184214827286,,,,False,False,not_attempted,0,0,0,0,23,3,0.13043478260869565,160.53325264404992,1236.0,False,,,False,7,0
ga,static_live,26,1560.0,26.0,5,disrupted,disrupted,0 12 32 51,2797,2.857142857142857,0.35,0.0,30.24527695785376,18.433333333333334,23,3,20,5.427924518110069,1.8093081727033562,123.40246109275202,60.0,1620.0,0.0,0.0,0.0,25.747750799986534,0.0,0.0,123.40246109275202,1620.0,115.51765179513495,1423.184214827286,,,,False,False,not_attempted,0,0,0,0,25,8,0.32,159.25069470067484,1236.0,False,,,False,7,0
ga,static_live,27,1620.0,27.0,5,disrupted,disrupted,0 12 32 51,2797,2.857142857142857,0.35,0.0,30.24527695785376,18.45,20,2,18,5.91397433790315,2.956987168951575,129.31643543065516,60.0,1680.0,0.0,0.0,0.0,25.747750799986534,0.0,0.0,129.31643543065516,1680.0,110.3443506067346,1380.5067535696526,,,,False,False,not_attempted,0,0,0,0,25,4,0.16,157.09438460954186,1245.0,False,,,False,6,0
ga,static_live,28,1680.0,28.0,5,disrupted,disrupted,0 12 32 51,2797,2.857142857142857,0.35,0.0,30.24527695785376,18.466666666666665,18,1,17,5.457128764305475,5.457128764305475,134.77356419496064,60.0,1740.0,0.0,0.0,0.0,25.747750799986534,0.0,0.0,134.77356419496064,1740.0,104.82280767170651,1252.162664557135,,,,False,False,not_attempted,0,0,0,0,10,6,0.6,154.75464417498188,1382.0,False,,,False,6,0
ga,static_live,29,1740.0,29.0,5,disrupted,disrupted,0 12 32 51,2797,2.857142857142857,0.35,0.0,30.24527695785376,18.483333333333334,17,3,14,10.544181420198138,3.514727140066046,145.31774561515877,60.0,1800.0,0.0,0.0,0.0,25.747750799986534,0.0,0.0,145.31774561515877,1800.0,99.0452845392254,1252.162664557135,,,,False,False,not_attempted,0,0,0,0,35,8,0.22857142857142856,147.6859667400467,1468.0,False,,,False,6,0
ga,static_live,30,1800.0,30.0,6,recovering,recovering,0 12 32 51,2797,2.857142857142857,0.35,0.0,30.24527695785376,18.5,14,1,13,2.717685087830215,2.717685087830215,148.03543070298898,60.0,1860.0,0.0,0.0,0.0,25.747750799986534,0.0,0.0,148.03543070298898,1860.0,89.02488603230582,1203.2127302327526,,,,False,False,not_attempted,0,0,0,0,34,1,0.029411764705882353,146.90243804081396,1468.0,False,,,False,5,0
ga,static_live,31,1860.0,31.0,6,recovering,recovering,0 12 32 51,2797,2.6595744680851063,0.376,0.04,30.670726715627296,18.516666666666666,13,2,11,2.51668542593262,1.25834271296631,150.5521161289216,60.0,1920.0,0.0,0.0,0.0,25.747750799986534,0.0,0.0,150.5521161289216,1920.0,80.80260249108844,1127.543350446138,,,,False,False,not_attempted,0,0,0,0,31,2,0.06451612903225806,146.80910470748063,1468.0,False,,,False,5,0
ga,static_live,32,1920.0,32.0,6,recovering,recovering,0 12 32 51,2797,2.4875621890547266,0.40199999999999997,0.08,31.0510110649113,18.533333333333335,11,2,9,5.56542194716555,2.782710973582775,156.11753807608716,60.0,1980.0,0.0,0.0,0.0,25.747750799986534,0.0,0.0,156.11753807608716,1980.0,72.99509231089743,1057.7923554776244,,,,False,False,not_attempted,0,0,0,0,36,5,0.1388888888888889,143.82726385608086,1607.0,False,,,False,4,0
ga,static_live,33,1980.0,33.0,6,recovering,recovering,0 12 32 51,2797,2.336448598130841,0.428,0.12,31.392959580447428,18.55,9,1,8,0.8795765281799749,0.8795765281799749,156.99711460426713,60.0,2040.0,0.0,0.0,0.0,25.747750799986534,0.0,0.0,156.99711460426713,2040.0,63.733453571741904,989.0848634020617,,,,False,False,not_attempted,0,0,0,0,16,0,0.0,143.73393052274753,1635.0,False,,,False,2,0
ga,static_live,34,2040.0,34.0,6,recovering,recovering,0 12 32 51,2797,2.2026431718061676,0.45399999999999996,0.16,31.702090954731577,18.566666666666666,8,2,6,0.4219376517281518,0.2109688258640759,157.41905225599527,60.0,2100.0,0.0,0.0,0.0,25.747750799986534,0.0,0.0,157.41905225599527,2100.0,59.45927547599209,919.4467177499395,,,,False,False,not_attempted,0,0,0,0,28,0,0.0,143.64971523247587,1635.0,False,,,False,2,0
ga,static_live,35,2100.0,35.0,7,recovering,recovering,0 12 32 51,2797,2.0833333333333335,0.48,0.2,31.982913113523583,18.583333333333332,6,1,5,0.5657177716261634,0.5657177716261634,157.98477002762144,60.0,2160.0,0.0,0.0,0.0,25.747750799986534,0.0,0.0,157.98477002762144,2160.0,55.99523060798581,870.9736104791106,,,,False,False,not_attempted,0,0,0,0,19,0,0.0,143.64971523247587,1725.0,False,,,False,2,0
ga,static_live,36,2160.0,36.0,7,recovering,recovering,0 12 32 51,2797,1.976284584980237,0.506,0.24,32.23914449062352,18.6,5,0,5,0.3024056216582656,0.3024056216582656,158.2871756492797,60.0,2220.0,0.0,0.0,0.0,25.747750799986534,0.0,0.0,158.2871756492797,2220.0,52.45870656335623,801.4014744630075,,,,False,False,not_attempted,0,0,0,0,18,0,0.0,143.64971523247587,1725.0,False,,,False,1,0
ga,static_live,37,2220.0,37.0,7,recovering,recovering,0 12 32 51,2797,1.8796992481203008,0.532,0.28,32.47387961181962,18.616666666666667,5,1,4,0.11333918355261022,0.11333918355261022,158.4005148328323,60.0,2280.0,0.0,0.0,0.0,25.747750799986534,0.0,0.0,158.4005148328323,2280.0,49.50541433239774,642.4209528763243,,,,False,False,not_attempted,0,0,0,0,0,0,0.0,143.64971523247587,1937.0,False,,,False,1,0
ga,static_live,38,2280.0,38.0,7,recovering,recovering,0 12 32 51,2797,1.7921146953405016,0.558,0.32,32.6897146821153,18.633333333333333,4,1,3,0.14419515940554617,0.14419515940554617,158.54470999223784,60.0,2340.0,0.0,0.0,0.0,25.747750799986534,0.0,0.0,158.54470999223784,2340.0,47.152042248601965,636.3100407732796,,,,False,False,not_attempted,0,0,0,0,14,0,0.0,143.64971523247587,1937.0,False,,,False,1,0
ga,static_live,39,2340.0,39.0,7,recovering,recovering,0 12 32 51,2797,1.7123287671232879,0.584,0.36,32.888844011416055,18.65,3,0,3,0.14298402299633864,0.14298402299633864,158.68769401523417,60.0,2400.0,0.0,0.0,0.0,25.747750799986534,0.0,0.0,158.68769401523417,2400.0,44.81774127677202,605.7109301829594,,,,False,False,not_attempted,0,0,0,0,6,0,0.0,143.64971523247587,1937.0,False,,,False,1,0
ga,static_live,40,2400.0,40.0,8,recovering,recovering,0 12 32 51,2797,1.639344262295082,0.61,0.4,33.073134884250216,18.666666666666668,3,0,3,0.09333333333333332,0.09333333333333332,158.7810273485675,60.0,2460.0,0.0,0.0,0.0,25.747750799986534,0.0,0.0,158.7810273485675,2460.0,42.41494313194479,522.5634566378905,,,,False,False,not_attempted,0,0,0,0,0,0,0.0,143.64971523247587,1937.0,False,,,False,1,0
ga,static_live,41,2460.0,41.0,8,recovering,recovering,0 12 32 51,2797,1.572327044025157,0.636,0.44,33.24418629355876,18.683333333333334,3,1,2,0.14545354244458975,0.14545354244458975,158.9264808910121,60.0,2520.0,0.0,0.0,0.0,25.747750799986534,0.0,0.0,158.9264808910121,2520.0,40.46935274134197,518.9580356084531,,,,False,False,not_attempted,0,0,0,0,6,0,0.0,143.64971523247587,1937.0,False,,,False,1,0
ga,static_live,42,2520.0,42.0,8,recovering,recovering,0 12 32 51,2797,1.5105740181268883,0.6619999999999999,0.48,33.40337545509262,18.7,2,0,2,0.09333333333333332,0.09333333333333332,159.01981422434542,60.0,2580.0,0.0,0.0,0.0,25.747750799986534,0.0,0.0,159.01981422434542,2580.0,38.41015099971646,515.6358198562526,,,,False,False,not_attempted,0,0,0,0,0,0,0.0,143.64971523247587,1937.0,False,,,False,1,0
ga,static_live,43,2580.0,43.0,8,recovering,recovering,0 12 32 51,2797,1.4534883720930234,0.688,0.52,33.551894968932665,18.716666666666665,2,1,1,0.13594804595466004,0.13594804595466004,159.15576227030007,60.0,2640.0,0.0,0.0,0.0,25.747750799986534,0.0,0.0,159.15576227030007,2640.0,36.59091491505036,512.5647018062533,,,,False,False,not_attempted,0,0,0,0,3,0,0.0,143.64971523247587,1937.0,False,,,False,1,0
ga,static_live,44,2640.0,44.0,8,recovering,recovering,0 12 32 51,2797,1.400560224089636,0.714,0.56,33.690782751054904,18.733333333333334,1,0,1,0.38771514542922186,0.38771514542922186,159.54347741572928,60.0,2700.0,0.0,0.0,0.0,25.747750799986534,0.0,0.0,159.54347741572928,2700.0,34.666180583003566,509.7172506170383,,,,False,False,not_attempted,0,0,0,0,24,0,0.0,143.64971523247587,1937.0,False,,,False,1,0
ga,static_live,45,2700.0,45.0,9,recovering,recovering,0 12 32 51,2797,1.3513513513513513,0.74,0.6,33.820946324459584,18.75,1,0,1,1.279167525273932,1.279167525273932,160.8226449410032,60.0,2760.0,0.0,0.0,0.0,25.747750799986534,0.0,0.0,160.8226449410032,2760.0,32.5875918098451,507.06989059247076,,,,False,False,not_attempted,0,0,0,0,8,6,0.75,143.64971523247587,1937.0,False,,,False,1,0
ga,static_live,46,2760.0,46.0,9,recovering,recovering,0 12 32 51,2797,1.3054830287206267,0.766,0.64,33.943182672163054,18.766666666666666,1,0,1,0.4616086476548505,0.4616086476548505,161.28425358865806,60.0,2820.0,0.0,0.0,0.0,25.747750799986534,0.0,0.0,161.28425358865806,2820.0,29.747607844296127,504.60224691421865,,,,False,False,not_attempted,0,0,0,0,2,2,1.0,143.64971523247587,1937.0,False,,,False,1,0
ga,static_live,47,2820.0,47.0,9,recovering,recovering,0 12 32 51,2797,1.2626262626262625,0.792,0.68,34.058194570117074,18.783333333333335,1,0,1,0.09333333333333332,0.09333333333333332,161.3775869219914,60.0,2880.0,0.0,0.0,0.0,25.747750799986534,0.0,0.0,161.3775869219914,2880.0,27.814107033897923,502.2966202451444,,,,False,False,not_attempted,0,0,0,0,0,0,0.0,143.64971523247587,1937.0,False,,,False,0,0
ga,static_live,48,2880.0,48.0,9,recovering,recovering,0 12 32 51,2797,1.2224938875305624,0.818,0.72,34.166604107310576,18.8,1,1,0,24.314291174694027,24.314291174694027,185.69187809668543,516.8712513392394,3396.8712513392393,0.0,0.0,0.0,25.747750799986534,0.0,0.0,185.69187809668543,3396.8712513392393,26.514085178925786,500.1375615305838,,,,False,False,not_attempted,0,0,0,0,351,107,0.30484330484330485,138.7543786503474,1937.0,True,,,False,0,0
ga,static_frozen,0,0.0,0.0,0,normal,initial,0 12 32 51,0,1.0,1.0,0.0,34.78037077224997,18.0,84,0,84,17.649882122789972,17.649882122789972,17.649882122789972,60.0,60.0,8.482715899939649,17.265034900046885,25.747750799986534,25.747750799986534,0.0,0.0,17.649882122789972,60.0,137.0202222079973,2575.791665618115,,,,False,False,initial_plan,0,0,0,0,110,0,0.0,177.61134889028398,0.0,False,,,True,10,10
ga,static_frozen,1,60.0,1.0,0,normal,normal,0 12 32 51,0,1.0,1.0,0.0,34.78037077224997,18.016666666666666,84,0,84,3.860832221189131,3.860832221189131,21.510714343979103,60.0,120.0,0.0,0.0,0.0,25.747750799986534,0.0,0.0,21.510714343979103,120.0,118.33481725358962,2408.508397267874,,,,False,False,not_attempted,0,0,0,0,48,0,0.0,176.09020652430007,0.0,False,,,False,10,10
ga,static_frozen,2,120.0,2.0,0,normal,normal,0 12 32 51,0,1.0,1.0,0.0,34.78037077224997,18.033333333333335,84,5,79,5.469586054369472,1.0939172108738944,26.980300398348575,60.0,180.0,0.0,0.0,0.0,25.747750799986534,0.0,0.0,26.980300398348575,180.0,114.32039977398952,2408.508397267874,,,,False,False,not_attempted,0,0,0,0,54,0,0.0,174.7596401655785,230.0,False,,,False,10,5
ga,static_frozen,3,180.0,3.0,0,normal,normal,0 12 32 51,0,1.0,1.0,0.0,34.78037077224997,18.05,79,2,77,7.011609396691212,3.505804698345606,33.99190979503979,60.0,240.0,0.0,0.0,0.0,25.747750799986534,0.0,0.0,33.99190979503979,240.0,109.00105004153725,2395.4649197227227,,,,False,False,not_attempted,0,0,0,0,102,0,0.0,174.34235459366602,230.0,False,,,False,10,3
ga,static_frozen,4,240.0,4.0,0,normal,normal,0 12 32 51,0,1.0,1.0,0.0,34.78037077224997,18.066666666666666,77,0,77,7.1547879192985535,7.1547879192985535,41.146697714338345,60.0,300.0,0.0,0.0,0.0,25.747750799986534,0.0,0.0,41.146697714338345,300.0,102.22978058226929,2222.1724931702206,,,,False,False,not_attempted,0,0,0,0,63,0,0.0,173.4394704160569,230.0,False,,,False,10,3
ga,static_frozen,5,300.0,5.0,1,normal,normal,0 12 32 51,0,1.0,1.0,0.0,34.78037077224997,18.083333333333332,77,3,74,2.675963325709791,0.891987775236597,43.82266104004813,60.0,360.0,0.0,0.0,0.0,25.747750799986534,0.0,0.0,43.82266104004813,360.0,95.1717140869908,2222.1724931702206,,,,False,False,not_attempted,0,0,0,0,34,0,0.0,173.10775928116314,402.0,False,,,False,10,2
ga,static_frozen,6,360.0,6.0,1,normal,normal,0 12 32 51,0,1.0,1.0,0.0,34.78037077224997,18.1,74,2,72,2.766193936465484,1.383096968232742,46.588854976513616,60.0,420.0,0.0,0.0,0.0,25.747750799986534,0.0,0.0,46.588854976513616,420.0,92.60410325990152,2214.6116397759683,,,,False,False,not_attempted,0,0,0,0,81,0,0.0,173.0144259478298,422.0,False,,,False,10,1
ga,static_frozen,7,420.0,7.0,1,normal,normal,0 12 32 51,0,1.0,1.0,0.0,34.78037077224997,18.116666666666667,72,4,68,4.347192794898818,1.0867981987247044,50.93604777141243,60.0,480.0,0.0,0.0,0.0,25.747750799986534,0.0,0.0,50.93604777141243,480.0,89.92368642949396,2148.2053198083527,,,,False,False,not_attempted,0,0,0,0,87,0,0.0,171.7315048732715,422.0,False,,,False,10,0
ga,static_frozen,8,480.0,8.0,1,normal,normal,0 12 32 51,0,1.0,1.0,0.0,34.78037077224997,18.133333333333333,68,2,66,2.5250093236515756,1.2625046618257878,53.46105709506401,60.0,540.0,0.0,0.0,0.0,25.747750799986534,0.0,0.0,53.46105709506401,540.0,85.28714308081315,2087.667082619376,,,,False,False,not_attempted,0,0,0,0,64,0,0.0,171.63817153993816,647.0,False,,,False,10,0
ga,static_frozen,9,540.0,9.0,1,normal,normal,0 12 32 51,0,1.0,1.0,0.0,34.78037077224997,18.15,66,4,62,3.0619730013422446,0.7654932503355611,56.52303009640625,60.0,600.0,0.0,0.0,0.0,25.747750799986534,0.0,0.0,56.52303009640625,600.0,82.77007440456873,1959.541901191854,,,,False,False,not_attempted,0,0,0,0,70,0,0.0,171.54640459197284,647.0,False,,,False,10,0
ga,static_frozen,10,600.0,10.0,2,degrading,degrading,0 12 32 51,0,1.0,1.0,0.0,34.78037077224997,18.166666666666668,62,3,59,4.390709018242486,1.4635696727474954,60.913739114648735,60.0,660.0,0.0,0.0,0.0,25.747750799986534,0.0,0.0,60.913739114648735,660.0,80.09411359828835,1959.541901191854,,,,False,False,not_attempted,0,0,0,0,80,0,0.0,171.29011539682318,647.0,False,,,False,10,0
ga,static_frozen,11,660.0,11.0,2,degrading,degrading,0 12 32 51,2797,1.06951871657754,0.935,0.0,34.58624261731833,18.183333333333334,59,1,58,2.6469136483713895,2.6469136483713895,63.56065276302012,60.0,720.0,0.0,0.0,0.0,25.747750799986534,0.0,0.0,63.56065276302012,720.0,79.72999303234313,1908.606489223569,,,,False,False,not_attempted,0,0,0,0,48,7,0.14583333333333334,171.00102300959978,647.0,False,,,False,9,0
ga,static_frozen,12,720.0,12.0,2,degrading,degrading,0 12 32 51,2797,1.1494252873563218,0.87,0.0,34.365766727216055,18.2,58,4,54,2.5819527502440955,0.6454881875610239,66.14260551326421,60.0,780.0,0.0,0.0,0.0,25.747750799986534,0.0,0.0,66.14260551326421,780.0,82.37000045625014,1895.6248392135824,,,,False,False,not_attempted,0,0,0,0,30,0,0.0,169.9712503230566,647.0,False,,,False,8,0
ga,static_frozen,13,780.0,13.0,2,degrading,degrading,0 12 32 51,2797,1.2422360248447206,0.8049999999999999,0.0,34.11318858383695,18.216666666666665,54,2,52,2.7880696351617833,1.3940348175808916,68.930675148426,60.0,840.0,0.0,0.0,0.0,25.747750799986534,0.0,0.0,68.930675148426,840.0,85.8547265216599,1909.5238995224586,,,,False,False,not_attempted,0,0,0,0,39,0,0.0,168.6873506151558,822.0,False,,,False,8,0
ga,static_frozen,14,840.0,14.0,2,degrading,degrading,0 12 32 51,2797,1.3513513513513513,0.74,0.0,33.820946324459584,18.233333333333334,52,3,49,2.0687352180750165,0.6895784060250055,70.99941036650102,60.0,900.0,0.0,0.0,0.0,25.747750799986534,0.0,0.0,70.99941036650102,900.0,89.98421172596204,1805.8646866423542,,,,False,False,not_attempted,0,0,0,0,31,0,0.0,168.44749961377207,822.0,False,,,False,8,0
ga,static_frozen,15,900.0,15.0,3,degrading,degrading,0 12 32 51,2797,1.4814814814814814,0.675,0.0,33.47890073173456,18.25,49,3,46,2.51395333837852,0.8379844461261734,73.51336370487954,60.0,960.0,0.0,0.0,0.0,25.747750799986534,0.0,0.0,73.51336370487954,960.0,96.54269247375647,1878.2808663513015,,,,False,False,not_attempted,0,0,0,0,52,0,0.0,168.39759137099304,822.0,False,,,False,8,0
ga,static_frozen,16,960.0,16.0,3,degrading,degrading,0 12 32 51,2797,1.639344262295082,0.61,0.0,33.073134884250216,18.266666666666666,46,1,45,3.454107107548872,3.454107107548872,76.96747081242842,60.0,1020.0,0.0,0.0,0.0,25.747750799986534,0.0,0.0,76.96747081242842,1020.0,102.83256413214102,1978.01127744757,,,,False,False,not_attempted,0,0,0,0,52,6,0.11538461538461539,167.46211200091835,822.0,False,,,False,8,0
ga,static_frozen,17,1020.0,17.0,3,degrading,degrading,0 12 32 51,2797,1.8348623853211008,0.545,0.0,32.58401405704252,18.283333333333335,45,3,42,4.22324092100789,1.4077469736692967,81.1907117334363,60.0,1080.0,0.0,0.0,0.0,25.747750799986534,0.0,0.0,81.1907117334363,1080.0,109.00153963687129,1933.2196371747223,,,,False,False,not_attempted,0,0,0,0,43,8,0.18604651162790697,166.22775087320122,943.0,False,,,False,8,0
ga,static_frozen,18,1080.0,18.0,3,degrading,degrading,0 12 32 51,2797,2.0833333333333335,0.48,0.0,31.982913113523583,18.3,42,2,40,3.3808412907400935,1.6904206453700468,84.5715530241764,60.0,1140.0,0.0,0.0,0.0,25.747750799986534,0.0,0.0,84.5715530241764,1140.0,117.00871463510744,1889.7721871957035,,,,False,False,not_attempted,0,0,0,0,24,2,0.08333333333333333,165.9843185469313,943.0,False,,,False,8,0
ga,static_frozen,19,1140.0,19.0,3,degrading,degrading,0 12 32 51,2797,2.409638554216868,0.4149999999999999,0.0,31.226405631426534,18.316666666666666,40,2,38,6.153716250669846,3.076858125334923,90.72526927484624,60.0,1200.0,0.0,0.0,0.0,25.747750799986534,0.0,0.0,90.72526927484624,1200.0,129.57982947597787,1831.5687182432034,,,,False,False,not_attempted,0,0,0,0,22,11,0.5,165.89098521359796,967.0,False,,,False,8,0
ga,static_frozen,20,1200.0,20.0,4,disrupted,holding,0 12 32 51,2797,2.857142857142857,0.35,0.0,30.24527695785376,18.333333333333332,38,3,35,6.722388735513905,2.240796245171302,97.44765801036014,60.0,1260.0,0.0,0.0,0.0,25.747750799986534,0.0,0.0,97.44765801036014,1260.0,144.68818293024609,1739.2162171540044,,,,False,False,not_attempted,0,0,0,0,22,6,0.2727272727272727,163.65523691403345,993.0,False,,,False,8,0
ga,static_frozen,21,1260.0,21.0,4,disrupted,disrupted,0 12 32 51,2797,2.857142857142857,0.35,0.0,30.24527695785376,18.35,35,1,34,5.7831514072776065,5.7831514072776065,103.23080941763774,60.0,1320.0,0.0,0.0,0.0,25.747750799986534,0.0,0.0,103.23080941763774,1320.0,137.7114993585512,1739.2162171540044,,,,False,False,not_attempted,0,0,0,0,44,7,0.1590909090909091,163.38189733548327,993.0,False,,,False,8,0
ga,static_frozen,22,1320.0,22.0,4,disrupted,disrupted,0 12 32 51,2797,2.857142857142857,0.35,0.0,30.24527695785376,18.366666666666667,34,3,31,3.0368458824682145,1.0122819608227382,106.26765530010596,60.0,1380.0,0.0,0.0,0.0,25.747750799986534,0.0,0.0,106.26765530010596,1380.0,132.32972636824144,1682.4229018586195,,,,False,False,not_attempted,0,0,0,0,24,1,0.041666666666666664,163.28856400214994,1118.0,False,,,False,8,0
ga,static_frozen,23,1380.0,23.0,4,disrupted,disrupted,0 12 32 51,2797,2.857142857142857,0.35,0.0,30.24527695785376,18.383333333333333,31,4,27,6.059998544745939,1.5149996361864848,112.3276538448519,60.0,1440.0,0.0,0.0,0.0,25.747750799986534,0.0,0.0,112.3276538448519,1440.0,129.02386095349917,1562.4229018586195,,,,False,False,not_attempted,0,0,0,0,10,8,0.8,162.02265392962474,1167.0,False,,,False,8,0
ga,static_frozen,24,1440.0,24.0,4,disrupted,disrupted,0 12 32 51,2797,2.857142857142857,0.35,0.0,30.24527695785376,18.4,27,3,24,6.456186769890269,2.1520622566300895,118.78384061474216,60.0,1500.0,0.0,0.0,0.0,25.747750799986534,0.0,0.0,118.78384061474216,1500.0,123.03010745775357,1562.4229018586195,,,,False,False,not_attempted,0,0,0,0,41,7,0.17073170731707318,160.62658597738326,1236.0,False,,,False,8,0
ga,static_frozen,25,1500.0,25.0,5,disrupted,disrupted,0 12 32 51,2797,2.857142857142857,0.35,0.0,30.24527695785376,18.416666666666668,24,1,23,3.6540641479349305,3.6540641479349305,122.43790476267709,60.0,1560.0,0.0,0.0,0.0,25.747750799986534,0.0,0.0,122.43790476267709,1560.0,117.10912919697282,1423.184214827286,,,,False,False,not_attempted,0,0,0,0,25,5,0.2,160.53325264404992,1236.0,False,,,False,7,0
ga,static_frozen,26,1560.0,26.0,5,disrupted,disrupted,0 12 32 51,2797,2.857142857142857,0.35,0.0,30.24527695785376,18.433333333333334,23,3,20,3.794679208408353,1.2648930694694511,126.23258397108545,60.0,1620.0,0.0,0.0,0.0,25.747750799986534,0.0,0.0,126.23258397108545,1620.0,113.01884580556754,1423.184214827286,,,,False,False,not_attempted,0,0,0,0,20,3,0.15,159.25069470067484,1236.0,False,,,False,7,0
ga,static_frozen,27,1620.0,27.0,5,disrupted,disrupted,0 12 32 51,2797,2.857142857142857,0.35,0.0,30.24527695785376,18.45,20,3,17,5.405882802999363,1.801960934333121,131.6384667740848,60.0,1680.0,0.0,0.0,0.0,25.747750799986534,0.0,0.0,131.6384667740848,1680.0,109.73735038613164,1380.5067535696526,,,,False,False,not_attempted,0,0,0,0,25,4,0.16,157.09438460954186,1245.0,False,,,False,6,0
ga,static_frozen,28,1680.0,28.0,5,disrupted,disrupted,0 12 32 51,2797,2.857142857142857,0.35,0.0,30.24527695785376,18.466666666666665,17,1,16,5.7129832135034615,5.7129832135034615,137.35144998758827,60.0,1740.0,0.0,0.0,0.0,25.747750799986534,0.0,0.0,137.35144998758827,1740.0,104.3648163977416,1252.162664557135,,,,False,False,not_attempted,0,0,0,0,10,6,0.6,154.75464417498188,1382.0,False,,,False,6,0
ga,static_frozen,29,1740.0,29.0,5,disrupted,disrupted,0 12 32 51,2797,2.857142857142857,0.35,0.0,30.24527695785376,18.483333333333334,16,2,14,12.018242735222428,6.009121367611214,149.3696927228107,60.0,1800.0,0.0,0.0,0.0,25.747750799986534,0.0,0.0,149.3696927228107,1800.0,98.40062659859385,1252.162664557135,,,,False,False,not_attempted,0,0,0,0,25,14,0.56,147.6859667400467,1468.0,False,,,False,5,0
ga,static_frozen,30,1800.0,30.0,6,recovering,recovering,0 12 32 51,2797,2.857142857142857,0.35,0.0,30.24527695785376,18.5,14,2,12,6.003211261208132,3.001605630604066,155.37290398401882,60.0,1860.0,0.0,0.0,0.0,25.747750799986534,0.0,0.0,155.37290398401882,1860.0,91.86886896835986,1334.7143721711343,,,,False,False,not_attempted,0,0,0,0,27,11,0.4074074074074074,146.90243804081396,1468.0,False,,,False,5,0
ga,static_frozen,31,1860.0,31.0,6,recovering,recovering,0 12 32 51,2797,2.6595744680851063,0.376,0.04,30.670726715627296,18.516666666666666,12,1,11,6.027392921252801,6.027392921252801,161.40029690527163,60.0,1920.0,0.0,0.0,0.0,25.747750799986534,0.0,0.0,161.40029690527163,1920.0,84.96513423216568,1052.1176730792681,,,,False,False,not_attempted,0,0,0,0,26,13,0.5,146.80910470748063,1468.0,False,,,False,5,0
ga,static_frozen,32,1920.0,32.0,6,recovering,recovering,0 12 32 51,2797,2.4875621890547266,0.40199999999999997,0.08,31.0510110649113,18.533333333333335,11,2,9,7.298173457943495,3.6490867289717475,168.69847036321514,60.0,1980.0,0.0,0.0,0.0,25.747750799986534,0.0,0.0,168.69847036321514,1980.0,76.69682965116556,913.9276511008293,,,,False,False,not_attempted,0,0,0,0,26,12,0.46153846153846156,143.82726385608086,1607.0,False,,,False,4,0
ga,static_frozen,33,1980.0,33.0,6,recovering,recovering,0 12 32 51,2797,2.336448598130841,0.428,0.12,31.392959580447428,18.55,9,1,8,3.197137962715129,3.197137962715129,171.89560832593025,60.0,2040.0,0.0,0.0,0.0,25.747750799986534,0.0,0.0,171.89560832593025,2040.0,65.5329719989945,844.6962894595035,,,,False,False,not_attempted,0,0,0,0,10,10,1.0,143.73393052274753,1635.0,False,,,False,2,0
ga,static_frozen,34,2040.0,34.0,6,recovering,recovering,0 12 32 51,2797,2.2026431718061676,0.45399999999999996,0.16,31.702090954731577,18.566666666666666,8,2,6,1.0367416231841715,0.5183708115920858,172.93234994911444,60.0,2100.0,0.0,0.0,0.0,25.747750799986534,0.0,0.0,172.93234994911444,2100.0,59.42361982169878,774.0333942611992,,,,False,False,not_attempted,0,0,0,0,3,3,1.0,143.64971523247587,1635.0,False,,,False,2,0
ga,static_frozen,35,2100.0,35.0,7,recovering,recovering,0 12 32 51,2797,2.0833333333333335,0.48,0.2,31.982913113523583,18.583333333333332,6,1,5,0.28839580368852613,0.28839580368852613,173.22074575280297,60.0,2160.0,0.0,0.0,0.0,25.747750799986534,0.0,0.0,173.22074575280297,2160.0,55.294749440718185,656.6288235159033,,,,False,False,not_attempted,0,0,0,0,4,0,0.0,143.64971523247587,1725.0,False,,,False,2,0
ga,static_frozen,36,2160.0,36.0,7,recovering,recovering,0 12 32 51,2797,1.976284584980237,0.506,0.24,32.23914449062352,18.6,5,1,4,0.28510425759589053,0.28510425759589053,173.50585001039886,60.0,2220.0,0.0,0.0,0.0,25.747750799986534,0.0,0.0,173.50585001039886,2220.0,52.10409007161356,649.1598638516188,,,,False,False,not_attempted,0,0,0,0,20,0,0.0,143.64971523247587,1725.0,False,,,False,1,0
ga,static_frozen,37,2220.0,37.0,7,recovering,recovering,0 12 32 51,2797,1.8796992481203008,0.532,0.28,32.47387961181962,18.616666666666667,4,1,3,0.1154141083586045,0.1154141083586045,173.62126411875747,60.0,2280.0,0.0,0.0,0.0,25.747750799986534,0.0,0.0,173.62126411875747,2280.0,49.3204902513504,588.424444761999,,,,False,False,not_attempted,0,0,0,0,0,0,0.0,143.64971523247587,1937.0,False,,,False,1,0
ga,static_frozen,38,2280.0,38.0,7,recovering,recovering,0 12 32 51,2797,1.7921146953405016,0.558,0.32,32.6897146821153,18.633333333333333,3,0,3,0.09333333333333332,0.09333333333333332,173.7145974520908,60.0,2340.0,0.0,0.0,0.0,25.747750799986534,0.0,0.0,173.7145974520908,2340.0,46.780451500887956,530.7822658662849,,,,False,False,not_attempted,0,0,0,0,0,0,0.0,143.64971523247587,1937.0,False,,,False,1,0
ga,static_frozen,39,2340.0,39.0,7,recovering,recovering,0 12 32 51,2797,1.7123287671232879,0.584,0.36,32.888844011416055,18.65,3,1,2,0.14545354244458975,0.14545354244458975,173.86005099453538,60.0,2400.0,0.0,0.0,0.0,25.747750799986534,0.0,0.0,173.86005099453538,2400.0,44.536507364746264,526.4899083069351,,,,False,False,not_attempted,0,0,0,0,6,0,0.0,143.64971523247587,1937.0,False,,,False,1,0
ga,static_frozen,40,2400.0,40.0,8,recovering,recovering,0 12 32 51,2797,1.639344262295082,0.61,0.4,33.073134884250216,18.666666666666668,2,0,2,0.09333333333333332,0.09333333333333332,173.95338432786872,60.0,2460.0,0.0,0.0,0.0,25.747750799986534,0.0,0.0,173.95338432786872,2460.0,42.145989127867004,522.5634566378905,,,,False,False,not_attempted,0,0,0,0,0,0,0.0,143.64971523247587,1937.0,False,,,False,1,0
ga,static_frozen,41,2460.0,41.0,8,recovering,recovering,0 12 32 51,2797,1.572327044025157,0.636,0.44,33.24418629355876,18.683333333333334,2,1,1,0.28102009652339205,0.28102009652339205,174.23440442439212,60.0,2520.0,0.0,0.0,0.0,25.747750799986534,0.0,0.0,174.23440442439212,2520.0,40.20039873726419,518.9580356084531,,,,False,False,not_attempted,0,0,0,0,17,0,0.0,143.64971523247587,1937.0,False,,,False,1,0
ga,static_frozen,42,2520.0,42.0,8,recovering,recovering,0 12 32 51,2797,1.5105740181268883,0.6619999999999999,0.48,33.40337545509262,18.7,1,0,1,0.9114368567689322,0.9114368567689322,175.14584128116107,60.0,2580.0,0.0,0.0,0.0,25.747750799986534,0.0,0.0,175.14584128116107,2580.0,38.15703490874676,515.6358198562526,,,,False,False,not_attempted,0,0,0,0,15,3,0.2,143.64971523247587,1937.0,False,,,False,1,0
ga,static_frozen,43,2580.0,43.0,8,recovering,recovering,0 12 32 51,2797,1.4534883720930234,0.688,0.52,33.551894968932665,18.716666666666665,1,0,1,1.1155288073181548,1.1155288073181548,176.26137008847923,60.0,2640.0,0.0,0.0,0.0,25.747750799986534,0.0,0.0,176.26137008847923,2640.0,35.47269338503586,512.5647018062533,,,,False,False,not_attempted,0,0,0,0,5,5,1.0,143.64971523247587,1937.0,False,,,False,1,0
ga,static_frozen,44,2640.0,44.0,8,recovering,recovering,0 12 32 51,2797,1.400560224089636,0.714,0.56,33.690782751054904,18.733333333333334,1,0,1,0.22164585000331102,0.22164585000331102,176.48301593848254,60.0,2700.0,0.0,0.0,0.0,25.747750799986534,0.0,0.0,176.48301593848254,2700.0,32.49204762608574,509.7172506170383,,,,False,False,not_attempted,0,0,0,0,0,0,0.0,143.64971523247587,1937.0,False,,,False,1,0
ga,static_frozen,45,2700.0,45.0,9,recovering,recovering,0 12 32 51,2797,1.3513513513513513,0.74,0.6,33.820946324459584,18.75,1,0,1,0.09333333333333332,0.09333333333333332,176.57634927181587,60.0,2760.0,0.0,0.0,0.0,25.747750799986534,0.0,0.0,176.57634927181587,2760.0,30.69949367860378,507.06989059247076,,,,False,False,not_attempted,0,0,0,0,0,0,0.0,143.64971523247587,1937.0,False,,,False,0,0
ga,static_frozen,46,2760.0,46.0,9,recovering,recovering,0 12 32 51,2797,1.3054830287206267,0.766,0.64,33.943182672163054,18.766666666666666,1,1,0,26.654093285372007,26.654093285372007,203.23044255718787,498.13059339299434,3258.1305933929943,0.0,0.0,0.0,25.747750799986534,0.0,0.0,203.23044255718787,3258.1305933929943,29.206054980563383,504.60224691421865,,,,False,False,not_attempted,0,0,0,0,358,119,0.3324022346368715,138.37702365281606,1937.0,True,,,False,0,0
