method,policy,epoch,elapsed_s,elapsed_min,replan_epoch,traffic_state,traffic_change,center_bins,affected_edges,peak_tt_multiplier,speed_multiplier,recovery_progress,network_speed_kmh,sim_hour,remaining_bins_before,served_bins_epoch,remaining_bins_after,epoch_energy_kwh,epoch_energy_per_served_bin_kwh,cumulative_energy_kwh,epoch_operating_s,cumulative_operating_s,oracle_runtime_s,solver_runtime_s,planning_runtime_s,cumulative_planning_runtime_s,compute_wait_aux_energy_kwh,cumulative_compute_wait_aux_energy_kwh,latency_adjusted_energy_kwh,latency_adjusted_time_s,planned_remaining_energy_kwh,planned_remaining_makespan_s,incumbent_plan_energy_kwh,candidate_plan_energy_kwh,candidate_energy_improvement_kwh,replan_attempted,replan_accepted,acceptance_reason,candidate_next_choice_changes,candidate_reassigned_bins,next_choice_changes,reassigned_bins,traversed_edges,disrupted_edges_traversed,disrupted_edge_share,min_battery_kwh,max_payload_kg,returned_to_depot,converged,rounds,replanned,active_planning_vehicles,vehicles_still_requiring_first_service
proposed,adaptive,0,0.0,0.0,0,normal,initial,4 26 37 66,0,1.0,1.0,0.0,34.78037077224997,18.0,84,0,84,18.947812200580838,18.947812200580838,18.947812200580838,60.0,60.0,10.709383900044486,1128.8861950000282,1139.5955789000727,1139.5955789000727,0.0,0.0,18.947812200580838,60.0,124.98723160038621,2771.5048752969888,,,,False,False,initial_plan,0,0,0,0,123,0,0.0,177.2717760608753,0.0,False,,,True,10,10
proposed,adaptive,1,60.0,1.0,0,normal,normal,4 26 37 66,0,1.0,1.0,0.0,34.78037077224997,18.016666666666666,84,0,84,3.6431287464134887,3.6431287464134887,22.590940946994326,60.0,120.0,0.0,0.0,0.0,1139.5955789000727,0.0,0.0,22.590940946994326,120.0,105.50890338066785,2707.1370397431347,,,,False,False,not_attempted,0,0,0,0,83,0,0.0,176.43141531177028,0.0,False,,,False,9,10
proposed,adaptive,2,120.0,2.0,0,normal,normal,4 26 37 66,0,1.0,1.0,0.0,34.78037077224997,18.033333333333335,84,3,81,2.150613593169741,0.716871197723247,24.741554540164067,60.0,180.0,0.0,0.0,0.0,1139.5955789000727,0.0,0.0,24.741554540164067,180.0,101.10086336244001,2575.1489099165824,,,,False,False,not_attempted,0,0,0,0,49,0,0.0,176.33808197843695,215.0,False,,,False,8,7
proposed,adaptive,3,180.0,3.0,0,normal,normal,4 26 37 66,0,1.0,1.0,0.0,34.78037077224997,18.05,81,3,78,3.271356097706687,1.0904520325688958,28.012910637870753,60.0,240.0,0.0,0.0,0.0,1139.5955789000727,0.0,0.0,28.012910637870753,240.0,99.24169389457438,2575.1489099165824,,,,False,False,not_attempted,0,0,0,0,57,0,0.0,176.08417388140913,215.0,False,,,False,8,4
proposed,adaptive,4,240.0,4.0,0,normal,normal,4 26 37 66,0,1.0,1.0,0.0,34.78037077224997,18.066666666666666,78,1,77,3.7024315460081656,3.7024315460081656,31.715342183878917,60.0,300.0,0.0,0.0,0.0,1139.5955789000727,0.0,0.0,31.715342183878917,300.0,96.4371557706104,2523.292639918653,,,,False,False,not_attempted,0,0,0,0,61,0,0.0,174.23595111138894,249.0,False,,,False,7,3
proposed,adaptive,5,300.0,5.0,1,normal,normal,4 26 37 66,0,1.0,1.0,0.0,34.78037077224997,18.083333333333332,77,2,75,2.7189758189326834,1.3594879094663417,34.4343180028116,60.0,360.0,9.636215399950743,137.76626679999754,147.40248219994828,1286.998061100021,0.0,0.0,34.4343180028116,360.0,92.79090225860935,2353.701123446594,92.79090225860935,96.66345094303185,-3.8725486844224974,True,False,incumbent_not_worse,8,51,0,0,41,0,0.0,174.1426177780556,402.0,False,True,21.0,True,7,3
proposed,adaptive,6,360.0,6.0,1,normal,normal,4 26 37 66,0,1.0,1.0,0.0,34.78037077224997,18.1,75,3,72,4.611279417259635,1.5370931390865452,39.04559742007124,60.0,420.0,0.0,0.0,0.0,1286.998061100021,0.0,0.0,39.04559742007124,420.0,90.05551392370413,2353.701123446594,,,,False,False,not_attempted,0,0,0,0,41,0,0.0,173.80269504982573,402.0,False,,,False,7,2
proposed,adaptive,7,420.0,7.0,1,normal,normal,4 26 37 66,0,1.0,1.0,0.0,34.78037077224997,18.116666666666667,72,1,71,5.190400002822974,5.190400002822974,44.235997422894215,60.0,480.0,0.0,0.0,0.0,1286.998061100021,0.0,0.0,44.235997422894215,480.0,85.29960763845678,2350.428994697508,,,,False,False,not_attempted,0,0,0,0,51,0,0.0,171.7315048732715,402.0,False,,,False,7,1
proposed,adaptive,8,480.0,8.0,1,normal,normal,4 26 37 66,0,1.0,1.0,0.0,34.78037077224997,18.133333333333333,71,2,69,2.495136967710586,1.247568483855293,46.7311343906048,60.0,540.0,0.0,0.0,0.0,1286.998061100021,0.0,0.0,46.7311343906048,540.0,79.97940923294234,2176.3863390623183,,,,False,False,not_attempted,0,0,0,0,19,0,0.0,171.63817153993816,422.0,False,,,False,7,0
proposed,adaptive,9,540.0,9.0,1,normal,normal,4 26 37 66,0,1.0,1.0,0.0,34.78037077224997,18.15,69,4,65,2.2682353970901716,0.5670588492725429,48.999369787694974,60.0,600.0,0.0,0.0,0.0,1286.998061100021,0.0,0.0,48.999369787694974,600.0,77.62879857543831,2176.3863390623183,,,,False,False,not_attempted,0,0,0,0,19,0,0.0,171.54640459197284,574.0,False,,,False,7,0
proposed,adaptive,10,600.0,10.0,2,degrading,degrading,4 26 37 66,0,1.0,1.0,0.0,34.78037077224997,18.166666666666668,65,1,64,2.264359248722955,2.264359248722955,51.26372903641793,60.0,660.0,5.8999983593821526e-05,73.34617899998557,73.34623799996916,1360.3442990999902,0.0,0.0,51.26372903641793,660.0,75.37762181306357,2157.509480549697,75.37762181306357,80.01441057614328,-4.636788763079707,True,False,incumbent_not_worse,4,25,0,0,29,0,0.0,171.29011539682318,574.0,False,True,22.0,True,7,0
proposed,adaptive,11,660.0,11.0,2,degrading,degrading,4 26 37 66,2053,1.06951871657754,0.935,0.0,34.662799164863586,18.183333333333334,64,2,62,3.0792971446376805,1.5396485723188402,54.343026181055606,60.0,720.0,0.0,0.0,0.0,1360.3442990999902,0.0,0.0,54.343026181055606,720.0,77.12829506886244,2028.3713419238097,,,,False,False,not_attempted,0,0,0,0,40,0,0.0,171.19678206348985,700.0,False,,,False,7,0
proposed,adaptive,12,720.0,12.0,2,degrading,degrading,4 26 37 66,2053,1.1494252873563218,0.87,0.0,34.52863750057551,18.2,62,3,59,3.5782698263807644,1.1927566087935881,57.92129600743637,60.0,780.0,0.0,0.0,0.0,1360.3442990999902,0.0,0.0,57.92129600743637,780.0,78.66389490050466,2054.520977664054,,,,False,False,not_attempted,0,0,0,0,40,1,0.025,169.9712503230566,791.0,False,,,False,7,0
proposed,adaptive,13,780.0,13.0,2,degrading,degrading,4 26 37 66,2053,1.2422360248447206,0.8049999999999999,0.0,34.37410779707679,18.216666666666665,59,1,58,3.5449467589327877,3.5449467589327877,61.466242766369156,60.0,840.0,0.0,0.0,0.0,1360.3442990999902,0.0,0.0,61.466242766369156,840.0,80.23356181412383,2100.5253418662787,,,,False,False,not_attempted,0,0,0,0,44,6,0.13636363636363635,168.51776084105205,791.0,False,,,False,7,0
proposed,adaptive,14,840.0,14.0,2,degrading,degrading,4 26 37 66,2053,1.3513513513513513,0.74,0.0,34.194190717748114,18.233333333333334,58,2,56,3.4915584188711812,1.7457792094355906,64.95780118524034,60.0,900.0,0.0,0.0,0.0,1360.3442990999902,0.0,0.0,64.95780118524034,900.0,82.62763257891402,2056.8119180476733,,,,False,False,not_attempted,0,0,0,0,38,21,0.5526315789473685,167.73384803840432,848.0,False,,,False,7,0
proposed,adaptive,15,900.0,15.0,3,degrading,degrading,4 26 37 66,2053,1.4814814814814814,0.675,0.0,33.98207009341471,18.25,56,2,54,2.431574688940246,1.215787344470123,67.38937587418059,60.0,960.0,9.549131500069052,108.63871660002042,118.18784810008947,1478.5321472000796,0.0,0.0,67.38937587418059,960.0,85.67993498573544,1935.9771662323635,85.67993498573543,91.6566243431372,-5.976689357401767,True,False,incumbent_not_worse,3,25,0,0,36,8,0.2222222222222222,167.64051470507098,848.0,False,True,32.0,True,7,0
proposed,adaptive,16,960.0,16.0,3,degrading,degrading,4 26 37 66,2053,1.639344262295082,0.61,0.0,33.72824984891458,18.266666666666666,54,2,52,2.2752179098432213,1.1376089549216106,69.66459378402381,60.0,1020.0,0.0,0.0,0.0,1478.5321472000796,0.0,0.0,69.66459378402381,1020.0,90.66379522381567,1963.700021218873,,,,False,False,not_attempted,0,0,0,0,22,3,0.13636363636363635,166.45244170227463,907.0,False,,,False,7,0
proposed,adaptive,17,1020.0,17.0,3,degrading,degrading,4 26 37 66,2053,1.8348623853211008,0.545,0.0,33.41909336387101,18.283333333333335,52,3,49,5.428451799064913,1.8094839330216377,75.09304558308872,60.0,1080.0,0.0,0.0,0.0,1478.5321472000796,0.0,0.0,75.09304558308872,1080.0,97.68299723065351,1962.25806833498,,,,False,False,not_attempted,0,0,0,0,37,10,0.2702702702702703,164.10728735973677,907.0,False,,,False,7,0
proposed,adaptive,18,1080.0,18.0,3,degrading,degrading,4 26 37 66,2053,2.0833333333333335,0.48,0.0,33.03429063990616,18.3,49,2,47,5.304819449292068,2.652409724646034,80.39786503238079,60.0,1140.0,0.0,0.0,0.0,1478.5321472000796,0.0,0.0,80.39786503238079,1140.0,101.80338431742707,1932.791767393794,,,,False,False,not_attempted,0,0,0,0,29,11,0.3793103448275862,162.6508144294909,930.0,False,,,False,7,0
proposed,adaptive,19,1140.0,19.0,3,degrading,degrading,4 26 37 66,2053,2.409638554216868,0.4149999999999999,0.0,32.54220704861389,18.316666666666666,47,1,46,1.7988618535480234,1.7988618535480234,82.19672688592881,60.0,1200.0,0.0,0.0,0.0,1478.5321472000796,0.0,0.0,82.19672688592881,1200.0,104.61725534629417,2334.3581361680376,,,,False,False,not_attempted,0,0,0,0,5,2,0.4,162.55748109615757,988.0,False,,,False,7,0
proposed,adaptive,20,1200.0,20.0,4,disrupted,holding,4 26 37 66,2053,2.857142857142857,0.35,0.0,31.890711724713366,18.333333333333332,46,5,41,7.066222144459534,1.4132444288919068,89.26294903038834,60.0,1260.0,10.072722000069916,117.54075180005748,127.6134738001274,1606.145621000207,0.0,0.0,89.26294903038834,1260.0,113.35406664059549,2387.891375800921,113.35406664059549,116.03245774143383,-2.67839110083834,True,False,incumbent_not_worse,4,17,0,0,46,12,0.2608695652173913,159.59131801722762,1072.0,False,True,23.0,True,7,0
proposed,adaptive,21,1260.0,21.0,4,disrupted,disrupted,4 26 37 66,2053,2.857142857142857,0.35,0.0,31.890711724713366,18.35,41,1,40,1.712595325362987,1.712595325362987,90.97554435575132,60.0,1320.0,0.0,0.0,0.0,1606.145621000207,0.0,0.0,90.97554435575132,1320.0,106.24989904144522,2216.856432300117,,,,False,False,not_attempted,0,0,0,0,22,0,0.0,159.4979846838943,1171.0,False,,,False,7,0
proposed,adaptive,22,1320.0,22.0,4,disrupted,disrupted,4 26 37 66,2053,2.857142857142857,0.35,0.0,31.890711724713366,18.366666666666667,40,3,37,1.4697911127996974,0.4899303709332325,92.44533546855102,60.0,1380.0,0.0,0.0,0.0,1606.145621000207,0.0,0.0,92.44533546855102,1380.0,104.38471078394159,2216.856432300117,,,,False,False,not_attempted,0,0,0,0,33,3,0.09090909090909091,159.39009678626047,1171.0,False,,,False,7,0
proposed,adaptive,23,1380.0,23.0,4,disrupted,disrupted,4 26 37 66,2053,2.857142857142857,0.35,0.0,31.890711724713366,18.383333333333333,37,2,35,2.6776392409077494,1.3388196204538747,95.12297470945877,60.0,1440.0,0.0,0.0,0.0,1606.145621000207,0.0,0.0,95.12297470945877,1440.0,101.61545067059144,2115.701806605445,,,,False,False,not_attempted,0,0,0,0,18,1,0.05555555555555555,158.47474066545576,1171.0,False,,,False,7,0
proposed,adaptive,24,1440.0,24.0,4,disrupted,disrupted,4 26 37 66,2053,2.857142857142857,0.35,0.0,31.890711724713366,18.4,35,1,34,2.2617670228402424,2.2617670228402424,97.38474173229902,60.0,1500.0,0.0,0.0,0.0,1606.145621000207,0.0,0.0,97.38474173229902,1500.0,99.97836416066139,2115.701806605445,,,,False,False,not_attempted,0,0,0,0,21,1,0.047619047619047616,157.51561840070846,1171.0,False,,,False,6,0
proposed,adaptive,25,1500.0,25.0,5,disrupted,disrupted,4 26 37 66,2053,2.857142857142857,0.35,0.0,31.890711724713366,18.416666666666668,34,3,31,6.439496612237251,2.1464988707457504,103.82423834453627,60.0,1560.0,6.340001709759235e-05,48.77637470001355,48.776438100030646,1654.9220591002377,0.0,0.0,103.82423834453627,1560.0,97.5619544182725,1650.9341523825894,98.28396846056631,97.5619544182725,0.7220140422938073,True,True,lower_residual_energy,5,11,5,11,61,5,0.08196721311475409,157.23192613261654,1215.0,False,False,32.0,True,7,0
proposed,adaptive,26,1560.0,26.0,5,disrupted,disrupted,4 26 37 66,2053,2.857142857142857,0.35,0.0,31.890711724713366,18.433333333333334,31,1,30,4.722965613630313,4.722965613630313,108.54720395816658,60.0,1620.0,0.0,0.0,0.0,1654.9220591002377,0.0,0.0,108.54720395816658,1620.0,91.11004792854676,1530.934152382589,,,,False,False,not_attempted,0,0,0,0,70,6,0.08571428571428572,157.1385927992832,1373.0,False,,,False,7,0
proposed,adaptive,27,1620.0,27.0,5,disrupted,disrupted,4 26 37 66,2053,2.857142857142857,0.35,0.0,31.890711724713366,18.45,30,2,28,3.5031150164958484,1.7515575082479242,112.05031897466243,60.0,1680.0,0.0,0.0,0.0,1654.9220591002377,0.0,0.0,112.05031897466243,1680.0,86.22121148367486,1530.934152382589,,,,False,False,not_attempted,0,0,0,0,25,5,0.2,156.19511244259587,1373.0,False,,,False,7,0
proposed,adaptive,28,1680.0,28.0,5,disrupted,disrupted,4 26 37 66,2053,2.857142857142857,0.35,0.0,31.890711724713366,18.466666666666665,28,3,25,4.1292345240408315,1.3764115080136106,116.17955349870326,60.0,1740.0,0.0,0.0,0.0,1654.9220591002377,0.0,0.0,116.17955349870326,1740.0,82.97510109479596,1479.8524586776255,,,,False,False,not_attempted,0,0,0,0,40,7,0.175,155.5409915218861,1373.0,False,,,False,7,0
proposed,adaptive,29,1740.0,29.0,5,disrupted,disrupted,4 26 37 66,2053,2.857142857142857,0.35,0.0,31.890711724713366,18.483333333333334,25,1,24,2.932146746501822,2.932146746501822,119.11170024520509,60.0,1800.0,0.0,0.0,0.0,1654.9220591002377,0.0,0.0,119.11170024520509,1800.0,78.10456257847746,1339.299677748879,,,,False,False,not_attempted,0,0,0,0,17,2,0.11764705882352941,155.44765818855277,1373.0,False,,,False,7,0
proposed,adaptive,30,1800.0,30.0,6,recovering,recovering,4 26 37 66,2053,2.857142857142857,0.35,0.0,31.890711724713366,18.5,24,3,21,3.2633975822639565,1.0877991940879854,122.37509782746905,60.0,1860.0,5.7999975979328156e-05,31.616094100056216,31.616152100032195,1686.5382112002699,0.0,0.0,122.37509782746905,1860.0,75.49230080745521,1339.299677748879,75.49230080745521,80.2713896357168,-4.779088828261592,True,False,incumbent_not_worse,4,13,0,0,31,3,0.0967741935483871,154.29136809934653,1439.0,False,True,20.0,True,7,0
proposed,adaptive,31,1860.0,31.0,6,recovering,recovering,4 26 37 66,2053,2.6595744680851063,0.376,0.04,32.17509521684179,18.516666666666666,21,1,20,3.8150752579277754,3.8150752579277754,126.19017308539682,60.0,1920.0,0.0,0.0,0.0,1686.5382112002699,0.0,0.0,126.19017308539682,1920.0,70.41088192233885,1292.9665783091666,,,,False,False,not_attempted,0,0,0,0,69,5,0.07246376811594203,153.7689078907178,1439.0,False,,,False,6,0
proposed,adaptive,32,1920.0,32.0,6,recovering,recovering,4 26 37 66,2053,2.4875621890547266,0.40199999999999997,0.08,32.42685537164387,18.533333333333335,20,3,17,4.1356333348761956,1.3785444449587319,130.325806420273,60.0,1980.0,0.0,0.0,0.0,1686.5382112002699,0.0,0.0,130.325806420273,1980.0,64.55223552360987,1234.1602574623007,,,,False,False,not_attempted,0,0,0,0,50,6,0.12,153.28086989582866,1439.0,False,,,False,6,0
proposed,adaptive,33,1980.0,33.0,6,recovering,recovering,4 26 37 66,2053,2.336448598130841,0.428,0.12,32.65130129753112,18.55,17,1,16,2.306658868986405,2.306658868986405,132.63246528925941,60.0,2040.0,0.0,0.0,0.0,1686.5382112002699,0.0,0.0,132.63246528925941,2040.0,59.207581116423604,1173.2625967701338,,,,False,False,not_attempted,0,0,0,0,40,0,0.0,152.71809650107448,1633.0,False,,,False,6,0
proposed,adaptive,34,2040.0,34.0,6,recovering,recovering,4 26 37 66,2053,2.2026431718061676,0.45399999999999996,0.16,32.852649376711604,18.566666666666666,16,2,14,3.1210535961675387,1.5605267980837694,135.75351888542696,60.0,2100.0,0.0,0.0,0.0,1686.5382112002699,0.0,0.0,135.75351888542696,2100.0,55.97244573770925,1098.026354252584,,,,False,False,not_attempted,0,0,0,0,42,0,0.0,151.5177577055371,1633.0,False,,,False,5,0
proposed,adaptive,35,2100.0,35.0,7,recovering,recovering,4 26 37 66,2053,2.0833333333333335,0.48,0.2,33.03429063990616,18.583333333333332,14,2,12,3.0684434399242595,1.5342217199621297,138.82196232535122,60.0,2160.0,10.21377529995516,32.88161839998793,43.09539369994309,1729.633604900213,0.0,0.0,138.82196232535122,2160.0,51.40195096888269,860.5584849645055,51.40195096888269,51.40195096888269,0.0,True,False,incumbent_not_worse,0,1,0,0,20,1,0.05,150.03455999396806,1633.0,False,True,28.0,True,5,0
proposed,adaptive,36,2160.0,36.0,7,recovering,recovering,4 26 37 66,2053,1.976284584980237,0.506,0.24,33.198983296359664,18.6,12,1,11,4.365558032491309,4.365558032491309,143.18752035784254,60.0,2220.0,0.0,0.0,0.0,1729.633604900213,0.0,0.0,143.18752035784254,2220.0,47.01663087144305,808.8389148453756,,,,False,False,not_attempted,0,0,0,0,19,0,0.0,147.72966318383502,1650.0,False,,,False,5,0
proposed,adaptive,37,2220.0,37.0,7,recovering,recovering,4 26 37 66,2053,1.8796992481203008,0.532,0.28,33.34899377229633,18.616666666666667,11,1,10,1.0831661315095586,1.0831661315095586,144.2706864893521,60.0,2280.0,0.0,0.0,0.0,1729.633604900213,0.0,0.0,144.2706864893521,2280.0,41.18212718086649,650.1351573748295,,,,False,False,not_attempted,0,0,0,0,7,0,0.0,147.63632985050168,1743.0,False,,,False,3,0
proposed,adaptive,38,2280.0,38.0,7,recovering,recovering,4 26 37 66,2053,1.7921146953405016,0.558,0.32,33.486201638691476,18.633333333333333,10,3,7,0.9813150759379842,0.3271050253126614,145.25200156529007,60.0,2340.0,0.0,0.0,0.0,1729.633604900213,0.0,0.0,145.25200156529007,2340.0,38.93612241512526,648.096297852135,,,,False,False,not_attempted,0,0,0,0,5,0,0.0,146.93236307159216,1869.0,False,,,False,2,0
proposed,adaptive,39,2340.0,39.0,7,recovering,recovering,4 26 37 66,2053,1.7123287671232879,0.584,0.36,33.61217877341451,18.65,7,2,5,1.0154918215445883,0.5077459107722941,146.26749338683467,60.0,2400.0,0.0,0.0,0.0,1729.633604900213,0.0,0.0,146.26749338683467,2400.0,36.8987188308055,629.7126669955917,,,,False,False,not_attempted,0,0,0,0,6,0,0.0,146.20013382574015,1869.0,False,,,False,2,0
proposed,adaptive,40,2400.0,40.0,8,recovering,recovering,4 26 37 66,2053,1.639344262295082,0.61,0.4,33.72824984891458,18.666666666666668,5,0,5,0.7467883890240277,0.7467883890240277,147.0142817758587,60.0,2460.0,10.6633434999967,5.357437300030142,16.02078080002684,1745.6543857002398,0.0,0.0,147.0142817758587,2460.0,34.63795449807214,486.6330363610112,34.63795449807214,34.63795449807214,0.0,True,False,incumbent_not_worse,1,1,0,0,7,0,0.0,146.10680049240682,1869.0,False,True,19.0,True,2,0
proposed,adaptive,41,2460.0,41.0,8,recovering,recovering,4 26 37 66,2053,1.572327044025157,0.636,0.44,33.83553909057353,18.683333333333334,5,1,4,1.0191733267828869,1.0191733267828869,148.0334551026416,60.0,2520.0,0.0,0.0,0.0,1745.6543857002398,0.0,0.0,148.0334551026416,2520.0,32.70916134613215,485.07295882088084,,,,False,False,not_attempted,0,0,0,0,4,0,0.0,145.18096049895723,1869.0,False,,,False,1,0
proposed,adaptive,42,2520.0,42.0,8,recovering,recovering,4 26 37 66,2053,1.5105740181268883,0.6619999999999999,0.48,33.93500680882702,18.7,4,1,3,0.17622055581177537,0.17622055581177537,148.20967565845336,60.0,2580.0,0.0,0.0,0.0,1745.6543857002398,0.0,0.0,148.20967565845336,2580.0,30.59575545122907,331.8347363298808,,,,False,False,not_attempted,0,0,0,0,0,0,0.0,145.0876271656239,1923.0,False,,,False,1,0
proposed,adaptive,43,2580.0,43.0,8,recovering,recovering,4 26 37 66,2053,1.4534883720930234,0.688,0.52,34.0274782225581,18.716666666666665,3,1,2,0.35040963668493974,0.35040963668493974,148.5600852951383,60.0,2640.0,0.0,0.0,0.0,1745.6543857002398,0.0,0.0,148.5600852951383,2640.0,29.511161788710794,330.50585344664074,,,,False,False,not_attempted,0,0,0,0,1,0,0.0,144.73721752893897,1923.0,False,,,False,1,0
proposed,adaptive,44,2640.0,44.0,8,recovering,recovering,4 26 37 66,2053,1.400560224089636,0.714,0.56,34.113666407032305,18.733333333333334,2,0,2,1.5449771920811068,1.5449771920811068,150.1050624872194,60.0,2700.0,0.0,0.0,0.0,1745.6543857002398,0.0,0.0,150.1050624872194,2700.0,27.579896850258372,311.37680981024477,,,,False,False,not_attempted,0,0,0,0,3,0,0.0,143.19224033685788,1923.0,False,,,False,1,0
proposed,adaptive,45,2700.0,45.0,9,recovering,recovering,4 26 37 66,2053,1.3513513513513513,0.74,0.6,34.194190717748114,18.75,2,0,2,0.09333333333333332,0.09333333333333332,150.19839582055275,60.0,2760.0,10.960457100067288,0.02693000005092472,10.987387100118212,1756.641772800358,0.0,0.0,150.19839582055275,2760.0,25.39630379672062,248.18579415728735,25.396303796720616,25.396303796720616,0.0,True,False,incumbent_not_worse,2,1,0,0,0,0,0.0,143.09890700352454,1923.0,False,True,14.0,True,1,0
proposed,adaptive,46,2760.0,46.0,9,recovering,recovering,4 26 37 66,2053,1.3054830287206267,0.766,0.64,34.26959169765464,18.766666666666666,2,1,1,1.716509477879807,1.716509477879807,151.91490529843256,60.0,2820.0,0.0,0.0,0.0,1756.641772800358,0.0,0.0,151.91490529843256,2820.0,24.414650407405517,245.42946693765657,,,,False,False,not_attempted,0,0,0,0,14,3,0.21428571428571427,141.38239752564473,1923.0,False,,,False,1,0
proposed,adaptive,47,2820.0,47.0,9,recovering,recovering,4 26 37 66,2053,1.2626262626262625,0.792,0.68,34.34034322669782,18.783333333333335,1,0,1,0.21372291117591463,0.21372291117591463,152.12862820960848,60.0,2880.0,0.0,0.0,0.0,1756.641772800358,0.0,0.0,152.12862820960848,2880.0,21.71676118415306,242.85411069709252,,,,False,False,not_attempted,0,0,0,0,0,0,0.0,141.16867461446884,1923.0,False,,,False,1,0
proposed,adaptive,48,2880.0,48.0,9,recovering,recovering,4 26 37 66,2053,1.2224938875305624,0.818,0.72,34.40686249105634,18.8,1,0,1,0.09333333333333332,0.09333333333333332,152.2219615429418,60.0,2940.0,0.0,0.0,0.0,1756.641772800358,0.0,0.0,152.2219615429418,2940.0,20.717559013342925,240.4424690341682,,,,False,False,not_attempted,0,0,0,0,0,0,0.0,141.0753412811355,1923.0,False,,,False,0,0
proposed,adaptive,49,2940.0,49.0,9,recovering,recovering,4 26 37 66,2053,1.1848341232227486,0.8440000000000001,0.76,34.46951821529238,18.816666666666666,1,1,0,18.78922703060298,18.78922703060298,171.0111885735448,236.86267927755335,3176.8626792775535,0.0,0.0,0.0,1756.641772800358,0.0,0.0,171.0111885735448,3176.8626792775535,19.960201950358964,238.17941192867528,,,,False,False,not_attempted,0,0,0,0,224,70,0.3125,139.6661492147751,1923.0,True,,,False,0,0
proposed,static_live,0,0.0,0.0,0,normal,initial,4 26 37 66,0,1.0,1.0,0.0,34.78037077224997,18.0,84,0,84,18.947812200580838,18.947812200580838,18.947812200580838,60.0,60.0,10.709383900044486,1128.8861950000282,1139.5955789000727,1139.5955789000727,0.0,0.0,18.947812200580838,60.0,124.98723160038621,2771.5048752969888,,,,False,False,initial_plan,0,0,0,0,123,0,0.0,177.2717760608753,0.0,False,,,True,10,10
proposed,static_live,1,60.0,1.0,0,normal,normal,4 26 37 66,0,1.0,1.0,0.0,34.78037077224997,18.016666666666666,84,0,84,3.6431287464134887,3.6431287464134887,22.590940946994326,60.0,120.0,0.0,0.0,0.0,1139.5955789000727,0.0,0.0,22.590940946994326,120.0,105.50890338066785,2707.1370397431347,,,,False,False,not_attempted,0,0,0,0,83,0,0.0,176.43141531177028,0.0,False,,,False,9,10
proposed,static_live,2,120.0,2.0,0,normal,normal,4 26 37 66,0,1.0,1.0,0.0,34.78037077224997,18.033333333333335,84,3,81,2.150613593169741,0.716871197723247,24.741554540164067,60.0,180.0,0.0,0.0,0.0,1139.5955789000727,0.0,0.0,24.741554540164067,180.0,101.10086336244001,2575.1489099165824,,,,False,False,not_attempted,0,0,0,0,49,0,0.0,176.33808197843695,215.0,False,,,False,8,7
proposed,static_live,3,180.0,3.0,0,normal,normal,4 26 37 66,0,1.0,1.0,0.0,34.78037077224997,18.05,81,3,78,3.271356097706687,1.0904520325688958,28.012910637870753,60.0,240.0,0.0,0.0,0.0,1139.5955789000727,0.0,0.0,28.012910637870753,240.0,99.24169389457438,2575.1489099165824,,,,False,False,not_attempted,0,0,0,0,57,0,0.0,176.08417388140913,215.0,False,,,False,8,4
proposed,static_live,4,240.0,4.0,0,normal,normal,4 26 37 66,0,1.0,1.0,0.0,34.78037077224997,18.066666666666666,78,1,77,3.7024315460081656,3.7024315460081656,31.715342183878917,60.0,300.0,0.0,0.0,0.0,1139.5955789000727,0.0,0.0,31.715342183878917,300.0,96.4371557706104,2523.292639918653,,,,False,False,not_attempted,0,0,0,0,61,0,0.0,174.23595111138894,249.0,False,,,False,7,3
proposed,static_live,5,300.0,5.0,1,normal,normal,4 26 37 66,0,1.0,1.0,0.0,34.78037077224997,18.083333333333332,77,2,75,2.7189758189326834,1.3594879094663417,34.4343180028116,60.0,360.0,0.0,0.0,0.0,1139.5955789000727,0.0,0.0,34.4343180028116,360.0,92.79090225860935,2353.701123446594,,,,False,False,not_attempted,0,0,0,0,41,0,0.0,174.1426177780556,402.0,False,,,False,7,3
proposed,static_live,6,360.0,6.0,1,normal,normal,4 26 37 66,0,1.0,1.0,0.0,34.78037077224997,18.1,75,3,72,4.611279417259635,1.5370931390865452,39.04559742007124,60.0,420.0,0.0,0.0,0.0,1139.5955789000727,0.0,0.0,39.04559742007124,420.0,90.05551392370413,2353.701123446594,,,,False,False,not_attempted,0,0,0,0,41,0,0.0,173.80269504982573,402.0,False,,,False,7,2
proposed,static_live,7,420.0,7.0,1,normal,normal,4 26 37 66,0,1.0,1.0,0.0,34.78037077224997,18.116666666666667,72,1,71,5.190400002822974,5.190400002822974,44.235997422894215,60.0,480.0,0.0,0.0,0.0,1139.5955789000727,0.0,0.0,44.235997422894215,480.0,85.29960763845678,2350.428994697508,,,,False,False,not_attempted,0,0,0,0,51,0,0.0,171.7315048732715,402.0,False,,,False,7,1
proposed,static_live,8,480.0,8.0,1,normal,normal,4 26 37 66,0,1.0,1.0,0.0,34.78037077224997,18.133333333333333,71,2,69,2.495136967710586,1.247568483855293,46.7311343906048,60.0,540.0,0.0,0.0,0.0,1139.5955789000727,0.0,0.0,46.7311343906048,540.0,79.97940923294234,2176.3863390623183,,,,False,False,not_attempted,0,0,0,0,19,0,0.0,171.63817153993816,422.0,False,,,False,7,0
proposed,static_live,9,540.0,9.0,1,normal,normal,4 26 37 66,0,1.0,1.0,0.0,34.78037077224997,18.15,69,4,65,2.2682353970901716,0.5670588492725429,48.999369787694974,60.0,600.0,0.0,0.0,0.0,1139.5955789000727,0.0,0.0,48.999369787694974,600.0,77.62879857543831,2176.3863390623183,,,,False,False,not_attempted,0,0,0,0,19,0,0.0,171.54640459197284,574.0,False,,,False,7,0
proposed,static_live,10,600.0,10.0,2,degrading,degrading,4 26 37 66,0,1.0,1.0,0.0,34.78037077224997,18.166666666666668,65,1,64,2.264359248722955,2.264359248722955,51.26372903641793,60.0,660.0,0.0,0.0,0.0,1139.5955789000727,0.0,0.0,51.26372903641793,660.0,75.37762181306358,2157.509480549697,,,,False,False,not_attempted,0,0,0,0,29,0,0.0,171.29011539682318,574.0,False,,,False,7,0
proposed,static_live,11,660.0,11.0,2,degrading,degrading,4 26 37 66,2053,1.06951871657754,0.935,0.0,34.662799164863586,18.183333333333334,64,2,62,3.0792971446376805,1.5396485723188402,54.343026181055606,60.0,720.0,0.0,0.0,0.0,1139.5955789000727,0.0,0.0,54.343026181055606,720.0,77.12829506886244,2028.3713419238097,,,,False,False,not_attempted,0,0,0,0,40,0,0.0,171.19678206348985,700.0,False,,,False,7,0
proposed,static_live,12,720.0,12.0,2,degrading,degrading,4 26 37 66,2053,1.1494252873563218,0.87,0.0,34.52863750057551,18.2,62,3,59,3.5782698263807644,1.1927566087935881,57.92129600743637,60.0,780.0,0.0,0.0,0.0,1139.5955789000727,0.0,0.0,57.92129600743637,780.0,78.66389490050466,2054.520977664054,,,,False,False,not_attempted,0,0,0,0,40,1,0.025,169.9712503230566,791.0,False,,,False,7,0
proposed,static_live,13,780.0,13.0,2,degrading,degrading,4 26 37 66,2053,1.2422360248447206,0.8049999999999999,0.0,34.37410779707679,18.216666666666665,59,1,58,3.5449467589327877,3.5449467589327877,61.466242766369156,60.0,840.0,0.0,0.0,0.0,1139.5955789000727,0.0,0.0,61.466242766369156,840.0,80.23356181412383,2100.5253418662787,,,,False,False,not_attempted,0,0,0,0,44,6,0.13636363636363635,168.51776084105205,791.0,False,,,False,7,0
proposed,static_live,14,840.0,14.0,2,degrading,degrading,4 26 37 66,2053,1.3513513513513513,0.74,0.0,34.194190717748114,18.233333333333334,58,2,56,3.4915584188711812,1.7457792094355906,64.95780118524034,60.0,900.0,0.0,0.0,0.0,1139.5955789000727,0.0,0.0,64.95780118524034,900.0,82.62763257891402,2056.8119180476733,,,,False,False,not_attempted,0,0,0,0,38,21,0.5526315789473685,167.73384803840432,848.0,False,,,False,7,0
proposed,static_live,15,900.0,15.0,3,degrading,degrading,4 26 37 66,2053,1.4814814814814814,0.675,0.0,33.98207009341471,18.25,56,2,54,2.431574688940246,1.215787344470123,67.38937587418059,60.0,960.0,0.0,0.0,0.0,1139.5955789000727,0.0,0.0,67.38937587418059,960.0,85.67993498573543,1935.9771662323635,,,,False,False,not_attempted,0,0,0,0,36,8,0.2222222222222222,167.64051470507098,848.0,False,,,False,7,0
proposed,static_live,16,960.0,16.0,3,degrading,degrading,4 26 37 66,2053,1.639344262295082,0.61,0.0,33.72824984891458,18.266666666666666,54,2,52,2.2752179098432213,1.1376089549216106,69.66459378402381,60.0,1020.0,0.0,0.0,0.0,1139.5955789000727,0.0,0.0,69.66459378402381,1020.0,90.66379522381567,1963.700021218873,,,,False,False,not_attempted,0,0,0,0,22,3,0.13636363636363635,166.45244170227463,907.0,False,,,False,7,0
proposed,static_live,17,1020.0,17.0,3,degrading,degrading,4 26 37 66,2053,1.8348623853211008,0.545,0.0,33.41909336387101,18.283333333333335,52,3,49,5.428451799064913,1.8094839330216377,75.09304558308872,60.0,1080.0,0.0,0.0,0.0,1139.5955789000727,0.0,0.0,75.09304558308872,1080.0,97.68299723065351,1962.25806833498,,,,False,False,not_attempted,0,0,0,0,37,10,0.2702702702702703,164.10728735973677,907.0,False,,,False,7,0
proposed,static_live,18,1080.0,18.0,3,degrading,degrading,4 26 37 66,2053,2.0833333333333335,0.48,0.0,33.03429063990616,18.3,49,2,47,5.304819449292068,2.652409724646034,80.39786503238079,60.0,1140.0,0.0,0.0,0.0,1139.5955789000727,0.0,0.0,80.39786503238079,1140.0,101.80338431742707,1932.791767393794,,,,False,False,not_attempted,0,0,0,0,29,11,0.3793103448275862,162.6508144294909,930.0,False,,,False,7,0
proposed,static_live,19,1140.0,19.0,3,degrading,degrading,4 26 37 66,2053,2.409638554216868,0.4149999999999999,0.0,32.54220704861389,18.316666666666666,47,1,46,1.7988618535480234,1.7988618535480234,82.19672688592881,60.0,1200.0,0.0,0.0,0.0,1139.5955789000727,0.0,0.0,82.19672688592881,1200.0,104.61725534629417,2334.3581361680376,,,,False,False,not_attempted,0,0,0,0,5,2,0.4,162.55748109615757,988.0,False,,,False,7,0
proposed,static_live,20,1200.0,20.0,4,disrupted,holding,4 26 37 66,2053,2.857142857142857,0.35,0.0,31.890711724713366,18.333333333333332,46,5,41,7.066222144459534,1.4132444288919068,89.26294903038834,60.0,1260.0,0.0,0.0,0.0,1139.5955789000727,0.0,0.0,89.26294903038834,1260.0,113.35406664059549,2387.891375800921,,,,False,False,not_attempted,0,0,0,0,46,12,0.2608695652173913,159.59131801722762,1072.0,False,,,False,7,0
proposed,static_live,21,1260.0,21.0,4,disrupted,disrupted,4 26 37 66,2053,2.857142857142857,0.35,0.0,31.890711724713366,18.35,41,1,40,1.712595325362987,1.712595325362987,90.97554435575132,60.0,1320.0,0.0,0.0,0.0,1139.5955789000727,0.0,0.0,90.97554435575132,1320.0,106.24989904144522,2216.856432300117,,,,False,False,not_attempted,0,0,0,0,22,0,0.0,159.4979846838943,1171.0,False,,,False,7,0
proposed,static_live,22,1320.0,22.0,4,disrupted,disrupted,4 26 37 66,2053,2.857142857142857,0.35,0.0,31.890711724713366,18.366666666666667,40,3,37,1.4697911127996974,0.4899303709332325,92.44533546855102,60.0,1380.0,0.0,0.0,0.0,1139.5955789000727,0.0,0.0,92.44533546855102,1380.0,104.38471078394159,2216.856432300117,,,,False,False,not_attempted,0,0,0,0,33,3,0.09090909090909091,159.39009678626047,1171.0,False,,,False,7,0
proposed,static_live,23,1380.0,23.0,4,disrupted,disrupted,4 26 37 66,2053,2.857142857142857,0.35,0.0,31.890711724713366,18.383333333333333,37,2,35,2.6776392409077494,1.3388196204538747,95.12297470945877,60.0,1440.0,0.0,0.0,0.0,1139.5955789000727,0.0,0.0,95.12297470945877,1440.0,101.61545067059143,2115.701806605445,,,,False,False,not_attempted,0,0,0,0,18,1,0.05555555555555555,158.47474066545576,1171.0,False,,,False,7,0
proposed,static_live,24,1440.0,24.0,4,disrupted,disrupted,4 26 37 66,2053,2.857142857142857,0.35,0.0,31.890711724713366,18.4,35,1,34,2.2617670228402424,2.2617670228402424,97.38474173229902,60.0,1500.0,0.0,0.0,0.0,1139.5955789000727,0.0,0.0,97.38474173229902,1500.0,99.97836416066139,2115.701806605445,,,,False,False,not_attempted,0,0,0,0,21,1,0.047619047619047616,157.51561840070846,1171.0,False,,,False,6,0
proposed,static_live,25,1500.0,25.0,5,disrupted,disrupted,4 26 37 66,2053,2.857142857142857,0.35,0.0,31.890711724713366,18.416666666666668,34,3,31,2.1983352064127293,0.7327784021375764,99.58307693871176,60.0,1560.0,0.0,0.0,0.0,1139.5955789000727,0.0,0.0,99.58307693871176,1560.0,98.2839684605663,2083.820944035843,,,,False,False,not_attempted,0,0,0,0,53,0,0.0,157.23192613261654,1215.0,False,,,False,6,0
proposed,static_live,26,1560.0,26.0,5,disrupted,disrupted,4 26 37 66,2053,2.857142857142857,0.35,0.0,31.890711724713366,18.433333333333334,31,1,30,2.496061189420361,2.496061189420361,102.07913812813212,60.0,1620.0,0.0,0.0,0.0,1139.5955789000727,0.0,0.0,102.07913812813212,1620.0,96.21786098726939,1963.8209440358428,,,,False,False,not_attempted,0,0,0,0,49,4,0.08163265306122448,157.1385927992832,1373.0,False,,,False,6,0
proposed,static_live,27,1620.0,27.0,5,disrupted,disrupted,4 26 37 66,2053,2.857142857142857,0.35,0.0,31.890711724713366,18.45,30,2,28,3.8679644153146815,1.9339822076573407,105.9471025434468,60.0,1680.0,0.0,0.0,0.0,1139.5955789000727,0.0,0.0,105.9471025434468,1680.0,93.58197569613992,1963.8209440358428,,,,False,False,not_attempted,0,0,0,0,21,5,0.23809523809523808,156.19511244259587,1373.0,False,,,False,6,0
proposed,static_live,28,1680.0,28.0,5,disrupted,disrupted,4 26 37 66,2053,2.857142857142857,0.35,0.0,31.890711724713366,18.466666666666665,28,2,26,2.6562156795171576,1.3281078397585788,108.60331822296396,60.0,1740.0,0.0,0.0,0.0,1139.5955789000727,0.0,0.0,108.60331822296396,1740.0,89.86160802042637,1912.7392503308793,,,,False,False,not_attempted,0,0,0,0,27,4,0.14814814814814814,155.5409915218861,1419.0,False,,,False,6,0
proposed,static_live,29,1740.0,29.0,5,disrupted,disrupted,4 26 37 66,2053,2.857142857142857,0.35,0.0,31.890711724713366,18.483333333333334,26,1,25,1.5041235238020345,1.5041235238020345,110.107441746766,60.0,1800.0,0.0,0.0,0.0,1139.5955789000727,0.0,0.0,110.107441746766,1800.0,86.77886019484976,1772.1864694021324,,,,False,False,not_attempted,0,0,0,0,7,0,0.0,155.44765818855277,1419.0,False,,,False,6,0
proposed,static_live,30,1800.0,30.0,6,recovering,recovering,4 26 37 66,2053,2.857142857142857,0.35,0.0,31.890711724713366,18.5,25,3,22,3.2356030994278697,1.0785343664759566,113.34304484619386,60.0,1860.0,0.0,0.0,0.0,1139.5955789000727,0.0,0.0,113.34304484619386,1860.0,85.58412815035723,1772.1864694021324,,,,False,False,not_attempted,0,0,0,0,24,3,0.125,154.29136809934653,1669.0,False,,,False,6,0
proposed,static_live,31,1860.0,31.0,6,recovering,recovering,4 26 37 66,2053,2.6595744680851063,0.376,0.04,32.17509521684179,18.516666666666666,22,1,21,3.2849606017280557,3.2849606017280557,116.62800544792192,60.0,1920.0,0.0,0.0,0.0,1139.5955789000727,0.0,0.0,116.62800544792192,1920.0,79.39298747212831,1725.8533699624197,,,,False,False,not_attempted,0,0,0,0,47,5,0.10638297872340426,153.7689078907178,1669.0,False,,,False,6,0
proposed,static_live,32,1920.0,32.0,6,recovering,recovering,4 26 37 66,2053,2.4875621890547266,0.40199999999999997,0.08,32.42685537164387,18.533333333333335,21,2,19,4.501528401238467,2.2507642006192334,121.1295338491604,60.0,1980.0,0.0,0.0,0.0,1139.5955789000727,0.0,0.0,121.1295338491604,1980.0,73.34046532709453,1667.0470491155536,,,,False,False,not_attempted,0,0,0,0,49,9,0.1836734693877551,153.28086989582866,1669.0,False,,,False,6,0
proposed,static_live,33,1980.0,33.0,6,recovering,recovering,4 26 37 66,2053,2.336448598130841,0.428,0.12,32.65130129753112,18.55,19,2,17,4.044623895746861,2.0223119478734306,125.17415774490726,60.0,2040.0,0.0,0.0,0.0,1139.5955789000727,0.0,0.0,125.17415774490726,2040.0,66.63720905143535,1606.1493884233869,,,,False,False,not_attempted,0,0,0,0,52,2,0.038461538461538464,152.71809650107448,1820.0,False,,,False,6,0
proposed,static_live,34,2040.0,34.0,6,recovering,recovering,4 26 37 66,2053,2.2026431718061676,0.45399999999999996,0.16,32.852649376711604,18.566666666666666,17,1,16,2.348178645685125,2.348178645685125,127.52233639059239,60.0,2100.0,0.0,0.0,0.0,1139.5955789000727,0.0,0.0,127.52233639059239,2100.0,61.89970674901197,1530.9131459058372,,,,False,False,not_attempted,0,0,0,0,38,0,0.0,151.5177577055371,1820.0,False,,,False,6,0
proposed,static_live,35,2100.0,35.0,7,recovering,recovering,4 26 37 66,2053,2.0833333333333335,0.48,0.2,33.03429063990616,18.583333333333332,16,2,14,2.319847548315086,1.159923774157543,129.84218393890748,60.0,2160.0,0.0,0.0,0.0,1139.5955789000727,0.0,0.0,129.84218393890748,2160.0,58.027017610039614,1293.4452766177587,,,,False,False,not_attempted,0,0,0,0,18,2,0.1111111111111111,150.03455999396806,1820.0,False,,,False,6,0
proposed,static_live,36,2160.0,36.0,7,recovering,recovering,4 26 37 66,2053,1.976284584980237,0.506,0.24,33.198983296359664,18.6,14,1,13,3.8389608606255754,3.8389608606255754,133.68114479953306,60.0,2220.0,0.0,0.0,0.0,1139.5955789000727,0.0,0.0,133.68114479953306,2220.0,53.734812113462525,1241.7257064986286,,,,False,False,not_attempted,0,0,0,0,16,3,0.1875,147.94418360068926,1866.0,False,,,False,5,0
proposed,static_live,37,2220.0,37.0,7,recovering,recovering,4 26 37 66,2053,1.8796992481203008,0.532,0.28,33.34899377229633,18.616666666666667,13,1,12,2.6235830260827075,2.6235830260827075,136.30472782561577,60.0,2280.0,0.0,0.0,0.0,1139.5955789000727,0.0,0.0,136.30472782561577,2280.0,48.16559724286738,1186.8135916555646,,,,False,False,not_attempted,0,0,0,0,21,0,0.0,146.67881592924033,1966.0,False,,,False,4,0
proposed,static_live,38,2280.0,38.0,7,recovering,recovering,4 26 37 66,2053,1.7921146953405016,0.558,0.32,33.486201638691476,18.633333333333333,12,2,10,0.9841996503162334,0.4920998251581167,137.288927475932,60.0,2340.0,0.0,0.0,0.0,1139.5955789000727,0.0,0.0,137.288927475932,2340.0,43.305974369797504,1015.2530029628272,,,,False,False,not_attempted,0,0,0,0,2,2,1.0,146.585482595907,1966.0,False,,,False,2,0
proposed,static_live,39,2340.0,39.0,7,recovering,recovering,4 26 37 66,2053,1.7123287671232879,0.584,0.36,33.61217877341451,18.65,10,3,7,1.0938928568943775,0.36463095229812587,138.38282033282638,60.0,2400.0,0.0,0.0,0.0,1139.5955789000727,0.0,0.0,138.38282033282638,2400.0,40.46457701054082,1013.3956857264,,,,False,False,not_attempted,0,0,0,0,3,1,0.3333333333333333,146.26845998465603,1976.0,False,,,False,2,0
proposed,static_live,40,2400.0,40.0,8,recovering,recovering,4 26 37 66,2053,1.639344262295082,0.61,0.4,33.72824984891458,18.666666666666668,7,0,7,0.44413844990059365,0.44413844990059365,138.826958782727,60.0,2460.0,0.0,0.0,0.0,1139.5955789000727,0.0,0.0,138.826958782727,2460.0,37.9258493594188,997.7674405666595,,,,False,False,not_attempted,0,0,0,0,1,0,0.0,145.9176548680888,1976.0,False,,,False,1,0
proposed,static_live,41,2460.0,41.0,8,recovering,recovering,4 26 37 66,2053,1.572327044025157,0.636,0.44,33.83553909057353,18.683333333333334,7,1,6,0.1243543117106204,0.1243543117106204,138.9513130944376,60.0,2520.0,0.0,0.0,0.0,1139.5955789000727,0.0,0.0,138.9513130944376,2520.0,36.00776861470484,867.6374362421551,,,,False,False,not_attempted,0,0,0,0,0,0,0.0,145.82432153475546,1976.0,False,,,False,1,0
proposed,static_live,42,2520.0,42.0,8,recovering,recovering,4 26 37 66,2053,1.5105740181268883,0.6619999999999999,0.48,33.93500680882702,18.7,6,1,5,0.7060908421894496,0.7060908421894496,139.65740393662705,60.0,2580.0,0.0,0.0,0.0,1139.5955789000727,0.0,0.0,139.65740393662705,2580.0,34.573609251369504,866.1999025571407,,,,False,False,not_attempted,0,0,0,0,3,0,0.0,145.118230692566,1976.0,False,,,False,1,0
proposed,static_live,43,2580.0,43.0,8,recovering,recovering,4 26 37 66,2053,1.4534883720930234,0.688,0.52,34.0274782225581,18.716666666666665,5,0,5,0.09333333333333332,0.09333333333333332,139.75073726996038,60.0,2640.0,0.0,0.0,0.0,1139.5955789000727,0.0,0.0,139.75073726996038,2640.0,32.40984586800471,716.2006888502387,,,,False,False,not_attempted,0,0,0,0,0,0,0.0,145.02489735923265,1976.0,False,,,False,1,0
proposed,static_live,44,2640.0,44.0,8,recovering,recovering,4 26 37 66,2053,1.400560224089636,0.714,0.56,34.113666407032305,18.733333333333334,5,1,4,0.6207367403389482,0.6207367403389482,140.37147401029932,60.0,2700.0,0.0,0.0,0.0,1139.5955789000727,0.0,0.0,140.37147401029932,2700.0,31.185467240231496,714.9685873534531,,,,False,False,not_attempted,0,0,0,0,3,0,0.0,144.4041606188937,1976.0,False,,,False,1,0
proposed,static_live,45,2700.0,45.0,9,recovering,recovering,4 26 37 66,2053,1.3513513513513513,0.74,0.6,34.194190717748114,18.75,4,0,4,2.7523335153547395,2.7523335153547395,143.12380752565406,60.0,2760.0,0.0,0.0,0.0,1139.5955789000727,0.0,0.0,143.12380752565406,2760.0,29.4598263794127,694.1210693338535,,,,False,False,not_attempted,0,0,0,0,11,0,0.0,141.651827103539,1976.0,False,,,False,1,0
proposed,static_live,46,2760.0,46.0,9,recovering,recovering,4 26 37 66,2053,1.3054830287206267,0.766,0.64,34.26959169765464,18.766666666666666,4,0,4,0.09333333333333332,0.09333333333333332,143.2171408589874,60.0,2820.0,0.0,0.0,0.0,1139.5955789000727,0.0,0.0,143.2171408589874,2820.0,25.497909479838366,516.7681175276081,,,,False,False,not_attempted,0,0,0,0,0,0,0.0,141.55849377020567,1976.0,False,,,False,1,0
proposed,static_live,47,2820.0,47.0,9,recovering,recovering,4 26 37 66,2053,1.2626262626262625,0.792,0.68,34.34034322669782,18.783333333333335,4,1,3,0.16419412363039623,0.16419412363039623,143.3813349826178,60.0,2880.0,0.0,0.0,0.0,1139.5955789000727,0.0,0.0,143.3813349826178,2880.0,24.513565473707263,515.7704652831185,,,,False,False,not_attempted,0,0,0,0,1,0,0.0,141.3942996465753,1976.0,False,,,False,1,0
proposed,static_live,48,2880.0,48.0,9,recovering,recovering,4 26 37 66,2053,1.2224938875305624,0.818,0.72,34.40686249105634,18.8,3,0,3,1.326453961891317,1.326453961891317,144.7077889445091,60.0,2940.0,0.0,0.0,0.0,1139.5955789000727,0.0,0.0,144.7077889445091,2940.0,23.49582884747308,511.1538864411171,,,,False,False,not_attempted,0,0,0,0,6,0,0.0,140.06784568468402,1976.0,False,,,False,1,0
proposed,static_live,49,2940.0,49.0,9,recovering,recovering,4 26 37 66,2053,1.1848341232227486,0.8440000000000001,0.76,34.46951821529238,18.816666666666666,3,0,3,0.09333333333333332,0.09333333333333332,144.80112227784244,60.0,3000.0,0.0,0.0,0.0,1139.5955789000727,0.0,0.0,144.80112227784244,3000.0,21.193627435499895,356.05260527131173,,,,False,False,not_attempted,0,0,0,0,0,0,0.0,139.97451235135068,1976.0,False,,,False,1,0
proposed,static_live,50,3000.0,50.0,10,recovering,recovering,4 26 37 66,2053,1.1494252873563218,0.87,0.8,34.52863750057551,18.833333333333332,3,1,2,0.6120437088129015,0.6120437088129015,145.41316598665534,60.0,3060.0,0.0,0.0,0.0,1139.5955789000727,0.0,0.0,145.41316598665534,3060.0,20.426487451695575,355.2283315848856,,,,False,False,not_attempted,0,0,0,0,4,0,0.0,139.36246864253778,1976.0,False,,,False,1,0
proposed,static_live,51,3060.0,51.0,10,recovering,recovering,4 26 37 66,2053,1.1160714285714286,0.896,0.84,34.58451153678982,18.85,2,0,2,0.444280922290446,0.444280922290446,145.8574469089458,60.0,3120.0,0.0,0.0,0.0,1139.5955789000727,0.0,0.0,145.8574469089458,3120.0,18.786343323520118,322.6512064046325,,,,False,False,not_attempted,0,0,0,0,0,0,0.0,138.91818772024735,1976.0,False,,,False,1,0
proposed,static_live,52,3120.0,52.0,10,recovering,recovering,4 26 37 66,2053,1.0845986984815619,0.922,0.88,34.63740039910128,18.866666666666667,2,0,2,0.09333333333333332,0.09333333333333332,145.95078024227914,60.0,3180.0,0.0,0.0,0.0,1139.5955789000727,0.0,0.0,145.95078024227914,3180.0,17.89987244291389,201.9185603681762,,,,False,False,not_attempted,0,0,0,0,0,0,0.0,138.824854386914,1976.0,False,,,False,1,0
proposed,static_live,53,3180.0,53.0,10,recovering,recovering,4 26 37 66,2053,1.0548523206751055,0.9480000000000001,0.92,34.68753709573154,18.883333333333333,2,1,1,1.8733601458925921,1.8733601458925921,147.82414038817174,60.0,3240.0,0.0,0.0,0.0,1139.5955789000727,0.0,0.0,147.82414038817174,3240.0,17.219482523810672,201.22610166705294,,,,False,False,not_attempted,0,0,0,0,4,0,0.0,136.95149424102144,1976.0,False,,,False,1,0
proposed,static_live,54,3240.0,54.0,10,recovering,recovering,4 26 37 66,2053,1.026694045174538,0.974,0.96,34.73513099985647,18.9,1,0,1,0.09333333333333332,0.09333333333333332,147.91747372150508,60.0,3300.0,0.0,0.0,0.0,1139.5955789000727,0.0,0.0,147.91747372150508,3300.0,14.571483928654452,83.47182168748084,,,,False,False,not_attempted,0,0,0,0,0,0,0.0,136.8581609076881,1976.0,False,,,False,0,0
proposed,static_live,55,3300.0,55.0,11,normal,recovered,4 26 37 66,0,1.0,1.0,1.0,34.78037077224997,18.916666666666668,1,1,0,14.128025323961694,14.128025323961694,162.04549904546678,111.03631945228578,3411.0363194522856,0.0,0.0,0.0,1139.5955789000727,0.0,0.0,162.04549904546678,3411.0363194522856,14.092734364899274,81.84868277849249,,,,False,False,not_attempted,0,0,0,0,150,0,0.0,134.1285072073354,1976.0,True,,,False,0,0
proposed,static_frozen,0,0.0,0.0,0,normal,initial,4 26 37 66,0,1.0,1.0,0.0,34.78037077224997,18.0,84,0,84,18.947812200580838,18.947812200580838,18.947812200580838,60.0,60.0,10.709383900044486,1128.8861950000282,1139.5955789000727,1139.5955789000727,0.0,0.0,18.947812200580838,60.0,124.98723160038621,2771.5048752969888,,,,False,False,initial_plan,0,0,0,0,123,0,0.0,177.2717760608753,0.0,False,,,True,10,10
proposed,static_frozen,1,60.0,1.0,0,normal,normal,4 26 37 66,0,1.0,1.0,0.0,34.78037077224997,18.016666666666666,84,0,84,3.6431287464134887,3.6431287464134887,22.590940946994326,60.0,120.0,0.0,0.0,0.0,1139.5955789000727,0.0,0.0,22.590940946994326,120.0,105.50890338066785,2707.1370397431347,,,,False,False,not_attempted,0,0,0,0,83,0,0.0,176.43141531177028,0.0,False,,,False,9,10
proposed,static_frozen,2,120.0,2.0,0,normal,normal,4 26 37 66,0,1.0,1.0,0.0,34.78037077224997,18.033333333333335,84,3,81,2.150613593169741,0.716871197723247,24.741554540164067,60.0,180.0,0.0,0.0,0.0,1139.5955789000727,0.0,0.0,24.741554540164067,180.0,101.10086336244001,2575.1489099165824,,,,False,False,not_attempted,0,0,0,0,49,0,0.0,176.33808197843695,215.0,False,,,False,8,7
proposed,static_frozen,3,180.0,3.0,0,normal,normal,4 26 37 66,0,1.0,1.0,0.0,34.78037077224997,18.05,81,3,78,3.271356097706687,1.0904520325688958,28.012910637870753,60.0,240.0,0.0,0.0,0.0,1139.5955789000727,0.0,0.0,28.012910637870753,240.0,99.24169389457438,2575.1489099165824,,,,False,False,not_attempted,0,0,0,0,57,0,0.0,176.08417388140913,215.0,False,,,False,8,4
proposed,static_frozen,4,240.0,4.0,0,normal,normal,4 26 37 66,0,1.0,1.0,0.0,34.78037077224997,18.066666666666666,78,1,77,3.7024319427213226,3.7024319427213226,31.715342580592075,60.0,300.0,0.0,0.0,0.0,1139.5955789000727,0.0,0.0,31.715342580592075,300.0,96.4371557706104,2523.292639918653,,,,False,False,not_attempted,0,0,0,0,61,0,0.0,174.23595111138894,249.0,False,,,False,7,3
proposed,static_frozen,5,300.0,5.0,1,normal,normal,4 26 37 66,0,1.0,1.0,0.0,34.78037077224997,18.083333333333332,77,2,75,2.7190972354339418,1.3595486177169709,34.434439816026014,60.0,360.0,0.0,0.0,0.0,1139.5955789000727,0.0,0.0,34.434439816026014,360.0,92.79090225860935,2353.701123446594,,,,False,False,not_attempted,0,0,0,0,41,0,0.0,174.1426177780556,402.0,False,,,False,7,3
proposed,static_frozen,6,360.0,6.0,1,normal,normal,4 26 37 66,0,1.0,1.0,0.0,34.78037077224997,18.1,75,3,72,4.611279417259635,1.5370931390865452,39.04571923328565,60.0,420.0,0.0,0.0,0.0,1139.5955789000727,0.0,0.0,39.04571923328565,420.0,90.05551392370413,2353.701123446594,,,,False,False,not_attempted,0,0,0,0,41,0,0.0,173.80269504982573,402.0,False,,,False,7,2
proposed,static_frozen,7,420.0,7.0,1,normal,normal,4 26 37 66,0,1.0,1.0,0.0,34.78037077224997,18.116666666666667,72,1,71,5.191142058140224,5.191142058140224,44.236861291425875,60.0,480.0,0.0,0.0,0.0,1139.5955789000727,0.0,0.0,44.236861291425875,480.0,85.29960763845678,2350.428994697508,,,,False,False,not_attempted,0,0,0,0,51,0,0.0,171.7315048732715,402.0,False,,,False,7,1
proposed,static_frozen,8,480.0,8.0,1,normal,normal,4 26 37 66,0,1.0,1.0,0.0,34.78037077224997,18.133333333333333,71,2,69,2.4943949123933358,1.2471974561966679,46.731256203819214,60.0,540.0,0.0,0.0,0.0,1139.5955789000727,0.0,0.0,46.731256203819214,540.0,79.97940923294234,2176.3863390623183,,,,False,False,not_attempted,0,0,0,0,19,0,0.0,171.63817153993816,422.0,False,,,False,7,0
proposed,static_frozen,9,540.0,9.0,1,normal,normal,4 26 37 66,0,1.0,1.0,0.0,34.78037077224997,18.15,69,4,65,2.2682353970901716,0.5670588492725429,48.99949160090939,60.0,600.0,0.0,0.0,0.0,1139.5955789000727,0.0,0.0,48.99949160090939,600.0,77.62879857543831,2176.3863390623183,,,,False,False,not_attempted,0,0,0,0,19,0,0.0,171.54640459197284,574.0,False,,,False,7,0
proposed,static_frozen,10,600.0,10.0,2,degrading,degrading,4 26 37 66,0,1.0,1.0,0.0,34.78037077224997,18.166666666666668,65,1,64,2.2646830485948937,2.2646830485948937,51.264174649504284,60.0,660.0,0.0,0.0,0.0,1139.5955789000727,0.0,0.0,51.264174649504284,660.0,75.37762181306358,2157.509480549697,,,,False,False,not_attempted,0,0,0,0,29,0,0.0,171.29011539682318,574.0,False,,,False,7,0
proposed,static_frozen,11,660.0,11.0,2,degrading,degrading,4 26 37 66,2053,1.06951871657754,0.935,0.0,34.662799164863586,18.183333333333334,64,2,62,3.0789733447657412,1.5394866723828706,54.343147994270026,60.0,720.0,0.0,0.0,0.0,1139.5955789000727,0.0,0.0,54.343147994270026,720.0,77.12829506886244,2028.3713419238097,,,,False,False,not_attempted,0,0,0,0,40,0,0.0,171.19678206348985,700.0,False,,,False,7,0
proposed,static_frozen,12,720.0,12.0,2,degrading,degrading,4 26 37 66,2053,1.1494252873563218,0.87,0.0,34.52863750057551,18.2,62,3,59,3.5782698263807644,1.1927566087935881,57.92141782065079,60.0,780.0,0.0,0.0,0.0,1139.5955789000727,0.0,0.0,57.92141782065079,780.0,78.66389490050466,2054.520977664054,,,,False,False,not_attempted,0,0,0,0,40,1,0.025,169.9712503230566,791.0,False,,,False,7,0
proposed,static_frozen,13,780.0,13.0,2,degrading,degrading,4 26 37 66,2053,1.2422360248447206,0.8049999999999999,0.0,34.37410779707679,18.216666666666665,59,1,58,3.632871521440447,3.632871521440447,61.55428934209124,60.0,840.0,0.0,0.0,0.0,1139.5955789000727,0.0,0.0,61.55428934209124,840.0,80.23356181412383,2100.5253418662787,,,,False,False,not_attempted,0,0,0,0,45,8,0.17777777777777778,168.4298360785444,791.0,False,,,False,7,0
proposed,static_frozen,14,840.0,14.0,2,degrading,degrading,4 26 37 66,2053,1.3513513513513513,0.74,0.0,34.194190717748114,18.233333333333334,58,2,56,3.799029416144701,1.8995147080723505,65.35331875823594,60.0,900.0,0.0,0.0,0.0,1139.5955789000727,0.0,0.0,65.35331875823594,900.0,82.58699319470074,2054.016840451581,,,,False,False,not_attempted,0,0,0,0,42,26,0.6190476190476191,167.6392050462411,848.0,False,,,False,7,0
proposed,static_frozen,15,900.0,15.0,3,degrading,degrading,4 26 37 66,2053,1.4814814814814814,0.675,0.0,33.98207009341471,18.25,56,2,54,2.399549171642297,1.1997745858211486,67.75286792987824,60.0,960.0,0.0,0.0,0.0,1139.5955789000727,0.0,0.0,67.75286792987824,960.0,85.55927804229447,1935.9771662323635,,,,False,False,not_attempted,0,0,0,0,35,7,0.2,167.54587171290777,848.0,False,,,False,7,0
proposed,static_frozen,16,960.0,16.0,3,degrading,degrading,4 26 37 66,2053,1.639344262295082,0.61,0.0,33.72824984891458,18.266666666666666,54,2,52,2.7012018741611965,1.3506009370805983,70.45406980403943,60.0,1020.0,0.0,0.0,0.0,1139.5955789000727,0.0,0.0,70.45406980403943,1020.0,90.477128557149,1963.700021218873,,,,False,False,not_attempted,0,0,0,0,24,6,0.25,165.9029487039565,907.0,False,,,False,7,0
proposed,static_frozen,17,1020.0,17.0,3,degrading,degrading,4 26 37 66,2053,1.8348623853211008,0.545,0.0,33.41909336387101,18.283333333333335,52,4,48,6.262945057810731,1.5657362644526827,76.71701486185016,60.0,1080.0,0.0,0.0,0.0,1139.5955789000727,0.0,0.0,76.71701486185016,1080.0,97.1923743114308,1954.151273168968,,,,False,False,not_attempted,0,0,0,0,39,12,0.3076923076923077,162.828993990717,930.0,False,,,False,7,0
proposed,static_frozen,18,1080.0,18.0,3,degrading,degrading,4 26 37 66,2053,2.0833333333333335,0.48,0.0,33.03429063990616,18.3,48,1,47,3.7984901614626265,3.7984901614626265,80.51550502331278,60.0,1140.0,0.0,0.0,0.0,1139.5955789000727,0.0,0.0,80.51550502331278,1140.0,100.15775975104307,1810.2901306193517,,,,False,False,not_attempted,0,0,0,0,25,7,0.28,162.73566065738368,930.0,False,,,False,7,0
proposed,static_frozen,19,1140.0,19.0,3,degrading,degrading,4 26 37 66,2053,2.409638554216868,0.4149999999999999,0.0,32.54220704861389,18.316666666666666,47,2,45,4.0917285494984,2.0458642747492,84.60723357281118,60.0,1200.0,0.0,0.0,0.0,1139.5955789000727,0.0,0.0,84.60723357281118,1200.0,105.40167588814484,2334.3581361680376,,,,False,False,not_attempted,0,0,0,0,13,10,0.7692307692307693,162.37025626884557,988.0,False,,,False,7,0
proposed,static_frozen,20,1200.0,20.0,4,disrupted,holding,4 26 37 66,2053,2.857142857142857,0.35,0.0,31.890711724713366,18.333333333333332,45,4,41,6.238391461737601,1.5595978654344003,90.84562503454879,60.0,1260.0,0.0,0.0,0.0,1139.5955789000727,0.0,0.0,90.84562503454879,1260.0,111.4494486663166,2375.3304081644387,,,,False,False,not_attempted,0,0,0,0,44,10,0.22727272727272727,159.73356435407715,1072.0,False,,,False,7,0
proposed,static_frozen,21,1260.0,21.0,4,disrupted,disrupted,4 26 37 66,2053,2.857142857142857,0.35,0.0,31.890711724713366,18.35,41,1,40,1.7120869224199047,1.7120869224199047,92.55771195696869,60.0,1320.0,0.0,0.0,0.0,1139.5955789000727,0.0,0.0,92.55771195696869,1320.0,106.24989904144522,2216.856432300117,,,,False,False,not_attempted,0,0,0,0,22,0,0.0,159.6402310207438,1171.0,False,,,False,7,0
proposed,static_frozen,22,1320.0,22.0,4,disrupted,disrupted,4 26 37 66,2053,2.857142857142857,0.35,0.0,31.890711724713366,18.366666666666667,40,3,37,2.2817587958982113,0.7605862652994038,94.8394707528669,60.0,1380.0,0.0,0.0,0.0,1139.5955789000727,0.0,0.0,94.8394707528669,1380.0,104.38471078394159,2216.856432300117,,,,False,False,not_attempted,0,0,0,0,34,4,0.11764705882352941,159.3860057372786,1171.0,False,,,False,7,0
proposed,static_frozen,23,1380.0,23.0,4,disrupted,disrupted,4 26 37 66,2053,2.857142857142857,0.35,0.0,31.890711724713366,18.383333333333333,37,2,35,2.013688686166303,1.0068443430831515,96.8531594390332,60.0,1440.0,0.0,0.0,0.0,1139.5955789000727,0.0,0.0,96.8531594390332,1440.0,101.0561564979669,2115.701806605445,,,,False,False,not_attempted,0,0,0,0,17,0,0.0,158.47064961647388,1171.0,False,,,False,6,0
proposed,static_frozen,24,1440.0,24.0,4,disrupted,disrupted,4 26 37 66,2053,2.857142857142857,0.35,0.0,31.890711724713366,18.4,35,2,33,2.276553807519106,1.138276903759553,99.12971324655231,60.0,1500.0,0.0,0.0,0.0,1139.5955789000727,0.0,0.0,99.12971324655231,1500.0,99.97836416066139,2115.701806605445,,,,False,False,not_attempted,0,0,0,0,21,1,0.047619047619047616,157.48804511796325,1215.0,False,,,False,6,0
proposed,static_frozen,25,1500.0,25.0,5,disrupted,disrupted,4 26 37 66,2053,2.857142857142857,0.35,0.0,31.890711724713366,18.416666666666668,33,2,31,2.037460247301605,1.0187301236508024,101.16717349385392,60.0,1560.0,0.0,0.0,0.0,1139.5955789000727,0.0,0.0,101.16717349385392,1560.0,98.2839684605663,2083.820944035843,,,,False,False,not_attempted,0,0,0,0,53,0,0.0,157.37417246946606,1215.0,False,,,False,6,0
proposed,static_frozen,26,1560.0,26.0,5,disrupted,disrupted,4 26 37 66,2053,2.857142857142857,0.35,0.0,31.890711724713366,18.433333333333334,31,1,30,2.17480032228825,2.17480032228825,103.34197381614217,60.0,1620.0,0.0,0.0,0.0,1139.5955789000727,0.0,0.0,103.34197381614217,1620.0,96.21786098726939,1963.8209440358428,,,,False,False,not_attempted,0,0,0,0,39,4,0.10256410256410256,157.28083913613273,1373.0,False,,,False,6,0
proposed,static_frozen,27,1620.0,27.0,5,disrupted,disrupted,4 26 37 66,2053,2.857142857142857,0.35,0.0,31.890711724713366,18.45,30,2,28,5.088215405822068,2.544107702911034,108.43018922196424,60.0,1680.0,0.0,0.0,0.0,1139.5955789000727,0.0,0.0,108.43018922196424,1680.0,94.59766706665364,1963.8209440358428,,,,False,False,not_attempted,0,0,0,0,24,9,0.375,156.08398189671564,1373.0,False,,,False,6,0
proposed,static_frozen,28,1680.0,28.0,5,disrupted,disrupted,4 26 37 66,2053,2.857142857142857,0.35,0.0,31.890711724713366,18.466666666666665,28,2,26,5.611208961060331,2.8056044805301656,114.04139818302457,60.0,1740.0,0.0,0.0,0.0,1139.5955789000727,0.0,0.0,114.04139818302457,1740.0,90.0542477408787,1892.1864694021324,,,,False,False,not_attempted,0,0,0,0,25,9,0.36,155.6832378587356,1419.0,False,,,False,6,0
proposed,static_frozen,29,1740.0,29.0,5,disrupted,disrupted,4 26 37 66,2053,2.857142857142857,0.35,0.0,31.890711724713366,18.483333333333334,26,1,25,0.838943150387151,0.838943150387151,114.88034133341172,60.0,1800.0,0.0,0.0,0.0,1139.5955789000727,0.0,0.0,114.88034133341172,1800.0,85.03545419601929,1772.1864694021324,,,,False,False,not_attempted,0,0,0,0,5,0,0.0,155.58990452540226,1419.0,False,,,False,6,0
proposed,static_frozen,30,1800.0,30.0,6,recovering,recovering,4 26 37 66,2053,2.857142857142857,0.35,0.0,31.890711724713366,18.5,25,4,21,8.787752355414272,2.196938088853568,123.66809368882599,60.0,1860.0,0.0,0.0,0.0,1139.5955789000727,0.0,0.0,123.66809368882599,1860.0,84.62363178878192,1772.1864694021324,,,,False,False,not_attempted,0,0,0,0,33,13,0.3939393939393939,149.73512336351823,1669.0,False,,,False,6,0
proposed,static_frozen,31,1860.0,31.0,6,recovering,recovering,4 26 37 66,2053,2.6595744680851063,0.376,0.04,32.17509521684179,18.516666666666666,21,1,20,10.69418781853641,10.69418781853641,134.3622815073624,60.0,1920.0,0.0,0.0,0.0,1139.5955789000727,0.0,0.0,134.3622815073624,1920.0,75.33364698872954,1362.8524380662254,,,,False,False,not_attempted,0,0,0,0,28,11,0.39285714285714285,143.00715768667087,1669.0,False,,,False,6,0
proposed,static_frozen,32,1920.0,32.0,6,recovering,recovering,4 26 37 66,2053,2.4875621890547266,0.40199999999999997,0.08,32.42685537164387,18.533333333333335,20,1,19,3.66849144342951,3.66849144342951,138.0307729507919,60.0,1980.0,0.0,0.0,0.0,1139.5955789000727,0.0,0.0,138.0307729507919,1980.0,65.670245355114,1198.9546235606535,,,,False,False,not_attempted,0,0,0,0,12,8,0.6666666666666666,142.91382435333753,1669.0,False,,,False,6,0
proposed,static_frozen,33,1980.0,33.0,6,recovering,recovering,4 26 37 66,2053,2.336448598130841,0.428,0.12,32.65130129753112,18.55,19,3,16,5.083953953136742,1.6946513177122473,143.11472690392867,60.0,2040.0,0.0,0.0,0.0,1139.5955789000727,0.0,0.0,143.11472690392867,2040.0,61.60604799778172,1196.1751219214211,,,,False,False,not_attempted,0,0,0,0,40,7,0.175,142.46192100437895,1820.0,False,,,False,6,0
proposed,static_frozen,34,2040.0,34.0,6,recovering,recovering,4 26 37 66,2053,2.2026431718061676,0.45399999999999996,0.16,32.852649376711604,18.566666666666666,16,2,14,2.3634348593273318,1.1817174296636659,145.478161763256,60.0,2100.0,0.0,0.0,0.0,1139.5955789000727,0.0,0.0,145.478161763256,2100.0,55.07461953703894,1160.2698941821347,,,,False,False,not_attempted,0,0,0,0,29,3,0.10344827586206896,142.2459966255193,1820.0,False,,,False,6,0
proposed,static_frozen,35,2100.0,35.0,7,recovering,recovering,4 26 37 66,2053,2.0833333333333335,0.48,0.2,33.03429063990616,18.583333333333332,14,1,13,2.783499125160388,2.783499125160388,148.26166088841637,60.0,2160.0,0.0,0.0,0.0,1139.5955789000727,0.0,0.0,148.26166088841637,2160.0,51.271397058933005,879.5330274856494,,,,False,False,not_attempted,0,0,0,0,16,5,0.3125,142.15266329218596,1820.0,False,,,False,6,0
proposed,static_frozen,36,2160.0,36.0,7,recovering,recovering,4 26 37 66,2053,1.976284584980237,0.506,0.24,33.198983296359664,18.6,13,2,11,1.3003230095590514,0.6501615047795257,149.56198389797544,60.0,2220.0,0.0,0.0,0.0,1139.5955789000727,0.0,0.0,149.56198389797544,2220.0,47.680818156003305,877.0410656836525,,,,False,False,not_attempted,0,0,0,0,9,0,0.0,141.4465724499965,1866.0,False,,,False,5,0
proposed,static_frozen,37,2220.0,37.0,7,recovering,recovering,4 26 37 66,2053,1.8796992481203008,0.532,0.28,33.34899377229633,18.616666666666667,11,2,9,0.6446310424779553,0.32231552123897766,150.2066149404534,60.0,2280.0,0.0,0.0,0.0,1139.5955789000727,0.0,0.0,150.2066149404534,2280.0,44.18657008476711,726.1223482717228,,,,False,False,not_attempted,0,0,0,0,9,1,0.1111111111111111,141.35323911666316,1966.0,False,,,False,3,0
proposed,static_frozen,38,2280.0,38.0,7,recovering,recovering,4 26 37 66,2053,1.7921146953405016,0.558,0.32,33.486201638691476,18.633333333333333,9,3,6,1.6990634185280218,0.5663544728426739,151.90567835898142,60.0,2340.0,0.0,0.0,0.0,1139.5955789000727,0.0,0.0,151.90567835898142,2340.0,41.28016048309178,724.0834887490283,,,,False,False,not_attempted,0,0,0,0,5,1,0.2,140.61794292248024,1966.0,False,,,False,2,0
proposed,static_frozen,39,2340.0,39.0,7,recovering,recovering,4 26 37 66,2053,1.7123287671232879,0.584,0.36,33.61217877341451,18.65,6,1,5,3.109920278748378,3.109920278748378,155.0155986377298,60.0,2400.0,0.0,0.0,0.0,1139.5955789000727,0.0,0.0,155.0155986377298,2400.0,38.083342160513695,688.9766559239761,,,,False,False,not_attempted,0,0,0,0,11,1,0.09090909090909091,137.9801688609695,1976.0,False,,,False,2,0
proposed,static_frozen,40,2400.0,40.0,8,recovering,recovering,4 26 37 66,2053,1.639344262295082,0.61,0.4,33.72824984891458,18.666666666666668,5,0,5,0.18666666666666665,0.18666666666666665,155.20226530439646,60.0,2460.0,0.0,0.0,0.0,1139.5955789000727,0.0,0.0,155.20226530439646,2460.0,33.23087423256608,524.5399920617302,,,,False,False,not_attempted,0,0,0,0,0,0,0.0,137.88683552763618,1976.0,False,,,False,1,0
proposed,static_frozen,41,2460.0,41.0,8,recovering,recovering,4 26 37 66,2053,1.572327044025157,0.636,0.44,33.83553909057353,18.683333333333334,5,2,3,0.4479105323699841,0.22395526618499206,155.65017583676644,60.0,2520.0,0.0,0.0,0.0,1139.5955789000727,0.0,0.0,155.65017583676644,2520.0,31.671744531330383,522.9799145215998,,,,False,False,not_attempted,0,0,0,0,4,0,0.0,137.4527121680514,1976.0,False,,,False,1,0
proposed,static_frozen,42,2520.0,42.0,8,recovering,recovering,4 26 37 66,2053,1.5105740181268883,0.6619999999999999,0.48,33.93500680882702,18.7,3,0,3,1.0565247259369077,1.0565247259369077,156.70670056270333,60.0,2580.0,0.0,0.0,0.0,1139.5955789000727,0.0,0.0,156.70670056270333,2580.0,29.716639344562584,508.5900650818063,,,,False,False,not_attempted,0,0,0,0,3,0,0.0,136.3961874421145,1976.0,False,,,False,1,0
proposed,static_frozen,43,2580.0,43.0,8,recovering,recovering,4 26 37 66,2053,1.4534883720930234,0.688,0.52,34.0274782225581,18.716666666666665,3,0,3,0.09333333333333332,0.09333333333333332,156.80003389603667,60.0,2640.0,0.0,0.0,0.0,1139.5955789000727,0.0,0.0,156.80003389603667,2640.0,27.370882113710604,362.30654225262634,,,,False,False,not_attempted,0,0,0,0,0,0,0.0,136.30285410878116,1976.0,False,,,False,1,0
proposed,static_frozen,44,2640.0,44.0,8,recovering,recovering,4 26 37 66,2053,1.400560224089636,0.714,0.56,34.113666407032305,18.733333333333334,3,1,2,0.9129733938829135,0.9129733938829135,157.71300728991957,60.0,2700.0,0.0,0.0,0.0,1139.5955789000727,0.0,0.0,157.71300728991957,2700.0,26.14650348593739,361.0744407558407,,,,False,False,not_attempted,0,0,0,0,4,0,0.0,135.38988071489825,1976.0,False,,,False,1,0
proposed,static_frozen,45,2700.0,45.0,9,recovering,recovering,4 26 37 66,2053,1.3513513513513513,0.74,0.6,34.194190717748114,18.75,2,0,2,0.14335123722043402,0.14335123722043402,157.85635852714,60.0,2760.0,0.0,0.0,0.0,1139.5955789000727,0.0,0.0,157.85635852714,2760.0,24.090495839772014,328.1282305582491,,,,False,False,not_attempted,0,0,0,0,0,0,0.0,135.24652947767783,1976.0,False,,,False,1,0
proposed,static_frozen,46,2760.0,46.0,9,recovering,recovering,4 26 37 66,2053,1.3054830287206267,0.766,0.64,34.26959169765464,18.766666666666666,2,0,2,0.09333333333333332,0.09333333333333332,157.94969186047334,60.0,2820.0,0.0,0.0,0.0,1139.5955789000727,0.0,0.0,157.94969186047334,2820.0,22.847620409839898,207.06047302090346,,,,False,False,not_attempted,0,0,0,0,0,0,0.0,135.1531961443445,1976.0,False,,,False,1,0
proposed,static_frozen,47,2820.0,47.0,9,recovering,recovering,4 26 37 66,2053,1.2626262626262625,0.792,0.68,34.34034322669782,18.783333333333335,2,1,1,1.8733601458925921,1.8733601458925921,159.82305200636594,60.0,2880.0,0.0,0.0,0.0,1139.5955789000727,0.0,0.0,159.82305200636594,2880.0,21.863276403708795,206.06282077641384,,,,False,False,not_attempted,0,0,0,0,4,0,0.0,133.27983599845192,1976.0,False,,,False,1,0
proposed,static_frozen,48,2880.0,48.0,9,recovering,recovering,4 26 37 66,2053,1.2224938875305624,0.818,0.72,34.40686249105634,18.8,1,0,1,0.09333333333333332,0.09333333333333332,159.91638533969927,60.0,2940.0,0.0,0.0,0.0,1139.5955789000727,0.0,0.0,159.91638533969927,2940.0,18.942673376483093,94.50571738162398,,,,False,False,not_attempted,0,0,0,0,0,0,0.0,133.18650266511858,1976.0,False,,,False,0,0
proposed,static_frozen,49,2940.0,49.0,9,recovering,recovering,4 26 37 66,2053,1.1848341232227486,0.8440000000000001,0.76,34.46951821529238,18.816666666666666,1,1,0,17.271889395965673,17.271889395965673,177.18827473566495,113.68950281929726,3053.689502819297,0.0,0.0,0.0,1139.5955789000727,0.0,0.0,177.18827473566495,3053.689502819297,18.085428731296776,92.24266027613098,,,,False,False,not_attempted,0,0,0,0,150,84,0.56,130.01715364481836,1976.0,True,,,False,0,0
nn,adaptive,0,0.0,0.0,0,normal,initial,4 26 37 66,0,1.0,1.0,0.0,34.78037077224997,18.0,84,0,84,16.660400703942315,16.660400703942315,16.660400703942315,60.0,60.0,9.957765099941753,0.252319399965927,10.21008449990768,10.21008449990768,0.0,0.0,16.660400703942315,60.0,162.58793156149096,2761.487785832027,,,,False,False,initial_plan,0,0,0,0,97,0,0.0,177.83388229329896,0.0,False,,,True,10,10
nn,adaptive,1,60.0,1.0,0,normal,normal,4 26 37 66,0,1.0,1.0,0.0,34.78037077224997,18.016666666666666,84,0,84,2.671835477730445,2.671835477730445,19.332236181672762,60.0,120.0,0.0,0.0,0.0,10.21008449990768,0.0,0.0,19.332236181672762,120.0,144.89809698360446,2603.2770542730404,,,,False,False,not_attempted,0,0,0,0,24,0,0.0,177.65141542411558,0.0,False,,,False,9,10
nn,adaptive,2,120.0,2.0,0,normal,normal,4 26 37 66,0,1.0,1.0,0.0,34.78037077224997,18.033333333333335,84,6,78,2.2336491502253266,0.37227485837088775,21.565885331898087,60.0,180.0,0.0,0.0,0.0,10.21008449990768,0.0,0.0,21.565885331898087,180.0,142.35879798598543,2603.2770542730404,,,,False,False,not_attempted,0,0,0,0,25,0,0.0,177.33697396192156,239.0,False,,,False,9,4
nn,adaptive,3,180.0,3.0,0,normal,normal,4 26 37 66,0,1.0,1.0,0.0,34.78037077224997,18.05,78,4,74,4.632857667324735,1.1582144168311836,26.198742999222823,60.0,240.0,0.0,0.0,0.0,10.21008449990768,0.0,0.0,26.198742999222823,240.0,140.51455427701427,2575.2504365841983,,,,False,False,not_attempted,0,0,0,0,75,0,0.0,176.58965573332028,239.0,False,,,False,9,0
nn,adaptive,4,240.0,4.0,0,normal,normal,4 26 37 66,0,1.0,1.0,0.0,34.78037077224997,18.066666666666666,74,0,74,2.1890984112485845,2.1890984112485845,28.387841410471406,60.0,300.0,0.0,0.0,0.0,10.21008449990768,0.0,0.0,28.387841410471406,300.0,135.7776609100203,2453.4542174026838,,,,False,False,not_attempted,0,0,0,0,38,0,0.0,176.38162922177597,239.0,False,,,False,9,0
nn,adaptive,5,300.0,5.0,1,normal,normal,4 26 37 66,0,1.0,1.0,0.0,34.78037077224997,18.083333333333332,74,3,71,4.763597379502395,1.587865793167465,33.1514387899738,60.0,360.0,10.478195999981835,0.18183170002885163,10.660027700010687,20.870112199918367,0.0,0.0,33.1514387899738,360.0,128.7959290546367,2784.3357844494485,133.8378687044175,128.7959290546367,5.041939649780801,True,True,lower_residual_energy,2,25,2,25,105,0,0.0,175.72436508422112,402.0,False,,,True,9,0
nn,adaptive,6,360.0,6.0,1,normal,normal,4 26 37 66,0,1.0,1.0,0.0,34.78037077224997,18.1,71,2,69,4.485811166703238,2.242905583351619,37.63724995667704,60.0,420.0,0.0,0.0,0.0,20.870112199918367,0.0,0.0,37.63724995667704,420.0,123.61361357332132,2717.1313092372607,,,,False,False,not_attempted,0,0,0,0,59,0,0.0,173.98774183949396,422.0,False,,,False,9,0
nn,adaptive,7,420.0,7.0,1,normal,normal,4 26 37 66,0,1.0,1.0,0.0,34.78037077224997,18.116666666666667,69,3,66,2.9812824839435574,0.9937608279811858,40.6185324406206,60.0,480.0,0.0,0.0,0.0,20.870112199918367,0.0,0.0,40.6185324406206,480.0,118.92085678662227,2561.270737883113,,,,False,False,not_attempted,0,0,0,0,37,0,0.0,172.73804103501027,477.0,False,,,False,8,0
nn,adaptive,8,480.0,8.0,1,normal,normal,4 26 37 66,0,1.0,1.0,0.0,34.78037077224997,18.133333333333333,66,4,62,2.178098861828392,0.544524715457098,42.796631302448986,60.0,540.0,0.0,0.0,0.0,20.870112199918367,0.0,0.0,42.796631302448986,540.0,116.30503232303343,2561.270737883113,,,,False,False,not_attempted,0,0,0,0,45,0,0.0,172.64470770167694,647.0,False,,,False,8,0
nn,adaptive,9,540.0,9.0,1,normal,normal,4 26 37 66,0,1.0,1.0,0.0,34.78037077224997,18.15,62,2,60,1.8453221570217784,0.9226610785108892,44.64195345947076,60.0,600.0,0.0,0.0,0.0,20.870112199918367,0.0,0.0,44.64195345947076,600.0,114.16194557950111,2541.1547650102475,,,,False,False,not_attempted,0,0,0,0,56,0,0.0,172.53888579406538,647.0,False,,,False,7,0
nn,adaptive,10,600.0,10.0,2,degrading,degrading,4 26 37 66,0,1.0,1.0,0.0,34.78037077224997,18.166666666666668,60,3,57,3.0870488429308645,1.0290162809769547,47.729002302401625,60.0,660.0,6.220000796020031e-05,0.11774460005108267,0.11780680005904287,20.98791899997741,0.0,0.0,47.729002302401625,660.0,112.11863421063464,2395.4798719351247,112.11863421063464,113.9377236595066,-1.8190894488719636,True,False,incumbent_not_worse,5,31,0,0,64,0,0.0,172.28418379893967,647.0,False,,,True,7,0
nn,adaptive,11,660.0,11.0,2,degrading,degrading,4 26 37 66,2053,1.06951871657754,0.935,0.0,34.662799164863586,18.183333333333334,57,2,55,1.5152720556787767,0.7576360278393883,49.2442743580804,60.0,720.0,0.0,0.0,0.0,20.98791899997741,0.0,0.0,49.2442743580804,720.0,112.71724896339846,2399.7069770082653,,,,False,False,not_attempted,0,0,0,0,27,5,0.18518518518518517,172.2499756154787,659.0,False,,,False,7,0
nn,adaptive,12,720.0,12.0,2,degrading,degrading,4 26 37 66,2053,1.1494252873563218,0.87,0.0,34.52863750057551,18.2,55,1,54,1.4390052930698463,1.4390052930698463,50.68327965115025,60.0,780.0,0.0,0.0,0.0,20.98791899997741,0.0,0.0,50.68327965115025,780.0,114.41778334829354,2262.3567794397977,,,,False,False,not_attempted,0,0,0,0,30,14,0.4666666666666667,172.0431283184309,743.0,False,,,False,7,0
nn,adaptive,13,780.0,13.0,2,degrading,degrading,4 26 37 66,2053,1.2422360248447206,0.8049999999999999,0.0,34.37410779707679,18.216666666666665,54,4,50,3.3065597920201917,0.8266399480050479,53.98983944317044,60.0,840.0,0.0,0.0,0.0,20.98791899997741,0.0,0.0,53.98983944317044,840.0,117.05199929013578,2267.9339784159365,,,,False,False,not_attempted,0,0,0,0,34,4,0.11764705882352941,171.06531426806038,843.0,False,,,False,7,0
nn,adaptive,14,840.0,14.0,2,degrading,degrading,4 26 37 66,2053,1.3513513513513513,0.74,0.0,34.194190717748114,18.233333333333334,50,0,50,3.433581092340529,3.433581092340529,57.42342053551097,60.0,900.0,0.0,0.0,0.0,20.98791899997741,0.0,0.0,57.42342053551097,900.0,118.18320707765206,2263.4368727482297,,,,False,False,not_attempted,0,0,0,0,57,0,0.0,169.89259805939562,843.0,False,,,False,7,0
nn,adaptive,15,900.0,15.0,3,degrading,degrading,4 26 37 66,2053,1.4814814814814814,0.675,0.0,33.98207009341471,18.25,50,2,48,2.6737249529416403,1.3368624764708201,60.09714548845261,60.0,960.0,10.450479799997993,0.07656630000565201,10.527046100003645,31.514965099981055,0.0,0.0,60.09714548845261,960.0,115.56511853025586,2892.6907293779896,119.79150551059621,115.56511853025586,4.226386980340351,True,True,lower_residual_energy,0,12,0,12,27,4,0.14814814814814814,168.89558443272298,853.0,False,,,True,7,0
nn,adaptive,16,960.0,16.0,3,degrading,degrading,4 26 37 66,2053,1.639344262295082,0.61,0.0,33.72824984891458,18.266666666666666,48,2,46,1.7957264365073604,0.8978632182536802,61.89287192495997,60.0,1020.0,0.0,0.0,0.0,31.514965099981055,0.0,0.0,61.89287192495997,1020.0,118.38897472721035,2848.394788032402,,,,False,False,not_attempted,0,0,0,0,18,0,0.0,168.51699308696035,1087.0,False,,,False,7,0
nn,adaptive,17,1020.0,17.0,3,degrading,degrading,4 26 37 66,2053,1.8348623853211008,0.545,0.0,33.41909336387101,18.283333333333335,46,4,42,3.206471370025754,0.8016178425064385,65.09934329498573,60.0,1080.0,0.0,0.0,0.0,31.514965099981055,0.0,0.0,65.09934329498573,1080.0,122.44503646656082,2853.8379431061267,,,,False,False,not_attempted,0,0,0,0,62,3,0.04838709677419355,168.03553448215166,1087.0,False,,,False,7,0
nn,adaptive,18,1080.0,18.0,3,degrading,degrading,4 26 37 66,2053,2.0833333333333335,0.48,0.0,33.03429063990616,18.3,42,1,41,1.5976628286208734,1.5976628286208734,66.6970061236066,60.0,1140.0,0.0,0.0,0.0,31.514965099981055,0.0,0.0,66.6970061236066,1140.0,124.69073497414584,2741.1888546597274,,,,False,False,not_attempted,0,0,0,0,15,0,0.0,167.94220114881833,1087.0,False,,,False,6,0
nn,adaptive,19,1140.0,19.0,3,degrading,degrading,4 26 37 66,2053,2.409638554216868,0.4149999999999999,0.0,32.54220704861389,18.316666666666666,41,3,38,1.8810862766671173,0.6270287588890391,68.57809240027372,60.0,1200.0,0.0,0.0,0.0,31.514965099981055,0.0,0.0,68.57809240027372,1200.0,130.05047100973044,2819.005030524772,,,,False,False,not_attempted,0,0,0,0,24,0,0.0,167.75823913936796,1138.0,False,,,False,6,0
nn,adaptive,20,1200.0,20.0,4,disrupted,holding,4 26 37 66,2053,2.857142857142857,0.35,0.0,31.890711724713366,18.333333333333332,38,3,35,2.380908680797698,0.793636226932566,70.95900108107142,60.0,1260.0,10.846273000002839,0.047042699996382,10.89331569999922,42.408280799980275,0.0,0.0,70.95900108107142,1260.0,135.72244629222124,3137.43740311263,135.72244629222124,141.85374785302287,-6.1313015608016315,True,False,incumbent_not_worse,0,1,0,0,38,0,0.0,167.3196295853479,1270.0,False,,,True,6,0
nn,adaptive,21,1260.0,21.0,4,disrupted,disrupted,4 26 37 66,2053,2.857142857142857,0.35,0.0,31.890711724713366,18.35,35,0,35,0.8584901880988516,0.8584901880988516,71.81749126917028,60.0,1320.0,0.0,0.0,0.0,42.408280799980275,0.0,0.0,71.81749126917028,1320.0,132.82293075772597,3002.3562656650065,,,,False,False,not_attempted,0,0,0,0,8,0,0.0,167.22629625201458,1270.0,False,,,False,6,0
nn,adaptive,22,1320.0,22.0,4,disrupted,disrupted,4 26 37 66,2053,2.857142857142857,0.35,0.0,31.890711724713366,18.366666666666667,35,5,30,4.474415270167499,0.8948830540334998,76.29190653933777,60.0,1380.0,0.0,0.0,0.0,42.408280799980275,0.0,0.0,76.29190653933777,1380.0,132.35562367203156,3002.3562656650065,,,,False,False,not_attempted,0,0,0,0,39,0,0.0,166.57511497434888,1351.0,False,,,False,6,0
nn,adaptive,23,1380.0,23.0,4,disrupted,disrupted,4 26 37 66,2053,2.857142857142857,0.35,0.0,31.890711724713366,18.383333333333333,30,1,29,1.2323605306883838,1.2323605306883838,77.52426707002616,60.0,1440.0,0.0,0.0,0.0,42.408280799980275,0.0,0.0,77.52426707002616,1440.0,127.40031362569424,2853.6859348413445,,,,False,False,not_attempted,0,0,0,0,9,0,0.0,166.48178164101554,1351.0,False,,,False,6,0
nn,adaptive,24,1440.0,24.0,4,disrupted,disrupted,4 26 37 66,2053,2.857142857142857,0.35,0.0,31.890711724713366,18.4,29,2,27,0.9513167321814071,0.47565836609070355,78.47558380220757,60.0,1500.0,0.0,0.0,0.0,42.408280799980275,0.0,0.0,78.47558380220757,1500.0,126.27516967841905,2853.6859348413445,,,,False,False,not_attempted,0,0,0,0,25,0,0.0,166.06658538670334,1351.0,False,,,False,6,0
nn,adaptive,25,1500.0,25.0,5,disrupted,disrupted,4 26 37 66,2053,2.857142857142857,0.35,0.0,31.890711724713366,18.416666666666668,27,4,23,5.1606971194551425,1.2901742798637856,83.6362809216627,60.0,1560.0,5.6699966080486774e-05,0.019988999934867024,0.02004569990094751,42.42832649988122,0.0,0.0,83.6362809216627,1560.0,125.78412529287213,2838.9481945766784,125.78412529287213,131.91542685367375,-6.131301560801617,True,False,incumbent_not_worse,0,1,0,0,38,0,0.0,163.5701400794821,1594.0,False,,,True,6,0
nn,adaptive,26,1560.0,26.0,5,disrupted,disrupted,4 26 37 66,2053,2.857142857142857,0.35,0.0,31.890711724713366,18.433333333333334,23,0,23,2.4589476917597493,2.4589476917597493,86.09522861342245,60.0,1620.0,0.0,0.0,0.0,42.42832649988122,0.0,0.0,86.09522861342245,1620.0,120.01017560751467,2778.823676194063,,,,False,False,not_attempted,0,0,0,0,14,0,0.0,163.2925877855513,1594.0,False,,,False,6,0
nn,adaptive,27,1620.0,27.0,5,disrupted,disrupted,4 26 37 66,2053,2.857142857142857,0.35,0.0,31.890711724713366,18.45,23,3,20,2.131197310401263,0.7103991034670877,88.22642592382371,60.0,1680.0,0.0,0.0,0.0,42.42832649988122,0.0,0.0,88.22642592382371,1680.0,117.80409950468362,2657.6987439444515,,,,False,False,not_attempted,0,0,0,0,25,0,0.0,163.19925445221796,1820.0,False,,,False,6,0
nn,adaptive,28,1680.0,28.0,5,disrupted,disrupted,4 26 37 66,2053,2.857142857142857,0.35,0.0,31.890711724713366,18.466666666666665,20,3,17,5.160827261595764,1.7202757538652547,93.38725318541948,60.0,1740.0,0.0,0.0,0.0,42.42832649988122,0.0,0.0,93.38725318541948,1740.0,116.02155922055547,2657.6987439444515,,,,False,False,not_attempted,0,0,0,0,66,0,0.0,161.9126948831055,1820.0,False,,,False,6,0
nn,adaptive,29,1740.0,29.0,5,disrupted,disrupted,4 26 37 66,2053,2.857142857142857,0.35,0.0,31.890711724713366,18.483333333333334,17,0,17,3.179634874755252,3.179634874755252,96.56688806017473,60.0,1800.0,0.0,0.0,0.0,42.42832649988122,0.0,0.0,96.56688806017473,1800.0,110.20059507328071,2499.7917882437323,,,,False,False,not_attempted,0,0,0,0,27,0,0.0,161.81936154977217,1820.0,False,,,False,6,0
nn,adaptive,30,1800.0,30.0,6,recovering,recovering,4 26 37 66,2053,2.857142857142857,0.35,0.0,31.890711724713366,18.5,17,2,15,0.9426330562035504,0.4713165281017752,97.50952111637828,60.0,1860.0,5.809997674077749e-05,0.004976700060069561,0.0050348000368103385,42.43336129991803,0.0,0.0,97.50952111637828,1860.0,107.22438736420268,2499.7917882437323,107.22438736420268,113.35568892500432,-6.1313015608016315,True,False,incumbent_not_worse,0,1,0,0,6,0,0.0,161.44307931073052,1820.0,False,,,True,5,0
nn,adaptive,31,1860.0,31.0,6,recovering,recovering,4 26 37 66,2053,2.6595744680851063,0.376,0.04,32.17509521684179,18.516666666666666,15,4,11,3.134900017750459,0.7837250044376147,100.64442113412873,60.0,1920.0,0.0,0.0,0.0,42.43336129991803,0.0,0.0,100.64442113412873,1920.0,104.78428864889874,2212.2296191067844,,,,False,False,not_attempted,0,0,0,0,48,0,0.0,160.41187572788363,1923.0,False,,,False,5,0
nn,adaptive,32,1920.0,32.0,6,recovering,recovering,4 26 37 66,2053,2.4875621890547266,0.40199999999999997,0.08,32.42685537164387,18.533333333333335,11,0,11,4.579417899190794,4.579417899190794,105.22383903331954,60.0,1980.0,0.0,0.0,0.0,42.43336129991803,0.0,0.0,105.22383903331954,1980.0,97.68637775986065,2110.6557815046253,,,,False,False,not_attempted,0,0,0,0,29,0,0.0,159.48133841853547,1923.0,False,,,False,5,0
nn,adaptive,33,1980.0,33.0,6,recovering,recovering,4 26 37 66,2053,2.336448598130841,0.428,0.12,32.65130129753112,18.55,11,1,10,0.9650576248432119,0.9650576248432119,106.18889665816275,60.0,2040.0,0.0,0.0,0.0,42.43336129991803,0.0,0.0,106.18889665816275,2040.0,90.09132852273343,2016.3484427411827,,,,False,False,not_attempted,0,0,0,0,19,0,0.0,158.97696277189016,1923.0,False,,,False,4,0
nn,adaptive,34,2040.0,34.0,6,recovering,recovering,4 26 37 66,2053,2.2026431718061676,0.45399999999999996,0.16,32.852649376711604,18.566666666666666,10,2,8,2.0586082150746217,1.0293041075373108,108.24750487323738,60.0,2100.0,0.0,0.0,0.0,42.43336129991803,0.0,0.0,108.24750487323738,2100.0,86.51307026611097,1922.9161584703338,,,,False,False,not_attempted,0,0,0,0,82,0,0.0,158.38633200774927,1923.0,False,,,False,4,0
nn,adaptive,35,2100.0,35.0,7,recovering,recovering,4 26 37 66,2053,2.0833333333333335,0.48,0.2,33.03429063990616,18.583333333333332,8,0,8,2.5765978510769942,2.5765978510769942,110.82410272431437,60.0,2160.0,10.96256680006627,0.003613400040194392,10.966180200106464,53.3995415000245,0.0,0.0,110.82410272431437,2160.0,82.03572827727987,1840.7387111967046,82.03572827727987,86.53741885045058,-4.5016905731707055,True,False,incumbent_not_worse,1,1,0,0,56,0,0.0,157.91241414221608,1923.0,False,,,True,4,0
nn,adaptive,36,2160.0,36.0,7,recovering,recovering,4 26 37 66,2053,1.976284584980237,0.506,0.24,33.198983296359664,18.6,8,0,8,1.7797015674263905,1.7797015674263905,112.60380429174076,60.0,2220.0,0.0,0.0,0.0,53.3995415000245,0.0,0.0,112.60380429174076,2220.0,76.34352004970275,1750.1516739794467,,,,False,False,not_attempted,0,0,0,0,40,0,0.0,156.82470077873907,1923.0,False,,,False,2,0
nn,adaptive,37,2220.0,37.0,7,recovering,recovering,4 26 37 66,2053,1.8796992481203008,0.532,0.28,33.34899377229633,18.616666666666667,8,2,6,1.3782129526207632,0.6891064763103816,113.98201724436151,60.0,2280.0,0.0,0.0,0.0,53.3995415000245,0.0,0.0,113.98201724436151,2280.0,72.82671945424002,1664.1055419995005,,,,False,False,not_attempted,0,0,0,0,7,2,0.2857142857142857,155.82253893428856,1937.0,False,,,False,2,0
nn,adaptive,38,2280.0,38.0,7,recovering,recovering,4 26 37 66,2053,1.7921146953405016,0.558,0.32,33.486201638691476,18.633333333333333,6,0,6,0.2807474335158773,0.2807474335158773,114.26276467787739,60.0,2340.0,0.0,0.0,0.0,53.3995415000245,0.0,0.0,114.26276467787739,2340.0,69.31487146519544,1476.400585142586,,,,False,False,not_attempted,0,0,0,0,0,0,0.0,155.72920560095523,1937.0,False,,,False,2,0
nn,adaptive,39,2340.0,39.0,7,recovering,recovering,4 26 37 66,2053,1.7123287671232879,0.584,0.36,33.61217877341451,18.65,6,1,5,0.3428471097367046,0.3428471097367046,114.6056117876141,60.0,2400.0,0.0,0.0,0.0,53.3995415000245,0.0,0.0,114.6056117876141,2400.0,67.06831605865895,1458.3345452467024,,,,False,False,not_attempted,0,0,0,0,1,1,1.0,155.47969182455185,1937.0,False,,,False,1,0
nn,adaptive,40,2400.0,40.0,8,recovering,recovering,4 26 37 66,2053,1.639344262295082,0.61,0.4,33.72824984891458,18.666666666666668,5,1,4,0.705612449933044,0.705612449933044,115.31122423754714,60.0,2460.0,10.596137700020336,0.0009908000938594341,10.597128500114195,63.99667000013869,0.0,0.0,115.31122423754714,2460.0,64.82727116806704,1435.7569674628448,64.82727116806704,64.82727116806704,0.0,True,False,incumbent_not_worse,0,0,0,0,2,2,1.0,154.84189252431722,1996.0,False,,,True,1,0
nn,adaptive,41,2460.0,41.0,8,recovering,recovering,4 26 37 66,2053,1.572327044025157,0.636,0.44,33.83553909057353,18.683333333333334,4,0,4,0.09333333333333332,0.09333333333333332,115.40455757088047,60.0,2520.0,0.0,0.0,0.0,63.99667000013869,0.0,0.0,115.40455757088047,2520.0,61.74313529427843,1267.641366895291,,,,False,False,not_attempted,0,0,0,0,0,0,0.0,154.74855919098388,1996.0,False,,,False,1,0
nn,adaptive,42,2520.0,42.0,8,recovering,recovering,4 26 37 66,2053,1.5105740181268883,0.6619999999999999,0.48,33.93500680882702,18.7,4,1,3,0.4083641911164664,0.4083641911164664,115.81292176199693,60.0,2580.0,0.0,0.0,0.0,63.99667000013869,0.0,0.0,115.81292176199693,2580.0,59.511125414537325,1255.1899656494202,,,,False,False,not_attempted,0,0,0,0,3,3,1.0,154.34019499986744,1996.0,False,,,False,1,0
nn,adaptive,43,2580.0,43.0,8,recovering,recovering,4 26 37 66,2053,1.4534883720930234,0.688,0.52,34.0274782225581,18.716666666666665,3,0,3,1.0248772938753392,1.0248772938753392,116.83779905587227,60.0,2640.0,0.0,0.0,0.0,63.99667000013869,0.0,0.0,116.83779905587227,2640.0,56.94306896756003,1207.2377021113793,,,,False,False,not_attempted,0,0,0,0,12,2,0.16666666666666666,153.31531770599207,1996.0,False,,,False,1,0
nn,adaptive,44,2640.0,44.0,8,recovering,recovering,4 26 37 66,2053,1.400560224089636,0.714,0.56,34.113666407032305,18.733333333333334,3,0,3,2.5141548244185716,2.5141548244185716,119.35195388029084,60.0,2700.0,0.0,0.0,0.0,63.99667000013869,0.0,0.0,119.35195388029084,2700.0,54.209132877739314,1147.1506578758435,,,,False,False,not_attempted,0,0,0,0,11,8,0.7272727272727273,150.80116288157356,1996.0,False,,,False,1,0
nn,adaptive,45,2700.0,45.0,9,recovering,recovering,4 26 37 66,2053,1.3513513513513513,0.74,0.6,34.194190717748114,18.75,3,0,3,0.09333333333333332,0.09333333333333332,119.44528721362417,60.0,2760.0,10.663862899993546,0.0004790000384673476,10.664341900032014,74.6610119001707,0.0,0.0,119.44528721362417,2760.0,49.97213961270168,969.2672984560251,49.97213961270168,49.97213961270168,0.0,True,False,incumbent_not_worse,0,0,0,0,0,0,0.0,150.70782954824023,1996.0,False,,,True,1,0
nn,adaptive,46,2760.0,46.0,9,recovering,recovering,4 26 37 66,2053,1.3054830287206267,0.766,0.64,34.26959169765464,18.766666666666666,3,1,2,0.275292657516687,0.275292657516687,119.72057987114086,60.0,2820.0,0.0,0.0,0.0,74.6610119001707,0.0,0.0,119.72057987114086,2820.0,48.50229771274027,958.2220511851743,,,,False,False,not_attempted,0,0,0,0,1,1,1.0,150.43253689072355,1996.0,False,,,False,1,0
nn,adaptive,47,2820.0,47.0,9,recovering,recovering,4 26 37 66,2053,1.2626262626262625,0.792,0.68,34.34034322669782,18.783333333333335,2,0,2,0.8236860717179324,0.8236860717179324,120.54426594285879,60.0,2880.0,0.0,0.0,0.0,74.6610119001707,0.0,0.0,120.54426594285879,2880.0,46.4334095599298,947.1639475549173,,,,False,False,not_attempted,0,0,0,0,3,3,1.0,149.60885081900565,1996.0,False,,,False,1,0
nn,adaptive,48,2880.0,48.0,9,recovering,recovering,4 26 37 66,2053,1.2224938875305624,0.818,0.72,34.40686249105634,18.8,2,0,2,0.09333333333333332,0.09333333333333332,120.63759927619212,60.0,2940.0,0.0,0.0,0.0,74.6610119001707,0.0,0.0,120.63759927619212,2940.0,44.50549143652901,805.7213310995128,,,,False,False,not_attempted,0,0,0,0,0,0,0.0,149.51551748567232,1996.0,False,,,False,1,0
nn,adaptive,49,2940.0,49.0,9,recovering,recovering,4 26 37 66,2053,1.1848341232227486,0.8440000000000001,0.76,34.46951821529238,18.816666666666666,2,1,1,0.5338707916228426,0.5338707916228426,121.17147006781497,60.0,3000.0,0.0,0.0,0.0,74.6610119001707,0.0,0.0,121.17147006781497,3000.0,43.19476785393872,801.5546715258546,,,,False,False,not_attempted,0,0,0,0,1,1,1.0,148.98164669404946,1996.0,False,,,False,1,0
nn,adaptive,50,3000.0,50.0,10,recovering,recovering,4 26 37 66,2053,1.1494252873563218,0.87,0.8,34.52863750057551,18.833333333333332,1,0,1,0.8216733099190772,0.8216733099190772,121.99314337773404,60.0,3060.0,10.62200880004093,0.0003198999911546707,10.622328700032085,85.28334060020279,0.0,0.0,121.99314337773404,3060.0,41.502392909499875,765.0847030554903,41.502392909499875,41.502392909499875,0.0,True,False,incumbent_not_worse,0,0,0,0,11,4,0.36363636363636365,148.15997338413035,1996.0,False,,,True,1,0
nn,adaptive,51,3060.0,51.0,10,recovering,recovering,4 26 37 66,2053,1.1160714285714286,0.896,0.84,34.58451153678982,18.85,1,0,1,2.5393272552400448,2.5393272552400448,124.53247063297408,60.0,3120.0,0.0,0.0,0.0,85.28334060020279,0.0,0.0,124.53247063297408,3120.0,39.650726888784234,700.4391089221275,,,,False,False,not_attempted,0,0,0,0,16,10,0.625,145.62064612889031,1996.0,False,,,False,1,0
nn,adaptive,52,3120.0,52.0,10,recovering,recovering,4 26 37 66,2053,1.0845986984815619,0.922,0.88,34.63740039910128,18.866666666666667,1,0,1,0.09333333333333332,0.09333333333333332,124.62580396630742,60.0,3180.0,0.0,0.0,0.0,85.28334060020279,0.0,0.0,124.62580396630742,3180.0,36.05419836947508,528.5685132093714,,,,False,False,not_attempted,0,0,0,0,0,0,0.0,145.52731279555698,1996.0,False,,,False,0,0
nn,adaptive,53,3180.0,53.0,10,recovering,recovering,4 26 37 66,2053,1.0548523206751055,0.9480000000000001,0.92,34.68753709573154,18.883333333333333,1,1,0,33.21297058407819,33.21297058407819,157.8387745503856,550.1302364850497,3730.13023648505,0.0,0.0,0.0,85.28334060020279,0.0,0.0,157.8387745503856,3730.13023648505,35.158750944449736,527.94726558783,,,,False,False,not_attempted,0,0,0,0,503,38,0.07554671968190854,139.60337299701104,1996.0,True,,,False,0,0
nn,static_live,0,0.0,0.0,0,normal,initial,4 26 37 66,0,1.0,1.0,0.0,34.78037077224997,18.0,84,0,84,16.660400703942315,16.660400703942315,16.660400703942315,60.0,60.0,9.957765099941753,0.252319399965927,10.21008449990768,10.21008449990768,0.0,0.0,16.660400703942315,60.0,162.58793156149096,2761.487785832027,,,,False,False,initial_plan,0,0,0,0,97,0,0.0,177.83388229329896,0.0,False,,,True,10,10
nn,static_live,1,60.0,1.0,0,normal,normal,4 26 37 66,0,1.0,1.0,0.0,34.78037077224997,18.016666666666666,84,0,84,2.671835477730445,2.671835477730445,19.332236181672762,60.0,120.0,0.0,0.0,0.0,10.21008449990768,0.0,0.0,19.332236181672762,120.0,144.89809698360446,2603.2770542730404,,,,False,False,not_attempted,0,0,0,0,24,0,0.0,177.65141542411558,0.0,False,,,False,9,10
nn,static_live,2,120.0,2.0,0,normal,normal,4 26 37 66,0,1.0,1.0,0.0,34.78037077224997,18.033333333333335,84,6,78,2.2336491502253266,0.37227485837088775,21.565885331898087,60.0,180.0,0.0,0.0,0.0,10.21008449990768,0.0,0.0,21.565885331898087,180.0,142.35879798598543,2603.2770542730404,,,,False,False,not_attempted,0,0,0,0,25,0,0.0,177.33697396192156,239.0,False,,,False,9,4
nn,static_live,3,180.0,3.0,0,normal,normal,4 26 37 66,0,1.0,1.0,0.0,34.78037077224997,18.05,78,4,74,4.632857667324735,1.1582144168311836,26.198742999222823,60.0,240.0,0.0,0.0,0.0,10.21008449990768,0.0,0.0,26.198742999222823,240.0,140.51455427701427,2575.2504365841983,,,,False,False,not_attempted,0,0,0,0,75,0,0.0,176.58965573332028,239.0,False,,,False,9,0
nn,static_live,4,240.0,4.0,0,normal,normal,4 26 37 66,0,1.0,1.0,0.0,34.78037077224997,18.066666666666666,74,0,74,2.1890984112485845,2.1890984112485845,28.387841410471406,60.0,300.0,0.0,0.0,0.0,10.21008449990768,0.0,0.0,28.387841410471406,300.0,135.7776609100203,2453.4542174026838,,,,False,False,not_attempted,0,0,0,0,38,0,0.0,176.38162922177597,239.0,False,,,False,9,0
nn,static_live,5,300.0,5.0,1,normal,normal,4 26 37 66,0,1.0,1.0,0.0,34.78037077224997,18.083333333333332,74,3,71,4.763597379502395,1.587865793167465,33.1514387899738,60.0,360.0,0.0,0.0,0.0,10.21008449990768,0.0,0.0,33.1514387899738,360.0,133.8378687044175,2453.4542174026838,,,,False,False,not_attempted,0,0,0,0,105,0,0.0,175.72436508422112,402.0,False,,,False,9,0
nn,static_live,6,360.0,6.0,1,normal,normal,4 26 37 66,0,1.0,1.0,0.0,34.78037077224997,18.1,71,2,69,4.5988841917568095,2.2994420958784048,37.75032298173061,60.0,420.0,0.0,0.0,0.0,10.21008449990768,0.0,0.0,37.75032298173061,420.0,128.65555322310212,2295.479016670314,,,,False,False,not_attempted,0,0,0,0,68,0,0.0,173.98774183949396,422.0,False,,,False,9,0
nn,static_live,7,420.0,7.0,1,normal,normal,4 26 37 66,0,1.0,1.0,0.0,34.78037077224997,18.116666666666667,69,3,66,4.0596296318654135,1.353209877288471,41.809952613596025,60.0,480.0,0.0,0.0,0.0,10.21008449990768,0.0,0.0,41.809952613596025,480.0,123.9692432558826,2295.479016670314,,,,False,False,not_attempted,0,0,0,0,59,0,0.0,172.73804103501027,477.0,False,,,False,8,0
nn,static_live,8,480.0,8.0,1,normal,normal,4 26 37 66,0,1.0,1.0,0.0,34.78037077224997,18.133333333333333,66,3,63,2.9617497333409846,0.9872499111136616,44.77170234693701,60.0,540.0,0.0,0.0,0.0,10.21008449990768,0.0,0.0,44.77170234693701,540.0,120.21492095922403,2165.047520150499,,,,False,False,not_attempted,0,0,0,0,53,0,0.0,172.64470770167694,647.0,False,,,False,8,0
nn,static_live,9,540.0,9.0,1,normal,normal,4 26 37 66,0,1.0,1.0,0.0,34.78037077224997,18.15,63,2,61,1.3608862693802408,0.6804431346901204,46.13258861631725,60.0,600.0,0.0,0.0,0.0,10.21008449990768,0.0,0.0,46.13258861631725,600.0,117.0907644351915,2165.047520150499,,,,False,False,not_attempted,0,0,0,0,35,0,0.0,172.53888579406538,647.0,False,,,False,8,0
nn,static_live,10,600.0,10.0,2,degrading,degrading,4 26 37 66,0,1.0,1.0,0.0,34.78037077224997,18.166666666666668,61,4,57,3.361017409988798,0.8402543524971995,49.49360602630605,60.0,660.0,0.0,0.0,0.0,10.21008449990768,0.0,0.0,49.49360602630605,660.0,115.72549646918236,2159.671519313145,,,,False,False,not_attempted,0,0,0,0,46,0,0.0,172.28418379893967,647.0,False,,,False,8,0
nn,static_live,11,660.0,11.0,2,degrading,degrading,4 26 37 66,2053,1.06951871657754,0.935,0.0,34.662799164863586,18.183333333333334,57,1,56,3.9899127692567804,3.9899127692567804,53.48351879556283,60.0,720.0,0.0,0.0,0.0,10.21008449990768,0.0,0.0,53.48351879556283,720.0,116.26656620514599,2107.658589214259,,,,False,False,not_attempted,0,0,0,0,35,10,0.2857142857142857,170.6107783742012,659.0,False,,,False,8,0
nn,static_live,12,720.0,12.0,2,degrading,degrading,4 26 37 66,2053,1.1494252873563218,0.87,0.0,34.52863750057551,18.2,56,2,54,2.6957554546533595,1.3478777273266798,56.17927425021619,60.0,780.0,0.0,0.0,0.0,10.21008449990768,0.0,0.0,56.17927425021619,780.0,116.02105277379628,1990.5333032893004,,,,False,False,not_attempted,0,0,0,0,41,8,0.1951219512195122,170.20338483629783,743.0,False,,,False,8,0
nn,static_live,13,780.0,13.0,2,degrading,degrading,4 26 37 66,2053,1.2422360248447206,0.8049999999999999,0.0,34.37410779707679,18.216666666666665,54,2,52,3.7439188035552218,1.8719594017776109,59.92319305377141,60.0,840.0,0.0,0.0,0.0,10.21008449990768,0.0,0.0,59.92319305377141,840.0,117.80790632638355,2057.9293920047703,,,,False,False,not_attempted,0,0,0,0,58,0,0.0,170.1100515029645,843.0,False,,,False,8,0
nn,static_live,14,840.0,14.0,2,degrading,degrading,4 26 37 66,2053,1.3513513513513513,0.74,0.0,34.194190717748114,18.233333333333334,52,2,50,5.417164212335746,2.708582106167873,65.34035726610716,60.0,900.0,0.0,0.0,0.0,10.21008449990768,0.0,0.0,65.34035726610716,900.0,118.82285322847011,2044.638966021236,,,,False,False,not_attempted,0,0,0,0,33,3,0.09090909090909091,167.71471727564924,843.0,False,,,False,8,0
nn,static_live,15,900.0,15.0,3,degrading,degrading,4 26 37 66,2053,1.4814814814814814,0.675,0.0,33.98207009341471,18.25,50,2,48,3.571883269327988,1.785941634663994,68.91224053543515,60.0,960.0,0.0,0.0,0.0,10.21008449990768,0.0,0.0,68.91224053543515,960.0,117.65768849870405,1902.3048449308117,,,,False,False,not_attempted,0,0,0,0,40,0,0.0,166.20343873996322,853.0,False,,,False,8,0
nn,static_live,16,960.0,16.0,3,degrading,degrading,4 26 37 66,2053,1.639344262295082,0.61,0.0,33.72824984891458,18.266666666666666,48,4,44,5.661409693230894,1.4153524233077235,74.57365022866604,60.0,1020.0,0.0,0.0,0.0,10.21008449990768,0.0,0.0,74.57365022866604,1020.0,119.50403812001149,1929.2731416676781,,,,False,False,not_attempted,0,0,0,0,67,3,0.04477611940298507,164.72423250848738,1087.0,False,,,False,8,0
nn,static_live,17,1020.0,17.0,3,degrading,degrading,4 26 37 66,2053,1.8348623853211008,0.545,0.0,33.41909336387101,18.283333333333335,44,0,44,2.6719956132715548,2.6719956132715548,77.24564584193759,60.0,1080.0,0.0,0.0,0.0,10.21008449990768,0.0,0.0,77.24564584193759,1080.0,119.08352548117311,1892.300428568517,,,,False,False,not_attempted,0,0,0,0,21,6,0.2857142857142857,164.47158796189908,1087.0,False,,,False,8,0
nn,static_live,18,1080.0,18.0,3,degrading,degrading,4 26 37 66,2053,2.0833333333333335,0.48,0.0,33.03429063990616,18.3,44,4,40,4.141768429476316,1.035442107369079,81.3874142714139,60.0,1140.0,0.0,0.0,0.0,10.21008449990768,0.0,0.0,81.3874142714139,1140.0,122.26040599353992,1926.8541457903777,,,,False,False,not_attempted,0,0,0,0,52,4,0.07692307692307693,164.37825462856574,1087.0,False,,,False,8,0
nn,static_live,19,1140.0,19.0,3,degrading,degrading,4 26 37 66,2053,2.409638554216868,0.4149999999999999,0.0,32.54220704861389,18.316666666666666,40,2,38,2.555900475260478,1.277950237630239,83.94331474667437,60.0,1200.0,0.0,0.0,0.0,10.21008449990768,0.0,0.0,83.94331474667437,1200.0,123.51911263481821,2152.8359952313162,,,,False,False,not_attempted,0,0,0,0,70,0,0.0,164.2614882390681,1087.0,False,,,False,8,0
nn,static_live,20,1200.0,20.0,4,disrupted,holding,4 26 37 66,2053,2.857142857142857,0.35,0.0,31.890711724713366,18.333333333333332,38,3,35,3.2380290848987614,1.079343028299587,87.18134383157313,60.0,1260.0,0.0,0.0,0.0,10.21008449990768,0.0,0.0,87.18134383157313,1260.0,127.45271157141238,2225.141598487946,,,,False,False,not_attempted,0,0,0,0,33,0,0.0,164.16815490573475,1270.0,False,,,False,7,0
nn,static_live,21,1260.0,21.0,4,disrupted,disrupted,4 26 37 66,2053,2.857142857142857,0.35,0.0,31.890711724713366,18.35,35,2,33,1.4099836136896915,0.7049918068448457,88.59132744526282,60.0,1320.0,0.0,0.0,0.0,10.21008449990768,0.0,0.0,88.59132744526282,1320.0,124.10098478147148,2090.4392312202963,,,,False,False,not_attempted,0,0,0,0,22,0,0.0,164.1089189552412,1270.0,False,,,False,7,0
nn,static_live,22,1320.0,22.0,4,disrupted,disrupted,4 26 37 66,2053,2.857142857142857,0.35,0.0,31.890711724713366,18.366666666666667,33,4,29,3.4092646509923767,0.8523161627480942,92.00059209625519,60.0,1380.0,0.0,0.0,0.0,10.21008449990768,0.0,0.0,92.00059209625519,1380.0,122.97899741824139,2090.4392312202963,,,,False,False,not_attempted,0,0,0,0,29,0,0.0,164.1089189552412,1351.0,False,,,False,7,0
nn,static_live,23,1380.0,23.0,4,disrupted,disrupted,4 26 37 66,2053,2.857142857142857,0.35,0.0,31.890711724713366,18.383333333333333,29,2,27,7.778731698610599,3.8893658493052996,99.77932379486579,60.0,1440.0,0.0,0.0,0.0,10.21008449990768,0.0,0.0,99.77932379486579,1440.0,119.4355654994559,2052.1950075364293,,,,False,False,not_attempted,0,0,0,0,65,5,0.07692307692307693,163.7818371328011,1351.0,False,,,False,7,0
nn,static_live,24,1440.0,24.0,4,disrupted,disrupted,4 26 37 66,2053,2.857142857142857,0.35,0.0,31.890711724713366,18.4,27,1,26,3.489864631972554,3.489864631972554,103.26918842683834,60.0,1500.0,0.0,0.0,0.0,10.21008449990768,0.0,0.0,103.26918842683834,1500.0,111.52442456508487,1989.5594534904747,,,,False,False,not_attempted,0,0,0,0,37,1,0.02702702702702703,163.50562046891847,1362.0,False,,,False,7,0
nn,static_live,25,1500.0,25.0,5,disrupted,disrupted,4 26 37 66,2053,2.857142857142857,0.35,0.0,31.890711724713366,18.416666666666668,26,1,25,1.7924945223427904,1.7924945223427904,105.06168294918113,60.0,1560.0,0.0,0.0,0.0,10.21008449990768,0.0,0.0,105.06168294918113,1560.0,108.07271061440508,1867.3208761581711,,,,False,False,not_attempted,0,0,0,0,6,0,0.0,163.41228713558513,1407.0,False,,,False,7,0
nn,static_live,26,1560.0,26.0,5,disrupted,disrupted,4 26 37 66,2053,2.857142857142857,0.35,0.0,31.890711724713366,18.433333333333334,25,5,20,7.681942657192081,1.536388531438416,112.74362560637321,60.0,1620.0,0.0,0.0,0.0,10.21008449990768,0.0,0.0,112.74362560637321,1620.0,106.41786280385831,1867.3208761581711,,,,False,False,not_attempted,0,0,0,0,65,5,0.07692307692307693,162.13452010886172,1567.0,False,,,False,7,0
nn,static_live,27,1620.0,27.0,5,disrupted,disrupted,4 26 37 66,2053,2.857142857142857,0.35,0.0,31.890711724713366,18.45,20,0,20,4.144376211920232,4.144376211920232,116.88800181829345,60.0,1680.0,0.0,0.0,0.0,10.21008449990768,0.0,0.0,116.88800181829345,1680.0,98.08275461827787,1811.6482124804133,,,,False,False,not_attempted,0,0,0,0,7,7,1.0,158.83832980344727,1567.0,False,,,False,5,0
nn,static_live,28,1680.0,28.0,5,disrupted,disrupted,4 26 37 66,2053,2.857142857142857,0.35,0.0,31.890711724713366,18.466666666666665,20,5,15,4.491131134533729,0.8982262269067458,121.37913295282718,60.0,1740.0,0.0,0.0,0.0,10.21008449990768,0.0,0.0,121.37913295282718,1740.0,94.16585426379976,1743.901489887877,,,,False,False,not_attempted,0,0,0,0,12,4,0.3333333333333333,155.63821544793856,1617.0,False,,,False,5,0
nn,static_live,29,1740.0,29.0,5,disrupted,disrupted,4 26 37 66,2053,2.857142857142857,0.35,0.0,31.890711724713366,18.483333333333334,15,1,14,4.272245662257072,4.272245662257072,125.65137861508425,60.0,1800.0,0.0,0.0,0.0,10.21008449990768,0.0,0.0,125.65137861508425,1800.0,89.74069799541606,1603.0116569896757,,,,False,False,not_attempted,0,0,0,0,54,0,0.0,155.54488211460523,1716.0,False,,,False,5,0
nn,static_live,30,1800.0,30.0,6,recovering,recovering,4 26 37 66,2053,2.857142857142857,0.35,0.0,31.890711724713366,18.5,14,1,13,3.263595012839213,3.263595012839213,128.91497362792347,60.0,1860.0,0.0,0.0,0.0,10.21008449990768,0.0,0.0,128.91497362792347,1860.0,86.00105360366466,1603.0116569896757,,,,False,False,not_attempted,0,0,0,0,19,3,0.15789473684210525,153.23411619534028,1716.0,False,,,False,4,0
nn,static_live,31,1860.0,31.0,6,recovering,recovering,4 26 37 66,2053,2.6595744680851063,0.376,0.04,32.17509521684179,18.516666666666666,13,2,11,1.7628822510420645,0.8814411255210323,130.67785587896554,60.0,1920.0,0.0,0.0,0.0,10.21008449990768,0.0,0.0,130.67785587896554,1920.0,80.73773019344665,1545.5522988017638,,,,False,False,not_attempted,0,0,0,0,4,1,0.25,152.24221370581105,1716.0,False,,,False,4,0
nn,static_live,32,1920.0,32.0,6,recovering,recovering,4 26 37 66,2053,2.4875621890547266,0.40199999999999997,0.08,32.42685537164387,18.533333333333335,11,2,9,0.7558585388541228,0.3779292694270614,131.43371441781966,60.0,1980.0,0.0,0.0,0.0,10.21008449990768,0.0,0.0,131.43371441781966,1980.0,78.15518111739767,1400.0198724818129,,,,False,False,not_attempted,0,0,0,0,12,0,0.0,152.14888037247772,1865.0,False,,,False,4,0
nn,static_live,33,1980.0,33.0,6,recovering,recovering,4 26 37 66,2053,2.336448598130841,0.428,0.12,32.65130129753112,18.55,9,2,7,1.4553147550565277,0.7276573775282639,132.88902917287618,60.0,2040.0,0.0,0.0,0.0,10.21008449990768,0.0,0.0,132.88902917287618,2040.0,76.39280048319173,1386.9534071167773,,,,False,False,not_attempted,0,0,0,0,14,1,0.07142857142857142,151.45102768957324,1865.0,False,,,False,4,0
nn,static_live,34,2040.0,34.0,6,recovering,recovering,4 26 37 66,2053,2.2026431718061676,0.45399999999999996,0.16,32.852649376711604,18.566666666666666,7,1,6,1.785696654212272,1.785696654212272,134.67472582708845,60.0,2100.0,0.0,0.0,0.0,10.21008449990768,0.0,0.0,134.67472582708845,2100.0,73.34931077198341,1297.4009003549288,,,,False,False,not_attempted,0,0,0,0,22,1,0.045454545454545456,150.44456754332506,1865.0,False,,,False,3,0
nn,static_live,35,2100.0,35.0,7,recovering,recovering,4 26 37 66,2053,2.0833333333333335,0.48,0.2,33.03429063990616,18.583333333333332,6,1,5,0.9181685413273234,0.9181685413273234,135.59289436841578,60.0,2160.0,0.0,0.0,0.0,10.21008449990768,0.0,0.0,135.59289436841578,2160.0,71.09649381055516,983.5008774513609,,,,False,False,not_attempted,0,0,0,0,16,0,0.0,150.28920302630758,1991.0,False,,,False,3,0
nn,static_live,36,2160.0,36.0,7,recovering,recovering,4 26 37 66,2053,1.976284584980237,0.506,0.24,33.198983296359664,18.6,5,0,5,1.6446419739265128,1.6446419739265128,137.2375363423423,60.0,2220.0,0.0,0.0,0.0,10.21008449990768,0.0,0.0,137.2375363423423,2220.0,68.58098516124294,858.3140015326863,,,,False,False,not_attempted,0,0,0,0,22,0,0.0,150.19586969297424,1991.0,False,,,False,2,0
nn,static_live,37,2220.0,37.0,7,recovering,recovering,4 26 37 66,2053,1.8796992481203008,0.532,0.28,33.34899377229633,18.616666666666667,5,2,3,1.5507186348405786,0.7753593174202893,138.7882549771829,60.0,2280.0,0.0,0.0,0.0,10.21008449990768,0.0,0.0,138.7882549771829,2280.0,65.76230116504601,853.634113485762,,,,False,False,not_attempted,0,0,0,0,15,3,0.2,149.2801643651266,1991.0,False,,,False,2,0
nn,static_live,38,2280.0,38.0,7,recovering,recovering,4 26 37 66,2053,1.7921146953405016,0.558,0.32,33.486201638691476,18.633333333333333,3,0,3,0.18666666666666665,0.18666666666666665,138.97492164384957,60.0,2340.0,0.0,0.0,0.0,10.21008449990768,0.0,0.0,138.97492164384957,2340.0,62.785452712716946,684.4583258987685,,,,False,False,not_attempted,0,0,0,0,0,0,0.0,149.18683103179328,1991.0,False,,,False,1,0
nn,static_live,39,2340.0,39.0,7,recovering,recovering,4 26 37 66,2053,1.7123287671232879,0.584,0.36,33.61217877341451,18.65,3,2,1,0.34518863099057795,0.17259431549528897,139.32011027484015,60.0,2400.0,0.0,0.0,0.0,10.21008449990768,0.0,0.0,139.32011027484015,2400.0,61.725496956578304,682.592824401368,,,,False,False,not_attempted,0,0,0,0,1,1,1.0,148.8662533579732,1996.0,False,,,False,1,0
nn,static_live,40,2400.0,40.0,8,recovering,recovering,4 26 37 66,2053,1.639344262295082,0.61,0.4,33.72824984891458,18.666666666666668,1,0,1,1.3138573434302927,1.3138573434302927,140.63396761827045,60.0,2460.0,0.0,0.0,0.0,10.21008449990768,0.0,0.0,140.63396761827045,2460.0,60.28882922543602,668.1430756463067,,,,False,False,not_attempted,0,0,0,0,19,1,0.05263157894736842,147.55239601454295,1996.0,False,,,False,1,0
nn,static_live,41,2460.0,41.0,8,recovering,recovering,4 26 37 66,2053,1.572327044025157,0.636,0.44,33.83553909057353,18.683333333333334,1,0,1,5.128544392955249,5.128544392955249,145.7625120112257,60.0,2520.0,0.0,0.0,0.0,10.21008449990768,0.0,0.0,145.7625120112257,2520.0,57.63528009384008,607.1229105494019,,,,False,False,not_attempted,0,0,0,0,14,5,0.35714285714285715,142.4238516215877,1996.0,False,,,False,1,0
nn,static_live,42,2520.0,42.0,8,recovering,recovering,4 26 37 66,2053,1.5105740181268883,0.6619999999999999,0.48,33.93500680882702,18.7,1,0,1,0.21796744537893203,0.21796744537893203,145.98047945660466,60.0,2580.0,0.0,0.0,0.0,10.21008449990768,0.0,0.0,145.98047945660466,2580.0,51.27357221425419,545.1877754677616,,,,False,False,not_attempted,0,0,0,0,0,0,0.0,142.20588417620877,1996.0,False,,,False,1,0
nn,static_live,43,2580.0,43.0,8,recovering,recovering,4 26 37 66,2053,1.4534883720930234,0.688,0.52,34.0274782225581,18.716666666666665,1,0,1,0.09333333333333332,0.09333333333333332,146.073812789938,60.0,2640.0,0.0,0.0,0.0,10.21008449990768,0.0,0.0,146.073812789938,2640.0,50.05222300044297,525.4619525498144,,,,False,False,not_attempted,0,0,0,0,0,0,0.0,142.11255084287544,1996.0,False,,,False,0,0
nn,static_live,44,2640.0,44.0,8,recovering,recovering,4 26 37 66,2053,1.400560224089636,0.714,0.56,34.113666407032305,18.733333333333334,1,1,0,45.092969771547644,45.092969771547644,191.16678256148566,530.349633175184,3170.349633175184,0.0,0.0,0.0,10.21008449990768,0.0,0.0,191.16678256148566,3170.349633175184,49.09472613549603,525.2980168492226,,,,False,False,not_attempted,0,0,0,0,653,79,0.12098009188361408,134.8664875937874,1996.0,True,,,False,0,0
nn,static_frozen,0,0.0,0.0,0,normal,initial,4 26 37 66,0,1.0,1.0,0.0,34.78037077224997,18.0,84,0,84,16.660400703942315,16.660400703942315,16.660400703942315,60.0,60.0,9.957765099941753,0.252319399965927,10.21008449990768,10.21008449990768,0.0,0.0,16.660400703942315,60.0,162.58793156149096,2761.487785832027,,,,False,False,initial_plan,0,0,0,0,97,0,0.0,177.83388229329896,0.0,False,,,True,10,10
nn,static_frozen,1,60.0,1.0,0,normal,normal,4 26 37 66,0,1.0,1.0,0.0,34.78037077224997,18.016666666666666,84,0,84,2.671835477730445,2.671835477730445,19.332236181672762,60.0,120.0,0.0,0.0,0.0,10.21008449990768,0.0,0.0,19.332236181672762,120.0,144.89809698360446,2603.2770542730404,,,,False,False,not_attempted,0,0,0,0,24,0,0.0,177.65141542411558,0.0,False,,,False,9,10
nn,static_frozen,2,120.0,2.0,0,normal,normal,4 26 37 66,0,1.0,1.0,0.0,34.78037077224997,18.033333333333335,84,6,78,2.2336491502253266,0.37227485837088775,21.565885331898087,60.0,180.0,0.0,0.0,0.0,10.21008449990768,0.0,0.0,21.565885331898087,180.0,142.35879798598543,2603.2770542730404,,,,False,False,not_attempted,0,0,0,0,25,0,0.0,177.33697396192156,239.0,False,,,False,9,4
nn,static_frozen,3,180.0,3.0,0,normal,normal,4 26 37 66,0,1.0,1.0,0.0,34.78037077224997,18.05,78,4,74,4.632857667324735,1.1582144168311836,26.198742999222823,60.0,240.0,0.0,0.0,0.0,10.21008449990768,0.0,0.0,26.198742999222823,240.0,140.51455427701427,2575.2504365841983,,,,False,False,not_attempted,0,0,0,0,75,0,0.0,176.58965573332028,239.0,False,,,False,9,0
nn,static_frozen,4,240.0,4.0,0,normal,normal,4 26 37 66,0,1.0,1.0,0.0,34.78037077224997,18.066666666666666,74,0,74,2.1890984112485845,2.1890984112485845,28.387841410471406,60.0,300.0,0.0,0.0,0.0,10.21008449990768,0.0,0.0,28.387841410471406,300.0,135.7776609100203,2453.4542174026838,,,,False,False,not_attempted,0,0,0,0,38,0,0.0,176.38162922177597,239.0,False,,,False,9,0
nn,static_frozen,5,300.0,5.0,1,normal,normal,4 26 37 66,0,1.0,1.0,0.0,34.78037077224997,18.083333333333332,74,3,71,4.763597379502395,1.587865793167465,33.1514387899738,60.0,360.0,0.0,0.0,0.0,10.21008449990768,0.0,0.0,33.1514387899738,360.0,133.8378687044175,2453.4542174026838,,,,False,False,not_attempted,0,0,0,0,105,0,0.0,175.72436508422112,402.0,False,,,False,9,0
nn,static_frozen,6,360.0,6.0,1,normal,normal,4 26 37 66,0,1.0,1.0,0.0,34.78037077224997,18.1,71,2,69,4.5988841917568095,2.2994420958784048,37.75032298173061,60.0,420.0,0.0,0.0,0.0,10.21008449990768,0.0,0.0,37.75032298173061,420.0,128.65555322310212,2295.479016670314,,,,False,False,not_attempted,0,0,0,0,68,0,0.0,173.98774183949396,422.0,False,,,False,9,0
nn,static_frozen,7,420.0,7.0,1,normal,normal,4 26 37 66,0,1.0,1.0,0.0,34.78037077224997,18.116666666666667,69,3,66,4.0596296318654135,1.353209877288471,41.809952613596025,60.0,480.0,0.0,0.0,0.0,10.21008449990768,0.0,0.0,41.809952613596025,480.0,123.9692432558826,2295.479016670314,,,,False,False,not_attempted,0,0,0,0,59,0,0.0,172.73804103501027,477.0,False,,,False,8,0
nn,static_frozen,8,480.0,8.0,1,normal,normal,4 26 37 66,0,1.0,1.0,0.0,34.78037077224997,18.133333333333333,66,3,63,2.9617497333409846,0.9872499111136616,44.77170234693701,60.0,540.0,0.0,0.0,0.0,10.21008449990768,0.0,0.0,44.77170234693701,540.0,120.21492095922403,2165.047520150499,,,,False,False,not_attempted,0,0,0,0,53,0,0.0,172.64470770167694,647.0,False,,,False,8,0
nn,static_frozen,9,540.0,9.0,1,normal,normal,4 26 37 66,0,1.0,1.0,0.0,34.78037077224997,18.15,63,2,61,1.360887868666041,0.6804439343330205,46.13259021560305,60.0,600.0,0.0,0.0,0.0,10.21008449990768,0.0,0.0,46.13259021560305,600.0,117.0907644351915,2165.047520150499,,,,False,False,not_attempted,0,0,0,0,35,0,0.0,172.53888579406538,647.0,False,,,False,8,0
nn,static_frozen,10,600.0,10.0,2,degrading,degrading,4 26 37 66,0,1.0,1.0,0.0,34.78037077224997,18.166666666666668,61,4,57,3.3611376239174127,0.8402844059793532,49.49372783952047,60.0,660.0,0.0,0.0,0.0,10.21008449990768,0.0,0.0,49.49372783952047,660.0,115.72549646918236,2159.671519313145,,,,False,False,not_attempted,0,0,0,0,46,0,0.0,172.28418379893967,647.0,False,,,False,8,0
nn,static_frozen,11,660.0,11.0,2,degrading,degrading,4 26 37 66,2053,1.06951871657754,0.935,0.0,34.662799164863586,18.183333333333334,57,1,56,5.520481110372578,5.520481110372578,55.014208949893046,60.0,720.0,0.0,0.0,0.0,10.21008449990768,0.0,0.0,55.014208949893046,720.0,116.26656620514599,2107.658589214259,,,,False,False,not_attempted,0,0,0,0,50,21,0.42,170.6107783742012,659.0,False,,,False,8,0
nn,static_frozen,12,720.0,12.0,2,degrading,degrading,4 26 37 66,2053,1.1494252873563218,0.87,0.0,34.52863750057551,18.2,56,2,54,1.9328945984733261,0.9664472992366631,56.94710354836637,60.0,780.0,0.0,0.0,0.0,10.21008449990768,0.0,0.0,56.94710354836637,780.0,114.90830765680153,1990.5333032893004,,,,False,False,not_attempted,0,0,0,0,40,8,0.2,170.20338483629783,743.0,False,,,False,8,0
nn,static_frozen,13,780.0,13.0,2,degrading,degrading,4 26 37 66,2053,1.2422360248447206,0.8049999999999999,0.0,34.37410779707679,18.216666666666665,54,2,52,3.1742735259457158,1.5871367629728579,60.121377074312086,60.0,840.0,0.0,0.0,0.0,10.21008449990768,0.0,0.0,60.121377074312086,840.0,117.09208737317125,2057.9293920047703,,,,False,False,not_attempted,0,0,0,0,52,0,0.0,170.1100515029645,843.0,False,,,False,8,0
nn,static_frozen,14,840.0,14.0,2,degrading,degrading,4 26 37 66,2053,1.3513513513513513,0.74,0.0,34.194190717748114,18.233333333333334,52,3,49,5.511529264060696,1.8371764213535655,65.63290633837278,60.0,900.0,0.0,0.0,0.0,10.21008449990768,0.0,0.0,65.63290633837278,900.0,118.82285322847011,2044.638966021236,,,,False,False,not_attempted,0,0,0,0,38,3,0.07894736842105263,167.71471727564924,843.0,False,,,False,8,0
nn,static_frozen,15,900.0,15.0,3,degrading,degrading,4 26 37 66,2053,1.4814814814814814,0.675,0.0,33.98207009341471,18.25,49,1,48,3.4773772266584624,3.4773772266584624,69.11028356503124,60.0,960.0,0.0,0.0,0.0,10.21008449990768,0.0,0.0,69.11028356503124,960.0,117.35195064087752,1902.3048449308117,,,,False,False,not_attempted,0,0,0,0,35,0,0.0,166.20343873996322,853.0,False,,,False,8,0
nn,static_frozen,16,960.0,16.0,3,degrading,degrading,4 26 37 66,2053,1.639344262295082,0.61,0.0,33.72824984891458,18.266666666666666,48,5,43,6.436991110125688,1.2873982220251377,75.54727467515693,60.0,1020.0,0.0,0.0,0.0,10.21008449990768,0.0,0.0,75.54727467515693,1020.0,119.31737145334482,1929.2731416676781,,,,False,False,not_attempted,0,0,0,0,87,8,0.09195402298850575,164.72423250848738,1087.0,False,,,False,8,0
nn,static_frozen,17,1020.0,17.0,3,degrading,degrading,4 26 37 66,2053,1.8348623853211008,0.545,0.0,33.41909336387101,18.283333333333335,43,0,43,2.859891155389887,2.859891155389887,78.40716583054682,60.0,1080.0,0.0,0.0,0.0,10.21008449990768,0.0,0.0,78.40716583054682,1080.0,119.57143632746273,1892.300428568517,,,,False,False,not_attempted,0,0,0,0,29,9,0.3103448275862069,164.47158796189908,1087.0,False,,,False,8,0
nn,static_frozen,18,1080.0,18.0,3,degrading,degrading,4 26 37 66,2053,2.0833333333333335,0.48,0.0,33.03429063990616,18.3,43,3,40,3.2301249231952696,1.0767083077317565,81.63729075374209,60.0,1140.0,0.0,0.0,0.0,10.21008449990768,0.0,0.0,81.63729075374209,1140.0,123.11379610816753,1926.8541457903777,,,,False,False,not_attempted,0,0,0,0,27,8,0.2962962962962963,164.37825462856574,1087.0,False,,,False,8,0
nn,static_frozen,19,1140.0,19.0,3,degrading,degrading,4 26 37 66,2053,2.409638554216868,0.4149999999999999,0.0,32.54220704861389,18.316666666666666,40,3,37,3.10852821910576,1.0361760730352534,84.74581897284786,60.0,1200.0,0.0,0.0,0.0,10.21008449990768,0.0,0.0,84.74581897284786,1200.0,126.08565469320575,2152.8359952313162,,,,False,False,not_attempted,0,0,0,0,48,4,0.08333333333333333,164.2614882390681,1087.0,False,,,False,8,0
nn,static_frozen,20,1200.0,20.0,4,disrupted,holding,4 26 37 66,2053,2.857142857142857,0.35,0.0,31.890711724713366,18.333333333333332,37,2,35,3.3632246920115207,1.6816123460057604,88.10904366485937,60.0,1260.0,0.0,0.0,0.0,10.21008449990768,0.0,0.0,88.10904366485937,1260.0,132.20984740647677,2225.141598487946,,,,False,False,not_attempted,0,0,0,0,21,2,0.09523809523809523,164.16815490573475,1270.0,False,,,False,7,0
nn,static_frozen,21,1260.0,21.0,4,disrupted,disrupted,4 26 37 66,2053,2.857142857142857,0.35,0.0,31.890711724713366,18.35,35,3,32,5.09997140510316,1.69999046836772,93.20901506996253,60.0,1320.0,0.0,0.0,0.0,10.21008449990768,0.0,0.0,93.20901506996253,1320.0,128.90537774578704,2090.4392312202963,,,,False,False,not_attempted,0,0,0,0,37,9,0.24324324324324326,163.86659128735542,1308.0,False,,,False,7,0
nn,static_frozen,22,1320.0,22.0,4,disrupted,disrupted,4 26 37 66,2053,2.857142857142857,0.35,0.0,31.890711724713366,18.366666666666667,32,3,29,5.146792948623553,1.7155976495411842,98.35580801858609,60.0,1380.0,0.0,0.0,0.0,10.21008449990768,0.0,0.0,98.35580801858609,1380.0,124.50088265439676,2090.4392312202963,,,,False,False,not_attempted,0,0,0,0,40,5,0.125,162.66374034859174,1351.0,False,,,False,7,0
nn,static_frozen,23,1380.0,23.0,4,disrupted,disrupted,4 26 37 66,2053,2.857142857142857,0.35,0.0,31.890711724713366,18.383333333333333,29,1,28,8.570244492136668,8.570244492136668,106.92605251072276,60.0,1440.0,0.0,0.0,0.0,10.21008449990768,0.0,0.0,106.92605251072276,1440.0,119.43287255321364,2037.7784721096766,,,,False,False,not_attempted,0,0,0,0,71,6,0.08450704225352113,161.943806916702,1351.0,False,,,False,7,0
nn,static_frozen,24,1440.0,24.0,4,disrupted,disrupted,4 26 37 66,2053,2.857142857142857,0.35,0.0,31.890711724713366,18.4,28,1,27,1.6736898811714678,1.6736898811714678,108.59974239189422,60.0,1500.0,0.0,0.0,0.0,10.21008449990768,0.0,0.0,108.59974239189422,1500.0,112.20254965580472,1867.3208761581711,,,,False,False,not_attempted,0,0,0,0,26,0,0.0,161.37950606484662,1362.0,False,,,False,7,0
nn,static_frozen,25,1500.0,25.0,5,disrupted,disrupted,4 26 37 66,2053,2.857142857142857,0.35,0.0,31.890711724713366,18.416666666666668,27,3,24,2.870256961500298,0.9567523205000993,111.46999935339453,60.0,1560.0,0.0,0.0,0.0,10.21008449990768,0.0,0.0,111.46999935339453,1560.0,110.49193740208122,1867.3208761581711,,,,False,False,not_attempted,0,0,0,0,10,2,0.2,161.2861727315133,1567.0,False,,,False,7,0
nn,static_frozen,26,1560.0,26.0,5,disrupted,disrupted,4 26 37 66,2053,2.857142857142857,0.35,0.0,31.890711724713366,18.433333333333334,24,4,20,8.641603390420139,2.1604008476050347,120.11160274381467,60.0,1620.0,0.0,0.0,0.0,10.21008449990768,0.0,0.0,120.11160274381467,1620.0,107.20324800150256,1852.4399962230698,,,,False,False,not_attempted,0,0,0,0,74,6,0.08108108108108109,159.8960358148983,1567.0,False,,,False,7,0
nn,static_frozen,27,1620.0,27.0,5,disrupted,disrupted,4 26 37 66,2053,2.857142857142857,0.35,0.0,31.890711724713366,18.45,20,1,19,5.619933804631247,5.619933804631247,125.73153654844592,60.0,1680.0,0.0,0.0,0.0,10.21008449990768,0.0,0.0,125.73153654844592,1680.0,99.03390609294831,1797.9199141035665,,,,False,False,not_attempted,0,0,0,0,33,6,0.18181818181818182,156.84171595747432,1567.0,False,,,False,6,0
nn,static_frozen,28,1680.0,28.0,5,disrupted,disrupted,4 26 37 66,2053,2.857142857142857,0.35,0.0,31.890711724713366,18.466666666666665,19,3,16,4.737652527409496,1.5792175091364988,130.4691890758554,60.0,1740.0,0.0,0.0,0.0,10.21008449990768,0.0,0.0,130.4691890758554,1740.0,93.12058174006282,1726.4424731374822,,,,False,False,not_attempted,0,0,0,0,20,3,0.15,154.1510875686893,1617.0,False,,,False,6,0
nn,static_frozen,29,1740.0,29.0,5,disrupted,disrupted,4 26 37 66,2053,2.857142857142857,0.35,0.0,31.890711724713366,18.483333333333334,16,1,15,3.174461611166458,3.174461611166458,133.64365068702188,60.0,1800.0,0.0,0.0,0.0,10.21008449990768,0.0,0.0,133.64365068702188,1800.0,88.49084256418743,1603.0116569896757,,,,False,False,not_attempted,0,0,0,0,39,0,0.0,154.05775423535596,1716.0,False,,,False,6,0
nn,static_frozen,30,1800.0,30.0,6,recovering,recovering,4 26 37 66,2053,2.857142857142857,0.35,0.0,31.890711724713366,18.5,15,2,13,4.2264720746872815,2.1132360373436407,137.87012276170915,60.0,1860.0,0.0,0.0,0.0,10.21008449990768,0.0,0.0,137.87012276170915,1860.0,86.00105360366466,1603.0116569896757,,,,False,False,not_attempted,0,0,0,0,21,4,0.19047619047619047,151.16863765849254,1716.0,False,,,False,5,0
nn,static_frozen,31,1860.0,31.0,6,recovering,recovering,4 26 37 66,2053,2.6595744680851063,0.376,0.04,32.17509521684179,18.516666666666666,13,2,11,1.3343837524444608,0.6671918762222304,139.20450651415362,60.0,1920.0,0.0,0.0,0.0,10.21008449990768,0.0,0.0,139.20450651415362,1920.0,79.82267621928284,1534.8934022058424,,,,False,False,not_attempted,0,0,0,0,3,0,0.0,150.69856700089423,1716.0,False,,,False,4,0
nn,static_frozen,32,1920.0,32.0,6,recovering,recovering,4 26 37 66,2053,2.4875621890547266,0.40199999999999997,0.08,32.42685537164387,18.533333333333335,11,3,8,0.6786027505929232,0.22620091686430774,139.88310926474654,60.0,1980.0,0.0,0.0,0.0,10.21008449990768,0.0,0.0,139.88310926474654,1980.0,77.72310229082426,1400.0198724818129,,,,False,False,not_attempted,0,0,0,0,12,0,0.0,150.6052336675609,1865.0,False,,,False,4,0
nn,static_frozen,33,1980.0,33.0,6,recovering,recovering,4 26 37 66,2053,2.336448598130841,0.428,0.12,32.65130129753112,18.55,8,2,6,1.7427072391997305,0.8713536195998652,141.62581650394625,60.0,2040.0,0.0,0.0,0.0,10.21008449990768,0.0,0.0,141.62581650394625,2040.0,76.27336518871621,1386.9534071167773,,,,False,False,not_attempted,0,0,0,0,19,1,0.05263157894736842,149.75096017781914,1865.0,False,,,False,4,0
nn,static_frozen,34,2040.0,34.0,6,recovering,recovering,4 26 37 66,2053,2.2026431718061676,0.45399999999999996,0.16,32.852649376711604,18.566666666666666,6,0,6,2.4908870089975226,2.4908870089975226,144.1167035129438,60.0,2100.0,0.0,0.0,0.0,10.21008449990768,0.0,0.0,144.1167035129438,2100.0,73.03342602223353,1297.4009003549288,,,,False,False,not_attempted,0,0,0,0,43,1,0.023255813953488372,148.82307639888143,1865.0,False,,,False,3,0
nn,static_frozen,35,2100.0,35.0,7,recovering,recovering,4 26 37 66,2053,2.0833333333333335,0.48,0.2,33.03429063990616,18.583333333333332,6,1,5,1.7520556164198289,1.7520556164198289,145.8687591293636,60.0,2160.0,0.0,0.0,0.0,10.21008449990768,0.0,0.0,145.8687591293636,2160.0,69.75007149725856,863.5008774513609,,,,False,False,not_attempted,0,0,0,0,22,0,0.0,148.7297430655481,1991.0,False,,,False,3,0
nn,static_frozen,36,2160.0,36.0,7,recovering,recovering,4 26 37 66,2053,1.976284584980237,0.506,0.24,33.198983296359664,18.6,5,1,4,0.3581956085566414,0.3581956085566414,146.22695473792024,60.0,2220.0,0.0,0.0,0.0,10.21008449990768,0.0,0.0,146.22695473792024,2220.0,66.39170972210245,858.3140015326863,,,,False,False,not_attempted,0,0,0,0,1,1,1.0,148.5582141236581,1991.0,False,,,False,1,0
nn,static_frozen,37,2220.0,37.0,7,recovering,recovering,4 26 37 66,2053,1.8796992481203008,0.532,0.28,33.34899377229633,18.616666666666667,4,2,2,0.9279795731981024,0.4639897865990512,147.15493431111835,60.0,2280.0,0.0,0.0,0.0,10.21008449990768,0.0,0.0,147.15493431111835,2280.0,64.7301488980055,832.8232706594897,,,,False,False,not_attempted,0,0,0,0,2,2,1.0,147.71409570634867,1996.0,False,,,False,1,0
nn,static_frozen,38,2280.0,38.0,7,recovering,recovering,4 26 37 66,2053,1.7921146953405016,0.558,0.32,33.486201638691476,18.633333333333333,2,0,2,0.09333333333333332,0.09333333333333332,147.2482676444517,60.0,2340.0,0.0,0.0,0.0,10.21008449990768,0.0,0.0,147.2482676444517,2340.0,62.785452712716946,684.4583258987685,,,,False,False,not_attempted,0,0,0,0,0,0,0.0,147.62076237301534,1996.0,False,,,False,1,0
nn,static_frozen,39,2340.0,39.0,7,recovering,recovering,4 26 37 66,2053,1.7123287671232879,0.584,0.36,33.61217877341451,18.65,2,1,1,1.8661195184640378,1.8661195184640378,149.11438716291573,60.0,2400.0,0.0,0.0,0.0,10.21008449990768,0.0,0.0,149.11438716291573,2400.0,61.725496956578304,682.592824401368,,,,False,False,not_attempted,0,0,0,0,8,8,1.0,145.75464285455132,1996.0,False,,,False,1,0
nn,static_frozen,40,2400.0,40.0,8,recovering,recovering,4 26 37 66,2053,1.639344262295082,0.61,0.4,33.72824984891458,18.666666666666668,1,0,1,5.987565833457583,5.987565833457583,155.1019529963733,60.0,2460.0,0.0,0.0,0.0,10.21008449990768,0.0,0.0,155.1019529963733,2460.0,58.91269202790315,606.3746199827158,,,,False,False,not_attempted,0,0,0,0,13,5,0.38461538461538464,139.76707702109374,1996.0,False,,,False,1,0
nn,static_frozen,41,2460.0,41.0,8,recovering,recovering,4 26 37 66,2053,1.572327044025157,0.636,0.44,33.83553909057353,18.683333333333334,1,0,1,0.25733769627744413,0.25733769627744413,155.35929069265075,60.0,2520.0,0.0,0.0,0.0,10.21008449990768,0.0,0.0,155.35929069265075,2520.0,52.39482894606656,545.3790446873771,,,,False,False,not_attempted,0,0,0,0,0,0,0.0,139.5097393248163,1996.0,False,,,False,1,0
nn,static_frozen,42,2520.0,42.0,8,recovering,recovering,4 26 37 66,2053,1.5105740181268883,0.6619999999999999,0.48,33.93500680882702,18.7,1,0,1,0.09333333333333332,0.09333333333333332,155.45262402598408,60.0,2580.0,0.0,0.0,0.0,10.21008449990768,0.0,0.0,155.45262402598408,2580.0,51.08690554758752,525.6387653749241,,,,False,False,not_attempted,0,0,0,0,0,0,0.0,139.41640599148297,1996.0,False,,,False,0,0
nn,static_frozen,43,2580.0,43.0,8,recovering,recovering,4 26 37 66,2053,1.4534883720930234,0.688,0.52,34.0274782225581,18.716666666666665,1,1,0,46.391453121697836,46.391453121697836,201.84407714768193,532.3757474006987,3112.375747400699,0.0,0.0,0.0,10.21008449990768,0.0,0.0,201.84407714768193,3112.375747400699,50.05222300044297,525.4619525498144,,,,False,False,not_attempted,0,0,0,0,632,98,0.1550632911392405,132.16050141031795,1996.0,True,,,False,0,0
aco,adaptive,0,0.0,0.0,0,normal,initial,4 26 37 66,0,1.0,1.0,0.0,34.78037077224997,18.0,84,0,84,18.680839634308782,18.680839634308782,18.680839634308782,60.0,60.0,9.003784299944527,22.83633279998321,31.84011709992774,31.84011709992774,0.0,0.0,18.680839634308782,60.0,129.8572811733068,2948.952446263193,,,,False,False,initial_plan,0,0,0,0,130,0,0.0,177.2717760608753,0.0,False,,,True,10,10
aco,adaptive,1,60.0,1.0,0,normal,normal,4 26 37 66,0,1.0,1.0,0.0,34.78037077224997,18.016666666666666,84,0,84,4.7680615934003905,4.7680615934003905,23.44890122770917,60.0,120.0,0.0,0.0,0.0,31.84011709992774,0.0,0.0,23.44890122770917,120.0,110.44402959570512,2884.5846107093394,,,,False,False,not_attempted,0,0,0,0,76,0,0.0,176.09020652430007,0.0,False,,,False,10,10
aco,adaptive,2,120.0,2.0,0,normal,normal,4 26 37 66,0,1.0,1.0,0.0,34.78037077224997,18.033333333333335,84,3,81,5.306297452810553,1.7687658176035177,28.755198680519726,60.0,180.0,0.0,0.0,0.0,31.84011709992774,0.0,0.0,28.755198680519726,180.0,105.15915328473176,2752.5964808827875,,,,False,False,not_attempted,0,0,0,0,66,0,0.0,174.7596401655785,215.0,False,,,False,9,7
aco,adaptive,3,180.0,3.0,0,normal,normal,4 26 37 66,0,1.0,1.0,0.0,34.78037077224997,18.05,81,3,78,4.660065898009958,1.5533552993366528,33.41526457852969,60.0,240.0,0.0,0.0,0.0,31.84011709992774,0.0,0.0,33.41526457852969,240.0,100.06592291517671,2752.5964808827875,,,,False,False,not_attempted,0,0,0,0,63,0,0.0,174.60001662259305,215.0,False,,,False,9,4
aco,adaptive,4,240.0,4.0,0,normal,normal,4 26 37 66,0,1.0,1.0,0.0,34.78037077224997,18.066666666666666,78,1,77,3.024516702171434,3.024516702171434,36.43978128070112,60.0,300.0,0.0,0.0,0.0,31.84011709992774,0.0,0.0,36.43978128070112,300.0,95.6512867909427,2700.7402108848582,,,,False,False,not_attempted,0,0,0,0,41,0,0.0,174.23595111138894,241.0,False,,,False,9,4
aco,adaptive,5,300.0,5.0,1,normal,normal,4 26 37 66,0,1.0,1.0,0.0,34.78037077224997,18.083333333333332,77,4,73,2.8679341198432,0.7169835299608,39.30771540054432,60.0,360.0,10.318174000014551,216.27716920000967,226.59534320002422,258.43546029995196,0.0,0.0,39.30771540054432,360.0,92.80451466956619,2531.148694412799,92.80451466956619,97.76350319187286,-4.958988522306669,True,False,incumbent_not_worse,6,28,0,0,31,0,0.0,174.1426177780556,402.0,False,,,True,9,2
aco,adaptive,6,360.0,6.0,1,normal,normal,4 26 37 66,0,1.0,1.0,0.0,34.78037077224997,18.1,73,3,70,3.5198933529509064,1.1732977843169687,42.82760875349523,60.0,420.0,0.0,0.0,0.0,258.43546029995196,0.0,0.0,42.82760875349523,420.0,89.49872562010101,2531.148694412799,,,,False,False,not_attempted,0,0,0,0,44,0,0.0,173.80269504982573,422.0,False,,,False,9,1
aco,adaptive,7,420.0,7.0,1,normal,normal,4 26 37 66,0,1.0,1.0,0.0,34.78037077224997,18.116666666666667,70,3,67,4.091652081357425,1.3638840271191415,46.91926083485265,60.0,480.0,0.0,0.0,0.0,258.43546029995196,0.0,0.0,46.91926083485265,480.0,86.23763270067052,2527.8765656637133,,,,False,False,not_attempted,0,0,0,0,30,0,0.0,171.7315048732715,641.0,False,,,False,9,1
aco,adaptive,8,480.0,8.0,1,normal,normal,4 26 37 66,0,1.0,1.0,0.0,34.78037077224997,18.133333333333333,67,4,63,1.9465284663171223,0.48663211657928057,48.86578930116977,60.0,540.0,0.0,0.0,0.0,258.43546029995196,0.0,0.0,48.86578930116977,540.0,82.12902723057795,2353.8339100285225,,,,False,False,not_attempted,0,0,0,0,27,0,0.0,171.63817153993816,647.0,False,,,False,9,0
aco,adaptive,9,540.0,9.0,1,normal,normal,4 26 37 66,0,1.0,1.0,0.0,34.78037077224997,18.15,63,4,59,3.8465037675471145,0.9616259418867786,52.71229306871688,60.0,600.0,0.0,0.0,0.0,258.43546029995196,0.0,0.0,52.71229306871688,600.0,80.2902564326039,2353.8339100285225,,,,False,False,not_attempted,0,0,0,0,34,0,0.0,171.54640459197284,647.0,False,,,False,9,0
aco,adaptive,10,600.0,10.0,2,degrading,degrading,4 26 37 66,0,1.0,1.0,0.0,34.78037077224997,18.166666666666668,59,2,57,2.2406318836965116,1.1203159418482558,54.95292495241339,60.0,660.0,8.290004916489124e-05,131.31666869996116,131.31675160001032,389.7522118999623,0.0,0.0,54.95292495241339,660.0,76.26459852359919,2334.9570515159016,76.26459852359919,84.2003470171799,-7.935748493580704,True,False,incumbent_not_worse,7,16,0,0,28,0,0.0,171.29011539682318,871.0,False,,,True,9,0
aco,adaptive,11,660.0,11.0,2,degrading,degrading,4 26 37 66,2053,1.06951871657754,0.935,0.0,34.662799164863586,18.183333333333334,57,3,54,1.7566672163478407,0.5855557387826136,56.70959216876123,60.0,720.0,0.0,0.0,0.0,389.7522118999623,0.0,0.0,56.70959216876123,720.0,77.79354001243064,2196.0749094966495,,,,False,False,not_attempted,0,0,0,0,24,0,0.0,171.19678206348985,871.0,False,,,False,7,0
aco,adaptive,12,720.0,12.0,2,degrading,degrading,4 26 37 66,2053,1.1494252873563218,0.87,0.0,34.52863750057551,18.2,54,4,50,2.4899068368154778,0.6224767092038694,59.19949900557671,60.0,780.0,0.0,0.0,0.0,389.7522118999623,0.0,0.0,59.19949900557671,780.0,80.27472267603096,2200.113987998971,,,,False,False,not_attempted,0,0,0,0,26,7,0.2692307692307692,170.7053520396286,1037.0,False,,,False,7,0
aco,adaptive,13,780.0,13.0,2,degrading,degrading,4 26 37 66,2053,1.2422360248447206,0.8049999999999999,0.0,34.37410779707679,18.216666666666665,50,3,47,1.7563703519680303,0.5854567839893434,60.95586935754474,60.0,840.0,0.0,0.0,0.0,389.7522118999623,0.0,0.0,60.95586935754474,840.0,82.27721160795231,2165.668151839201,,,,False,False,not_attempted,0,0,0,0,24,3,0.125,170.01502271405593,1037.0,False,,,False,7,0
aco,adaptive,14,840.0,14.0,2,degrading,degrading,4 26 37 66,2053,1.3513513513513513,0.74,0.0,34.194190717748114,18.233333333333334,47,2,45,1.6167015732952945,0.8083507866476473,62.57257093084004,60.0,900.0,0.0,0.0,0.0,389.7522118999623,0.0,0.0,62.57257093084004,900.0,85.33921677306112,1988.5345512265599,,,,False,False,not_attempted,0,0,0,0,12,0,0.0,169.912246448997,1037.0,False,,,False,7,0
aco,adaptive,15,900.0,15.0,3,degrading,degrading,4 26 37 66,2053,1.4814814814814814,0.675,0.0,33.98207009341471,18.25,45,4,41,1.5517538678222709,0.3879384669555677,64.12432479866231,60.0,960.0,10.451729999971576,95.06900140002836,105.52073139999993,495.2729432999622,0.0,0.0,64.12432479866231,960.0,90.13605426687025,1996.3543536348454,90.13605426687023,99.6825043402952,-9.546450073424964,True,False,incumbent_not_worse,6,16,0,0,17,9,0.5294117647058824,169.80947018393806,1142.0,False,,,True,7,0
aco,adaptive,16,960.0,16.0,3,degrading,degrading,4 26 37 66,2053,1.639344262295082,0.61,0.0,33.72824984891458,18.266666666666666,41,1,40,3.941308915422045,3.941308915422045,68.06563371408436,60.0,1020.0,0.0,0.0,0.0,495.2729432999622,0.0,0.0,68.06563371408436,1020.0,95.86069884026372,2005.8406713104707,,,,False,False,not_attempted,0,0,0,0,41,9,0.21951219512195122,169.5629603131352,1142.0,False,,,False,7,0
aco,adaptive,17,1020.0,17.0,3,degrading,degrading,4 26 37 66,2053,1.8348623853211008,0.545,0.0,33.41909336387101,18.283333333333335,40,2,38,5.922922576771629,2.9614612883858147,73.98855629085598,60.0,1080.0,0.0,0.0,0.0,495.2729432999622,0.0,0.0,73.98855629085598,1080.0,100.57030282408351,1957.2395838744958,,,,False,False,not_attempted,0,0,0,0,37,6,0.16216216216216217,169.0078052550611,1142.0,False,,,False,7,0
aco,adaptive,18,1080.0,18.0,3,degrading,degrading,4 26 37 66,2053,2.0833333333333335,0.48,0.0,33.03429063990616,18.3,38,1,37,3.2708828304611024,3.2708828304611024,77.25943912131709,60.0,1140.0,0.0,0.0,0.0,495.2729432999622,0.0,0.0,77.25943912131709,1140.0,102.95663801702729,2038.3000134172357,,,,False,False,not_attempted,0,0,0,0,13,3,0.23076923076923078,168.7458575592287,1391.0,False,,,False,6,0
aco,adaptive,19,1140.0,19.0,3,degrading,degrading,4 26 37 66,2053,2.409638554216868,0.4149999999999999,0.0,32.54220704861389,18.316666666666666,37,3,34,3.8493821726076156,1.2831273908692051,81.1088212939247,60.0,1200.0,0.0,0.0,0.0,495.2729432999622,0.0,0.0,81.1088212939247,1200.0,107.74515310274288,2246.1373654019653,,,,False,False,not_attempted,0,0,0,0,25,6,0.24,167.61547936974475,1391.0,False,,,False,6,0
aco,adaptive,20,1200.0,20.0,4,disrupted,holding,4 26 37 66,2053,2.857142857142857,0.35,0.0,31.890711724713366,18.333333333333332,34,2,32,6.302007690669631,3.1510038453348157,87.41082898459433,60.0,1260.0,10.671804000041448,76.04960440006107,86.72140840010252,581.9943517000647,0.0,0.0,87.41082898459433,1260.0,110.9322602890397,3516.0020129030913,111.3666859435187,110.9322602890397,0.43442565447899995,True,True,lower_residual_energy,6,19,6,19,36,4,0.1111111111111111,164.39377554146185,1391.0,False,,,True,7,0
aco,adaptive,21,1260.0,21.0,4,disrupted,disrupted,4 26 37 66,2053,2.857142857142857,0.35,0.0,31.890711724713366,18.35,32,1,31,3.4856678667599574,3.4856678667599574,90.89649685135429,60.0,1320.0,0.0,0.0,0.0,581.9943517000647,0.0,0.0,90.89649685135429,1320.0,104.27400523172174,3455.5192835669336,,,,False,False,not_attempted,0,0,0,0,20,2,0.1,163.82470323637057,1530.0,False,,,False,7,0
aco,adaptive,22,1320.0,22.0,4,disrupted,disrupted,4 26 37 66,2053,2.857142857142857,0.35,0.0,31.890711724713366,18.366666666666667,31,1,30,3.8038516534884095,3.8038516534884095,94.7003485048427,60.0,1380.0,0.0,0.0,0.0,581.9943517000647,0.0,0.0,94.7003485048427,1380.0,98.51099519920545,3362.8707280049452,,,,False,False,not_attempted,0,0,0,0,21,2,0.09523809523809523,163.68301236421382,1530.0,False,,,False,7,0
aco,adaptive,23,1380.0,23.0,4,disrupted,disrupted,4 26 37 66,2053,2.857142857142857,0.35,0.0,31.890711724713366,18.383333333333333,30,1,29,3.7878536858451604,3.7878536858451604,98.48820219068786,60.0,1440.0,0.0,0.0,0.0,581.9943517000647,0.0,0.0,98.48820219068786,1440.0,95.91614320076648,3333.49794006044,,,,False,False,not_attempted,0,0,0,0,33,0,0.0,163.59420747676722,1530.0,False,,,False,6,0
aco,adaptive,24,1440.0,24.0,4,disrupted,disrupted,4 26 37 66,2053,2.857142857142857,0.35,0.0,31.890711724713366,18.4,29,2,27,4.226055839935913,2.1130279199679567,102.71425803062377,60.0,1500.0,0.0,0.0,0.0,581.9943517000647,0.0,0.0,102.71425803062377,1500.0,92.8958743498134,3275.202762586727,,,,False,False,not_attempted,0,0,0,0,36,2,0.05555555555555555,163.13235964617388,1530.0,False,,,False,6,0
aco,adaptive,25,1500.0,25.0,5,disrupted,disrupted,4 26 37 66,2053,2.857142857142857,0.35,0.0,31.890711724713366,18.416666666666668,27,0,27,2.2783567160599545,2.2783567160599545,104.99261474668373,60.0,1560.0,7.269997149705887e-05,50.82221150002442,50.82228419999592,632.8166359000606,0.0,0.0,104.99261474668373,1560.0,88.08384987588322,3048.6298313044636,88.69827313705419,88.08384987588322,0.6144232611709697,True,True,lower_residual_energy,2,7,2,7,36,0,0.0,162.93817858040907,1530.0,False,,,True,5,0
aco,adaptive,26,1560.0,26.0,5,disrupted,disrupted,4 26 37 66,2053,2.857142857142857,0.35,0.0,31.890711724713366,18.433333333333334,27,1,26,1.421799210252581,1.421799210252581,106.41441395693631,60.0,1620.0,0.0,0.0,0.0,632.8166359000606,0.0,0.0,106.41441395693631,1620.0,86.58513597773577,3039.4362416248373,,,,False,False,not_attempted,0,0,0,0,25,2,0.08,162.84484524707574,1530.0,False,,,False,4,0
aco,adaptive,27,1620.0,27.0,5,disrupted,disrupted,4 26 37 66,2053,2.857142857142857,0.35,0.0,31.890711724713366,18.45,26,3,23,2.394813893768868,0.7982712979229559,108.80922785070518,60.0,1680.0,0.0,0.0,0.0,632.8166359000606,0.0,0.0,108.80922785070518,1680.0,85.01904209554688,2948.0523720029582,,,,False,False,not_attempted,0,0,0,0,32,2,0.0625,162.26045500606912,1530.0,False,,,False,4,0
aco,adaptive,28,1680.0,28.0,5,disrupted,disrupted,4 26 37 66,2053,2.857142857142857,0.35,0.0,31.890711724713366,18.466666666666665,23,0,23,3.2548174916222212,3.2548174916222212,112.0640453423274,60.0,1740.0,0.0,0.0,0.0,632.8166359000606,0.0,0.0,112.0640453423274,1740.0,82.77292328652227,2920.3579186546212,,,,False,False,not_attempted,0,0,0,0,16,5,0.3125,162.1671216727358,1530.0,False,,,False,4,0
aco,adaptive,29,1740.0,29.0,5,disrupted,disrupted,4 26 37 66,2053,2.857142857142857,0.35,0.0,31.890711724713366,18.483333333333334,23,2,21,1.5117841097369955,0.7558920548684978,113.5758294520644,60.0,1800.0,0.0,0.0,0.0,632.8166359000606,0.0,0.0,113.5758294520644,1800.0,79.59523329760955,2751.264131252197,,,,False,False,not_attempted,0,0,0,0,56,0,0.0,161.44902414303905,1530.0,False,,,False,4,0
aco,adaptive,30,1800.0,30.0,6,recovering,recovering,4 26 37 66,2053,2.857142857142857,0.35,0.0,31.890711724713366,18.5,21,1,20,4.7466071288230465,4.7466071288230465,118.32243658088744,60.0,1860.0,7.259997073560953e-05,21.014179000048898,21.014251600019634,653.8308875000803,0.0,0.0,118.32243658088744,1860.0,77.82831122599599,2452.819871041572,78.06411375695015,77.82831122599599,0.23580253095416026,True,True,lower_residual_energy,4,5,4,5,28,2,0.07142857142857142,161.35569080970572,1530.0,False,,,True,4,0
aco,adaptive,31,1860.0,31.0,6,recovering,recovering,4 26 37 66,2053,2.6595744680851063,0.376,0.04,32.17509521684179,18.516666666666666,20,1,19,2.8667744569569944,2.8667744569569944,121.18921103784443,60.0,1920.0,0.0,0.0,0.0,653.8308875000803,0.0,0.0,121.18921103784443,1920.0,70.9711711592756,2404.5913858623244,,,,False,False,not_attempted,0,0,0,0,12,2,0.16666666666666666,161.26759479677912,1546.0,False,,,False,4,0
aco,adaptive,32,1920.0,32.0,6,recovering,recovering,4 26 37 66,2053,2.4875621890547266,0.40199999999999997,0.08,32.42685537164387,18.533333333333335,19,2,17,2.41278748018739,1.206393740093695,123.60199851803182,60.0,1980.0,0.0,0.0,0.0,653.8308875000803,0.0,0.0,123.60199851803182,1980.0,67.0197483052337,2250.5256530687966,,,,False,False,not_attempted,0,0,0,0,45,0,0.0,161.26759479677912,1631.0,False,,,False,4,0
aco,adaptive,33,1980.0,33.0,6,recovering,recovering,4 26 37 66,2053,2.336448598130841,0.428,0.12,32.65130129753112,18.55,17,1,16,2.229143084535652,2.229143084535652,125.83114160256747,60.0,2040.0,0.0,0.0,0.0,653.8308875000803,0.0,0.0,125.83114160256747,2040.0,63.62505515504084,2237.5041005672683,,,,False,False,not_attempted,0,0,0,0,55,1,0.01818181818181818,161.26759479677912,1631.0,False,,,False,4,0
aco,adaptive,34,2040.0,34.0,6,recovering,recovering,4 26 37 66,2053,2.2026431718061676,0.45399999999999996,0.16,32.852649376711604,18.566666666666666,16,1,15,2.819970992104895,2.819970992104895,128.65111259467236,60.0,2100.0,0.0,0.0,0.0,653.8308875000803,0.0,0.0,128.65111259467236,2100.0,59.558665638235,2147.9913624642963,,,,False,False,not_attempted,0,0,0,0,31,1,0.03225806451612903,161.26759479677912,1631.0,False,,,False,3,0
aco,adaptive,35,2100.0,35.0,7,recovering,recovering,4 26 37 66,2053,2.0833333333333335,0.48,0.2,33.03429063990616,18.583333333333332,15,1,14,0.9520093833947012,0.9520093833947012,129.60312197806707,60.0,2160.0,10.746656500035897,9.089158899965696,19.835815400001593,673.6667029000819,0.0,0.0,129.60312197806707,2160.0,56.21161295670335,2118.687956601175,56.21161295670334,58.74326477579842,-2.5316518190950816,True,False,incumbent_not_worse,1,6,0,0,5,0,0.0,161.26759479677912,1792.0,False,,,True,3,0
aco,adaptive,36,2160.0,36.0,7,recovering,recovering,4 26 37 66,2053,1.976284584980237,0.506,0.24,33.198983296359664,18.6,14,1,13,0.660611091085999,0.660611091085999,130.26373306915306,60.0,2220.0,0.0,0.0,0.0,673.6667029000819,0.0,0.0,130.26373306915306,2220.0,54.34600100641159,1994.4479479796414,,,,False,False,not_attempted,0,0,0,0,2,0,0.0,161.26759479677912,1792.0,False,,,False,3,0
aco,adaptive,37,2220.0,37.0,7,recovering,recovering,4 26 37 66,2053,1.8796992481203008,0.532,0.28,33.34899377229633,18.616666666666667,13,2,11,2.3567483194563885,1.1783741597281943,132.62048138860945,60.0,2280.0,0.0,0.0,0.0,673.6667029000819,0.0,0.0,132.62048138860945,2280.0,52.76102740703488,1990.6223762910397,,,,False,False,not_attempted,0,0,0,0,9,3,0.3333333333333333,160.37213069564785,1792.0,False,,,False,3,0
aco,adaptive,38,2280.0,38.0,7,recovering,recovering,4 26 37 66,2053,1.7921146953405016,0.558,0.32,33.486201638691476,18.633333333333333,11,0,11,0.34131162820687744,0.34131162820687744,132.96179301681633,60.0,2340.0,0.0,0.0,0.0,673.6667029000819,0.0,0.0,132.96179301681633,2340.0,49.51628606804199,1942.2212913515575,,,,False,False,not_attempted,0,0,0,0,0,0,0.0,160.27879736231452,1792.0,False,,,False,2,0
aco,adaptive,39,2340.0,39.0,7,recovering,recovering,4 26 37 66,2053,1.7123287671232879,0.584,0.36,33.61217877341451,18.65,11,2,9,0.48105161060493445,0.24052580530246723,133.44284462742127,60.0,2400.0,0.0,0.0,0.0,673.6667029000819,0.0,0.0,133.44284462742127,2400.0,48.57819416444861,1821.0615121289443,,,,False,False,not_attempted,0,0,0,0,8,0,0.0,160.27189517782432,1792.0,False,,,False,2,0
aco,adaptive,40,2400.0,40.0,8,recovering,recovering,4 26 37 66,2053,1.639344262295082,0.61,0.4,33.72824984891458,18.666666666666668,9,1,8,1.152565161559238,1.152565161559238,134.5954097889805,60.0,2460.0,10.774379799957387,2.9517668000189587,13.726146599976346,687.3928495000582,0.0,0.0,134.5954097889805,2460.0,47.517120132088024,1820.0005993318657,47.517120132088024,47.517120132088024,0.0,True,False,incumbent_not_worse,0,0,0,0,19,2,0.10526315789473684,160.27189517782432,1792.0,False,,,True,2,0
aco,adaptive,41,2460.0,41.0,8,recovering,recovering,4 26 37 66,2053,1.572327044025157,0.636,0.44,33.83553909057353,18.683333333333334,8,0,8,0.6826147316388258,0.6826147316388258,135.27802452061934,60.0,2520.0,0.0,0.0,0.0,687.3928495000582,0.0,0.0,135.27802452061934,2520.0,45.17491669034408,1759.895006892866,,,,False,False,not_attempted,0,0,0,0,34,0,0.0,160.27189517782432,1792.0,False,,,False,2,0
aco,adaptive,42,2520.0,42.0,8,recovering,recovering,4 26 37 66,2053,1.5105740181268883,0.6619999999999999,0.48,33.93500680882702,18.7,8,1,7,0.4685425863418123,0.4685425863418123,135.74656710696115,60.0,2580.0,0.0,0.0,0.0,687.3928495000582,0.0,0.0,135.74656710696115,2580.0,43.47704258553893,1700.1426694153322,,,,False,False,not_attempted,0,0,0,0,35,0,0.0,160.27189517782432,1792.0,False,,,False,2,0
aco,adaptive,43,2580.0,43.0,8,recovering,recovering,4 26 37 66,2053,1.4534883720930234,0.688,0.52,34.0274782225581,18.716666666666665,7,0,7,0.427915881680218,0.427915881680218,136.17448298864136,60.0,2640.0,0.0,0.0,0.0,687.3928495000582,0.0,0.0,136.17448298864136,2640.0,41.84318320769847,1638.286771955303,,,,False,False,not_attempted,0,0,0,0,31,0,0.0,160.27189517782432,1792.0,False,,,False,1,0
aco,adaptive,44,2640.0,44.0,8,recovering,recovering,4 26 37 66,2053,1.400560224089636,0.714,0.56,34.113666407032305,18.733333333333334,7,1,6,0.3376123085608495,0.3376123085608495,136.5120952972022,60.0,2700.0,0.0,0.0,0.0,687.3928495000582,0.0,0.0,136.5120952972022,2700.0,40.363221950029,1579.1255266441042,,,,False,False,not_attempted,0,0,0,0,26,0,0.0,160.17368434314074,1792.0,False,,,False,1,0
aco,adaptive,45,2700.0,45.0,9,recovering,recovering,4 26 37 66,2053,1.3513513513513513,0.74,0.6,34.194190717748114,18.75,6,0,6,0.4399641863595557,0.4399641863595557,136.95205948356175,60.0,2760.0,10.557809900026768,1.5971730999881402,12.154983000014909,699.5478325000731,0.0,0.0,136.95205948356175,2760.0,38.99102947224314,1519.6017024585656,38.99102947224314,38.99102947224314,0.0,True,False,incumbent_not_worse,0,0,0,0,21,0,0.0,159.73372015678117,1792.0,False,,,True,1,0
aco,adaptive,46,2760.0,46.0,9,recovering,recovering,4 26 37 66,2053,1.3054830287206267,0.766,0.64,34.26959169765464,18.766666666666666,6,0,6,0.3673161911491994,0.3673161911491994,137.31937567471095,60.0,2820.0,0.0,0.0,0.0,699.5478325000731,0.0,0.0,137.31937567471095,2820.0,37.56523083019066,1459.417184668547,,,,False,False,not_attempted,0,0,0,0,29,0,0.0,159.36640396563195,1792.0,False,,,False,1,0
aco,adaptive,47,2820.0,47.0,9,recovering,recovering,4 26 37 66,2053,1.2626262626262625,0.792,0.68,34.34034322669782,18.783333333333335,6,0,6,0.41157795522153495,0.41157795522153495,137.7309536299325,60.0,2880.0,0.0,0.0,0.0,699.5478325000731,0.0,0.0,137.7309536299325,2880.0,36.257844949093936,1434.506405000922,,,,False,False,not_attempted,0,0,0,0,20,0,0.0,158.95482601041041,1792.0,False,,,False,1,0
aco,adaptive,48,2880.0,48.0,9,recovering,recovering,4 26 37 66,2053,1.2224938875305624,0.818,0.72,34.40686249105634,18.8,6,0,6,0.3640592692044311,0.3640592692044311,138.09501289913692,60.0,2940.0,0.0,0.0,0.0,699.5478325000731,0.0,0.0,138.09501289913692,2940.0,34.8627898719314,1155.5614710821883,,,,False,False,not_attempted,0,0,0,0,11,0,0.0,158.59076674120598,1792.0,False,,,False,1,0
aco,adaptive,49,2940.0,49.0,9,recovering,recovering,4 26 37 66,2053,1.1848341232227486,0.8440000000000001,0.76,34.46951821529238,18.816666666666666,6,0,6,0.5320290891880537,0.5320290891880537,138.62704198832498,60.0,3000.0,0.0,0.0,0.0,699.5478325000731,0.0,0.0,138.62704198832498,3000.0,33.584420531699394,1089.0331994753897,,,,False,False,not_attempted,0,0,0,0,32,0,0.0,158.05873765201792,1792.0,False,,,False,1,0
aco,adaptive,50,3000.0,50.0,10,recovering,recovering,4 26 37 66,2053,1.1494252873563218,0.87,0.8,34.52863750057551,18.833333333333332,6,0,6,0.09333333333333332,0.09333333333333332,138.7203753216583,60.0,3060.0,10.440920100081712,1.2118545999983326,11.652774700080045,711.2006072001532,0.0,0.0,138.7203753216583,3060.0,32.05492185986552,924.6506558319104,32.05492185986552,32.05492185986552,0.0,True,False,incumbent_not_worse,0,0,0,0,0,0,0.0,157.9654043186846,1792.0,False,,,True,1,0
aco,adaptive,51,3060.0,51.0,10,recovering,recovering,4 26 37 66,2053,1.1160714285714286,0.896,0.84,34.58451153678982,18.85,6,1,5,0.40480605378492746,0.40480605378492746,139.12518137544325,60.0,3120.0,0.0,0.0,0.0,711.2006072001532,0.0,0.0,139.12518137544325,3120.0,31.262844448846373,936.4352017811996,,,,False,False,not_attempted,0,0,0,0,1,0,0.0,157.56059826489965,1792.0,False,,,False,1,0
aco,adaptive,52,3120.0,52.0,10,recovering,recovering,4 26 37 66,2053,1.0845986984815619,0.922,0.88,34.63740039910128,18.866666666666667,5,0,5,0.33831528808669853,0.33831528808669853,139.46349666352995,60.0,3180.0,0.0,0.0,0.0,711.2006072001532,0.0,0.0,139.46349666352995,3180.0,30.055713078074625,918.5255705874941,,,,False,False,not_attempted,0,0,0,0,29,0,0.0,157.22228297681283,1792.0,False,,,False,1,0
aco,adaptive,53,3180.0,53.0,10,recovering,recovering,4 26 37 66,2053,1.0548523206751055,0.9480000000000001,0.92,34.68753709573154,18.883333333333333,5,0,5,0.09333333333333332,0.09333333333333332,139.55682999686329,60.0,3240.0,0.0,0.0,0.0,711.2006072001532,0.0,0.0,139.55682999686329,3240.0,28.93097247528154,756.3769351307074,,,,False,False,not_attempted,0,0,0,0,0,0,0.0,157.1289496434795,1792.0,False,,,False,1,0
aco,adaptive,54,3240.0,54.0,10,recovering,recovering,4 26 37 66,2053,1.026694045174538,0.974,0.96,34.73513099985647,18.9,5,1,4,0.1517855809397962,0.1517855809397962,139.70861557780307,60.0,3300.0,0.0,0.0,0.0,711.2006072001532,0.0,0.0,139.70861557780307,3300.0,28.216429048093698,756.4777899765845,,,,False,False,not_attempted,0,0,0,0,10,0,0.0,156.97716406253974,1792.0,False,,,False,1,0
aco,adaptive,55,3300.0,55.0,11,normal,recovered,4 26 37 66,0,1.0,1.0,1.0,34.78037077224997,18.916666666666668,4,0,4,0.09953107185621377,0.09953107185621377,139.80814664965928,60.0,3360.0,10.534219500026666,0.9444627999328077,11.478682299959473,722.6792895001126,0.0,0.0,139.80814664965928,3360.0,27.584886465843926,739.6210714817589,27.584886465843923,27.584886465843926,-3.552713678800501e-15,True,False,incumbent_not_worse,0,0,0,0,1,0,0.0,156.87763299068354,1792.0,False,,,True,1,0
aco,adaptive,56,3360.0,56.0,11,normal,normal,4 26 37 66,0,1.0,1.0,1.0,34.78037077224997,18.933333333333334,4,0,4,0.09333333333333332,0.09333333333333332,139.9014799829926,60.0,3420.0,0.0,0.0,0.0,722.6792895001126,0.0,0.0,139.9014799829926,3420.0,27.38679678626034,615.3510082611804,,,,False,False,not_attempted,0,0,0,0,0,0,0.0,156.7842996573502,1792.0,False,,,False,1,0
aco,adaptive,57,3420.0,57.0,11,normal,normal,4 26 37 66,0,1.0,1.0,1.0,34.78037077224997,18.95,4,1,3,0.42063659294502115,0.42063659294502115,140.32211657593763,60.0,3480.0,0.0,0.0,0.0,722.6792895001126,0.0,0.0,140.32211657593763,3480.0,27.38679678626034,615.3510082611804,,,,False,False,not_attempted,0,0,0,0,20,0,0.0,156.36366306440522,1792.0,False,,,False,1,0
aco,adaptive,58,3480.0,58.0,11,normal,normal,4 26 37 66,0,1.0,1.0,1.0,34.78037077224997,18.966666666666665,3,0,3,0.09333333333333332,0.09333333333333332,140.41544990927096,60.0,3540.0,0.0,0.0,0.0,722.6792895001126,0.0,0.0,140.41544990927096,3540.0,26.799673370281837,447.0902413211587,,,,False,False,not_attempted,0,0,0,0,0,0,0.0,156.27032973107188,1792.0,False,,,False,1,0
aco,adaptive,59,3540.0,59.0,11,normal,normal,4 26 37 66,0,1.0,1.0,1.0,34.78037077224997,18.983333333333334,3,1,2,0.18412321751048344,0.18412321751048344,140.59957312678145,60.0,3600.0,0.0,0.0,0.0,722.6792895001126,0.0,0.0,140.59957312678145,3600.0,26.799673370281837,447.0902413211587,,,,False,False,not_attempted,0,0,0,0,5,0,0.0,156.0862065135614,1792.0,False,,,False,1,0
aco,adaptive,60,3600.0,60.0,12,normal,normal,4 26 37 66,0,1.0,1.0,1.0,37.52283759547087,19.0,2,0,2,1.609044358153272,1.609044358153272,142.20861748493473,60.0,3660.0,5.207990500028245,0.47405969991814345,5.682050199946389,728.361339700059,0.0,0.0,142.20861748493473,3660.0,21.232687140461664,351.21349525906027,21.25613356763323,21.232687140461664,0.023446427171567308,True,True,lower_residual_energy,1,1,1,1,32,0,0.0,155.79127687042435,1792.0,False,,,True,2,0
aco,adaptive,61,3660.0,61.0,12,normal,normal,4 26 37 66,0,1.0,1.0,1.0,37.52283759547087,19.016666666666666,2,0,2,0.09801356634761663,0.09801356634761663,142.30663105128235,60.0,3720.0,0.0,0.0,0.0,728.361339700059,0.0,0.0,142.30663105128235,3720.0,19.65681733847588,324.50276272662927,,,,False,False,not_attempted,0,0,0,0,9,0,0.0,155.69326330407674,1792.0,False,,,False,2,0
aco,adaptive,62,3720.0,62.0,12,normal,normal,4 26 37 66,0,1.0,1.0,1.0,37.52283759547087,19.033333333333335,2,0,2,0.2001238331243338,0.2001238331243338,142.5067548844067,60.0,3780.0,0.0,0.0,0.0,728.361339700059,0.0,0.0,142.5067548844067,3780.0,19.450159798665382,324.50276272662927,,,,False,False,not_attempted,0,0,0,0,5,0,0.0,155.5999299707434,1792.0,False,,,False,1,0
aco,adaptive,63,3780.0,63.0,12,normal,normal,4 26 37 66,0,1.0,1.0,1.0,37.52283759547087,19.05,2,1,1,0.11022072272305465,0.11022072272305465,142.61697560712975,60.0,3840.0,0.0,0.0,0.0,728.361339700059,0.0,0.0,142.61697560712975,3840.0,19.24364562357544,324.50276272662927,,,,False,False,not_attempted,0,0,0,0,0,0,0.0,155.58304258135368,1792.0,False,,,False,0,0
aco,adaptive,64,3840.0,64.0,12,normal,normal,4 26 37 66,0,1.0,1.0,1.0,37.52283759547087,19.066666666666666,1,1,0,19.30345377834066,19.30345377834066,161.9204293854704,328.59427169528016,4168.59427169528,0.0,0.0,0.0,728.361339700059,0.0,0.0,161.9204293854704,4168.59427169528,19.24364562357544,324.50276272662927,,,,False,False,not_attempted,0,0,0,0,420,0,0.0,153.93576808586332,1792.0,True,,,False,0,0
aco,static_live,0,0.0,0.0,0,normal,initial,4 26 37 66,0,1.0,1.0,0.0,34.78037077224997,18.0,84,0,84,18.680839634308782,18.680839634308782,18.680839634308782,60.0,60.0,9.003784299944527,22.83633279998321,31.84011709992774,31.84011709992774,0.0,0.0,18.680839634308782,60.0,129.8572811733068,2948.952446263193,,,,False,False,initial_plan,0,0,0,0,130,0,0.0,177.2717760608753,0.0,False,,,True,10,10
aco,static_live,1,60.0,1.0,0,normal,normal,4 26 37 66,0,1.0,1.0,0.0,34.78037077224997,18.016666666666666,84,0,84,4.7680615934003905,4.7680615934003905,23.44890122770917,60.0,120.0,0.0,0.0,0.0,31.84011709992774,0.0,0.0,23.44890122770917,120.0,110.44402959570512,2884.5846107093394,,,,False,False,not_attempted,0,0,0,0,76,0,0.0,176.09020652430007,0.0,False,,,False,10,10
aco,static_live,2,120.0,2.0,0,normal,normal,4 26 37 66,0,1.0,1.0,0.0,34.78037077224997,18.033333333333335,84,3,81,5.306297452810553,1.7687658176035177,28.755198680519726,60.0,180.0,0.0,0.0,0.0,31.84011709992774,0.0,0.0,28.755198680519726,180.0,105.15915328473176,2752.5964808827875,,,,False,False,not_attempted,0,0,0,0,66,0,0.0,174.7596401655785,215.0,False,,,False,9,7
aco,static_live,3,180.0,3.0,0,normal,normal,4 26 37 66,0,1.0,1.0,0.0,34.78037077224997,18.05,81,3,78,4.660065898009958,1.5533552993366528,33.41526457852969,60.0,240.0,0.0,0.0,0.0,31.84011709992774,0.0,0.0,33.41526457852969,240.0,100.06592291517671,2752.5964808827875,,,,False,False,not_attempted,0,0,0,0,63,0,0.0,174.60001662259305,215.0,False,,,False,9,4
aco,static_live,4,240.0,4.0,0,normal,normal,4 26 37 66,0,1.0,1.0,0.0,34.78037077224997,18.066666666666666,78,1,77,3.024516702171434,3.024516702171434,36.43978128070112,60.0,300.0,0.0,0.0,0.0,31.84011709992774,0.0,0.0,36.43978128070112,300.0,95.65128679094272,2700.7402108848582,,,,False,False,not_attempted,0,0,0,0,41,0,0.0,174.23595111138894,241.0,False,,,False,9,4
aco,static_live,5,300.0,5.0,1,normal,normal,4 26 37 66,0,1.0,1.0,0.0,34.78037077224997,18.083333333333332,77,4,73,2.8679341198432,0.7169835299608,39.30771540054432,60.0,360.0,0.0,0.0,0.0,31.84011709992774,0.0,0.0,39.30771540054432,360.0,92.80451466956619,2531.148694412799,,,,False,False,not_attempted,0,0,0,0,31,0,0.0,174.1426177780556,402.0,False,,,False,9,2
aco,static_live,6,360.0,6.0,1,normal,normal,4 26 37 66,0,1.0,1.0,0.0,34.78037077224997,18.1,73,3,70,3.5198933529509064,1.1732977843169687,42.82760875349523,60.0,420.0,0.0,0.0,0.0,31.84011709992774,0.0,0.0,42.82760875349523,420.0,89.49872562010101,2531.148694412799,,,,False,False,not_attempted,0,0,0,0,44,0,0.0,173.80269504982573,422.0,False,,,False,9,1
aco,static_live,7,420.0,7.0,1,normal,normal,4 26 37 66,0,1.0,1.0,0.0,34.78037077224997,18.116666666666667,70,3,67,4.091652081357425,1.3638840271191415,46.91926083485265,60.0,480.0,0.0,0.0,0.0,31.84011709992774,0.0,0.0,46.91926083485265,480.0,86.23763270067052,2527.8765656637133,,,,False,False,not_attempted,0,0,0,0,30,0,0.0,171.7315048732715,641.0,False,,,False,9,1
aco,static_live,8,480.0,8.0,1,normal,normal,4 26 37 66,0,1.0,1.0,0.0,34.78037077224997,18.133333333333333,67,4,63,1.9465284663171223,0.48663211657928057,48.86578930116977,60.0,540.0,0.0,0.0,0.0,31.84011709992774,0.0,0.0,48.86578930116977,540.0,82.12902723057795,2353.8339100285225,,,,False,False,not_attempted,0,0,0,0,27,0,0.0,171.63817153993816,647.0,False,,,False,9,0
aco,static_live,9,540.0,9.0,1,normal,normal,4 26 37 66,0,1.0,1.0,0.0,34.78037077224997,18.15,63,4,59,3.8465037675471145,0.9616259418867786,52.71229306871688,60.0,600.0,0.0,0.0,0.0,31.84011709992774,0.0,0.0,52.71229306871688,600.0,80.2902564326039,2353.8339100285225,,,,False,False,not_attempted,0,0,0,0,34,0,0.0,171.54640459197284,647.0,False,,,False,9,0
aco,static_live,10,600.0,10.0,2,degrading,degrading,4 26 37 66,0,1.0,1.0,0.0,34.78037077224997,18.166666666666668,59,2,57,2.2406318836965116,1.1203159418482558,54.95292495241339,60.0,660.0,0.0,0.0,0.0,31.84011709992774,0.0,0.0,54.95292495241339,660.0,76.26459852359919,2334.9570515159016,,,,False,False,not_attempted,0,0,0,0,28,0,0.0,171.29011539682318,871.0,False,,,False,9,0
aco,static_live,11,660.0,11.0,2,degrading,degrading,4 26 37 66,2053,1.06951871657754,0.935,0.0,34.662799164863586,18.183333333333334,57,3,54,1.7566672163478407,0.5855557387826136,56.70959216876123,60.0,720.0,0.0,0.0,0.0,31.84011709992774,0.0,0.0,56.70959216876123,720.0,77.79354001243064,2196.0749094966495,,,,False,False,not_attempted,0,0,0,0,24,0,0.0,171.19678206348985,871.0,False,,,False,7,0
aco,static_live,12,720.0,12.0,2,degrading,degrading,4 26 37 66,2053,1.1494252873563218,0.87,0.0,34.52863750057551,18.2,54,4,50,2.4899068368154778,0.6224767092038694,59.19949900557671,60.0,780.0,0.0,0.0,0.0,31.84011709992774,0.0,0.0,59.19949900557671,780.0,80.27472267603096,2200.113987998971,,,,False,False,not_attempted,0,0,0,0,26,7,0.2692307692307692,170.7053520396286,1037.0,False,,,False,7,0
aco,static_live,13,780.0,13.0,2,degrading,degrading,4 26 37 66,2053,1.2422360248447206,0.8049999999999999,0.0,34.37410779707679,18.216666666666665,50,3,47,1.7563703519680303,0.5854567839893434,60.95586935754474,60.0,840.0,0.0,0.0,0.0,31.84011709992774,0.0,0.0,60.95586935754474,840.0,82.27721160795231,2165.668151839201,,,,False,False,not_attempted,0,0,0,0,24,3,0.125,170.01502271405593,1037.0,False,,,False,7,0
aco,static_live,14,840.0,14.0,2,degrading,degrading,4 26 37 66,2053,1.3513513513513513,0.74,0.0,34.194190717748114,18.233333333333334,47,2,45,1.6167015732952945,0.8083507866476473,62.57257093084004,60.0,900.0,0.0,0.0,0.0,31.84011709992774,0.0,0.0,62.57257093084004,900.0,85.33921677306112,1988.5345512265599,,,,False,False,not_attempted,0,0,0,0,12,0,0.0,169.912246448997,1037.0,False,,,False,7,0
aco,static_live,15,900.0,15.0,3,degrading,degrading,4 26 37 66,2053,1.4814814814814814,0.675,0.0,33.98207009341471,18.25,45,4,41,1.5517538678222709,0.3879384669555677,64.12432479866231,60.0,960.0,0.0,0.0,0.0,31.84011709992774,0.0,0.0,64.12432479866231,960.0,90.13605426687023,1996.3543536348454,,,,False,False,not_attempted,0,0,0,0,17,9,0.5294117647058824,169.80947018393806,1142.0,False,,,False,7,0
aco,static_live,16,960.0,16.0,3,degrading,degrading,4 26 37 66,2053,1.639344262295082,0.61,0.0,33.72824984891458,18.266666666666666,41,1,40,3.941308915422045,3.941308915422045,68.06563371408436,60.0,1020.0,0.0,0.0,0.0,31.84011709992774,0.0,0.0,68.06563371408436,1020.0,95.86069884026372,2005.8406713104707,,,,False,False,not_attempted,0,0,0,0,41,9,0.21951219512195122,169.5629603131352,1142.0,False,,,False,7,0
aco,static_live,17,1020.0,17.0,3,degrading,degrading,4 26 37 66,2053,1.8348623853211008,0.545,0.0,33.41909336387101,18.283333333333335,40,2,38,5.922922576771629,2.9614612883858147,73.98855629085598,60.0,1080.0,0.0,0.0,0.0,31.84011709992774,0.0,0.0,73.98855629085598,1080.0,100.57030282408351,1957.2395838744958,,,,False,False,not_attempted,0,0,0,0,37,6,0.16216216216216217,169.0078052550611,1142.0,False,,,False,7,0
aco,static_live,18,1080.0,18.0,3,degrading,degrading,4 26 37 66,2053,2.0833333333333335,0.48,0.0,33.03429063990616,18.3,38,1,37,3.2708828304611024,3.2708828304611024,77.25943912131709,60.0,1140.0,0.0,0.0,0.0,31.84011709992774,0.0,0.0,77.25943912131709,1140.0,102.95663801702729,2038.3000134172357,,,,False,False,not_attempted,0,0,0,0,13,3,0.23076923076923078,168.7458575592287,1391.0,False,,,False,6,0
aco,static_live,19,1140.0,19.0,3,degrading,degrading,4 26 37 66,2053,2.409638554216868,0.4149999999999999,0.0,32.54220704861389,18.316666666666666,37,3,34,3.8493821726076156,1.2831273908692051,81.1088212939247,60.0,1200.0,0.0,0.0,0.0,31.84011709992774,0.0,0.0,81.1088212939247,1200.0,107.74515310274288,2246.1373654019653,,,,False,False,not_attempted,0,0,0,0,25,6,0.24,167.61547936974475,1391.0,False,,,False,6,0
aco,static_live,20,1200.0,20.0,4,disrupted,holding,4 26 37 66,2053,2.857142857142857,0.35,0.0,31.890711724713366,18.333333333333332,34,2,32,4.69046482860059,2.345232414300295,85.7992861225253,60.0,1260.0,0.0,0.0,0.0,31.84011709992774,0.0,0.0,85.7992861225253,1260.0,111.3666859435187,2278.805804861669,,,,False,False,not_attempted,0,0,0,0,23,6,0.2608695652173913,164.54756260238247,1391.0,False,,,False,5,0
aco,static_live,21,1260.0,21.0,4,disrupted,disrupted,4 26 37 66,2053,2.857142857142857,0.35,0.0,31.890711724713366,18.35,32,1,31,5.264845096341996,5.264845096341996,91.0641312188673,60.0,1320.0,0.0,0.0,0.0,31.84011709992774,0.0,0.0,91.0641312188673,1320.0,106.49890245626673,2215.321654204906,,,,False,False,not_attempted,0,0,0,0,15,7,0.4666666666666667,160.27368025169503,1530.0,False,,,False,5,0
aco,static_live,22,1320.0,22.0,4,disrupted,disrupted,4 26 37 66,2053,2.857142857142857,0.35,0.0,31.890711724713366,18.366666666666667,31,2,29,0.982033532668878,0.491016766334439,92.04616475153618,60.0,1380.0,0.0,0.0,0.0,31.84011709992774,0.0,0.0,92.04616475153618,1380.0,101.3937059543924,2047.5594611112024,,,,False,False,not_attempted,0,0,0,0,11,0,0.0,160.1803469183617,1530.0,False,,,False,5,0
aco,static_live,23,1380.0,23.0,4,disrupted,disrupted,4 26 37 66,2053,2.857142857142857,0.35,0.0,31.890711724713366,18.383333333333333,29,2,27,2.7226147269652996,1.3613073634826498,94.76877947850149,60.0,1440.0,0.0,0.0,0.0,31.84011709992774,0.0,0.0,94.76877947850149,1440.0,100.46718079952868,2047.5594611112024,,,,False,False,not_attempted,0,0,0,0,16,1,0.0625,159.17597257344727,1530.0,False,,,False,5,0
aco,static_live,24,1440.0,24.0,4,disrupted,disrupted,4 26 37 66,2053,2.857142857142857,0.35,0.0,31.890711724713366,18.4,27,1,26,3.8619248380627633,3.8619248380627633,98.63070431656425,60.0,1500.0,0.0,0.0,0.0,31.84011709992774,0.0,0.0,98.63070431656425,1500.0,97.0328812127699,2034.99849347472,,,,False,False,not_attempted,0,0,0,0,21,3,0.14285714285714285,156.9215054158977,1530.0,False,,,False,5,0
aco,static_live,25,1500.0,25.0,5,disrupted,disrupted,4 26 37 66,2053,2.857142857142857,0.35,0.0,31.890711724713366,18.416666666666668,26,1,25,1.0607175785853684,1.0607175785853684,99.69142189514962,60.0,1560.0,0.0,0.0,0.0,31.84011709992774,0.0,0.0,99.69142189514962,1560.0,93.7154582773346,1876.524517610398,,,,False,False,not_attempted,0,0,0,0,16,0,0.0,156.82817208256438,1530.0,False,,,False,5,0
aco,static_live,26,1560.0,26.0,5,disrupted,disrupted,4 26 37 66,2053,2.857142857142857,0.35,0.0,31.890711724713366,18.433333333333334,25,3,22,1.7367534049885684,0.5789178016628561,101.42817530013818,60.0,1620.0,0.0,0.0,0.0,31.84011709992774,0.0,0.0,101.42817530013818,1620.0,92.70621824153375,1876.524517610398,,,,False,False,not_attempted,0,0,0,0,8,1,0.125,156.49777895114272,1530.0,False,,,False,5,0
aco,static_live,27,1620.0,27.0,5,disrupted,disrupted,4 26 37 66,2053,2.857142857142857,0.35,0.0,31.890711724713366,18.45,22,2,20,2.2733315522811752,1.1366657761405876,103.70150685241936,60.0,1680.0,0.0,0.0,0.0,31.84011709992774,0.0,0.0,103.70150685241936,1680.0,89.73510216737664,1775.3698919157264,,,,False,False,not_attempted,0,0,0,0,25,0,0.0,155.52403223388342,1530.0,False,,,False,5,0
aco,static_live,28,1680.0,28.0,5,disrupted,disrupted,4 26 37 66,2053,2.857142857142857,0.35,0.0,31.890711724713366,18.466666666666665,20,1,19,1.7156555860705487,1.7156555860705487,105.41716243848991,60.0,1740.0,0.0,0.0,0.0,31.84011709992774,0.0,0.0,105.41716243848991,1740.0,88.29199451328077,1775.3698919157264,,,,False,False,not_attempted,0,0,0,0,6,1,0.16666666666666666,154.52127991815917,1530.0,False,,,False,5,0
aco,static_live,29,1740.0,29.0,5,disrupted,disrupted,4 26 37 66,2053,2.857142857142857,0.35,0.0,31.890711724713366,18.483333333333334,19,2,17,2.4915891701811796,1.2457945850905898,107.9087516086711,60.0,1800.0,0.0,0.0,0.0,31.84011709992774,0.0,0.0,107.9087516086711,1800.0,86.44712563162786,1623.489029346124,,,,False,False,not_attempted,0,0,0,0,29,1,0.034482758620689655,154.42794658482583,1530.0,False,,,False,5,0
aco,static_live,30,1800.0,30.0,6,recovering,recovering,4 26 37 66,2053,2.857142857142857,0.35,0.0,31.890711724713366,18.5,17,1,16,2.0522626135281143,2.0522626135281143,109.96101422219921,60.0,1860.0,0.0,0.0,0.0,31.84011709992774,0.0,0.0,109.96101422219921,1860.0,83.99812381480737,1623.489029346124,,,,False,False,not_attempted,0,0,0,0,7,2,0.2857142857142857,154.28567689826042,1530.0,False,,,False,4,0
aco,static_live,31,1860.0,31.0,6,recovering,recovering,4 26 37 66,2053,2.6595744680851063,0.376,0.04,32.17509521684179,18.516666666666666,16,2,14,3.3256922524818417,1.6628461262409209,113.28670647468105,60.0,1920.0,0.0,0.0,0.0,31.84011709992774,0.0,0.0,113.28670647468105,1920.0,79.81008398008606,1586.159851869729,,,,False,False,not_attempted,0,0,0,0,11,4,0.36363636363636365,152.96844890938684,1589.0,False,,,False,4,0
aco,static_live,32,1920.0,32.0,6,recovering,recovering,4 26 37 66,2053,2.4875621890547266,0.40199999999999997,0.08,32.42685537164387,18.533333333333335,14,1,13,1.1128407015823352,1.1128407015823352,114.39954717626338,60.0,1980.0,0.0,0.0,0.0,31.84011709992774,0.0,0.0,114.39954717626338,1980.0,75.95047887138904,1546.3724352742486,,,,False,False,not_attempted,0,0,0,0,18,0,0.0,152.79015339880652,1589.0,False,,,False,3,0
aco,static_live,33,1980.0,33.0,6,recovering,recovering,4 26 37 66,2053,2.336448598130841,0.428,0.12,32.65130129753112,18.55,13,1,12,0.928560472215435,0.928560472215435,115.32810764847882,60.0,2040.0,0.0,0.0,0.0,31.84011709992774,0.0,0.0,115.32810764847882,2040.0,73.52912069766904,1078.604313192322,,,,False,False,not_attempted,0,0,0,0,22,0,0.0,152.6968200654732,1589.0,False,,,False,3,0
aco,static_live,34,2040.0,34.0,6,recovering,recovering,4 26 37 66,2053,2.2026431718061676,0.45399999999999996,0.16,32.852649376711604,18.566666666666666,12,2,10,1.4596560021640363,0.7298280010820182,116.78776365064286,60.0,2100.0,0.0,0.0,0.0,31.84011709992774,0.0,0.0,116.78776365064286,2100.0,70.53855789998299,1078.1898742380981,,,,False,False,not_attempted,0,0,0,0,53,2,0.03773584905660377,151.6024562842217,1589.0,False,,,False,3,0
aco,static_live,35,2100.0,35.0,7,recovering,recovering,4 26 37 66,2053,2.0833333333333335,0.48,0.2,33.03429063990616,18.583333333333332,10,0,10,7.465571448786419,7.465571448786419,124.25333509942928,60.0,2160.0,0.0,0.0,0.0,31.84011709992774,0.0,0.0,124.25333509942928,2160.0,66.81350132246153,954.3859747448165,,,,False,False,not_attempted,0,0,0,0,33,5,0.15151515151515152,144.82468077564894,1589.0,False,,,False,3,0
aco,static_live,36,2160.0,36.0,7,recovering,recovering,4 26 37 66,2053,1.976284584980237,0.506,0.24,33.198983296359664,18.6,10,1,9,0.691671553781608,0.691671553781608,124.94500665321088,60.0,2220.0,0.0,0.0,0.0,31.84011709992774,0.0,0.0,124.94500665321088,2220.0,57.220848137153105,938.2500809917142,,,,False,False,not_attempted,0,0,0,0,16,0,0.0,144.60310628479562,1589.0,False,,,False,2,0
aco,static_live,37,2220.0,37.0,7,recovering,recovering,4 26 37 66,2053,1.8796992481203008,0.532,0.28,33.34899377229633,18.616666666666667,9,1,8,0.2808139093073181,0.2808139093073181,125.2258205625182,60.0,2280.0,0.0,0.0,0.0,31.84011709992774,0.0,0.0,125.2258205625182,2280.0,54.65266613877914,780.1007492844651,,,,False,False,not_attempted,0,0,0,0,6,0,0.0,144.50977295146228,1750.0,False,,,False,2,0
aco,static_live,38,2280.0,38.0,7,recovering,recovering,4 26 37 66,2053,1.7921146953405016,0.558,0.32,33.486201638691476,18.633333333333333,8,1,7,0.701108026948676,0.701108026948676,125.92692858946687,60.0,2340.0,0.0,0.0,0.0,31.84011709992774,0.0,0.0,125.92692858946687,2340.0,51.8933822996094,640.5350515540301,,,,False,False,not_attempted,0,0,0,0,3,0,0.0,143.90199825784697,1750.0,False,,,False,2,0
aco,static_live,39,2340.0,39.0,7,recovering,recovering,4 26 37 66,2053,1.7123287671232879,0.584,0.36,33.61217877341451,18.65,7,1,6,0.568712861124423,0.568712861124423,126.4956414505913,60.0,2400.0,0.0,0.0,0.0,31.84011709992774,0.0,0.0,126.4956414505913,2400.0,48.843024841795796,635.7405416815174,,,,False,False,not_attempted,0,0,0,0,6,0,0.0,143.80866492451364,1750.0,False,,,False,2,0
aco,static_live,40,2400.0,40.0,8,recovering,recovering,4 26 37 66,2053,1.639344262295082,0.61,0.4,33.72824984891458,18.666666666666668,6,1,5,0.8398033538912344,0.8398033538912344,127.33544480448253,60.0,2460.0,0.0,0.0,0.0,31.84011709992774,0.0,0.0,127.33544480448253,2460.0,46.13017232548409,490.78822921293255,,,,False,False,not_attempted,0,0,0,0,3,0,0.0,143.0621949039557,1774.0,False,,,False,2,0
aco,static_live,41,2460.0,41.0,8,recovering,recovering,4 26 37 66,2053,1.572327044025157,0.636,0.44,33.83553909057353,18.683333333333334,5,1,4,0.6111125667436967,0.6111125667436967,127.94655737122623,60.0,2520.0,0.0,0.0,0.0,31.84011709992774,0.0,0.0,127.94655737122623,2520.0,43.30605200320364,486.7610188789406,,,,False,False,not_attempted,0,0,0,0,15,0,0.0,142.96886157062238,1774.0,False,,,False,2,0
aco,static_live,42,2520.0,42.0,8,recovering,recovering,4 26 37 66,2053,1.5105740181268883,0.6619999999999999,0.48,33.93500680882702,18.7,4,1,3,0.6392144915351885,0.6392144915351885,128.58577186276142,60.0,2580.0,0.0,0.0,0.0,31.84011709992774,0.0,0.0,128.58577186276142,2580.0,41.01732772550912,454.23832704208235,,,,False,False,not_attempted,0,0,0,0,13,0,0.0,142.81977053818343,1917.0,False,,,False,2,0
aco,static_live,43,2580.0,43.0,8,recovering,recovering,4 26 37 66,2053,1.4534883720930234,0.688,0.52,34.0274782225581,18.716666666666665,3,0,3,1.6054554849316276,1.6054554849316276,130.19122734769306,60.0,2640.0,0.0,0.0,0.0,31.84011709992774,0.0,0.0,130.19122734769306,2640.0,38.51779687140524,337.55957354727,,,,False,False,not_attempted,0,0,0,0,7,0,0.0,141.30764838658519,1917.0,False,,,False,2,0
aco,static_live,44,2640.0,44.0,8,recovering,recovering,4 26 37 66,2053,1.400560224089636,0.714,0.56,34.113666407032305,18.733333333333334,3,1,2,2.2088047209466786,2.2088047209466786,132.40003206863975,60.0,2700.0,0.0,0.0,0.0,31.84011709992774,0.0,0.0,132.40003206863975,2700.0,35.56405570206484,334.37900607370267,,,,False,False,not_attempted,0,0,0,0,14,0,0.0,139.29833739663482,1917.0,False,,,False,2,0
aco,static_live,45,2700.0,45.0,9,recovering,recovering,4 26 37 66,2053,1.3513513513513513,0.74,0.6,34.194190717748114,18.75,2,0,2,0.20295828999695467,0.20295828999695467,132.6029903586367,60.0,2760.0,0.0,0.0,0.0,31.84011709992774,0.0,0.0,132.6029903586367,2760.0,32.011335764630445,331.4219379361156,,,,False,False,not_attempted,0,0,0,0,1,0,0.0,139.2050040633015,1917.0,False,,,False,1,0
aco,static_live,46,2760.0,46.0,9,recovering,recovering,4 26 37 66,2053,1.3054830287206267,0.766,0.64,34.26959169765464,18.766666666666666,2,1,1,0.11494898751824069,0.11494898751824069,132.71793934615494,60.0,2820.0,0.0,0.0,0.0,31.84011709992774,0.0,0.0,132.71793934615494,2820.0,30.496741697288748,328.665610716485,,,,False,False,not_attempted,0,0,0,0,0,0,0.0,139.1833884091166,1968.0,False,,,False,0,0
aco,static_live,47,2820.0,47.0,9,recovering,recovering,4 26 37 66,2053,1.2626262626262625,0.792,0.68,34.34034322669782,18.783333333333335,1,1,0,26.798510451011516,26.798510451011516,159.51644979716644,322.72572410990875,3142.7257241099087,0.0,0.0,0.0,31.84011709992774,0.0,0.0,159.51644979716644,3142.7257241099087,29.276310332853853,326.09025447592074,,,,False,False,not_attempted,0,0,0,0,315,105,0.3333333333333333,133.095491865507,1968.0,True,,,False,0,0
aco,static_frozen,0,0.0,0.0,0,normal,initial,4 26 37 66,0,1.0,1.0,0.0,34.78037077224997,18.0,84,0,84,18.680839634308782,18.680839634308782,18.680839634308782,60.0,60.0,9.003784299944527,22.83633279998321,31.84011709992774,31.84011709992774,0.0,0.0,18.680839634308782,60.0,129.8572811733068,2948.952446263193,,,,False,False,initial_plan,0,0,0,0,130,0,0.0,177.2717760608753,0.0,False,,,True,10,10
aco,static_frozen,1,60.0,1.0,0,normal,normal,4 26 37 66,0,1.0,1.0,0.0,34.78037077224997,18.016666666666666,84,0,84,4.7680615934003905,4.7680615934003905,23.44890122770917,60.0,120.0,0.0,0.0,0.0,31.84011709992774,0.0,0.0,23.44890122770917,120.0,110.44402959570512,2884.5846107093394,,,,False,False,not_attempted,0,0,0,0,76,0,0.0,176.09020652430007,0.0,False,,,False,10,10
aco,static_frozen,2,120.0,2.0,0,normal,normal,4 26 37 66,0,1.0,1.0,0.0,34.78037077224997,18.033333333333335,84,3,81,5.306297452810553,1.7687658176035177,28.755198680519726,60.0,180.0,0.0,0.0,0.0,31.84011709992774,0.0,0.0,28.755198680519726,180.0,105.15915328473176,2752.5964808827875,,,,False,False,not_attempted,0,0,0,0,66,0,0.0,174.7596401655785,215.0,False,,,False,9,7
aco,static_frozen,3,180.0,3.0,0,normal,normal,4 26 37 66,0,1.0,1.0,0.0,34.78037077224997,18.05,81,3,78,4.660065898009958,1.5533552993366528,33.41526457852969,60.0,240.0,0.0,0.0,0.0,31.84011709992774,0.0,0.0,33.41526457852969,240.0,100.06592291517671,2752.5964808827875,,,,False,False,not_attempted,0,0,0,0,63,0,0.0,174.60001662259305,215.0,False,,,False,9,4
aco,static_frozen,4,240.0,4.0,0,normal,normal,4 26 37 66,0,1.0,1.0,0.0,34.78037077224997,18.066666666666666,78,1,77,3.024516702171434,3.024516702171434,36.43978128070112,60.0,300.0,0.0,0.0,0.0,31.84011709992774,0.0,0.0,36.43978128070112,300.0,95.6512867909427,2700.7402108848582,,,,False,False,not_attempted,0,0,0,0,41,0,0.0,174.23595111138894,241.0,False,,,False,9,4
aco,static_frozen,5,300.0,5.0,1,normal,normal,4 26 37 66,0,1.0,1.0,0.0,34.78037077224997,18.083333333333332,77,4,73,2.8679341198432,0.7169835299608,39.30771540054432,60.0,360.0,0.0,0.0,0.0,31.84011709992774,0.0,0.0,39.30771540054432,360.0,92.80451466956619,2531.148694412799,,,,False,False,not_attempted,0,0,0,0,31,0,0.0,174.1426177780556,402.0,False,,,False,9,2
aco,static_frozen,6,360.0,6.0,1,normal,normal,4 26 37 66,0,1.0,1.0,0.0,34.78037077224997,18.1,73,3,70,3.5198933529509064,1.1732977843169687,42.82760875349523,60.0,420.0,0.0,0.0,0.0,31.84011709992774,0.0,0.0,42.82760875349523,420.0,89.498725620101,2531.148694412799,,,,False,False,not_attempted,0,0,0,0,44,0,0.0,173.80269504982573,422.0,False,,,False,9,1
aco,static_frozen,7,420.0,7.0,1,normal,normal,4 26 37 66,0,1.0,1.0,0.0,34.78037077224997,18.116666666666667,70,3,67,4.091652081357425,1.3638840271191415,46.91926083485265,60.0,480.0,0.0,0.0,0.0,31.84011709992774,0.0,0.0,46.91926083485265,480.0,86.23763270067052,2527.8765656637133,,,,False,False,not_attempted,0,0,0,0,30,0,0.0,171.7315048732715,641.0,False,,,False,9,1
aco,static_frozen,8,480.0,8.0,1,normal,normal,4 26 37 66,0,1.0,1.0,0.0,34.78037077224997,18.133333333333333,67,4,63,1.9465284663171223,0.48663211657928057,48.86578930116977,60.0,540.0,0.0,0.0,0.0,31.84011709992774,0.0,0.0,48.86578930116977,540.0,82.12902723057795,2353.8339100285225,,,,False,False,not_attempted,0,0,0,0,27,0,0.0,171.63817153993816,647.0,False,,,False,9,0
aco,static_frozen,9,540.0,9.0,1,normal,normal,4 26 37 66,0,1.0,1.0,0.0,34.78037077224997,18.15,63,4,59,3.8465037675471145,0.9616259418867786,52.71229306871688,60.0,600.0,0.0,0.0,0.0,31.84011709992774,0.0,0.0,52.71229306871688,600.0,80.29025643260388,2353.8339100285225,,,,False,False,not_attempted,0,0,0,0,34,0,0.0,171.54640459197284,647.0,False,,,False,9,0
aco,static_frozen,10,600.0,10.0,2,degrading,degrading,4 26 37 66,0,1.0,1.0,0.0,34.78037077224997,18.166666666666668,59,2,57,2.2406318836965116,1.1203159418482558,54.95292495241339,60.0,660.0,0.0,0.0,0.0,31.84011709992774,0.0,0.0,54.95292495241339,660.0,76.26459852359919,2334.9570515159016,,,,False,False,not_attempted,0,0,0,0,28,0,0.0,171.29011539682318,871.0,False,,,False,9,0
aco,static_frozen,11,660.0,11.0,2,degrading,degrading,4 26 37 66,2053,1.06951871657754,0.935,0.0,34.662799164863586,18.183333333333334,57,3,54,1.7566672163478407,0.5855557387826136,56.70959216876123,60.0,720.0,0.0,0.0,0.0,31.84011709992774,0.0,0.0,56.70959216876123,720.0,77.79354001243064,2196.0749094966495,,,,False,False,not_attempted,0,0,0,0,24,0,0.0,171.19678206348985,871.0,False,,,False,7,0
aco,static_frozen,12,720.0,12.0,2,degrading,degrading,4 26 37 66,2053,1.1494252873563218,0.87,0.0,34.52863750057551,18.2,54,4,50,2.5639355004805617,0.6409838751201404,59.273527669241794,60.0,780.0,0.0,0.0,0.0,31.84011709992774,0.0,0.0,59.273527669241794,780.0,80.27472267603096,2200.113987998971,,,,False,False,not_attempted,0,0,0,0,36,17,0.4722222222222222,170.7053520396286,1037.0,False,,,False,7,0
aco,static_frozen,13,780.0,13.0,2,degrading,degrading,4 26 37 66,2053,1.2422360248447206,0.8049999999999999,0.0,34.37410779707679,18.216666666666665,50,3,47,1.9927622038275121,0.6642540679425041,61.266289873069304,60.0,840.0,0.0,0.0,0.0,31.84011709992774,0.0,0.0,61.266289873069304,840.0,82.4505723842222,2165.668151839201,,,,False,False,not_attempted,0,0,0,0,21,4,0.19047619047619047,170.01502271405593,1037.0,False,,,False,7,0
aco,static_frozen,14,840.0,14.0,2,degrading,degrading,4 26 37 66,2053,1.3513513513513513,0.74,0.0,34.194190717748114,18.233333333333334,47,2,45,1.6167015732952945,0.8083507866476473,62.8829914463646,60.0,900.0,0.0,0.0,0.0,31.84011709992774,0.0,0.0,62.8829914463646,900.0,85.33921677306112,1988.5345512265599,,,,False,False,not_attempted,0,0,0,0,12,0,0.0,169.912246448997,1037.0,False,,,False,7,0
aco,static_frozen,15,900.0,15.0,3,degrading,degrading,4 26 37 66,2053,1.4814814814814814,0.675,0.0,33.98207009341471,18.25,45,4,41,2.4429949544495178,0.6107487386123794,65.32598640081412,60.0,960.0,0.0,0.0,0.0,31.84011709992774,0.0,0.0,65.32598640081412,960.0,90.13605426687023,1996.3543536348454,,,,False,False,not_attempted,0,0,0,0,26,18,0.6923076923076923,169.80947018393806,1142.0,False,,,False,7,0
aco,static_frozen,16,960.0,16.0,3,degrading,degrading,4 26 37 66,2053,1.639344262295082,0.61,0.0,33.72824984891458,18.266666666666666,41,1,40,4.136366919869714,4.136366919869714,69.46235332068383,60.0,1020.0,0.0,0.0,0.0,31.84011709992774,0.0,0.0,69.46235332068383,1020.0,95.88431921502796,2005.8406713104707,,,,False,False,not_attempted,0,0,0,0,42,11,0.2619047619047619,169.5629603131352,1142.0,False,,,False,7,0
aco,static_frozen,17,1020.0,17.0,3,degrading,degrading,4 26 37 66,2053,1.8348623853211008,0.545,0.0,33.41909336387101,18.283333333333335,40,2,38,6.151890339660394,3.075945169830197,75.61424366034423,60.0,1080.0,0.0,0.0,0.0,31.84011709992774,0.0,0.0,75.61424366034423,1080.0,100.8181306581309,1957.2395838744958,,,,False,False,not_attempted,0,0,0,0,37,7,0.1891891891891892,169.0078052550611,1142.0,False,,,False,7,0
aco,static_frozen,18,1080.0,18.0,3,degrading,degrading,4 26 37 66,2053,2.0833333333333335,0.48,0.0,33.03429063990616,18.3,38,1,37,4.0209314566178955,4.0209314566178955,79.63517511696213,60.0,1140.0,0.0,0.0,0.0,31.84011709992774,0.0,0.0,79.63517511696213,1140.0,102.95663801702729,2038.3000134172357,,,,False,False,not_attempted,0,0,0,0,16,6,0.375,168.7458575592287,1391.0,False,,,False,6,0
aco,static_frozen,19,1140.0,19.0,3,degrading,degrading,4 26 37 66,2053,2.409638554216868,0.4149999999999999,0.0,32.54220704861389,18.316666666666666,37,3,34,2.912178830655503,0.9707262768851677,82.54735394761764,60.0,1200.0,0.0,0.0,0.0,31.84011709992774,0.0,0.0,82.54735394761764,1200.0,106.64895498415514,2246.1373654019653,,,,False,False,not_attempted,0,0,0,0,23,3,0.13043478260869565,167.24947377026572,1391.0,False,,,False,5,0
aco,static_frozen,20,1200.0,20.0,4,disrupted,holding,4 26 37 66,2053,2.857142857142857,0.35,0.0,31.890711724713366,18.333333333333332,34,3,31,5.179369737385516,1.7264565791285051,87.72672368500315,60.0,1260.0,0.0,0.0,0.0,31.84011709992774,0.0,0.0,87.72672368500315,1260.0,111.75554214344882,2274.2649827940018,,,,False,False,not_attempted,0,0,0,0,22,7,0.3181818181818182,163.69117841945294,1530.0,False,,,False,5,0
aco,static_frozen,21,1260.0,21.0,4,disrupted,disrupted,4 26 37 66,2053,2.857142857142857,0.35,0.0,31.890711724713366,18.35,31,0,31,5.1321684285123785,5.1321684285123785,92.85889211351552,60.0,1320.0,0.0,0.0,0.0,31.84011709992774,0.0,0.0,92.85889211351552,1320.0,106.49890245626673,2215.321654204906,,,,False,False,not_attempted,0,0,0,0,15,7,0.4666666666666667,159.5048478807178,1530.0,False,,,False,5,0
aco,static_frozen,22,1320.0,22.0,4,disrupted,disrupted,4 26 37 66,2053,2.857142857142857,0.35,0.0,31.890711724713366,18.366666666666667,31,2,29,0.982033532668878,0.491016766334439,93.8409256461844,60.0,1380.0,0.0,0.0,0.0,31.84011709992774,0.0,0.0,93.8409256461844,1380.0,101.3937059543924,2047.5594611112024,,,,False,False,not_attempted,0,0,0,0,11,0,0.0,159.41151454738446,1530.0,False,,,False,5,0
aco,static_frozen,23,1380.0,23.0,4,disrupted,disrupted,4 26 37 66,2053,2.857142857142857,0.35,0.0,31.890711724713366,18.383333333333333,29,2,27,3.2117159213289783,1.6058579606644892,97.05264156751338,60.0,1440.0,0.0,0.0,0.0,31.84011709992774,0.0,0.0,97.05264156751338,1440.0,100.46718079952868,2047.5594611112024,,,,False,False,not_attempted,0,0,0,0,16,1,0.0625,157.91803900810635,1530.0,False,,,False,5,0
aco,static_frozen,24,1440.0,24.0,4,disrupted,disrupted,4 26 37 66,2053,2.857142857142857,0.35,0.0,31.890711724713366,18.4,27,1,26,3.3728236436990846,3.3728236436990846,100.42546521121245,60.0,1500.0,0.0,0.0,0.0,31.84011709992774,0.0,0.0,100.42546521121245,1500.0,97.0328812127699,2034.99849347472,,,,False,False,not_attempted,0,0,0,0,21,3,0.14285714285714285,156.15267304492045,1530.0,False,,,False,5,0
aco,static_frozen,25,1500.0,25.0,5,disrupted,disrupted,4 26 37 66,2053,2.857142857142857,0.35,0.0,31.890711724713366,18.416666666666668,26,1,25,1.0607175785853684,1.0607175785853684,101.48618278979782,60.0,1560.0,0.0,0.0,0.0,31.84011709992774,0.0,0.0,101.48618278979782,1560.0,93.7154582773346,1876.524517610398,,,,False,False,not_attempted,0,0,0,0,16,0,0.0,156.0593397115871,1530.0,False,,,False,5,0
aco,static_frozen,26,1560.0,26.0,5,disrupted,disrupted,4 26 37 66,2053,2.857142857142857,0.35,0.0,31.890711724713366,18.433333333333334,25,3,22,1.7933977585192415,0.5977992528397472,103.27958054831707,60.0,1620.0,0.0,0.0,0.0,31.84011709992774,0.0,0.0,103.27958054831707,1620.0,92.70621824153375,1876.524517610398,,,,False,False,not_attempted,0,0,0,0,8,1,0.125,155.6723022266348,1530.0,False,,,False,5,0
aco,static_frozen,27,1620.0,27.0,5,disrupted,disrupted,4 26 37 66,2053,2.857142857142857,0.35,0.0,31.890711724713366,18.45,22,2,20,3.0372718639352425,1.5186359319676213,106.31685241225232,60.0,1680.0,0.0,0.0,0.0,31.84011709992774,0.0,0.0,106.31685241225232,1680.0,89.73510216737664,1775.3698919157264,,,,False,False,not_attempted,0,0,0,0,27,2,0.07407407407407407,154.6985555093755,1530.0,False,,,False,5,0
aco,static_frozen,28,1680.0,28.0,5,disrupted,disrupted,4 26 37 66,2053,2.857142857142857,0.35,0.0,31.890711724713366,18.466666666666665,20,1,19,5.160446579763422,5.160446579763422,111.47729899201573,60.0,1740.0,0.0,0.0,0.0,31.84011709992774,0.0,0.0,111.47729899201573,1740.0,88.80924047533813,1775.3698919157264,,,,False,False,not_attempted,0,0,0,0,9,8,0.8888888888888888,153.7524475471819,1530.0,False,,,False,5,0
aco,static_frozen,29,1740.0,29.0,5,disrupted,disrupted,4 26 37 66,2053,2.857142857142857,0.35,0.0,31.890711724713366,18.483333333333334,19,2,17,3.7988106404129844,1.8994053202064922,115.27610963242871,60.0,1800.0,0.0,0.0,0.0,31.84011709992774,0.0,0.0,115.27610963242871,1800.0,84.44850871681938,1623.489029346124,,,,False,False,not_attempted,0,0,0,0,29,2,0.06896551724137931,153.65911421384857,1530.0,False,,,False,5,0
aco,static_frozen,30,1800.0,30.0,6,recovering,recovering,4 26 37 66,2053,2.857142857142857,0.35,0.0,31.890711724713366,18.5,17,1,16,1.6376051345783649,1.6376051345783649,116.91371476700708,60.0,1860.0,0.0,0.0,0.0,31.84011709992774,0.0,0.0,116.91371476700708,1860.0,81.5072254402913,1623.489029346124,,,,False,False,not_attempted,0,0,0,0,6,1,0.16666666666666666,153.45629850284956,1530.0,False,,,False,4,0
aco,static_frozen,31,1860.0,31.0,6,recovering,recovering,4 26 37 66,2053,2.6595744680851063,0.376,0.04,32.17509521684179,18.516666666666666,16,2,14,1.6853208821381163,0.8426604410690581,118.5990356491452,60.0,1920.0,0.0,0.0,0.0,31.84011709992774,0.0,0.0,118.5990356491452,1920.0,78.34388488163277,1586.159851869729,,,,False,False,not_attempted,0,0,0,0,9,2,0.2222222222222222,152.10481113889213,1589.0,False,,,False,3,0
aco,static_frozen,32,1920.0,32.0,6,recovering,recovering,4 26 37 66,2053,2.4875621890547266,0.40199999999999997,0.08,32.42685537164387,18.533333333333335,14,2,12,0.9638698521337984,0.4819349260668992,119.56290550127899,60.0,1980.0,0.0,0.0,0.0,31.84011709992774,0.0,0.0,119.56290550127899,1980.0,75.95047887138904,1546.3724352742486,,,,False,False,not_attempted,0,0,0,0,18,0,0.0,152.0073537196984,1589.0,False,,,False,3,0
aco,static_frozen,33,1980.0,33.0,6,recovering,recovering,4 26 37 66,2053,2.336448598130841,0.428,0.12,32.65130129753112,18.55,12,0,12,0.8535185867516937,0.8535185867516937,120.41642408803068,60.0,2040.0,0.0,0.0,0.0,31.84011709992774,0.0,0.0,120.41642408803068,2040.0,73.52912069766904,1078.604313192322,,,,False,False,not_attempted,0,0,0,0,22,0,0.0,151.91402038636505,1589.0,False,,,False,3,0
aco,static_frozen,34,2040.0,34.0,6,recovering,recovering,4 26 37 66,2053,2.2026431718061676,0.45399999999999996,0.16,32.852649376711604,18.566666666666666,12,2,10,10.339066958203496,5.169533479101748,130.75549104623417,60.0,2100.0,0.0,0.0,0.0,31.84011709992774,0.0,0.0,130.75549104623417,2100.0,70.53855789998299,1078.1898742380981,,,,False,False,not_attempted,0,0,0,0,60,13,0.21666666666666667,141.94024564907411,1589.0,False,,,False,3,0
aco,static_frozen,35,2100.0,35.0,7,recovering,recovering,4 26 37 66,2053,2.0833333333333335,0.48,0.2,33.03429063990616,18.583333333333332,10,0,10,0.9686102361925351,0.9686102361925351,131.72410128242672,60.0,2160.0,0.0,0.0,0.0,31.84011709992774,0.0,0.0,131.72410128242672,2160.0,60.07744624783575,938.5816458059152,,,,False,False,not_attempted,0,0,0,0,15,0,0.0,141.65943135309521,1589.0,False,,,False,3,0
aco,static_frozen,36,2160.0,36.0,7,recovering,recovering,4 26 37 66,2053,1.976284584980237,0.506,0.24,33.198983296359664,18.6,10,1,9,0.5634303962615999,0.5634303962615999,132.2875316786883,60.0,2220.0,0.0,0.0,0.0,31.84011709992774,0.0,0.0,132.2875316786883,2220.0,56.93649159976092,938.2500809917142,,,,False,False,not_attempted,0,0,0,0,14,0,0.0,141.56609801976188,1589.0,False,,,False,2,0
aco,static_frozen,37,2220.0,37.0,7,recovering,recovering,4 26 37 66,2053,1.8796992481203008,0.532,0.28,33.34899377229633,18.616666666666667,9,2,7,0.7952552695893276,0.3976276347946638,133.08278694827763,60.0,2280.0,0.0,0.0,0.0,31.84011709992774,0.0,0.0,133.08278694827763,2280.0,54.65266613877914,780.1007492844651,,,,False,False,not_attempted,0,0,0,0,9,0,0.0,140.95832332614657,1750.0,False,,,False,2,0
aco,static_frozen,38,2280.0,38.0,7,recovering,recovering,4 26 37 66,2053,1.7921146953405016,0.558,0.32,33.486201638691476,18.633333333333333,7,0,7,0.18666666666666665,0.18666666666666665,133.2694536149443,60.0,2340.0,0.0,0.0,0.0,31.84011709992774,0.0,0.0,133.2694536149443,2340.0,51.158347067725344,640.5350515540301,,,,False,False,not_attempted,0,0,0,0,0,0,0.0,140.86498999281324,1750.0,False,,,False,2,0
aco,static_frozen,39,2340.0,39.0,7,recovering,recovering,4 26 37 66,2053,1.7123287671232879,0.584,0.36,33.61217877341451,18.65,7,2,5,0.9067452329918531,0.45337261649592653,134.17619884793615,60.0,2400.0,0.0,0.0,0.0,31.84011709992774,0.0,0.0,134.17619884793615,2400.0,48.843024841795796,635.7405416815174,,,,False,False,not_attempted,0,0,0,0,8,0,0.0,140.43362428761247,1774.0,False,,,False,2,0
aco,static_frozen,40,2400.0,40.0,8,recovering,recovering,4 26 37 66,2053,1.639344262295082,0.61,0.4,33.72824984891458,18.666666666666668,5,0,5,0.5017709820238043,0.5017709820238043,134.67796982995995,60.0,2460.0,0.0,0.0,0.0,31.84011709992774,0.0,0.0,134.67796982995995,2460.0,45.698800992374494,490.78822921293255,,,,False,False,not_attempted,0,0,0,0,1,0,0.0,140.025186638922,1774.0,False,,,False,2,0
aco,static_frozen,41,2460.0,41.0,8,recovering,recovering,4 26 37 66,2053,1.572327044025157,0.636,0.44,33.83553909057353,18.683333333333334,5,1,4,0.6111125667436967,0.6111125667436967,135.28908239670363,60.0,2520.0,0.0,0.0,0.0,31.84011709992774,0.0,0.0,135.28908239670363,2520.0,43.30605200320364,486.7610188789406,,,,False,False,not_attempted,0,0,0,0,15,0,0.0,139.93185330558867,1774.0,False,,,False,2,0
aco,static_frozen,42,2520.0,42.0,8,recovering,recovering,4 26 37 66,2053,1.5105740181268883,0.6619999999999999,0.48,33.93500680882702,18.7,4,1,3,1.8878324661763979,1.8878324661763979,137.17691486288004,60.0,2580.0,0.0,0.0,0.0,31.84011709992774,0.0,0.0,137.17691486288004,2580.0,41.01732772550912,454.23832704208235,,,,False,False,not_attempted,0,0,0,0,19,0,0.0,138.53414429850855,1917.0,False,,,False,2,0
aco,static_frozen,43,2580.0,43.0,8,recovering,recovering,4 26 37 66,2053,1.4534883720930234,0.688,0.52,34.0274782225581,18.716666666666665,3,0,3,2.272815166907422,2.272815166907422,139.44973002978747,60.0,2640.0,0.0,0.0,0.0,31.84011709992774,0.0,0.0,139.44973002978747,2640.0,37.30600988382137,337.55957354727,,,,False,False,not_attempted,0,0,0,0,7,0,0.0,136.35466246493445,1917.0,False,,,False,2,0
aco,static_frozen,44,2640.0,44.0,8,recovering,recovering,4 26 37 66,2053,1.400560224089636,0.714,0.56,34.113666407032305,18.733333333333334,3,1,2,0.2928270643296755,0.2928270643296755,139.74255709411716,60.0,2700.0,0.0,0.0,0.0,31.84011709992774,0.0,0.0,139.74255709411716,2700.0,33.559322064156,334.37900607370267,,,,False,False,not_attempted,0,0,0,0,8,0,0.0,136.26132913160112,1917.0,False,,,False,1,0
aco,static_frozen,45,2700.0,45.0,9,recovering,recovering,4 26 37 66,2053,1.3513513513513513,0.74,0.6,34.194190717748114,18.75,2,1,1,0.14724995518248485,0.14724995518248485,139.88980704929963,60.0,2760.0,0.0,0.0,0.0,31.84011709992774,0.0,0.0,139.88980704929963,2760.0,32.011335764630445,331.4219379361156,,,,False,False,not_attempted,0,0,0,0,1,0,0.0,136.22370413308226,1968.0,False,,,False,1,0
aco,static_frozen,46,2760.0,46.0,9,recovering,recovering,4 26 37 66,2053,1.3054830287206267,0.766,0.64,34.26959169765464,18.766666666666666,1,0,1,0.09333333333333332,0.09333333333333332,139.98314038263297,60.0,2820.0,0.0,0.0,0.0,31.84011709992774,0.0,0.0,139.98314038263297,2820.0,30.496741697288748,328.665610716485,,,,False,False,not_attempted,0,0,0,0,0,0,0.0,136.22370413308226,1968.0,False,,,False,0,0
aco,static_frozen,47,2820.0,47.0,9,recovering,recovering,4 26 37 66,2053,1.2626262626262625,0.792,0.68,34.34034322669782,18.783333333333335,1,1,0,27.158645801630172,27.158645801630172,167.14178618426314,323.4991587911679,3143.4991587911677,0.0,0.0,0.0,31.84011709992774,0.0,0.0,167.14178618426314,3143.4991587911677,29.276310332853853,326.09025447592074,,,,False,False,not_attempted,0,0,0,0,324,118,0.36419753086419754,130.13580758947268,1968.0,True,,,False,0,0
pso,adaptive,0,0.0,0.0,0,normal,initial,4 26 37 66,0,1.0,1.0,0.0,34.78037077224997,18.0,84,0,84,17.41716950529079,17.41716950529079,17.41716950529079,60.0,60.0,9.01954150001984,12.315022700000554,21.334564200020395,21.334564200020395,0.0,0.0,17.41716950529079,60.0,151.37406968292143,2569.719418511708,,,,False,False,initial_plan,0,0,0,0,96,0,0.0,177.86965881732976,0.0,False,,,True,10,10
pso,adaptive,1,60.0,1.0,0,normal,normal,4 26 37 66,0,1.0,1.0,0.0,34.78037077224997,18.016666666666666,84,0,84,2.9117287974767976,2.9117287974767976,20.328898302767588,60.0,120.0,0.0,0.0,0.0,21.334564200020395,0.0,0.0,20.328898302767588,120.0,133.1191070568551,2507.5518550268002,,,,False,False,not_attempted,0,0,0,0,47,0,0.0,177.4588955213837,0.0,False,,,False,10,10
pso,adaptive,2,120.0,2.0,0,normal,normal,4 26 37 66,0,1.0,1.0,0.0,34.78037077224997,18.033333333333335,84,5,79,4.945953376604522,0.9891906753209044,25.27485167937211,60.0,180.0,0.0,0.0,0.0,21.334564200020395,0.0,0.0,25.27485167937211,180.0,129.7508783653988,2355.035662758609,,,,False,False,not_attempted,0,0,0,0,48,0,0.0,176.84027550943307,239.0,False,,,False,9,5
pso,adaptive,3,180.0,3.0,0,normal,normal,4 26 37 66,0,1.0,1.0,0.0,34.78037077224997,18.05,79,3,76,5.2858708059973845,1.7619569353324616,30.560722485369492,60.0,240.0,0.0,0.0,0.0,21.334564200020395,0.0,0.0,30.560722485369492,240.0,125.54196401841551,2355.035662758609,,,,False,False,not_attempted,0,0,0,0,84,0,0.0,176.08417388140913,239.0,False,,,False,9,2
pso,adaptive,4,240.0,4.0,0,normal,normal,4 26 37 66,0,1.0,1.0,0.0,34.78037077224997,18.066666666666666,76,0,76,4.768439058186637,4.768439058186637,35.329161543556125,60.0,300.0,0.0,0.0,0.0,21.334564200020395,0.0,0.0,35.329161543556125,300.0,119.70961591445298,2307.5810249028364,,,,False,False,not_attempted,0,0,0,0,69,0,0.0,174.23595111138894,239.0,False,,,False,9,2
pso,adaptive,5,300.0,5.0,1,normal,normal,4 26 37 66,0,1.0,1.0,0.0,34.78037077224997,18.083333333333332,76,2,74,2.335379566890029,1.1676897834450144,37.66454111044615,60.0,360.0,10.447520299931057,805.4143116999185,815.8618319998495,837.1963961998699,0.0,0.0,37.66454111044615,360.0,109.77338979096476,2698.550200996692,115.25900310952544,109.77338979096476,5.485613318560681,True,True,lower_residual_energy,5,37,5,37,79,0,0.0,174.1426177780556,324.0,False,,,True,9,2
pso,adaptive,6,360.0,6.0,1,normal,normal,4 26 37 66,0,1.0,1.0,0.0,34.78037077224997,18.1,74,4,70,3.101740268185227,0.7754350670463067,40.766281378631376,60.0,420.0,0.0,0.0,0.0,837.1963961998699,0.0,0.0,40.766281378631376,420.0,107.33923289675523,2639.5028954880127,,,,False,False,not_attempted,0,0,0,0,41,0,0.0,173.80269504982573,430.0,False,,,False,9,1
pso,adaptive,7,420.0,7.0,1,normal,normal,4 26 37 66,0,1.0,1.0,0.0,34.78037077224997,18.116666666666667,70,1,69,5.0773071523580215,5.0773071523580215,45.8435885309894,60.0,480.0,0.0,0.0,0.0,837.1963961998699,0.0,0.0,45.8435885309894,480.0,104.10869149420049,2480.9555026133576,,,,False,False,not_attempted,0,0,0,0,37,0,0.0,171.7427549458747,430.0,False,,,False,9,1
pso,adaptive,8,480.0,8.0,1,normal,normal,4 26 37 66,0,1.0,1.0,0.0,34.78037077224997,18.133333333333333,69,3,66,4.568801367389507,1.5229337891298356,50.412389898378905,60.0,540.0,0.0,0.0,0.0,837.1963961998699,0.0,0.0,50.412389898378905,540.0,99.38973287812432,2480.9555026133576,,,,False,False,not_attempted,0,0,0,0,44,0,0.0,170.12900684926333,574.0,False,,,False,9,1
pso,adaptive,9,540.0,9.0,1,normal,normal,4 26 37 66,0,1.0,1.0,0.0,34.78037077224997,18.15,66,2,64,2.8987751236060793,1.4493875618030396,53.31116502198498,60.0,600.0,0.0,0.0,0.0,837.1963961998699,0.0,0.0,53.31116502198498,600.0,94.4431869676926,2360.9555026133576,,,,False,False,not_attempted,0,0,0,0,17,0,0.0,169.55281890713212,647.0,False,,,False,9,1
pso,adaptive,10,600.0,10.0,2,degrading,degrading,4 26 37 66,0,1.0,1.0,0.0,34.78037077224997,18.166666666666668,64,4,60,2.461197722411713,0.6152994306029282,55.772362744396695,60.0,660.0,6.669992581009865e-05,453.4549915000098,453.4550581999356,1290.6514543998055,0.0,0.0,55.772362744396695,660.0,88.94705862945925,2527.242251851788,91.85049389647273,88.94705862945925,2.903435267013478,True,True,lower_residual_energy,4,17,4,17,28,0,0.0,169.4594855737988,659.0,False,,,True,9,0
pso,adaptive,11,660.0,11.0,2,degrading,degrading,4 26 37 66,2053,1.06951871657754,0.935,0.0,34.662799164863586,18.183333333333334,60,4,56,5.664025009916791,1.4160062524791976,61.436387754313486,60.0,720.0,0.0,0.0,0.0,1290.6514543998055,0.0,0.0,61.436387754313486,720.0,89.93185136844558,2509.8886836805873,,,,False,False,not_attempted,0,0,0,0,95,15,0.15789473684210525,169.0036065577671,725.0,False,,,False,9,0
pso,adaptive,12,720.0,12.0,2,degrading,degrading,4 26 37 66,2053,1.1494252873563218,0.87,0.0,34.52863750057551,18.2,56,1,55,3.6946782687247843,3.6946782687247843,65.13106602303827,60.0,780.0,0.0,0.0,0.0,1290.6514543998055,0.0,0.0,65.13106602303827,780.0,87.24466927808822,2451.380471463514,,,,False,False,not_attempted,0,0,0,0,43,10,0.23255813953488372,168.70238617422373,743.0,False,,,False,8,0
pso,adaptive,13,780.0,13.0,2,degrading,degrading,4 26 37 66,2053,1.2422360248447206,0.8049999999999999,0.0,34.37410779707679,18.216666666666665,55,3,52,3.1995502667517934,1.0665167555839312,68.33061628979007,60.0,840.0,0.0,0.0,0.0,1290.6514543998055,0.0,0.0,68.33061628979007,840.0,87.53172764218799,2393.1156663876714,,,,False,False,not_attempted,0,0,0,0,61,0,0.0,167.33987522043492,940.0,False,,,False,8,0
pso,adaptive,14,840.0,14.0,2,degrading,degrading,4 26 37 66,2053,1.3513513513513513,0.74,0.0,34.194190717748114,18.233333333333334,52,0,52,1.0196077321995112,1.0196077321995112,69.35022402198959,60.0,900.0,0.0,0.0,0.0,1290.6514543998055,0.0,0.0,69.35022402198959,900.0,88.2758960278417,2257.53098891543,,,,False,False,not_attempted,0,0,0,0,15,0,0.0,167.24654188710159,940.0,False,,,False,7,0
pso,adaptive,15,900.0,15.0,3,degrading,degrading,4 26 37 66,2053,1.4814814814814814,0.675,0.0,33.98207009341471,18.25,52,4,48,2.562970023388844,0.640742505847211,71.91319404537843,60.0,960.0,10.719607600010931,290.2912367999088,301.01084439991973,1591.6622987997252,0.0,0.0,71.91319404537843,960.0,91.3934449462689,2265.350791323716,92.2160184532655,91.3934449462689,0.8225735069966049,True,True,lower_residual_energy,3,4,3,4,36,5,0.1388888888888889,167.14922124659896,940.0,False,,,True,9,0
pso,adaptive,16,960.0,16.0,3,degrading,degrading,4 26 37 66,2053,1.639344262295082,0.61,0.0,33.72824984891458,18.266666666666666,48,3,45,2.2994986502331045,0.7664995500777015,74.21269269561154,60.0,1020.0,0.0,0.0,0.0,1591.6622987997252,0.0,0.0,74.21269269561154,1020.0,94.4374919390347,2233.9862972033525,,,,False,False,not_attempted,0,0,0,0,67,0,0.0,166.8670760414902,968.0,False,,,False,8,0
pso,adaptive,17,1020.0,17.0,3,degrading,degrading,4 26 37 66,2053,1.8348623853211008,0.545,0.0,33.41909336387101,18.283333333333335,45,4,41,1.8039585057803562,0.45098962644508905,76.0166512013919,60.0,1080.0,0.0,0.0,0.0,1591.6622987997252,0.0,0.0,76.0166512013919,1080.0,98.37696102261562,2234.591880464543,,,,False,False,not_attempted,0,0,0,0,19,3,0.15789473684210525,166.80438726576892,1127.0,False,,,False,8,0
pso,adaptive,18,1080.0,18.0,3,degrading,degrading,4 26 37 66,2053,2.0833333333333335,0.48,0.0,33.03429063990616,18.3,41,3,38,3.216900494809486,1.0723001649364954,79.23355169620137,60.0,1140.0,0.0,0.0,0.0,1591.6622987997252,0.0,0.0,79.23355169620137,1140.0,103.40075054159705,2230.5179610975824,,,,False,False,not_attempted,0,0,0,0,62,0,0.0,166.7110539324356,1127.0,False,,,False,7,0
pso,adaptive,19,1140.0,19.0,3,degrading,degrading,4 26 37 66,2053,2.409638554216868,0.4149999999999999,0.0,32.54220704861389,18.316666666666666,38,4,34,3.5011950017597755,0.8752987504399439,82.73474669796116,60.0,1200.0,0.0,0.0,0.0,1591.6622987997252,0.0,0.0,82.73474669796116,1200.0,106.43199290752638,2590.4244894698395,,,,False,False,not_attempted,0,0,0,0,32,0,0.0,166.42425297263887,1138.0,False,,,False,7,0
pso,adaptive,20,1200.0,20.0,4,disrupted,holding,4 26 37 66,2053,2.857142857142857,0.35,0.0,31.890711724713366,18.333333333333332,34,0,34,5.029779137005492,5.029779137005492,87.76452583496665,60.0,1260.0,10.792581500019878,204.02908120001666,214.82166270003654,1806.4839614997618,0.0,0.0,87.76452583496665,1260.0,109.23320882665675,3327.693339644294,110.34102393225288,109.23320882665675,1.1078151055961314,True,True,lower_residual_energy,3,9,3,9,13,8,0.6153846153846154,166.33091963930553,1138.0,False,,,True,7,0
pso,adaptive,21,1260.0,21.0,4,disrupted,disrupted,4 26 37 66,2053,2.857142857142857,0.35,0.0,31.890711724713366,18.35,34,5,29,3.834056166873758,0.7668112333747515,91.59858200184041,60.0,1320.0,0.0,0.0,0.0,1806.4839614997618,0.0,0.0,91.59858200184041,1320.0,104.24628669683757,3195.424391748361,,,,False,False,not_attempted,0,0,0,0,75,1,0.013333333333333334,166.23930145869272,1308.0,False,,,False,7,0
pso,adaptive,22,1320.0,22.0,4,disrupted,disrupted,4 26 37 66,2053,2.857142857142857,0.35,0.0,31.890711724713366,18.366666666666667,29,2,27,5.351685203703418,2.675842601851709,96.95026720554384,60.0,1380.0,0.0,0.0,0.0,1806.4839614997618,0.0,0.0,96.95026720554384,1380.0,101.03876220711953,3195.424391748361,,,,False,False,not_attempted,0,0,0,0,34,0,0.0,165.4309889847104,1308.0,False,,,False,7,0
pso,adaptive,23,1380.0,23.0,4,disrupted,disrupted,4 26 37 66,2053,2.857142857142857,0.35,0.0,31.890711724713366,18.383333333333333,27,0,27,2.990397944915416,2.990397944915416,99.94066515045925,60.0,1440.0,0.0,0.0,0.0,1806.4839614997618,0.0,0.0,99.94066515045925,1440.0,95.33454511388818,3150.522709611832,,,,False,False,not_attempted,0,0,0,0,10,0,0.0,163.4302956900342,1308.0,False,,,False,6,0
pso,adaptive,24,1440.0,24.0,4,disrupted,disrupted,4 26 37 66,2053,2.857142857142857,0.35,0.0,31.890711724713366,18.4,27,4,23,1.3160118313453117,0.32900295783632794,101.25667698180456,60.0,1500.0,0.0,0.0,0.0,1806.4839614997618,0.0,0.0,101.25667698180456,1500.0,92.45720311641607,2999.437200851468,,,,False,False,not_attempted,0,0,0,0,32,0,0.0,163.33696235670087,1429.0,False,,,False,6,0
pso,adaptive,25,1500.0,25.0,5,disrupted,disrupted,4 26 37 66,2053,2.857142857142857,0.35,0.0,31.890711724713366,18.416666666666668,23,3,20,3.533120970826196,1.1777069902753987,104.78979795263075,60.0,1560.0,6.029999349266291e-05,27.50298870005645,27.50304900004994,1833.9870104998117,0.0,0.0,104.78979795263075,1560.0,90.22389563233106,2221.0541041582824,90.92889066751019,90.22389563233106,0.7049950351791239,True,True,lower_residual_energy,3,11,3,11,31,0,0.0,162.37033009553556,1429.0,False,,,True,4,0
pso,adaptive,26,1560.0,26.0,5,disrupted,disrupted,4 26 37 66,2053,2.857142857142857,0.35,0.0,31.890711724713366,18.433333333333334,20,2,18,1.2415578261008036,0.6207789130504018,106.03135577873155,60.0,1620.0,0.0,0.0,0.0,1833.9870104998117,0.0,0.0,106.03135577873155,1620.0,86.8052461036518,2158.656394184781,,,,False,False,not_attempted,0,0,0,0,9,0,0.0,161.9536758414032,1522.0,False,,,False,3,0
pso,adaptive,27,1620.0,27.0,5,disrupted,disrupted,4 26 37 66,2053,2.857142857142857,0.35,0.0,31.890711724713366,18.45,18,2,16,1.1982346930068604,0.5991173465034302,107.22959047173842,60.0,1680.0,0.0,0.0,0.0,1833.9870104998117,0.0,0.0,107.22959047173842,1680.0,85.95135750845519,2103.5883937024896,,,,False,False,not_attempted,0,0,0,0,31,0,0.0,161.86034250806986,1522.0,False,,,False,3,0
pso,adaptive,28,1680.0,28.0,5,disrupted,disrupted,4 26 37 66,2053,2.857142857142857,0.35,0.0,31.890711724713366,18.466666666666665,16,1,15,1.450793663258223,1.450793663258223,108.68038413499664,60.0,1740.0,0.0,0.0,0.0,1833.9870104998117,0.0,0.0,108.68038413499664,1740.0,84.93440964811211,2044.9161607510778,,,,False,False,not_attempted,0,0,0,0,30,0,0.0,160.97060137405919,1522.0,False,,,False,3,0
pso,adaptive,29,1740.0,29.0,5,disrupted,disrupted,4 26 37 66,2053,2.857142857142857,0.35,0.0,31.890711724713366,18.483333333333334,15,0,15,1.188711661824023,1.188711661824023,109.86909579682067,60.0,1800.0,0.0,0.0,0.0,1833.9870104998117,0.0,0.0,109.86909579682067,1800.0,83.24355009229215,1985.0304652634177,,,,False,False,not_attempted,0,0,0,0,34,0,0.0,160.87726804072585,1522.0,False,,,False,3,0
pso,adaptive,30,1800.0,30.0,6,recovering,recovering,4 26 37 66,2053,2.857142857142857,0.35,0.0,31.890711724713366,18.5,15,2,13,3.450861920907275,1.7254309604536375,113.31995771772795,60.0,1860.0,6.520003080368042e-05,16.6542635000078,16.654328700038604,1850.6413391998503,0.0,0.0,113.31995771772795,1860.0,82.19959218505299,1924.4375017880402,82.19959218505299,83.01984739340618,-0.8202552083531884,True,False,incumbent_not_worse,1,2,0,0,31,4,0.12903225806451613,160.00730031465406,1522.0,False,,,True,3,0
pso,adaptive,31,1860.0,31.0,6,recovering,recovering,4 26 37 66,2053,2.6595744680851063,0.376,0.04,32.17509521684179,18.516666666666666,13,0,13,3.574752868885831,3.574752868885831,116.89471058661377,60.0,1920.0,0.0,0.0,0.0,1850.6413391998503,0.0,0.0,116.89471058661377,1920.0,75.57294981412622,1611.6264309194278,,,,False,False,not_attempted,0,0,0,0,5,3,0.6,159.05116784399306,1522.0,False,,,False,3,0
pso,adaptive,32,1920.0,32.0,6,recovering,recovering,4 26 37 66,2053,2.4875621890547266,0.40199999999999997,0.08,32.42685537164387,18.533333333333335,13,1,12,2.6837589482276636,2.6837589482276636,119.57846953484143,60.0,1980.0,0.0,0.0,0.0,1850.6413391998503,0.0,0.0,119.57846953484143,1980.0,69.90990575303185,1527.0345134590184,,,,False,False,not_attempted,0,0,0,0,20,1,0.05,158.95783451065972,1522.0,False,,,False,2,0
pso,adaptive,33,1980.0,33.0,6,recovering,recovering,4 26 37 66,2053,2.336448598130841,0.428,0.12,32.65130129753112,18.55,12,1,11,0.19277568834705577,0.19277568834705577,119.77124522318849,60.0,2040.0,0.0,0.0,0.0,1850.6413391998503,0.0,0.0,119.77124522318849,2040.0,65.3230289768881,1382.6414495825352,,,,False,False,not_attempted,0,0,0,0,0,0,0.0,158.95172548897932,1522.0,False,,,False,2,0
pso,adaptive,34,2040.0,34.0,6,recovering,recovering,4 26 37 66,2053,2.2026431718061676,0.45399999999999996,0.16,32.852649376711604,18.566666666666666,11,2,9,2.969742171822856,1.484871085911428,122.74098739501135,60.0,2100.0,0.0,0.0,0.0,1850.6413391998503,0.0,0.0,122.74098739501135,2100.0,63.503843391004544,1362.4727628849005,,,,False,False,not_attempted,0,0,0,0,7,4,0.5714285714285714,157.47875798983952,1522.0,False,,,False,2,0
pso,adaptive,35,2100.0,35.0,7,recovering,recovering,4 26 37 66,2053,2.0833333333333335,0.48,0.2,33.03429063990616,18.583333333333332,9,0,9,0.40557527909143265,0.40557527909143265,123.14656267410278,60.0,2160.0,10.905081600067206,8.702384400065057,19.607466000132263,1870.2488051999826,0.0,0.0,123.14656267410278,2160.0,58.874901773883714,1192.427123526436,58.874901773883714,58.874901773883714,0.0,True,False,incumbent_not_worse,0,0,0,0,6,0,0.0,157.3854246565062,1522.0,False,,,True,2,0
pso,adaptive,36,2160.0,36.0,7,recovering,recovering,4 26 37 66,2053,1.976284584980237,0.506,0.24,33.198983296359664,18.6,9,1,8,0.4063357818610259,0.4063357818610259,123.55289845596381,60.0,2220.0,0.0,0.0,0.0,1870.2488051999826,0.0,0.0,123.55289845596381,2220.0,56.87003746818092,1173.0525533227324,,,,False,False,not_attempted,0,0,0,0,1,1,1.0,157.0724222079785,1564.0,False,,,False,2,0
pso,adaptive,37,2220.0,37.0,7,recovering,recovering,4 26 37 66,2053,1.8796992481203008,0.532,0.28,33.34899377229633,18.616666666666667,8,1,7,1.3195691189172405,1.3195691189172405,124.87246757488106,60.0,2280.0,0.0,0.0,0.0,1870.2488051999826,0.0,0.0,124.87246757488106,2280.0,54.41082948062488,1093.6702385650137,,,,False,False,not_attempted,0,0,0,0,5,1,0.2,156.13999939309215,1564.0,False,,,False,2,0
pso,adaptive,38,2280.0,38.0,7,recovering,recovering,4 26 37 66,2053,1.7921146953405016,0.558,0.32,33.486201638691476,18.633333333333333,7,0,7,0.36198738968577826,0.36198738968577826,125.23445496456684,60.0,2340.0,0.0,0.0,0.0,1870.2488051999826,0.0,0.0,125.23445496456684,2340.0,51.96235554938739,1065.1368439886132,,,,False,False,not_attempted,0,0,0,0,0,0,0.0,155.87134533673972,1564.0,False,,,False,2,0
pso,adaptive,39,2340.0,39.0,7,recovering,recovering,4 26 37 66,2053,1.7123287671232879,0.584,0.36,33.61217877341451,18.65,7,1,6,0.7183316989231812,0.7183316989231812,125.95278666349002,60.0,2400.0,0.0,0.0,0.0,1870.2488051999826,0.0,0.0,125.95278666349002,2400.0,50.31436305969965,938.2507754692909,,,,False,False,not_attempted,0,0,0,0,11,0,0.0,155.7780120034064,1564.0,False,,,False,2,0
pso,adaptive,40,2400.0,40.0,8,recovering,recovering,4 26 37 66,2053,1.639344262295082,0.61,0.4,33.72824984891458,18.666666666666668,6,1,5,0.811732297199492,0.811732297199492,126.76451896068951,60.0,2460.0,10.689031800022349,0.5344427999807522,11.223474600003101,1881.4722797999857,0.0,0.0,126.76451896068951,2460.0,48.219827222703195,937.1028019859117,48.219827222703195,48.219827222703195,0.0,True,False,incumbent_not_worse,0,0,0,0,3,3,1.0,155.0596130395402,1654.0,False,,,True,2,0
pso,adaptive,41,2460.0,41.0,8,recovering,recovering,4 26 37 66,2053,1.572327044025157,0.636,0.44,33.83553909057353,18.683333333333334,5,1,4,0.18738477061454367,0.18738477061454367,126.95190373130406,60.0,2520.0,0.0,0.0,0.0,1881.4722797999857,0.0,0.0,126.95190373130406,2520.0,46.168982318634995,766.7461864923062,,,,False,False,not_attempted,0,0,0,0,1,0,0.0,154.96627970620688,1666.0,False,,,False,2,0
pso,adaptive,42,2520.0,42.0,8,recovering,recovering,4 26 37 66,2053,1.5105740181268883,0.6619999999999999,0.48,33.93500680882702,18.7,4,1,3,0.42701650766987337,0.42701650766987337,127.37892023897393,60.0,2580.0,0.0,0.0,0.0,1881.4722797999857,0.0,0.0,127.37892023897393,2580.0,45.05414835044623,762.9647560989827,,,,False,False,not_attempted,0,0,0,0,3,1,0.3333333333333333,154.70977066873073,1778.0,False,,,False,2,0
pso,adaptive,43,2580.0,43.0,8,recovering,recovering,4 26 37 66,2053,1.4534883720930234,0.688,0.52,34.0274782225581,18.716666666666665,3,0,3,1.3691002835433452,1.3691002835433452,128.74802052251727,60.0,2640.0,0.0,0.0,0.0,1881.4722797999857,0.0,0.0,128.74802052251727,2640.0,43.51689274450907,748.1705894780642,,,,False,False,not_attempted,0,0,0,0,15,2,0.13333333333333333,153.43400371852078,1778.0,False,,,False,2,0
pso,adaptive,44,2640.0,44.0,8,recovering,recovering,4 26 37 66,2053,1.400560224089636,0.714,0.56,34.113666407032305,18.733333333333334,3,1,2,3.440099464629747,3.440099464629747,132.18811998714702,60.0,2700.0,0.0,0.0,0.0,1881.4722797999857,0.0,0.0,132.18811998714702,2700.0,41.42834037113821,688.9278049501535,,,,False,False,not_attempted,0,0,0,0,23,9,0.391304347826087,150.33957454715878,1885.0,False,,,False,2,0
pso,adaptive,45,2700.0,45.0,9,recovering,recovering,4 26 37 66,2053,1.3513513513513513,0.74,0.6,34.194190717748114,18.75,2,0,2,0.6984102787717328,0.6984102787717328,132.88653026591876,60.0,2760.0,10.761428600060754,0.16390220005996525,10.925330800120719,1892.3976106001064,0.0,0.0,132.88653026591876,2760.0,37.164805161419146,541.1189894282935,37.164805161419146,37.164805161419146,0.0,True,False,incumbent_not_worse,0,0,0,0,8,0,0.0,150.24624121382544,1885.0,False,,,True,1,0
pso,adaptive,46,2760.0,46.0,9,recovering,recovering,4 26 37 66,2053,1.3054830287206267,0.766,0.64,34.26959169765464,18.766666666666666,2,1,1,0.14570886608263844,0.14570886608263844,133.0322391320014,60.0,2820.0,0.0,0.0,0.0,1892.3976106001064,0.0,0.0,133.0322391320014,2820.0,35.62750312298891,535.0973740747136,,,,False,False,not_attempted,0,0,0,0,0,0,0.0,150.19386568107615,1994.0,False,,,False,0,0
pso,adaptive,47,2820.0,47.0,9,recovering,recovering,4 26 37 66,2053,1.2626262626262625,0.792,0.68,34.34034322669782,18.783333333333335,1,1,0,32.8909694693667,32.8909694693667,165.9232086013681,561.981526892389,3381.981526892389,0.0,0.0,0.0,1892.3976106001064,0.0,0.0,165.9232086013681,3381.981526892389,34.86439604059294,534.284000610554,,,,False,False,not_attempted,0,0,0,0,454,61,0.1343612334801762,143.1966309256439,1994.0,True,,,False,0,0
pso,static_live,0,0.0,0.0,0,normal,initial,4 26 37 66,0,1.0,1.0,0.0,34.78037077224997,18.0,84,0,84,17.41716950529079,17.41716950529079,17.41716950529079,60.0,60.0,9.01954150001984,12.315022700000554,21.334564200020395,21.334564200020395,0.0,0.0,17.41716950529079,60.0,151.37406968292143,2569.719418511708,,,,False,False,initial_plan,0,0,0,0,96,0,0.0,177.86965881732976,0.0,False,,,True,10,10
pso,static_live,1,60.0,1.0,0,normal,normal,4 26 37 66,0,1.0,1.0,0.0,34.78037077224997,18.016666666666666,84,0,84,2.9117287974767976,2.9117287974767976,20.328898302767588,60.0,120.0,0.0,0.0,0.0,21.334564200020395,0.0,0.0,20.328898302767588,120.0,133.1191070568551,2507.5518550268002,,,,False,False,not_attempted,0,0,0,0,47,0,0.0,177.4588955213837,0.0,False,,,False,10,10
pso,static_live,2,120.0,2.0,0,normal,normal,4 26 37 66,0,1.0,1.0,0.0,34.78037077224997,18.033333333333335,84,5,79,4.945953376604522,0.9891906753209044,25.27485167937211,60.0,180.0,0.0,0.0,0.0,21.334564200020395,0.0,0.0,25.27485167937211,180.0,129.7508783653988,2355.035662758609,,,,False,False,not_attempted,0,0,0,0,48,0,0.0,176.84027550943307,239.0,False,,,False,9,5
pso,static_live,3,180.0,3.0,0,normal,normal,4 26 37 66,0,1.0,1.0,0.0,34.78037077224997,18.05,79,3,76,5.2858708059973845,1.7619569353324616,30.560722485369492,60.0,240.0,0.0,0.0,0.0,21.334564200020395,0.0,0.0,30.560722485369492,240.0,125.54196401841551,2355.035662758609,,,,False,False,not_attempted,0,0,0,0,84,0,0.0,176.08417388140913,239.0,False,,,False,9,2
pso,static_live,4,240.0,4.0,0,normal,normal,4 26 37 66,0,1.0,1.0,0.0,34.78037077224997,18.066666666666666,76,0,76,4.768439058186637,4.768439058186637,35.329161543556125,60.0,300.0,0.0,0.0,0.0,21.334564200020395,0.0,0.0,35.329161543556125,300.0,119.70961591445298,2307.5810249028364,,,,False,False,not_attempted,0,0,0,0,69,0,0.0,174.23595111138894,239.0,False,,,False,9,2
pso,static_live,5,300.0,5.0,1,normal,normal,4 26 37 66,0,1.0,1.0,0.0,34.78037077224997,18.083333333333332,76,2,74,2.033059245297843,1.0165296226489215,37.36222078885397,60.0,360.0,0.0,0.0,0.0,21.334564200020395,0.0,0.0,37.36222078885397,360.0,115.25900310952544,2179.6312187929043,,,,False,False,not_attempted,0,0,0,0,67,0,0.0,174.1426177780556,324.0,False,,,False,9,2
pso,static_live,6,360.0,6.0,1,normal,normal,4 26 37 66,0,1.0,1.0,0.0,34.78037077224997,18.1,74,4,70,2.8956701116039376,0.7239175279009844,40.25789090045791,60.0,420.0,0.0,0.0,0.0,21.334564200020395,0.0,0.0,40.25789090045791,420.0,113.42229091822706,2179.6312187929043,,,,False,False,not_attempted,0,0,0,0,34,0,0.0,173.80269504982573,430.0,False,,,False,9,1
pso,static_live,7,420.0,7.0,1,normal,normal,4 26 37 66,0,1.0,1.0,0.0,34.78037077224997,18.116666666666667,70,2,68,4.8735631587271255,2.4367815793635628,45.13145405918503,60.0,480.0,0.0,0.0,0.0,21.334564200020395,0.0,0.0,45.13145405918503,480.0,110.51467952032222,2149.403453117163,,,,False,False,not_attempted,0,0,0,0,51,0,0.0,171.7315048732715,430.0,False,,,False,9,0
pso,static_live,8,480.0,8.0,1,normal,normal,4 26 37 66,0,1.0,1.0,0.0,34.78037077224997,18.133333333333333,68,2,66,3.744268046077959,1.8721340230389796,48.875722105262994,60.0,540.0,0.0,0.0,0.0,21.334564200020395,0.0,0.0,48.875722105262994,540.0,105.54802741137986,2029.403453117163,,,,False,False,not_attempted,0,0,0,0,78,0,0.0,171.63817153993816,451.0,False,,,False,8,0
pso,static_live,9,540.0,9.0,1,normal,normal,4 26 37 66,0,1.0,1.0,0.0,34.78037077224997,18.15,66,4,62,2.7954245755306446,0.6988561438826612,51.67114668079364,60.0,600.0,0.0,0.0,0.0,21.334564200020395,0.0,0.0,51.67114668079364,600.0,101.79424707515842,2029.403453117163,,,,False,False,not_attempted,0,0,0,0,21,0,0.0,171.54640459197284,647.0,False,,,False,8,0
pso,static_live,10,600.0,10.0,2,degrading,degrading,4 26 37 66,0,1.0,1.0,0.0,34.78037077224997,18.166666666666668,62,3,59,3.8765201157009246,1.2921733719003081,55.54766679649457,60.0,660.0,0.0,0.0,0.0,21.334564200020395,0.0,0.0,55.54766679649457,660.0,99.26036237241371,1901.7228863742832,,,,False,False,not_attempted,0,0,0,0,34,0,0.0,169.9139712245009,659.0,False,,,False,8,0
pso,static_live,11,660.0,11.0,2,degrading,degrading,4 26 37 66,2053,1.06951871657754,0.935,0.0,34.662799164863586,18.183333333333334,59,2,57,3.957483413589319,1.9787417067946595,59.50515021008388,60.0,720.0,0.0,0.0,0.0,21.334564200020395,0.0,0.0,59.50515021008388,720.0,98.66274241216992,1909.5103981334237,,,,False,False,not_attempted,0,0,0,0,48,15,0.3125,168.57396062756465,659.0,False,,,False,8,0
pso,static_live,12,720.0,12.0,2,degrading,degrading,4 26 37 66,2053,1.1494252873563218,0.87,0.0,34.52863750057551,18.2,57,2,55,1.488462824084762,0.744231412042381,60.993613034168646,60.0,780.0,0.0,0.0,0.0,21.334564200020395,0.0,0.0,60.993613034168646,780.0,98.42688928037312,1743.0549651622312,,,,False,False,not_attempted,0,0,0,0,19,10,0.5263157894736842,168.36247255001456,751.0,False,,,False,8,0
pso,static_live,13,780.0,13.0,2,degrading,degrading,4 26 37 66,2053,1.2422360248447206,0.8049999999999999,0.0,34.37410779707679,18.216666666666665,55,4,51,2.694631896262686,0.6736579740656715,63.68824493043133,60.0,840.0,0.0,0.0,0.0,21.334564200020395,0.0,0.0,63.68824493043133,840.0,101.13204659801976,1731.1938987635547,,,,False,False,not_attempted,0,0,0,0,32,0,0.0,168.26913921668122,751.0,False,,,False,8,0
pso,static_live,14,840.0,14.0,2,degrading,degrading,4 26 37 66,2053,1.3513513513513513,0.74,0.0,34.194190717748114,18.233333333333334,51,2,49,1.0327111761821781,0.5163555880910891,64.72095610661351,60.0,900.0,0.0,0.0,0.0,21.334564200020395,0.0,0.0,64.72095610661351,900.0,102.13016424518112,1725.7481538387722,,,,False,False,not_attempted,0,0,0,0,19,0,0.0,168.1532899592327,832.0,False,,,False,8,0
pso,static_live,15,900.0,15.0,3,degrading,degrading,4 26 37 66,2053,1.4814814814814814,0.675,0.0,33.98207009341471,18.25,49,2,47,2.9945830020205024,1.4972915010102512,67.71553910863402,60.0,960.0,0.0,0.0,0.0,21.334564200020395,0.0,0.0,67.71553910863402,960.0,105.53890917873181,1699.7992070007956,,,,False,False,not_attempted,0,0,0,0,57,7,0.12280701754385964,168.05995662589936,853.0,False,,,False,8,0
pso,static_live,16,960.0,16.0,3,degrading,degrading,4 26 37 66,2053,1.639344262295082,0.61,0.0,33.72824984891458,18.266666666666666,47,3,44,3.6572917990147267,1.2190972663382422,71.37283090764875,60.0,1020.0,0.0,0.0,0.0,21.334564200020395,0.0,0.0,71.37283090764875,1020.0,107.52026642612853,1596.4629596795153,,,,False,False,not_attempted,0,0,0,0,77,0,0.0,167.68069826789986,968.0,False,,,False,8,0
pso,static_live,17,1020.0,17.0,3,degrading,degrading,4 26 37 66,2053,1.8348623853211008,0.545,0.0,33.41909336387101,18.283333333333335,44,2,42,4.143495282634997,2.0717476413174984,75.51632619028375,60.0,1080.0,0.0,0.0,0.0,21.334564200020395,0.0,0.0,75.51632619028375,1080.0,109.69286335606506,1596.1407012616794,,,,False,False,not_attempted,0,0,0,0,29,3,0.10344827586206896,166.5343355462216,1048.0,False,,,False,8,0
pso,static_live,18,1080.0,18.0,3,degrading,degrading,4 26 37 66,2053,2.0833333333333335,0.48,0.0,33.03429063990616,18.3,42,3,39,5.704414073362388,1.9014713577874627,81.22074026364614,60.0,1140.0,0.0,0.0,0.0,21.334564200020395,0.0,0.0,81.22074026364614,1140.0,111.79713721431281,1624.9565382545704,,,,False,False,not_attempted,0,0,0,0,53,6,0.11320754716981132,166.18717092947844,1048.0,False,,,False,8,0
pso,static_live,19,1140.0,19.0,3,degrading,degrading,4 26 37 66,2053,2.409638554216868,0.4149999999999999,0.0,32.54220704861389,18.316666666666666,39,1,38,5.7454511185250565,5.7454511185250565,86.96619138217119,60.0,1200.0,0.0,0.0,0.0,21.334564200020395,0.0,0.0,86.96619138217119,1200.0,111.44462888418256,2061.7595885991846,,,,False,False,not_attempted,0,0,0,0,60,7,0.11666666666666667,164.60089623334213,1114.0,False,,,False,8,0
pso,static_live,20,1200.0,20.0,4,disrupted,holding,4 26 37 66,2053,2.857142857142857,0.35,0.0,31.890711724713366,18.333333333333332,38,0,38,2.135210862503959,2.135210862503959,89.10140224467514,60.0,1260.0,0.0,0.0,0.0,21.334564200020395,0.0,0.0,89.10140224467514,1260.0,110.37104759773072,1955.011460562679,,,,False,False,not_attempted,0,0,0,0,19,0,0.0,164.5075629000088,1114.0,False,,,False,8,0
pso,static_live,21,1260.0,21.0,4,disrupted,disrupted,4 26 37 66,2053,2.857142857142857,0.35,0.0,31.890711724713366,18.35,38,4,34,3.8520416300075158,0.9630104075018789,92.95344387468266,60.0,1320.0,0.0,0.0,0.0,21.334564200020395,0.0,0.0,92.95344387468266,1320.0,108.5169637098047,1955.011460562679,,,,False,False,not_attempted,0,0,0,0,45,2,0.044444444444444446,162.73148426903816,1308.0,False,,,False,8,0
pso,static_live,22,1320.0,22.0,4,disrupted,disrupted,4 26 37 66,2053,2.857142857142857,0.35,0.0,31.890711724713366,18.366666666666667,34,2,32,4.272569304153867,2.1362846520769336,97.22601317883652,60.0,1380.0,0.0,0.0,0.0,21.334564200020395,0.0,0.0,97.22601317883652,1380.0,104.51139539034861,1925.2807305502006,,,,False,False,not_attempted,0,0,0,0,49,2,0.04081632653061224,161.3034657878461,1308.0,False,,,False,8,0
pso,static_live,23,1380.0,23.0,4,disrupted,disrupted,4 26 37 66,2053,2.857142857142857,0.35,0.0,31.890711724713366,18.383333333333333,32,1,31,2.7648585119619393,2.7648585119619393,99.99087169079846,60.0,1440.0,0.0,0.0,0.0,21.334564200020395,0.0,0.0,99.99087169079846,1440.0,99.69675692976591,1783.9765170618746,,,,False,False,not_attempted,0,0,0,0,16,0,0.0,161.21013245451277,1308.0,False,,,False,8,0
pso,static_live,24,1440.0,24.0,4,disrupted,disrupted,4 26 37 66,2053,2.857142857142857,0.35,0.0,31.890711724713366,18.4,31,4,27,2.4769977135971524,0.6192494283992881,102.46786940439561,60.0,1500.0,0.0,0.0,0.0,21.334564200020395,0.0,0.0,102.46786940439561,1500.0,97.60430971174992,1783.9765170618746,,,,False,False,not_attempted,0,0,0,0,37,1,0.02702702702702703,160.74608526486082,1456.0,False,,,False,8,0
pso,static_live,25,1500.0,25.0,5,disrupted,disrupted,4 26 37 66,2053,2.857142857142857,0.35,0.0,31.890711724713366,18.416666666666668,27,3,24,4.4060382302787495,1.4686794100929166,106.87390763467437,60.0,1560.0,0.0,0.0,0.0,21.334564200020395,0.0,0.0,106.87390763467437,1560.0,94.0461546974248,1682.821891367203,,,,False,False,not_attempted,0,0,0,0,24,0,0.0,159.78837384397636,1456.0,False,,,False,8,0
pso,static_live,26,1560.0,26.0,5,disrupted,disrupted,4 26 37 66,2053,2.857142857142857,0.35,0.0,31.890711724713366,18.433333333333334,24,2,22,4.779889157175498,2.389944578587749,111.65379679184987,60.0,1620.0,0.0,0.0,0.0,21.334564200020395,0.0,0.0,111.65379679184987,1620.0,90.48618685201548,1682.821891367203,,,,False,False,not_attempted,0,0,0,0,24,1,0.041666666666666664,158.94008537957123,1577.0,False,,,False,8,0
pso,static_live,27,1620.0,27.0,5,disrupted,disrupted,4 26 37 66,2053,2.857142857142857,0.35,0.0,31.890711724713366,18.45,22,2,20,5.112977433493379,2.5564887167466894,116.76677422534326,60.0,1680.0,0.0,0.0,0.0,21.334564200020395,0.0,0.0,116.76677422534326,1680.0,85.6155590483602,1530.9410287976007,,,,False,False,not_attempted,0,0,0,0,74,4,0.05405405405405406,158.8467520462379,1577.0,False,,,False,8,0
pso,static_live,28,1680.0,28.0,5,disrupted,disrupted,4 26 37 66,2053,2.857142857142857,0.35,0.0,31.890711724713366,18.466666666666665,20,4,16,3.32433639206163,0.8310840980154075,120.09111061740488,60.0,1740.0,0.0,0.0,0.0,21.334564200020395,0.0,0.0,120.09111061740488,1740.0,80.76765828629621,1530.9410287976007,,,,False,False,not_attempted,0,0,0,0,26,1,0.038461538461538464,158.55784582095924,1617.0,False,,,False,7,0
pso,static_live,29,1740.0,29.0,5,disrupted,disrupted,4 26 37 66,2053,2.857142857142857,0.35,0.0,31.890711724713366,18.483333333333334,16,2,14,3.5094455145819894,1.7547227572909947,123.60055613198686,60.0,1800.0,0.0,0.0,0.0,21.334564200020395,0.0,0.0,123.60055613198686,1800.0,77.07384085204073,1499.3085477016666,,,,False,False,not_attempted,0,0,0,0,23,2,0.08695652173913043,157.17840747749986,1716.0,False,,,False,6,0
pso,static_live,30,1800.0,30.0,6,recovering,recovering,4 26 37 66,2053,2.857142857142857,0.35,0.0,31.890711724713366,18.5,14,3,11,2.4861371792600853,0.8287123930866951,126.08669331124695,60.0,1860.0,0.0,0.0,0.0,21.334564200020395,0.0,0.0,126.08669331124695,1860.0,73.9400489564624,1339.3065541638903,,,,False,False,not_attempted,0,0,0,0,16,3,0.1875,157.08507414416653,1716.0,False,,,False,4,0
pso,static_live,31,1860.0,31.0,6,recovering,recovering,4 26 37 66,2053,2.6595744680851063,0.376,0.04,32.17509521684179,18.516666666666666,11,3,8,0.495013075417579,0.16500435847252634,126.58170638666452,60.0,1920.0,0.0,0.0,0.0,21.334564200020395,0.0,0.0,126.58170638666452,1920.0,70.09385051691284,1333.3539206195019,,,,False,False,not_attempted,0,0,0,0,1,1,1.0,156.96342283080747,1716.0,False,,,False,3,0
pso,static_live,32,1920.0,32.0,6,recovering,recovering,4 26 37 66,2053,2.4875621890547266,0.40199999999999997,0.08,32.42685537164387,18.533333333333335,8,3,5,1.741513534686293,0.5805045115620977,128.3232199213508,60.0,1980.0,0.0,0.0,0.0,21.334564200020395,0.0,0.0,128.3232199213508,1980.0,68.36467951277665,1308.8344712524022,,,,False,False,not_attempted,0,0,0,0,18,1,0.05555555555555555,155.7665631897792,1842.0,False,,,False,3,0
pso,static_live,33,1980.0,33.0,6,recovering,recovering,4 26 37 66,2053,2.336448598130841,0.428,0.12,32.65130129753112,18.55,5,0,5,1.0007181005669712,1.0007181005669712,129.3239380219178,60.0,2040.0,0.0,0.0,0.0,21.334564200020395,0.0,0.0,129.3239380219178,2040.0,66.12137107961557,1262.920857380168,,,,False,False,not_attempted,0,0,0,0,49,0,0.0,155.0828411091242,1842.0,False,,,False,2,0
pso,static_live,34,2040.0,34.0,6,recovering,recovering,4 26 37 66,2053,2.2026431718061676,0.45399999999999996,0.16,32.852649376711604,18.566666666666666,5,1,4,1.8734247457873396,1.8734247457873396,131.19736276770513,60.0,2100.0,0.0,0.0,0.0,21.334564200020395,0.0,0.0,131.19736276770513,2100.0,64.20855157755885,1188.2046778035449,,,,False,False,not_attempted,0,0,0,0,57,0,0.0,154.8199809982619,1991.0,False,,,False,2,0
pso,static_live,35,2100.0,35.0,7,recovering,recovering,4 26 37 66,2053,2.0833333333333335,0.48,0.2,33.03429063990616,18.583333333333332,4,0,4,2.0046612772949475,2.0046612772949475,133.2020240450001,60.0,2160.0,0.0,0.0,0.0,21.334564200020395,0.0,0.0,133.2020240450001,2160.0,61.24240730623743,967.7190891069538,,,,False,False,not_attempted,0,0,0,0,28,0,0.0,153.46104078212014,1991.0,False,,,False,2,0
pso,static_live,36,2160.0,36.0,7,recovering,recovering,4 26 37 66,2053,1.976284584980237,0.506,0.24,33.198983296359664,18.6,4,0,4,1.333263155415718,1.333263155415718,134.5352872004158,60.0,2220.0,0.0,0.0,0.0,21.334564200020395,0.0,0.0,134.5352872004158,2220.0,57.60694756645459,900.7211989782099,,,,False,False,not_attempted,0,0,0,0,8,0,0.0,152.22111096003775,1991.0,False,,,False,1,0
pso,static_live,37,2220.0,37.0,7,recovering,recovering,4 26 37 66,2053,1.8796992481203008,0.532,0.28,33.34899377229633,18.616666666666667,4,1,3,1.4609977840890593,1.4609977840890593,135.99628498450488,60.0,2280.0,0.0,0.0,0.0,21.334564200020395,0.0,0.0,135.99628498450488,2280.0,54.592796362371566,820.610010108697,,,,False,False,not_attempted,0,0,0,0,5,0,0.0,150.79900323290258,1996.0,False,,,False,1,0
pso,static_live,38,2280.0,38.0,7,recovering,recovering,4 26 37 66,2053,1.7921146953405016,0.558,0.32,33.486201638691476,18.633333333333333,3,0,3,2.3937178053972095,2.3937178053972095,138.3900027899021,60.0,2340.0,0.0,0.0,0.0,21.334564200020395,0.0,0.0,138.3900027899021,2340.0,52.092591681003526,764.7811491313873,,,,False,False,not_attempted,0,0,0,0,8,0,0.0,148.40528542750536,1996.0,False,,,False,1,0
pso,static_live,39,2340.0,39.0,7,recovering,recovering,4 26 37 66,2053,1.7123287671232879,0.584,0.36,33.61217877341451,18.65,3,0,3,0.22414935059519378,0.22414935059519378,138.61415214049728,60.0,2400.0,0.0,0.0,0.0,21.334564200020395,0.0,0.0,138.61415214049728,2400.0,48.2618359162418,709.0015362948609,,,,False,False,not_attempted,0,0,0,0,0,0,0.0,148.18113607691018,1996.0,False,,,False,1,0
pso,static_live,40,2400.0,40.0,8,recovering,recovering,4 26 37 66,2053,1.639344262295082,0.61,0.4,33.72824984891458,18.666666666666668,3,0,3,0.09333333333333332,0.09333333333333332,138.70748547383062,60.0,2460.0,0.0,0.0,0.0,21.334564200020395,0.0,0.0,138.70748547383062,2460.0,46.72376339278919,587.3025477408831,,,,False,False,not_attempted,0,0,0,0,0,0,0.0,148.08780274357684,1996.0,False,,,False,1,0
pso,static_live,41,2460.0,41.0,8,recovering,recovering,4 26 37 66,2053,1.572327044025157,0.636,0.44,33.83553909057353,18.683333333333334,3,1,2,1.0549103510368385,1.0549103510368385,139.76239582486747,60.0,2520.0,0.0,0.0,0.0,21.334564200020395,0.0,0.0,139.76239582486747,2520.0,45.48450190101099,585.7424702007527,,,,False,False,not_attempted,0,0,0,0,6,0,0.0,147.03289239254,1996.0,False,,,False,1,0
pso,static_live,42,2520.0,42.0,8,recovering,recovering,4 26 37 66,2053,1.5105740181268883,0.6619999999999999,0.48,33.93500680882702,18.7,2,0,2,2.7735217968131267,2.7735217968131267,142.5359176216806,60.0,2580.0,0.0,0.0,0.0,21.334564200020395,0.0,0.0,142.5359176216806,2580.0,43.28949799307981,536.7989156120584,,,,False,False,not_attempted,0,0,0,0,9,0,0.0,144.25937059572686,1996.0,False,,,False,1,0
pso,static_live,43,2580.0,43.0,8,recovering,recovering,4 26 37 66,2053,1.4534883720930234,0.688,0.52,34.0274782225581,18.716666666666665,2,0,2,0.08412989842549848,0.08412989842549848,142.62004752010608,60.0,2640.0,0.0,0.0,0.0,21.334564200020395,0.0,0.0,142.62004752010608,2640.0,39.411850849313026,479.4383244829603,,,,False,False,not_attempted,0,0,0,0,1,0,0.0,144.17524069730138,1996.0,False,,,False,1,0
pso,static_live,44,2640.0,44.0,8,recovering,recovering,4 26 37 66,2053,1.400560224089636,0.714,0.56,34.113666407032305,18.733333333333334,2,0,2,0.2294589616800397,0.2294589616800397,142.84950648178614,60.0,2700.0,0.0,0.0,0.0,21.334564200020395,0.0,0.0,142.84950648178614,2700.0,38.41071448154403,409.899399456763,,,,False,False,not_attempted,0,0,0,0,6,0,0.0,143.94578173562132,1996.0,False,,,False,1,0
pso,static_live,45,2700.0,45.0,9,recovering,recovering,4 26 37 66,2053,1.3513513513513513,0.74,0.6,34.194190717748114,18.75,2,0,2,0.9161949850933453,0.9161949850933453,143.76570146687948,60.0,2760.0,0.0,0.0,0.0,21.334564200020395,0.0,0.0,143.76570146687948,2760.0,37.1270291784349,357.10442285066836,,,,False,False,not_attempted,0,0,0,0,15,0,0.0,143.02958675052798,1996.0,False,,,False,1,0
pso,static_live,46,2760.0,46.0,9,recovering,recovering,4 26 37 66,2053,1.3054830287206267,0.766,0.64,34.26959169765464,18.766666666666666,2,0,2,0.17864747886464422,0.17864747886464422,143.9443489457441,60.0,2820.0,0.0,0.0,0.0,21.334564200020395,0.0,0.0,143.9443489457441,2820.0,35.18366338625695,321.18260120602474,,,,False,False,not_attempted,0,0,0,0,6,0,0.0,142.85093927166332,1996.0,False,,,False,1,0
pso,static_live,47,2820.0,47.0,9,recovering,recovering,4 26 37 66,2053,1.2626262626262625,0.792,0.68,34.34034322669782,18.783333333333335,2,0,2,0.09333333333333332,0.09333333333333332,144.03768227907744,60.0,2880.0,0.0,0.0,0.0,21.334564200020395,0.0,0.0,144.03768227907744,2880.0,33.949066089351916,321.0498598530809,,,,False,False,not_attempted,0,0,0,0,0,0,0.0,142.75760593833,1996.0,False,,,False,1,0
pso,static_live,48,2880.0,48.0,9,recovering,recovering,4 26 37 66,2053,1.2224938875305624,0.818,0.72,34.40686249105634,18.8,2,1,1,1.007755955841066,1.007755955841066,145.04543823491852,60.0,2940.0,0.0,0.0,0.0,21.334564200020395,0.0,0.0,145.04543823491852,2940.0,33.01035721728691,320.9255568257521,,,,False,False,not_attempted,0,0,0,0,11,1,0.09090909090909091,141.7498499824889,1996.0,False,,,False,1,0
pso,static_live,49,2940.0,49.0,9,recovering,recovering,4 26 37 66,2053,1.1848341232227486,0.8440000000000001,0.76,34.46951821529238,18.816666666666666,1,0,1,0.09333333333333332,0.09333333333333332,145.13877156825185,60.0,3000.0,0.0,0.0,0.0,21.334564200020395,0.0,0.0,145.13877156825185,3000.0,30.838169472042427,320.80891227878,,,,False,False,not_attempted,0,0,0,0,0,0,0.0,141.65651664915558,1996.0,False,,,False,0,0
pso,static_live,50,3000.0,50.0,10,recovering,recovering,4 26 37 66,2053,1.1494252873563218,0.87,0.8,34.52863750057551,18.833333333333332,1,1,0,27.279992893274343,27.279992893274343,172.4187644615262,360.29882559314626,3360.2988255931464,0.0,0.0,0.0,21.334564200020395,0.0,0.0,172.4187644615262,3360.2988255931464,29.920382276277294,320.69923958978785,,,,False,False,not_attempted,0,0,0,0,354,71,0.20056497175141244,139.8879485177282,1996.0,True,,,False,0,0
pso,static_frozen,0,0.0,0.0,0,normal,initial,4 26 37 66,0,1.0,1.0,0.0,34.78037077224997,18.0,84,0,84,17.41716950529079,17.41716950529079,17.41716950529079,60.0,60.0,9.01954150001984,12.315022700000554,21.334564200020395,21.334564200020395,0.0,0.0,17.41716950529079,60.0,151.37406968292143,2569.719418511708,,,,False,False,initial_plan,0,0,0,0,96,0,0.0,177.86965881732976,0.0,False,,,True,10,10
pso,static_frozen,1,60.0,1.0,0,normal,normal,4 26 37 66,0,1.0,1.0,0.0,34.78037077224997,18.016666666666666,84,0,84,2.9117287974767976,2.9117287974767976,20.328898302767588,60.0,120.0,0.0,0.0,0.0,21.334564200020395,0.0,0.0,20.328898302767588,120.0,133.1191070568551,2507.5518550268002,,,,False,False,not_attempted,0,0,0,0,47,0,0.0,177.4588955213837,0.0,False,,,False,10,10
pso,static_frozen,2,120.0,2.0,0,normal,normal,4 26 37 66,0,1.0,1.0,0.0,34.78037077224997,18.033333333333335,84,5,79,4.945953376604522,0.9891906753209044,25.27485167937211,60.0,180.0,0.0,0.0,0.0,21.334564200020395,0.0,0.0,25.27485167937211,180.0,129.7508783653988,2355.035662758609,,,,False,False,not_attempted,0,0,0,0,48,0,0.0,176.84027550943307,239.0,False,,,False,9,5
pso,static_frozen,3,180.0,3.0,0,normal,normal,4 26 37 66,0,1.0,1.0,0.0,34.78037077224997,18.05,79,3,76,5.2858708059973845,1.7619569353324616,30.560722485369492,60.0,240.0,0.0,0.0,0.0,21.334564200020395,0.0,0.0,30.560722485369492,240.0,125.54196401841551,2355.035662758609,,,,False,False,not_attempted,0,0,0,0,84,0,0.0,176.08417388140913,239.0,False,,,False,9,2
pso,static_frozen,4,240.0,4.0,0,normal,normal,4 26 37 66,0,1.0,1.0,0.0,34.78037077224997,18.066666666666666,76,0,76,4.768439454899793,4.768439454899793,35.32916194026929,60.0,300.0,0.0,0.0,0.0,21.334564200020395,0.0,0.0,35.32916194026929,300.0,119.70961591445298,2307.5810249028364,,,,False,False,not_attempted,0,0,0,0,69,0,0.0,174.23595111138894,239.0,False,,,False,9,2
pso,static_frozen,5,300.0,5.0,1,normal,normal,4 26 37 66,0,1.0,1.0,0.0,34.78037077224997,18.083333333333332,76,2,74,2.0331806617991015,1.0165903308995508,37.36234260206839,60.0,360.0,0.0,0.0,0.0,21.334564200020395,0.0,0.0,37.36234260206839,360.0,115.25900310952544,2179.6312187929043,,,,False,False,not_attempted,0,0,0,0,67,0,0.0,174.1426177780556,324.0,False,,,False,9,2
pso,static_frozen,6,360.0,6.0,1,normal,normal,4 26 37 66,0,1.0,1.0,0.0,34.78037077224997,18.1,74,4,70,2.8956701116039376,0.7239175279009844,40.25801271367233,60.0,420.0,0.0,0.0,0.0,21.334564200020395,0.0,0.0,40.25801271367233,420.0,113.42229091822706,2179.6312187929043,,,,False,False,not_attempted,0,0,0,0,34,0,0.0,173.80269504982573,430.0,False,,,False,9,1
pso,static_frozen,7,420.0,7.0,1,normal,normal,4 26 37 66,0,1.0,1.0,0.0,34.78037077224997,18.116666666666667,70,2,68,4.874305214044376,2.437152607022188,45.132317927716706,60.0,480.0,0.0,0.0,0.0,21.334564200020395,0.0,0.0,45.132317927716706,480.0,110.51467952032222,2149.403453117163,,,,False,False,not_attempted,0,0,0,0,51,0,0.0,171.7315048732715,430.0,False,,,False,9,0
pso,static_frozen,8,480.0,8.0,1,normal,normal,4 26 37 66,0,1.0,1.0,0.0,34.78037077224997,18.133333333333333,68,2,66,3.7435141569850514,1.8717570784925257,48.875832084701756,60.0,540.0,0.0,0.0,0.0,21.334564200020395,0.0,0.0,48.875832084701756,540.0,105.54802741137986,2029.403453117163,,,,False,False,not_attempted,0,0,0,0,78,0,0.0,171.63817153993816,451.0,False,,,False,8,0
pso,static_frozen,9,540.0,9.0,1,normal,normal,4 26 37 66,0,1.0,1.0,0.0,34.78037077224997,18.15,66,4,62,2.7954364093063027,0.6988591023265757,51.67126849400806,60.0,600.0,0.0,0.0,0.0,21.334564200020395,0.0,0.0,51.67126849400806,600.0,101.79424707515842,2029.403453117163,,,,False,False,not_attempted,0,0,0,0,21,0,0.0,171.54640459197284,647.0,False,,,False,8,0
pso,static_frozen,10,600.0,10.0,2,degrading,degrading,4 26 37 66,0,1.0,1.0,0.0,34.78037077224997,18.166666666666668,62,3,59,3.8765201157009246,1.2921733719003081,55.54778860970899,60.0,660.0,0.0,0.0,0.0,21.334564200020395,0.0,0.0,55.54778860970899,660.0,99.26036237241371,1901.7228863742832,,,,False,False,not_attempted,0,0,0,0,34,0,0.0,169.9139712245009,659.0,False,,,False,8,0
pso,static_frozen,11,660.0,11.0,2,degrading,degrading,4 26 37 66,2053,1.06951871657754,0.935,0.0,34.662799164863586,18.183333333333334,59,2,57,3.957483413589319,1.9787417067946595,59.5052720232983,60.0,720.0,0.0,0.0,0.0,21.334564200020395,0.0,0.0,59.5052720232983,720.0,98.66274241216992,1909.5103981334237,,,,False,False,not_attempted,0,0,0,0,48,15,0.3125,168.57396062756465,659.0,False,,,False,8,0
pso,static_frozen,12,720.0,12.0,2,degrading,degrading,4 26 37 66,2053,1.1494252873563218,0.87,0.0,34.52863750057551,18.2,57,2,55,1.497772072515928,0.748886036257964,61.00304409581423,60.0,780.0,0.0,0.0,0.0,21.334564200020395,0.0,0.0,61.00304409581423,780.0,98.42688928037312,1743.0549651622312,,,,False,False,not_attempted,0,0,0,0,20,12,0.6,168.36247255001456,751.0,False,,,False,8,0
pso,static_frozen,13,780.0,13.0,2,degrading,degrading,4 26 37 66,2053,1.2422360248447206,0.8049999999999999,0.0,34.37410779707679,18.216666666666665,55,4,51,2.7017908971367093,0.6754477242841773,63.70483499295094,60.0,840.0,0.0,0.0,0.0,21.334564200020395,0.0,0.0,63.70483499295094,840.0,101.13204659801976,1731.1938987635547,,,,False,False,not_attempted,0,0,0,0,31,0,0.0,168.26913921668122,751.0,False,,,False,8,0
pso,static_frozen,14,840.0,14.0,2,degrading,degrading,4 26 37 66,2053,1.3513513513513513,0.74,0.0,34.194190717748114,18.233333333333334,51,2,49,1.0392336272599203,0.5196168136299602,64.74406862021087,60.0,900.0,0.0,0.0,0.0,21.334564200020395,0.0,0.0,64.74406862021087,900.0,102.49535558777623,1725.7481538387722,,,,False,False,not_attempted,0,0,0,0,20,0,0.0,168.1532899592327,832.0,False,,,False,8,0
pso,static_frozen,15,900.0,15.0,3,degrading,degrading,4 26 37 66,2053,1.4814814814814814,0.675,0.0,33.98207009341471,18.25,49,2,47,3.1972589545370846,1.5986294772685423,67.94132757474796,60.0,960.0,0.0,0.0,0.0,21.334564200020395,0.0,0.0,67.94132757474796,960.0,105.53890917873181,1699.7992070007956,,,,False,False,not_attempted,0,0,0,0,57,9,0.15789473684210525,168.05995662589936,853.0,False,,,False,8,0
pso,static_frozen,16,960.0,16.0,3,degrading,degrading,4 26 37 66,2053,1.639344262295082,0.61,0.0,33.72824984891458,18.266666666666666,47,3,44,3.656924914639012,1.2189749715463374,71.59825248938697,60.0,1020.0,0.0,0.0,0.0,21.334564200020395,0.0,0.0,71.59825248938697,1020.0,107.52026642612853,1596.4629596795153,,,,False,False,not_attempted,0,0,0,0,77,0,0.0,167.68069826789986,968.0,False,,,False,8,0
pso,static_frozen,17,1020.0,17.0,3,degrading,degrading,4 26 37 66,2053,1.8348623853211008,0.545,0.0,33.41909336387101,18.283333333333335,44,2,42,4.234006148137355,2.1170030740686774,75.83225863752432,60.0,1080.0,0.0,0.0,0.0,21.334564200020395,0.0,0.0,75.83225863752432,1080.0,109.69286335606506,1596.1407012616794,,,,False,False,not_attempted,0,0,0,0,30,3,0.1,166.5343355462216,1048.0,False,,,False,8,0
pso,static_frozen,18,1080.0,18.0,3,degrading,degrading,4 26 37 66,2053,2.0833333333333335,0.48,0.0,33.03429063990616,18.3,42,3,39,6.296317178450239,2.098772392816746,82.12857581597456,60.0,1140.0,0.0,0.0,0.0,21.334564200020395,0.0,0.0,82.12857581597456,1140.0,111.66810991770225,1620.5691467681056,,,,False,False,not_attempted,0,0,0,0,54,9,0.16666666666666666,166.18717092947844,1048.0,False,,,False,8,0
pso,static_frozen,19,1140.0,19.0,3,degrading,degrading,4 26 37 66,2053,2.409638554216868,0.4149999999999999,0.0,32.54220704861389,18.316666666666666,39,1,38,5.164055880130622,5.164055880130622,87.29263169610518,60.0,1200.0,0.0,0.0,0.0,21.334564200020395,0.0,0.0,87.29263169610518,1200.0,110.67152278799132,2048.3821419885344,,,,False,False,not_attempted,0,0,0,0,58,5,0.08620689655172414,164.29654092281586,1114.0,False,,,False,8,0
pso,static_frozen,20,1200.0,20.0,4,disrupted,holding,4 26 37 66,2053,2.857142857142857,0.35,0.0,31.890711724713366,18.333333333333332,38,0,38,2.1264671082577533,2.1264671082577533,89.41909880436293,60.0,1260.0,0.0,0.0,0.0,21.334564200020395,0.0,0.0,89.41909880436293,1260.0,110.37104759773072,1955.011460562679,,,,False,False,not_attempted,0,0,0,0,18,0,0.0,164.20320758948253,1114.0,False,,,False,8,0
pso,static_frozen,21,1260.0,21.0,4,disrupted,disrupted,4 26 37 66,2053,2.857142857142857,0.35,0.0,31.890711724713366,18.35,38,4,34,3.972752957247758,0.9931882393119394,93.3918517616107,60.0,1320.0,0.0,0.0,0.0,21.334564200020395,0.0,0.0,93.3918517616107,1320.0,108.55268560771526,1955.011460562679,,,,False,False,not_attempted,0,0,0,0,43,2,0.046511627906976744,162.20357756585045,1308.0,False,,,False,8,0
pso,static_frozen,22,1320.0,22.0,4,disrupted,disrupted,4 26 37 66,2053,2.857142857142857,0.35,0.0,31.890711724713366,18.366666666666667,34,2,32,4.16568828918463,2.082844144592315,97.55754005079532,60.0,1380.0,0.0,0.0,0.0,21.334564200020395,0.0,0.0,97.55754005079532,1380.0,104.61488838820361,1925.2807305502006,,,,False,False,not_attempted,0,0,0,0,50,2,0.04,160.99911047731985,1308.0,False,,,False,8,0
pso,static_frozen,23,1380.0,23.0,4,disrupted,disrupted,4 26 37 66,2053,2.857142857142857,0.35,0.0,31.890711724713366,18.383333333333333,32,1,31,2.775865980855447,2.775865980855447,100.33340603165077,60.0,1440.0,0.0,0.0,0.0,21.334564200020395,0.0,0.0,100.33340603165077,1440.0,100.17706630424954,1783.9765170618746,,,,False,False,not_attempted,0,0,0,0,18,0,0.0,160.9057771439865,1308.0,False,,,False,8,0
pso,static_frozen,24,1440.0,24.0,4,disrupted,disrupted,4 26 37 66,2053,2.857142857142857,0.35,0.0,31.890711724713366,18.4,31,4,27,2.6093688680158706,0.6523422170039677,102.94277489966663,60.0,1500.0,0.0,0.0,0.0,21.334564200020395,0.0,0.0,102.94277489966663,1500.0,97.60430971174992,1783.9765170618746,,,,False,False,not_attempted,0,0,0,0,37,1,0.02702702702702703,160.32815884619592,1456.0,False,,,False,8,0
pso,static_frozen,25,1500.0,25.0,5,disrupted,disrupted,4 26 37 66,2053,2.857142857142857,0.35,0.0,31.890711724713366,18.416666666666668,27,3,24,4.393104176925088,1.4643680589750294,107.33587907659172,60.0,1560.0,0.0,0.0,0.0,21.334564200020395,0.0,0.0,107.33587907659172,1560.0,94.0461546974248,1682.821891367203,,,,False,False,not_attempted,0,0,0,0,24,0,0.0,159.37044742531145,1456.0,False,,,False,8,0
pso,static_frozen,26,1560.0,26.0,5,disrupted,disrupted,4 26 37 66,2053,2.857142857142857,0.35,0.0,31.890711724713366,18.433333333333334,24,2,22,4.633747260488782,2.316873630244391,111.96962633708051,60.0,1620.0,0.0,0.0,0.0,21.334564200020395,0.0,0.0,111.96962633708051,1620.0,90.48618685201548,1682.821891367203,,,,False,False,not_attempted,0,0,0,0,23,1,0.043478260869565216,158.635730069045,1577.0,False,,,False,8,0
pso,static_frozen,27,1620.0,27.0,5,disrupted,disrupted,4 26 37 66,2053,2.857142857142857,0.35,0.0,31.890711724713366,18.45,22,2,20,4.517752347202985,2.2588761736014926,116.4873786842835,60.0,1680.0,0.0,0.0,0.0,21.334564200020395,0.0,0.0,116.4873786842835,1680.0,85.646903711785,1530.9410287976007,,,,False,False,not_attempted,0,0,0,0,73,2,0.0273972602739726,158.54239673571166,1577.0,False,,,False,8,0
pso,static_frozen,28,1680.0,28.0,5,disrupted,disrupted,4 26 37 66,2053,2.857142857142857,0.35,0.0,31.890711724713366,18.466666666666665,20,4,16,4.0672216625934725,1.0168054156483681,120.55460034687697,60.0,1740.0,0.0,0.0,0.0,21.334564200020395,0.0,0.0,120.55460034687697,1740.0,81.49504788539514,1530.9410287976007,,,,False,False,not_attempted,0,0,0,0,28,3,0.10714285714285714,158.13206394603174,1617.0,False,,,False,7,0
pso,static_frozen,29,1740.0,29.0,5,disrupted,disrupted,4 26 37 66,2053,2.857142857142857,0.35,0.0,31.890711724713366,18.483333333333334,16,2,14,3.382581651874902,1.691290825937451,123.93718199875187,60.0,1800.0,0.0,0.0,0.0,21.334564200020395,0.0,0.0,123.93718199875187,1800.0,77.07384085204073,1499.3085477016666,,,,False,False,not_attempted,0,0,0,0,23,2,0.08695652173913043,156.87405216697363,1716.0,False,,,False,6,0
pso,static_frozen,30,1800.0,30.0,6,recovering,recovering,4 26 37 66,2053,2.857142857142857,0.35,0.0,31.890711724713366,18.5,14,3,11,2.4861371792600853,0.8287123930866951,126.42331917801195,60.0,1860.0,0.0,0.0,0.0,21.334564200020395,0.0,0.0,126.42331917801195,1860.0,73.9400489564624,1339.3065541638903,,,,False,False,not_attempted,0,0,0,0,16,3,0.1875,156.7807188336403,1716.0,False,,,False,4,0
pso,static_frozen,31,1860.0,31.0,6,recovering,recovering,4 26 37 66,2053,2.6595744680851063,0.376,0.04,32.17509521684179,18.516666666666666,11,3,8,1.7195657483346587,0.5731885827782196,128.1428849263466,60.0,1920.0,0.0,0.0,0.0,21.334564200020395,0.0,0.0,128.1428849263466,1920.0,70.09385051691284,1333.3539206195019,,,,False,False,not_attempted,0,0,0,0,3,3,1.0,155.43439303414976,1716.0,False,,,False,3,0
pso,static_frozen,32,1920.0,32.0,6,recovering,recovering,4 26 37 66,2053,2.4875621890547266,0.40199999999999997,0.08,32.42685537164387,18.533333333333335,8,3,5,10.81953982892421,3.60651327630807,138.9624247552708,60.0,1980.0,0.0,0.0,0.0,21.334564200020395,0.0,0.0,138.9624247552708,1980.0,70.1822113687838,1336.8651785270388,,,,False,False,not_attempted,0,0,0,0,23,10,0.43478260869565216,145.16664010887916,1842.0,False,,,False,3,0
pso,static_frozen,33,1980.0,33.0,6,recovering,recovering,4 26 37 66,2053,2.336448598130841,0.428,0.12,32.65130129753112,18.55,5,0,5,1.0855506257713259,1.0855506257713259,140.04797538104214,60.0,2040.0,0.0,0.0,0.0,21.334564200020395,0.0,0.0,140.04797538104214,2040.0,59.35013198740561,926.1108169963925,,,,False,False,not_attempted,0,0,0,0,16,0,0.0,144.39808550301984,1842.0,False,,,False,2,0
pso,static_frozen,34,2040.0,34.0,6,recovering,recovering,4 26 37 66,2053,2.2026431718061676,0.45399999999999996,0.16,32.852649376711604,18.566666666666666,5,1,4,1.7038979682583173,1.7038979682583173,141.75187334930044,60.0,2100.0,0.0,0.0,0.0,21.334564200020395,0.0,0.0,141.75187334930044,2100.0,57.21031895597937,758.3749281407324,,,,False,False,not_attempted,0,0,0,0,25,0,0.0,144.3047521696865,1991.0,False,,,False,2,0
pso,static_frozen,35,2100.0,35.0,7,recovering,recovering,4 26 37 66,2053,2.0833333333333335,0.48,0.2,33.03429063990616,18.583333333333332,4,1,3,1.3158533863234414,1.3158533863234414,143.0677267356239,60.0,2160.0,0.0,0.0,0.0,21.334564200020395,0.0,0.0,143.0677267356239,2160.0,54.51544589322498,597.638061444247,,,,False,False,not_attempted,0,0,0,0,15,0,0.0,143.63461984451618,1991.0,False,,,False,2,0
pso,static_frozen,36,2160.0,36.0,7,recovering,recovering,4 26 37 66,2053,1.976284584980237,0.506,0.24,33.198983296359664,18.6,3,0,3,2.0568827299756443,2.0568827299756443,145.12460946559955,60.0,2220.0,0.0,0.0,0.0,21.334564200020395,0.0,0.0,145.12460946559955,2220.0,51.54559421641605,569.1170588342137,,,,False,False,not_attempted,0,0,0,0,9,0,0.0,141.67107044787386,1991.0,False,,,False,1,0
pso,static_frozen,37,2220.0,37.0,7,recovering,recovering,4 26 37 66,2053,1.8796992481203008,0.532,0.28,33.34899377229633,18.616666666666667,3,1,2,1.347125907647463,1.347125907647463,146.47173537324701,60.0,2280.0,0.0,0.0,0.0,21.334564200020395,0.0,0.0,146.47173537324701,2280.0,48.35548674094626,510.39002238005537,,,,False,False,not_attempted,0,0,0,0,5,0,0.0,140.36283459718024,1996.0,False,,,False,1,0
pso,static_frozen,38,2280.0,38.0,7,recovering,recovering,4 26 37 66,2053,1.7921146953405016,0.558,0.32,33.486201638691476,18.633333333333333,2,0,2,0.08772754674965297,0.08772754674965297,146.55946291999666,60.0,2340.0,0.0,0.0,0.0,21.334564200020395,0.0,0.0,146.55946291999666,2340.0,45.64732959034727,419.01430085233824,,,,False,False,not_attempted,0,0,0,0,3,0,0.0,140.2751070504306,1996.0,False,,,False,1,0
pso,static_frozen,39,2340.0,39.0,7,recovering,recovering,4 26 37 66,2053,1.7123287671232879,0.584,0.36,33.61217877341451,18.65,2,0,2,0.422399101561742,0.422399101561742,146.9818620215584,60.0,2400.0,0.0,0.0,0.0,21.334564200020395,0.0,0.0,146.9818620215584,2400.0,44.04780244183571,386.52122988763506,,,,False,False,not_attempted,0,0,0,0,8,0,0.0,139.85270794886884,1996.0,False,,,False,1,0
pso,static_frozen,40,2400.0,40.0,8,recovering,recovering,4 26 37 66,2053,1.639344262295082,0.61,0.4,33.72824984891458,18.666666666666668,2,0,2,0.7974846451408909,0.7974846451408909,147.7793466666993,60.0,2460.0,0.0,0.0,0.0,21.334564200020395,0.0,0.0,147.7793466666993,2460.0,42.31588385337638,324.4056487122956,,,,False,False,not_attempted,0,0,0,0,16,0,0.0,139.05522330372793,1996.0,False,,,False,1,0
pso,static_frozen,41,2460.0,41.0,8,recovering,recovering,4 26 37 66,2053,1.572327044025157,0.636,0.44,33.83553909057353,18.683333333333334,2,0,2,0.09333333333333332,0.09333333333333332,147.87268000003263,60.0,2520.0,0.0,0.0,0.0,21.334564200020395,0.0,0.0,147.87268000003263,2520.0,40.14856562317157,322.0091039696373,,,,False,False,not_attempted,0,0,0,0,0,0,0.0,138.9618899703946,1996.0,False,,,False,1,0
pso,static_frozen,42,2520.0,42.0,8,recovering,recovering,4 26 37 66,2053,1.5105740181268883,0.6619999999999999,0.48,33.93500680882702,18.7,2,1,1,1.1073566295454613,1.1073566295454613,148.98003662957808,60.0,2580.0,0.0,0.0,0.0,21.334564200020395,0.0,0.0,148.98003662957808,2580.0,39.00830276219858,321.8178347500218,,,,False,False,not_attempted,0,0,0,0,11,1,0.09090909090909091,137.85453334084912,1996.0,False,,,False,1,0
pso,static_frozen,43,2580.0,43.0,8,recovering,recovering,4 26 37 66,2053,1.4534883720930234,0.688,0.52,34.0274782225581,18.716666666666665,1,0,1,0.09333333333333332,0.09333333333333332,149.0733699629114,60.0,2640.0,0.0,0.0,0.0,21.334564200020395,0.0,0.0,149.0733699629114,2640.0,36.731539248527056,321.6410219249122,,,,False,False,not_attempted,0,0,0,0,0,0,0.0,137.76120000751578,1996.0,False,,,False,0,0
pso,static_frozen,44,2640.0,44.0,8,recovering,recovering,4 26 37 66,2053,1.400560224089636,0.714,0.56,34.113666407032305,18.733333333333334,1,1,0,33.77005341940448,33.77005341940448,182.8434233823159,396.5290612361857,3036.5290612361855,0.0,0.0,0.0,21.334564200020395,0.0,0.0,182.8434233823159,3036.5290612361855,35.776066936179156,321.4770862243203,,,,False,False,not_attempted,0,0,0,0,360,117,0.325,135.28272204757354,1996.0,True,,,False,0,0
ga,adaptive,0,0.0,0.0,0,normal,initial,4 26 37 66,0,1.0,1.0,0.0,34.78037077224997,18.0,84,0,84,17.649882122789972,17.649882122789972,17.649882122789972,60.0,60.0,8.482715899939649,17.265034900046885,25.747750799986534,25.747750799986534,0.0,0.0,17.649882122789972,60.0,137.0202222079973,2575.791665618115,,,,False,False,initial_plan,0,0,0,0,110,0,0.0,177.61134889028398,0.0,False,,,True,10,10
ga,adaptive,1,60.0,1.0,0,normal,normal,4 26 37 66,0,1.0,1.0,0.0,34.78037077224997,18.016666666666666,84,0,84,3.860832221189131,3.860832221189131,21.510714343979103,60.0,120.0,0.0,0.0,0.0,25.747750799986534,0.0,0.0,21.510714343979103,120.0,118.33481725358962,2408.508397267874,,,,False,False,not_attempted,0,0,0,0,48,0,0.0,176.09020652430007,0.0,False,,,False,10,10
ga,adaptive,2,120.0,2.0,0,normal,normal,4 26 37 66,0,1.0,1.0,0.0,34.78037077224997,18.033333333333335,84,5,79,5.469586054369472,1.0939172108738944,26.980300398348575,60.0,180.0,0.0,0.0,0.0,25.747750799986534,0.0,0.0,26.980300398348575,180.0,114.32039977398952,2408.508397267874,,,,False,False,not_attempted,0,0,0,0,54,0,0.0,174.7596401655785,230.0,False,,,False,10,5
ga,adaptive,3,180.0,3.0,0,normal,normal,4 26 37 66,0,1.0,1.0,0.0,34.78037077224997,18.05,79,2,77,7.011609396691212,3.505804698345606,33.99190979503979,60.0,240.0,0.0,0.0,0.0,25.747750799986534,0.0,0.0,33.99190979503979,240.0,109.00105004153725,2395.4649197227227,,,,False,False,not_attempted,0,0,0,0,102,0,0.0,174.34235459366602,230.0,False,,,False,10,3
ga,adaptive,4,240.0,4.0,0,normal,normal,4 26 37 66,0,1.0,1.0,0.0,34.78037077224997,18.066666666666666,77,0,77,7.1547879192985535,7.1547879192985535,41.146697714338345,60.0,300.0,0.0,0.0,0.0,25.747750799986534,0.0,0.0,41.146697714338345,300.0,102.22978058226929,2222.1724931702206,,,,False,False,not_attempted,0,0,0,0,63,0,0.0,173.4394704160569,230.0,False,,,False,10,3
ga,adaptive,5,300.0,5.0,1,normal,normal,4 26 37 66,0,1.0,1.0,0.0,34.78037077224997,18.083333333333332,77,3,74,2.675963325709791,0.891987775236597,43.82266104004813,60.0,360.0,10.488344200071879,1237.5639157000696,1248.0522599001415,1273.800010700128,0.0,0.0,43.82266104004813,360.0,95.1717140869908,2222.1724931702206,95.1717140869908,106.01582479873737,-10.844110711746566,True,False,incumbent_not_worse,6,37,0,0,34,0,0.0,173.10775928116314,402.0,False,,,True,10,2
ga,adaptive,6,360.0,6.0,1,normal,normal,4 26 37 66,0,1.0,1.0,0.0,34.78037077224997,18.1,74,2,72,2.766193936465484,1.383096968232742,46.588854976513616,60.0,420.0,0.0,0.0,0.0,1273.800010700128,0.0,0.0,46.588854976513616,420.0,92.60410325990152,2214.6116397759683,,,,False,False,not_attempted,0,0,0,0,81,0,0.0,173.0144259478298,422.0,False,,,False,10,1
ga,adaptive,7,420.0,7.0,1,normal,normal,4 26 37 66,0,1.0,1.0,0.0,34.78037077224997,18.116666666666667,72,4,68,4.347192794898818,1.0867981987247044,50.93604777141243,60.0,480.0,0.0,0.0,0.0,1273.800010700128,0.0,0.0,50.93604777141243,480.0,89.92368642949396,2148.2053198083527,,,,False,False,not_attempted,0,0,0,0,87,0,0.0,171.7315048732715,422.0,False,,,False,10,0
ga,adaptive,8,480.0,8.0,1,normal,normal,4 26 37 66,0,1.0,1.0,0.0,34.78037077224997,18.133333333333333,68,2,66,2.5250093236515756,1.2625046618257878,53.46105709506401,60.0,540.0,0.0,0.0,0.0,1273.800010700128,0.0,0.0,53.46105709506401,540.0,85.28714308081315,2087.667082619376,,,,False,False,not_attempted,0,0,0,0,64,0,0.0,171.63817153993816,647.0,False,,,False,10,0
ga,adaptive,9,540.0,9.0,1,normal,normal,4 26 37 66,0,1.0,1.0,0.0,34.78037077224997,18.15,66,4,62,3.0619730013422446,0.7654932503355611,56.52303009640625,60.0,600.0,0.0,0.0,0.0,1273.800010700128,0.0,0.0,56.52303009640625,600.0,82.77007440456873,1959.541901191854,,,,False,False,not_attempted,0,0,0,0,70,0,0.0,171.54640459197284,647.0,False,,,False,10,0
ga,adaptive,10,600.0,10.0,2,degrading,degrading,4 26 37 66,0,1.0,1.0,0.0,34.78037077224997,18.166666666666668,62,3,59,4.390709018242486,1.4635696727474954,60.913739114648735,60.0,660.0,5.7399971410632133e-05,514.8152858000249,514.8153431999963,1788.6153539001243,0.0,0.0,60.913739114648735,660.0,80.09411359828835,1959.541901191854,80.09411359828835,98.66077012937346,-18.566656531085115,True,False,incumbent_not_worse,6,35,0,0,80,0,0.0,171.29011539682318,647.0,False,,,True,10,0
ga,adaptive,11,660.0,11.0,2,degrading,degrading,4 26 37 66,2053,1.06951871657754,0.935,0.0,34.662799164863586,18.183333333333334,59,1,58,2.686448156536948,2.686448156536948,63.60018727118568,60.0,720.0,0.0,0.0,0.0,1788.6153539001243,0.0,0.0,63.60018727118568,720.0,78.79048257300468,1906.9544923887024,,,,False,False,not_attempted,0,0,0,0,46,10,0.21739130434782608,171.00102300959978,647.0,False,,,False,9,0
ga,adaptive,12,720.0,12.0,2,degrading,degrading,4 26 37 66,2053,1.1494252873563218,0.87,0.0,34.52863750057551,18.2,58,4,54,2.574396090488435,0.6435990226221088,66.17458336167412,60.0,780.0,0.0,0.0,0.0,1788.6153539001243,0.0,0.0,66.17458336167412,780.0,80.3033990854192,1830.4158945946933,,,,False,False,not_attempted,0,0,0,0,30,0,0.0,169.9712503230566,647.0,False,,,False,8,0
ga,adaptive,13,780.0,13.0,2,degrading,degrading,4 26 37 66,2053,1.2422360248447206,0.8049999999999999,0.0,34.37410779707679,18.216666666666665,54,2,52,3.2047337712663193,1.6023668856331597,69.37931713294044,60.0,840.0,0.0,0.0,0.0,1788.6153539001243,0.0,0.0,69.37931713294044,840.0,82.16580999181058,1850.4710218659102,,,,False,False,not_attempted,0,0,0,0,39,7,0.1794871794871795,168.6873506151558,822.0,False,,,False,8,0
ga,adaptive,14,840.0,14.0,2,degrading,degrading,4 26 37 66,2053,1.3513513513513513,0.74,0.0,34.194190717748114,18.233333333333334,52,3,49,2.0687352180750165,0.6895784060250055,71.44805235101546,60.0,900.0,0.0,0.0,0.0,1788.6153539001243,0.0,0.0,71.44805235101546,900.0,83.60090018068088,1754.0493471712605,,,,False,False,not_attempted,0,0,0,0,31,0,0.0,168.44749961377207,822.0,False,,,False,8,0
ga,adaptive,15,900.0,15.0,3,degrading,degrading,4 26 37 66,2053,1.4814814814814814,0.675,0.0,33.98207009341471,18.25,49,3,46,2.582153204242387,0.8607177347474623,74.03020555525785,60.0,960.0,10.485231700004078,544.9912743999157,555.4765060999198,2344.091860000044,0.0,0.0,74.03020555525785,960.0,87.47908681526978,1792.1514522471173,87.47908681526978,89.85674504671731,-2.3776582314475263,True,False,incumbent_not_worse,2,9,0,0,47,3,0.06382978723404255,168.39759137099304,822.0,False,,,True,8,0
ga,adaptive,16,960.0,16.0,3,degrading,degrading,4 26 37 66,2053,1.639344262295082,0.61,0.0,33.72824984891458,18.266666666666666,46,1,45,4.043439214529281,4.043439214529281,78.07364476978714,60.0,1020.0,0.0,0.0,0.0,2344.091860000044,0.0,0.0,78.07364476978714,1020.0,91.24494916456393,1768.7996398712842,,,,False,False,not_attempted,0,0,0,0,54,9,0.16666666666666666,168.04603203450077,822.0,False,,,False,8,0
ga,adaptive,17,1020.0,17.0,3,degrading,degrading,4 26 37 66,2053,1.8348623853211008,0.545,0.0,33.41909336387101,18.283333333333335,45,3,42,4.202022797307909,1.400674265769303,82.27566756709504,60.0,1080.0,0.0,0.0,0.0,2344.091860000044,0.0,0.0,82.27566756709504,1080.0,94.32129980048698,1752.8052968847717,,,,False,False,not_attempted,0,0,0,0,50,4,0.08,167.52242108789736,943.0,False,,,False,8,0
ga,adaptive,18,1080.0,18.0,3,degrading,degrading,4 26 37 66,2053,2.0833333333333335,0.48,0.0,33.03429063990616,18.3,42,1,41,2.3831341664393286,2.3831341664393286,84.65880173353437,60.0,1140.0,0.0,0.0,0.0,2344.091860000044,0.0,0.0,84.65880173353437,1140.0,97.64760711402404,1745.9544122071368,,,,False,False,not_attempted,0,0,0,0,20,0,0.0,167.42908775456402,943.0,False,,,False,8,0
ga,adaptive,19,1140.0,19.0,3,degrading,degrading,4 26 37 66,2053,2.409638554216868,0.4149999999999999,0.0,32.54220704861389,18.316666666666666,41,4,37,4.0427483419789905,1.0106870854947476,88.70155007551337,60.0,1200.0,0.0,0.0,0.0,2344.091860000044,0.0,0.0,88.70155007551337,1200.0,103.83920813367763,1912.770601699822,,,,False,False,not_attempted,0,0,0,0,29,4,0.13793103448275862,164.99619905741838,967.0,False,,,False,8,0
ga,adaptive,20,1200.0,20.0,4,disrupted,holding,4 26 37 66,2053,2.857142857142857,0.35,0.0,31.890711724713366,18.333333333333332,37,2,35,6.363881064924607,3.1819405324623036,95.06543114043798,60.0,1260.0,10.614219299983233,296.812283199979,307.4265024999622,2651.5183625000063,0.0,0.0,95.06543114043798,1260.0,106.05746697684401,3267.1802166649372,108.0882065293648,106.05746697684401,2.030739552520785,True,True,lower_residual_energy,3,16,3,16,33,8,0.24242424242424243,164.89229472168907,1016.0,False,,,True,8,0
ga,adaptive,21,1260.0,21.0,4,disrupted,disrupted,4 26 37 66,2053,2.857142857142857,0.35,0.0,31.890711724713366,18.35,35,2,33,3.128818366123972,1.564409183061986,98.19424950656195,60.0,1320.0,0.0,0.0,0.0,2651.5183625000063,0.0,0.0,98.19424950656195,1320.0,102.92190103870553,3250.825701955749,,,,False,False,not_attempted,0,0,0,0,53,1,0.018867924528301886,164.79896138835574,1016.0,False,,,False,8,0
ga,adaptive,22,1320.0,22.0,4,disrupted,disrupted,4 26 37 66,2053,2.857142857142857,0.35,0.0,31.890711724713366,18.366666666666667,33,3,30,3.504186491139026,1.1680621637130086,101.69843599770097,60.0,1380.0,0.0,0.0,0.0,2651.5183625000063,0.0,0.0,101.69843599770097,1380.0,96.57400336256113,3147.1802166649372,,,,False,False,not_attempted,0,0,0,0,36,1,0.027777777777777776,163.87229100119816,1118.0,False,,,False,8,0
ga,adaptive,23,1380.0,23.0,4,disrupted,disrupted,4 26 37 66,2053,2.857142857142857,0.35,0.0,31.890711724713366,18.383333333333333,30,3,27,3.1726488791842407,1.0575496263947468,104.8710848768852,60.0,1440.0,0.0,0.0,0.0,2651.5183625000063,0.0,0.0,104.8710848768852,1440.0,95.80948786518638,3149.671076261078,,,,False,False,not_attempted,0,0,0,0,15,1,0.06666666666666667,162.90044403352192,1168.0,False,,,False,8,0
ga,adaptive,24,1440.0,24.0,4,disrupted,disrupted,4 26 37 66,2053,2.857142857142857,0.35,0.0,31.890711724713366,18.4,27,3,24,4.918733426233935,1.6395778087446449,109.78981830311915,60.0,1500.0,0.0,0.0,0.0,2651.5183625000063,0.0,0.0,109.78981830311915,1500.0,93.2345159342302,3117.7902136914754,,,,False,False,not_attempted,0,0,0,0,41,0,0.0,162.5919321216003,1178.0,False,,,False,8,0
ga,adaptive,25,1500.0,25.0,5,disrupted,disrupted,4 26 37 66,2053,2.857142857142857,0.35,0.0,31.890711724713366,18.416666666666668,24,1,23,2.740900142826725,2.740900142826725,112.53071844594588,60.0,1560.0,6.160000339150429e-05,33.37641100003384,33.37647260003723,2684.8948351000436,0.0,0.0,112.53071844594588,1560.0,81.72205684602838,3126.7982709598155,88.22057607882232,81.72205684602838,6.498519232793939,True,True,lower_residual_energy,2,2,2,2,10,0,0.0,162.49859878826697,1294.0,False,,,True,8,0
ga,adaptive,26,1560.0,26.0,5,disrupted,disrupted,4 26 37 66,2053,2.857142857142857,0.35,0.0,31.890711724713366,18.433333333333334,23,5,18,5.225220372790522,1.0450440745581044,117.7559388187364,60.0,1620.0,0.0,0.0,0.0,2684.8948351000436,0.0,0.0,117.7559388187364,1620.0,79.36955462838054,3126.7982709598155,,,,False,False,not_attempted,0,0,0,0,33,2,0.06060606060606061,161.57173237839604,1378.0,False,,,False,7,0
ga,adaptive,27,1620.0,27.0,5,disrupted,disrupted,4 26 37 66,2053,2.857142857142857,0.35,0.0,31.890711724713366,18.45,18,1,17,5.208688267367313,5.208688267367313,122.9646270861037,60.0,1680.0,0.0,0.0,0.0,2684.8948351000436,0.0,0.0,122.9646270861037,1680.0,74.0100315704021,3075.7165772548524,,,,False,False,not_attempted,0,0,0,0,19,5,0.2631578947368421,160.87606188598468,1378.0,False,,,False,6,0
ga,adaptive,28,1680.0,28.0,5,disrupted,disrupted,4 26 37 66,2053,2.857142857142857,0.35,0.0,31.890711724713366,18.466666666666665,17,2,15,1.5670369065870433,0.7835184532935217,124.53166399269075,60.0,1740.0,0.0,0.0,0.0,2684.8948351000436,0.0,0.0,124.53166399269075,1740.0,68.6981079224656,2935.1637963261055,,,,False,False,not_attempted,0,0,0,0,9,0,0.0,160.78272855265135,1439.0,False,,,False,4,0
ga,adaptive,29,1740.0,29.0,5,disrupted,disrupted,4 26 37 66,2053,2.857142857142857,0.35,0.0,31.890711724713366,18.483333333333334,15,4,11,4.885864838910376,1.221466209727594,129.41752883160112,60.0,1800.0,0.0,0.0,0.0,2684.8948351000436,0.0,0.0,129.41752883160112,1800.0,67.5088257610455,2935.1637963261055,,,,False,False,not_attempted,0,0,0,0,40,4,0.1,159.61496121593174,1468.0,False,,,False,3,0
ga,adaptive,30,1800.0,30.0,6,recovering,recovering,4 26 37 66,2053,2.857142857142857,0.35,0.0,31.890711724713366,18.5,11,1,10,0.9744733631860998,0.9744733631860998,130.3920021947872,60.0,1860.0,6.699992809444666e-05,7.1395057999761775,7.139572799904272,2692.034407899948,0.0,0.0,130.3920021947872,1860.0,57.23743624325711,2132.7152459047124,62.63094789888871,57.23743624325711,5.393511655631599,True,True,lower_residual_energy,2,2,2,2,34,0,0.0,159.09134109732872,1468.0,False,,,True,2,0
ga,adaptive,31,1860.0,31.0,6,recovering,recovering,4 26 37 66,2053,2.6595744680851063,0.376,0.04,32.17509521684179,18.516666666666666,10,1,9,0.6691680731778724,0.6691680731778724,131.06117026796508,60.0,1920.0,0.0,0.0,0.0,2692.034407899948,0.0,0.0,131.06117026796508,1920.0,54.64873228069953,2051.6861399937106,,,,False,False,not_attempted,0,0,0,0,36,0,0.0,158.5956953739978,1678.0,False,,,False,2,0
ga,adaptive,32,1920.0,32.0,6,recovering,recovering,4 26 37 66,2053,2.4875621890547266,0.40199999999999997,0.08,32.42685537164387,18.533333333333335,9,1,8,1.1519840782634427,1.1519840782634427,132.21315434622852,60.0,1980.0,0.0,0.0,0.0,2692.034407899948,0.0,0.0,132.21315434622852,1980.0,55.688122637387806,2006.3413107680794,,,,False,False,not_attempted,0,0,0,0,38,0,0.0,158.05202579073716,1678.0,False,,,False,2,0
ga,adaptive,33,1980.0,33.0,6,recovering,recovering,4 26 37 66,2053,2.336448598130841,0.428,0.12,32.65130129753112,18.55,8,0,8,0.28171115086111054,0.28171115086111054,132.49486549708962,60.0,2040.0,0.0,0.0,0.0,2692.034407899948,0.0,0.0,132.49486549708962,2040.0,53.10653602664299,1924.1092005674532,,,,False,False,not_attempted,0,0,0,0,4,0,0.0,157.86364797320937,1678.0,False,,,False,2,0
ga,adaptive,34,2040.0,34.0,6,recovering,recovering,4 26 37 66,2053,2.2026431718061676,0.45399999999999996,0.16,32.852649376711604,18.566666666666666,8,1,7,0.5205279284866233,0.5205279284866233,133.01539342557624,60.0,2100.0,0.0,0.0,0.0,2692.034407899948,0.0,0.0,133.01539342557624,2100.0,51.66885619868014,1823.7966901528855,,,,False,False,not_attempted,0,0,0,0,31,0,0.0,157.4632368014244,1678.0,False,,,False,2,0
ga,adaptive,35,2100.0,35.0,7,recovering,recovering,4 26 37 66,2053,2.0833333333333335,0.48,0.2,33.03429063990616,18.583333333333332,7,0,7,1.7411076626653008,1.7411076626653008,134.75650108824155,60.0,2160.0,10.719325499958359,3.839140799944289,14.558466299902648,2706.5928741998505,0.0,0.0,134.75650108824155,2160.0,49.87714248719688,934.9591650579945,49.948208110511445,49.87714248719688,0.071065623314567,True,True,lower_residual_energy,2,4,2,4,30,2,0.06666666666666667,156.8361684072912,1678.0,False,,,True,3,0
ga,adaptive,36,2160.0,36.0,7,recovering,recovering,4 26 37 66,2053,1.976284584980237,0.506,0.24,33.198983296359664,18.6,7,0,7,1.2318159851335992,1.2318159851335992,135.98831707337516,60.0,2220.0,0.0,0.0,0.0,2706.5928741998505,0.0,0.0,135.98831707337516,2220.0,45.5728921322524,775.6043459564272,,,,False,False,not_attempted,0,0,0,0,4,4,1.0,155.79101908882424,1678.0,False,,,False,2,0
ga,adaptive,37,2220.0,37.0,7,recovering,recovering,4 26 37 66,2053,1.8796992481203008,0.532,0.28,33.34899377229633,18.616666666666667,7,2,5,0.8068947682560232,0.4034473841280116,136.7952118416312,60.0,2280.0,0.0,0.0,0.0,2706.5928741998505,0.0,0.0,136.7952118416312,2280.0,42.787957940868424,775.305189733088,,,,False,False,not_attempted,0,0,0,0,11,0,0.0,155.63565078244415,1678.0,False,,,False,2,0
ga,adaptive,38,2280.0,38.0,7,recovering,recovering,4 26 37 66,2053,1.7921146953405016,0.558,0.32,33.486201638691476,18.633333333333333,5,0,5,0.8385817492635701,0.8385817492635701,137.63379359089475,60.0,2340.0,0.0,0.0,0.0,2706.5928741998505,0.0,0.0,137.63379359089475,2340.0,40.30361592313329,753.1714652461746,,,,False,False,not_attempted,0,0,0,0,6,0,0.0,155.5423174491108,1678.0,False,,,False,2,0
ga,adaptive,39,2340.0,39.0,7,recovering,recovering,4 26 37 66,2053,1.7123287671232879,0.584,0.36,33.61217877341451,18.65,5,1,4,1.0915072256801255,1.0915072256801255,138.72530081657487,60.0,2400.0,0.0,0.0,0.0,2706.5928741998505,0.0,0.0,138.72530081657487,2400.0,37.90910655570419,622.5855672097917,,,,False,False,not_attempted,0,0,0,0,6,6,1.0,154.54414355676403,1678.0,False,,,False,2,0
ga,adaptive,40,2400.0,40.0,8,recovering,recovering,4 26 37 66,2053,1.639344262295082,0.61,0.4,33.72824984891458,18.666666666666668,4,1,3,0.9487860397800423,0.9487860397800423,139.6740868563549,60.0,2460.0,10.575711500016041,2.1929774000309408,12.768688900046982,2719.3615630998975,0.0,0.0,139.6740868563549,2460.0,35.43910692011671,622.3595104444843,35.43910692011671,35.43910692011671,0.0,True,False,incumbent_not_worse,0,0,0,0,9,0,0.0,154.4508102234307,1678.0,False,,,True,1,0
ga,adaptive,41,2460.0,41.0,8,recovering,recovering,4 26 37 66,2053,1.572327044025157,0.636,0.44,33.83553909057353,18.683333333333334,3,1,2,0.153206335893327,0.153206335893327,139.82729319224822,60.0,2520.0,0.0,0.0,0.0,2719.3615630998975,0.0,0.0,139.82729319224822,2520.0,33.21953536069566,465.56453639453144,,,,False,False,not_attempted,0,0,0,0,0,0,0.0,154.3909372208707,1678.0,False,,,False,1,0
ga,adaptive,42,2520.0,42.0,8,recovering,recovering,4 26 37 66,2053,1.5105740181268883,0.6619999999999999,0.48,33.93500680882702,18.7,2,1,1,0.10032813744657026,0.10032813744657026,139.9276213296948,60.0,2580.0,0.0,0.0,0.0,2719.3615630998975,0.0,0.0,139.9276213296948,2580.0,32.09934932332455,465.37326717491595,,,,False,False,not_attempted,0,0,0,0,4,0,0.0,154.3909372208707,1678.0,False,,,False,1,0
ga,adaptive,43,2580.0,43.0,8,recovering,recovering,4 26 37 66,2053,1.4534883720930234,0.688,0.52,34.0274782225581,18.716666666666665,1,0,1,0.42811403077684174,0.42811403077684174,140.35573536047164,60.0,2640.0,0.0,0.0,0.0,2719.3615630998975,0.0,0.0,140.35573536047164,2640.0,30.88400559394815,451.2256990043402,,,,False,False,not_attempted,0,0,0,0,13,0,0.0,154.3909372208707,1678.0,False,,,False,1,0
ga,adaptive,44,2640.0,44.0,8,recovering,recovering,4 26 37 66,2053,1.400560224089636,0.714,0.56,34.113666407032305,18.733333333333334,1,0,1,0.8310006997915829,0.8310006997915829,141.18673606026323,60.0,2700.0,0.0,0.0,0.0,2719.3615630998975,0.0,0.0,141.18673606026323,2700.0,29.234866738676573,388.9129641574175,,,,False,False,not_attempted,0,0,0,0,8,0,0.0,154.3909372208707,1678.0,False,,,False,1,0
ga,adaptive,45,2700.0,45.0,9,recovering,recovering,4 26 37 66,2053,1.3513513513513513,0.74,0.6,34.194190717748114,18.75,1,0,1,1.006146350485538,1.006146350485538,142.19288241074878,60.0,2760.0,10.671993100084364,0.0033143999753519893,10.675307500059716,2730.036870599957,0.0,0.0,142.19288241074878,2760.0,27.23912455799537,332.28477700238386,27.239124557995375,27.23912455799537,3.552713678800501e-15,True,False,incumbent_not_worse,0,0,0,0,13,0,0.0,154.3909372208707,1678.0,False,,,True,1,0
ga,adaptive,46,2760.0,46.0,9,recovering,recovering,4 26 37 66,2053,1.3054830287206267,0.766,0.64,34.26959169765464,18.766666666666666,1,0,1,1.5859208167208092,1.5859208167208092,143.77880322746958,60.0,2820.0,0.0,0.0,0.0,2730.036870599957,0.0,0.0,143.77880322746958,2820.0,25.265683117108157,332.14270787869265,,,,False,False,not_attempted,0,0,0,0,49,0,0.0,154.3909372208707,1678.0,False,,,False,1,0
ga,adaptive,47,2820.0,47.0,9,recovering,recovering,4 26 37 66,2053,1.2626262626262625,0.792,0.68,34.34034322669782,18.783333333333335,1,0,1,1.1283362929217917,1.1283362929217917,144.90713952039138,60.0,2880.0,0.0,0.0,0.0,2730.036870599957,0.0,0.0,144.90713952039138,2880.0,22.74528235744081,332.0099665257488,,,,False,False,not_attempted,0,0,0,0,27,0,0.0,154.3909372208707,1678.0,False,,,False,1,0
ga,adaptive,48,2880.0,48.0,9,recovering,recovering,4 26 37 66,2053,1.2224938875305624,0.818,0.72,34.40686249105634,18.8,1,0,1,0.10526559682038426,0.10526559682038426,145.01240511721176,60.0,2940.0,0.0,0.0,0.0,2730.036870599957,0.0,0.0,145.01240511721176,2940.0,20.7001923237,331.88566349842,,,,False,False,not_attempted,0,0,0,0,0,0,0.0,154.3909372208707,1678.0,False,,,False,1,0
ga,adaptive,49,2940.0,49.0,9,recovering,recovering,4 26 37 66,2053,1.1848341232227486,0.8440000000000001,0.76,34.46951821529238,18.816666666666666,1,0,1,0.09333333333333332,0.09333333333333332,145.1057384505451,60.0,3000.0,0.0,0.0,0.0,2730.036870599957,0.0,0.0,145.1057384505451,3000.0,19.682675893737194,331.7690189514479,,,,False,False,not_attempted,0,0,0,0,0,0,0.0,154.3909372208707,1678.0,False,,,False,0,0
ga,adaptive,50,3000.0,50.0,10,recovering,recovering,4 26 37 66,2053,1.1494252873563218,0.87,0.8,34.52863750057551,18.833333333333332,1,1,0,17.640319320497486,17.640319320497486,162.74605777104256,337.6698816116407,3337.669881611641,0.0,0.0,0.0,2730.036870599957,0.0,0.0,162.74605777104256,3337.669881611641,18.940082713028396,331.65934626245576,,,,False,False,not_attempted,0,0,0,0,228,87,0.3815789473684211,151.62153400242082,1678.0,True,,,False,0,0
ga,static_live,0,0.0,0.0,0,normal,initial,4 26 37 66,0,1.0,1.0,0.0,34.78037077224997,18.0,84,0,84,17.649882122789972,17.649882122789972,17.649882122789972,60.0,60.0,8.482715899939649,17.265034900046885,25.747750799986534,25.747750799986534,0.0,0.0,17.649882122789972,60.0,137.0202222079973,2575.791665618115,,,,False,False,initial_plan,0,0,0,0,110,0,0.0,177.61134889028398,0.0,False,,,True,10,10
ga,static_live,1,60.0,1.0,0,normal,normal,4 26 37 66,0,1.0,1.0,0.0,34.78037077224997,18.016666666666666,84,0,84,3.860832221189131,3.860832221189131,21.510714343979103,60.0,120.0,0.0,0.0,0.0,25.747750799986534,0.0,0.0,21.510714343979103,120.0,118.33481725358962,2408.508397267874,,,,False,False,not_attempted,0,0,0,0,48,0,0.0,176.09020652430007,0.0,False,,,False,10,10
ga,static_live,2,120.0,2.0,0,normal,normal,4 26 37 66,0,1.0,1.0,0.0,34.78037077224997,18.033333333333335,84,5,79,5.469586054369472,1.0939172108738944,26.980300398348575,60.0,180.0,0.0,0.0,0.0,25.747750799986534,0.0,0.0,26.980300398348575,180.0,114.32039977398952,2408.508397267874,,,,False,False,not_attempted,0,0,0,0,54,0,0.0,174.7596401655785,230.0,False,,,False,10,5
ga,static_live,3,180.0,3.0,0,normal,normal,4 26 37 66,0,1.0,1.0,0.0,34.78037077224997,18.05,79,2,77,7.011609396691212,3.505804698345606,33.99190979503979,60.0,240.0,0.0,0.0,0.0,25.747750799986534,0.0,0.0,33.99190979503979,240.0,109.00105004153725,2395.4649197227227,,,,False,False,not_attempted,0,0,0,0,102,0,0.0,174.34235459366602,230.0,False,,,False,10,3
ga,static_live,4,240.0,4.0,0,normal,normal,4 26 37 66,0,1.0,1.0,0.0,34.78037077224997,18.066666666666666,77,0,77,7.1547879192985535,7.1547879192985535,41.146697714338345,60.0,300.0,0.0,0.0,0.0,25.747750799986534,0.0,0.0,41.146697714338345,300.0,102.22978058226929,2222.1724931702206,,,,False,False,not_attempted,0,0,0,0,63,0,0.0,173.4394704160569,230.0,False,,,False,10,3
ga,static_live,5,300.0,5.0,1,normal,normal,4 26 37 66,0,1.0,1.0,0.0,34.78037077224997,18.083333333333332,77,3,74,2.675963325709791,0.891987775236597,43.82266104004813,60.0,360.0,0.0,0.0,0.0,25.747750799986534,0.0,0.0,43.82266104004813,360.0,95.1717140869908,2222.1724931702206,,,,False,False,not_attempted,0,0,0,0,34,0,0.0,173.10775928116314,402.0,False,,,False,10,2
ga,static_live,6,360.0,6.0,1,normal,normal,4 26 37 66,0,1.0,1.0,0.0,34.78037077224997,18.1,74,2,72,2.766193936465484,1.383096968232742,46.588854976513616,60.0,420.0,0.0,0.0,0.0,25.747750799986534,0.0,0.0,46.588854976513616,420.0,92.60410325990152,2214.6116397759683,,,,False,False,not_attempted,0,0,0,0,81,0,0.0,173.0144259478298,422.0,False,,,False,10,1
ga,static_live,7,420.0,7.0,1,normal,normal,4 26 37 66,0,1.0,1.0,0.0,34.78037077224997,18.116666666666667,72,4,68,4.347192794898818,1.0867981987247044,50.93604777141243,60.0,480.0,0.0,0.0,0.0,25.747750799986534,0.0,0.0,50.93604777141243,480.0,89.92368642949396,2148.2053198083527,,,,False,False,not_attempted,0,0,0,0,87,0,0.0,171.7315048732715,422.0,False,,,False,10,0
ga,static_live,8,480.0,8.0,1,normal,normal,4 26 37 66,0,1.0,1.0,0.0,34.78037077224997,18.133333333333333,68,2,66,2.5250093236515756,1.2625046618257878,53.46105709506401,60.0,540.0,0.0,0.0,0.0,25.747750799986534,0.0,0.0,53.46105709506401,540.0,85.28714308081315,2087.667082619376,,,,False,False,not_attempted,0,0,0,0,64,0,0.0,171.63817153993816,647.0,False,,,False,10,0
ga,static_live,9,540.0,9.0,1,normal,normal,4 26 37 66,0,1.0,1.0,0.0,34.78037077224997,18.15,66,4,62,3.0619730013422446,0.7654932503355611,56.52303009640625,60.0,600.0,0.0,0.0,0.0,25.747750799986534,0.0,0.0,56.52303009640625,600.0,82.77007440456873,1959.541901191854,,,,False,False,not_attempted,0,0,0,0,70,0,0.0,171.54640459197284,647.0,False,,,False,10,0
ga,static_live,10,600.0,10.0,2,degrading,degrading,4 26 37 66,0,1.0,1.0,0.0,34.78037077224997,18.166666666666668,62,3,59,4.390709018242486,1.4635696727474954,60.913739114648735,60.0,660.0,0.0,0.0,0.0,25.747750799986534,0.0,0.0,60.913739114648735,660.0,80.09411359828835,1959.541901191854,,,,False,False,not_attempted,0,0,0,0,80,0,0.0,171.29011539682318,647.0,False,,,False,10,0
ga,static_live,11,660.0,11.0,2,degrading,degrading,4 26 37 66,2053,1.06951871657754,0.935,0.0,34.662799164863586,18.183333333333334,59,1,58,2.686448156536948,2.686448156536948,63.60018727118568,60.0,720.0,0.0,0.0,0.0,25.747750799986534,0.0,0.0,63.60018727118568,720.0,78.79048257300468,1906.9544923887024,,,,False,False,not_attempted,0,0,0,0,46,10,0.21739130434782608,171.00102300959978,647.0,False,,,False,9,0
ga,static_live,12,720.0,12.0,2,degrading,degrading,4 26 37 66,2053,1.1494252873563218,0.87,0.0,34.52863750057551,18.2,58,4,54,2.574396090488435,0.6435990226221088,66.17458336167412,60.0,780.0,0.0,0.0,0.0,25.747750799986534,0.0,0.0,66.17458336167412,780.0,80.3033990854192,1830.4158945946933,,,,False,False,not_attempted,0,0,0,0,30,0,0.0,169.9712503230566,647.0,False,,,False,8,0
ga,static_live,13,780.0,13.0,2,degrading,degrading,4 26 37 66,2053,1.2422360248447206,0.8049999999999999,0.0,34.37410779707679,18.216666666666665,54,2,52,3.2047337712663193,1.6023668856331597,69.37931713294044,60.0,840.0,0.0,0.0,0.0,25.747750799986534,0.0,0.0,69.37931713294044,840.0,82.16580999181058,1850.4710218659102,,,,False,False,not_attempted,0,0,0,0,39,7,0.1794871794871795,168.6873506151558,822.0,False,,,False,8,0
ga,static_live,14,840.0,14.0,2,degrading,degrading,4 26 37 66,2053,1.3513513513513513,0.74,0.0,34.194190717748114,18.233333333333334,52,3,49,2.0687352180750165,0.6895784060250055,71.44805235101546,60.0,900.0,0.0,0.0,0.0,25.747750799986534,0.0,0.0,71.44805235101546,900.0,83.60090018068088,1754.0493471712605,,,,False,False,not_attempted,0,0,0,0,31,0,0.0,168.44749961377207,822.0,False,,,False,8,0
ga,static_live,15,900.0,15.0,3,degrading,degrading,4 26 37 66,2053,1.4814814814814814,0.675,0.0,33.98207009341471,18.25,49,3,46,2.582153204242387,0.8607177347474623,74.03020555525785,60.0,960.0,0.0,0.0,0.0,25.747750799986534,0.0,0.0,74.03020555525785,960.0,87.47908681526978,1792.1514522471173,,,,False,False,not_attempted,0,0,0,0,47,3,0.06382978723404255,168.39759137099304,822.0,False,,,False,8,0
ga,static_live,16,960.0,16.0,3,degrading,degrading,4 26 37 66,2053,1.639344262295082,0.61,0.0,33.72824984891458,18.266666666666666,46,1,45,4.043439214529281,4.043439214529281,78.07364476978714,60.0,1020.0,0.0,0.0,0.0,25.747750799986534,0.0,0.0,78.07364476978714,1020.0,91.24494916456393,1768.7996398712842,,,,False,False,not_attempted,0,0,0,0,54,9,0.16666666666666666,168.04603203450077,822.0,False,,,False,8,0
ga,static_live,17,1020.0,17.0,3,degrading,degrading,4 26 37 66,2053,1.8348623853211008,0.545,0.0,33.41909336387101,18.283333333333335,45,3,42,4.202022797307909,1.400674265769303,82.27566756709504,60.0,1080.0,0.0,0.0,0.0,25.747750799986534,0.0,0.0,82.27566756709504,1080.0,94.32129980048698,1752.8052968847717,,,,False,False,not_attempted,0,0,0,0,50,4,0.08,167.52242108789736,943.0,False,,,False,8,0
ga,static_live,18,1080.0,18.0,3,degrading,degrading,4 26 37 66,2053,2.0833333333333335,0.48,0.0,33.03429063990616,18.3,42,1,41,2.3831341664393286,2.3831341664393286,84.65880173353437,60.0,1140.0,0.0,0.0,0.0,25.747750799986534,0.0,0.0,84.65880173353437,1140.0,97.64760711402404,1745.9544122071368,,,,False,False,not_attempted,0,0,0,0,20,0,0.0,167.42908775456402,943.0,False,,,False,8,0
ga,static_live,19,1140.0,19.0,3,degrading,degrading,4 26 37 66,2053,2.409638554216868,0.4149999999999999,0.0,32.54220704861389,18.316666666666666,41,4,37,4.0427483419789905,1.0106870854947476,88.70155007551337,60.0,1200.0,0.0,0.0,0.0,25.747750799986534,0.0,0.0,88.70155007551337,1200.0,103.83920813367763,1912.770601699822,,,,False,False,not_attempted,0,0,0,0,29,4,0.13793103448275862,164.99619905741838,967.0,False,,,False,8,0
ga,static_live,20,1200.0,20.0,4,disrupted,holding,4 26 37 66,2053,2.857142857142857,0.35,0.0,31.890711724713366,18.333333333333332,37,2,35,3.744036161854285,1.8720180809271425,92.44558623736765,60.0,1260.0,0.0,0.0,0.0,25.747750799986534,0.0,0.0,92.44558623736765,1260.0,108.0882065293648,1889.308900759658,,,,False,False,not_attempted,0,0,0,0,24,0,0.0,164.89229472168907,1016.0,False,,,False,8,0
ga,static_live,21,1260.0,21.0,4,disrupted,disrupted,4 26 37 66,2053,2.857142857142857,0.35,0.0,31.890711724713366,18.35,35,2,33,3.052862369990336,1.526431184995168,95.49844860735799,60.0,1320.0,0.0,0.0,0.0,25.747750799986534,0.0,0.0,95.49844860735799,1320.0,104.19606003561687,1889.308900759658,,,,False,False,not_attempted,0,0,0,0,39,0,0.0,164.79896138835574,1016.0,False,,,False,8,0
ga,static_live,22,1320.0,22.0,4,disrupted,disrupted,4 26 37 66,2053,2.857142857142857,0.35,0.0,31.890711724713366,18.366666666666667,33,4,29,3.8437764048568064,0.9609441012142016,99.3422250122148,60.0,1380.0,0.0,0.0,0.0,25.747750799986534,0.0,0.0,99.3422250122148,1380.0,101.26173457164434,1712.5155854642733,,,,False,False,not_attempted,0,0,0,0,35,1,0.02857142857142857,163.87229100119816,1118.0,False,,,False,8,0
ga,static_live,23,1380.0,23.0,4,disrupted,disrupted,4 26 37 66,2053,2.857142857142857,0.35,0.0,31.890711724713366,18.383333333333333,29,3,26,2.6308327281137136,0.8769442427045712,101.97305774032851,60.0,1440.0,0.0,0.0,0.0,25.747750799986534,0.0,0.0,101.97305774032851,1440.0,96.52294011332393,1712.5155854642733,,,,False,False,not_attempted,0,0,0,0,9,1,0.1111111111111111,162.90044403352192,1168.0,False,,,False,8,0
ga,static_live,24,1440.0,24.0,4,disrupted,disrupted,4 26 37 66,2053,2.857142857142857,0.35,0.0,31.890711724713366,18.4,26,4,22,4.425887628231196,1.106471907057799,106.39894536855971,60.0,1500.0,0.0,0.0,0.0,25.747750799986534,0.0,0.0,106.39894536855971,1500.0,94.66023685238532,1709.9575079615572,,,,False,False,not_attempted,0,0,0,0,43,0,0.0,162.5919321216003,1236.0,False,,,False,8,0
ga,static_live,25,1500.0,25.0,5,disrupted,disrupted,4 26 37 66,2053,2.857142857142857,0.35,0.0,31.890711724713366,18.416666666666668,22,0,22,3.8782019333542745,3.8782019333542745,110.27714730191398,60.0,1560.0,0.0,0.0,0.0,25.747750799986534,0.0,0.0,110.27714730191398,1560.0,90.16384836161299,1573.2768984329398,,,,False,False,not_attempted,0,0,0,0,27,0,0.0,162.49859878826697,1236.0,False,,,False,7,0
ga,static_live,26,1560.0,26.0,5,disrupted,disrupted,4 26 37 66,2053,2.857142857142857,0.35,0.0,31.890711724713366,18.433333333333334,22,4,18,3.2005083299063393,0.8001270824765848,113.47765563182033,60.0,1620.0,0.0,0.0,0.0,25.747750799986534,0.0,0.0,113.47765563182033,1620.0,86.3886963003262,1573.2768984329398,,,,False,False,not_attempted,0,0,0,0,24,2,0.08333333333333333,161.57173237839604,1318.0,False,,,False,7,0
ga,static_live,27,1620.0,27.0,5,disrupted,disrupted,4 26 37 66,2053,2.857142857142857,0.35,0.0,31.890711724713366,18.45,18,3,15,3.6459407818477243,1.2153135939492414,117.12359641366805,60.0,1680.0,0.0,0.0,0.0,25.747750799986534,0.0,0.0,117.12359641366805,1680.0,83.30299521438056,1530.599437175306,,,,False,False,not_attempted,0,0,0,0,27,1,0.037037037037037035,160.87606188598468,1318.0,False,,,False,5,0
ga,static_live,28,1680.0,28.0,5,disrupted,disrupted,4 26 37 66,2053,2.857142857142857,0.35,0.0,31.890711724713366,18.466666666666665,15,2,13,0.8214737524365774,0.4107368762182887,117.94507016610463,60.0,1740.0,0.0,0.0,0.0,25.747750799986534,0.0,0.0,117.94507016610463,1740.0,79.40843838455129,1402.255348162789,,,,False,False,not_attempted,0,0,0,0,4,0,0.0,160.78272855265135,1382.0,False,,,False,3,0
ga,static_live,29,1740.0,29.0,5,disrupted,disrupted,4 26 37 66,2053,2.857142857142857,0.35,0.0,31.890711724713366,18.483333333333334,13,4,9,1.1943986802710218,0.29859967006775545,119.13946884637565,60.0,1800.0,0.0,0.0,0.0,25.747750799986534,0.0,0.0,119.13946884637565,1800.0,79.03061701853773,1402.255348162789,,,,False,False,not_attempted,0,0,0,0,28,0,0.0,160.7439499090063,1468.0,False,,,False,3,0
ga,static_live,30,1800.0,30.0,6,recovering,recovering,4 26 37 66,2053,2.857142857142857,0.35,0.0,31.890711724713366,18.5,9,1,8,1.091071822232143,1.091071822232143,120.23054066860779,60.0,1860.0,0.0,0.0,0.0,25.747750799986534,0.0,0.0,120.23054066860779,1860.0,78.07656145145596,1351.6959337329588,,,,False,False,not_attempted,0,0,0,0,37,0,0.0,160.7439499090063,1468.0,False,,,False,3,0
ga,static_live,31,1860.0,31.0,6,recovering,recovering,4 26 37 66,2053,2.6595744680851063,0.376,0.04,32.17509521684179,18.516666666666666,8,0,8,1.8607414182163136,1.8607414182163136,122.0912820868241,60.0,1920.0,0.0,0.0,0.0,25.747750799986534,0.0,0.0,122.0912820868241,1920.0,73.58422952620731,1244.8448344854705,,,,False,False,not_attempted,0,0,0,0,14,4,0.2857142857142857,160.7439499090063,1468.0,False,,,False,3,0
ga,static_live,32,1920.0,32.0,6,recovering,recovering,4 26 37 66,2053,2.4875621890547266,0.40199999999999997,0.08,32.42685537164387,18.533333333333335,8,1,7,1.1555080918292895,1.1555080918292895,123.24679017865338,60.0,1980.0,0.0,0.0,0.0,25.747750799986534,0.0,0.0,123.24679017865338,1980.0,68.88276077932416,1069.940975470497,,,,False,False,not_attempted,0,0,0,0,14,0,0.0,160.7439499090063,1607.0,False,,,False,3,0
ga,static_live,33,1980.0,33.0,6,recovering,recovering,4 26 37 66,2053,2.336448598130841,0.428,0.12,32.65130129753112,18.55,7,1,6,3.1645553227057155,3.1645553227057155,126.4113455013591,60.0,2040.0,0.0,0.0,0.0,25.747750799986534,0.0,0.0,126.4113455013591,2040.0,65.0650703932106,1038.1591393867382,,,,False,False,not_attempted,0,0,0,0,14,9,0.6428571428571429,160.7439499090063,1607.0,False,,,False,3,0
ga,static_live,34,2040.0,34.0,6,recovering,recovering,4 26 37 66,2053,2.2026431718061676,0.45399999999999996,0.16,32.852649376711604,18.566666666666666,6,0,6,0.8727460980023444,0.8727460980023444,127.28409159936143,60.0,2100.0,0.0,0.0,0.0,25.747750799986534,0.0,0.0,127.28409159936143,2100.0,59.17967803004411,962.4190122198235,,,,False,False,not_attempted,0,0,0,0,2,2,1.0,160.7439499090063,1607.0,False,,,False,2,0
ga,static_live,35,2100.0,35.0,7,recovering,recovering,4 26 37 66,2053,2.0833333333333335,0.48,0.2,33.03429063990616,18.583333333333332,6,2,4,1.4855756747853872,0.7427878373926936,128.76966727414683,60.0,2160.0,0.0,0.0,0.0,25.747750799986534,0.0,0.0,128.76966727414683,2160.0,56.273552915074944,728.4027320245057,,,,False,False,not_attempted,0,0,0,0,9,5,0.5555555555555556,160.7439499090063,1725.0,False,,,False,2,0
ga,static_live,36,2160.0,36.0,7,recovering,recovering,4 26 37 66,2053,1.976284584980237,0.506,0.24,33.198983296359664,18.6,4,0,4,0.18666666666666665,0.18666666666666665,128.9563339408135,60.0,2220.0,0.0,0.0,0.0,25.747750799986534,0.0,0.0,128.9563339408135,2220.0,52.135340610627914,578.4083155936854,,,,False,False,not_attempted,0,0,0,0,0,0,0.0,160.7439499090063,1725.0,False,,,False,1,0
ga,static_live,37,2220.0,37.0,7,recovering,recovering,4 26 37 66,2053,1.8796992481203008,0.532,0.28,33.34899377229633,18.616666666666667,4,2,2,1.022092193139122,0.511046096569561,129.9784261339526,60.0,2280.0,0.0,0.0,0.0,25.747750799986534,0.0,0.0,129.9784261339526,2280.0,49.48098718975644,572.7614547099648,,,,False,False,not_attempted,0,0,0,0,5,5,1.0,160.7439499090063,1937.0,False,,,False,1,0
ga,static_live,38,2280.0,38.0,7,recovering,recovering,4 26 37 66,2053,1.7921146953405016,0.558,0.32,33.486201638691476,18.633333333333333,2,0,2,0.28481535128356733,0.28481535128356733,130.26324148523616,60.0,2340.0,0.0,0.0,0.0,25.747750799986534,0.0,0.0,130.26324148523616,2340.0,46.168469581085354,567.6408245896018,,,,False,False,not_attempted,0,0,0,0,1,1,1.0,160.7439499090063,1937.0,False,,,False,1,0
ga,static_live,39,2340.0,39.0,7,recovering,recovering,4 26 37 66,2053,1.7123287671232879,0.584,0.36,33.61217877341451,18.65,2,0,2,0.09333333333333332,0.09333333333333332,130.3565748185695,60.0,2400.0,0.0,0.0,0.0,25.747750799986534,0.0,0.0,130.3565748185695,2400.0,43.68936136649807,562.9761409868054,,,,False,False,not_attempted,0,0,0,0,0,0,0.0,160.7439499090063,1937.0,False,,,False,1,0
ga,static_live,40,2400.0,40.0,8,recovering,recovering,4 26 37 66,2053,1.639344262295082,0.61,0.4,33.72824984891458,18.666666666666668,2,1,1,1.0743960583850802,1.0743960583850802,131.43097087695458,60.0,2460.0,0.0,0.0,0.0,25.747750799986534,0.0,0.0,131.43097087695458,2460.0,41.762474672703455,558.7091025435916,,,,False,False,not_attempted,0,0,0,0,7,7,1.0,160.7439499090063,1937.0,False,,,False,1,0
ga,static_live,41,2460.0,41.0,8,recovering,recovering,4 26 37 66,2053,1.572327044025157,0.636,0.44,33.83553909057353,18.683333333333334,1,0,1,1.130443199035766,1.130443199035766,132.56141407599034,60.0,2520.0,0.0,0.0,0.0,25.747750799986534,0.0,0.0,132.56141407599034,2520.0,38.68707118383118,554.7909414573701,,,,False,False,not_attempted,0,0,0,0,6,5,0.8333333333333334,160.18312013647292,1937.0,False,,,False,1,0
ga,static_live,42,2520.0,42.0,8,recovering,recovering,4 26 37 66,2053,1.5105740181268883,0.6619999999999999,0.48,33.93500680882702,18.7,1,0,1,1.4961919838570186,1.4961919838570186,134.05760605984736,60.0,2580.0,0.0,0.0,0.0,25.747750799986534,0.0,0.0,134.05760605984736,2580.0,35.853832697219964,551.1805513326041,,,,False,False,not_attempted,0,0,0,0,11,7,0.6363636363636364,158.6869281526159,1937.0,False,,,False,1,0
ga,static_live,43,2580.0,43.0,8,recovering,recovering,4 26 37 66,2053,1.4534883720930234,0.688,0.52,34.0274782225581,18.716666666666665,1,0,1,0.7109827422565228,0.7109827422565228,134.7685888021039,60.0,2640.0,0.0,0.0,0.0,25.747750799986534,0.0,0.0,134.7685888021039,2640.0,32.86737171183675,547.8430395312216,,,,False,False,not_attempted,0,0,0,0,3,3,1.0,157.97594541035937,1937.0,False,,,False,1,0
ga,static_live,44,2640.0,44.0,8,recovering,recovering,4 26 37 66,2053,1.400560224089636,0.714,0.56,34.113666407032305,18.733333333333334,1,0,1,0.09333333333333332,0.09333333333333332,134.86192213543723,60.0,2700.0,0.0,0.0,0.0,25.747750799986534,0.0,0.0,134.86192213543723,2700.0,30.65814463613954,544.7485958162142,,,,False,False,not_attempted,0,0,0,0,0,0,0.0,157.88261207702604,1937.0,False,,,False,0,0
ga,static_live,45,2700.0,45.0,9,recovering,recovering,4 26 37 66,2053,1.3513513513513513,0.74,0.6,34.194190717748114,18.75,1,1,0,26.566244337118054,26.566244337118054,161.4281664725553,570.5085625475901,3270.50856254759,0.0,0.0,0.0,25.747750799986534,0.0,0.0,161.4281664725553,3270.50856254759,29.391752496204838,541.8715994973966,,,,False,False,not_attempted,0,0,0,0,302,91,0.30132450331125826,154.76146553532345,1937.0,True,,,False,0,0
ga,static_frozen,0,0.0,0.0,0,normal,initial,4 26 37 66,0,1.0,1.0,0.0,34.78037077224997,18.0,84,0,84,17.649882122789972,17.649882122789972,17.649882122789972,60.0,60.0,8.482715899939649,17.265034900046885,25.747750799986534,25.747750799986534,0.0,0.0,17.649882122789972,60.0,137.0202222079973,2575.791665618115,,,,False,False,initial_plan,0,0,0,0,110,0,0.0,177.61134889028398,0.0,False,,,True,10,10
ga,static_frozen,1,60.0,1.0,0,normal,normal,4 26 37 66,0,1.0,1.0,0.0,34.78037077224997,18.016666666666666,84,0,84,3.860832221189131,3.860832221189131,21.510714343979103,60.0,120.0,0.0,0.0,0.0,25.747750799986534,0.0,0.0,21.510714343979103,120.0,118.33481725358962,2408.508397267874,,,,False,False,not_attempted,0,0,0,0,48,0,0.0,176.09020652430007,0.0,False,,,False,10,10
ga,static_frozen,2,120.0,2.0,0,normal,normal,4 26 37 66,0,1.0,1.0,0.0,34.78037077224997,18.033333333333335,84,5,79,5.469586054369472,1.0939172108738944,26.980300398348575,60.0,180.0,0.0,0.0,0.0,25.747750799986534,0.0,0.0,26.980300398348575,180.0,114.32039977398952,2408.508397267874,,,,False,False,not_attempted,0,0,0,0,54,0,0.0,174.7596401655785,230.0,False,,,False,10,5
ga,static_frozen,3,180.0,3.0,0,normal,normal,4 26 37 66,0,1.0,1.0,0.0,34.78037077224997,18.05,79,2,77,7.011609396691212,3.505804698345606,33.99190979503979,60.0,240.0,0.0,0.0,0.0,25.747750799986534,0.0,0.0,33.99190979503979,240.0,109.00105004153725,2395.4649197227227,,,,False,False,not_attempted,0,0,0,0,102,0,0.0,174.34235459366602,230.0,False,,,False,10,3
ga,static_frozen,4,240.0,4.0,0,normal,normal,4 26 37 66,0,1.0,1.0,0.0,34.78037077224997,18.066666666666666,77,0,77,7.1547879192985535,7.1547879192985535,41.146697714338345,60.0,300.0,0.0,0.0,0.0,25.747750799986534,0.0,0.0,41.146697714338345,300.0,102.22978058226929,2222.1724931702206,,,,False,False,not_attempted,0,0,0,0,63,0,0.0,173.4394704160569,230.0,False,,,False,10,3
ga,static_frozen,5,300.0,5.0,1,normal,normal,4 26 37 66,0,1.0,1.0,0.0,34.78037077224997,18.083333333333332,77,3,74,2.675963325709791,0.891987775236597,43.82266104004813,60.0,360.0,0.0,0.0,0.0,25.747750799986534,0.0,0.0,43.82266104004813,360.0,95.1717140869908,2222.1724931702206,,,,False,False,not_attempted,0,0,0,0,34,0,0.0,173.10775928116314,402.0,False,,,False,10,2
ga,static_frozen,6,360.0,6.0,1,normal,normal,4 26 37 66,0,1.0,1.0,0.0,34.78037077224997,18.1,74,2,72,2.766193936465484,1.383096968232742,46.588854976513616,60.0,420.0,0.0,0.0,0.0,25.747750799986534,0.0,0.0,46.588854976513616,420.0,92.60410325990152,2214.6116397759683,,,,False,False,not_attempted,0,0,0,0,81,0,0.0,173.0144259478298,422.0,False,,,False,10,1
ga,static_frozen,7,420.0,7.0,1,normal,normal,4 26 37 66,0,1.0,1.0,0.0,34.78037077224997,18.116666666666667,72,4,68,4.347192794898818,1.0867981987247044,50.93604777141243,60.0,480.0,0.0,0.0,0.0,25.747750799986534,0.0,0.0,50.93604777141243,480.0,89.92368642949396,2148.2053198083527,,,,False,False,not_attempted,0,0,0,0,87,0,0.0,171.7315048732715,422.0,False,,,False,10,0
ga,static_frozen,8,480.0,8.0,1,normal,normal,4 26 37 66,0,1.0,1.0,0.0,34.78037077224997,18.133333333333333,68,2,66,2.5250093236515756,1.2625046618257878,53.46105709506401,60.0,540.0,0.0,0.0,0.0,25.747750799986534,0.0,0.0,53.46105709506401,540.0,85.28714308081315,2087.667082619376,,,,False,False,not_attempted,0,0,0,0,64,0,0.0,171.63817153993816,647.0,False,,,False,10,0
ga,static_frozen,9,540.0,9.0,1,normal,normal,4 26 37 66,0,1.0,1.0,0.0,34.78037077224997,18.15,66,4,62,3.0619730013422446,0.7654932503355611,56.52303009640625,60.0,600.0,0.0,0.0,0.0,25.747750799986534,0.0,0.0,56.52303009640625,600.0,82.77007440456873,1959.541901191854,,,,False,False,not_attempted,0,0,0,0,70,0,0.0,171.54640459197284,647.0,False,,,False,10,0
ga,static_frozen,10,600.0,10.0,2,degrading,degrading,4 26 37 66,0,1.0,1.0,0.0,34.78037077224997,18.166666666666668,62,3,59,4.390709018242486,1.4635696727474954,60.913739114648735,60.0,660.0,0.0,0.0,0.0,25.747750799986534,0.0,0.0,60.913739114648735,660.0,80.09411359828835,1959.541901191854,,,,False,False,not_attempted,0,0,0,0,80,0,0.0,171.29011539682318,647.0,False,,,False,10,0
ga,static_frozen,11,660.0,11.0,2,degrading,degrading,4 26 37 66,2053,1.06951871657754,0.935,0.0,34.662799164863586,18.183333333333334,59,1,58,2.69589703488741,2.69589703488741,63.60963614953614,60.0,720.0,0.0,0.0,0.0,25.747750799986534,0.0,0.0,63.60963614953614,720.0,78.79048257300468,1906.9544923887024,,,,False,False,not_attempted,0,0,0,0,48,12,0.25,171.00102300959978,647.0,False,,,False,9,0
ga,static_frozen,12,720.0,12.0,2,degrading,degrading,4 26 37 66,2053,1.1494252873563218,0.87,0.0,34.52863750057551,18.2,58,4,54,2.574396090488435,0.6435990226221088,66.18403224002458,60.0,780.0,0.0,0.0,0.0,25.747750799986534,0.0,0.0,66.18403224002458,780.0,80.3033990854192,1830.4158945946933,,,,False,False,not_attempted,0,0,0,0,30,0,0.0,169.9712503230566,647.0,False,,,False,8,0
ga,static_frozen,13,780.0,13.0,2,degrading,degrading,4 26 37 66,2053,1.2422360248447206,0.8049999999999999,0.0,34.37410779707679,18.216666666666665,54,2,52,3.2783266185383457,1.6391633092691729,69.46235885856292,60.0,840.0,0.0,0.0,0.0,25.747750799986534,0.0,0.0,69.46235885856292,840.0,82.16580999181058,1850.4710218659102,,,,False,False,not_attempted,0,0,0,0,39,9,0.23076923076923078,168.6873506151558,822.0,False,,,False,8,0
ga,static_frozen,14,840.0,14.0,2,degrading,degrading,4 26 37 66,2053,1.3513513513513513,0.74,0.0,34.194190717748114,18.233333333333334,52,3,49,2.0687352180750165,0.6895784060250055,71.53109407663794,60.0,900.0,0.0,0.0,0.0,25.747750799986534,0.0,0.0,71.53109407663794,900.0,83.60090018068088,1754.0493471712605,,,,False,False,not_attempted,0,0,0,0,31,0,0.0,168.44749961377207,822.0,False,,,False,8,0
ga,static_frozen,15,900.0,15.0,3,degrading,degrading,4 26 37 66,2053,1.4814814814814814,0.675,0.0,33.98207009341471,18.25,49,3,46,2.704370601346659,0.9014568671155531,74.2354646779846,60.0,960.0,0.0,0.0,0.0,25.747750799986534,0.0,0.0,74.2354646779846,960.0,87.47908681526978,1792.1514522471173,,,,False,False,not_attempted,0,0,0,0,48,3,0.0625,168.39759137099304,822.0,False,,,False,8,0
ga,static_frozen,16,960.0,16.0,3,degrading,degrading,4 26 37 66,2053,1.639344262295082,0.61,0.0,33.72824984891458,18.266666666666666,46,1,45,4.29655603028267,4.29655603028267,78.53202070826727,60.0,1020.0,0.0,0.0,0.0,25.747750799986534,0.0,0.0,78.53202070826727,1020.0,91.20211305687967,1768.7996398712842,,,,False,False,not_attempted,0,0,0,0,54,11,0.2037037037037037,168.04603203450077,822.0,False,,,False,8,0
ga,static_frozen,17,1020.0,17.0,3,degrading,degrading,4 26 37 66,2053,1.8348623853211008,0.545,0.0,33.41909336387101,18.283333333333335,45,3,42,3.9114820023925168,1.3038273341308388,82.44350271065979,60.0,1080.0,0.0,0.0,0.0,25.747750799986534,0.0,0.0,82.44350271065979,1080.0,94.00567183837967,1752.8052968847717,,,,False,False,not_attempted,0,0,0,0,49,3,0.061224489795918366,167.3586442650942,943.0,False,,,False,8,0
ga,static_frozen,18,1080.0,18.0,3,degrading,degrading,4 26 37 66,2053,2.0833333333333335,0.48,0.0,33.03429063990616,18.3,42,1,41,2.3831341664393286,2.3831341664393286,84.82663687709912,60.0,1140.0,0.0,0.0,0.0,25.747750799986534,0.0,0.0,84.82663687709912,1140.0,97.64760711402404,1745.9544122071368,,,,False,False,not_attempted,0,0,0,0,20,0,0.0,167.26531093176087,943.0,False,,,False,8,0
ga,static_frozen,19,1140.0,19.0,3,degrading,degrading,4 26 37 66,2053,2.409638554216868,0.4149999999999999,0.0,32.54220704861389,18.316666666666666,41,4,37,4.050974368416793,1.0127435921041983,88.87761124551591,60.0,1200.0,0.0,0.0,0.0,25.747750799986534,0.0,0.0,88.87761124551591,1200.0,103.83920813367763,1912.770601699822,,,,False,False,not_attempted,0,0,0,0,29,4,0.13793103448275862,164.82419620817743,967.0,False,,,False,8,0
ga,static_frozen,20,1200.0,20.0,4,disrupted,holding,4 26 37 66,2053,2.857142857142857,0.35,0.0,31.890711724713366,18.333333333333332,37,2,35,3.733465159458331,1.8667325797291654,92.61107640497424,60.0,1260.0,0.0,0.0,0.0,25.747750799986534,0.0,0.0,92.61107640497424,1260.0,107.90153986269813,1889.308900759658,,,,False,False,not_attempted,0,0,0,0,24,0,0.0,164.7308628748441,1016.0,False,,,False,8,0
ga,static_frozen,21,1260.0,21.0,4,disrupted,disrupted,4 26 37 66,2053,2.857142857142857,0.35,0.0,31.890711724713366,18.35,35,3,32,3.1858335378869094,1.0619445126289697,95.79690994286115,60.0,1320.0,0.0,0.0,0.0,25.747750799986534,0.0,0.0,95.79690994286115,1320.0,104.19606003561687,1889.308900759658,,,,False,False,not_attempted,0,0,0,0,40,1,0.025,164.5045583736142,1016.0,False,,,False,8,0
ga,static_frozen,22,1320.0,22.0,4,disrupted,disrupted,4 26 37 66,2053,2.857142857142857,0.35,0.0,31.890711724713366,18.366666666666667,32,3,29,3.8473915523701643,1.2824638507900548,99.64430149523132,60.0,1380.0,0.0,0.0,0.0,25.747750799986534,0.0,0.0,99.64430149523132,1380.0,99.68533948642674,1712.5155854642733,,,,False,False,not_attempted,0,0,0,0,34,0,0.0,163.57427283894324,1118.0,False,,,False,8,0
ga,static_frozen,23,1380.0,23.0,4,disrupted,disrupted,4 26 37 66,2053,2.857142857142857,0.35,0.0,31.890711724713366,18.383333333333333,29,3,26,2.652728359715446,0.8842427865718153,102.29702985494676,60.0,1440.0,0.0,0.0,0.0,25.747750799986534,0.0,0.0,102.29702985494676,1440.0,96.52294011332393,1712.5155854642733,,,,False,False,not_attempted,0,0,0,0,9,1,0.1111111111111111,162.58053023966528,1168.0,False,,,False,8,0
ga,static_frozen,24,1440.0,24.0,4,disrupted,disrupted,4 26 37 66,2053,2.857142857142857,0.35,0.0,31.890711724713366,18.4,26,4,22,4.267405681219533,1.0668514203048833,106.56443553616629,60.0,1500.0,0.0,0.0,0.0,25.747750799986534,0.0,0.0,106.56443553616629,1500.0,94.66023685238532,1709.9575079615572,,,,False,False,not_attempted,0,0,0,0,43,0,0.0,162.43050027475533,1236.0,False,,,False,8,0
ga,static_frozen,25,1500.0,25.0,5,disrupted,disrupted,4 26 37 66,2053,2.857142857142857,0.35,0.0,31.890711724713366,18.416666666666668,22,0,22,3.8782019333542745,3.8782019333542745,110.44263746952056,60.0,1560.0,0.0,0.0,0.0,25.747750799986534,0.0,0.0,110.44263746952056,1560.0,90.16384836161299,1573.2768984329398,,,,False,False,not_attempted,0,0,0,0,27,0,0.0,162.337166941422,1236.0,False,,,False,7,0
ga,static_frozen,26,1560.0,26.0,5,disrupted,disrupted,4 26 37 66,2053,2.857142857142857,0.35,0.0,31.890711724713366,18.433333333333334,22,4,18,3.4365275900595442,0.8591318975148861,113.8791650595801,60.0,1620.0,0.0,0.0,0.0,25.747750799986534,0.0,0.0,113.8791650595801,1620.0,86.3886963003262,1573.2768984329398,,,,False,False,not_attempted,0,0,0,0,25,3,0.12,161.17428127139786,1318.0,False,,,False,7,0
ga,static_frozen,27,1620.0,27.0,5,disrupted,disrupted,4 26 37 66,2053,2.857142857142857,0.35,0.0,31.890711724713366,18.45,18,3,15,3.4099215216945193,1.1366405072315064,117.28908658127462,60.0,1680.0,0.0,0.0,0.0,25.747750799986534,0.0,0.0,117.28908658127462,1680.0,82.77664707734426,1530.599437175306,,,,False,False,not_attempted,0,0,0,0,26,0,0.0,160.7146300391397,1318.0,False,,,False,5,0
ga,static_frozen,28,1680.0,28.0,5,disrupted,disrupted,4 26 37 66,2053,2.857142857142857,0.35,0.0,31.890711724713366,18.466666666666665,15,2,13,0.8214737524365774,0.4107368762182887,118.11056033371119,60.0,1740.0,0.0,0.0,0.0,25.747750799986534,0.0,0.0,118.11056033371119,1740.0,79.40843838455129,1402.255348162789,,,,False,False,not_attempted,0,0,0,0,4,0,0.0,160.62129670580637,1382.0,False,,,False,3,0
ga,static_frozen,29,1740.0,29.0,5,disrupted,disrupted,4 26 37 66,2053,2.857142857142857,0.35,0.0,31.890711724713366,18.483333333333334,13,4,9,1.1791671579874876,0.2947917894968719,119.28972749169868,60.0,1800.0,0.0,0.0,0.0,25.747750799986534,0.0,0.0,119.28972749169868,1800.0,79.03061701853773,1402.255348162789,,,,False,False,not_attempted,0,0,0,0,28,0,0.0,160.59774958444484,1468.0,False,,,False,3,0
ga,static_frozen,30,1800.0,30.0,6,recovering,recovering,4 26 37 66,2053,2.857142857142857,0.35,0.0,31.890711724713366,18.5,9,1,8,1.1933121850074022,1.1933121850074022,120.48303967670608,60.0,1860.0,0.0,0.0,0.0,25.747750799986534,0.0,0.0,120.48303967670608,1860.0,78.07656145145596,1351.6959337329588,,,,False,False,not_attempted,0,0,0,0,38,0,0.0,160.59774958444484,1468.0,False,,,False,3,0
ga,static_frozen,31,1860.0,31.0,6,recovering,recovering,4 26 37 66,2053,2.6595744680851063,0.376,0.04,32.17509521684179,18.516666666666666,8,0,8,5.694582867337883,5.694582867337883,126.17762254404397,60.0,1920.0,0.0,0.0,0.0,25.747750799986534,0.0,0.0,126.17762254404397,1920.0,74.08372946728413,1244.8448344854705,,,,False,False,not_attempted,0,0,0,0,18,13,0.7222222222222222,160.59774958444484,1468.0,False,,,False,3,0
ga,static_frozen,32,1920.0,32.0,6,recovering,recovering,4 26 37 66,2053,2.4875621890547266,0.40199999999999997,0.08,32.42685537164387,18.533333333333335,8,1,7,2.8053800282239325,2.8053800282239325,128.9830025722679,60.0,1980.0,0.0,0.0,0.0,25.747750799986534,0.0,0.0,128.9830025722679,1980.0,69.43914302938074,1069.940975470497,,,,False,False,not_attempted,0,0,0,0,15,3,0.2,160.53924604046205,1607.0,False,,,False,3,0
ga,static_frozen,33,1980.0,33.0,6,recovering,recovering,4 26 37 66,2053,2.336448598130841,0.428,0.12,32.65130129753112,18.55,7,1,6,2.791743432583339,2.791743432583339,131.77474600485124,60.0,2040.0,0.0,0.0,0.0,25.747750799986534,0.0,0.0,131.77474600485124,2040.0,64.30214449677192,1038.1591393867382,,,,False,False,not_attempted,0,0,0,0,10,10,1.0,160.4459127071287,1607.0,False,,,False,2,0
ga,static_frozen,34,2040.0,34.0,6,recovering,recovering,4 26 37 66,2053,2.2026431718061676,0.45399999999999996,0.16,32.852649376711604,18.566666666666666,6,1,5,1.8473833908839357,1.8473833908839357,133.6221293957352,60.0,2100.0,0.0,0.0,0.0,25.747750799986534,0.0,0.0,133.6221293957352,2100.0,59.68364140977024,971.8611924365999,,,,False,False,not_attempted,0,0,0,0,6,6,1.0,160.37078291834428,1635.0,False,,,False,2,0
ga,static_frozen,35,2100.0,35.0,7,recovering,recovering,4 26 37 66,2053,2.0833333333333335,0.48,0.2,33.03429063990616,18.583333333333332,5,1,4,1.196213703345068,1.196213703345068,134.81834309908027,60.0,2160.0,0.0,0.0,0.0,25.747750799986534,0.0,0.0,134.81834309908027,2160.0,56.0489026292175,725.2549855880379,,,,False,False,not_attempted,0,0,0,0,8,4,0.5,160.37078291834428,1725.0,False,,,False,2,0
ga,static_frozen,36,2160.0,36.0,7,recovering,recovering,4 26 37 66,2053,1.976284584980237,0.506,0.24,33.198983296359664,18.6,4,0,4,0.18666666666666665,0.18666666666666665,135.00500976574693,60.0,2220.0,0.0,0.0,0.0,25.747750799986534,0.0,0.0,135.00500976574693,2220.0,52.135340610627914,578.4083155936854,,,,False,False,not_attempted,0,0,0,0,0,0,0.0,160.37078291834428,1725.0,False,,,False,1,0
ga,static_frozen,37,2220.0,37.0,7,recovering,recovering,4 26 37 66,2053,1.8796992481203008,0.532,0.28,33.34899377229633,18.616666666666667,4,2,2,1.2337159788728422,0.6168579894364211,136.23872574461979,60.0,2280.0,0.0,0.0,0.0,25.747750799986534,0.0,0.0,136.23872574461979,2280.0,49.48098718975644,572.7614547099648,,,,False,False,not_attempted,0,0,0,0,6,6,1.0,160.37078291834428,1937.0,False,,,False,1,0
ga,static_frozen,38,2280.0,38.0,7,recovering,recovering,4 26 37 66,2053,1.7921146953405016,0.558,0.32,33.486201638691476,18.633333333333333,2,0,2,0.09333333333333332,0.09333333333333332,136.33205907795312,60.0,2340.0,0.0,0.0,0.0,25.747750799986534,0.0,0.0,136.33205907795312,2340.0,45.79902123919949,567.6408245896018,,,,False,False,not_attempted,0,0,0,0,0,0,0.0,160.37078291834428,1937.0,False,,,False,1,0
ga,static_frozen,39,2340.0,39.0,7,recovering,recovering,4 26 37 66,2053,1.7123287671232879,0.584,0.36,33.61217877341451,18.65,2,1,1,0.09524107077070904,0.09524107077070904,136.42730014872382,60.0,2400.0,0.0,0.0,0.0,25.747750799986534,0.0,0.0,136.42730014872382,2400.0,43.68936136649807,562.9761409868054,,,,False,False,not_attempted,0,0,0,0,1,1,1.0,160.37078291834428,1937.0,False,,,False,1,0
ga,static_frozen,40,2400.0,40.0,8,recovering,recovering,4 26 37 66,2053,1.639344262295082,0.61,0.4,33.72824984891458,18.666666666666668,1,0,1,2.3403255835969157,2.3403255835969157,138.76762573232074,60.0,2460.0,0.0,0.0,0.0,25.747750799986534,0.0,0.0,138.76762573232074,2460.0,41.60292314375387,558.7091025435916,,,,False,False,not_attempted,0,0,0,0,15,15,1.0,159.00295432929855,1937.0,False,,,False,1,0
ga,static_frozen,41,2460.0,41.0,8,recovering,recovering,4 26 37 66,2053,1.572327044025157,0.636,0.44,33.83553909057353,18.683333333333334,1,0,1,1.721653594656423,1.721653594656423,140.48927932697717,60.0,2520.0,0.0,0.0,0.0,25.747750799986534,0.0,0.0,140.48927932697717,2520.0,38.36225170267704,554.7909414573701,,,,False,False,not_attempted,0,0,0,0,13,13,1.0,157.2813007346421,1937.0,False,,,False,1,0
ga,static_frozen,42,2520.0,42.0,8,recovering,recovering,4 26 37 66,2053,1.5105740181268883,0.6619999999999999,0.48,33.93500680882702,18.7,1,0,1,1.5379817855553037,1.5379817855553037,142.02726111253247,60.0,2580.0,0.0,0.0,0.0,25.747750799986534,0.0,0.0,142.02726111253247,2580.0,35.69431635361827,551.1805513326041,,,,False,False,not_attempted,0,0,0,0,6,6,1.0,155.7433189490868,1937.0,False,,,False,1,0
ga,static_frozen,43,2580.0,43.0,8,recovering,recovering,4 26 37 66,2053,1.4534883720930234,0.688,0.52,34.0274782225581,18.716666666666665,1,0,1,0.5899253246210073,0.5899253246210073,142.6171864371535,60.0,2640.0,0.0,0.0,0.0,25.747750799986534,0.0,0.0,142.6171864371535,2640.0,32.65313753474225,547.8430395312216,,,,False,False,not_attempted,0,0,0,0,2,2,1.0,155.1533936244658,1937.0,False,,,False,1,0
ga,static_frozen,44,2640.0,44.0,8,recovering,recovering,4 26 37 66,2053,1.400560224089636,0.714,0.56,34.113666407032305,18.733333333333334,1,0,1,0.09333333333333332,0.09333333333333332,142.71051977048683,60.0,2700.0,0.0,0.0,0.0,25.747750799986534,0.0,0.0,142.71051977048683,2700.0,30.65814463613954,544.7485958162142,,,,False,False,not_attempted,0,0,0,0,0,0,0.0,155.06006029113246,1937.0,False,,,False,0,0
ga,static_frozen,45,2700.0,45.0,9,recovering,recovering,4 26 37 66,2053,1.3513513513513513,0.74,0.6,34.194190717748114,18.75,1,1,0,26.33282989836408,26.33282989836408,169.0433496688509,532.5834080732391,3232.583408073239,0.0,0.0,0.0,25.747750799986534,0.0,0.0,169.0433496688509,3232.583408073239,29.391752496204838,541.8715994973966,,,,False,False,not_attempted,0,0,0,0,358,130,0.36312849162011174,153.24914344512445,1937.0,True,,,False,0,0
